date,all_factors,price_momentum,ret60,risk_penalty,ret5,without_ret60,without_consistency60,without_ret5,equal_weight,benchmark
2021-12-13,1.0000000000,1.0000000000,1.0000000000,1.0000000000,1.0000000000,1.0000000000,1.0000000000,1.0000000000,1.0000000000,1.0000000000
2021-12-14,1.0000000000,1.0000000000,1.0000000000,1.0000000000,1.0000000000,1.0000000000,1.0000000000,1.0000000000,0.9954078109,0.9932924191
2021-12-15,1.0000000000,1.0000000000,1.0000000000,1.0000000000,1.0000000000,1.0000000000,1.0000000000,1.0000000000,0.9940787395,0.9846768166
2021-12-16,1.0000000000,1.0000000000,1.0000000000,1.0000000000,1.0000000000,1.0000000000,1.0000000000,1.0000000000,1.0042441620,0.9903477714
2021-12-17,1.0000000000,1.0000000000,1.0000000000,1.0000000000,1.0000000000,1.0000000000,1.0000000000,1.0000000000,0.9943271382,0.9746174122
2021-12-20,1.0000000000,1.0000000000,1.0000000000,1.0000000000,1.0000000000,1.0000000000,1.0000000000,1.0000000000,0.9811179554,0.9599944923
2021-12-21,1.0000000000,1.0000000000,1.0000000000,1.0000000000,1.0000000000,1.0000000000,1.0000000000,1.0000000000,0.9949953196,0.9664994689
2021-12-22,1.0000000000,1.0000000000,1.0000000000,1.0000000000,1.0000000000,1.0000000000,1.0000000000,1.0000000000,0.9972909842,0.9666883040
2021-12-23,1.0000000000,1.0000000000,1.0000000000,1.0000000000,1.0000000000,1.0000000000,1.0000000000,1.0000000000,0.9986314962,0.9734332586
2021-12-24,1.0000000000,1.0000000000,1.0000000000,1.0000000000,1.0000000000,1.0000000000,1.0000000000,1.0000000000,0.9881045494,0.9680435894
2021-12-27,1.0000000000,1.0000000000,1.0000000000,1.0000000000,1.0000000000,1.0000000000,1.0000000000,1.0000000000,0.9902205582,0.9676462489
2021-12-28,1.0000000000,1.0000000000,1.0000000000,1.0000000000,1.0000000000,1.0000000000,1.0000000000,1.0000000000,0.9944623309,0.9748534561
2021-12-29,1.0000000000,1.0000000000,1.0000000000,1.0000000000,1.0000000000,1.0000000000,1.0000000000,1.0000000000,0.9888371426,0.9605964043
2021-12-30,1.0000000000,1.0000000000,1.0000000000,1.0000000000,1.0000000000,1.0000000000,1.0000000000,1.0000000000,0.9963101665,0.9680770290
2021-12-31,1.0000000000,1.0000000000,1.0000000000,1.0000000000,1.0000000000,1.0000000000,1.0000000000,1.0000000000,1.0028824953,0.9717868524
2022-01-04,1.0000000000,1.0000000000,1.0000000000,1.0000000000,1.0000000000,1.0000000000,1.0000000000,1.0000000000,1.0086308634,0.9673413588
2022-01-05,1.0000000000,1.0000000000,1.0000000000,1.0000000000,1.0000000000,1.0000000000,1.0000000000,1.0000000000,0.9975294115,0.9575750423
2022-01-06,1.0000000000,1.0000000000,1.0000000000,1.0000000000,1.0000000000,1.0000000000,1.0000000000,1.0000000000,0.9982121335,0.9477615170
2022-01-07,1.0000000000,1.0000000000,1.0000000000,1.0000000000,1.0000000000,1.0000000000,1.0000000000,1.0000000000,0.9915944502,0.9485758684
2022-01-10,1.0000000000,1.0000000000,1.0000000000,1.0000000000,1.0000000000,1.0000000000,1.0000000000,1.0000000000,0.9974185071,0.9528384279
2022-01-11,1.0000000000,1.0000000000,1.0000000000,1.0000000000,1.0000000000,1.0000000000,1.0000000000,1.0000000000,0.9883696155,0.9437369684
2022-01-12,1.0000000000,1.0000000000,1.0000000000,1.0000000000,1.0000000000,1.0000000000,1.0000000000,1.0000000000,0.9971330704,0.9531413510
2022-01-13,1.0000000000,1.0000000000,1.0000000000,1.0000000000,1.0000000000,1.0000000000,1.0000000000,1.0000000000,0.9837862005,0.9374719698
2022-01-14,1.0000000000,1.0000000000,1.0000000000,1.0000000000,1.0000000000,1.0000000000,1.0000000000,1.0000000000,0.9750879564,0.9297631693
2022-01-17,1.0000000000,1.0000000000,1.0000000000,1.0000000000,1.0000000000,1.0000000000,1.0000000000,1.0000000000,0.9849388433,0.9377394862
2022-01-18,1.0000000000,1.0000000000,1.0000000000,1.0000000000,1.0000000000,1.0000000000,1.0000000000,1.0000000000,0.9867265668,0.9468016051
2022-01-19,1.0000000000,1.0000000000,1.0000000000,1.0000000000,1.0000000000,1.0000000000,1.0000000000,1.0000000000,0.9846745546,0.9403162988
2022-01-20,1.0000000000,1.0000000000,1.0000000000,1.0000000000,1.0000000000,1.0000000000,1.0000000000,1.0000000000,0.9769279485,0.9488001102
2022-01-21,1.0000000000,1.0000000000,1.0000000000,1.0000000000,1.0000000000,1.0000000000,1.0000000000,1.0000000000,0.9664382663,0.9401058264
2022-01-24,1.0000000000,1.0000000000,1.0000000000,1.0000000000,1.0000000000,1.0000000000,1.0000000000,1.0000000000,0.9670495406,0.9415673315
2022-01-25,1.0000000000,1.0000000000,1.0000000000,1.0000000000,1.0000000000,1.0000000000,1.0000000000,1.0000000000,0.9351999839,0.9202663362
2022-01-26,1.0000000000,1.0000000000,1.0000000000,1.0000000000,1.0000000000,1.0000000000,1.0000000000,1.0000000000,0.9410170992,0.9269267084
2022-01-27,1.0000000000,1.0000000000,1.0000000000,1.0000000000,1.0000000000,1.0000000000,1.0000000000,1.0000000000,0.9186589007,0.9087454266
2022-01-28,1.0000000000,1.0000000000,1.0000000000,1.0000000000,1.0000000000,1.0000000000,1.0000000000,1.0000000000,0.9183846936,0.8977084071
2022-02-07,1.0000000000,1.0000000000,1.0000000000,1.0000000000,1.0000000000,1.0000000000,1.0000000000,1.0000000000,0.9350338433,0.9115405799
2022-02-08,1.0000000000,1.0000000000,1.0000000000,1.0000000000,1.0000000000,1.0000000000,1.0000000000,1.0000000000,0.9451069282,0.9065600535
2022-02-09,1.0000000000,1.0000000000,1.0000000000,1.0000000000,1.0000000000,1.0000000000,1.0000000000,1.0000000000,0.9570239845,0.9150753373
2022-02-10,1.0000000000,1.0000000000,1.0000000000,1.0000000000,1.0000000000,1.0000000000,1.0000000000,1.0000000000,0.9587187938,0.9126755577
2022-02-11,1.0000000000,1.0000000000,1.0000000000,1.0000000000,1.0000000000,1.0000000000,1.0000000000,1.0000000000,0.9480777023,0.9051103505
2022-02-14,1.0000000000,1.0000000000,1.0000000000,1.0000000000,1.0000000000,1.0000000000,1.0000000000,1.0000000000,0.9410679948,0.8953322318
2022-02-15,1.0000000000,1.0000000000,1.0000000000,1.0000000000,1.0000000000,1.0000000000,1.0000000000,1.0000000000,0.9453901850,0.9048546363
2022-02-16,1.0000000000,1.0000000000,1.0000000000,1.0000000000,1.0000000000,1.0000000000,1.0000000000,1.0000000000,0.9532056518,0.9083736575
2022-02-17,1.0000000000,1.0000000000,1.0000000000,1.0000000000,1.0000000000,1.0000000000,1.0000000000,1.0000000000,0.9529759936,0.9105727999
2022-02-18,1.0000000000,1.0000000000,1.0000000000,1.0000000000,1.0000000000,1.0000000000,1.0000000000,1.0000000000,0.9613142958,0.9149140407
2022-02-21,1.0000000000,1.0000000000,1.0000000000,1.0000000000,1.0000000000,1.0000000000,1.0000000000,1.0000000000,0.9670453904,0.9115838546
2022-02-22,1.0000000000,1.0000000000,1.0000000000,1.0000000000,1.0000000000,1.0000000000,1.0000000000,1.0000000000,0.9554381996,0.8997501869
2022-02-23,1.0000000000,1.0000000000,1.0000000000,1.0000000000,1.0000000000,1.0000000000,1.0000000000,1.0000000000,0.9649246089,0.9093689760
2022-02-24,1.0000000000,1.0000000000,1.0000000000,1.0000000000,1.0000000000,1.0000000000,1.0000000000,1.0000000000,0.9434111565,0.8909319800
2022-02-25,1.0000000000,1.0000000000,1.0000000000,1.0000000000,1.0000000000,1.0000000000,1.0000000000,1.0000000000,0.9505378584,0.8996065935
2022-02-28,1.0000000000,1.0000000000,1.0000000000,1.0000000000,1.0000000000,1.0000000000,1.0000000000,1.0000000000,0.9527518156,0.9012254613
2022-03-01,1.0000000000,1.0000000000,1.0000000000,1.0000000000,1.0000000000,1.0000000000,1.0000000000,1.0000000000,0.9600453783,0.9087080530
2022-03-02,1.0000000000,1.0000000000,1.0000000000,1.0000000000,1.0000000000,1.0000000000,1.0000000000,1.0000000000,0.9583600882,0.9006255163
2022-03-04,1.0000000000,1.0000000000,1.0000000000,1.0000000000,1.0000000000,1.0000000000,1.0000000000,1.0000000000,0.9469759814,0.8844624100
2022-03-07,1.0000000000,1.0000000000,1.0000000000,1.0000000000,1.0000000000,1.0000000000,1.0000000000,1.0000000000,0.9273500124,0.8562059876
2022-03-08,1.0000000000,1.0000000000,1.0000000000,1.0000000000,1.0000000000,1.0000000000,1.0000000000,1.0000000000,0.8998391254,0.8390160903
2022-03-09,1.0000000000,1.0000000000,1.0000000000,1.0000000000,1.0000000000,1.0000000000,1.0000000000,1.0000000000,0.8888587966,0.8313367953
2022-03-10,1.0000000000,1.0000000000,1.0000000000,1.0000000000,1.0000000000,1.0000000000,1.0000000000,1.0000000000,0.9021121701,0.8444155946
2022-03-11,1.0000000000,1.0000000000,1.0000000000,1.0000000000,1.0000000000,1.0000000000,1.0000000000,1.0000000000,0.9051883632,0.8471064951
2022-03-14,1.0000000000,1.0000000000,1.0000000000,1.0000000000,1.0000000000,1.0000000000,1.0000000000,1.0000000000,0.8782877289,0.8211888745
2022-03-15,1.0000000000,1.0000000000,1.0000000000,1.0000000000,1.0000000000,1.0000000000,1.0000000000,1.0000000000,0.8319701930,0.7836283882
2022-03-16,1.0000000000,1.0000000000,1.0000000000,1.0000000000,1.0000000000,1.0000000000,1.0000000000,1.0000000000,0.8614050567,0.8175144577
2022-03-17,1.0000000000,1.0000000000,1.0000000000,1.0000000000,1.0000000000,1.0000000000,1.0000000000,1.0000000000,0.8782574053,0.8335693772
2022-03-18,1.0000000000,1.0000000000,1.0000000000,1.0000000000,1.0000000000,1.0000000000,1.0000000000,1.0000000000,0.8894070746,0.8391164090
2022-03-21,1.0000000000,1.0000000000,1.0000000000,1.0000000000,1.0000000000,1.0000000000,1.0000000000,1.0000000000,0.8941853258,0.8377099807
2022-03-22,1.0000000000,1.0000000000,1.0000000000,1.0000000000,1.0000000000,1.0000000000,1.0000000000,1.0000000000,0.8961038767,0.8370293875
2022-03-24,1.0000000000,1.0000000000,1.0000000000,1.0000000000,1.0000000000,1.0000000000,1.0000000000,1.0000000000,0.8913004370,0.8362465085
2022-03-25,1.0000000000,1.0000000000,1.0000000000,1.0000000000,1.0000000000,1.0000000000,1.0000000000,1.0000000000,0.8832936560,0.8211515008
2022-03-28,1.0000000000,1.0000000000,1.0000000000,1.0000000000,1.0000000000,1.0000000000,1.0000000000,1.0000000000,0.8819803914,0.8160175459
2022-03-29,1.0000000000,1.0000000000,1.0000000000,1.0000000000,1.0000000000,1.0000000000,1.0000000000,1.0000000000,0.8773267222,0.8131987883
2022-03-30,1.0000000000,1.0000000000,1.0000000000,1.0000000000,1.0000000000,1.0000000000,1.0000000000,1.0000000000,0.8956248137,0.8367953106
2022-04-01,1.0000000000,1.0000000000,1.0000000000,1.0000000000,1.0000000000,1.0000000000,1.0000000000,1.0000000000,0.8991790838,0.8411345844
2022-04-06,1.0000000000,1.0000000000,1.0000000000,1.0000000000,1.0000000000,1.0000000000,1.0000000000,1.0000000000,0.9035307345,0.8387112003
2022-04-07,1.0000000000,1.0000000000,1.0000000000,1.0000000000,1.0000000000,1.0000000000,1.0000000000,1.0000000000,0.8874241916,0.8279436642
2022-04-08,1.0000000000,1.0000000000,1.0000000000,1.0000000000,1.0000000000,1.0000000000,1.0000000000,1.0000000000,0.8884023583,0.8322062237
2022-04-11,1.0000000000,1.0000000000,1.0000000000,1.0000000000,1.0000000000,1.0000000000,1.0000000000,1.0000000000,0.8633521796,0.8064971085
2022-04-12,1.0000000000,1.0000000000,1.0000000000,1.0000000000,1.0000000000,1.0000000000,1.0000000000,1.0000000000,0.8790082649,0.8222136984
2022-04-13,1.0000000000,1.0000000000,1.0000000000,1.0000000000,1.0000000000,1.0000000000,1.0000000000,1.0000000000,0.8671117282,0.8143003265
2022-04-15,1.0000000000,1.0000000000,1.0000000000,1.0000000000,1.0000000000,1.0000000000,1.0000000000,1.0000000000,0.8690451921,0.8239407530
2022-04-18,1.0000000000,1.0000000000,1.0000000000,1.0000000000,1.0000000000,1.0000000000,1.0000000000,1.0000000000,0.8682063492,0.8195405012
2022-04-19,1.0000000000,1.0000000000,1.0000000000,1.0000000000,1.0000000000,1.0000000000,1.0000000000,1.0000000000,0.8701019869,0.8133482828
2022-04-20,1.0000000000,1.0000000000,1.0000000000,1.0000000000,1.0000000000,1.0000000000,1.0000000000,1.0000000000,0.8571781280,0.8007376372
2022-04-21,1.0000000000,1.0000000000,1.0000000000,1.0000000000,1.0000000000,1.0000000000,1.0000000000,1.0000000000,0.8309753152,0.7859927613
2022-04-22,1.0000000000,1.0000000000,1.0000000000,1.0000000000,1.0000000000,1.0000000000,1.0000000000,1.0000000000,0.8310058791,0.7894193320
2022-04-25,1.0000000000,1.0000000000,1.0000000000,1.0000000000,1.0000000000,1.0000000000,1.0000000000,1.0000000000,0.7804721008,0.7504052087
2022-04-26,1.0000000000,1.0000000000,1.0000000000,1.0000000000,1.0000000000,1.0000000000,1.0000000000,1.0000000000,0.7647928663,0.7443487155
2022-04-27,1.0000000000,1.0000000000,1.0000000000,1.0000000000,1.0000000000,1.0000000000,1.0000000000,1.0000000000,0.7893658142,0.7662653920
2022-04-28,1.0000000000,1.0000000000,1.0000000000,1.0000000000,1.0000000000,1.0000000000,1.0000000000,1.0000000000,0.7875759188,0.7712950942
2022-04-29,1.0000000000,1.0000000000,1.0000000000,1.0000000000,1.0000000000,1.0000000000,1.0000000000,1.0000000000,0.8139786582,0.7900074747
2022-05-06,1.0000000000,1.0000000000,1.0000000000,1.0000000000,1.0000000000,1.0000000000,1.0000000000,1.0000000000,0.8038883682,0.7688776112
2022-05-10,1.0000000000,1.0000000000,1.0000000000,1.0000000000,1.0000000000,1.0000000000,1.0000000000,1.0000000000,0.8169309863,0.7710511822
2022-05-11,1.0000000000,1.0000000000,1.0000000000,1.0000000000,1.0000000000,1.0000000000,1.0000000000,1.0000000000,0.8223092469,0.7821747512
2022-05-12,1.0000000000,1.0000000000,1.0000000000,1.0000000000,1.0000000000,1.0000000000,1.0000000000,1.0000000000,0.8223052884,0.7786970376
2022-05-13,1.0000000000,1.0000000000,1.0000000000,1.0000000000,1.0000000000,1.0000000000,1.0000000000,1.0000000000,0.8284440181,0.7845705968
2022-05-16,1.0000000000,1.0000000000,1.0000000000,1.0000000000,1.0000000000,1.0000000000,1.0000000000,1.0000000000,0.8305084880,0.7782642905
2022-05-17,1.0000000000,1.0000000000,1.0000000000,1.0000000000,1.0000000000,1.0000000000,1.0000000000,1.0000000000,0.8340249914,0.7879715961
2022-05-18,1.0000000000,1.0000000000,1.0000000000,1.0000000000,1.0000000000,1.0000000000,1.0000000000,1.0000000000,0.8334385263,0.7852216846
2022-05-19,1.0000000000,1.0000000000,1.0000000000,1.0000000000,1.0000000000,1.0000000000,1.0000000000,1.0000000000,0.8366119994,0.7867343326
2022-05-20,1.0000000000,1.0000000000,1.0000000000,1.0000000000,1.0000000000,1.0000000000,1.0000000000,1.0000000000,0.8505041461,0.8020771864
2022-05-23,1.0000000000,1.0000000000,1.0000000000,1.0000000000,1.0000000000,1.0000000000,1.0000000000,1.0000000000,0.8538632478,0.7974310555
2022-05-24,1.0000000000,1.0000000000,1.0000000000,1.0000000000,1.0000000000,1.0000000000,1.0000000000,1.0000000000,0.8260445785,0.7787776860
2022-05-25,1.0000000000,1.0000000000,1.0000000000,1.0000000000,1.0000000000,1.0000000000,1.0000000000,1.0000000000,0.8379265681,0.7835044652
2022-05-26,1.0000000000,1.0000000000,1.0000000000,1.0000000000,1.0000000000,1.0000000000,1.0000000000,1.0000000000,0.8449497937,0.7854439592
2022-05-27,1.0000000000,1.0000000000,1.0000000000,1.0000000000,1.0000000000,1.0000000000,1.0000000000,1.0000000000,0.8459575169,0.7870687281
2022-05-30,1.0000000000,1.0000000000,1.0000000000,1.0000000000,1.0000000000,1.0000000000,1.0000000000,1.0000000000,0.8530336674,0.7925213423
2022-05-31,1.0000000000,1.0000000000,1.0000000000,1.0000000000,1.0000000000,1.0000000000,1.0000000000,1.0000000000,0.8626479444,0.8048152956
2022-06-01,1.0000000000,1.0000000000,1.0000000000,1.0000000000,1.0000000000,1.0000000000,1.0000000000,1.0000000000,0.8631038867,0.8031747905
2022-06-02,1.0000000000,1.0000000000,1.0000000000,1.0000000000,1.0000000000,1.0000000000,1.0000000000,1.0000000000,0.8642042005,0.8044317243
2022-06-06,1.0000000000,1.0000000000,1.0000000000,1.0000000000,1.0000000000,1.0000000000,1.0000000000,1.0000000000,0.8772457162,0.8194834573
2022-06-07,1.0000000000,1.0000000000,1.0000000000,1.0000000000,1.0000000000,1.0000000000,1.0000000000,1.0000000000,0.8774671382,0.8220484677
2022-06-08,1.0000000000,1.0000000000,1.0000000000,1.0000000000,1.0000000000,1.0000000000,1.0000000000,1.0000000000,0.8825800826,0.8300503560
2022-06-09,1.0000000000,1.0000000000,1.0000000000,1.0000000000,1.0000000000,1.0000000000,1.0000000000,1.0000000000,0.8720374101,0.8213678744
2022-06-10,1.0000000000,1.0000000000,1.0000000000,1.0000000000,1.0000000000,1.0000000000,1.0000000000,1.0000000000,0.8844395604,0.8338231244
2022-06-13,1.0000000000,1.0000000000,1.0000000000,1.0000000000,1.0000000000,1.0000000000,1.0000000000,1.0000000000,0.8808097568,0.8240587749
2022-06-14,1.0000000000,1.0000000000,1.0000000000,1.0000000000,1.0000000000,1.0000000000,1.0000000000,1.0000000000,0.8864390550,0.8305421142
2022-06-15,1.0000000000,1.0000000000,1.0000000000,1.0000000000,1.0000000000,1.0000000000,1.0000000000,1.0000000000,0.8891282234,0.8415397931
2022-06-16,1.0000000000,1.0000000000,1.0000000000,1.0000000000,1.0000000000,1.0000000000,1.0000000000,1.0000000000,0.8887657461,0.8360006295
2022-06-17,1.0000000000,1.0000000000,1.0000000000,1.0000000000,1.0000000000,1.0000000000,1.0000000000,1.0000000000,0.8940299417,0.8476021873
2022-06-20,1.0000000000,1.0000000000,1.0000000000,1.0000000000,1.0000000000,1.0000000000,1.0000000000,1.0000000000,0.8998006044,0.8518096699
2022-06-21,1.0000000000,1.0000000000,1.0000000000,1.0000000000,1.0000000000,1.0000000000,1.0000000000,1.0000000000,0.8965707445,0.8508536921
2022-06-22,1.0000000000,1.0000000000,1.0000000000,1.0000000000,1.0000000000,1.0000000000,1.0000000000,1.0000000000,0.8835610099,0.8400448483
2022-06-23,1.0000000000,1.0000000000,1.0000000000,1.0000000000,1.0000000000,1.0000000000,1.0000000000,1.0000000000,0.8985962987,0.8544553287
2022-06-24,1.0000000000,1.0000000000,1.0000000000,1.0000000000,1.0000000000,1.0000000000,1.0000000000,1.0000000000,0.9073721870,0.8644655573
2022-06-27,1.0000000000,1.0000000000,1.0000000000,1.0000000000,1.0000000000,1.0000000000,1.0000000000,1.0000000000,0.9179558167,0.8742004013
2022-06-28,1.0000000000,1.0000000000,1.0000000000,1.0000000000,1.0000000000,1.0000000000,1.0000000000,1.0000000000,0.9283136492,0.8832998938
2022-06-29,1.0000000000,1.0000000000,1.0000000000,1.0000000000,1.0000000000,1.0000000000,1.0000000000,1.0000000000,0.9140149633,0.8696958968
2022-06-30,1.0000000000,1.0000000000,1.0000000000,1.0000000000,1.0000000000,1.0000000000,1.0000000000,1.0000000000,0.9246808064,0.8822160589
2022-07-01,1.0000000000,1.0000000000,1.0000000000,1.0000000000,1.0000000000,1.0000000000,1.0000000000,1.0000000000,0.9222930626,0.8786183563
2022-07-04,1.0000000000,1.0000000000,1.0000000000,1.0000000000,1.0000000000,1.0000000000,1.0000000000,1.0000000000,0.9298187170,0.8843837287
2022-07-05,1.0000000000,1.0000000000,1.0000000000,1.0000000000,1.0000000000,1.0000000000,1.0000000000,1.0000000000,0.9265882879,0.8831071246
2022-07-06,1.0000000000,1.0000000000,1.0000000000,1.0000000000,1.0000000000,1.0000000000,1.0000000000,1.0000000000,0.9120441486,0.8702092923
2022-07-07,1.0000000000,1.0000000000,1.0000000000,1.0000000000,1.0000000000,1.0000000000,1.0000000000,1.0000000000,0.9167201122,0.8740450057
2022-07-08,1.0000000000,1.0000000000,1.0000000000,1.0000000000,1.0000000000,1.0000000000,1.0000000000,1.0000000000,0.9144840952,0.8711554349
2022-07-11,1.0000000000,1.0000000000,1.0000000000,1.0000000000,1.0000000000,1.0000000000,1.0000000000,1.0000000000,0.9028029584,0.8565679216
2022-07-12,1.0000000000,1.0000000000,1.0000000000,1.0000000000,1.0000000000,1.0000000000,1.0000000000,1.0000000000,0.8946260426,0.8485030882
2022-07-13,1.0000000000,1.0000000000,1.0000000000,1.0000000000,1.0000000000,1.0000000000,1.0000000000,1.0000000000,0.9000653862,0.8500452417
2022-07-14,1.0000000000,1.0000000000,1.0000000000,1.0000000000,1.0000000000,1.0000000000,1.0000000000,1.0000000000,0.9005798300,0.8501652307
2022-07-15,1.0000000000,1.0000000000,1.0000000000,1.0000000000,1.0000000000,1.0000000000,1.0000000000,1.0000000000,0.8845031780,0.8356996735
2022-07-18,1.0000000000,1.0000000000,1.0000000000,1.0000000000,1.0000000000,1.0000000000,1.0000000000,1.0000000000,0.9012128256,0.8443664188
2022-07-19,1.0000000000,1.0000000000,1.0000000000,1.0000000000,1.0000000000,1.0000000000,1.0000000000,1.0000000000,0.9043320117,0.8397930682
2022-07-20,1.0000000000,1.0000000000,1.0000000000,1.0000000000,1.0000000000,1.0000000000,1.0000000000,1.0000000000,0.9116794640,0.8426373972
2022-07-21,1.0000000000,1.0000000000,1.0000000000,1.0000000000,1.0000000000,1.0000000000,1.0000000000,1.0000000000,0.9029487339,0.8332467839
2022-07-22,1.0000000000,1.0000000000,1.0000000000,1.0000000000,1.0000000000,1.0000000000,1.0000000000,1.0000000000,0.9007338706,0.8336736300
2022-07-25,1.0000000000,1.0000000000,1.0000000000,1.0000000000,1.0000000000,1.0000000000,1.0000000000,1.0000000000,0.8946124714,0.8286399937
2022-07-26,1.0000000000,1.0000000000,1.0000000000,1.0000000000,1.0000000000,1.0000000000,1.0000000000,1.0000000000,0.9053062233,0.8351980802
2022-07-27,1.0000000000,1.0000000000,1.0000000000,1.0000000000,1.0000000000,1.0000000000,1.0000000000,1.0000000000,0.9063817781,0.8310791140
2022-07-28,1.0000000000,1.0000000000,1.0000000000,1.0000000000,1.0000000000,1.0000000000,1.0000000000,1.0000000000,0.9089230951,0.8312030371
2022-07-29,1.0000000000,1.0000000000,1.0000000000,1.0000000000,1.0000000000,1.0000000000,1.0000000000,1.0000000000,0.9002977286,0.8202722373
2022-08-01,1.0000000000,1.0000000000,1.0000000000,1.0000000000,1.0000000000,1.0000000000,1.0000000000,1.0000000000,0.9029854986,0.8239269838
2022-08-02,1.0000000000,1.0000000000,1.0000000000,1.0000000000,1.0000000000,1.0000000000,1.0000000000,1.0000000000,0.8763212970,0.8078641961
2022-08-03,1.0000000000,1.0000000000,1.0000000000,1.0000000000,1.0000000000,1.0000000000,1.0000000000,1.0000000000,0.8682083903,0.7999881978
2022-08-04,1.0000000000,1.0000000000,1.0000000000,1.0000000000,1.0000000000,1.0000000000,1.0000000000,1.0000000000,0.8745730717,0.8067862622
2022-08-05,1.0000000000,1.0000000000,1.0000000000,1.0000000000,1.0000000000,1.0000000000,1.0000000000,1.0000000000,0.8846091749,0.8176777214
2022-08-08,1.0000000000,1.0000000000,1.0000000000,1.0000000000,1.0000000000,1.0000000000,1.0000000000,1.0000000000,0.8903552283,0.8159388646
2022-08-09,1.0000000000,1.0000000000,1.0000000000,1.0000000000,1.0000000000,1.0000000000,1.0000000000,1.0000000000,0.8930131657,0.8175557654
2022-08-10,1.0000000000,1.0000000000,1.0000000000,1.0000000000,1.0000000000,1.0000000000,1.0000000000,1.0000000000,0.8898115491,0.8083992289
2022-08-11,1.0000000000,1.0000000000,1.0000000000,1.0000000000,1.0000000000,1.0000000000,1.0000000000,1.0000000000,0.9035098369,0.8248829616
2022-08-12,1.0000000000,1.0000000000,1.0000000000,1.0000000000,1.0000000000,1.0000000000,1.0000000000,1.0000000000,0.9043943454,0.8244128408
2022-08-15,1.0000000000,1.0000000000,1.0000000000,1.0000000000,1.0000000000,1.0000000000,1.0000000000,1.0000000000,0.9056919193,0.8233368740
2022-08-16,1.0000000000,1.0000000000,1.0000000000,1.0000000000,1.0000000000,1.0000000000,1.0000000000,1.0000000000,0.9086783928,0.8217947205
2022-08-17,1.0000000000,1.0000000000,1.0000000000,1.0000000000,1.0000000000,1.0000000000,1.0000000000,1.0000000000,0.9133395596,0.8294897518
2022-08-18,1.0000000000,1.0000000000,1.0000000000,1.0000000000,1.0000000000,1.0000000000,1.0000000000,1.0000000000,0.9072117457,0.8222392698
2022-08-19,1.0000000000,1.0000000000,1.0000000000,1.0000000000,1.0000000000,1.0000000000,1.0000000000,1.0000000000,0.9034858539,0.8165289744
2022-08-22,1.0000000000,1.0000000000,1.0000000000,1.0000000000,1.0000000000,1.0000000000,1.0000000000,1.0000000000,0.9121578273,0.8224949841
2022-08-23,1.0000000000,1.0000000000,1.0000000000,1.0000000000,1.0000000000,1.0000000000,1.0000000000,1.0000000000,0.9117453470,0.8184979740
2022-08-24,1.0000000000,1.0000000000,1.0000000000,1.0000000000,1.0000000000,1.0000000000,1.0000000000,1.0000000000,0.8914200417,0.8030252960
2022-08-25,1.0000000000,1.0000000000,1.0000000000,1.0000000000,1.0000000000,1.0000000000,1.0000000000,1.0000000000,0.8972376246,0.8096778001
2022-08-26,1.0000000000,1.0000000000,1.0000000000,1.0000000000,1.0000000000,1.0000000000,1.0000000000,1.0000000000,0.8941232090,0.8079684488
2022-08-29,1.0000000000,1.0000000000,1.0000000000,1.0000000000,1.0000000000,1.0000000000,1.0000000000,1.0000000000,0.8968141795,0.8044218891
2022-08-30,1.0000000000,1.0000000000,1.0000000000,1.0000000000,1.0000000000,1.0000000000,1.0000000000,1.0000000000,0.8939685796,0.8017211535
2022-08-31,1.0000000000,1.0000000000,1.0000000000,1.0000000000,1.0000000000,1.0000000000,1.0000000000,1.0000000000,0.8811934387,0.8023210984
2022-09-01,1.0000000000,1.0000000000,1.0000000000,1.0000000000,1.0000000000,1.0000000000,1.0000000000,1.0000000000,0.8768099808,0.7954168142
2022-09-02,1.0000000000,1.0000000000,1.0000000000,1.0000000000,1.0000000000,1.0000000000,1.0000000000,1.0000000000,0.8799358000,0.7914571777
2022-09-05,1.0000000000,1.0000000000,1.0000000000,1.0000000000,1.0000000000,1.0000000000,1.0000000000,1.0000000000,0.8834020225,0.7898481451
2022-09-06,1.0000000000,1.0000000000,1.0000000000,1.0000000000,1.0000000000,1.0000000000,1.0000000000,1.0000000000,0.8944658211,0.7970966600
2022-09-07,1.0000000000,1.0000000000,1.0000000000,1.0000000000,1.0000000000,1.0000000000,1.0000000000,1.0000000000,0.8949620743,0.7976277588
2022-09-08,1.0000000000,1.0000000000,1.0000000000,1.0000000000,1.0000000000,1.0000000000,1.0000000000,1.0000000000,0.8909914602,0.7942247925
2022-09-09,1.0000000000,1.0000000000,1.0000000000,1.0000000000,1.0000000000,1.0000000000,1.0000000000,1.0000000000,0.8982719103,0.8052618120
2022-09-13,1.0000000000,1.0000000000,1.0000000000,1.0000000000,1.0000000000,1.0000000000,1.0000000000,1.0000000000,0.9000994942,0.8086687124
2022-09-14,1.0000000000,1.0000000000,1.0000000000,1.0000000000,1.0000000000,1.0000000000,1.0000000000,1.0000000000,0.8923887489,0.7996695385
2022-09-15,1.0000000000,1.0000000000,1.0000000000,1.0000000000,1.0000000000,1.0000000000,1.0000000000,1.0000000000,0.8792054121,0.7921476061
2022-09-16,1.0000000000,1.0000000000,1.0000000000,1.0000000000,1.0000000000,1.0000000000,1.0000000000,1.0000000000,0.8574553088,0.7735709509
2022-09-19,1.0000000000,1.0000000000,1.0000000000,1.0000000000,1.0000000000,1.0000000000,1.0000000000,1.0000000000,0.8506030987,0.7726503796
2022-09-20,1.0000000000,1.0000000000,1.0000000000,1.0000000000,1.0000000000,1.0000000000,1.0000000000,1.0000000000,0.8566433590,0.7736024234
2022-09-21,1.0000000000,1.0000000000,1.0000000000,1.0000000000,1.0000000000,1.0000000000,1.0000000000,1.0000000000,0.8559490471,0.7678763917
2022-09-22,1.0000000000,1.0000000000,1.0000000000,1.0000000000,1.0000000000,1.0000000000,1.0000000000,1.0000000000,0.8511894022,0.7611117668
2022-09-23,1.0000000000,1.0000000000,1.0000000000,1.0000000000,1.0000000000,1.0000000000,1.0000000000,1.0000000000,0.8411179010,0.7584916795
2022-09-26,1.0000000000,1.0000000000,1.0000000000,1.0000000000,1.0000000000,1.0000000000,1.0000000000,1.0000000000,0.8301052023,0.7546874385
2022-09-27,1.0000000000,1.0000000000,1.0000000000,1.0000000000,1.0000000000,1.0000000000,1.0000000000,1.0000000000,0.8458112873,0.7656280735
2022-09-28,1.0000000000,1.0000000000,1.0000000000,1.0000000000,1.0000000000,1.0000000000,1.0000000000,1.0000000000,0.8274831397,0.7531197136
2022-09-29,1.0000000000,1.0000000000,1.0000000000,1.0000000000,1.0000000000,1.0000000000,1.0000000000,1.0000000000,0.8242509033,0.7528108895
2022-09-30,1.0000000000,1.0000000000,1.0000000000,1.0000000000,1.0000000000,1.0000000000,1.0000000000,1.0000000000,0.8182662007,0.7484342421
2022-10-10,1.0000000000,1.0000000000,1.0000000000,1.0000000000,1.0000000000,1.0000000000,1.0000000000,1.0000000000,0.8062421414,0.7319210040
2022-10-11,1.0000000000,1.0000000000,1.0000000000,1.0000000000,1.0000000000,1.0000000000,1.0000000000,1.0000000000,0.8091996871,0.7332487509
2022-10-12,1.0000000000,1.0000000000,1.0000000000,1.0000000000,1.0000000000,1.0000000000,1.0000000000,1.0000000000,0.8243020485,0.7443860891
2022-10-13,1.0000000000,1.0000000000,1.0000000000,1.0000000000,1.0000000000,1.0000000000,1.0000000000,1.0000000000,0.8233283973,0.7381623982
2022-10-14,1.0000000000,1.0000000000,1.0000000000,1.0000000000,1.0000000000,1.0000000000,1.0000000000,1.0000000000,0.8389348390,0.7558263504
2022-10-17,1.0000000000,1.0000000000,1.0000000000,1.0000000000,1.0000000000,1.0000000000,1.0000000000,1.0000000000,0.8448285877,0.7566013612
2022-10-18,1.0000000000,1.0000000000,1.0000000000,1.0000000000,1.0000000000,1.0000000000,1.0000000000,1.0000000000,0.8452853263,0.7550001967
2022-10-19,1.0000000000,1.0000000000,1.0000000000,1.0000000000,1.0000000000,1.0000000000,1.0000000000,1.0000000000,0.8350373763,0.7428557378
2022-10-20,1.0000000000,1.0000000000,1.0000000000,1.0000000000,1.0000000000,1.0000000000,1.0000000000,1.0000000000,0.8311708860,0.7386069476
2022-10-21,1.0000000000,1.0000000000,1.0000000000,1.0000000000,1.0000000000,1.0000000000,1.0000000000,1.0000000000,0.8301177466,0.7362386404
2022-10-24,1.0000000000,1.0000000000,1.0000000000,1.0000000000,1.0000000000,1.0000000000,1.0000000000,1.0000000000,0.8130829530,0.7146957001
2022-10-25,1.0000000000,1.0000000000,1.0000000000,1.0000000000,1.0000000000,1.0000000000,1.0000000000,1.0000000000,0.8112782547,0.7135312168
2022-10-26,1.0000000000,1.0000000000,1.0000000000,1.0000000000,1.0000000000,1.0000000000,1.0000000000,1.0000000000,0.8212922373,0.7193241276
2022-10-27,1.0000000000,1.0000000000,1.0000000000,1.0000000000,1.0000000000,1.0000000000,1.0000000000,1.0000000000,0.8189482868,0.7142570518
2022-10-28,1.0000000000,1.0000000000,1.0000000000,1.0000000000,1.0000000000,1.0000000000,1.0000000000,1.0000000000,0.7941955797,0.6965911326
2022-10-31,1.0000000000,1.0000000000,1.0000000000,1.0000000000,1.0000000000,1.0000000000,1.0000000000,1.0000000000,0.7905878586,0.6901727055
2022-11-01,1.0000000000,1.0000000000,1.0000000000,1.0000000000,1.0000000000,1.0000000000,1.0000000000,1.0000000000,0.8136411416,0.7148530627
2022-11-02,1.0000000000,1.0000000000,1.0000000000,1.0000000000,1.0000000000,1.0000000000,1.0000000000,1.0000000000,0.8241298852,0.7234371927
2022-11-03,1.0000000000,1.0000000000,1.0000000000,1.0000000000,1.0000000000,1.0000000000,1.0000000000,1.0000000000,0.8225425298,0.7175537983
2022-11-04,1.0000000000,1.0000000000,1.0000000000,1.0000000000,1.0000000000,1.0000000000,1.0000000000,1.0000000000,0.8436733919,0.7410145954
2022-11-07,1.0000000000,1.0000000000,1.0000000000,1.0000000000,1.0000000000,1.0000000000,1.0000000000,1.0000000000,0.8487899171,0.7426137928
2022-11-08,1.0000000000,1.0000000000,1.0000000000,1.0000000000,1.0000000000,1.0000000000,1.0000000000,1.0000000000,0.8463786127,0.7375054093
2022-11-09,1.0000000000,1.0000000000,1.0000000000,1.0000000000,1.0000000000,1.0000000000,1.0000000000,1.0000000000,0.8442157542,0.7306089933
2022-11-10,1.0000000000,1.0000000000,1.0000000000,1.0000000000,1.0000000000,1.0000000000,1.0000000000,1.0000000000,0.8420766897,0.7249872143
2022-11-11,1.0000000000,1.0000000000,1.0000000000,1.0000000000,1.0000000000,1.0000000000,1.0000000000,1.0000000000,0.8555248756,0.7451984736
2022-11-14,1.0000000000,1.0000000000,1.0000000000,1.0000000000,1.0000000000,1.0000000000,1.0000000000,1.0000000000,0.8521296002,0.7462960777
2022-11-15,1.0000000000,1.0000000000,1.0000000000,1.0000000000,1.0000000000,1.0000000000,1.0000000000,1.0000000000,0.8657391380,0.7604488768
2022-11-16,1.0000000000,1.0000000000,1.0000000000,1.0000000000,1.0000000000,1.0000000000,1.0000000000,1.0000000000,0.8630549954,0.7542369881
2022-11-17,1.0000000000,1.0000000000,1.0000000000,1.0000000000,1.0000000000,1.0000000000,1.0000000000,1.0000000000,0.8620328283,0.7511428459
2022-11-18,1.0000000000,1.0000000000,1.0000000000,1.0000000000,1.0000000000,1.0000000000,1.0000000000,1.0000000000,0.8570510857,0.7477811873
2022-11-21,1.0000000000,1.0000000000,1.0000000000,1.0000000000,1.0000000000,1.0000000000,1.0000000000,1.0000000000,0.8529076948,0.7414001338
2022-11-22,1.0000000000,1.0000000000,1.0000000000,1.0000000000,1.0000000000,1.0000000000,1.0000000000,1.0000000000,0.8499333774,0.7414866832
2022-11-23,1.0000000000,1.0000000000,1.0000000000,1.0000000000,1.0000000000,1.0000000000,1.0000000000,1.0000000000,0.8488112940,0.7422656281
2022-11-24,1.0000000000,1.0000000000,1.0000000000,1.0000000000,1.0000000000,1.0000000000,1.0000000000,1.0000000000,0.8484499144,0.7389767497
2022-11-25,1.0000000000,1.0000000000,1.0000000000,1.0000000000,1.0000000000,1.0000000000,1.0000000000,1.0000000000,0.8498286395,0.7427082104
2022-11-28,1.0000000000,1.0000000000,1.0000000000,1.0000000000,1.0000000000,1.0000000000,1.0000000000,1.0000000000,0.8456529398,0.7343404540
2022-11-29,1.0000000000,1.0000000000,1.0000000000,1.0000000000,1.0000000000,1.0000000000,1.0000000000,1.0000000000,0.8661781603,0.7569967347
2022-11-30,1.0000000000,1.0000000000,1.0000000000,1.0000000000,1.0000000000,1.0000000000,1.0000000000,1.0000000000,0.8667604530,0.7579055038
2022-12-01,1.0000000000,1.0000000000,1.0000000000,1.0000000000,1.0000000000,1.0000000000,1.0000000000,1.0000000000,0.8738772397,0.7661139305
2022-12-02,1.0000000000,1.0000000000,1.0000000000,1.0000000000,1.0000000000,1.0000000000,1.0000000000,1.0000000000,0.8736832930,0.7614284590
2022-12-05,1.0000000000,1.0000000000,1.0000000000,1.0000000000,1.0000000000,1.0000000000,1.0000000000,1.0000000000,0.8871816964,0.7763641371
2022-12-06,1.0000000000,1.0000000000,1.0000000000,1.0000000000,1.0000000000,1.0000000000,1.0000000000,1.0000000000,0.8875580143,0.7805578504
2022-12-07,1.0000000000,1.0000000000,1.0000000000,1.0000000000,1.0000000000,1.0000000000,1.0000000000,1.0000000000,0.8869075506,0.7786380267
2022-12-08,1.0000000000,1.0000000000,1.0000000000,1.0000000000,1.0000000000,1.0000000000,1.0000000000,1.0000000000,0.8850640815,0.7787835871
2022-12-09,1.0000000000,1.0000000000,1.0000000000,1.0000000000,1.0000000000,1.0000000000,1.0000000000,1.0000000000,0.8879986280,0.7864668162
2022-12-12,1.0000000000,1.0000000000,1.0000000000,1.0000000000,1.0000000000,1.0000000000,1.0000000000,1.0000000000,0.8789607293,0.7776545104
2022-12-13,1.0000000000,1.0000000000,1.0000000000,1.0000000000,1.0000000000,1.0000000000,1.0000000000,1.0000000000,0.8799664091,0.7761280932
2022-12-14,1.0000000000,1.0000000000,1.0000000000,1.0000000000,1.0000000000,1.0000000000,1.0000000000,1.0000000000,0.8809657718,0.7779397301
2022-12-15,1.0000000000,1.0000000000,1.0000000000,1.0000000000,1.0000000000,1.0000000000,1.0000000000,1.0000000000,0.8783360493,0.7773692907
2022-12-16,1.0000000000,1.0000000000,1.0000000000,1.0000000000,1.0000000000,1.0000000000,1.0000000000,1.0000000000,0.8753812406,0.7778099060
2022-12-19,1.0000000000,1.0000000000,1.0000000000,1.0000000000,1.0000000000,1.0000000000,1.0000000000,1.0000000000,0.8587031226,0.7658090405
2022-12-20,1.0000000000,1.0000000000,1.0000000000,1.0000000000,1.0000000000,1.0000000000,1.0000000000,1.0000000000,0.8491022478,0.7531806916
2022-12-21,1.0000000000,1.0000000000,1.0000000000,1.0000000000,1.0000000000,1.0000000000,1.0000000000,1.0000000000,0.8476508007,0.7534796806
2022-12-22,1.0000000000,1.0000000000,1.0000000000,1.0000000000,1.0000000000,1.0000000000,1.0000000000,1.0000000000,0.8438591570,0.7545595814
2022-12-23,1.0000000000,1.0000000000,1.0000000000,1.0000000000,1.0000000000,1.0000000000,1.0000000000,1.0000000000,0.8415520456,0.7530233290
2022-12-26,1.0000000000,1.0000000000,1.0000000000,1.0000000000,1.0000000000,1.0000000000,1.0000000000,1.0000000000,0.8489882195,0.7560269877
2022-12-27,1.0000000000,1.0000000000,1.0000000000,1.0000000000,1.0000000000,1.0000000000,1.0000000000,1.0000000000,0.8575183466,0.7647527440
2022-12-28,1.0000000000,1.0000000000,1.0000000000,1.0000000000,1.0000000000,1.0000000000,1.0000000000,1.0000000000,0.8514658063,0.7614894370
2022-12-29,1.0000000000,1.0000000000,1.0000000000,1.0000000000,1.0000000000,1.0000000000,1.0000000000,1.0000000000,0.8463539829,0.7586254377
2022-12-30,1.0000000000,1.0000000000,1.0000000000,1.0000000000,1.0000000000,1.0000000000,1.0000000000,1.0000000000,0.8517296298,0.7615622172
2023-01-03,1.0000000000,1.0000000000,1.0000000000,1.0000000000,1.0000000000,1.0000000000,1.0000000000,1.0000000000,0.8613777533,0.7647625792
2023-01-04,1.0000000000,1.0000000000,1.0000000000,1.0000000000,1.0000000000,1.0000000000,1.0000000000,1.0000000000,0.8648446655,0.7657559306
2023-01-05,1.0000000000,1.0000000000,1.0000000000,1.0000000000,1.0000000000,1.0000000000,1.0000000000,1.0000000000,0.8735952082,0.7806325977
2023-01-06,1.0000000000,1.0000000000,1.0000000000,1.0000000000,1.0000000000,1.0000000000,1.0000000000,1.0000000000,0.8721922444,0.7830540147
2023-01-09,1.0000000000,1.0000000000,1.0000000000,1.0000000000,1.0000000000,1.0000000000,1.0000000000,1.0000000000,0.8772420638,0.7893937606
2023-01-10,1.0000000000,1.0000000000,1.0000000000,1.0000000000,1.0000000000,1.0000000000,1.0000000000,1.0000000000,0.8762537306,0.7902494197
2023-01-11,1.0000000000,1.0000000000,1.0000000000,1.0000000000,1.0000000000,1.0000000000,1.0000000000,1.0000000000,0.8734757736,0.7887859475
2023-01-12,1.0000000000,1.0000000000,1.0000000000,1.0000000000,1.0000000000,1.0000000000,1.0000000000,1.0000000000,0.8722769823,0.7903281010
2023-01-13,1.0000000000,1.0000000000,1.0000000000,1.0000000000,1.0000000000,1.0000000000,1.0000000000,1.0000000000,0.8799847808,0.8014438019
2023-01-16,1.0000000000,1.0000000000,1.0000000000,1.0000000000,1.0000000000,1.0000000000,1.0000000000,1.0000000000,0.8893300478,0.8139501947
2023-01-17,0.9990000000,0.9990000000,0.9990000000,0.9990000000,0.9990000000,0.9990000000,0.9990000000,0.9990000000,0.8876277254,0.8138085684
2023-01-18,0.9957485624,0.9930920067,0.9930920067,0.9972339498,0.9972339498,0.9997510804,0.9957485624,0.9957485624,0.8882487070,0.8124454148
2023-01-19,0.9972685172,0.9958712355,0.9958712355,0.9963498686,0.9963498686,1.0014263781,0.9972685172,0.9972685172,0.8922532126,0.8175006885
2023-01-20,1.0013020488,0.9937568020,0.9937568020,1.0101081208,1.0101081208,1.0124233901,1.0013020488,1.0013020488,0.9002295921,0.8225205555
2023-01-30,1.0093285424,0.9962795000,0.9962795000,1.0110953063,1.0110953063,1.0138840546,1.0093285424,1.0093285424,0.9044906100,0.8264192140
2023-01-31,0.9994429871,0.9829720440,0.9829720440,1.0077647567,1.0077647567,1.0130671245,0.9994429871,0.9994429871,0.9040786256,0.8176678862
2023-02-01,1.0092779677,0.9941334609,0.9941334609,1.0154703019,1.0154703019,1.0232315559,1.0092779677,1.0092779677,0.9144072127,0.8253530823
2023-02-02,1.0147710472,0.9874747447,0.9874747447,1.0169033138,1.0169033138,1.0265164772,1.0147710472,1.0147710472,0.9143997661,0.8224458083
2023-02-03,1.0154250821,0.9782160223,0.9782160223,1.0113460385,1.0113460385,1.0287357354,1.0154250821,1.0154250821,0.9094527818,0.8146720957
2023-02-06,1.0079222872,0.9590039277,0.9590039277,1.0073132814,1.0073132814,1.0274909249,1.0079222872,1.0079222872,0.9028715818,0.8039025925
2023-02-07,1.0118463446,0.9657175160,0.9657175160,1.0105160247,1.0105160247,1.0353532253,1.0118463446,1.0118463446,0.9074204207,0.8053483615
2023-02-08,1.0001277065,0.9592118663,0.9592118663,1.0074783661,1.0074783661,1.0247825670,1.0001277065,1.0001277065,0.9020165280,0.8017899996
2023-02-09,1.0210518931,0.9750599344,0.9750599344,1.0168169425,1.0168169425,1.0394785619,1.0210518931,1.0210518931,0.9128742783,0.8125536016
2023-02-10,1.0285391628,0.9734726866,0.9734726866,1.0277299135,1.0277299135,1.0491321001,1.0285391628,1.0285391628,0.9118701419,0.8077245368
2023-02-13,1.0508160267,0.9888716523,0.9888716523,1.0395719606,1.0395719606,1.0614095943,1.0508160267,1.0508160267,0.9218394457,0.8150537000
2023-02-14,1.0424337078,0.9885166453,0.9885166453,1.0351249601,1.0351249601,1.0560385176,1.0424337078,1.0424337078,0.9221865015,0.8153920296
2023-02-15,1.0466446892,0.9804549963,0.9804549963,1.0291583787,1.0291583787,1.0586581741,1.0466446892,1.0466446892,0.9189534744,0.8111432393
2023-02-16,1.0425992324,0.9764633266,0.9764633266,1.0131698096,1.0131698096,1.0475430818,1.0425992324,1.0425992324,0.9062915648,0.8052028011
2023-02-17,1.0288004364,0.9673560884,0.9673560884,1.0063703783,1.0063703783,1.0359019706,1.0288004364,1.0288004364,0.9004158028,0.7936012432
2023-02-20,1.0507923701,0.9979435456,0.9979435456,1.0167550667,1.0167550667,1.0543550316,1.0507923701,1.0507923701,0.9182118505,0.8130709312
2023-02-21,1.0437700784,0.9981093283,0.9981093283,1.0218301255,1.0218301255,1.0507474492,1.0430742317,1.0430742317,0.9226958684,0.8152071285
2023-02-22,1.0366746534,0.9932954232,0.9932954232,1.0208822846,1.0208822846,1.0465651020,1.0405937835,1.0380434598,0.9198914143,0.8078504268
2023-02-23,1.0269971997,0.9809300415,0.9809300415,1.0221061564,1.0221061564,1.0494833017,1.0329347596,1.0251210167,0.9180138571,0.8072013061
2023-02-24,1.0205462084,0.9741270555,0.9741270555,1.0231330710,1.0231330710,1.0434783357,1.0247446332,1.0180115556,0.9137911618,0.7988217475
2023-02-27,1.0178054384,0.9692659157,0.9692659157,1.0166715412,1.0166715412,1.0386848412,1.0255454412,1.0129314211,0.9082941894,0.7954364845
2023-02-28,1.0262104481,0.9760681394,0.9760681394,1.0215793630,1.0215793630,1.0465647023,1.0322625598,1.0200400855,0.9150621988,0.8004760219
2023-03-01,1.0433526336,0.9900748922,0.9900748922,1.0236432615,1.0236432615,1.0482472447,1.0362210607,1.0346778436,0.9242450278,0.8117825249
2023-03-02,1.0501231916,0.9950030980,0.9950030980,1.0170553789,1.0170553789,1.0421902523,1.0362403514,1.0398280655,0.9238542466,0.8099728550
2023-03-03,1.0483136007,0.9899056610,0.9899056610,1.0253447138,1.0253447138,1.0471130178,1.0344068717,1.0345009886,0.9258542620,0.8124926236
2023-03-06,1.0485227477,0.9861063720,0.9861063720,1.0347974601,1.0347974601,1.0557838922,1.0367435232,1.0305305412,0.9224268615,0.8082556355
2023-03-07,1.0287242727,0.9631155397,0.9631155397,1.0126855117,1.0126855117,1.0362384833,1.0132041117,1.0065039702,0.9072119530,0.7964219678
2023-03-08,1.0309985709,0.9676197509,0.9676197509,1.0197483442,1.0197483442,1.0369546998,1.0133419423,1.0112110965,0.9094188212,0.7935225619
2023-03-09,1.0251169218,0.9627607175,0.9627607175,1.0137932937,1.0137932937,1.0302947740,1.0051317618,1.0061331632,0.9067624151,0.7907175735
2023-03-10,1.0111753263,0.9471533494,0.9471533494,1.0005057786,1.0005057786,1.0174992307,0.9887184510,0.9898226819,0.8923332123,0.7803493450
2023-03-13,1.0252966039,0.9589406902,0.9589406902,1.0002193625,1.0002193625,1.0170853675,0.9965980401,1.0021410434,0.8999575181,0.7885223652
2023-03-14,1.0132900184,0.9518910077,0.9518910077,0.9886016786,0.9886016786,1.0003317483,0.9864331229,0.9947737721,0.8911603886,0.7838034541
2023-03-15,1.0065576684,0.9434586174,0.9434586174,0.9903785568,0.9903785568,1.0018009404,0.9755990632,0.9859615020,0.8954862254,0.7842362013
2023-03-16,1.0011989489,0.9469096668,0.9469096668,0.9664475051,0.9664475051,0.9805798612,0.9740720497,0.9895680214,0.8826078664,0.7748436209
2023-03-17,1.0153271330,0.9539583264,0.9539583264,0.9677270641,0.9677270641,0.9819179335,0.9669663429,0.9969342237,0.8890432828,0.7787127739
2023-03-20,1.0172339770,0.9509355479,0.9509355479,0.9652006960,0.9652006960,0.9816974799,0.9552411815,0.9937752688,0.8840874462,0.7748298517
2023-03-21,1.0420197077,0.9729002139,0.9729002139,0.9805607874,0.9805607874,0.9976212040,0.9774271926,1.0167294447,0.8948461074,0.7833471026
2023-03-22,1.0717879933,1.0006939027,1.0006939027,0.9800453350,0.9800453350,1.0001036193,0.9951981968,1.0457752413,0.8990470826,0.7867028601
2023-03-23,1.0885737137,1.0163661887,1.0163661887,0.9858144610,0.9858144610,1.0088083030,1.0165350170,1.0621535651,0.9018394854,0.7945021441
2023-03-24,1.1048538520,1.0315664291,1.0315664291,0.9837878570,0.9837878570,0.9997258033,1.0174653707,1.0780385775,0.9010331291,0.7921338369
2023-03-27,1.1139523487,1.0400614022,1.0400614022,0.9788679285,0.9788679285,0.9989048811,1.0208701041,1.0869162498,0.8987396741,0.7892678705
2023-03-28,1.0961041240,1.0233970901,1.0233970901,0.9830532262,0.9830532262,1.0026172256,1.0043691839,1.0695012092,0.8953848895,0.7867166293
2023-03-29,1.0949372736,1.0223076395,1.0223076395,0.9824851542,0.9824851542,0.9928354841,1.0001146669,1.0683626787,0.8925056943,0.7880207719
2023-03-30,1.0709327041,0.9998953467,0.9998953467,0.9909015129,0.9909015129,1.0060395447,0.9843489446,1.0449407103,0.8966590640,0.7943919902
2023-03-31,1.1122568564,1.0384783757,1.0384783757,0.9929792475,0.9929792475,1.0059155538,1.0058042195,1.0852619078,0.9027037450,0.7968311106
2023-04-03,1.1576162265,1.0808289575,1.0808289575,0.9991463163,0.9991463163,1.0150292495,1.0389984197,1.1295203867,0.9125264230,0.8046284276
2023-04-04,1.1615861168,1.0845355161,1.0845355161,0.9968366883,0.9968366883,1.0149766311,1.0434565348,1.1333939261,0.9103115019,0.8070950864
2023-04-06,1.1461459739,1.0701195523,1.0701195523,0.9930783542,0.9930783542,1.0139064138,1.0449754264,1.1183285219,0.9081883049,0.8058224163
2023-04-07,1.1756041270,1.0976236804,1.0976236804,0.9948148077,0.9948148077,1.0140420685,1.0603973958,1.1470717131,0.9152687188,0.8110625910
2023-04-10,1.1306850912,1.0556842246,1.0556842246,0.9875057543,0.9875057543,1.0093339727,1.0301900748,1.1032428815,0.9080150452,0.8074294819
2023-04-11,1.1505287273,1.0742115879,1.0742115879,0.9786960630,0.9786960630,1.0084132415,1.0284917062,1.1226049040,0.9105708339,0.8065128447
2023-04-12,1.1942602051,1.1150422592,1.1150422592,0.9660166920,0.9660166920,1.0150651505,1.0508243571,1.1652750002,0.9140526971,0.8059502734
2023-04-13,1.1665453197,1.0891657640,1.0891657640,0.9705316567,0.9705316567,1.0123474077,1.0258375479,1.1382327669,0.9099353937,0.8003816043
2023-04-14,1.1620614561,1.0849793251,1.0849793251,0.9663507936,0.9663507936,1.0139697952,1.0292902870,1.1338577286,0.9116183389,0.8049097132
2023-04-17,1.1369778019,1.0615595257,1.0615595257,0.9694962271,0.9694962271,1.0333708651,1.0214601966,1.1093828654,0.9175372065,0.8161965459
2023-04-18,1.1517427164,1.0753450505,1.0753450505,0.9695277744,0.9695277744,1.0363882022,1.0337064023,1.1237894292,0.9174057035,0.8186848420
2023-04-19,1.1553819851,1.0787429183,1.0787429183,0.9588735796,0.9588735796,1.0266130308,1.0294259357,1.1273403712,0.9111884333,0.8113143711
2023-04-20,1.1910344612,1.1120304861,1.1120304861,0.9556015591,0.9556015591,1.0421875051,1.0611916929,1.1621275465,0.9085121702,0.8090444156
2023-04-21,1.1337980597,1.0585907029,1.0585907029,0.9248267656,0.9248267656,0.9973448322,1.0101950209,1.1062802969,0.8890705019,0.7932196389
2023-04-24,1.1537234217,1.0771943711,1.0771943711,0.9087720597,0.9087720597,0.9982597141,1.0279481836,1.1257220619,0.8826729991,0.7833982454
2023-04-25,1.1471363776,1.0710442603,1.0710442603,0.9000141427,0.9000141427,0.9917725405,1.0220792380,1.1192948881,0.8737691003,0.7794700814
2023-04-26,1.1197011340,1.0454288578,1.0454288578,0.8968639769,0.8968639769,0.9883496395,0.9976348969,1.0925255096,0.8761393330,0.7787934222
2023-04-27,1.0889507304,1.0167181970,1.0167181970,0.9032788839,0.9032788839,0.9714464637,0.9702368040,1.0625214314,0.8782838291,0.7845351902
2023-04-28,1.1461783219,1.0701497547,1.0701497547,0.9128883846,0.9128883846,1.0090512618,1.0212256265,1.1183600849,0.8910574509,0.7925351115
2023-05-04,1.1573060250,1.0805393323,1.0805393323,0.9005164250,0.9005164250,1.0164368660,1.0311402229,1.1292177138,0.8934653091,0.7927632873
2023-05-05,1.1414001054,1.0656884879,1.0656884879,0.8948972716,0.8948972716,1.0062897107,1.0169683158,1.1136978377,0.8880487696,0.7901333648
2023-05-08,1.1563026345,1.0796024990,1.0796024990,0.8905698809,0.8905698809,1.0042575188,1.0302462189,1.1282386761,0.8945549182,0.7991384397
2023-05-09,1.1333979643,1.0582171467,1.0582171467,0.8785734056,0.8785734056,0.9880753432,1.0098385426,1.1058899120,0.8849325900,0.7922971006
2023-05-10,1.1250906116,1.0504608392,1.0504608392,0.8825197920,0.8825197920,0.9852743408,1.0024368309,1.0977841823,0.8828086746,0.7861973327
2023-05-11,1.1253175870,1.0506727588,1.0506727588,0.8886989484,0.8886989484,0.9984966672,1.0026390621,1.0980056489,0.8839684922,0.7849758055
2023-05-12,1.1002860768,1.0273016446,1.0273016446,0.8789736190,0.8789736190,0.9750270044,0.9803364072,1.0735816642,0.8737134619,0.7745702034
2023-05-15,1.0959093800,1.0232152639,1.0232152639,0.8883734892,0.8883734892,0.9770936012,0.9764368438,1.0693111916,0.8812278813,0.7865946733
2023-05-16,1.0620688200,0.9916194238,0.9916194238,0.8823846720,0.8823846720,0.9566767169,0.9462854735,1.0362919565,0.8723779566,0.7825268500
2023-05-17,1.0676520688,0.9968323233,0.9968323233,0.8819956427,0.8819956427,0.9604906617,0.9512600544,1.0417396975,0.8733836921,0.7789783233
2023-05-18,1.1038919142,1.0306682988,1.0306682988,0.8809094389,0.8809094389,0.9709046089,0.9835491477,1.0770999864,0.8745332298,0.7781718400
2023-05-19,1.0906891351,1.0183412895,1.0183412895,0.8903752226,0.8903752226,0.9696372188,0.9717856934,1.0642176443,0.8720708996,0.7759038514
2023-05-22,1.0772032457,1.0057499492,1.0057499492,0.8978586130,0.8978586130,0.9642239875,0.9597699925,1.0510590632,0.8754573008,0.7807801251
2023-05-23,1.0772032457,1.0057499492,1.0057499492,0.8978586130,0.8978586130,0.9642239875,0.9597699925,1.0510590632,0.8650860685,0.7697372045
2023-05-24,1.0772032457,1.0057499492,1.0057499492,0.8978586130,0.8978586130,0.9642239875,0.9597699925,1.0510590632,0.8572958851,0.7590955584
2023-05-25,1.0772032457,1.0057499492,1.0057499492,0.8978586130,0.8978586130,0.9642239875,0.9597699925,1.0510590632,0.8545858515,0.7574058775
2023-05-26,1.0772032457,1.0057499492,1.0057499492,0.8978586130,0.8978586130,0.9642239875,0.9597699925,1.0510590632,0.8571686322,0.7574943940
2023-05-29,1.0772032457,1.0057499492,1.0057499492,0.8978586130,0.8978586130,0.9642239875,0.9597699925,1.0510590632,0.8542628021,0.7541484716
2023-05-30,1.0772032457,1.0057499492,1.0057499492,0.8978586130,0.8978586130,0.9642239875,0.9597699925,1.0510590632,0.8572658436,0.7548979110
2023-05-31,1.0772032457,1.0057499492,1.0057499492,0.8978586130,0.8978586130,0.9642239875,0.9597699925,1.0510590632,0.8529147849,0.7471851764
2023-06-01,1.0772032457,1.0057499492,1.0057499492,0.8978586130,0.8978586130,0.9642239875,0.9597699925,1.0510590632,0.8542300956,0.7488237145
2023-06-02,1.0772032457,1.0057499492,1.0057499492,0.8978586130,0.8978586130,0.9642239875,0.9597699925,1.0510590632,0.8645202709,0.7596345254
2023-06-05,1.0772032457,1.0057499492,1.0057499492,0.8978586130,0.8978586130,0.9642239875,0.9597699925,1.0510590632,0.8649870004,0.7561764822
2023-06-06,1.0772032457,1.0057499492,1.0057499492,0.8978586130,0.8978586130,0.9642239875,0.9597699925,1.0510590632,0.8538730800,0.7490774617
2023-06-07,1.0772032457,1.0057499492,1.0057499492,0.8978586130,0.8978586130,0.9642239875,0.9597699925,1.0510590632,0.8546215194,0.7453755065
2023-06-08,1.0772032457,1.0057499492,1.0057499492,0.8978586130,0.8978586130,0.9642239875,0.9597699925,1.0510590632,0.8570277427,0.7514438019
2023-06-09,1.0772032457,1.0057499492,1.0057499492,0.8978586130,0.8978586130,0.9642239875,0.9597699925,1.0510590632,0.8599220372,0.7546913726
2023-06-12,1.0772032457,1.0057499492,1.0057499492,0.8978586130,0.8978586130,0.9642239875,0.9597699925,1.0510590632,0.8640950689,0.7562118887
2023-06-13,1.0772032457,1.0057499492,1.0057499492,0.8978586130,0.8978586130,0.9642239875,0.9597699925,1.0510590632,0.8658826589,0.7602403714
2023-06-14,1.0772032457,1.0057499492,1.0057499492,0.8978586130,0.8978586130,0.9642239875,0.9597699925,1.0510590632,0.8681409076,0.7600653055
2023-06-15,1.0772032457,1.0057499492,1.0057499492,0.8978586130,0.8978586130,0.9642239875,0.9597699925,1.0510590632,0.8752919962,0.7721586215
2023-06-16,1.0772032457,1.0057499492,1.0057499492,0.8978586130,0.8978586130,0.9642239875,0.9597699925,1.0510590632,0.8812457388,0.7796038396
2023-06-19,1.0772032457,1.0057499492,1.0057499492,0.8978586130,0.8978586130,0.9642239875,0.9597699925,1.0510590632,0.8762017956,0.7732227861
2023-06-20,1.0772032457,1.0057499492,1.0057499492,0.8978586130,0.8978586130,0.9642239875,0.9597699925,1.0510590632,0.8724094663,0.7719107754
2023-06-21,1.0772032457,1.0057499492,1.0057499492,0.8978586130,0.8978586130,0.9642239875,0.9597699925,1.0510590632,0.8590451486,0.7600672725
2023-06-26,1.0772032457,1.0057499492,1.0057499492,0.8978586130,0.8978586130,0.9642239875,0.9597699925,1.0510590632,0.8452182434,0.7493803848
2023-06-27,1.0772032457,1.0057499492,1.0057499492,0.8978586130,0.8978586130,0.9642239875,0.9597699925,1.0510590632,0.8597900033,0.7564085920
2023-06-28,1.0772032457,1.0057499492,1.0057499492,0.8978586130,0.8978586130,0.9642239875,0.9597699925,1.0510590632,0.8578450261,0.7554978559
2023-06-29,1.0772032457,1.0057499492,1.0057499492,0.8978586130,0.8978586130,0.9642239875,0.9597699925,1.0510590632,0.8573653090,0.7517683622
2023-06-30,1.0772032457,1.0057499492,1.0057499492,0.8978586130,0.8978586130,0.9642239875,0.9597699925,1.0510590632,0.8647718233,0.7558224163
2023-07-03,1.0772032457,1.0057499492,1.0057499492,0.8978586130,0.8978586130,0.9642239875,0.9597699925,1.0510590632,0.8729136087,0.7657421614
2023-07-04,1.0772032457,1.0057499492,1.0057499492,0.8978586130,0.8978586130,0.9642239875,0.9597699925,1.0510590632,0.8738265065,0.7669479523
2023-07-05,1.0772032457,1.0057499492,1.0057499492,0.8978586130,0.8978586130,0.9642239875,0.9597699925,1.0510590632,0.8681081879,0.7610075141
2023-07-06,1.0772032457,1.0057499492,1.0057499492,0.8978586130,0.8978586130,0.9642239875,0.9597699925,1.0510590632,0.8649218851,0.7558814273
2023-07-07,1.0772032457,1.0057499492,1.0057499492,0.8978586130,0.8978586130,0.9642239875,0.9597699925,1.0510590632,0.8623172467,0.7525276368
2023-07-10,1.0772032457,1.0057499492,1.0057499492,0.8978586130,0.8978586130,0.9642239875,0.9597699925,1.0510590632,0.8646356764,0.7561922184
2023-07-11,1.0772032457,1.0057499492,1.0057499492,0.8978586130,0.8978586130,0.9642239875,0.9597699925,1.0510590632,0.8690430092,0.7611412723
2023-07-12,1.0772032457,1.0057499492,1.0057499492,0.8978586130,0.8978586130,0.9642239875,0.9597699925,1.0510590632,0.8602193510,0.7560171525
2023-07-13,1.0772032457,1.0057499492,1.0057499492,0.8978586130,0.8978586130,0.9642239875,0.9597699925,1.0510590632,0.8699923374,0.7668318974
2023-07-14,1.0772032457,1.0057499492,1.0057499492,0.8978586130,0.8978586130,0.9642239875,0.9597699925,1.0510590632,0.8694921602,0.7669656556
2023-07-17,1.0772032457,1.0057499492,1.0057499492,0.8978586130,0.8978586130,0.9642239875,0.9597699925,1.0510590632,0.8648245161,0.7606849207
2023-07-18,1.0772032457,1.0057499492,1.0057499492,0.8978586130,0.8978586130,0.9642239875,0.9597699925,1.0510590632,0.8637218816,0.7582792399
2023-07-19,1.0772032457,1.0057499492,1.0057499492,0.8978586130,0.8978586130,0.9642239875,0.9597699925,1.0510590632,0.8652681640,0.7574786577
2023-07-20,1.0772032457,1.0057499492,1.0057499492,0.8978586130,0.8978586130,0.9642239875,0.9597699925,1.0510590632,0.8585911123,0.7521322633
2023-07-21,1.0772032457,1.0057499492,1.0057499492,0.8978586130,0.8978586130,0.9642239875,0.9597699925,1.0510590632,0.8585315435,0.7517821315
2023-07-24,1.0772032457,1.0057499492,1.0057499492,0.8978586130,0.8978586130,0.9642239875,0.9597699925,1.0510590632,0.8557364910,0.7484991542
2023-07-25,1.0772032457,1.0057499492,1.0057499492,0.8978586130,0.8978586130,0.9642239875,0.9597699925,1.0510590632,0.8746394483,0.7701168417
2023-07-26,1.0772032457,1.0057499492,1.0057499492,0.8978586130,0.8978586130,0.9642239875,0.9597699925,1.0510590632,0.8732865399,0.7685215783
2023-07-27,1.0772032457,1.0057499492,1.0057499492,0.8978586130,0.8978586130,0.9642239875,0.9597699925,1.0510590632,0.8701082198,0.7676049412
2023-07-28,1.0772032457,1.0057499492,1.0057499492,0.8978586130,0.8978586130,0.9642239875,0.9597699925,1.0510590632,0.8828207672,0.7853849483
2023-07-31,1.0772032457,1.0057499492,1.0057499492,0.8978586130,0.8978586130,0.9642239875,0.9597699925,1.0510590632,0.8917808388,0.7896907825
2023-08-01,1.0772032457,1.0057499492,1.0057499492,0.8978586130,0.8978586130,0.9642239875,0.9597699925,1.0510590632,0.8902362738,0.7864196074
2023-08-02,1.0772032457,1.0057499492,1.0057499492,0.8978586130,0.8978586130,0.9642239875,0.9597699925,1.0510590632,0.8858610255,0.7808922460
2023-08-03,1.0772032457,1.0057499492,1.0057499492,0.8978586130,0.8978586130,0.9642239875,0.9597699925,1.0510590632,0.8877353027,0.7877925961
2023-08-04,1.0772032457,1.0057499492,1.0057499492,0.8978586130,0.8978586130,0.9642239875,0.9597699925,1.0510590632,0.8894190472,0.7908611668
2023-08-07,1.0772032457,1.0057499492,1.0057499492,0.8978586130,0.8978586130,0.9642239875,0.9597699925,1.0510590632,0.8836557937,0.7848754868
2023-08-08,1.0772032457,1.0057499492,1.0057499492,0.8978586130,0.8978586130,0.9642239875,0.9597699925,1.0510590632,0.8806578180,0.7828258389
2023-08-09,1.0772032457,1.0057499492,1.0057499492,0.8978586130,0.8978586130,0.9642239875,0.9597699925,1.0510590632,0.8741523764,0.7804339274
2023-08-10,1.0772032457,1.0057499492,1.0057499492,0.8978586130,0.8978586130,0.9642239875,0.9597699925,1.0510590632,0.8765481198,0.7820370589
2023-08-11,1.0772032457,1.0057499492,1.0057499492,0.8978586130,0.8978586130,0.9642239875,0.9597699925,1.0510590632,0.8598981262,0.7640446123
2023-08-14,1.0772032457,1.0057499492,1.0057499492,0.8978586130,0.8978586130,0.9642239875,0.9597699925,1.0510590632,0.8606664918,0.7584700421
2023-08-15,1.0772032457,1.0057499492,1.0057499492,0.8978586130,0.8978586130,0.9642239875,0.9597699925,1.0510590632,0.8570617655,0.7566269326
2023-08-16,1.0772032457,1.0057499492,1.0057499492,0.8978586130,0.8978586130,0.9642239875,0.9597699925,1.0510590632,0.8509628403,0.7510779338
2023-08-17,1.0772032457,1.0057499492,1.0057499492,0.8978586130,0.8978586130,0.9642239875,0.9597699925,1.0510590632,0.8574625134,0.7535898344
2023-08-18,1.0772032457,1.0057499492,1.0057499492,0.8978586130,0.8978586130,0.9642239875,0.9597699925,1.0510590632,0.8449187838,0.7443251111
2023-08-21,1.0772032457,1.0057499492,1.0057499492,0.8978586130,0.8978586130,0.9642239875,0.9597699925,1.0510590632,0.8372329043,0.7336165860
2023-08-22,1.0772032457,1.0057499492,1.0057499492,0.8978586130,0.8978586130,0.9642239875,0.9597699925,1.0510590632,0.8413190018,0.7392560683
2023-08-23,1.0772032457,1.0057499492,1.0057499492,0.8978586130,0.8978586130,0.9642239875,0.9597699925,1.0510590632,0.8286568687,0.7271391479
2023-08-24,1.0772032457,1.0057499492,1.0057499492,0.8978586130,0.8978586130,0.9642239875,0.9597699925,1.0510590632,0.8300286112,0.7324107951
2023-08-25,1.0772032457,1.0057499492,1.0057499492,0.8978586130,0.8978586130,0.9642239875,0.9597699925,1.0510590632,0.8215270021,0.7296018726
2023-08-28,1.0772032457,1.0057499492,1.0057499492,0.8978586130,0.8978586130,0.9642239875,0.9597699925,1.0510590632,0.8319835989,0.7381525630
2023-08-29,1.0772032457,1.0057499492,1.0057499492,0.8978586130,0.8978586130,0.9642239875,0.9597699925,1.0510590632,0.8467774619,0.7455269680
2023-08-30,1.0772032457,1.0057499492,1.0057499492,0.8978586130,0.8978586130,0.9642239875,0.9597699925,1.0510590632,0.8470720771,0.7452122428
2023-08-31,1.0772032457,1.0057499492,1.0057499492,0.8978586130,0.8978586130,0.9642239875,0.9597699925,1.0510590632,0.8402404328,0.7406408592
2023-09-01,1.0772032457,1.0057499492,1.0057499492,0.8978586130,0.8978586130,0.9642239875,0.9597699925,1.0510590632,0.8460123586,0.7457984185
2023-09-04,1.0772032457,1.0057499492,1.0057499492,0.8978586130,0.8978586130,0.9642239875,0.9597699925,1.0510590632,0.8602722940,0.7571009875
2023-09-05,1.0772032457,1.0057499492,1.0057499492,0.8978586130,0.8978586130,0.9642239875,0.9597699925,1.0510590632,0.8542115449,0.7514693733
2023-09-06,1.0772032457,1.0057499492,1.0057499492,0.8978586130,0.8978586130,0.9642239875,0.9597699925,1.0510590632,0.8537998611,0.7498387033
2023-09-07,1.0772032457,1.0057499492,1.0057499492,0.8978586130,0.8978586130,0.9642239875,0.9597699925,1.0510590632,0.8427234964,0.7393032771
2023-09-11,1.0772032457,1.0057499492,1.0057499492,0.8978586130,0.8978586130,0.9642239875,0.9597699925,1.0510590632,0.8475368190,0.7410873756
2023-09-12,1.0772032457,1.0057499492,1.0057499492,0.8978586130,0.8978586130,0.9642239875,0.9597699925,1.0510590632,0.8463954643,0.7397222550
2023-09-13,1.0772032457,1.0057499492,1.0057499492,0.8978586130,0.8978586130,0.9642239875,0.9597699925,1.0510590632,0.8407295364,0.7350112121
2023-09-14,1.0772032457,1.0057499492,1.0057499492,0.8978586130,0.8978586130,0.9642239875,0.9597699925,1.0510590632,0.8384632625,0.7343935639
2023-09-15,1.0772032457,1.0057499492,1.0057499492,0.8978586130,0.8978586130,0.9642239875,0.9597699925,1.0510590632,0.8373807354,0.7295290924
2023-09-18,1.0772032457,1.0057499492,1.0057499492,0.8978586130,0.8978586130,0.9642239875,0.9597699925,1.0510590632,0.8408666107,0.7332526850
2023-09-19,1.0772032457,1.0057499492,1.0057499492,0.8978586130,0.8978586130,0.9642239875,0.9597699925,1.0510590632,0.8363439387,0.7318344545
2023-09-20,1.0772032457,1.0057499492,1.0057499492,0.8978586130,0.8978586130,0.9642239875,0.9597699925,1.0510590632,0.8319883219,0.7289212794
2023-09-21,1.0772032457,1.0057499492,1.0057499492,0.8978586130,0.8978586130,0.9642239875,0.9597699925,1.0510590632,0.8252830795,0.7223808962
2023-09-22,1.0772032457,1.0057499492,1.0057499492,0.8978586130,0.8978586130,0.9642239875,0.9597699925,1.0510590632,0.8371944117,0.7354596955
2023-09-25,1.0772032457,1.0057499492,1.0057499492,0.8978586130,0.8978586130,0.9642239875,0.9597699925,1.0510590632,0.8318720545,0.7306739053
2023-09-26,1.0772032457,1.0057499492,1.0057499492,0.8978586130,0.8978586130,0.9642239875,0.9597699925,1.0510590632,0.8280947193,0.7264034777
2023-09-27,1.0772032457,1.0057499492,1.0057499492,0.8978586130,0.8978586130,0.9642239875,0.9597699925,1.0510590632,0.8301137697,0.7279003895
2023-09-28,1.0772032457,1.0057499492,1.0057499492,0.8978586130,0.8978586130,0.9642239875,0.9597699925,1.0510590632,0.8328570290,0.7257405877
2023-10-09,1.0772032457,1.0057499492,1.0057499492,0.8978586130,0.8978586130,0.9642239875,0.9597699925,1.0510590632,0.8274820052,0.7247983792
2023-10-10,1.0772032457,1.0057499492,1.0057499492,0.8978586130,0.8978586130,0.9642239875,0.9597699925,1.0510590632,0.8228120089,0.7193693694
2023-10-11,1.0772032457,1.0057499492,1.0057499492,0.8978586130,0.8978586130,0.9642239875,0.9597699925,1.0510590632,0.8220729133,0.7214190173
2023-10-12,1.0772032457,1.0057499492,1.0057499492,0.8978586130,0.8978586130,0.9642239875,0.9597699925,1.0510590632,0.8277797290,0.7282701916
2023-10-13,1.0772032457,1.0057499492,1.0057499492,0.8978586130,0.8978586130,0.9642239875,0.9597699925,1.0510590632,0.8200358058,0.7206046658
2023-10-16,1.0772032457,1.0057499492,1.0057499492,0.8978586130,0.8978586130,0.9642239875,0.9597699925,1.0510590632,0.8155744480,0.7133640190
2023-10-17,1.0772032457,1.0057499492,1.0057499492,0.8978586130,0.8978586130,0.9642239875,0.9597699925,1.0510590632,0.8168650155,0.7158818207
2023-10-18,1.0772032457,1.0057499492,1.0057499492,0.8978586130,0.8978586130,0.9642239875,0.9597699925,1.0510590632,0.8059943204,0.7102128329
2023-10-19,1.0772032457,1.0057499492,1.0057499492,0.8978586130,0.8978586130,0.9642239875,0.9597699925,1.0510590632,0.7943636389,0.6950588143
2023-10-20,1.0772032457,1.0057499492,1.0057499492,0.8978586130,0.8978586130,0.9642239875,0.9597699925,1.0510590632,0.7884601299,0.6905444746
2023-10-23,1.0772032457,1.0057499492,1.0057499492,0.8978586130,0.8978586130,0.9642239875,0.9597699925,1.0510590632,0.7732450239,0.6833943113
2023-10-24,1.0772032457,1.0057499492,1.0057499492,0.8978586130,0.8978586130,0.9642239875,0.9597699925,1.0510590632,0.7838721088,0.6859298163
2023-10-25,1.0772032457,1.0057499492,1.0057499492,0.8978586130,0.8978586130,0.9642239875,0.9597699925,1.0510590632,0.7911218502,0.6893386837
2023-10-26,1.0772032457,1.0057499492,1.0057499492,0.8978586130,0.8978586130,0.9642239875,0.9597699925,1.0510590632,0.7926982568,0.6912427712
2023-10-27,1.0772032457,1.0057499492,1.0057499492,0.8978586130,0.8978586130,0.9642239875,0.9597699925,1.0510590632,0.8034556415,0.7007337031
2023-10-30,1.0772032457,1.0057499492,1.0057499492,0.8978586130,0.8978586130,0.9642239875,0.9597699925,1.0510590632,0.8087155178,0.7049392187
2023-10-31,1.0772032457,1.0057499492,1.0057499492,0.8978586130,0.8978586130,0.9642239875,0.9597699925,1.0510590632,0.8064865238,0.7027243401
2023-11-01,1.0772032457,1.0057499492,1.0057499492,0.8978586130,0.8978586130,0.9642239875,0.9597699925,1.0510590632,0.8060300002,0.7024332192
2023-11-02,1.0772032457,1.0057499492,1.0057499492,0.8978586130,0.8978586130,0.9642239875,0.9597699925,1.0510590632,0.8003643076,0.6991207365
2023-11-03,1.0772032457,1.0057499492,1.0057499492,0.8978586130,0.8978586130,0.9642239875,0.9597699925,1.0510590632,0.8062353390,0.7050119989
2023-11-06,1.0772032457,1.0057499492,1.0057499492,0.8978586130,0.8978586130,0.9642239875,0.9597699925,1.0510590632,0.8172239456,0.7145462056
2023-11-07,1.0772032457,1.0057499492,1.0057499492,0.8978586130,0.8978586130,0.9642239875,0.9597699925,1.0510590632,0.8184431194,0.7120185688
2023-11-08,1.0772032457,1.0057499492,1.0057499492,0.8978586130,0.8978586130,0.9642239875,0.9597699925,1.0510590632,0.8184184510,0.7103092175
2023-11-09,1.0772032457,1.0057499492,1.0057499492,0.8978586130,0.8978586130,0.9642239875,0.9597699925,1.0510590632,0.8168548768,0.7106554152
2023-11-10,1.0772032457,1.0057499492,1.0057499492,0.8978586130,0.8978586130,0.9642239875,0.9597699925,1.0510590632,0.8134490056,0.7054742515
2023-11-13,1.0772032457,1.0057499492,1.0057499492,0.8978586130,0.8978586130,0.9642239875,0.9597699925,1.0510590632,0.8180042745,0.7040815925
2023-11-14,1.0772032457,1.0057499492,1.0057499492,0.8978586130,0.8978586130,0.9642239875,0.9597699925,1.0510590632,0.8203961568,0.7046028561
2023-11-15,1.0772032457,1.0057499492,1.0057499492,0.8978586130,0.8978586130,0.9642239875,0.9597699925,1.0510590632,0.8252797024,0.7095578111
2023-11-16,1.0772032457,1.0057499492,1.0057499492,0.8978586130,0.8978586130,0.9642239875,0.9597699925,1.0510590632,0.8195586519,0.7026948346
2023-11-17,1.0772032457,1.0057499492,1.0057499492,0.8978586130,0.8978586130,0.9642239875,0.9597699925,1.0510590632,0.8215723357,0.7018509776
2023-11-20,1.0772032457,1.0057499492,1.0057499492,0.8978586130,0.8978586130,0.9642239875,0.9597699925,1.0510590632,0.8265506049,0.7034737795
2023-11-21,1.0772032457,1.0057499492,1.0057499492,0.8978586130,0.8978586130,0.9642239875,0.9597699925,1.0510590632,0.8261622885,0.7044081199
2023-11-22,1.0772032457,1.0057499492,1.0057499492,0.8978586130,0.8978586130,0.9642239875,0.9597699925,1.0510590632,0.8189492607,0.6971989457
2023-11-23,1.0772032457,1.0057499492,1.0057499492,0.8978586130,0.8978586130,0.9642239875,0.9597699925,1.0510590632,0.8249189893,0.7005625713
2023-11-24,1.0772032457,1.0057499492,1.0057499492,0.8978586130,0.8978586130,0.9642239875,0.9597699925,1.0510590632,0.8183894291,0.6959380778
2023-11-27,1.0772032457,1.0057499492,1.0057499492,0.8978586130,0.8978586130,0.9642239875,0.9597699925,1.0510590632,0.8150849979,0.6908100240
2023-11-28,1.0772032457,1.0057499492,1.0057499492,0.8978586130,0.8978586130,0.9642239875,0.9597699925,1.0510590632,0.8180455146,0.6921043314
2023-11-29,1.0772032457,1.0057499492,1.0057499492,0.8978586130,0.8978586130,0.9642239875,0.9597699925,1.0510590632,0.8124876844,0.6861619261
2023-11-30,1.0772032457,1.0057499492,1.0057499492,0.8978586130,0.8978586130,0.9642239875,0.9597699925,1.0510590632,0.8113044125,0.6877139148
2023-12-01,1.0772032457,1.0057499492,1.0057499492,0.8978586130,0.8978586130,0.9642239875,0.9597699925,1.0510590632,0.8141003442,0.6850938275
2023-12-04,1.0772032457,1.0057499492,1.0057499492,0.8978586130,0.8978586130,0.9642239875,0.9597699925,1.0510590632,0.8131980531,0.6806207955
2023-12-05,1.0772032457,1.0057499492,1.0057499492,0.8978586130,0.8978586130,0.9642239875,0.9597699925,1.0510590632,0.7983917251,0.6676619851
2023-12-06,1.0772032457,1.0057499492,1.0057499492,0.8978586130,0.8978586130,0.9642239875,0.9597699925,1.0510590632,0.8017220362,0.6687123805
2023-12-07,1.0772032457,1.0057499492,1.0057499492,0.8978586130,0.8978586130,0.9642239875,0.9597699925,1.0510590632,0.8005875236,0.6670758094
2023-12-08,1.0772032457,1.0057499492,1.0057499492,0.8978586130,0.8978586130,0.9642239875,0.9597699925,1.0510590632,0.7968683044,0.6686848420
2023-12-11,1.0772032457,1.0057499492,1.0057499492,0.8978586130,0.8978586130,0.9642239875,0.9597699925,1.0510590632,0.8040290956,0.6726169401
2023-12-12,1.0772032457,1.0057499492,1.0057499492,0.8978586130,0.8978586130,0.9642239875,0.9597699925,1.0510590632,0.8078156004,0.6740627090
2023-12-13,1.0772032457,1.0057499492,1.0057499492,0.8978586130,0.8978586130,0.9642239875,0.9597699925,1.0510590632,0.7982834320,0.6628132499
2023-12-14,1.0772032457,1.0057499492,1.0057499492,0.8978586130,0.8978586130,0.9642239875,0.9597699925,1.0510590632,0.7967499531,0.6593414375
2023-12-15,1.0772032457,1.0057499492,1.0057499492,0.8978586130,0.8978586130,0.9642239875,0.9597699925,1.0510590632,0.7948163551,0.6572937566
2023-12-18,1.0772032457,1.0057499492,1.0057499492,0.8978586130,0.8978586130,0.9642239875,0.9597699925,1.0510590632,0.7864790480,0.6548979110
2023-12-19,1.0772032457,1.0057499492,1.0057499492,0.8978586130,0.8978586130,0.9642239875,0.9597699925,1.0510590632,0.7856757265,0.6558165152
2023-12-20,1.0772032457,1.0057499492,1.0057499492,0.8978586130,0.8978586130,0.9642239875,0.9597699925,1.0510590632,0.7764278948,0.6486289783
2023-12-21,1.0772032457,1.0057499492,1.0057499492,0.8978586130,0.8978586130,0.9642239875,0.9597699925,1.0510590632,0.7829025139,0.6551929659
2023-12-22,1.0772032457,1.0057499492,1.0057499492,0.8978586130,0.8978586130,0.9642239875,0.9597699925,1.0510590632,0.7771866517,0.6564439986
2023-12-25,1.0772032457,1.0057499492,1.0057499492,0.8978586130,0.8978586130,0.9642239875,0.9597699925,1.0510590632,0.7760597563,0.6584543058
2023-12-26,1.0772032457,1.0057499492,1.0057499492,0.8978586130,0.8978586130,0.9642239875,0.9597699925,1.0510590632,0.7686329375,0.6539970101
2023-12-27,1.0772032457,1.0057499492,1.0057499492,0.8978586130,0.8978586130,0.9642239875,0.9597699925,1.0510590632,0.7721052304,0.6562728668
2023-12-28,1.0772032457,1.0057499492,1.0057499492,0.8978586130,0.8978586130,0.9642239875,0.9597699925,1.0510590632,0.7862093417,0.6716511271
2023-12-29,1.0772032457,1.0057499492,1.0057499492,0.8978586130,0.8978586130,0.9642239875,0.9597699925,1.0510590632,0.7931386147,0.6749105000
2024-01-02,1.0772032457,1.0057499492,1.0057499492,0.8978586130,0.8978586130,0.9642239875,0.9597699925,1.0510590632,0.7911563551,0.6661060624
2024-01-03,1.0772032457,1.0057499492,1.0057499492,0.8978586130,0.8978586130,0.9642239875,0.9597699925,1.0510590632,0.7903835863,0.6645226012
2024-01-04,1.0772032457,1.0057499492,1.0057499492,0.8978586130,0.8978586130,0.9642239875,0.9597699925,1.0510590632,0.7868862099,0.6583756245
2024-01-05,1.0772032457,1.0057499492,1.0057499492,0.8978586130,0.8978586130,0.9642239875,0.9597699925,1.0510590632,0.7779656860,0.6548467682
2024-01-08,1.0772032457,1.0057499492,1.0057499492,0.8978586130,0.8978586130,0.9642239875,0.9597699925,1.0510590632,0.7653849299,0.6463786931
2024-01-09,1.0772032457,1.0057499492,1.0057499492,0.8978586130,0.8978586130,0.9642239875,0.9597699925,1.0510590632,0.7693561635,0.6476454621
2024-01-10,1.0772032457,1.0057499492,1.0057499492,0.8978586130,0.8978586130,0.9642239875,0.9597699925,1.0510590632,0.7655254918,0.6446221331
2024-01-11,1.0772032457,1.0057499492,1.0057499492,0.8978586130,0.8978586130,0.9642239875,0.9597699925,1.0510590632,0.7731738422,0.6482690114
2024-01-12,1.0772032457,1.0057499492,1.0057499492,0.8978586130,0.8978586130,0.9642239875,0.9597699925,1.0510590632,0.7700959867,0.6460069240
2024-01-15,1.0772032457,1.0057499492,1.0057499492,0.8978586130,0.8978586130,0.9642239875,0.9597699925,1.0510590632,0.7700341007,0.6453676384
2024-01-16,1.0772032457,1.0057499492,1.0057499492,0.8978586130,0.8978586130,0.9642239875,0.9597699925,1.0510590632,0.7694888693,0.6492938353
2024-01-17,1.0772032457,1.0057499492,1.0057499492,0.8978586130,0.8978586130,0.9642239875,0.9597699925,1.0510590632,0.7521286588,0.6351705417
2024-01-18,1.0772032457,1.0057499492,1.0057499492,0.8978586130,0.8978586130,0.9642239875,0.9597699925,1.0510590632,0.7526177119,0.6441500452
2024-01-19,1.0772032457,1.0057499492,1.0057499492,0.8978586130,0.8978586130,0.9642239875,0.9597699925,1.0510590632,0.7477652983,0.6431763641
2024-01-22,1.0772032457,1.0057499492,1.0057499492,0.8978586130,0.8978586130,0.9642239875,0.9597699925,1.0510590632,0.7170618596,0.6331681026
2024-01-23,1.0772032457,1.0057499492,1.0057499492,0.8978586130,0.8978586130,0.9642239875,0.9597699925,1.0510590632,0.7226903620,0.6357311460
2024-01-24,1.0772032457,1.0057499492,1.0057499492,0.8978586130,0.8978586130,0.9642239875,0.9597699925,1.0510590632,0.7355056677,0.6446181990
2024-01-25,1.0772032457,1.0057499492,1.0057499492,0.8978586130,0.8978586130,0.9642239875,0.9597699925,1.0510590632,0.7577178514,0.6575632401
2024-01-26,1.0772032457,1.0057499492,1.0057499492,0.8978586130,0.8978586130,0.9642239875,0.9597699925,1.0510590632,0.7571988277,0.6557732405
2024-01-29,1.0772032457,1.0057499492,1.0057499492,0.8978586130,0.8978586130,0.9642239875,0.9597699925,1.0510590632,0.7434645331,0.6498996813
2024-01-30,1.0772032457,1.0057499492,1.0057499492,0.8978586130,0.8978586130,0.9642239875,0.9597699925,1.0510590632,0.7256813470,0.6383099256
2024-01-31,1.0772032457,1.0057499492,1.0057499492,0.8978586130,0.8978586130,0.9642239875,0.9597699925,1.0510590632,0.7061812612,0.6324698061
2024-02-01,1.0772032457,1.0057499492,1.0057499492,0.8978586130,0.8978586130,0.9642239875,0.9597699925,1.0510590632,0.6998950378,0.6329340257
2024-02-02,1.0772032457,1.0057499492,1.0057499492,0.8978586130,0.8978586130,0.9642239875,0.9597699925,1.0510590632,0.6835418299,0.6254435658
2024-02-05,1.0772032457,1.0057499492,1.0057499492,0.8978586130,0.8978586130,0.9642239875,0.9597699925,1.0510590632,0.6597300364,0.6295330265
2024-02-06,1.0772032457,1.0057499492,1.0057499492,0.8978586130,0.8978586130,0.9642239875,0.9597699925,1.0510590632,0.6846201357,0.6514201975
2024-02-07,1.0772032457,1.0057499492,1.0057499492,0.8978586130,0.8978586130,0.9642239875,0.9597699925,1.0510590632,0.6946448532,0.6577028994
2024-02-08,1.0772032457,1.0057499492,1.0057499492,0.8978586130,0.8978586130,0.9642239875,0.9597699925,1.0510590632,0.7140722520,0.6618926787
2024-02-19,1.0772032457,1.0057499492,1.0057499492,0.8978586130,0.8978586130,0.9642239875,0.9597699925,1.0510590632,0.7264831919,0.6695405012
2024-02-20,1.0772032457,1.0057499492,1.0057499492,0.8978586130,0.8978586130,0.9642239875,0.9597699925,1.0510590632,0.7304375977,0.6709252921
2024-02-21,1.0772032457,1.0057499492,1.0057499492,0.8978586130,0.8978586130,0.9642239875,0.9597699925,1.0510590632,0.7378228760,0.6799775758
2024-02-22,1.0772032457,1.0057499492,1.0057499492,0.8978586130,0.8978586130,0.9642239875,0.9597699925,1.0510590632,0.7475134416,0.6858393328
2024-02-23,1.0772032457,1.0057499492,1.0057499492,0.8978586130,0.8978586130,0.9642239875,0.9597699925,1.0510590632,0.7547343859,0.6864432118
2024-02-26,1.0772032457,1.0057499492,1.0057499492,0.8978586130,0.8978586130,0.9642239875,0.9597699925,1.0510590632,0.7545363380,0.6792871474
2024-02-27,1.0772032457,1.0057499492,1.0057499492,0.8978586130,0.8978586130,0.9642239875,0.9597699925,1.0510590632,0.7684517392,0.6874365632
2024-02-28,1.0772032457,1.0057499492,1.0057499492,0.8978586130,0.8978586130,0.9642239875,0.9597699925,1.0510590632,0.7445357355,0.6786773673
2024-02-29,1.0772032457,1.0057499492,1.0057499492,0.8978586130,0.8978586130,0.9642239875,0.9597699925,1.0510590632,0.7642195247,0.6916243755
2024-03-01,1.0772032457,1.0057499492,1.0057499492,0.8978586130,0.8978586130,0.9642239875,0.9597699925,1.0510590632,0.7686746802,0.6958967701
2024-03-04,1.0772032457,1.0057499492,1.0057499492,0.8978586130,0.8978586130,0.9642239875,0.9597699925,1.0510590632,0.7697194010,0.6965006491
2024-03-05,1.0772032457,1.0057499492,1.0057499492,0.8978586130,0.8978586130,0.9642239875,0.9597699925,1.0510590632,0.7663784199,0.7013474173
2024-03-06,1.0772032457,1.0057499492,1.0057499492,0.8978586130,0.8978586130,0.9642239875,0.9597699925,1.0510590632,0.7681042302,0.6985030882
2024-03-07,1.0772032457,1.0057499492,1.0057499492,0.8978586130,0.8978586130,0.9642239875,0.9597699925,1.0510590632,0.7640628440,0.6943074078
2024-03-08,1.0772032457,1.0057499492,1.0057499492,0.8978586130,0.8978586130,0.9642239875,0.9597699925,1.0510590632,0.7692755649,0.6972953303
2024-03-11,1.0772032457,1.0057499492,1.0057499492,0.8978586130,0.8978586130,0.9642239875,0.9597699925,1.0510590632,0.7793651322,0.7060191196
2024-03-12,1.0772032457,1.0057499492,1.0057499492,0.8978586130,0.8978586130,0.9642239875,0.9597699925,1.0510590632,0.7827185048,0.7076379873
2024-03-13,1.0772032457,1.0057499492,1.0057499492,0.8978586130,0.8978586130,0.9642239875,0.9597699925,1.0510590632,0.7808187675,0.7026948346
2024-03-14,1.0772032457,1.0057499492,1.0057499492,0.8978586130,0.8978586130,0.9642239875,0.9597699925,1.0510590632,0.7787971994,0.7007002636
2024-03-15,1.0772032457,1.0057499492,1.0057499492,0.8978586130,0.8978586130,0.9642239875,0.9597699925,1.0510590632,0.7851452407,0.7022286479
2024-03-18,1.0772032457,1.0057499492,1.0057499492,0.8978586130,0.8978586130,0.9642239875,0.9597699925,1.0510590632,0.7939441621,0.7088260750
2024-03-19,1.0761260425,1.0047441993,1.0047441993,0.8969607544,0.8969607544,0.9632597635,0.9588102225,1.0500080041,0.7905452821,0.7037314607
2024-03-20,1.0789444971,1.0055519895,1.0055519895,0.8993099617,0.8993099617,0.9657826129,0.9613214182,1.0508521853,0.7953463951,0.7052559109
2024-03-21,1.0757580363,1.0053422707,1.0053422707,0.8966540180,0.8966540180,0.9629303546,0.9584823352,1.0506330187,0.7953437331,0.7044120540
2024-03-22,1.0793341479,0.9995224065,0.9995224065,0.8996347392,0.8996347392,0.9661313963,0.9616685906,1.0445509692,0.7869827521,0.6973130336
2024-03-25,1.0797587550,1.0018867282,1.0018867282,0.8999886531,0.8999886531,0.9665114698,0.9620469084,1.0470218038,0.7771461209,0.6935284630
2024-03-26,1.0766030360,1.0049680808,1.0049680808,0.8973583329,0.8973583329,0.9636867290,0.9592352158,1.0502419715,0.7774970897,0.6970671545
2024-03-27,1.0778700744,1.0015355048,1.0015355048,0.8984144207,0.8984144207,0.9648208778,0.9603641257,1.0466547577,0.7606954136,0.6890101892
2024-03-28,1.0819373197,1.0113970526,1.0113970526,0.9018045063,0.9018045063,0.9684615422,0.9639879729,1.0569605690,0.7710105852,0.6925842873
2024-03-29,1.0885124860,1.0222173018,1.0222173018,0.9072849667,0.9072849667,0.9743470917,0.9698463356,1.0682682713,0.7791800482,0.6958338251
2024-04-01,1.0968348339,1.0405511212,1.0405511212,0.9142217187,0.9142217187,0.9817965749,0.9772614077,1.0874280307,0.7931560176,0.7072760533
2024-04-02,1.0991960838,1.0444087008,1.0444087008,0.9161898418,0.9161898418,0.9839101722,0.9793652417,1.0914593946,0.7916499643,0.7043314056
2024-04-03,1.1069347552,1.0543938779,1.0543938779,0.9226400941,0.9226400941,0.9908371960,0.9862602679,1.1018944047,0.7893667664,0.7017978677
2024-04-08,1.1006940305,1.0489323385,1.0489323385,0.9174383938,0.9174383938,0.9852510111,0.9806998870,1.0961868225,0.7780576309,0.6956233526
2024-04-09,1.0971504272,1.0463725746,1.0463725746,0.9144847686,0.9144847686,0.9820790682,0.9775425961,1.0935117410,0.7819465001,0.6950489791
2024-04-10,1.1000529717,1.0463622712,1.0463622712,0.9169040656,0.9169040656,0.9846771879,0.9801287145,1.0935009735,0.7719370618,0.6893878595
2024-04-11,1.1047605679,1.0460092797,1.0460092797,0.9208278894,0.9208278894,0.9888910419,0.9843231036,1.0931320796,0.7741051854,0.6892954089
2024-04-12,1.1030372127,1.0496241430,1.0496241430,0.9193914573,0.9193914573,0.9873484356,0.9827876230,1.0969097928,0.7687406069,0.6837090365
2024-04-15,1.1257532120,1.0599744486,1.0599744486,0.9383254475,0.9383254475,1.0076819350,1.0030271967,1.1077263805,0.7660234270,0.6981155828
2024-04-16,1.1254804187,1.0426475893,1.0426475893,0.9380980718,0.9380980718,1.0074377528,1.0027841425,1.0896189448,0.7412544802,0.6906467603
2024-04-17,1.1427305658,1.0646896194,1.0646896194,0.9524762249,0.9524762249,1.0228786695,1.0181537337,1.1126539701,0.7651928403,0.7013257799
2024-04-18,1.1510373926,1.0787932264,1.0787932264,0.9587595859,0.9587595859,1.0296264663,1.0255549768,1.1273929457,0.7649003071,0.7021912742
2024-04-19,1.1590745280,1.0862909705,1.0862909705,0.9486664143,0.9486664143,1.0255512570,1.0327159295,1.1352284638,0.7617564182,0.6966560447
2024-04-22,1.1327837849,1.0624010426,1.0624010426,0.9368571819,0.9368571819,1.0105765731,1.0092913191,1.1102622928,0.7564916523,0.6945395177
2024-04-23,1.1104004823,1.0375690009,1.0375690009,0.9329309824,0.9329309824,1.0052267816,0.9893481725,1.0843115657,0.7518717778,0.6896848814
2024-04-24,1.1178812911,1.0459064864,1.0459064864,0.9420510057,0.9420510057,1.0135983550,0.9960134475,1.0930246555,0.7594433645,0.6927141115
2024-04-25,1.1257657930,1.0488868696,1.0488868696,0.9471704853,0.9471704853,1.0174641919,1.0030384062,1.0961393052,0.7605405427,0.6944175617
2024-04-26,1.1335834667,1.0632503672,1.0632503672,0.9642969968,0.9642969968,1.0302063545,1.0100038221,1.1111498795,0.7716709887,0.7050375703
2024-04-29,1.1327152008,1.0635637049,1.0635637049,0.9895490430,0.9895490430,1.0528896816,1.0092302118,1.1114773331,0.7857824715,0.7128348873
2024-04-30,1.1310842230,1.0692795949,1.0692795949,0.9818399671,0.9818399671,1.0475285024,1.0077770379,1.1174507244,0.7807275017,0.7089952398
2024-05-06,1.1382055568,1.0867417011,1.0867417011,1.0032643166,1.0032643166,1.0717037380,1.0141220268,1.1356994998,0.7937537571,0.7195168968
2024-05-07,1.1410992141,1.0862276455,1.0862276455,1.0036114565,1.0036114565,1.0724811782,1.0167002267,1.1351622860,0.7955693662,0.7197391715
2024-05-08,1.1360578327,1.0787629162,1.0787629162,0.9920153725,0.9920153725,1.0627324817,1.0122084406,1.1273612700,0.7872334880,0.7140760848
2024-05-09,1.1465906404,1.0925457295,1.0925457295,1.0050546347,1.0050546347,1.0742436859,1.0215929953,1.1417650001,0.7968875043,0.7208308745
2024-05-10,1.1546120073,1.0976109540,1.0976109540,1.0040565234,1.0040565234,1.0728311067,1.0287398984,1.1470584134,0.7955882307,0.7211692041
2024-05-13,1.1498924519,1.0956693194,1.0956693194,0.9917360762,0.9917360762,1.0658997273,1.0245348539,1.1450293080,0.7907662230,0.7208564460
2024-05-14,1.1492099907,1.0914946754,1.0914946754,1.0002461897,1.0002461897,1.0808559141,1.0239267925,1.1406665959,0.7930478065,0.7193536331
2024-05-15,1.1427193593,1.0838731109,1.0838731109,0.9970032296,0.9970032296,1.0772971255,1.0181437489,1.1327016794,0.7877950528,0.7132577993
2024-05-16,1.1456747092,1.0766832100,1.0766832100,1.0030298420,1.0030298420,1.0790193875,1.0207769160,1.1251878730,0.7900564858,0.7160706558
2024-05-17,1.1590896857,1.0826698566,1.0826698566,1.0164643205,1.0164643205,1.0883938427,1.0327294347,1.1314442184,0.7997068111,0.7234686652
2024-05-20,1.1776866500,1.0961174554,1.0961174554,1.0134952608,1.0134952608,1.0848230863,1.0492990174,1.1454976326,0.8035796283,0.7260238404
2024-05-21,1.1626994513,1.0789771317,1.0789771317,1.0020499618,1.0020499618,1.0718296152,1.0359456752,1.1275851359,0.7979820795,0.7231126323
2024-05-22,1.1553568602,1.0743395271,1.0743395271,0.9965033278,0.9965033278,1.0687513329,1.0278775879,1.1226313999,0.7983668402,0.7247433023
2024-05-23,1.1322319995,1.0480756796,1.0480756796,0.9862498132,0.9862498132,1.0553187352,1.0093948035,1.0950911899,0.7840521869,0.7163519415
2024-05-24,1.1295208638,1.0407901959,1.0407901959,0.9891927948,0.9891927948,1.0619670270,1.0035586472,1.0948324206,0.7765960708,0.7084228333
2024-05-27,1.1448676291,1.0528058319,1.0528058319,1.0001519714,1.0001519714,1.0747002200,1.0168152036,1.1052053125,0.7827573852,0.7151559857
2024-05-28,1.1353382006,1.0441149656,1.0441149656,0.9971940951,0.9971940951,1.0723706074,1.0084664098,1.0950778944,0.7749181331,0.7099354813
2024-05-29,1.1435765814,1.0591367614,1.0591367614,0.9930354680,0.9930354680,1.0706326479,1.0186924556,1.1061703665,0.7762393192,0.7107911405
2024-05-30,1.1279134032,1.0479994197,1.0479994197,0.9851219828,0.9851219828,1.0632752754,1.0075756265,1.0888330617,0.7703268146,0.7070124710
2024-05-31,1.1217984664,1.0445952848,1.0445952848,0.9828752437,0.9828752437,1.0596629084,1.0056809266,1.0812179354,0.7703605849,0.7041819112
2024-06-03,1.1118595888,1.0309234446,1.0309234446,0.9841455116,0.9841455116,1.0571992762,1.0016705871,1.0681371911,0.7634932516,0.7059188009
2024-06-04,1.1162205245,1.0357417064,1.0357417064,0.9921239180,0.9921239180,1.0591150761,1.0046759283,1.0739503537,0.7668361919,0.7112140525
2024-06-05,1.0963193722,1.0206447483,1.0206447483,0.9843160684,0.9843160684,1.0464111097,0.9902089903,1.0542711265,0.7567176656,0.7071068885
2024-06-06,1.0966121170,1.0106794858,1.0106794858,0.9821127452,0.9821127452,1.0383458096,0.9895379428,1.0441221991,0.7448891292,0.7066072623
2024-06-07,1.0965722602,1.0142860107,1.0142860107,0.9842326178,0.9842326178,1.0497577916,0.9879284085,1.0503811275,0.7491546386,0.7030390653
2024-06-11,1.0876631398,1.0088721752,1.0088721752,0.9837871947,0.9837871947,1.0443146368,0.9803216367,1.0406389939,0.7462918779,0.6968960227
2024-06-12,1.0948617936,1.0149320993,1.0149320993,0.9878851387,0.9878851387,1.0517728363,0.9863562122,1.0454955460,0.7506408170,0.6971399347
2024-06-13,1.0793093698,1.0053664347,1.0053664347,0.9823493317,0.9823493317,1.0470147532,0.9780229666,1.0243851266,0.7437508698,0.6936012432
2024-06-14,1.0836599173,1.0064513430,1.0064513430,0.9784924801,0.9784924801,1.0447989622,0.9842470902,1.0271916277,0.7461361709,0.6966304733
2024-06-17,1.0733945283,1.0036393644,1.0036393644,0.9709522230,0.9709522230,1.0359293876,0.9793723989,1.0183223776,0.7410844014,0.6955820449
2024-06-18,1.0807008002,1.0157471814,1.0157471814,0.9704790069,0.9704790069,1.0404117248,0.9888114139,1.0226783175,0.7460928191,0.6974290885
2024-06-19,1.0720497508,1.0080065775,1.0080065775,0.9581597601,0.9581597601,1.0290454285,0.9796348783,1.0144895941,0.7405434397,0.6941166057
2024-06-20,1.0740298113,1.0098683511,1.0098683511,0.9428248702,0.9428248702,1.0285687747,0.9814442498,1.0163633418,0.7299185901,0.6891065738
2024-06-21,1.0695390478,1.0056458614,1.0056458614,0.9393297083,0.9393297083,1.0250937657,0.9773406077,1.0121136950,0.7289205171,0.6875998269
2024-06-24,1.0634927518,0.9999607650,0.9999607650,0.9217499167,0.9217499167,1.0111016917,0.9718155261,1.0063920348,0.7137168653,0.6838998387
2024-06-25,1.0624105792,0.9989432403,0.9989432403,0.9256235370,0.9256235370,1.0107111066,0.9708266410,1.0053679659,0.7125505157,0.6801801802
2024-06-26,1.0637189346,1.0001734358,1.0001734358,0.9293276881,0.9293276881,1.0128386025,0.9720222110,1.0066060734,0.7230207962,0.6845784649
2024-06-27,1.0597767187,0.9964667240,0.9964667240,0.9183562448,0.9183562448,1.0096460789,0.9684198295,1.0028755218,0.7119280588,0.6794366419
2024-06-28,1.0696013672,1.0057044579,1.0057044579,0.9098560485,0.9098560485,1.0115390596,0.9773975550,1.0121726684,0.7143653722,0.6809197844
2024-07-01,1.0935550917,1.0282272110,1.0282272110,0.9299774584,0.9299774584,1.0353239764,0.9992863749,1.0348402771,0.7227756156,0.6841693222
2024-07-02,1.1002571172,1.0345288642,1.0345288642,0.9307452605,0.9307452605,1.0382374426,1.0054106596,1.0411824595,0.7206717717,0.6829123884
2024-07-03,1.0887388463,1.0236986832,1.0236986832,0.9327900550,0.9327900550,1.0282813624,0.9948853087,1.0302826240,0.7176180456,0.6812640151
2024-07-04,1.0848169405,1.0200110681,1.0200110681,0.9118925161,0.9118925161,1.0198132194,0.9913014864,1.0265712919,0.7058270020,0.6778020378
2024-07-05,1.0741395258,1.0099715115,1.0099715115,0.9083456940,0.9083456940,1.0134873531,0.9815445066,1.0164671656,0.7087168187,0.6749006649
2024-07-08,1.0715012480,1.0074908417,1.0074908417,0.8902882547,0.8902882547,1.0053685050,0.9791336586,1.0139705413,0.6962198813,0.6691372595
2024-07-09,1.0800483638,1.0155273614,1.0155273614,0.8890945603,0.8890945603,1.0028571874,0.9869439796,1.0220587481,0.7040192374,0.6766218183
2024-07-10,1.0549071279,0.9918880376,0.9918880376,0.8864600684,0.8864600684,0.9886119827,0.9639700164,0.9982673875,0.6986690684,0.6744895551
2024-07-11,1.0550019483,0.9919771935,0.9919771935,0.9040247477,0.9040247477,0.9897188248,0.9640566629,0.9983571168,0.7129048953,0.6822003226
2024-07-12,1.0487208963,0.9860713653,0.9860713653,0.9093269493,0.9093269493,0.9841520604,0.9583170622,0.9924133051,0.7116978867,0.6830323774
2024-07-15,1.0599482860,0.9966280420,0.9966280420,0.9096414092,0.9096414092,0.9996466921,0.9685766070,1.0030378774,0.7076802422,0.6837896849
2024-07-16,1.0585999663,0.9953602695,0.9953602695,0.9125676344,0.9125676344,0.9994681916,0.9673445177,1.0017619512,0.7081119044,0.6881230576
2024-07-17,1.0466739707,0.9841467209,0.9841467209,0.9247212579,0.9247212579,0.9958775080,0.9564465895,0.9904762823,0.7055360860,0.6887721783
2024-07-18,1.0466739707,0.9841467209,0.9841467209,0.9247212579,0.9247212579,0.9958775080,0.9564465895,0.9904762823,0.7084522811,0.6925783862
2024-07-19,1.0466739707,0.9841467209,0.9841467209,0.9247212579,0.9247212579,0.9958775080,0.9564465895,0.9904762823,0.7084415561,0.6961367481
2024-07-22,1.0466739707,0.9841467209,0.9841467209,0.9247212579,0.9247212579,0.9958775080,0.9564465895,0.9904762823,0.7058637937,0.6913961997
2024-07-23,1.0466739707,0.9841467209,0.9841467209,0.9247212579,0.9247212579,0.9958775080,0.9564465895,0.9904762823,0.6905701191,0.6766355876
2024-07-24,1.0466739707,0.9841467209,0.9841467209,0.9247212579,0.9247212579,0.9958775080,0.9564465895,0.9904762823,0.6830217869,0.6723651599
2024-07-25,1.0466739707,0.9841467209,0.9841467209,0.9247212579,0.9247212579,0.9958775080,0.9564465895,0.9904762823,0.6830547740,0.6686474684
2024-07-26,1.0466739707,0.9841467209,0.9841467209,0.9247212579,0.9247212579,0.9958775080,0.9564465895,0.9904762823,0.6910403904,0.6706184350
2024-07-29,1.0466739707,0.9841467209,0.9841467209,0.9247212579,0.9247212579,0.9958775080,0.9564465895,0.9904762823,0.6894442748,0.6669695897
2024-07-30,1.0466739707,0.9841467209,0.9841467209,0.9247212579,0.9247212579,0.9958775080,0.9564465895,0.9904762823,0.6892820093,0.6627680082
2024-07-31,1.0466739707,0.9841467209,0.9841467209,0.9247212579,0.9247212579,0.9958775080,0.9564465895,0.9904762823,0.7099769835,0.6770683347
2024-08-01,1.0466739707,0.9841467209,0.9841467209,0.9247212579,0.9247212579,0.9958775080,0.9564465895,0.9904762823,0.7061028859,0.6725815335
2024-08-02,1.0466739707,0.9841467209,0.9841467209,0.9247212579,0.9247212579,0.9958775080,0.9564465895,0.9904762823,0.6994272746,0.6657205240
2024-08-05,1.0466739707,0.9841467209,0.9841467209,0.9247212579,0.9247212579,0.9958775080,0.9564465895,0.9904762823,0.6885175752,0.6576419214
2024-08-06,1.0466739707,0.9841467209,0.9841467209,0.9247212579,0.9247212579,0.9958775080,0.9564465895,0.9904762823,0.6954381999,0.6575750423
2024-08-07,1.0466739707,0.9841467209,0.9841467209,0.9247212579,0.9247212579,0.9958775080,0.9564465895,0.9904762823,0.6952019689,0.6572819544
2024-08-08,1.0466739707,0.9841467209,0.9841467209,0.9247212579,0.9247212579,0.9958775080,0.9564465895,0.9904762823,0.6957179083,0.6575671742
2024-08-09,1.0466739707,0.9841467209,0.9841467209,0.9247212579,0.9247212579,0.9958775080,0.9564465895,0.9904762823,0.6915014698,0.6553424604
2024-08-12,1.0466739707,0.9841467209,0.9841467209,0.9247212579,0.9247212579,0.9958775080,0.9564465895,0.9904762823,0.6878114242,0.6542074826
2024-08-13,1.0466739707,0.9841467209,0.9841467209,0.9247212579,0.9247212579,0.9958775080,0.9564465895,0.9904762823,0.6903592347,0.6558853613
2024-08-14,1.0466739707,0.9841467209,0.9841467209,0.9247212579,0.9247212579,0.9958775080,0.9564465895,0.9904762823,0.6845635909,0.6509382745
2024-08-15,1.0466739707,0.9841467209,0.9841467209,0.9247212579,0.9247212579,0.9958775080,0.9564465895,0.9904762823,0.6903998691,0.6573724379
2024-08-16,1.0466739707,0.9841467209,0.9841467209,0.9247212579,0.9247212579,0.9958775080,0.9564465895,0.9904762823,0.6868697998,0.6580963059
2024-08-19,1.0466739707,0.9841467209,0.9841467209,0.9247212579,0.9247212579,0.9958775080,0.9564465895,0.9904762823,0.6877532108,0.6603269208
2024-08-20,1.0466739707,0.9841467209,0.9841467209,0.9247212579,0.9247212579,0.9958775080,0.9564465895,0.9904762823,0.6777751696,0.6555529328
2024-08-21,1.0466739707,0.9841467209,0.9841467209,0.9247212579,0.9247212579,0.9958775080,0.9564465895,0.9904762823,0.6749295968,0.6533773949
2024-08-22,1.0466739707,0.9841467209,0.9841467209,0.9247212579,0.9247212579,0.9958775080,0.9564465895,0.9904762823,0.6681291563,0.6517054172
2024-08-23,1.0466739707,0.9841467209,0.9841467209,0.9247212579,0.9247212579,0.9958775080,0.9564465895,0.9904762823,0.6687716680,0.6544690979
2024-08-26,1.0466739707,0.9841467209,0.9841467209,0.9247212579,0.9247212579,0.9958775080,0.9564465895,0.9904762823,0.6710093633,0.6538848893
2024-08-27,1.0466739707,0.9841467209,0.9841467209,0.9247212579,0.9247212579,0.9958775080,0.9564465895,0.9904762823,0.6648832212,0.6501691648
2024-08-28,1.0466739707,0.9841467209,0.9841467209,0.9247212579,0.9247212579,0.9958775080,0.9564465895,0.9904762823,0.6645403847,0.6464652425
2024-08-29,1.0466739707,0.9841467209,0.9841467209,0.9247212579,0.9247212579,0.9958775080,0.9564465895,0.9904762823,0.6683547677,0.6447303198
2024-08-30,1.0466739707,0.9841467209,0.9841467209,0.9247212579,0.9247212579,0.9958775080,0.9564465895,0.9904762823,0.6794815726,0.6533360872
2024-09-02,1.0466739707,0.9841467209,0.9841467209,0.9247212579,0.9247212579,0.9958775080,0.9564465895,0.9904762823,0.6682654378,0.6422380896
2024-09-03,1.0466739707,0.9841467209,0.9841467209,0.9247212579,0.9247212579,0.9958775080,0.9564465895,0.9904762823,0.6720872911,0.6438943310
2024-09-04,1.0466739707,0.9841467209,0.9841467209,0.9247212579,0.9247212579,0.9958775080,0.9564465895,0.9904762823,0.6672267730,0.6397104528
2024-09-05,1.0466739707,0.9841467209,0.9841467209,0.9247212579,0.9247212579,0.9958775080,0.9564465895,0.9904762823,0.6710800029,0.6408119910
2024-09-06,1.0466739707,0.9841467209,0.9841467209,0.9247212579,0.9247212579,0.9958775080,0.9564465895,0.9904762823,0.6624747763,0.6356170581
2024-09-09,1.0466739707,0.9841467209,0.9841467209,0.9247212579,0.9247212579,0.9958775080,0.9564465895,0.9904762823,0.6569536250,0.6280636532
2024-09-10,1.0466739707,0.9841467209,0.9841467209,0.9247212579,0.9247212579,0.9958775080,0.9564465895,0.9904762823,0.6576679328,0.6286163893
2024-09-11,1.0466739707,0.9841467209,0.9841467209,0.9247212579,0.9247212579,0.9958775080,0.9564465895,0.9904762823,0.6551629185,0.6267221370
2024-09-12,1.0466739707,0.9841467209,0.9841467209,0.9247212579,0.9247212579,0.9958775080,0.9564465895,0.9904762823,0.6533175981,0.6240351705
2024-09-13,1.0466739707,0.9841467209,0.9841467209,0.9247212579,0.9247212579,0.9958775080,0.9564465895,0.9904762823,0.6490594653,0.6214347535
2024-09-18,1.0466739707,0.9841467209,0.9841467209,0.9247212579,0.9247212579,0.9958775080,0.9564465895,0.9904762823,0.6493965087,0.6237479838
2024-09-19,1.0466739707,0.9841467209,0.9841467209,0.9247212579,0.9247212579,0.9958775080,0.9564465895,0.9904762823,0.6600362498,0.6286714662
2024-09-20,1.0466739707,0.9841467209,0.9841467209,0.9247212579,0.9247212579,0.9958775080,0.9564465895,0.9904762823,0.6591777813,0.6296569495
2024-09-23,1.0466739707,0.9841467209,0.9841467209,0.9247212579,0.9247212579,0.9958775080,0.9564465895,0.9904762823,0.6612606138,0.6319603446
2024-09-24,1.0466739707,0.9841467209,0.9841467209,0.9247212579,0.9247212579,0.9958775080,0.9564465895,0.9904762823,0.6878137895,0.6593316023
2024-09-25,1.0466739707,0.9841467209,0.9841467209,0.9247212579,0.9247212579,0.9958775080,0.9564465895,0.9904762823,0.6970436538,0.6690920178
2024-09-26,1.0466739707,0.9841467209,0.9841467209,0.9247212579,0.9247212579,0.9958775080,0.9564465895,0.9904762823,0.7267268975,0.6973759786
2024-09-27,1.0466739707,0.9841467209,0.9841467209,0.9247212579,0.9247212579,0.9958775080,0.9564465895,0.9904762823,0.7599252260,0.7285259058
2024-09-30,1.0466739707,0.9841467209,0.9841467209,0.9247212579,0.9247212579,0.9958775080,0.9564465895,0.9904762823,0.8314825645,0.7903241670
2024-10-08,1.0466739707,0.9841467209,0.9841467209,0.9247212579,0.9247212579,0.9958775080,0.9564465895,0.9904762823,0.8797936109,0.8371887171
2024-10-09,1.0466739707,0.9841467209,0.9841467209,0.9247212579,0.9247212579,0.9958775080,0.9564465895,0.9904762823,0.8091658397,0.7781541367
2024-10-10,1.0466739707,0.9841467209,0.9841467209,0.9247212579,0.9247212579,0.9958775080,0.9564465895,0.9904762823,0.8158505198,0.7863782997
2024-10-11,1.0466739707,0.9841467209,0.9841467209,0.9247212579,0.9247212579,0.9958775080,0.9564465895,0.9904762823,0.7907614009,0.7646189858
2024-10-14,1.0466739707,0.9841467209,0.9841467209,0.9247212579,0.9247212579,0.9958775080,0.9564465895,0.9904762823,0.8103050220,0.7792084661
2024-10-15,1.0466739707,0.9841467209,0.9841467209,0.9247212579,0.9247212579,0.9958775080,0.9564465895,0.9904762823,0.7931542725,0.7584857784
2024-10-16,1.0466739707,0.9841467209,0.9841467209,0.9247212579,0.9247212579,0.9958775080,0.9564465895,0.9904762823,0.7943781205,0.7536862190
2024-10-17,1.0466739707,0.9841467209,0.9841467209,0.9247212579,0.9247212579,0.9958775080,0.9564465895,0.9904762823,0.7862050459,0.7451551989
2024-10-18,1.0456272967,0.9831625742,0.9831625742,0.9237965366,0.9237965366,0.9948816305,0.9554901429,0.9894858061,0.8093746569,0.7721055116
2024-10-21,1.0653337947,1.0004148929,1.0004148929,0.9285353511,0.9285353511,1.0011025743,0.9678204173,1.0068490835,0.8175924265,0.7740666431
2024-10-22,1.0605284474,1.0024685093,1.0024685093,0.9446732687,0.9446732687,1.0174112867,0.9673059919,1.0089159077,0.8264546181,0.7785082025
2024-10-23,1.0570645262,0.9958023466,0.9958023466,0.9549766148,0.9549766148,1.0257380090,0.9741931821,1.0022068714,0.8294516088,0.7815433337
2024-10-24,1.0508616805,0.9881636212,0.9881636212,0.9399211770,0.9399211770,1.0118320786,0.9620565366,0.9945190174,0.8236451120,0.7728136433
2024-10-25,1.0599793906,1.0019178630,1.0019178630,0.9644114230,0.9644114230,1.0360042804,0.9831328398,1.0083617200,0.8356101938,0.7782406861
2024-10-28,1.0777689549,1.0186037513,1.0186037513,0.9795878141,0.9795878141,1.0487526554,0.9910194725,1.0251549239,0.8517710609,0.7797631693
2024-10-29,1.0722604875,1.0089383989,1.0089383989,0.9615103158,0.9615103158,1.0286593644,0.9822369328,1.0154274086,0.8395641668,0.7719914237
2024-10-30,1.0749709278,1.0096913596,1.0096913596,0.9616464316,0.9616464316,1.0287922508,0.9829230500,1.0161852119,0.8399595633,0.7650674692
2024-10-31,1.0957167964,1.0263228280,1.0263228280,0.9626038216,0.9626038216,1.0279102984,1.0007444200,1.0329236460,0.8459372560,0.7653802274
2024-11-01,1.0664783829,0.9900129330,0.9900129330,0.9574134394,0.9574134394,1.0232566321,0.9712375735,0.9963802231,0.8356932345,0.7651795901
2024-11-04,1.0881917555,1.0146332730,1.0146332730,0.9688743446,0.9688743446,1.0325325023,0.9962929974,1.0211589093,0.8457905161,0.7759471262
2024-11-05,1.1359218243,1.0604735999,1.0604735999,0.9929733761,0.9929733761,1.0561425228,1.0422723888,1.0672940594,0.8678313690,0.7955800779
2024-11-06,1.1362383116,1.0675883409,1.0675883409,0.9923389680,0.9923389680,1.0589674687,1.0409650765,1.0744545589,0.8710650361,0.7915889689
2024-11-07,1.1871758136,1.1101371670,1.1101371670,1.0307970439,1.0307970439,1.0843133035,1.0801021922,1.1172770387,0.8938013075,0.8154726779
2024-11-08,1.1824512277,1.1013263687,1.1013263687,1.0173637249,1.0173637249,1.0747364074,1.0766513500,1.1084095736,0.8886627761,0.8072799874
2024-11-11,1.2045265459,1.1319935096,1.1319935096,1.0248317724,1.0248317724,1.0822110544,1.1028076871,1.1392739510,0.8959460230,0.8126067115
2024-11-12,1.1837616794,1.1047397516,1.1047397516,1.0187944587,1.0187944587,1.0763223963,1.0842242524,1.1118449098,0.8867933032,0.8036783508
2024-11-13,1.1824409037,1.1163589501,1.1163589501,1.0190580058,1.0190580058,1.0804217784,1.0902744954,1.1235388375,0.8884754960,0.8086254377
2024-11-14,1.1560180440,1.0870505959,1.0870505959,0.9963074418,0.9963074418,1.0583048363,1.0630087895,1.0940419859,0.8682156830,0.7946063968
2024-11-15,1.1287092423,1.0638250064,1.0638250064,0.9717581190,0.9717581190,1.0336258216,1.0267530383,1.0706670205,0.8527710713,0.7806817735
2024-11-18,1.1075039819,1.0302004018,1.0302004018,0.9671061228,0.9671061228,1.0286040065,1.0074632472,1.0368261585,0.8437003895,0.7770525984
2024-11-19,1.1253388554,1.0561219853,1.0561219853,0.9807345868,0.9807345868,1.0428403962,1.0236870982,1.0629144572,0.8545382151,0.7822672017
2024-11-20,1.1369029879,1.0667566175,1.0667566175,0.9859211429,0.9859211429,1.0501533611,1.0342066437,1.0736174864,0.8656920596,0.7840139266
2024-11-21,1.1421266179,1.0723568107,1.0723568107,0.9868231797,0.9868231797,1.0502533821,1.0389584237,1.0792536972,0.8664700890,0.7847082891
2024-11-22,1.1002217718,1.0280587192,1.0280587192,0.9485630250,0.9485630250,1.0217879371,1.0008388385,1.0346707016,0.8397921996,0.7603957669
2024-11-25,1.0963587214,1.0221245058,1.0221245058,0.9461395452,0.9461395452,1.0232168158,0.9973247371,1.0286983222,0.8426771337,0.7569318227
2024-11-26,1.0902582545,1.0130427734,1.0130427734,0.9475807406,0.9475807406,1.0183231811,0.9917753248,1.0195581804,0.8379059700,0.7553758999
2024-11-27,1.1147676545,1.0409041511,1.0409041511,0.9639431879,0.9639431879,1.0318817846,1.0140707930,1.0475987492,0.8519069854,0.7685274794
2024-11-28,1.1141290750,1.0341932748,1.0341932748,0.9649117689,0.9649117689,1.0330273493,1.0134898962,1.0408447117,0.8503489582,0.7617431842
2024-11-29,1.1354985724,1.0585144295,1.0585144295,0.9794368294,0.9794368294,1.0413436717,1.0329290889,1.0653222884,0.8611451746,0.7704040285
2024-12-02,1.1546390178,1.0732703569,1.0732703569,1.0008399318,1.0008399318,1.0583360644,1.0503405796,1.0801731190,0.8768477355,0.7765116645
2024-12-03,1.1580514725,1.0691957378,1.0691957378,1.0021868594,1.0021868594,1.0635903680,1.0534447876,1.0760722939,0.8782280768,0.7773496204
2024-12-04,1.1398678679,1.0573484131,1.0573484131,0.9836987522,0.9836987522,1.0491134873,1.0369037064,1.0641487728,0.8692755341,0.7731539400
2024-12-05,1.1522860604,1.0684801491,1.0684801491,0.9874775687,0.9874775687,1.0502677943,1.0482001647,1.0753521029,0.8739299473,0.7713895118
2024-12-06,1.1681437272,1.0830099518,1.0830099518,1.0034914461,1.0034914461,1.0642070407,1.0626254098,1.0899753543,0.8846632573,0.7815295645
2024-12-09,1.1510391496,1.0739730472,1.0739730472,0.9876890333,0.9876890333,1.0548042684,1.0470658872,1.0808803286,0.8808751181,0.7802372241
2024-12-10,1.1643561604,1.0868686114,1.0868686114,1.0016085591,1.0016085591,1.0622277625,1.0591799736,1.0938588310,0.8869857830,0.7859553877
2024-12-11,1.1705338916,1.0891400424,1.0891400424,1.0131150301,1.0131150301,1.0772032582,1.0647996708,1.0961448707,0.8969573125,0.7846158385
2024-12-12,1.1832797918,1.0972192561,1.0972192561,1.0294185432,1.0294185432,1.0899602834,1.0763942351,1.1042760460,0.9071844101,0.7924190566
2024-12-13,1.1465483861,1.0696502810,1.0696502810,0.9960946146,0.9960946146,1.0577879867,1.0429807739,1.0765297605,0.8897707008,0.7736693025
2024-12-16,1.1398241761,1.0740430151,1.0740430151,1.0009010933,1.0009010933,1.0477344986,1.0368639612,1.0809507466,0.8857349345,0.7694716551
2024-12-17,1.1038188278,1.0307045257,1.0307045257,0.9824270883,0.9824270883,1.0254918590,1.0041109727,1.0373335247,0.8689673033,0.7714760612
2024-12-18,1.1059320855,1.0335202341,1.0335202341,0.9810012215,0.9810012215,1.0265327165,1.0060333401,1.0401673424,0.8724987469,0.7753825878
2024-12-19,1.1074072667,1.0316787442,1.0316787442,0.9765694897,0.9765694897,1.0237100469,1.0073752683,1.0383140089,0.8703476110,0.7760848184
2024-12-20,1.1114574273,1.0380286448,1.0380286448,0.9732764316,0.9732764316,1.0246167462,1.0110595783,1.0447047490,0.8707791123,0.7725992368
2024-12-23,1.0674147930,0.9938222839,0.9938222839,0.9559593124,0.9559593124,1.0023313634,0.9709953112,1.0002140739,0.8527242359,0.7737460168
2024-12-24,1.0779557658,1.0046354180,1.0046354180,0.9730348533,0.9730348533,1.0129277093,0.9805841188,1.0110967529,0.8616644469,0.7836047838
2024-12-25,1.0617214341,0.9919433692,0.9919433692,0.9637421471,0.9637421471,1.0015062850,0.9658162328,0.9983230750,0.8538118088,0.7839863881
2024-12-26,1.0772442145,1.0128477814,1.0128477814,0.9685429604,0.9685429604,1.0045552794,0.9799368419,1.0193619344,0.8580893282,0.7843502892
2024-12-27,1.0829968742,1.0154123880,1.0154123880,0.9760665349,0.9760665349,1.0120068394,0.9851698644,1.0219430352,0.8616140562,0.7830815532
2024-12-30,1.0767870261,1.0130202991,1.0130202991,0.9731344656,0.9731344656,1.0053217304,0.9795209513,1.0195355616,0.8581843607,0.7866261458
2024-12-31,1.0477722110,0.9855582867,0.9855582867,0.9572401486,0.9572401486,0.9879486738,0.9531270418,0.9918969266,0.8418698903,0.7740095991
2025-01-02,1.0283962475,0.9794375908,0.9794375908,0.9406211181,0.9406211181,0.9651824719,0.9355013073,0.9857368653,0.8251386780,0.7514851096
2025-01-03,0.9851752553,0.9304238904,0.9304238904,0.9145971156,0.9145971156,0.9411412064,0.8961844634,0.9364079323,0.8043247888,0.7425862544
2025-01-06,0.9801877128,0.9166537092,0.9166537092,0.9164592596,0.9164592596,0.9358579877,0.8916474452,0.9225491879,0.8012128162,0.7413686612
2025-01-07,1.0057315213,0.9399238593,0.9399238593,0.9293637361,0.9293637361,0.9465273741,0.9148838838,0.9459690004,0.8109876536,0.7467071875
2025-01-08,1.0090188381,0.9456897596,0.9456897596,0.9357548863,0.9357548863,0.9482854952,0.9178742576,0.9517719843,0.8100275960,0.7453519021
2025-01-09,1.0085583188,0.9447423832,0.9447423832,0.9294392084,0.9294392084,0.9455400416,0.9174553370,0.9508185148,0.8082277628,0.7435146937
2025-01-10,0.9788327011,0.9121807551,0.9121807551,0.9074877806,0.9074877806,0.9293479155,0.8904148316,0.9180474658,0.7911698509,0.7341909595
2025-01-13,0.9853739829,0.9147730329,0.9147730329,0.9061156945,0.9061156945,0.9291003409,0.8963652400,0.9206564159,0.7918065040,0.7322298281
2025-01-14,1.0239808120,0.9536365209,0.9536365209,0.9321467406,0.9321467406,0.9605959383,0.9314847177,0.9627989918,0.8186857772,0.7515126480
2025-01-15,1.0149964837,0.9414489688,0.9414489688,0.9300425470,0.9300425470,0.9602725634,0.9233119429,0.9518941105,0.8143110869,0.7466914513
2025-01-16,1.0308948698,0.9501858822,0.9501858822,0.9370621019,0.9370621019,0.9737799176,0.9377742293,0.9653700286,0.8194697059,0.7475471104
2025-01-17,1.0212880996,0.9504535390,0.9504535390,0.9319967379,0.9319967379,0.9625298392,0.9290352378,0.9607622568,0.8201092292,0.7498996813
2025-01-20,1.0320375798,0.9585300979,0.9585300979,0.9324456218,0.9324456218,0.9659167032,0.9388137184,0.9679639230,0.8238375231,0.7533105158
2025-01-21,1.0268139608,0.9623706263,0.9623706263,0.9276859363,0.9276859363,0.9594583335,0.9340619484,0.9694349963,0.8224424094,0.7538868563
2025-01-22,1.0153156439,0.9544786235,0.9544786235,0.9140974457,0.9140974457,0.9481430721,0.9236022735,0.9589680048,0.8140680476,0.7468861875
2025-01-23,1.0130156202,0.9479593366,0.9479593366,0.9149016197,0.9149016197,0.9487463884,0.9215100107,0.9567716444,0.8138825061,0.7482080334
2025-01-24,1.0207200949,0.9564789730,0.9564789730,0.9199289454,0.9199289454,0.9591832866,0.9285185409,0.9651769110,0.8215864787,0.7539360321
2025-01-27,1.0070475048,0.9341431274,0.9341431274,0.9165049460,0.9165049460,0.9564240393,0.9160809946,0.9448221413,0.8177467992,0.7508320548
2025-02-05,0.9931345294,0.9281607995,0.9281607995,0.9008268557,0.9008268557,0.9435603591,0.9034247771,0.9374245044,0.8157850355,0.7465045832
2025-02-06,1.0015428638,0.9472820822,0.9472820822,0.9066718055,0.9066718055,0.9484566475,0.9110735874,0.9547871901,0.8279393490,0.7558971635
2025-02-07,1.0194730876,0.9630497164,0.9630497164,0.9173627932,0.9173627932,0.9593805795,0.9273841757,0.9718732864,0.8394402289,0.7657067548
2025-02-10,1.0362547499,0.9799434680,0.9799434680,0.9260457504,0.9260457504,0.9704108017,0.9426499519,0.9872753886,0.8478494988,0.7673511940
2025-02-11,1.0408983150,0.9781533379,0.9781533379,0.9215401568,0.9215401568,0.9728555015,0.9468740642,0.9877175669,0.8453679283,0.7638262717
2025-02-12,1.0476484754,0.9940239208,0.9940239208,0.9280762116,0.9280762116,0.9747408786,0.9530144832,0.9986325857,0.8527819298,0.7710492152
2025-02-13,1.0465602315,0.9842951361,0.9842951361,0.9332793416,0.9332793416,0.9739004173,0.9520245403,0.9913661819,0.8506286204,0.7681537433
2025-02-14,1.0395494837,0.9791393128,0.9791393128,0.9306784053,0.9306784053,0.9695779361,0.9456470727,0.9866465309,0.8522221619,0.7748160825
2025-02-17,1.0463052974,0.9898790106,0.9898790106,0.9281105923,0.9281105923,0.9671746506,0.9517926344,0.9991238233,0.8564437878,0.7764664228
2025-02-18,1.0158282053,0.9604785751,0.9604785751,0.9072874627,0.9072874627,0.9415064357,0.9246858155,0.9721207325,0.8404630889,0.7696565561
2025-02-19,1.0444443507,0.9806356938,0.9806356938,0.9143795632,0.9143795632,0.9407860598,0.9475462400,1.0002996102,0.8501068314,0.7750422912
2025-02-20,1.0477368744,0.9770062927,0.9770062927,0.9216025819,0.9216025819,0.9427859038,0.9506731936,1.0009967493,0.8524181645,0.7728274126
2025-02-21,1.0684376695,1.0160607534,1.0160607534,0.9225361127,0.9225361127,0.9379978525,0.9644417152,1.0282863794,0.8587581472,0.7825720917
2025-02-24,1.0658129756,1.0082778174,1.0082778174,0.9253274486,0.9253274486,0.9380396931,0.9681202990,1.0245378884,0.8612083885,0.7808568394
2025-02-25,1.0599729369,0.9918953418,0.9918953418,0.9191394192,0.9191394192,0.9317117640,0.9691578106,1.0135554330,0.8533766680,0.7721881270
2025-02-26,1.0701265894,0.9961079773,0.9961079773,0.9261595704,0.9261595704,0.9374432501,0.9792626492,1.0233441415,0.8629953025,0.7789330816
2025-02-27,1.0670681187,0.9790165436,0.9790165436,0.9199849340,0.9199849340,0.9378600875,0.9814332356,1.0137386734,0.8650499847,0.7805421142
2025-02-28,1.0213242927,0.9298566420,0.9298566420,0.9014338308,0.9014338308,0.9280305360,0.9463222992,0.9654718010,0.8455230486,0.7651854912
2025-03-03,1.0209783071,0.9287940827,0.9287940827,0.9104804344,0.9104804344,0.9350556586,0.9469306654,0.9669054770,0.8473483971,0.7648747000
2025-03-04,1.0307461503,0.9399805163,0.9399805163,0.9206488137,0.9206488137,0.9320417001,0.9475933003,0.9808976204,0.8508123241,0.7642354145
2025-03-05,1.0434358675,0.9528250710,0.9528250710,0.9240402671,0.9240402671,0.9322082093,0.9547873367,0.9922928440,0.8525496816,0.7676482159
2025-03-06,1.0699068105,0.9906470006,0.9906470006,0.9329644998,0.9329644998,0.9382880585,0.9704008440,1.0294091639,0.8650198462,0.7782052795
2025-03-07,1.0680846552,0.9754717622,0.9754717622,0.9447811982,0.9447811982,0.9462303496,0.9698587328,1.0214829929,0.8626006511,0.7757995987
2025-03-10,1.0659620678,0.9649057760,0.9649057760,0.9550261224,0.9550261224,0.9543240376,0.9735882764,1.0152327699,0.8637223712,0.7728077422
2025-03-11,1.0655744731,0.9660963550,0.9660963550,0.9644949738,0.9644949738,0.9585505731,0.9762368695,1.0157799559,0.8697501356,0.7752901373
2025-03-12,1.0723709642,0.9780873391,0.9780873391,0.9603744681,0.9603744681,0.9541296958,0.9741258456,1.0232033788,0.8694143240,0.7724989181
2025-03-13,1.0496882115,0.9600991444,0.9600991444,0.9749404947,0.9749404947,0.9709704733,0.9539448910,1.0008384117,0.8655919141,0.7694205122
2025-03-14,1.0747253898,0.9787565821,0.9787565821,0.9795390683,0.9795390683,0.9771281915,0.9749454122,1.0206319583,0.8808552485,0.7881033872
2025-03-17,1.0783929242,0.9786045335,0.9786045335,0.9751888857,0.9751888857,0.9757273171,0.9838765053,1.0204647772,0.8835949780,0.7861815964
2025-03-18,1.0811972461,0.9804290745,0.9804290745,0.9745941421,0.9745941421,0.9759326324,0.9844746428,1.0220378452,0.8850653363,0.7883315630
2025-03-19,1.0782485054,0.9777551580,0.9777551580,0.9651000084,0.9651000084,0.9664254597,0.9748842570,1.0162343683,0.8818251113,0.7888134860
2025-03-20,1.0784156884,0.9779067594,0.9779067594,0.9590871185,0.9590871185,0.9604043118,0.9688104080,1.0171940952,0.8782028249,0.7818934655
2025-03-21,1.0490214167,0.9512520499,0.9512520499,0.9345033997,0.9345033997,0.9357868301,0.9439774578,0.9921087473,0.8678310482,0.7700342264
2025-03-24,1.0445865905,0.9472305519,0.9472305519,0.9260931028,0.9260931028,0.9273649827,0.9354818968,0.9851605018,0.8637638605,0.7739977969
2025-03-25,1.0290384758,0.9331315299,0.9331315299,0.9103509558,0.9103509558,0.9116012157,0.9195801549,0.9691163372,0.8622999905,0.7734962036
2025-03-26,1.0367682525,0.9401408873,0.9401408873,0.9136924952,0.9136924952,0.9149473443,0.9229555709,0.9764749430,0.8648159764,0.7709508635
2025-03-27,1.0357998709,0.9392627593,0.9392627593,0.9115157713,0.9115157713,0.9127676309,0.9207567793,0.9719186951,0.8627887762,0.7735178410
2025-03-28,1.0259788197,0.9303570354,0.9303570354,0.9019740270,0.9019740270,0.9032127822,0.9111183002,0.9643255148,0.8550449164,0.7701266769
2025-03-31,1.0177930023,0.9229341407,0.9229341407,0.8964068878,0.8964068878,0.8976379972,0.9054947209,0.9594161432,0.8468823787,0.7646465243
2025-04-01,1.0157528130,0.9210840982,0.9210840982,0.8943787799,0.8943787799,0.8956071039,0.9034460519,0.9557815942,0.8513575262,0.7647193045
2025-04-02,1.0181842986,0.9232889680,0.9232889680,0.8970670435,0.8970670435,0.8982990595,0.9061615693,0.9612255688,0.8521582831,0.7640721508
2025-04-03,0.9960445149,0.9032126242,0.9032126242,0.8806849839,0.8806849839,0.8818945011,0.8896134273,0.9423296823,0.8492210166,0.7595696133
2025-04-07,0.8855784561,0.8030420622,0.8030420622,0.7756426005,0.7756426005,0.7767078543,0.7835061172,0.8356813693,0.7723587845,0.7060545261
2025-04-08,0.8738756857,0.7924299963,0.7924299963,0.7715754870,0.7715754870,0.7726351551,0.7793977710,0.8267464980,0.7838099824,0.7181163696
2025-04-09,0.8945025793,0.8111344522,0.8111344522,0.7965747593,0.7965747593,0.7976687610,0.8046504877,0.8434901907,0.7990685638,0.7252035879
2025-04-10,0.9199856822,0.8342425161,0.8342425161,0.8162165307,0.8162165307,0.8173375080,0.8244913886,0.8671927609,0.8148447593,0.7347102561
2025-04-11,0.9423695941,0.8545402352,0.8545402352,0.8324389622,0.8324389622,0.8335822192,0.8408782842,0.8796487749,0.8159699487,0.7377394862
2025-04-14,0.9535101761,0.8646425089,0.8646425089,0.8399385229,0.8399385229,0.8410920797,0.8484538760,0.8911630504,0.8253990610,0.7394350683
2025-04-15,0.9492145926,0.8607472761,0.8607472761,0.8342503280,0.8342503280,0.8353960727,0.8427080138,0.8888126267,0.8249866854,0.7398461781
2025-04-16,0.9362453169,0.8489867439,0.8489867439,0.8236596529,0.8236596529,0.8247908525,0.8320099697,0.8742970517,0.8206881947,0.7421259688
2025-04-17,0.9362453169,0.8489867439,0.8489867439,0.8236596529,0.8236596529,0.8247908525,0.8320099697,0.8742970517,0.8227936441,0.7420079468
2025-04-18,0.9362453169,0.8489867439,0.8489867439,0.8236596529,0.8236596529,0.8247908525,0.8320099697,0.8742970517,0.8210497304,0.7420669578
2025-04-21,0.9362453169,0.8489867439,0.8489867439,0.8236596529,0.8236596529,0.8247908525,0.8320099697,0.8742970517,0.8299179567,0.7444982100
2025-04-22,0.9362453169,0.8489867439,0.8489867439,0.8236596529,0.8236596529,0.8247908525,0.8320099697,0.8742970517,0.8304412816,0.7443152760
2025-04-23,0.9362453169,0.8489867439,0.8489867439,0.8236596529,0.8236596529,0.8247908525,0.8320099697,0.8742970517,0.8305695901,0.7448916165
2025-04-24,0.9362453169,0.8489867439,0.8489867439,0.8236596529,0.8236596529,0.8247908525,0.8320099697,0.8742970517,0.8278615708,0.7443959243
2025-04-25,0.9362453169,0.8489867439,0.8489867439,0.8236596529,0.8236596529,0.8247908525,0.8320099697,0.8742970517,0.8298503725,0.7449132539
2025-04-28,0.9362453169,0.8489867439,0.8489867439,0.8236596529,0.8236596529,0.8247908525,0.8320099697,0.8742970517,0.8226602692,0.7438569574
2025-04-29,0.9362453169,0.8489867439,0.8489867439,0.8236596529,0.8236596529,0.8247908525,0.8320099697,0.8742970517,0.8244049513,0.7425705181
2025-04-30,0.9362453169,0.8489867439,0.8489867439,0.8236596529,0.8236596529,0.8247908525,0.8320099697,0.8742970517,0.8264469675,0.7416833864
2025-05-06,0.9362453169,0.8489867439,0.8489867439,0.8236596529,0.8236596529,0.8247908525,0.8320099697,0.8742970517,0.8412901358,0.7491522090
2025-05-07,0.9362453169,0.8489867439,0.8489867439,0.8236596529,0.8236596529,0.8247908525,0.8320099697,0.8742970517,0.8463437853,0.7536940871
2025-05-08,0.9362453169,0.8489867439,0.8489867439,0.8236596529,0.8236596529,0.8247908525,0.8320099697,0.8742970517,0.8505046247,0.7578779653
2025-05-09,0.9362453169,0.8489867439,0.8489867439,0.8236596529,0.8236596529,0.8247908525,0.8320099697,0.8742970517,0.8455431731,0.7565521854
2025-05-12,0.9362453169,0.8489867439,0.8489867439,0.8236596529,0.8236596529,0.8247908525,0.8320099697,0.8742970517,0.8538974532,0.7652956450
2025-05-13,0.9362453169,0.8489867439,0.8489867439,0.8236596529,0.8236596529,0.8247908525,0.8320099697,0.8742970517,0.8537675420,0.7664070184
2025-05-14,0.9362453169,0.8489867439,0.8489867439,0.8236596529,0.8236596529,0.8247908525,0.8320099697,0.8742970517,0.8587470096,0.7756422361
2025-05-15,0.9362453169,0.8489867439,0.8489867439,0.8236596529,0.8236596529,0.8247908525,0.8320099697,0.8742970517,0.8517662136,0.7685589520
2025-05-16,0.9362453169,0.8489867439,0.8489867439,0.8236596529,0.8236596529,0.8247908525,0.8320099697,0.8742970517,0.8511708192,0.7649966560
2025-05-19,0.9353090716,0.8481377572,0.8481377572,0.8228359933,0.8228359933,0.8239660617,0.8311779597,0.8734227546,0.8555257045,0.7626480192
2025-05-20,0.9457408439,0.8576776900,0.8576776900,0.8274346768,0.8274346768,0.8306947328,0.8386018883,0.8816605670,0.8622429513,0.7667827216
2025-05-21,0.9409492794,0.8562879172,0.8562879172,0.8230377787,0.8230377787,0.8271149027,0.8348663184,0.8802563410,0.8624039517,0.7703646878
2025-05-22,0.9309180114,0.8524445801,0.8524445801,0.8202879023,0.8202879023,0.8216126879,0.8276677045,0.8722534386,0.8556369443,0.7698709627
2025-05-23,0.9182881309,0.8430491672,0.8430491672,0.8070877779,0.8070877779,0.8132240809,0.8182571357,0.8646054408,0.8467888172,0.7636551399
2025-05-26,0.9228948486,0.8394419838,0.8394419838,0.8193372482,0.8193372482,0.8161510614,0.8196129000,0.8630289886,0.8489475282,0.7592961958
2025-05-27,0.9263277667,0.8438747970,0.8438747970,0.8149763099,0.8149763099,0.8145462104,0.8217788320,0.8685880245,0.8480165609,0.7552224714
2025-05-28,0.9224847387,0.8453045169,0.8453045169,0.8107473480,0.8107473480,0.8124593918,0.8215711916,0.8666433782,0.8472556948,0.7546008891
2025-05-29,0.9277676308,0.8423077676,0.8423077676,0.8301644646,0.8301644646,0.8210704515,0.8245682700,0.8663891463,0.8549176577,0.7590188442
2025-05-30,0.9281452082,0.8381757483,0.8381757483,0.8223280866,0.8223280866,0.8167940158,0.8192240944,0.8607927488,0.8482125064,0.7553857351
2025-06-03,0.9471598770,0.8541242794,0.8541242794,0.8282541352,0.8282541352,0.8161213211,0.8307259472,0.8794880877,0.8527417579,0.7577028994
2025-06-04,0.9571024649,0.8630453291,0.8630453291,0.8318996786,0.8318996786,0.8202510576,0.8386222868,0.8900446956,0.8606998458,0.7609937448
2025-06-05,0.9426607625,0.8507382315,0.8507382315,0.8422414264,0.8422414264,0.8209716157,0.8296277724,0.8794675135,0.8601280007,0.7627286675
2025-06-06,0.9373227190,0.8441152203,0.8441152203,0.8381887998,0.8381887998,0.8187042810,0.8219322610,0.8774828446,0.8594839634,0.7620244699
2025-06-09,0.9495819096,0.8455427322,0.8455427322,0.8477805242,0.8477805242,0.8270867396,0.8267912095,0.8833923363,0.8657965607,0.7642413156
2025-06-10,0.9465661158,0.8479809993,0.8479809993,0.8373825247,0.8373825247,0.8183130303,0.8224414809,0.8859327294,0.8609267727,0.7603505252
2025-06-11,0.9536652238,0.8491870151,0.8491870151,0.8438320420,0.8438320420,0.8232012018,0.8236609952,0.8872411342,0.8665895830,0.7660863921
2025-06-12,0.9525959795,0.8505349137,0.8505349137,0.8460744194,0.8460744194,0.8161762957,0.8226921622,0.8922497704,0.8665056953,0.7656084032
2025-06-13,0.9421738566,0.8295495123,0.8295495123,0.8384603495,0.8384603495,0.8126187173,0.8096227350,0.8752631613,0.8564847825,0.7600967780
2025-06-16,0.9383082554,0.8313578002,0.8313578002,0.8516125760,0.8516125760,0.8135682354,0.8078736441,0.8786852953,0.8601963347,0.7619890633
2025-06-17,0.9330500849,0.8262645426,0.8262645426,0.8463521599,0.8463521599,0.8128118082,0.8034837823,0.8727072632,0.8597370075,0.7613163382
2025-06-18,0.9305005963,0.8240068374,0.8240068374,0.8432344223,0.8432344223,0.8089093380,0.7990351285,0.8706156314,0.8562658371,0.7622192061
2025-06-19,0.9207271970,0.8153519823,0.8153519823,0.8351730137,0.8351730137,0.7979862516,0.7876209870,0.8672930030,0.8448610766,0.7559483064
2025-06-20,0.9219615998,0.8164451103,0.8164451103,0.8387894229,0.8387894229,0.7968499825,0.7888110053,0.8643673390,0.8413209228,0.7566466029
2025-06-23,0.9293517731,0.8229894945,0.8229894945,0.8362117245,0.8362117245,0.7996909726,0.7958229266,0.8732752785,0.8477220296,0.7588614816
2025-06-24,0.9366814480,0.8294803041,0.8294803041,0.8486747369,0.8486747369,0.8140679803,0.8028060002,0.8715340217,0.8592147449,0.7679354027
2025-06-25,0.9421508899,0.8343237803,0.8343237803,0.8548965093,0.8548965093,0.8205360411,0.8071638291,0.8740909380,0.8678454365,0.7789586530
2025-06-26,0.9405828390,0.8329351895,0.8329351895,0.8518501427,0.8518501427,0.8186106106,0.8042772331,0.8747844233,0.8656715043,0.7761949723
2025-06-27,0.9315442919,0.8249310843,0.8249310843,0.8486386156,0.8486386156,0.8200513886,0.7976547796,0.8650558979,0.8666533455,0.7714229513
2025-06-30,0.9349600676,0.8279559319,0.8279559319,0.8520157564,0.8520157564,0.8242591441,0.8022321178,0.8674370251,0.8739015613,0.7742397419
2025-07-01,0.9470057533,0.8386230152,0.8386230152,0.8550607507,0.8550607507,0.8261796282,0.8129258683,0.8780550998,0.8767768415,0.7755537197
2025-07-02,0.9489062689,0.8403060210,0.8403060210,0.8610355503,0.8610355503,0.8295962115,0.8093344069,0.8788597584,0.8761298551,0.7757346867
2025-07-03,0.9549323675,0.8456424458,0.8456424458,0.8657172236,0.8657172236,0.8323384487,0.8149102629,0.8823299438,0.8796156864,0.7805322790
2025-07-04,0.9625496033,0.8523879056,0.8523879056,0.8664274156,0.8664274156,0.8286989318,0.8158903562,0.8878954380,0.8775941885,0.7833116960
2025-07-07,0.9597235843,0.8498853183,0.8498853183,0.8656720512,0.8656720512,0.8301798537,0.8156844616,0.8849822873,0.8797235773,0.7799618396
2025-07-08,0.9610255249,0.8510382547,0.8510382547,0.8737732312,0.8737732312,0.8361477178,0.8188138330,0.8879674293,0.8883743559,0.7865081238
2025-07-09,0.9655560360,0.8550502586,0.8550502586,0.8726151212,0.8726151212,0.8330226635,0.8209374058,0.8902681845,0.8878112513,0.7851213659
2025-07-10,0.9707445608,0.8596449681,0.8596449681,0.8760636152,0.8760636152,0.8375263403,0.8247332495,0.8997272579,0.8916078113,0.7887839805
2025-07-11,0.9687751464,0.8579009489,0.8579009489,0.8776488423,0.8776488423,0.8392793290,0.8223358011,0.8949229212,0.8941703364,0.7897261891
2025-07-14,0.9719963662,0.8607535072,0.8607535072,0.8823409699,0.8823409699,0.8450579302,0.8263888254,0.9005868614,0.8956510521,0.7902887604
2025-07-15,0.9619327188,0.8518416222,0.8518416222,0.8754913887,0.8754913887,0.8404284535,0.8180733054,0.8930852214,0.8906450569,0.7905621779
2025-07-16,0.9624567160,0.8523056490,0.8523056490,0.8758883891,0.8758883891,0.8377158134,0.8171428044,0.8935717151,0.8917163666,0.7882292773
2025-07-17,0.9733985447,0.8619952093,0.8619952093,0.8776973358,0.8776973358,0.8382451705,0.8273387713,0.9037304146,0.8981044449,0.7935973091
2025-07-18,0.9752510844,0.8636357299,0.8636357299,0.8779044555,0.8779044555,0.8427211964,0.8318604689,0.9054503643,0.9015154960,0.7983299894
2025-07-21,0.9720704201,0.8608190858,0.8608190858,0.8809230182,0.8809230182,0.8495645209,0.8312009380,0.9024973467,0.9127213653,0.8036527794
2025-07-22,0.9674700841,0.8567452481,0.8567452481,0.8797148593,0.8797148593,0.8525303851,0.8289307579,0.8982262661,0.9222156419,0.8102128329
2025-07-23,0.9687593494,0.8578869599,0.8578869599,0.8766553163,0.8766553163,0.8488096140,0.8261774818,0.8994232561,0.9187755439,0.8103721626
2025-07-24,0.9680210831,0.8572331865,0.8572331865,0.8746108652,0.8746108652,0.8470985366,0.8307635085,0.8987378290,0.9299684046,0.8161296668
2025-07-25,0.9633178224,0.8530682037,0.8530682037,0.8716891073,0.8716891073,0.8450346111,0.8273906532,0.8943711904,0.9264092765,0.8118257996
2025-07-28,0.9714858271,0.8603013981,0.8603013981,0.8713199386,0.8713199386,0.8447364233,0.8361096140,0.9019545942,0.9261428859,0.8135292498
2025-07-29,0.9797607067,0.8676292358,0.8676292358,0.8664515704,0.8664515704,0.8410277178,0.8373858635,0.9096372237,0.9284138579,0.8167158425
2025-07-30,0.9756073833,0.8639512512,0.8639512512,0.8657594599,0.8657594599,0.8448670286,0.8335322838,0.9057811622,0.9272993256,0.8165624139
2025-07-31,0.9732341773,0.8618496534,0.8618496534,0.8546689950,0.8546689950,0.8323004339,0.8302302676,0.9035778114,0.9126530576,0.8016818128
2025-08-01,0.9674197746,0.8567006965,0.8567006965,0.8571114135,0.8571114135,0.8334224098,0.8241314074,0.8981795575,0.9114946305,0.7976179236
2025-08-04,0.9700583638,0.8590373049,0.8590373049,0.8627218019,0.8627218019,0.8381275498,0.8342612147,0.9006292974,0.9169137244,0.8007199339
2025-08-05,0.9856540037,0.8728480579,0.8728480579,0.8719450928,0.8719450928,0.8462534747,0.8460604381,0.9151087254,0.9245224417,0.8071619655
2025-08-06,0.9885425646,0.8754060293,0.8754060293,0.8750243249,0.8750243249,0.8480532082,0.8558187735,0.9177905460,0.9297006096,0.8091368661
2025-08-07,0.9894527931,0.8762120841,0.8762120841,0.8761791318,0.8761791318,0.8491894979,0.8568548730,0.9186356276,0.9306170996,0.8093689760
2025-08-08,0.9930281142,0.8793782176,0.8793782176,0.8760478277,0.8760478277,0.8508618606,0.8587996144,0.9219550557,0.9312013160,0.8074609544
2025-08-11,1.0000663478,0.8856109407,0.8856109407,0.8755917823,0.8755917823,0.8509549167,0.8613301688,0.9284895484,0.9385627478,0.8109111295
2025-08-12,1.0082810446,0.8934815352,0.8934815352,0.8768706315,0.8768706315,0.8510935939,0.8584485380,0.9367412133,0.9404728794,0.8151048428
2025-08-13,1.0333433888,0.9130163238,0.9130163238,0.8799844943,0.8799844943,0.8541159196,0.8797865695,0.9601865014,0.9466754690,0.8215468744
2025-08-14,1.0187034707,0.8919160840,0.8919160840,0.8729829754,0.8729829754,0.8473202217,0.8673221715,0.9418298323,0.9362803778,0.8209036547
2025-08-15,1.0263759422,0.9090707572,0.9090707572,0.8755577938,0.8755577938,0.8498193492,0.8738544989,0.9629764932,0.9482182954,0.8266159172
2025-08-18,1.0529603499,0.9402791885,0.9402791885,0.8848296312,0.8848296312,0.8588186259,0.8964884124,0.9887580989,0.9594760360,0.8339057398
2025-08-19,1.0560730854,0.9521770110,0.9521770110,0.8841314849,0.8841314849,0.8581410027,0.8991385894,1.0051942507,0.9612064867,0.8307506196
2025-08-20,1.0603248936,0.9580340415,0.9580340415,0.8885174835,0.8885174835,0.8623980678,0.9027585707,1.0131511779,0.9698362536,0.8401982769
2025-08-21,1.0631095237,0.9528590994,0.9528590994,0.8908263532,0.8908263532,0.8646390644,0.9051293994,1.0080769852,0.9711329160,0.8434773201
2025-08-22,1.0842440122,0.9760840901,0.9760840901,0.8954862956,0.8954862956,0.8691620203,0.9231232622,1.0281746415,0.9811781999,0.8611668437
2025-08-25,1.1135031398,1.0091952369,1.0091952369,0.9082990746,0.9082990746,0.8815981468,0.9480344270,1.0720328997,0.9981057662,0.8791101145
2025-08-26,1.1110769648,1.0070477919,1.0070477919,0.9039137376,0.9039137376,0.8773417239,0.9459687863,1.0723514925,1.0003643079,0.8758389394
2025-08-27,1.0988719360,0.9950820607,0.9950820607,0.8826302921,0.8826302921,0.8566839399,0.9355774483,1.0631186443,0.9794605104,0.8627660412
2025-08-28,1.1269954174,1.0289893875,1.0289893875,0.8857588975,0.8857588975,0.8597205749,0.9595217262,1.0958537599,0.9883455404,0.8780400488
2025-08-29,1.1297519659,1.0420972604,1.0420972604,0.8865662495,0.8865662495,0.8605041934,0.9618686462,1.1159300184,0.9911969039,0.8845273221
2025-09-01,1.1628535809,1.0741257611,1.0741257611,0.8936405224,0.8936405224,0.8673705066,0.9900512975,1.1640990033,0.9986177554,0.8898284748
2025-09-02,1.1290907670,1.0448950631,1.0448950631,0.8916753050,0.8916753050,0.8654630599,0.9613057028,1.1383412024,0.9875592810,0.8832861246
2025-09-03,1.1343677160,1.0359007921,1.0359007921,0.8842149971,0.8842149971,0.8582220599,0.9657984870,1.1475793329,0.9746594928,0.8772630709
2025-09-04,1.0857336668,0.9797132003,0.9797132003,0.8808907557,0.8808907557,0.8549955400,0.9243915512,1.0840197612,0.9623669035,0.8586510091
2025-09-05,1.1234321462,1.0153131230,1.0153131230,0.8897090440,0.8897090440,0.8635546003,0.9564879639,1.1340159897,0.9813868720,0.8773594555
2025-09-08,1.1244408028,1.0007928443,1.0007928443,0.8923116778,0.8923116778,0.8660807255,0.9573467322,1.1152703313,0.9899644324,0.8787855541
2025-09-09,1.1087244751,0.9905781219,0.9905781219,0.8844868523,0.8844868523,0.8584859235,0.9439658811,1.1137168570,0.9854262022,0.8726267752
2025-09-10,1.1242028382,0.9946366689,0.9946366689,0.8994570989,0.8994570989,0.8730160954,0.9571441296,1.1182799218,0.9865422883,0.8744167749
2025-09-11,1.1825902787,1.0346159819,1.0346159819,0.9397702358,0.9397702358,0.9121441621,1.0068550839,1.1632290620,1.0021588715,0.8946122979
2025-09-12,1.1710827245,1.0196070588,1.0196070588,0.9335524685,0.9335524685,0.9061091762,0.9970575744,1.1463543802,0.9992165201,0.8894921122
2025-09-15,1.1579730770,1.0158807455,1.0158807455,0.9248087831,0.9248087831,0.8976225256,0.9858960458,1.1421648490,0.9997689641,0.8916676502
2025-09-16,1.1798959275,1.0316414585,1.0316414585,0.9319022809,0.9319022809,0.9045074985,1.0045611185,1.1598847758,1.0051643803,0.8897556946
2025-09-17,1.1918903107,1.0467867334,1.0467867334,0.9359961161,0.9359961161,0.9084809887,1.0147731133,1.1769127593,1.0091154345,0.8952004406
2025-09-18,1.1850155814,1.0324804600,1.0324804600,0.9310338594,0.9310338594,0.9036646056,1.0089199820,1.1608280735,0.9949687043,0.8847928715
2025-09-19,1.1833931308,1.0308392856,1.0308392856,0.9317628883,0.9317628883,0.9043722036,1.0075386306,1.1589828848,0.9949960417,0.8855423109
2025-09-22,1.2005615943,1.0339727900,1.0339727900,0.9397947480,0.9397947480,0.9121679537,1.0221558274,1.1625059150,0.9929152047,0.8896121012
2025-09-23,1.1917173163,1.0280536747,1.0280536747,0.9293312712,0.9293312712,0.9020120678,1.0146258261,1.1558509947,0.9842478185,0.8890554310
2025-09-24,1.2037313430,1.0388322055,1.0388322055,0.9400207560,0.9400207560,0.9123873178,1.0248545453,1.1679694043,0.9943049332,0.8981608246
2025-09-25,1.2062461357,1.0467653431,1.0467653431,0.9490618096,0.9490618096,0.9211625949,1.0269956350,1.1768887100,0.9927849653,0.9035544278
2025-09-26,1.1777219093,1.0269615685,1.0269615685,0.9297952513,0.9297952513,0.9024624085,1.0027101636,1.1546231288,0.9859355312,0.8950096385
2025-09-29,1.1959544821,1.0479603399,1.0479603399,0.9387546668,0.9387546668,0.9111584474,1.0182333409,1.1782322568,0.9954158386,0.9087788662
2025-09-30,1.1891161230,1.0438511327,1.0438511327,0.9446789133,0.9446789133,0.9169085410,1.0124111752,1.1736122342,0.9988989557,0.9128388214
2025-10-09,1.2008175295,1.0535966910,1.0535966910,0.9556630005,0.9556630005,0.9275697331,1.0223737302,1.1845692624,1.0084931456,0.9263700382
2025-10-10,1.1699019655,1.0273394150,1.0273394150,0.9342092653,0.9342092653,0.9067466653,0.9960522785,1.1550479453,1.0041539380,0.9081454817
2025-10-13,1.1651059656,1.0209856224,1.0209856224,0.9362951128,0.9362951128,0.9087711960,0.9919689735,1.1479043129,1.0002598031,0.9036508124
2025-10-14,1.1264474910,0.9948585332,0.9948585332,0.9074098373,0.9074098373,0.8807350501,0.9590552227,1.1185293661,0.9928872039,0.8928478697
2025-10-15,1.1425650716,1.0098424929,1.0098424929,0.9156833260,0.9156833260,0.8893586275,0.9727776997,1.1353759814,1.0040506639,0.9060722294
2025-10-16,1.1433442479,1.0033708352,1.0033708352,0.9122379266,0.9122379266,0.8843550565,0.9734410890,1.1280998321,0.9977112235,0.9084582399
2025-10-17,1.0981714895,0.9735557584,0.9735557584,0.8834763270,0.8834763270,0.8591700715,0.9349810895,1.0945784441,0.9780285384,0.8879637279
2025-10-20,1.1205991851,0.9841114512,0.9841114512,0.8988142631,0.8988142631,0.8719392846,0.9540759863,1.1064463147,0.9849284776,0.8926826390
2025-10-21,1.1587571750,1.0163219554,1.0163219554,0.9293174149,0.9293174149,0.8956113644,0.9865636254,1.1426609057,0.9983643311,0.9063830206
2025-10-22,1.1509767999,1.0092753475,1.0092753475,0.9289127959,0.9289127959,0.8952006523,0.9799394291,1.1347383342,0.9959190659,0.9033734608
2025-10-23,1.1448726448,1.0053396790,1.0053396790,0.9249565424,0.9249565424,0.8948888763,0.9747423632,1.1303134228,0.9983081663,0.9060820646
2025-10-24,1.1893517195,1.0418398942,1.0418398942,0.9551640871,0.9551640871,0.9146599898,1.0126117616,1.1713509786,1.0020244182,0.9167709194
2025-10-27,1.2167282142,1.0715830361,1.0715830361,0.9717974063,0.9717974063,0.9247929703,1.0359200565,1.2047914895,1.0112823826,0.9276564774
2025-10-28,1.2149392600,1.0608218421,1.0608218421,0.9694453190,0.9694453190,0.9241158369,1.0343969443,1.1926925719,1.0085856727,0.9229257642
2025-10-29,1.2395038802,1.0804770142,1.0804770142,0.9763780618,0.9763780618,0.9294323880,1.0553112145,1.2147910778,1.0157936815,0.9339155750
2025-10-30,1.2171094438,1.0651115925,1.0651115925,0.9538107518,0.9538107518,0.9110173147,1.0362446346,1.1975155810,1.0066144880,0.9264546206
2025-10-31,1.1853857996,1.0325930213,1.0325930213,0.9387539509,0.9387539509,0.9093675462,1.0092351851,1.1609546273,1.0069574077,0.9128348873
2025-11-03,1.1908716324,1.0299889857,1.0299889857,0.9499502674,0.9499502674,0.9233532936,1.0139058125,1.1580268841,1.0128071721,0.9153389197
2025-11-04,1.1730902228,1.0112009365,1.0112009365,0.9413658774,0.9413658774,0.9151088515,0.9987667547,1.1369032931,1.0053119111,0.9085133168
2025-11-05,1.1839280045,1.0111343867,1.0111343867,0.9381222802,0.9381222802,0.9095709943,1.0079940211,1.1368284705,1.0094611301,0.9101970967
2025-11-06,1.2117218011,1.0395177359,1.0395177359,0.9506833681,0.9506833681,0.9147672636,1.0316576060,1.1687401530,1.0163016707,0.9232070498
2025-11-07,1.2083222701,1.0353840783,1.0353840783,0.9420817123,0.9420817123,0.9049992083,1.0287632518,1.1640926405,1.0163242989,0.9203332153
2025-11-10,1.1998330603,1.0330903571,1.0330903571,0.9404308163,0.9404308163,0.9055329809,1.0215355549,1.1615137869,1.0248631764,0.9235316102
2025-11-11,1.1842526283,1.0155422355,1.0155422355,0.9264319416,0.9264319416,0.8930400134,1.0082704052,1.1417842588,1.0232275792,0.9150969747
2025-11-12,1.1763772432,1.0150804250,1.0150804250,0.9256580074,0.9256580074,0.8910820419,1.0015653175,1.1412650406,1.0209501146,0.9138656123
2025-11-13,1.1962517223,1.0425217469,1.0425217469,0.9313969876,0.9313969876,0.8966066548,1.0184864107,1.1721175924,1.0325107051,0.9249124671
2025-11-14,1.1668401057,1.0207069217,1.0207069217,0.9113811763,0.9113811763,0.8773384911,0.9934454170,1.1475909670,1.0246178602,0.9103701955
2025-11-17,1.1690724702,1.0197350426,1.0197350426,0.9202929154,0.9202929154,0.8859173514,0.9953460479,1.1464982736,1.0247541713,0.9044513946
2025-11-18,1.1579874154,1.0001213163,1.0001213163,0.9280398315,0.9280398315,0.8933748981,0.9859082535,1.1244463656,1.0138910922,0.8985778355
2025-11-19,1.1558433683,1.0092234874,1.0092234874,0.9198514603,0.9198514603,0.8854923859,0.9840828160,1.1346800273,1.0095786813,0.9025315709
2025-11-20,1.1472997121,1.0029537212,1.0029537212,0.9157966730,0.9157966730,0.8815890565,0.9768087636,1.1276308667,1.0038181274,0.8979405169
2025-11-21,1.0927405349,0.9529917747,0.9529917747,0.8918559493,0.8918559493,0.8585425870,0.9303571853,1.0714581522,0.9741829429,0.8760395767
2025-11-24,1.0987627290,0.9546899746,0.9546899746,0.9109290990,0.9109290990,0.8769033002,0.9354844697,1.0733674553,0.9803900925,0.8749459066
2025-11-25,1.1254326112,0.9787568581,0.9787568581,0.9336467805,0.9336467805,0.8987724116,0.9581911560,1.1004260923,0.9909673427,0.8832762894
2025-11-26,1.1485001180,0.9927340506,0.9927340506,0.9442256303,0.9442256303,0.9089561111,0.9778307868,1.1161407891,0.9913140481,0.8886325190
2025-11-27,1.1490547099,0.9932065958,0.9932065958,0.9362519329,0.9362519329,0.9012802541,0.9783029653,1.1166720765,0.9904124101,0.8881938707
2025-11-28,1.1595783541,1.0027821628,1.0027821628,0.9396055681,0.9396055681,0.9045086215,0.9872627757,1.1274379819,0.9978270816,0.8904087494
2025-12-01,1.1787523541,1.0236099457,1.0236099457,0.9530733342,0.9530733342,0.9174733281,1.0035874823,1.1508548658,1.0059398480,0.9002104725
2025-12-02,1.1722110072,1.0158550465,1.0158550465,0.9441282151,0.9441282151,0.9088623347,0.9980181922,1.1421359553,1.0020087669,0.8958515284
2025-12-03,1.1601688810,1.0107039524,1.0107039524,0.9244240351,0.9244240351,0.8898941620,0.9877655491,1.1363445288,0.9952973136,0.8912722766
2025-12-04,1.1661306753,1.0143941247,1.0143941247,0.9242216213,0.9242216213,0.8896993089,0.9928414093,1.1404934263,0.9907450271,0.8943251111
2025-12-05,1.1788261369,1.0336141744,1.0336141744,0.9332984649,0.9332984649,0.8984371065,1.0036503009,1.1621027198,1.0011049946,0.9017939337
2025-12-08,1.2131489371,1.0571814005,1.0571814005,0.9556403644,0.9556403644,0.9199444724,1.0328726668,1.1885995870,1.0077459518,0.9091132617
2025-12-09,1.2235906085,1.0528630813,1.0528630813,0.9590515717,0.9590515717,0.9232282614,1.0417626857,1.1837444578,1.0010822048,0.9044848342
2025-12-10,1.2217480853,1.0569938381,1.0569938381,0.9621890001,0.9621890001,0.9262484978,1.0401939650,1.1891814965,1.0054515702,0.9032279004
2025-12-11,1.2034077425,1.0374499888,1.0374499888,0.9486791965,0.9486791965,0.9120657283,1.0245790325,1.1732570879,0.9919183332,0.8954286164
2025-12-12,1.2142805801,1.0518047649,1.0518047649,0.9487242437,0.9487242437,0.9094296276,1.0338361455,1.1893334992,0.9954034558,0.9010877690
2025-12-15,1.2050740737,1.0348985465,1.0348985465,0.9483426412,0.9483426412,0.9097767972,1.0259977437,1.1752637758,0.9934790384,0.8954050120
2025-12-16,1.1768842883,1.0098353593,1.0098353593,0.9410612603,0.9410612603,0.8983930984,1.0019970147,1.1422815126,0.9812407225,0.8846827177
2025-12-17,1.2081942257,1.0454345378,1.0454345378,0.9424142618,0.9424142618,0.9001267845,1.0286542350,1.1810546098,0.9916344126,0.9008772965
2025-12-18,1.2091894972,1.0344264519,1.0344264519,0.9456456737,0.9456456737,0.9033628538,1.0295016073,1.1658361700,0.9910403509,0.8955486054
2025-12-19,1.2184303412,1.0423238887,1.0423238887,0.9519082803,0.9519082803,0.9112553041,1.0373692441,1.1792114646,1.0025509749,0.8985758684
2025-12-22,1.2469247727,1.0745626800,1.0745626800,0.9554452606,0.9554452606,0.9176848239,1.0616293482,1.2095410909,1.0097368322,0.9071206578
2025-12-23,1.2448725939,1.0762631350,1.0762631350,0.9500134561,0.9500134561,0.9166944193,1.0598821271,1.2136198480,1.0062193309,0.9089126244
2025-12-24,1.2491483371,1.0900792813,1.0900792813,0.9487765706,0.9487765706,0.9218671332,1.0635224866,1.2247973818,1.0137668670,0.9115346788
2025-12-25,1.2442115490,1.0877012426,1.0877012426,0.9531406175,0.9531406175,0.9255177142,1.0593193147,1.2236002632,1.0195270099,0.9132027224
2025-12-26,1.2581947586,1.0963067567,1.0963067567,0.9540090285,0.9540090285,0.9287044222,1.0712245924,1.2418714233,1.0227407810,0.9160942602
2025-12-29,1.2486179260,1.0888843627,1.0888843627,0.9490914142,0.9490914142,0.9237638951,1.0630708956,1.2273174103,1.0198576813,0.9125791731
2025-12-30,1.2542564624,1.0968082887,1.0968082887,0.9422587059,0.9422587059,0.9174784341,1.0678715346,1.2335058674,1.0196922997,0.9149219088
2025-12-31,1.2509937297,1.0921346457,1.0921346457,0.9423171821,0.9423171821,0.9193973942,1.0650936503,1.2287515189,1.0205084808,0.9107242614
2026-01-05,1.2697506250,1.1199646457,1.1199646457,0.9547629109,0.9547629109,0.9304889980,1.0810632348,1.2535148861,1.0348439860,0.9279967741
2026-01-06,1.2937583848,1.1391910553,1.1391910553,0.9673314962,0.9673314962,0.9432932340,1.1015033952,1.2727469914,1.0499132431,0.9423443094
2026-01-07,1.3110368225,1.1497684579,1.1497684579,0.9741520242,0.9741520242,0.9508164443,1.1162142238,1.2818896524,1.0514816990,0.9395865298
2026-01-08,1.3007003833,1.1403079868,1.1403079868,0.9779401486,0.9779401486,0.9605834851,1.1074137993,1.2730095118,1.0555731048,0.9319111688
2026-01-09,1.3188287229,1.1565970614,1.1565970614,0.9826622216,0.9826622216,0.9635837352,1.1220991678,1.2902546669,1.0688692864,0.9360950470
2026-01-12,1.3324320850,1.1942038765,1.1942038765,0.9893664461,0.9893664461,0.9710450127,1.1498121746,1.3322073661,1.0858606445,0.9421928479
2026-01-13,1.3308968029,1.1644766659,1.1644766659,0.9873495845,0.9873495845,0.9621296616,1.1239059254,1.2990448470,1.0757940260,0.9365100909
2026-01-14,1.3439666710,1.1709145333,1.1709145333,0.9894686671,0.9894686671,0.9715377193,1.1308504319,1.3062266813,1.0785654889,0.9327530587
2026-01-15,1.3534170708,1.1669263951,1.1669263951,0.9895764207,0.9895764207,0.9722989179,1.1230719538,1.3017776695,1.0729635439,0.9346217396
2026-01-16,1.3375896062,1.1549420424,1.1549420424,0.9767995092,0.9767995092,0.9665277104,1.1086962578,1.2884083921,1.0652218306,0.9307742240
2026-01-19,1.3448769099,1.1589264831,1.1589264831,0.9785115283,0.9785115283,0.9728088902,1.1183085503,1.2928532791,1.0735709912,0.9312836854
2026-01-20,1.3394392112,1.1364086347,1.1364086347,0.9762705153,0.9762705153,0.9700248010,1.1020624594,1.2677332438,1.0730716941,0.9282190487
2026-01-21,1.3594862684,1.1499377356,1.1499377356,0.9766597131,0.9766597131,0.9738132524,1.1080666287,1.2828257822,1.0755276312,0.9290432354
2026-01-22,1.3845357777,1.1717511421,1.1717511421,0.9944522917,0.9944522917,0.9922275222,1.1417712604,1.3071599696,1.0840924524,0.9291691255
2026-01-23,1.3890280546,1.1867915689,1.1867915689,0.9856472305,0.9856472305,0.9840703821,1.1451724171,1.3239384843,1.0928762722,0.9249970495
2026-01-26,1.4263071987,1.1883817565,1.1883817565,0.9985068140,0.9985068140,0.9899531446,1.1413868431,1.3257124357,1.0868887178,0.9258743460
2026-01-27,1.4315354023,1.2016972168,1.2016972168,1.0033446098,1.0033446098,0.9944072264,1.1535044625,1.3405666450,1.0831974564,0.9256245328
2026-01-28,1.4807989755,1.2221291335,1.2221291335,1.0160074366,1.0160074366,1.0041101206,1.1639583827,1.3633596961,1.0846355925,0.9280439828
2026-01-29,1.4951351590,1.2175877218,1.2175877218,1.0253835895,1.0253835895,1.0113541545,1.1618320418,1.3582934739,1.0887417733,0.9351016956
2026-01-30,1.4707025015,1.1936021269,1.1936021269,1.0339286163,1.0339286163,1.0195324447,1.1670397169,1.3315360778,1.0796869936,0.9257523899
2026-02-02,1.3921740673,1.1448779741,1.1448779741,1.0055599607,1.0055599607,0.9893328522,1.1276073251,1.2771813092,1.0507233246,0.9060112514
2026-02-03,1.4195570168,1.1826122742,1.1826122742,1.0115970303,1.0115970303,1.0009813833,1.1542042101,1.3192762258,1.0724317275,0.9166587985
2026-02-04,1.4166699565,1.1745963456,1.1745963456,1.0135503267,1.0135503267,1.0027359959,1.1529064088,1.3103339678,1.0835187850,0.9242456430
2026-02-05,1.3772358796,1.1427386367,1.1427386367,1.0061097195,1.0061097195,0.9903990996,1.1338851290,1.2747947477,1.0764691289,0.9186868091
2026-02-06,1.3836122954,1.1327632942,1.1327632942,1.0071382653,1.0071382653,0.9915413501,1.1317031195,1.2636666439,1.0733750591,0.9134112278
2026-02-09,1.4017788497,1.1663943150,1.1663943150,1.0218011912,1.0218011912,1.0090545170,1.1465621564,1.3011841018,1.0912320033,0.9282544553
2026-02-10,1.4001353143,1.1656363338,1.1656363338,1.0212710079,1.0212710079,1.0090205018,1.1452178535,1.3003385274,1.0923177329,0.9292851804
2026-02-11,1.4172388603,1.1629748979,1.1629748979,1.0425446418,1.0425446418,1.0207304255,1.1592074200,1.2973695331,1.0930905229,0.9272237303
2026-02-12,1.4255550402,1.1758920297,1.1758920297,1.0458130733,1.0458130733,1.0293433410,1.1660095038,1.3117793826,1.0943145299,0.9283567410
2026-02-13,1.3980055340,1.1585004891,1.1585004891,1.0147463963,1.0147463963,1.0062282022,1.1434758344,1.2923780567,1.0826415844,0.9167178095
2026-02-24,1.4449315420,1.1879139098,1.1879139098,1.0526908323,1.0526908323,1.0403458924,1.1818581975,1.3251905242,1.0948894071,0.9259884338
2026-02-25,1.4720906132,1.2103549128,1.2103549128,1.0820323215,1.0820323215,1.0580005571,1.2040725170,1.3502248337,1.1063316628,0.9315649711
2026-02-26,1.4724922315,1.2263040252,1.2263040252,1.0816447272,1.0816447272,1.0599323631,1.2044010142,1.3680170428,1.1051565146,0.9297907077
2026-02-27,1.4921489687,1.2332295031,1.2332295031,1.1083116160,1.1083116160,1.0716343397,1.2204789219,1.3757428364,1.1131868705,0.9266001810
2026-03-02,1.5597356651,1.2641126049,1.2641126049,1.1506952049,1.1506952049,1.1061625501,1.2757603583,1.4101948227,1.1096452915,0.9301447736
2026-03-03,1.5306252555,1.2003571078,1.2003571078,1.1390880639,1.1390880639,1.0908300877,1.2519499734,1.3390716715,1.0847029181,0.9158306778
2026-03-04,1.5217794856,1.1979641512,1.1979641512,1.1256859153,1.1256859153,1.0788001305,1.2447147201,1.3364021823,1.0762115505,0.9053503285
2026-03-05,1.5113291615,1.2083449135,1.2083449135,1.1180792412,1.1180792412,1.0772318004,1.2361670479,1.3479825566,1.0836348417,0.9142157441
2026-03-06,1.4952088061,1.1992849271,1.1992849271,1.1051977112,1.1051977112,1.0634432335,1.2229816661,1.3378755885,1.0937355574,0.9167237106
2026-03-09,1.4833206150,1.1779847403,1.1779847403,1.1014466353,1.1014466353,1.0553932262,1.2132579139,1.3141139290,1.0866745916,0.9078759983
2026-03-10,1.4715100294,1.2057510704,1.2057510704,1.0848283904,1.0848283904,1.0532103511,1.2035976380,1.3450889663,1.0969793793,0.9195405012
2026-03-11,1.4692360542,1.2003919316,1.2003919316,1.0867654511,1.0867654511,1.0536626068,1.2017376770,1.3391105196,1.0995997331,0.9253904560
2026-03-12,1.4565104389,1.1818062324,1.1818062324,1.0882972508,1.0882972508,1.0489813593,1.1913289675,1.3183770369,1.0973131595,0.9220583028
2026-03-13,1.4229880939,1.1573042369,1.1573042369,1.0699124844,1.0699124844,1.0313947953,1.1639099119,1.2910435644,1.0872362742,0.9184350289
2026-03-16,1.4060065667,1.1484062111,1.1484062111,1.0443608649,1.0443608649,1.0243504451,1.1500201486,1.2811172731,1.0848252811,0.9189110508
2026-03-17,1.3801605891,1.1276642410,1.1276642410,1.0238105688,1.0238105688,1.0055202780,1.1288798526,1.2579783386,1.0709851586,0.9121995358
2026-03-18,1.3789788494,1.1191450605,1.1191450605,1.0330243315,1.0330243315,1.0046593178,1.1279132678,1.2484746723,1.0761076653,0.9163086667
2026-03-19,1.3450231484,1.0873881642,1.0873881642,1.0179195716,1.0179195716,0.9799207865,1.1001397558,1.2130479148,1.0547969697,0.9015401865
2026-03-20,1.3156530392,1.0657848417,1.0657848417,0.9813309248,0.9813309248,0.9585231024,1.0761169538,1.1889480890,1.0376051152,0.8983476927
2026-03-23,1.2737494216,1.0384882544,1.0384882544,0.9478975411,0.9478975411,0.9279940919,1.0418425730,1.1584970786,0.9946121025,0.8690349738
2026-03-24,1.2957166996,1.0535438248,1.0535438248,0.9579106166,0.9579106166,0.9439984204,1.0598103499,1.1752924870,1.0172282610,0.8801919824
2026-03-25,1.3144475643,1.0683555594,1.0683555594,0.9746234400,0.9746234400,0.9576448500,1.0751309553,1.1918158816,1.0350959644,0.8925351115
2026-03-26,1.3000777632,1.0624333707,1.0624333707,0.9651433435,0.9651433435,0.9471756868,1.0633774107,1.1852093185,1.0213856817,0.8807447185
2026-03-27,1.3177276792,1.0840349932,1.0840349932,0.9714177079,0.9714177079,0.9600345878,1.0778138718,1.2093072477,1.0310075423,0.8856701680
2026-03-30,1.3336327604,1.0945902106,1.0945902106,0.9802939213,0.9802939213,0.9716222841,1.0908231737,1.2210822375,1.0326824933,0.8835811794
2026-03-31,1.3140690710,1.0716107774,1.0716107774,0.9672644025,0.9672644025,0.9573690974,1.0748213728,1.1954472762,1.0200175218,0.8753393131
2026-04-01,1.3264250903,1.0840011191,1.0840011191,0.9730825858,0.9730825858,0.9663711136,1.0849277774,1.2092694592,1.0352130598,0.8902926944
2026-04-02,1.3184612013,1.0788820848,1.0788820848,0.9654300887,0.9654300887,0.9605689976,1.0784138442,1.2035588637,1.0231711559,0.8810161690
2026-04-03,1.3008892907,1.0637283144,1.0637283144,0.9539267758,0.9539267758,0.9477669276,1.0640411864,1.1866539072,1.0073237731,0.8735178410
2026-04-07,1.3185983275,1.0896148643,1.0896148643,0.9661742238,0.9661742238,0.9606689013,1.0785260044,1.2155319348,1.0149536880,0.8734844014
2026-04-08,1.3544120333,1.1080158110,1.1080158110,0.9860137113,0.9860137113,0.9867610878,1.1078192412,1.2360593148,1.0488302558,0.9039616035
2026-04-09,1.3519279100,1.1082114890,1.1082114890,0.9797274547,0.9797274547,0.9849512721,1.1057873930,1.2362776056,1.0387043205,0.8981903301
2026-04-10,1.3549638533,1.1095175096,1.1095175096,0.9824480526,0.9824480526,0.9871631179,1.1082705933,1.2377345513,1.0461460988,0.9120284039
2026-04-13,1.3622522122,1.1151572472,1.1151572472,0.9904453098,0.9904453098,0.9924730744,1.1142319877,1.2440260230,1.0479034790,0.9139128211
2026-04-14,1.3743815687,1.1171778772,1.1171778772,1.0022840171,1.0022840171,1.0013099547,1.1241529971,1.2462801593,1.0576703758,0.9247570715
2026-04-15,1.3629698146,1.1025337332,1.1025337332,1.0098599182,1.0098599182,1.0024647261,1.1148189388,1.2299437221,1.0536199195,0.9216039183
2026-04-16,1.3792007570,1.1207706606,1.1207706606,1.0092767503,1.0092767503,0.9995086079,1.1280947736,1.2502881285,1.0666855879,0.9317065974
2026-04-17,1.3893620749,1.1325842415,1.1325842415,0.9989213554,0.9989213554,0.9926233067,1.1364060579,1.2634668996,1.0654859431,0.9301447736
2026-04-20,1.3890804542,1.1317312818,1.1317312818,1.0052884760,1.0052884760,0.9970496352,1.1361757108,1.2625153710,1.0710932110,0.9358039262
2026-04-21,1.3999978179,1.1327163493,1.1327163493,1.0084199300,1.0084199300,1.0003969309,1.1451053904,1.2636142739,1.0710886140,0.9378811126
2026-04-22,1.4193065206,1.1500546864,1.1500546864,1.0025202391,1.0025202391,0.9948504787,1.1608986290,1.2829562480,1.0755975710,0.9441028365
2026-04-23,1.4370245307,1.1561717873,1.1561717873,1.0043979368,1.0043979368,1.0029180510,1.1753907866,1.2897802476,1.0703463881,0.9414866832
2026-04-24,1.4201260245,1.1401951883,1.1401951883,1.0047524398,1.0047524398,1.0012928706,1.1615689289,1.2719573756,1.0640806964,0.9381505960
2026-04-27,1.4187870595,1.1428729903,1.1428729903,0.9966024477,0.9966024477,1.0001125092,1.1604737443,1.2749446273,1.0659828757,0.9384613872
2026-04-28,1.4307719393,1.1445931280,1.1445931280,0.9983074423,0.9983074423,1.0079223852,1.1702765814,1.2768635460,1.0624974650,0.9359553877
2026-04-29,1.4496783662,1.1636201460,1.1636201460,1.0027216848,1.0027216848,1.0154055428,1.1857407850,1.2980893468,1.0774422201,0.9462114953
2026-04-30,1.4488241166,1.1588979907,1.1588979907,0.9976647161,0.9976647161,1.0127056003,1.1850420654,1.2928214941,1.0785501743,0.9456135174
2026-05-06,1.4523697660,1.1761993615,1.1761993615,0.9950781427,0.9950781427,1.0072071244,1.1879421716,1.3121222300,1.0934209054,0.9593394705
2026-05-07,1.4303685750,1.1834495106,1.1834495106,0.9954964750,0.9954964750,0.9940883595,1.1699466561,1.3202102141,1.1007228453,0.9639462607
2026-05-08,1.4312746409,1.1864619213,1.1864619213,0.9987303847,0.9987303847,0.9966214941,1.1706877579,1.3235707423,1.1027548559,0.9583205476
2026-05-11,1.4488783238,1.2056262272,1.2056262272,0.9949302279,0.9949302279,0.9942049079,1.1850864033,1.3449496961,1.1102396512,0.9740430387
2026-05-12,1.4578904385,1.2166265846,1.2166265846,0.9891041279,0.9891041279,0.9911847605,1.1924577156,1.3572212666,1.1016162107,0.9732975333
2026-05-13,1.4675638718,1.2260183301,1.2260183301,0.9861830253,0.9861830253,0.9888463653,1.2003699428,1.3676983325,1.1088046528,0.9831897400
2026-05-14,1.4601885306,1.2166737639,1.2166737639,0.9844333511,0.9844333511,0.9849833129,1.1943374026,1.3572738981,1.0886735466,0.9667178095
2026-05-15,1.4507939839,1.1914980248,1.1914980248,0.9713928080,0.9713928080,0.9763832129,1.1866532863,1.3291888233,1.0772955619,0.9558971635
2026-05-18,1.4612268344,1.2000662439,1.2000662439,0.9655638026,0.9655638026,0.9744856931,1.1951866663,1.3399429357,1.0723628151,0.9507691097
2026-05-19,1.4755476512,1.2118275450,1.2118275450,0.9744795033,0.9744795033,0.9833442698,1.2069001449,1.3600312897,1.0778590661,0.9545772847
2026-05-20,1.4865387062,1.2208542025,1.2208542025,0.9624972048,0.9624972048,0.9750039346,1.2158900992,1.3550249388,1.0713988999,0.9541484716
2026-05-21,1.4174485178,1.1641122915,1.1641122915,0.9315003173,0.9315003173,0.9407182489,1.1593789059,1.3057542491,1.0468746261,0.9408513317
2026-05-22,1.4790505230,1.2147043593,1.2147043593,0.9464764863,0.9464764863,0.9608639434,1.2097652618,1.3439195781,1.0580742700,0.9530469334
2026-05-25,1.5149811072,1.2442131804,1.2442131804,0.9390110406,0.9390110406,0.9574758658,1.2391540973,1.3903559660,1.0617658129,0.9680947323
2026-05-26,1.4932072900,1.2263309307,1.2263309307,0.9285100463,0.9285100463,0.9391445693,1.2213445585,1.3871212013,1.0565933998,0.9732581927
2026-05-27,1.4960330664,1.2286516648,1.2286516648,0.9253567863,0.9253567863,0.9365020951,1.2236558563,1.3805191075,1.0425754175,0.9654530076
2026-05-28,1.5288490855,1.2556025775,1.2556025775,0.9242084181,0.9242084181,0.9331281826,1.2504971841,1.4142197376,1.0440226553,0.9666410952
2026-05-29,1.4708529720,1.2079719315,1.2079719315,0.9054618040,0.9054618040,0.9123734689,1.2030602086,1.3970384752,1.0358145777,0.9622959204
2026-06-01,1.4405118596,1.1830535930,1.1830535930,0.9213086791,0.9213086791,0.9303729077,1.1782431904,1.3674783468,1.0412685769,0.9528817027
2026-06-02,1.4766054284,1.2126962690,1.2126962690,0.9063863405,0.9063863405,0.9168484805,1.2077653365,1.4016942692,1.0374609450,0.9667099414
