fold,rank_by_train,rank_by_test,selected_by_train,selection_metric,train_selection_score,test_selection_score,name,factor_set,enabled_factors,top_k,risk_off_exposure,risk_control,market_score_control,market_score_threshold,train_start,train_end,test_start,test_end,train_final_equity,train_annualized_return,train_max_drawdown,train_sharpe_ratio,train_calmar_ratio,train_monthly_win_rate,train_max_consecutive_losing_months,train_average_turnover,train_total_transaction_cost,train_equal_weight_final_equity,train_excess_return_vs_equal_weight,train_benchmark_final_equity,train_excess_return_vs_benchmark,test_final_equity,test_annualized_return,test_max_drawdown,test_sharpe_ratio,test_calmar_ratio,test_monthly_win_rate,test_max_consecutive_losing_months,test_average_turnover,test_total_transaction_cost,test_equal_weight_final_equity,test_excess_return_vs_equal_weight,test_benchmark_final_equity,test_excess_return_vs_benchmark
1,1,17,true,composite,0.5395767377,-0.9517678238,ret60_ret5_top5_riskoff0_riskctrl1_mscore0,ret60_ret5,ret60;ret5,5,0.000000,true,false,0.000000,2021-12-13,2024-01-17,2024-01-18,2024-07-29,1.0280456999,0.0139537627,-0.1064035368,0.2029920517,0.1311400274,0.1153846154,1.0000000000,0.2200000000,0.0044000000,0.7521286588,0.3668481953,0.6351705417,0.6185349168,0.9807727809,-0.0383835069,-0.1005001993,-0.3066501113,-0.3819246845,0.2857142857,3.0000000000,0.9333333333,0.0056000000,0.9160617189,0.0706405046,1.0354258214,-0.0527831538
1,2,45,false,composite,-0.1246339072,-2.2399482984,ret60_ret5_top8_riskoff0_riskctrl1_mscore0,ret60_ret5,ret60;ret5,8,0.000000,true,false,0.000000,2021-12-13,2024-01-17,2024-01-18,2024-07-29,0.9756591543,-0.0122695925,-0.0861952967,-0.1370393363,-0.1423464265,0.0769230769,2.0000000000,0.2250000000,0.0045000000,0.7521286588,0.2971971523,0.6351705417,0.5360585705,0.9475589292,-0.1029055772,-0.0993040982,-0.9304269770,-1.0362671739,0.2857142857,3.0000000000,0.8333333333,0.0050000000,0.9160617189,0.0343832842,1.0354258214,-0.0848606344
1,3,19,false,composite,-0.1699038189,-1.0212689216,ret60_ret5_top5_riskoff0p2_riskctrl1_mscore0,ret60_ret5,ret60;ret5,5,0.200000,true,false,0.000000,2021-12-13,2024-01-17,2024-01-18,2024-07-29,0.9706854200,-0.0147954502,-0.1295101488,-0.1192363176,-0.1142416278,0.3076923077,4.0000000000,0.3900000000,0.0078000000,0.7521286588,0.2905842753,0.6351705417,0.5282280211,0.9785059676,-0.0428588835,-0.1044560090,-0.3346733151,-0.4103055818,0.4285714286,3.0000000000,0.9600000000,0.0057600000,0.9160617189,0.0681659842,1.0354258214,-0.0549724110
1,4,11,false,composite,-0.2071134050,-0.3192215978,ret60_ret5_top3_riskoff0_riskctrl1_mscore0,ret60_ret5,ret60;ret5,3,0.000000,true,false,0.000000,2021-12-13,2024-01-17,2024-01-18,2024-07-29,0.9646335669,-0.0178775450,-0.0976295441,-0.1489056987,-0.1831161371,0.0769230769,1.0000000000,0.2400000000,0.0048000000,0.7521286588,0.2825379749,0.6351705417,0.5187001027,0.9971607511,-0.0057156701,-0.0798630849,-0.0063202477,-0.0715683615,0.2857142857,3.0000000000,1.0000000000,0.0060000000,0.9160617189,0.0885300963,1.0354258214,-0.0369558780
1,5,4,false,composite,-0.3948915098,0.6635446674,ret60_ret5_top5_riskoff0_riskctrl1_mscore1,ret60_ret5,ret60;ret5,5,0.000000,true,true,0.000000,2021-12-13,2024-01-17,2024-01-18,2024-07-29,0.9539497133,-0.0233422773,-0.1052172961,-0.2811590760,-0.2218482907,0.0769230769,2.0000000000,0.2200000000,0.0044000000,0.7521286588,0.2683331530,0.6351705417,0.5018796538,1.0151339335,0.0307445910,-0.0704522531,0.3561243963,0.4363890384,0.2857142857,2.0000000000,0.6666666667,0.0040000000,0.9160617189,0.1081501526,1.0354258214,-0.0195976258
1,6,22,false,composite,-0.4731239623,-1.0494626745,ret60_ret5_top5_riskoff0p3_riskctrl1_mscore0,ret60_ret5,ret60;ret5,5,0.300000,true,false,0.000000,2021-12-13,2024-01-17,2024-01-18,2024-07-29,0.9427461314,-0.0291057547,-0.1475599455,-0.2630043508,-0.1972469873,0.3461538462,4.0000000000,0.4750000000,0.0095000000,0.7521286588,0.2534373213,0.6351705417,0.4842409549,0.9772276875,-0.0453779563,-0.1065043232,-0.3403287927,-0.4260668013,0.4285714286,3.0000000000,0.9733333333,0.0058400000,0.9160617189,0.0667705761,1.0354258214,-0.0562069562
1,7,16,false,composite,-0.6775496226,-0.7953232848,ret60_ret5_top3_riskoff0p2_riskctrl1_mscore0,ret60_ret5,ret60;ret5,3,0.200000,true,false,0.000000,2021-12-13,2024-01-17,2024-01-18,2024-07-29,0.9240897616,-0.0387795587,-0.1215771865,-0.3581343117,-0.3189706872,0.3076923077,4.0000000000,0.4300000000,0.0086000000,0.7521286588,0.2286325629,0.6351705417,0.4548687336,0.9865155768,-0.0269983938,-0.0855037172,-0.2098610070,-0.3157569595,0.4285714286,3.0000000000,1.0444444444,0.0062666667,0.9160617189,0.0769095100,1.0354258214,-0.0472368407
1,8,28,false,composite,-0.7277256553,-1.3624642627,ret60_ret5_top8_riskoff0_riskctrl1_mscore1,ret60_ret5,ret60;ret5,8,0.000000,true,true,0.000000,2021-12-13,2024-01-17,2024-01-18,2024-07-29,0.9355761004,-0.0328121969,-0.1023546179,-0.4924516904,-0.3205736837,0.0384615385,3.0000000000,0.2250000000,0.0045000000,0.7521286588,0.2439043366,0.6351705417,0.4729525992,0.9738368576,-0.0520439676,-0.0740968005,-0.5032251066,-0.7023780684,0.2857142857,2.0000000000,0.5833333333,0.0035000000,0.9160617189,0.0630690461,1.0354258214,-0.0594817731
1,9,2,false,composite,-0.7471352124,1.0391790837,ret60_ret5_top3_riskoff0_riskctrl1_mscore1,ret60_ret5,ret60;ret5,3,0.000000,true,true,0.000000,2021-12-13,2024-01-17,2024-01-18,2024-07-29,0.9204538422,-0.0406761887,-0.1309671316,-0.4768832873,-0.3105831842,0.0384615385,3.0000000000,0.2100000000,0.0042000000,0.7521286588,0.2237983907,0.6351705417,0.4491444136,1.0197290815,0.0401724982,-0.0612869967,0.5068181362,0.6554815925,0.2857142857,2.0000000000,0.7000000000,0.0042000000,0.9160617189,0.1131663517,1.0354258214,-0.0151596952
1,10,46,false,composite,-0.8576287539,-2.3343358355,ret60_ret5_top8_riskoff0p2_riskctrl1_mscore0,ret60_ret5,ret60;ret5,8,0.200000,true,false,0.000000,2021-12-13,2024-01-17,2024-01-18,2024-07-29,0.9204276993,-0.0406898394,-0.1114311147,-0.5104293808,-0.3651568905,0.1923076923,7.0000000000,0.3775000000,0.0075500000,0.7521286588,0.2237636322,0.6351705417,0.4491032547,0.9437628244,-0.1101362036,-0.1019933072,-0.9660776494,-1.0798375563,0.4285714286,3.0000000000,0.8666666667,0.0052000000,0.9160617189,0.0302393441,1.0354258214,-0.0885268602
1,11,18,false,composite,-0.8643861540,-1.0107785662,ret60_ret5_top3_riskoff0p3_riskctrl1_mscore0,ret60_ret5,ret60;ret5,3,0.300000,true,false,0.000000,2021-12-13,2024-01-17,2024-01-18,2024-07-29,0.9038495278,-0.0493855191,-0.1391083491,-0.4407349937,-0.3550147736,0.3076923077,4.0000000000,0.5250000000,0.0105000000,0.7521286588,0.2017219624,0.6351705417,0.4230029077,0.9811031819,-0.0377303168,-0.0883191931,-0.2995898388,-0.4272040477,0.4285714286,3.0000000000,1.0666666667,0.0064000000,0.9160617189,0.0710011800,1.0354258214,-0.0524640572
1,12,6,false,composite,-0.8771417850,0.1496246891,ret60_ret5_top5_riskoff0p2_riskctrl1_mscore1,ret60_ret5,ret60;ret5,5,0.200000,true,true,0.000000,2021-12-13,2024-01-17,2024-01-18,2024-07-29,0.9145946912,-0.0437404223,-0.1280280285,-0.5259748184,-0.3416472374,0.2692307692,4.0000000000,0.3900000000,0.0078000000,0.7521286588,0.2160082993,0.6351705417,0.4399198816,1.0059145879,0.0119596367,-0.0793712102,0.1668967400,0.1506797832,0.4285714286,3.0000000000,0.7466666667,0.0044800000,0.9160617189,0.0980860429,1.0354258214,-0.0285015429
1,13,23,false,composite,-0.9714092899,-1.0967257831,ret60_ret5_top5_riskoff0p5_riskctrl1_mscore0,ret60_ret5,ret60;ret5,5,0.500000,true,false,0.000000,2021-12-13,2024-01-17,2024-01-18,2024-07-29,0.8883678169,-0.0575782342,-0.1828588625,-0.4935605231,-0.3148780068,0.3461538462,4.0000000000,0.6450000000,0.0129000000,0.7521286588,0.1811381026,0.6351705417,0.3986288069,0.9743825038,-0.0509728746,-0.1105932337,-0.3388931413,-0.4609040977,0.4285714286,3.0000000000,1.0000000000,0.0060000000,0.9160617189,0.0636646895,1.0354258214,-0.0589547956
1,14,10,false,composite,-1.0575046186,-0.0843898072,ret60_ret5_top5_riskoff0p3_riskctrl1_mscore1,ret60_ret5,ret60;ret5,5,0.300000,true,true,0.000000,2021-12-13,2024-01-17,2024-01-18,2024-07-29,0.8950290618,-0.0540445297,-0.1461085574,-0.6127477067,-0.3698929803,0.3076923077,4.0000000000,0.4750000000,0.0095000000,0.7521286588,0.1899946257,0.6351705417,0.4091161397,1.0011713589,0.0023628647,-0.0846122227,0.0760550802,0.0279258078,0.4285714286,3.0000000000,0.7866666667,0.0047200000,0.9160617189,0.0929081941,1.0354258214,-0.0330824882
1,15,7,false,composite,-1.0724404937,0.0730635085,ret60_ret5_top3_riskoff0p2_riskctrl1_mscore1,ret60_ret5,ret60;ret5,3,0.200000,true,true,0.000000,2021-12-13,2024-01-17,2024-01-18,2024-07-29,0.8913248984,-0.0560079144,-0.1448600891,-0.6243489136,-0.3866345434,0.2692307692,4.0000000000,0.4066666667,0.0081333333,0.7521286588,0.1850697191,0.6351705417,0.4032843777,1.0039636508,0.0080068100,-0.0693294172,0.1337250021,0.1154893591,0.4285714286,3.0000000000,0.8111111111,0.0048666667,0.9160617189,0.0959563424,1.0354258214,-0.0303857311
1,16,47,false,composite,-1.1341429154,-2.3573322406,ret60_ret5_top8_riskoff0p3_riskctrl1_mscore0,ret60_ret5,ret60;ret5,8,0.300000,true,false,0.000000,2021-12-13,2024-01-17,2024-01-18,2024-07-29,0.8935715469,-0.0548165980,-0.1300270061,-0.6571566222,-0.4215785596,0.2307692308,7.0000000000,0.4537500000,0.0090750000,0.7521286588,0.1880567726,0.6351705417,0.4068214569,0.9417170892,-0.1140205874,-0.1036043994,-0.9603625812,-1.1005380860,0.4285714286,3.0000000000,0.8833333333,0.0053000000,0.9160617189,0.0280061592,1.0354258214,-0.0905026031
1,17,30,false,composite,-1.1694396888,-1.3886566688,ret60_ret5_top3_riskoff0p5_riskctrl1_mscore0,ret60_ret5,ret60;ret5,3,0.500000,true,false,0.000000,2021-12-13,2024-01-17,2024-01-18,2024-07-29,0.8635175579,-0.0708790826,-0.1736448577,-0.5569588565,-0.4081841727,0.3076923077,4.0000000000,0.7150000000,0.0143000000,0.7521286588,0.1480981981,0.6351705417,0.3595050481,0.9701044627,-0.0593542429,-0.0939404485,-0.4441046999,-0.6318283962,0.4285714286,3.0000000000,1.1111111111,0.0066666667,0.9160617189,0.0589946536,1.0354258214,-0.0630864687
1,18,13,false,composite,-1.1854464228,-0.3478355440,ret60_ret5_top3_riskoff0p3_riskctrl1_mscore1,ret60_ret5,ret60;ret5,3,0.300000,true,true,0.000000,2021-12-13,2024-01-17,2024-01-18,2024-07-29,0.8764461991,-0.0639356664,-0.1574623588,-0.6609838841,-0.4060377791,0.2692307692,4.0000000000,0.5050000000,0.0101000000,0.7521286588,0.1652875992,0.6351705417,0.3798596463,0.9960113753,-0.0080247747,-0.0744658960,-0.0362139569,-0.1077644283,0.4285714286,3.0000000000,0.8666666667,0.0052000000,0.9160617189,0.0872754038,1.0354258214,-0.0380659292
1,19,32,false,composite,-1.3172428730,-1.7062130295,ret60_ret5_top8_riskoff0p2_riskctrl1_mscore1,ret60_ret5,ret60;ret5,8,0.200000,true,true,0.000000,2021-12-13,2024-01-17,2024-01-18,2024-07-29,0.8901993519,-0.0566053144,-0.1196424112,-0.8136778903,-0.4731208093,0.1538461538,7.0000000000,0.3775000000,0.0075500000,0.7521286588,0.1835732378,0.6351705417,0.4015123395,0.9647477541,-0.0697960639,-0.0820257827,-0.6597637258,-0.8509039669,0.4285714286,3.0000000000,0.6666666667,0.0040000000,0.9160617189,0.0531471125,1.0354258214,-0.0682599041
1,20,15,false,composite,-1.3368502911,-0.4890193381,ret60_ret5_top5_riskoff0p5_riskctrl1_mscore1,ret60_ret5,ret60;ret5,5,0.500000,true,true,0.000000,2021-12-13,2024-01-17,2024-01-18,2024-07-29,0.8561840549,-0.0748406612,-0.1814675753,-0.7200616647,-0.4124189188,0.3076923077,4.0000000000,0.6450000000,0.0129000000,0.7521286588,0.1383478676,0.6351705417,0.3479593253,0.9914242854,-0.0172133267,-0.0950376630,-0.0784619027,-0.1811211070,0.4285714286,3.0000000000,0.8666666667,0.0052000000,0.9160617189,0.0822680012,1.0354258214,-0.0424960775
1,21,20,false,composite,-1.3569955130,-1.0372944154,ret60_ret5_top3_riskoff0p5_riskctrl1_mscore1,ret60_ret5,ret60;ret5,3,0.500000,true,true,0.000000,2021-12-13,2024-01-17,2024-01-18,2024-07-29,0.8461496527,-0.0802888107,-0.1827509355,-0.6844998324,-0.4393346087,0.3076923077,4.0000000000,0.7016666667,0.0140333333,0.7521286588,0.1250065303,0.6351705417,0.3321613601,0.9799772186,-0.0399553864,-0.0847194778,-0.3062827005,-0.4716198380,0.4285714286,3.0000000000,0.9777777778,0.0058666667,0.9160617189,0.0697720453,1.0354258214,-0.0535514970
1,22,33,false,composite,-1.4996915213,-1.8404075596,ret60_ret5_top8_riskoff0p3_riskctrl1_mscore1,ret60_ret5,ret60;ret5,8,0.300000,true,true,0.000000,2021-12-13,2024-01-17,2024-01-18,2024-07-29,0.8679036677,-0.0685177140,-0.1413779542,-0.9141637218,-0.4846421384,0.1923076923,7.0000000000,0.4537500000,0.0090750000,0.7521286588,0.1539297931,0.6351705417,0.3664104530,0.9600592283,-0.0788871914,-0.0861450021,-0.7094592974,-0.9157489063,0.4285714286,3.0000000000,0.7083333333,0.0042500000,0.9160617189,0.0480289794,1.0354258214,-0.0727880177
1,23,48,false,composite,-1.5452337380,-2.3756218259,ret60_ret5_top8_riskoff0p5_riskctrl1_mscore0,ret60_ret5,ret60;ret5,8,0.500000,true,false,0.000000,2021-12-13,2024-01-17,2024-01-18,2024-07-29,0.8413864048,-0.0828862853,-0.1734911742,-0.8610985171,-0.4777550541,0.2307692308,7.0000000000,0.6062500000,0.0121250000,0.7521286588,0.1186735074,0.6351705417,0.3246621962,0.9373324091,-0.1223172458,-0.1068271991,-0.9178467112,-1.1450009619,0.4285714286,3.0000000000,0.9166666667,0.0055000000,0.9160617189,0.0232197130,1.0354258214,-0.0947372668
1,24,3,false,composite,-1.5938967901,0.6635446674,ret60_ret5_top5_riskoff0_riskctrl0_mscore1,ret60_ret5,ret60;ret5,5,0.000000,false,true,0.000000,2021-12-13,2024-01-17,2024-01-18,2024-07-29,0.8177581814,-0.0958810023,-0.2142722025,-0.8594100673,-0.4474728927,0.1923076923,4.0000000000,0.6400000000,0.0128000000,0.7521286588,0.0872583724,0.6351705417,0.2874623863,1.0151339335,0.0307445910,-0.0704522531,0.3561243963,0.4363890384,0.2857142857,2.0000000000,0.6666666667,0.0040000000,0.9160617189,0.1081501526,1.0354258214,-0.0195976258
1,25,35,false,composite,-1.6000194825,-1.9639302605,ret60_ret5_top3_riskoff0_riskctrl0_mscore0,ret60_ret5,ret60;ret5,3,0.000000,false,false,0.000000,2021-12-13,2024-01-17,2024-01-18,2024-07-29,0.7838972431,-0.1148345413,-0.2527338139,-0.6614043816,-0.4543695184,0.3076923077,4.0000000000,1.0950000000,0.0219000000,0.7521286588,0.0422382314,0.6351705417,0.2341523916,0.9474436819,-0.1031255285,-0.1051440821,-0.6122416319,-0.9808020232,0.2857142857,3.0000000000,1.2000000000,0.0072000000,0.9160617189,0.0342574768,1.0354258214,-0.0849719387
1,26,36,false,composite,-1.6000194825,-1.9639302605,ret60_ret5_top3_riskoff0p2_riskctrl0_mscore0,ret60_ret5,ret60;ret5,3,0.200000,false,false,0.000000,2021-12-13,2024-01-17,2024-01-18,2024-07-29,0.7838972431,-0.1148345413,-0.2527338139,-0.6614043816,-0.4543695184,0.3076923077,4.0000000000,1.0950000000,0.0219000000,0.7521286588,0.0422382314,0.6351705417,0.2341523916,0.9474436819,-0.1031255285,-0.1051440821,-0.6122416319,-0.9808020232,0.2857142857,3.0000000000,1.2000000000,0.0072000000,0.9160617189,0.0342574768,1.0354258214,-0.0849719387
1,27,37,false,composite,-1.6000194825,-1.9639302605,ret60_ret5_top3_riskoff0p3_riskctrl0_mscore0,ret60_ret5,ret60;ret5,3,0.300000,false,false,0.000000,2021-12-13,2024-01-17,2024-01-18,2024-07-29,0.7838972431,-0.1148345413,-0.2527338139,-0.6614043816,-0.4543695184,0.3076923077,4.0000000000,1.0950000000,0.0219000000,0.7521286588,0.0422382314,0.6351705417,0.2341523916,0.9474436819,-0.1031255285,-0.1051440821,-0.6122416319,-0.9808020232,0.2857142857,3.0000000000,1.2000000000,0.0072000000,0.9160617189,0.0342574768,1.0354258214,-0.0849719387
1,28,38,false,composite,-1.6000194825,-1.9639302605,ret60_ret5_top3_riskoff0p5_riskctrl0_mscore0,ret60_ret5,ret60;ret5,3,0.500000,false,false,0.000000,2021-12-13,2024-01-17,2024-01-18,2024-07-29,0.7838972431,-0.1148345413,-0.2527338139,-0.6614043816,-0.4543695184,0.3076923077,4.0000000000,1.0950000000,0.0219000000,0.7521286588,0.0422382314,0.6351705417,0.2341523916,0.9474436819,-0.1031255285,-0.1051440821,-0.6122416319,-0.9808020232,0.2857142857,3.0000000000,1.2000000000,0.0072000000,0.9160617189,0.0342574768,1.0354258214,-0.0849719387
1,29,21,false,composite,-1.6795733432,-1.0372944154,ret60_ret5_top3_riskoff0p5_riskctrl0_mscore1,ret60_ret5,ret60;ret5,3,0.500000,false,true,0.000000,2021-12-13,2024-01-17,2024-01-18,2024-07-29,0.7910084807,-0.1108206704,-0.2345397496,-0.8054739172,-0.4725027231,0.2692307692,6.0000000000,0.8750000000,0.0175000000,0.7521286588,0.0516930468,0.6351705417,0.2453481841,0.9799772186,-0.0399553864,-0.0847194778,-0.3062827005,-0.4716198380,0.4285714286,3.0000000000,0.9777777778,0.0058666667,0.9160617189,0.0697720453,1.0354258214,-0.0535514970
1,30,29,false,composite,-1.6814131313,-1.3624642627,ret60_ret5_top8_riskoff0_riskctrl0_mscore1,ret60_ret5,ret60;ret5,8,0.000000,false,true,0.000000,2021-12-13,2024-01-17,2024-01-18,2024-07-29,0.8150373190,-0.0973893477,-0.2207454807,-0.9499995938,-0.4411838801,0.1538461538,5.0000000000,0.6125000000,0.0122500000,0.7521286588,0.0836408233,0.6351705417,0.2831787142,0.9738368576,-0.0520439676,-0.0740968005,-0.5032251066,-0.7023780684,0.2857142857,2.0000000000,0.5833333333,0.0035000000,0.9160617189,0.0630690461,1.0354258214,-0.0594817731
1,31,5,false,composite,-1.6873528869,0.1496246891,ret60_ret5_top5_riskoff0p2_riskctrl0_mscore1,ret60_ret5,ret60;ret5,5,0.200000,false,true,0.000000,2021-12-13,2024-01-17,2024-01-18,2024-07-29,0.8076897776,-0.1014751535,-0.2175433035,-0.8957218521,-0.4664595592,0.2692307692,7.0000000000,0.7260000000,0.0145200000,0.7521286588,0.0738718279,0.6351705417,0.2716108896,1.0059145879,0.0119596367,-0.0793712102,0.1668967400,0.1506797832,0.4285714286,3.0000000000,0.7466666667,0.0044800000,0.9160617189,0.0980860429,1.0354258214,-0.0285015429
1,32,1,false,composite,-1.6954069692,1.0391790837,ret60_ret5_top3_riskoff0_riskctrl0_mscore1,ret60_ret5,ret60;ret5,3,0.000000,false,true,0.000000,2021-12-13,2024-01-17,2024-01-18,2024-07-29,0.7943904239,-0.1089180833,-0.2414328041,-0.9090316266,-0.4511320808,0.1153846154,5.0000000000,0.6000000000,0.0120000000,0.7521286588,0.0561895423,0.6351705417,0.2506726488,1.0197290815,0.0401724982,-0.0612869967,0.5068181362,0.6554815925,0.2857142857,2.0000000000,0.7000000000,0.0042000000,0.9160617189,0.1131663517,1.0354258214,-0.0151596952
1,33,12,false,composite,-1.7083907093,-0.3478355440,ret60_ret5_top3_riskoff0p3_riskctrl0_mscore1,ret60_ret5,ret60;ret5,3,0.300000,false,true,0.000000,2021-12-13,2024-01-17,2024-01-18,2024-07-29,0.7931020425,-0.1096424133,-0.2325138063,-0.8675511948,-0.4715522706,0.2307692308,8.0000000000,0.7650000000,0.0153000000,0.7521286588,0.0544765623,0.6351705417,0.2486442466,0.9960113753,-0.0080247747,-0.0744658960,-0.0362139569,-0.1077644283,0.4285714286,3.0000000000,0.8666666667,0.0052000000,0.9160617189,0.0872754038,1.0354258214,-0.0380659292
1,34,8,false,composite,-1.7152610889,0.0730635085,ret60_ret5_top3_riskoff0p2_riskctrl0_mscore1,ret60_ret5,ret60;ret5,3,0.200000,false,true,0.000000,2021-12-13,2024-01-17,2024-01-18,2024-07-29,0.7937791263,-0.1092616826,-0.2318585911,-0.8900365227,-0.4712427607,0.2307692308,8.0000000000,0.7100000000,0.0142000000,0.7521286588,0.0553767857,0.6351705417,0.2497102340,1.0039636508,0.0080068100,-0.0693294172,0.1337250021,0.1154893591,0.4285714286,3.0000000000,0.8111111111,0.0048666667,0.9160617189,0.0959563424,1.0354258214,-0.0303857311
1,35,9,false,composite,-1.7178930965,-0.0843898072,ret60_ret5_top5_riskoff0p3_riskctrl0_mscore1,ret60_ret5,ret60;ret5,5,0.300000,false,true,0.000000,2021-12-13,2024-01-17,2024-01-18,2024-07-29,0.8024125422,-0.1044211637,-0.2226556725,-0.9008623742,-0.4689804779,0.2692307692,7.0000000000,0.7690000000,0.0153800000,0.7521286588,0.0668554281,0.6351705417,0.2633025141,1.0011713589,0.0023628647,-0.0846122227,0.0760550802,0.0279258078,0.4285714286,3.0000000000,0.7866666667,0.0047200000,0.9160617189,0.0929081941,1.0354258214,-0.0330824882
1,36,40,false,composite,-1.7514552098,-2.0487772396,ret60_ret5_top8_riskoff0p5_riskctrl1_mscore1,ret60_ret5,ret60;ret5,8,0.500000,true,true,0.000000,2021-12-13,2024-01-17,2024-01-18,2024-07-29,0.8241372633,-0.0923544638,-0.1904353126,-1.0202321276,-0.4849650127,0.1923076923,7.0000000000,0.6062500000,0.0121250000,0.7521286588,0.0957397431,0.6351705417,0.2975054874,0.9504011206,-0.0974726108,-0.0943741808,-0.7611409650,-1.0328313311,0.4285714286,3.0000000000,0.7916666667,0.0047500000,0.9160617189,0.0374859040,1.0354258214,-0.0821156852
1,37,14,false,composite,-1.7586252998,-0.4890193381,ret60_ret5_top5_riskoff0p5_riskctrl0_mscore1,ret60_ret5,ret60;ret5,5,0.500000,false,true,0.000000,2021-12-13,2024-01-17,2024-01-18,2024-07-29,0.7913900432,-0.1106058111,-0.2333338170,-0.8897179178,-0.4740239219,0.2692307692,7.0000000000,0.8550000000,0.0171000000,0.7521286588,0.0522003569,0.6351705417,0.2459489085,0.9914242854,-0.0172133267,-0.0950376630,-0.0784619027,-0.1811211070,0.4285714286,3.0000000000,0.8666666667,0.0052000000,0.9160617189,0.0822680012,1.0354258214,-0.0424960775
1,38,24,false,composite,-1.8004244864,-1.2033114331,ret60_ret5_top5_riskoff0_riskctrl0_mscore0,ret60_ret5,ret60;ret5,5,0.000000,false,false,0.000000,2021-12-13,2024-01-17,2024-01-18,2024-07-29,0.7612813600,-0.1277221393,-0.2664948581,-0.7993318864,-0.4792668053,0.3461538462,4.0000000000,1.0700000000,0.0214000000,0.7521286588,0.0121690633,0.6351705417,0.1985463904,0.9655992237,-0.0681402225,-0.1207705066,-0.3057384194,-0.5642124423,0.4285714286,3.0000000000,1.0666666667,0.0064000000,0.9160617189,0.0540766019,1.0354258214,-0.0674375665
1,39,25,false,composite,-1.8004244864,-1.2033114331,ret60_ret5_top5_riskoff0p2_riskctrl0_mscore0,ret60_ret5,ret60;ret5,5,0.200000,false,false,0.000000,2021-12-13,2024-01-17,2024-01-18,2024-07-29,0.7612813600,-0.1277221393,-0.2664948581,-0.7993318864,-0.4792668053,0.3461538462,4.0000000000,1.0700000000,0.0214000000,0.7521286588,0.0121690633,0.6351705417,0.1985463904,0.9655992237,-0.0681402225,-0.1207705066,-0.3057384194,-0.5642124423,0.4285714286,3.0000000000,1.0666666667,0.0064000000,0.9160617189,0.0540766019,1.0354258214,-0.0674375665
1,40,26,false,composite,-1.8004244864,-1.2033114331,ret60_ret5_top5_riskoff0p3_riskctrl0_mscore0,ret60_ret5,ret60;ret5,5,0.300000,false,false,0.000000,2021-12-13,2024-01-17,2024-01-18,2024-07-29,0.7612813600,-0.1277221393,-0.2664948581,-0.7993318864,-0.4792668053,0.3461538462,4.0000000000,1.0700000000,0.0214000000,0.7521286588,0.0121690633,0.6351705417,0.1985463904,0.9655992237,-0.0681402225,-0.1207705066,-0.3057384194,-0.5642124423,0.4285714286,3.0000000000,1.0666666667,0.0064000000,0.9160617189,0.0540766019,1.0354258214,-0.0674375665
1,41,27,false,composite,-1.8004244864,-1.2033114331,ret60_ret5_top5_riskoff0p5_riskctrl0_mscore0,ret60_ret5,ret60;ret5,5,0.500000,false,false,0.000000,2021-12-13,2024-01-17,2024-01-18,2024-07-29,0.7612813600,-0.1277221393,-0.2664948581,-0.7993318864,-0.4792668053,0.3461538462,4.0000000000,1.0700000000,0.0214000000,0.7521286588,0.0121690633,0.6351705417,0.1985463904,0.9655992237,-0.0681402225,-0.1207705066,-0.3057384194,-0.5642124423,0.4285714286,3.0000000000,1.0666666667,0.0064000000,0.9160617189,0.0540766019,1.0354258214,-0.0674375665
1,42,31,false,composite,-1.8513572087,-1.7062130295,ret60_ret5_top8_riskoff0p2_riskctrl0_mscore1,ret60_ret5,ret60;ret5,8,0.200000,false,true,0.000000,2021-12-13,2024-01-17,2024-01-18,2024-07-29,0.7963736120,-0.1078042766,-0.2312353135,-1.0408629406,-0.4662102641,0.1923076923,11.0000000000,0.6875000000,0.0137500000,0.7521286588,0.0588263095,0.6351705417,0.2537949412,0.9647477541,-0.0697960639,-0.0820257827,-0.6597637258,-0.8509039669,0.4285714286,3.0000000000,0.6666666667,0.0040000000,0.9160617189,0.0531471125,1.0354258214,-0.0682599041
1,43,34,false,composite,-1.9159694017,-1.8404075596,ret60_ret5_top8_riskoff0p3_riskctrl0_mscore1,ret60_ret5,ret60;ret5,8,0.300000,false,true,0.000000,2021-12-13,2024-01-17,2024-01-18,2024-07-29,0.7869559421,-0.1131058700,-0.2403264887,-1.0700636455,-0.4706342219,0.1923076923,11.0000000000,0.7250000000,0.0145000000,0.7521286588,0.0463049544,0.6351705417,0.2389679470,0.9600592283,-0.0788871914,-0.0861450021,-0.7094592974,-0.9157489063,0.4285714286,3.0000000000,0.7083333333,0.0042500000,0.9160617189,0.0480289794,1.0354258214,-0.0727880177
1,44,39,false,composite,-2.0153821214,-2.0487772396,ret60_ret5_top8_riskoff0p5_riskctrl0_mscore1,ret60_ret5,ret60;ret5,8,0.500000,false,true,0.000000,2021-12-13,2024-01-17,2024-01-18,2024-07-29,0.7679716350,-0.1238900375,-0.2586526420,-1.0988113625,-0.4789823006,0.1923076923,11.0000000000,0.8000000000,0.0160000000,0.7521286588,0.0210641836,0.6351705417,0.2090794275,0.9504011206,-0.0974726108,-0.0943741808,-0.7611409650,-1.0328313311,0.4285714286,3.0000000000,0.7916666667,0.0047500000,0.9160617189,0.0374859040,1.0354258214,-0.0821156852
1,45,41,false,composite,-2.1578124263,-2.2359050812,ret60_ret5_top8_riskoff0_riskctrl0_mscore0,ret60_ret5,ret60;ret5,8,0.000000,false,false,0.000000,2021-12-13,2024-01-17,2024-01-18,2024-07-29,0.7198502960,-0.1518372648,-0.3051056956,-1.0652610794,-0.4976546390,0.2307692308,7.0000000000,0.9875000000,0.0197500000,0.7521286588,-0.0429160123,0.6351705417,0.1333181386,0.9246835102,-0.1460309800,-0.1330867935,-0.7649688495,-1.0972612401,0.4285714286,3.0000000000,1.0000000000,0.0060000000,0.9160617189,0.0094118018,1.0354258214,-0.1069533991
1,46,42,false,composite,-2.1578124263,-2.2359050812,ret60_ret5_top8_riskoff0p2_riskctrl0_mscore0,ret60_ret5,ret60;ret5,8,0.200000,false,false,0.000000,2021-12-13,2024-01-17,2024-01-18,2024-07-29,0.7198502960,-0.1518372648,-0.3051056956,-1.0652610794,-0.4976546390,0.2307692308,7.0000000000,0.9875000000,0.0197500000,0.7521286588,-0.0429160123,0.6351705417,0.1333181386,0.9246835102,-0.1460309800,-0.1330867935,-0.7649688495,-1.0972612401,0.4285714286,3.0000000000,1.0000000000,0.0060000000,0.9160617189,0.0094118018,1.0354258214,-0.1069533991
1,47,43,false,composite,-2.1578124263,-2.2359050812,ret60_ret5_top8_riskoff0p3_riskctrl0_mscore0,ret60_ret5,ret60;ret5,8,0.300000,false,false,0.000000,2021-12-13,2024-01-17,2024-01-18,2024-07-29,0.7198502960,-0.1518372648,-0.3051056956,-1.0652610794,-0.4976546390,0.2307692308,7.0000000000,0.9875000000,0.0197500000,0.7521286588,-0.0429160123,0.6351705417,0.1333181386,0.9246835102,-0.1460309800,-0.1330867935,-0.7649688495,-1.0972612401,0.4285714286,3.0000000000,1.0000000000,0.0060000000,0.9160617189,0.0094118018,1.0354258214,-0.1069533991
1,48,44,false,composite,-2.1578124263,-2.2359050812,ret60_ret5_top8_riskoff0p5_riskctrl0_mscore0,ret60_ret5,ret60;ret5,8,0.500000,false,false,0.000000,2021-12-13,2024-01-17,2024-01-18,2024-07-29,0.7198502960,-0.1518372648,-0.3051056956,-1.0652610794,-0.4976546390,0.2307692308,7.0000000000,0.9875000000,0.0197500000,0.7521286588,-0.0429160123,0.6351705417,0.1333181386,0.9246835102,-0.1460309800,-0.1330867935,-0.7649688495,-1.0972612401,0.4285714286,3.0000000000,1.0000000000,0.0060000000,0.9160617189,0.0094118018,1.0354258214,-0.1069533991
2,1,26,true,composite,0.2676858377,1.2635090405,ret60_ret5_top5_riskoff0_riskctrl1_mscore0,ret60_ret5,ret60;ret5,5,0.000000,true,false,0.000000,2022-07-01,2024-07-29,2024-07-30,2025-02-10,1.0082792400,0.0041393169,-0.1101980532,0.0915119248,0.0375625232,0.2000000000,3.0000000000,0.4000000000,0.0100000000,0.7475327559,0.3488094429,0.7591118315,0.3282354433,1.0702306725,0.1466382510,-0.1503545535,0.7601744341,0.9752830727,0.3750000000,2.0000000000,0.7666666667,0.0046000000,1.2300473353,-0.1299272461,1.1577975770,-0.0756323094
2,2,43,false,composite,-0.1816216746,-0.3903161634,ret60_ret5_top5_riskoff0_riskctrl1_mscore1,ret60_ret5,ret60;ret5,5,0.000000,true,true,0.000000,2022-07-01,2024-07-29,2024-07-30,2025-02-10,0.9683867248,-0.0159649999,-0.1052172961,-0.1361146393,-0.1517336073,0.1600000000,2.0000000000,0.3360000000,0.0084000000,0.7475327559,0.2954438681,0.7591118315,0.2756838777,1.0006664558,0.0013440298,-0.1503545535,0.1042473311,0.0089390692,0.2500000000,2.0000000000,0.6666666667,0.0040000000,1.2300473353,-0.1864813434,1.1577975770,-0.1357155381
2,3,44,false,composite,-0.2486241480,-0.6608989514,ret60_ret5_top3_riskoff0_riskctrl1_mscore0,ret60_ret5,ret60;ret5,3,0.000000,true,false,0.000000,2022-07-01,2024-07-29,2024-07-30,2025-02-10,0.9618947321,-0.0192755530,-0.0976295441,-0.1323182577,-0.1974356547,0.1600000000,3.0000000000,0.4320000000,0.0108000000,0.7475327559,0.2867593086,0.7591118315,0.2671317877,0.9881400392,-0.0237656377,-0.1745627622,-0.0160273599,-0.1361437993,0.3750000000,2.0000000000,0.5500000000,0.0033000000,1.2300473353,-0.1966650300,1.1577975770,-0.1465347149
2,4,23,false,composite,-0.4104656065,1.8956495501,ret60_ret5_top5_riskoff0p2_riskctrl1_mscore0,ret60_ret5,ret60;ret5,5,0.200000,true,false,0.000000,2022-07-01,2024-07-29,2024-07-30,2025-02-10,0.9458835055,-0.0274883605,-0.1499069118,-0.2089297069,-0.1833695338,0.4000000000,4.0000000000,0.5344000000,0.0133600000,0.7475327559,0.2653405460,0.7591118315,0.2460397352,1.0976338780,0.2065972352,-0.1503545535,0.9895861456,1.3740670327,0.6250000000,2.0000000000,0.8400000000,0.0050400000,1.2300473353,-0.1076490745,1.1577975770,-0.0519639185
2,5,48,false,composite,-0.5020657572,-1.6650567150,ret60_ret5_top3_riskoff0_riskctrl1_mscore1,ret60_ret5,ret60;ret5,3,0.000000,true,true,0.000000,2022-07-01,2024-07-29,2024-07-30,2025-02-10,0.9386135511,-0.0312403070,-0.1309671316,-0.3041784307,-0.2385354756,0.1200000000,3.0000000000,0.3360000000,0.0084000000,0.7475327559,0.2556152806,0.7591118315,0.2364628137,0.9445111848,-0.1087130988,-0.1745627622,-0.5105859658,-0.6227737085,0.2500000000,2.0000000000,0.5000000000,0.0030000000,1.2300473353,-0.2321342784,1.1577975770,-0.1842173420
2,6,15,false,composite,-0.6867279261,2.4100873542,ret60_ret5_top8_riskoff0_riskctrl1_mscore0,ret60_ret5,ret60;ret5,8,0.000000,true,false,0.000000,2022-07-01,2024-07-29,2024-07-30,2025-02-10,0.9244945436,-0.0385686400,-0.1225197282,-0.3911406576,-0.3147953443,0.1600000000,3.0000000000,0.3800000000,0.0095000000,0.7475327559,0.2367278040,0.7591118315,0.2178634362,1.1079320201,0.2295280410,-0.1388578707,1.1306677601,1.6529710549,0.3750000000,2.0000000000,0.5416666667,0.0032500000,1.2300473353,-0.0992769235,1.1577975770,-0.0430693222
2,7,16,false,composite,-0.6892928654,2.1952908443,ret60_ret5_top5_riskoff0p3_riskctrl1_mscore0,ret60_ret5,ret60;ret5,5,0.300000,true,false,0.000000,2022-07-01,2024-07-29,2024-07-30,2025-02-10,0.9155695676,-0.0432299011,-0.1752886735,-0.3417715629,-0.2466211889,0.4400000000,4.0000000000,0.6016000000,0.0150400000,0.7475327559,0.2247885599,0.7591118315,0.2061063069,1.1112313692,0.2369206993,-0.1503545535,1.0856599425,1.5757467511,0.6250000000,2.0000000000,0.8766666667,0.0052600000,1.2300473353,-0.0965946291,1.1577975770,-0.0402196452
2,8,32,false,composite,-0.7523080936,0.5593222028,ret60_ret5_top5_riskoff0p2_riskctrl1_mscore1,ret60_ret5,ret60;ret5,5,0.200000,true,true,0.000000,2022-07-01,2024-07-29,2024-07-30,2025-02-10,0.9161897943,-0.0429052432,-0.1469889609,-0.4182430680,-0.2918943230,0.3600000000,4.0000000000,0.4832000000,0.0120800000,0.7475327559,0.2256182583,0.7591118315,0.2069233495,1.0404166103,0.0831531590,-0.1503545535,0.5007949834,0.5530471613,0.6250000000,2.0000000000,0.7600000000,0.0045600000,1.2300473353,-0.1541653883,1.1577975770,-0.1013829783
2,9,39,false,composite,-0.7968446100,-0.0219033500,ret60_ret5_top3_riskoff0p2_riskctrl1_mscore0,ret60_ret5,ret60;ret5,3,0.200000,true,false,0.000000,2022-07-01,2024-07-29,2024-07-30,2025-02-10,0.9074880218,-0.0474702624,-0.1409442101,-0.3864095431,-0.3368017915,0.4000000000,4.0000000000,0.5866666667,0.0146666667,0.7475327559,0.2139776012,0.7591118315,0.1954602526,1.0180385304,0.0366989488,-0.1745627622,0.2772841137,0.2102335475,0.6250000000,2.0000000000,0.6500000000,0.0039000000,1.2300473353,-0.1723582490,1.1577975770,-0.1207111238
2,10,38,false,composite,-0.9191644927,-0.0037074742,ret60_ret5_top8_riskoff0_riskctrl1_mscore1,ret60_ret5,ret60;ret5,8,0.000000,true,true,0.000000,2022-07-01,2024-07-29,2024-07-30,2025-02-10,0.9110984896,-0.0455735425,-0.1139133951,-0.5439866965,-0.4000718480,0.1200000000,3.0000000000,0.3200000000,0.0080000000,0.7475327559,0.2188074468,0.7591118315,0.2002164264,1.0138554202,0.0281291461,-0.1388578707,0.2437509904,0.2025750935,0.2500000000,2.0000000000,0.5416666667,0.0032500000,1.2300473353,-0.1757590208,1.1577975770,-0.1243241130
2,11,29,false,composite,-0.9752294586,1.0255165579,ret60_ret5_top5_riskoff0p3_riskctrl1_mscore1,ret60_ret5,ret60;ret5,5,0.300000,true,true,0.000000,2022-07-01,2024-07-29,2024-07-30,2025-02-10,0.8905255430,-0.0564321450,-0.1738844970,-0.5288931735,-0.3245381042,0.4000000000,4.0000000000,0.5568000000,0.0139200000,0.7475327559,0.1912863161,0.7591118315,0.1731150879,1.0604841371,0.1256838105,-0.1503545535,0.6794725091,0.8359162227,0.6250000000,2.0000000000,0.8066666667,0.0048400000,1.2300473353,-0.1378509537,1.1577975770,-0.0840504781
2,12,45,false,composite,-0.9917779035,-0.7978247823,ret60_ret5_top3_riskoff0p2_riskctrl1_mscore1,ret60_ret5,ret60;ret5,3,0.200000,true,true,0.000000,2022-07-01,2024-07-29,2024-07-30,2025-02-10,0.8907930568,-0.0562901501,-0.1637137830,-0.5478756111,-0.3438326878,0.3600000000,4.0000000000,0.5120000000,0.0128000000,0.7475327559,0.1916441784,0.7591118315,0.1734674916,0.9831274645,-0.0337235067,-0.1745627622,-0.0765556710,-0.1931884341,0.6250000000,2.0000000000,0.6111111111,0.0036666667,1.2300473353,-0.2007401372,1.1577975770,-0.1508641199
2,13,36,false,composite,-1.0136697020,0.2884868287,ret60_ret5_top3_riskoff0p3_riskctrl1_mscore0,ret60_ret5,ret60;ret5,3,0.300000,true,false,0.000000,2022-07-01,2024-07-29,2024-07-30,2025-02-10,0.8807532469,-0.0616339005,-0.1674872615,-0.4904044530,-0.3679915707,0.4000000000,4.0000000000,0.6640000000,0.0166000000,0.7475327559,0.1782135832,0.7591118315,0.1602417593,1.0329266996,0.0674907461,-0.1745627622,0.4116767078,0.3866273953,0.6250000000,2.0000000000,0.7000000000,0.0042000000,1.2300473353,-0.1602545123,1.1577975770,-0.1078520805
2,14,14,false,composite,-1.1478104190,2.7560317404,ret60_ret5_top5_riskoff0p5_riskctrl1_mscore0,ret60_ret5,ret60;ret5,5,0.500000,true,false,0.000000,2022-07-01,2024-07-29,2024-07-30,2025-02-10,0.8567380976,-0.0745407759,-0.2269164194,-0.5544872878,-0.3284944127,0.4400000000,4.0000000000,0.7360000000,0.0184000000,0.7475327559,0.1460877010,0.7591118315,0.1286059077,1.1381882484,0.2981581975,-0.1503545535,1.2355315658,1.9830340387,0.6250000000,2.0000000000,0.9500000000,0.0057000000,1.2300473353,-0.0746793105,1.1577975770,-0.0169367504
2,15,41,false,composite,-1.1792990503,-0.3685799967,ret60_ret5_top3_riskoff0p3_riskctrl1_mscore1,ret60_ret5,ret60;ret5,3,0.300000,true,true,0.000000,2022-07-01,2024-07-29,2024-07-30,2025-02-10,0.8670277419,-0.0689888132,-0.1852362394,-0.6314784060,-0.3724369131,0.3600000000,4.0000000000,0.6000000000,0.0150000000,0.7475327559,0.1598525082,0.7591118315,0.1421607541,1.0025874218,0.0052230987,-0.1745627622,0.1276480385,0.0299210362,0.6250000000,2.0000000000,0.6666666667,0.0040000000,1.2300473353,-0.1849196425,1.1577975770,-0.1340563828
2,16,11,false,composite,-1.2839589276,3.1404903954,ret60_ret5_top8_riskoff0p2_riskctrl1_mscore0,ret60_ret5,ret60;ret5,8,0.200000,true,false,0.000000,2022-07-01,2024-07-29,2024-07-30,2025-02-10,0.8647293294,-0.0702260988,-0.1637288795,-0.7225908980,-0.4289169938,0.2800000000,7.0000000000,0.5020000000,0.0125500000,0.7475327559,0.1567778437,0.7591118315,0.1391329888,1.1372577846,0.2960196291,-0.1388578707,1.3708832580,2.1318174308,0.6250000000,2.0000000000,0.5916666667,0.0035500000,1.2300473353,-0.0754357561,1.1577975770,-0.0177404002
2,17,18,false,composite,-1.3308218548,1.9214629140,ret60_ret5_top5_riskoff0p5_riskctrl1_mscore1,ret60_ret5,ret60;ret5,5,0.500000,true,true,0.000000,2022-07-01,2024-07-29,2024-07-30,2025-02-10,0.8401415702,-0.0835663219,-0.2256001458,-0.6826898162,-0.3704178544,0.4000000000,4.0000000000,0.7040000000,0.0176000000,0.7475327559,0.1238859616,0.7591118315,0.1067428214,1.1009710578,0.2140042841,-0.1503545535,0.9784225787,1.4233309136,0.6250000000,2.0000000000,0.9000000000,0.0054000000,1.2300473353,-0.1049360247,1.1577975770,-0.0490815669
2,18,31,false,composite,-1.3702129311,0.8755289692,ret60_ret5_top3_riskoff0p5_riskctrl1_mscore0,ret60_ret5,ret60;ret5,3,0.500000,true,false,0.000000,2022-07-01,2024-07-29,2024-07-30,2025-02-10,0.8283099039,-0.0900550736,-0.2187509442,-0.6431750999,-0.4116785594,0.4000000000,4.0000000000,0.8186666667,0.0204666667,0.7475327559,0.1080583391,0.7591118315,0.0911566248,1.0625457837,0.1300999795,-0.1745627622,0.6409760503,0.7452905639,0.6250000000,2.0000000000,0.8000000000,0.0048000000,1.2300473353,-0.1361748827,1.1577975770,-0.0822698157
2,19,34,false,composite,-1.4718242981,0.4495668584,ret60_ret5_top3_riskoff0p5_riskctrl1_mscore1,ret60_ret5,ret60;ret5,3,0.500000,true,true,0.000000,2022-07-01,2024-07-29,2024-07-30,2025-02-10,0.8199102951,-0.0946897230,-0.2273599723,-0.7308113167,-0.4164749058,0.4000000000,4.0000000000,0.7760000000,0.0194000000,0.7475327559,0.0968218966,0.7591118315,0.0800915769,1.0417709040,0.0859974436,-0.1745627622,0.4789936065,0.4926448374,0.6250000000,2.0000000000,0.7777777778,0.0046666667,1.2300473353,-0.1530643789,1.1577975770,-0.1002132630
2,20,27,false,composite,-1.4950269584,1.1854614807,ret60_ret5_top8_riskoff0p2_riskctrl1_mscore1,ret60_ret5,ret60;ret5,8,0.200000,true,true,0.000000,2022-07-01,2024-07-29,2024-07-30,2025-02-10,0.8549263315,-0.0755217855,-0.1530339154,-0.8786600351,-0.4934970477,0.2400000000,7.0000000000,0.4540000000,0.0113500000,0.7475327559,0.1436640398,0.7591118315,0.1262192157,1.0596316098,0.1238601934,-0.1388578707,0.7187874547,0.8919926020,0.6250000000,2.0000000000,0.5916666667,0.0035500000,1.2300473353,-0.1385440386,1.1577975770,-0.0847868134
2,21,10,false,composite,-1.5236440585,3.4844367824,ret60_ret5_top8_riskoff0p3_riskctrl1_mscore0,ret60_ret5,ret60;ret5,8,0.300000,true,false,0.000000,2022-07-01,2024-07-29,2024-07-30,2025-02-10,0.8357954526,-0.0859444992,-0.1841392444,-0.8500903656,-0.4667364608,0.3200000000,7.0000000000,0.5630000000,0.0140750000,0.7475327559,0.1180720122,0.7591118315,0.1010175549,1.1518492163,0.3297610026,-0.1388578707,1.4662249923,2.3748095874,0.6250000000,2.0000000000,0.6166666667,0.0037000000,1.2300473353,-0.0635732600,1.1577975770,-0.0051376517
2,22,42,false,composite,-1.5312258077,-0.3903161634,ret60_ret5_top5_riskoff0_riskctrl0_mscore1,ret60_ret5,ret60;ret5,5,0.000000,false,true,0.000000,2022-07-01,2024-07-29,2024-07-30,2025-02-10,0.8172598581,-0.0961570667,-0.2072591354,-0.7952968932,-0.4639460960,0.2400000000,4.0000000000,0.6320000000,0.0158000000,0.7475327559,0.0932763169,0.7591118315,0.0766000795,1.0006664558,0.0013440298,-0.1503545535,0.1042473311,0.0089390692,0.2500000000,2.0000000000,0.6666666667,0.0040000000,1.2300473353,-0.1864813434,1.1577975770,-0.1357155381
2,23,47,false,composite,-1.6116121352,-1.6650567150,ret60_ret5_top3_riskoff0_riskctrl0_mscore1,ret60_ret5,ret60;ret5,3,0.000000,false,true,0.000000,2022-07-01,2024-07-29,2024-07-30,2025-02-10,0.7998596327,-0.1058497920,-0.2321792514,-0.8405354660,-0.4558968612,0.1600000000,5.0000000000,0.6120000000,0.0153000000,0.7475327559,0.0699994434,0.7591118315,0.0536782587,0.9445111848,-0.1087130988,-0.1745627622,-0.5105859658,-0.6227737085,0.2500000000,2.0000000000,0.5000000000,0.0030000000,1.2300473353,-0.2321342784,1.1577975770,-0.1842173420
2,24,33,false,composite,-1.6721230951,0.5593222028,ret60_ret5_top5_riskoff0p2_riskctrl0_mscore1,ret60_ret5,ret60;ret5,5,0.200000,false,true,0.000000,2022-07-01,2024-07-29,2024-07-30,2025-02-10,0.7991175967,-0.1062654679,-0.2268498814,-0.8658404095,-0.4684396007,0.3600000000,7.0000000000,0.7200000000,0.0180000000,0.7475327559,0.0690067965,0.7591118315,0.0527007530,1.0404166103,0.0831531590,-0.1503545535,0.5007949834,0.5530471613,0.6250000000,2.0000000000,0.7600000000,0.0045600000,1.2300473353,-0.1541653883,1.1577975770,-0.1013829783
2,25,25,false,composite,-1.6972916673,1.7694371361,ret60_ret5_top8_riskoff0p3_riskctrl1_mscore1,ret60_ret5,ret60;ret5,8,0.300000,true,true,0.000000,2022-07-01,2024-07-29,2024-07-30,2025-02-10,0.8275986450,-0.0904466131,-0.1791007061,-0.9900436013,-0.5050042238,0.2800000000,7.0000000000,0.5210000000,0.0130250000,0.7475327559,0.1071068639,0.7591118315,0.0902196629,1.0828898960,0.1741455916,-0.1388578707,0.9279689182,1.2541283458,0.6250000000,2.0000000000,0.6166666667,0.0037000000,1.2300473353,-0.1196355905,1.1577975770,-0.0646984261
2,26,30,false,composite,-1.7234220553,1.0255165579,ret60_ret5_top5_riskoff0p3_riskctrl0_mscore1,ret60_ret5,ret60;ret5,5,0.300000,false,true,0.000000,2022-07-01,2024-07-29,2024-07-30,2025-02-10,0.7897825280,-0.1115113593,-0.2403685559,-0.8846542089,-0.4639182481,0.3600000000,7.0000000000,0.7640000000,0.0191000000,0.7475327559,0.0565189576,0.7591118315,0.0404033967,1.0604841371,0.1256838105,-0.1503545535,0.6794725091,0.8359162227,0.6250000000,2.0000000000,0.8066666667,0.0048400000,1.2300473353,-0.1378509537,1.1577975770,-0.0840504781
2,27,46,false,composite,-1.7314074876,-0.7978247823,ret60_ret5_top3_riskoff0p2_riskctrl0_mscore1,ret60_ret5,ret60;ret5,3,0.200000,false,true,0.000000,2022-07-01,2024-07-29,2024-07-30,2025-02-10,0.7856043943,-0.1138693041,-0.2396304327,-0.8858529571,-0.4751871572,0.3200000000,8.0000000000,0.7266666667,0.0181666667,0.7475327559,0.0509297260,0.7591118315,0.0348994203,0.9831274645,-0.0337235067,-0.1745627622,-0.0765556710,-0.1931884341,0.6250000000,2.0000000000,0.6111111111,0.0036666667,1.2300473353,-0.2007401372,1.1577975770,-0.1508641199
2,28,40,false,composite,-1.7697818793,-0.3685799967,ret60_ret5_top3_riskoff0p3_riskctrl0_mscore1,ret60_ret5,ret60;ret5,3,0.300000,false,true,0.000000,2022-07-01,2024-07-29,2024-07-30,2025-02-10,0.7780809930,-0.1181309965,-0.2487599219,-0.8910078366,-0.4748795370,0.3200000000,8.0000000000,0.7840000000,0.0196000000,0.7475327559,0.0408654161,0.7591118315,0.0249886258,1.0025874218,0.0052230987,-0.1745627622,0.1276480385,0.0299210362,0.6250000000,2.0000000000,0.6666666667,0.0040000000,1.2300473353,-0.1849196425,1.1577975770,-0.1340563828
2,29,17,false,composite,-1.8015959028,1.9214629140,ret60_ret5_top5_riskoff0p5_riskctrl0_mscore1,ret60_ret5,ret60;ret5,5,0.500000,false,true,0.000000,2022-07-01,2024-07-29,2024-07-30,2025-02-10,0.7706266701,-0.1223738876,-0.2673659978,-0.8944216602,-0.4577017595,0.3600000000,7.0000000000,0.8520000000,0.0213000000,0.7475327559,0.0308935147,0.7591118315,0.0151688304,1.1009710578,0.2140042841,-0.1503545535,0.9784225787,1.4233309136,0.6250000000,2.0000000000,0.9000000000,0.0054000000,1.2300473353,-0.1049360247,1.1577975770,-0.0490815669
2,30,35,false,composite,-1.8222740018,0.4495668584,ret60_ret5_top3_riskoff0p5_riskctrl0_mscore1,ret60_ret5,ret60;ret5,3,0.500000,false,true,0.000000,2022-07-01,2024-07-29,2024-07-30,2025-02-10,0.7622862509,-0.1271454815,-0.2674939760,-0.8745286961,-0.4753209152,0.3600000000,6.0000000000,0.8986666667,0.0224666667,0.7475327559,0.0197362522,0.7591118315,0.0041817546,1.0417709040,0.0859974436,-0.1745627622,0.4789936065,0.4926448374,0.6250000000,2.0000000000,0.7777777778,0.0046666667,1.2300473353,-0.1530643789,1.1577975770,-0.1002132630
2,31,19,false,composite,-1.8779949842,1.9100562722,ret60_ret5_top3_riskoff0_riskctrl0_mscore0,ret60_ret5,ret60;ret5,3,0.000000,false,false,0.000000,2022-07-01,2024-07-29,2024-07-30,2025-02-10,0.7279625984,-0.1470619976,-0.3251904765,-0.7923914338,-0.4522334084,0.3600000000,4.0000000000,1.1280000000,0.0282000000,0.7475327559,-0.0261796655,0.7591118315,-0.0410337869,1.1209550971,0.2588379982,-0.1745627622,0.9405294970,1.4827790010,0.6250000000,2.0000000000,1.0000000000,0.0060000000,1.2300473353,-0.0886894635,1.1577975770,-0.0318211755
2,32,20,false,composite,-1.8779949842,1.9100562722,ret60_ret5_top3_riskoff0p2_riskctrl0_mscore0,ret60_ret5,ret60;ret5,3,0.200000,false,false,0.000000,2022-07-01,2024-07-29,2024-07-30,2025-02-10,0.7279625984,-0.1470619976,-0.3251904765,-0.7923914338,-0.4522334084,0.3600000000,4.0000000000,1.1280000000,0.0282000000,0.7475327559,-0.0261796655,0.7591118315,-0.0410337869,1.1209550971,0.2588379982,-0.1745627622,0.9405294970,1.4827790010,0.6250000000,2.0000000000,1.0000000000,0.0060000000,1.2300473353,-0.0886894635,1.1577975770,-0.0318211755
2,33,21,false,composite,-1.8779949842,1.9100562722,ret60_ret5_top3_riskoff0p3_riskctrl0_mscore0,ret60_ret5,ret60;ret5,3,0.300000,false,false,0.000000,2022-07-01,2024-07-29,2024-07-30,2025-02-10,0.7279625984,-0.1470619976,-0.3251904765,-0.7923914338,-0.4522334084,0.3600000000,4.0000000000,1.1280000000,0.0282000000,0.7475327559,-0.0261796655,0.7591118315,-0.0410337869,1.1209550971,0.2588379982,-0.1745627622,0.9405294970,1.4827790010,0.6250000000,2.0000000000,1.0000000000,0.0060000000,1.2300473353,-0.0886894635,1.1577975770,-0.0318211755
2,34,22,false,composite,-1.8779949842,1.9100562722,ret60_ret5_top3_riskoff0p5_riskctrl0_mscore0,ret60_ret5,ret60;ret5,3,0.500000,false,false,0.000000,2022-07-01,2024-07-29,2024-07-30,2025-02-10,0.7279625984,-0.1470619976,-0.3251904765,-0.7923914338,-0.4522334084,0.3600000000,4.0000000000,1.1280000000,0.0282000000,0.7475327559,-0.0261796655,0.7591118315,-0.0410337869,1.1209550971,0.2588379982,-0.1745627622,0.9405294970,1.4827790010,0.6250000000,2.0000000000,1.0000000000,0.0060000000,1.2300473353,-0.0886894635,1.1577975770,-0.0318211755
2,35,5,false,composite,-1.8911947051,4.1265332627,ret60_ret5_top8_riskoff0p5_riskctrl1_mscore0,ret60_ret5,ret60;ret5,8,0.500000,true,false,0.000000,2022-07-01,2024-07-29,2024-07-30,2025-02-10,0.7798337585,-0.1171362973,-0.2306489128,-1.0246505360,-0.5078554065,0.3200000000,7.0000000000,0.6850000000,0.0171250000,0.7475327559,0.0432101502,0.7591118315,0.0272975946,1.1808584712,0.3981406558,-0.1388578707,1.6047941391,2.8672530685,0.6250000000,2.0000000000,0.6666666667,0.0040000000,1.2300473353,-0.0399894075,1.1577975770,0.0199178981
2,36,37,false,composite,-1.9128613260,-0.0037074742,ret60_ret5_top8_riskoff0_riskctrl0_mscore1,ret60_ret5,ret60;ret5,8,0.000000,false,true,0.000000,2022-07-01,2024-07-29,2024-07-30,2025-02-10,0.7801653397,-0.1169482497,-0.2340664738,-1.0753116599,-0.4996369099,0.2000000000,5.0000000000,0.5900000000,0.0147500000,0.7475327559,0.0436537176,0.7591118315,0.0277343961,1.0138554202,0.0281291461,-0.1388578707,0.2437509904,0.2025750935,0.2500000000,2.0000000000,0.5416666667,0.0032500000,1.2300473353,-0.1757590208,1.1577975770,-0.1243241130
2,37,6,false,composite,-1.9245277049,3.9754058544,ret60_ret5_top5_riskoff0_riskctrl0_mscore0,ret60_ret5,ret60;ret5,5,0.000000,false,false,0.000000,2022-07-01,2024-07-29,2024-07-30,2025-02-10,0.7203036045,-0.1515697208,-0.3444820627,-0.8356272086,-0.4399930714,0.4400000000,4.0000000000,1.0720000000,0.0268000000,0.7475327559,-0.0364253622,0.7591118315,-0.0511232013,1.2039086871,0.4537060344,-0.1503545535,1.4127695720,3.0175742850,0.6250000000,2.0000000000,1.1333333333,0.0068000000,1.2300473353,-0.0212501157,1.1577975770,0.0398265733
2,38,7,false,composite,-1.9245277049,3.9754058544,ret60_ret5_top5_riskoff0p2_riskctrl0_mscore0,ret60_ret5,ret60;ret5,5,0.200000,false,false,0.000000,2022-07-01,2024-07-29,2024-07-30,2025-02-10,0.7203036045,-0.1515697208,-0.3444820627,-0.8356272086,-0.4399930714,0.4400000000,4.0000000000,1.0720000000,0.0268000000,0.7475327559,-0.0364253622,0.7591118315,-0.0511232013,1.2039086871,0.4537060344,-0.1503545535,1.4127695720,3.0175742850,0.6250000000,2.0000000000,1.1333333333,0.0068000000,1.2300473353,-0.0212501157,1.1577975770,0.0398265733
2,39,8,false,composite,-1.9245277049,3.9754058544,ret60_ret5_top5_riskoff0p3_riskctrl0_mscore0,ret60_ret5,ret60;ret5,5,0.300000,false,false,0.000000,2022-07-01,2024-07-29,2024-07-30,2025-02-10,0.7203036045,-0.1515697208,-0.3444820627,-0.8356272086,-0.4399930714,0.4400000000,4.0000000000,1.0720000000,0.0268000000,0.7475327559,-0.0364253622,0.7591118315,-0.0511232013,1.2039086871,0.4537060344,-0.1503545535,1.4127695720,3.0175742850,0.6250000000,2.0000000000,1.1333333333,0.0068000000,1.2300473353,-0.0212501157,1.1577975770,0.0398265733
2,40,9,false,composite,-1.9245277049,3.9754058544,ret60_ret5_top5_riskoff0p5_riskctrl0_mscore0,ret60_ret5,ret60;ret5,5,0.500000,false,false,0.000000,2022-07-01,2024-07-29,2024-07-30,2025-02-10,0.7203036045,-0.1515697208,-0.3444820627,-0.8356272086,-0.4399930714,0.4400000000,4.0000000000,1.0720000000,0.0268000000,0.7475327559,-0.0364253622,0.7591118315,-0.0511232013,1.2039086871,0.4537060344,-0.1503545535,1.4127695720,3.0175742850,0.6250000000,2.0000000000,1.1333333333,0.0068000000,1.2300473353,-0.0212501157,1.1577975770,0.0398265733
2,41,13,false,composite,-1.9794695903,2.8950784055,ret60_ret5_top8_riskoff0p5_riskctrl1_mscore1,ret60_ret5,ret60;ret5,8,0.500000,true,true,0.000000,2022-07-01,2024-07-29,2024-07-30,2025-02-10,0.7744963917,-0.1201687552,-0.2457244738,-1.1170266791,-0.4890386104,0.2800000000,7.0000000000,0.6550000000,0.0163750000,0.7475327559,0.0360701729,0.7591118315,0.0202665267,1.1301201141,0.2796735779,-0.1388578707,1.2677418876,2.0140995722,0.6250000000,2.0000000000,0.6666666667,0.0040000000,1.2300473353,-0.0812385169,1.1577975770,-0.0239052694
2,42,28,false,composite,-2.1174015826,1.1854614807,ret60_ret5_top8_riskoff0p2_riskctrl0_mscore1,ret60_ret5,ret60;ret5,8,0.200000,false,true,0.000000,2022-07-01,2024-07-29,2024-07-30,2025-02-10,0.7544392448,-0.1316586349,-0.2603941571,-1.1931336094,-0.5056128613,0.2800000000,11.0000000000,0.6700000000,0.0167500000,0.7475327559,0.0092390452,0.7591118315,-0.0061553338,1.0596316098,0.1238601934,-0.1388578707,0.7187874547,0.8919926020,0.6250000000,2.0000000000,0.5916666667,0.0035500000,1.2300473353,-0.1385440386,1.1577975770,-0.0847868134
2,43,24,false,composite,-2.1945462106,1.7694371361,ret60_ret5_top8_riskoff0p3_riskctrl0_mscore1,ret60_ret5,ret60;ret5,8,0.300000,false,true,0.000000,2022-07-01,2024-07-29,2024-07-30,2025-02-10,0.7415275018,-0.1391360266,-0.2737020299,-1.2269622103,-0.5083485376,0.2800000000,11.0000000000,0.7100000000,0.0177500000,0.7475327559,-0.0080334328,0.7591118315,-0.0231643468,1.0828898960,0.1741455916,-0.1388578707,0.9279689182,1.2541283458,0.6250000000,2.0000000000,0.6166666667,0.0037000000,1.2300473353,-0.1196355905,1.1577975770,-0.0646984261
2,44,12,false,composite,-2.3001320525,2.8950784055,ret60_ret5_top8_riskoff0p5_riskctrl0_mscore1,ret60_ret5,ret60;ret5,8,0.500000,false,true,0.000000,2022-07-01,2024-07-29,2024-07-30,2025-02-10,0.7156505077,-0.1543200008,-0.3092829058,-1.2517385251,-0.4989606534,0.2800000000,11.0000000000,0.7900000000,0.0197500000,0.7475327559,-0.0426499681,0.7591118315,-0.0572528605,1.1301201141,0.2796735779,-0.1388578707,1.2677418876,2.0140995722,0.6250000000,2.0000000000,0.6666666667,0.0040000000,1.2300473353,-0.0812385169,1.1577975770,-0.0239052694
2,45,1,false,composite,-2.4459638636,5.5387553862,ret60_ret5_top8_riskoff0_riskctrl0_mscore0,ret60_ret5,ret60;ret5,8,0.000000,false,false,0.000000,2022-07-01,2024-07-29,2024-07-30,2025-02-10,0.6510396163,-0.1934738977,-0.3978678479,-1.1852370755,-0.4862767844,0.3200000000,7.0000000000,0.9900000000,0.0247500000,0.7475327559,-0.1290821557,0.7591118315,-0.1423666589,1.2520746837,0.5733398857,-0.1388578707,1.7286528946,4.1289693049,0.6250000000,2.0000000000,0.7916666667,0.0047500000,1.2300473353,0.0179077241,1.1577975770,0.0814279703
2,46,2,false,composite,-2.4459638636,5.5387553862,ret60_ret5_top8_riskoff0p2_riskctrl0_mscore0,ret60_ret5,ret60;ret5,8,0.200000,false,false,0.000000,2022-07-01,2024-07-29,2024-07-30,2025-02-10,0.6510396163,-0.1934738977,-0.3978678479,-1.1852370755,-0.4862767844,0.3200000000,7.0000000000,0.9900000000,0.0247500000,0.7475327559,-0.1290821557,0.7591118315,-0.1423666589,1.2520746837,0.5733398857,-0.1388578707,1.7286528946,4.1289693049,0.6250000000,2.0000000000,0.7916666667,0.0047500000,1.2300473353,0.0179077241,1.1577975770,0.0814279703
2,47,3,false,composite,-2.4459638636,5.5387553862,ret60_ret5_top8_riskoff0p3_riskctrl0_mscore0,ret60_ret5,ret60;ret5,8,0.300000,false,false,0.000000,2022-07-01,2024-07-29,2024-07-30,2025-02-10,0.6510396163,-0.1934738977,-0.3978678479,-1.1852370755,-0.4862767844,0.3200000000,7.0000000000,0.9900000000,0.0247500000,0.7475327559,-0.1290821557,0.7591118315,-0.1423666589,1.2520746837,0.5733398857,-0.1388578707,1.7286528946,4.1289693049,0.6250000000,2.0000000000,0.7916666667,0.0047500000,1.2300473353,0.0179077241,1.1577975770,0.0814279703
2,48,4,false,composite,-2.4459638636,5.5387553862,ret60_ret5_top8_riskoff0p5_riskctrl0_mscore0,ret60_ret5,ret60;ret5,8,0.500000,false,false,0.000000,2022-07-01,2024-07-29,2024-07-30,2025-02-10,0.6510396163,-0.1934738977,-0.3978678479,-1.1852370755,-0.4862767844,0.3200000000,7.0000000000,0.9900000000,0.0247500000,0.7475327559,-0.1290821557,0.7591118315,-0.1423666589,1.2520746837,0.5733398857,-0.1388578707,1.7286528946,4.1289693049,0.6250000000,2.0000000000,0.7916666667,0.0047500000,1.2300473353,0.0179077241,1.1577975770,0.0814279703
3,1,40,true,composite,0.3971710711,-1.8921940300,ret60_ret5_top5_riskoff0_riskctrl1_mscore0,ret60_ret5,ret60;ret5,5,0.000000,true,false,0.000000,2023-01-04,2025-02-10,2025-02-11,2025-08-12,1.0790913691,0.0388718309,-0.1503545535,0.3342693949,0.2585344443,0.3076923077,3.0000000000,0.5840000000,0.0146000000,0.9803488796,0.1007217855,1.0020832531,0.0768480221,0.9297907028,-0.1364955865,-0.2011759520,-0.5768669066,-0.6784885825,0.2857142857,5.0000000000,1.0857142857,0.0076000000,1.1125012529,-0.1642340174,1.0671338144,-0.1287028016
3,2,39,false,composite,0.1953512277,-1.8201910249,ret60_ret5_top5_riskoff0p2_riskctrl1_mscore0,ret60_ret5,ret60;ret5,5,0.200000,true,false,0.000000,2023-01-04,2025-02-10,2025-02-11,2025-08-12,1.0598144118,0.0295323316,-0.1649337193,0.2697707711,0.1790557548,0.4615384615,4.0000000000,0.6784000000,0.0169600000,0.9803488796,0.0810584211,1.0020832531,0.0576111402,0.9334295790,-0.1296690600,-0.2011759520,-0.5392107687,-0.6445554688,0.2857142857,5.0000000000,1.0971428571,0.0076800000,1.1125012529,-0.1609631211,1.0671338144,-0.1252928485
3,3,37,false,composite,0.0610809941,-1.7839235173,ret60_ret5_top5_riskoff0p3_riskctrl1_mscore0,ret60_ret5,ret60;ret5,5,0.300000,true,false,0.000000,2023-01-04,2025-02-10,2025-02-11,2025-08-12,1.0495860726,0.0245423675,-0.1913947489,0.2350216352,0.1282290534,0.4615384615,4.0000000000,0.7256000000,0.0181400000,0.9803488796,0.0706250545,1.0020832531,0.0474040648,0.9352412835,-0.1262602033,-0.2011759520,-0.5200878396,-0.6276108156,0.2857142857,5.0000000000,1.1028571429,0.0077200000,1.1125012529,-0.1593346245,1.0671338144,-0.1235951191
3,4,29,false,composite,0.0220046922,-0.5813930935,ret60_ret5_top8_riskoff0_riskctrl1_mscore0,ret60_ret5,ret60;ret5,8,0.000000,true,false,0.000000,2023-01-04,2025-02-10,2025-02-11,2025-08-12,1.0242771073,0.0120898943,-0.1388578707,0.1564871086,0.0870666840,0.2692307692,3.0000000000,0.5100000000,0.0127500000,0.9803488796,0.0448087703,1.0020832531,0.0221477149,0.9922907176,-0.0154810488,-0.1611538973,0.0160217099,-0.0960637569,0.4285714286,4.0000000000,0.9285714286,0.0065000000,1.1125012529,-0.1080542921,1.0671338144,-0.0701346877
3,5,36,false,composite,-0.1749074354,-1.7109841174,ret60_ret5_top5_riskoff0p5_riskctrl1_mscore0,ret60_ret5,ret60;ret5,5,0.500000,true,false,0.000000,2023-01-04,2025-02-10,2025-02-11,2025-08-12,1.0280176230,0.0139398891,-0.2423957845,0.1663552908,0.0575087935,0.4615384615,4.0000000000,0.8200000000,0.0205000000,0.9803488796,0.0486242648,1.0020832531,0.0258804544,0.9388490192,-0.1194519779,-0.2011759520,-0.4813763450,-0.5937686721,0.4285714286,3.0000000000,1.1142857143,0.0078000000,1.1125012529,-0.1560917197,1.0671338144,-0.1202143475
3,6,27,false,composite,-0.1913345223,-0.4539428585,ret60_ret5_top8_riskoff0p2_riskctrl1_mscore0,ret60_ret5,ret60;ret5,8,0.200000,true,false,0.000000,2023-01-04,2025-02-10,2025-02-11,2025-08-12,1.0053785364,0.0026910083,-0.1729196202,0.0884915290,0.0155621918,0.3846153846,7.0000000000,0.5920000000,0.0148000000,0.9803488796,0.0255313770,1.0020832531,0.0032884327,0.9977323462,-0.0045663238,-0.1611538973,0.0744234450,-0.0283351744,0.5714285714,2.0000000000,0.9428571429,0.0066000000,1.1125012529,-0.1031629460,1.0671338144,-0.0650353941
3,7,26,false,composite,-0.2974637880,-0.3901634615,ret60_ret5_top8_riskoff0p3_riskctrl1_mscore0,ret60_ret5,ret60;ret5,8,0.300000,true,false,0.000000,2023-01-04,2025-02-10,2025-02-11,2025-08-12,0.9953753639,-0.0023195947,-0.1975792359,0.0547778304,-0.0117400732,0.3846153846,7.0000000000,0.6330000000,0.0158250000,0.9803488796,0.0153276907,1.0020832531,-0.0066939440,1.0004537636,0.0009149983,-0.1611538973,0.1035293750,0.0056777917,0.5714285714,2.0000000000,0.9500000000,0.0066500000,1.1125012529,-0.1007167309,1.0671338144,-0.0624851822
3,8,11,false,composite,-0.4333822024,2.9604090128,ret60_ret5_top5_riskoff0p2_riskctrl1_mscore1,ret60_ret5,ret60;ret5,5,0.200000,true,true,0.000000,2023-01-04,2025-02-10,2025-02-11,2025-08-12,0.9730326040,-0.0136026552,-0.1503545535,-0.0330941947,-0.0904705237,0.4230769231,4.0000000000,0.6080000000,0.0152000000,0.9803488796,-0.0074629305,1.0020832531,-0.0289902550,1.0385636586,0.0792676839,-0.0426767269,1.3207194614,1.8573983909,0.4285714286,3.0000000000,0.4342857143,0.0030400000,1.1125012529,-0.0664606841,1.0671338144,-0.0267727959
3,9,16,false,composite,-0.4434363468,1.3787651575,ret60_ret5_top5_riskoff0p3_riskctrl1_mscore1,ret60_ret5,ret60;ret5,5,0.300000,true,true,0.000000,2023-01-04,2025-02-10,2025-02-11,2025-08-12,0.9742552958,-0.0129818748,-0.1738844970,-0.0226780851,-0.0746580349,0.4230769231,4.0000000000,0.6640000000,0.0166000000,0.9803488796,-0.0062157298,1.0020832531,-0.0277701051,1.0276267827,0.0564773628,-0.0635453314,0.7605435374,0.8887728099,0.4285714286,3.0000000000,0.5228571429,0.0036600000,1.1125012529,-0.0762915727,1.0671338144,-0.0370216286
3,10,1,false,composite,-0.4437793687,13.3342495306,ret60_ret5_top5_riskoff0_riskctrl1_mscore1,ret60_ret5,ret60;ret5,5,0.000000,true,true,0.000000,2023-01-04,2025-02-10,2025-02-11,2025-08-12,0.9690321118,-0.0156364947,-0.1503545535,-0.0538837224,-0.1039974801,0.2307692308,2.0000000000,0.4960000000,0.0124000000,0.9803488796,-0.0115436127,1.0020832531,-0.0329824305,1.0600544970,0.1247645932,-0.0118588644,2.9367496086,10.5207875989,0.2857142857,0.0000000000,0.2571428571,0.0018000000,1.1125012529,-0.0471430983,1.0671338144,-0.0066339547
3,11,23,false,composite,-0.4859029769,-0.1183836811,ret60_ret5_top5_riskoff0p5_riskctrl1_mscore1,ret60_ret5,ret60;ret5,5,0.500000,true,true,0.000000,2023-01-04,2025-02-10,2025-02-11,2025-08-12,0.9751395238,-0.0125331803,-0.2278329391,-0.0037458641,-0.0550103962,0.4230769231,4.0000000000,0.7760000000,0.0194000000,0.9803488796,-0.0053137775,1.0020832531,-0.0268877154,1.0053848756,0.0108856065,-0.1043603044,0.1529529769,0.1043079221,0.4285714286,3.0000000000,0.7000000000,0.0049000000,1.1125012529,-0.0962842757,1.0671338144,-0.0578642884
3,12,25,false,composite,-0.4899219456,-0.2626671946,ret60_ret5_top8_riskoff0p5_riskctrl1_mscore0,ret60_ret5,ret60;ret5,8,0.500000,true,false,0.000000,2023-01-04,2025-02-10,2025-02-11,2025-08-12,0.9743258322,-0.0129460743,-0.2453157353,-0.0069393208,-0.0527731099,0.3846153846,7.0000000000,0.7150000000,0.0178750000,0.9803488796,-0.0061437795,1.0020832531,-0.0276997154,1.0058976621,0.0119253095,-0.1611538973,0.1613819656,0.0739995102,0.5714285714,2.0000000000,0.9642857143,0.0067500000,1.1125012529,-0.0958233445,1.0671338144,-0.0573837615
3,13,41,false,composite,-0.5907086048,-2.2613501647,ret60_ret5_top3_riskoff0_riskctrl1_mscore0,ret60_ret5,ret60;ret5,3,0.000000,true,false,0.000000,2023-01-04,2025-02-10,2025-02-11,2025-08-12,0.9504866983,-0.0251201380,-0.1745627622,-0.1007818849,-0.1439031881,0.2692307692,3.0000000000,0.5640000000,0.0141000000,0.9803488796,-0.0304607695,1.0020832531,-0.0514892896,0.9167117589,-0.1608080113,-0.1889281042,-0.7452718817,-0.8511598207,0.2857142857,5.0000000000,1.2000000000,0.0084000000,1.1125012529,-0.1759903582,1.0671338144,-0.1409589439
3,14,18,false,composite,-0.6153368352,0.1675666622,ret60_ret5_top5_riskoff0p5_riskctrl0_mscore1,ret60_ret5,ret60;ret5,5,0.500000,false,true,0.000000,2023-01-04,2025-02-10,2025-02-11,2025-08-12,0.9583521574,-0.0210867707,-0.2442525077,-0.0553148312,-0.0863318492,0.4230769231,7.0000000000,0.8280000000,0.0207000000,0.9803488796,-0.0224376471,1.0020832531,-0.0436401821,1.0141313096,0.0286932476,-0.1043603044,0.2961194959,0.2749440777,0.4285714286,3.0000000000,0.8428571429,0.0059000000,1.1125012529,-0.0884223214,1.0671338144,-0.0496680960
3,15,14,false,composite,-0.6386594866,1.9561106123,ret60_ret5_top5_riskoff0p3_riskctrl0_mscore1,ret60_ret5,ret60;ret5,5,0.300000,false,true,0.000000,2023-01-04,2025-02-10,2025-02-11,2025-08-12,0.9510395312,-0.0248361052,-0.1982666588,-0.1010298016,-0.1252661711,0.4230769231,7.0000000000,0.7368000000,0.0184200000,0.9803488796,-0.0298968551,1.0020832531,-0.0509376059,1.0402323545,0.0827664758,-0.0635453314,0.9628517119,1.3024792520,0.4285714286,3.0000000000,0.7228571429,0.0050600000,1.1125012529,-0.0649607344,1.0671338144,-0.0252090783
3,16,31,false,composite,-0.6517790115,-1.5274970110,ret60_ret5_top5_riskoff0_riskctrl0_mscore0,ret60_ret5,ret60;ret5,5,0.000000,false,false,0.000000,2023-01-04,2025-02-10,2025-02-11,2025-08-12,0.9682784016,-0.0160201477,-0.3590832182,0.0282306627,-0.0446140250,0.5000000000,4.0000000000,1.0560000000,0.0264000000,0.9803488796,-0.0123124310,1.0020832531,-0.0337345738,0.9477750092,-0.1024931121,-0.2011759520,-0.3830684073,-0.5094699991,0.4285714286,3.0000000000,1.1428571429,0.0080000000,1.1125012529,-0.1480683669,1.0671338144,-0.1118498951
3,17,32,false,composite,-0.6517790115,-1.5274970110,ret60_ret5_top5_riskoff0p2_riskctrl0_mscore0,ret60_ret5,ret60;ret5,5,0.200000,false,false,0.000000,2023-01-04,2025-02-10,2025-02-11,2025-08-12,0.9682784016,-0.0160201477,-0.3590832182,0.0282306627,-0.0446140250,0.5000000000,4.0000000000,1.0560000000,0.0264000000,0.9803488796,-0.0123124310,1.0020832531,-0.0337345738,0.9477750092,-0.1024931121,-0.2011759520,-0.3830684073,-0.5094699991,0.4285714286,3.0000000000,1.1428571429,0.0080000000,1.1125012529,-0.1480683669,1.0671338144,-0.1118498951
3,18,33,false,composite,-0.6517790115,-1.5274970110,ret60_ret5_top5_riskoff0p3_riskctrl0_mscore0,ret60_ret5,ret60;ret5,5,0.300000,false,false,0.000000,2023-01-04,2025-02-10,2025-02-11,2025-08-12,0.9682784016,-0.0160201477,-0.3590832182,0.0282306627,-0.0446140250,0.5000000000,4.0000000000,1.0560000000,0.0264000000,0.9803488796,-0.0123124310,1.0020832531,-0.0337345738,0.9477750092,-0.1024931121,-0.2011759520,-0.3830684073,-0.5094699991,0.4285714286,3.0000000000,1.1428571429,0.0080000000,1.1125012529,-0.1480683669,1.0671338144,-0.1118498951
3,19,34,false,composite,-0.6517790115,-1.5274970110,ret60_ret5_top5_riskoff0p5_riskctrl0_mscore0,ret60_ret5,ret60;ret5,5,0.500000,false,false,0.000000,2023-01-04,2025-02-10,2025-02-11,2025-08-12,0.9682784016,-0.0160201477,-0.3590832182,0.0282306627,-0.0446140250,0.5000000000,4.0000000000,1.0560000000,0.0264000000,0.9803488796,-0.0123124310,1.0020832531,-0.0337345738,0.9477750092,-0.1024931121,-0.2011759520,-0.3830684073,-0.5094699991,0.4285714286,3.0000000000,1.1428571429,0.0080000000,1.1125012529,-0.1480683669,1.0671338144,-0.1118498951
3,20,9,false,composite,-0.6621152681,3.5912038274,ret60_ret5_top5_riskoff0p2_riskctrl0_mscore1,ret60_ret5,ret60;ret5,5,0.200000,false,true,0.000000,2023-01-04,2025-02-10,2025-02-11,2025-08-12,0.9466836306,-0.0270763048,-0.1756380026,-0.1251774785,-0.1541597171,0.4230769231,7.0000000000,0.6912000000,0.0172800000,0.9803488796,-0.0343400699,1.0020832531,-0.0552844510,1.0531753763,0.1100982149,-0.0462372264,1.4753223243,2.3811595858,0.4285714286,3.0000000000,0.6628571429,0.0046400000,1.1125012529,-0.0533265705,1.0671338144,-0.0130803071
3,21,3,false,composite,-0.7311924888,11.4162907498,ret60_ret5_top5_riskoff0_riskctrl0_mscore1,ret60_ret5,ret60;ret5,5,0.000000,false,true,0.000000,2023-01-04,2025-02-10,2025-02-11,2025-08-12,0.9366015603,-0.0322812339,-0.1503545535,-0.1715129599,-0.2147007400,0.2692307692,4.0000000000,0.6000000000,0.0150000000,0.9803488796,-0.0446242354,1.0020832531,-0.0653455614,1.0788304647,0.1652890216,-0.0184328116,2.6335951933,8.9671084967,0.4285714286,1.0000000000,0.5428571429,0.0038000000,1.1125012529,-0.0302658429,1.0671338144,0.0109608094
3,22,42,false,composite,-0.7571802533,-2.3286366107,ret60_ret5_top3_riskoff0p2_riskctrl1_mscore0,ret60_ret5,ret60;ret5,3,0.200000,true,false,0.000000,2023-01-04,2025-02-10,2025-02-11,2025-08-12,0.9313342991,-0.0350116093,-0.1745627622,-0.1623862881,-0.2005674572,0.4615384615,4.0000000000,0.6786666667,0.0169666667,0.9803488796,-0.0499970790,1.0020832531,-0.0706018724,0.9139701052,-0.1658601044,-0.1889281042,-0.7738292894,-0.8779006444,0.2857142857,5.0000000000,1.2380952381,0.0086666667,1.1125012529,-0.1784547633,1.0671338144,-0.1435281191
3,23,15,false,composite,-0.8124611832,1.6058015395,ret60_ret5_top8_riskoff0p5_riskctrl1_mscore1,ret60_ret5,ret60;ret5,8,0.500000,true,true,0.000000,2023-01-04,2025-02-10,2025-02-11,2025-08-12,0.9260796467,-0.0377431376,-0.2321912115,-0.1911109458,-0.1625519648,0.3461538462,7.0000000000,0.6850000000,0.0171250000,0.9803488796,-0.0553570611,1.0020832531,-0.0758456008,1.0420459531,0.0865755604,-0.0827247958,0.8615577728,1.0465490978,0.5714285714,2.0000000000,0.6250000000,0.0043750000,1.1125012529,-0.0633305352,1.0671338144,-0.0235095739
3,24,10,false,composite,-0.8178713560,3.2715447424,ret60_ret5_top8_riskoff0p3_riskctrl1_mscore1,ret60_ret5,ret60;ret5,8,0.300000,true,true,0.000000,2023-01-04,2025-02-10,2025-02-11,2025-08-12,0.9266064628,-0.0374689344,-0.1860600932,-0.2278607566,-0.2013808212,0.3461538462,7.0000000000,0.5910000000,0.0147750000,0.9803488796,-0.0548196850,1.0020832531,-0.0753198799,1.0498071998,0.1029525943,-0.0501597911,1.4443161903,2.0524924849,0.5714285714,2.0000000000,0.4750000000,0.0033250000,1.1125012529,-0.0563541416,1.0671338144,-0.0162365904
3,25,7,false,composite,-0.8306586513,5.0304796590,ret60_ret5_top8_riskoff0p2_riskctrl1_mscore1,ret60_ret5,ret60;ret5,8,0.200000,true,true,0.000000,2023-01-04,2025-02-10,2025-02-11,2025-08-12,0.9261345803,-0.0377145415,-0.1623421953,-0.2447003409,-0.2323150888,0.3461538462,7.0000000000,0.5440000000,0.0136000000,0.9803488796,-0.0553010264,1.0020832531,-0.0757907814,1.0534207601,0.1106197079,-0.0336161953,1.9265347590,3.2906670965,0.5714285714,2.0000000000,0.4000000000,0.0028000000,1.1125012529,-0.0531060011,1.0671338144,-0.0128503605
3,26,43,false,composite,-0.8361020864,-2.3618449578,ret60_ret5_top3_riskoff0p3_riskctrl1_mscore0,ret60_ret5,ret60;ret5,3,0.300000,true,false,0.000000,2023-01-04,2025-02-10,2025-02-11,2025-08-12,0.9211220384,-0.0403273529,-0.1845163287,-0.1886146172,-0.2185570957,0.4615384615,4.0000000000,0.7360000000,0.0184000000,0.9803488796,-0.0604140449,1.0020832531,-0.0807929026,0.9125905894,-0.1683963481,-0.1889281042,-0.7876113335,-0.8913250298,0.2857142857,5.0000000000,1.2571428571,0.0088000000,1.1125012529,-0.1796947761,1.0671338144,-0.1448208490
3,27,4,false,composite,-0.8584554959,9.6665733479,ret60_ret5_top8_riskoff0_riskctrl1_mscore1,ret60_ret5,ret60;ret5,8,0.000000,true,true,0.000000,2023-01-04,2025-02-10,2025-02-11,2025-08-12,0.9237221420,-0.0389711533,-0.1388578707,-0.2686808206,-0.2806549826,0.1923076923,3.0000000000,0.4500000000,0.0112500000,0.9803488796,-0.0577618220,1.0020832531,-0.0781982044,1.0601159544,0.1248960584,-0.0182439186,2.9485042311,6.8459008911,0.2857142857,0.0000000000,0.2500000000,0.0017500000,1.1125012529,-0.0470878557,1.0671338144,-0.0065763636
3,28,19,false,composite,-0.8860612502,0.0542044143,ret60_ret5_top8_riskoff0_riskctrl0_mscore0,ret60_ret5,ret60;ret5,8,0.000000,false,false,0.000000,2023-01-04,2025-02-10,2025-02-11,2025-08-12,0.9162513000,-0.0428730541,-0.3556115717,-0.1145057905,-0.1205614706,0.4230769231,7.0000000000,0.9200000000,0.0230000000,0.9803488796,-0.0653824174,1.0020832531,-0.0856535152,1.0195122759,0.0397267037,-0.1611538973,0.3024297416,0.2465140733,0.5714285714,2.0000000000,1.0000000000,0.0070000000,1.1125012529,-0.0835855032,1.0671338144,-0.0446256485
3,29,20,false,composite,-0.8860612502,0.0542044143,ret60_ret5_top8_riskoff0p2_riskctrl0_mscore0,ret60_ret5,ret60;ret5,8,0.200000,false,false,0.000000,2023-01-04,2025-02-10,2025-02-11,2025-08-12,0.9162513000,-0.0428730541,-0.3556115717,-0.1145057905,-0.1205614706,0.4230769231,7.0000000000,0.9200000000,0.0230000000,0.9803488796,-0.0653824174,1.0020832531,-0.0856535152,1.0195122759,0.0397267037,-0.1611538973,0.3024297416,0.2465140733,0.5714285714,2.0000000000,1.0000000000,0.0070000000,1.1125012529,-0.0835855032,1.0671338144,-0.0446256485
3,30,21,false,composite,-0.8860612502,0.0542044143,ret60_ret5_top8_riskoff0p3_riskctrl0_mscore0,ret60_ret5,ret60;ret5,8,0.300000,false,false,0.000000,2023-01-04,2025-02-10,2025-02-11,2025-08-12,0.9162513000,-0.0428730541,-0.3556115717,-0.1145057905,-0.1205614706,0.4230769231,7.0000000000,0.9200000000,0.0230000000,0.9803488796,-0.0653824174,1.0020832531,-0.0856535152,1.0195122759,0.0397267037,-0.1611538973,0.3024297416,0.2465140733,0.5714285714,2.0000000000,1.0000000000,0.0070000000,1.1125012529,-0.0835855032,1.0671338144,-0.0446256485
3,31,22,false,composite,-0.8860612502,0.0542044143,ret60_ret5_top8_riskoff0p5_riskctrl0_mscore0,ret60_ret5,ret60;ret5,8,0.500000,false,false,0.000000,2023-01-04,2025-02-10,2025-02-11,2025-08-12,0.9162513000,-0.0428730541,-0.3556115717,-0.1145057905,-0.1205614706,0.4230769231,7.0000000000,0.9200000000,0.0230000000,0.9803488796,-0.0653824174,1.0020832531,-0.0856535152,1.0195122759,0.0397267037,-0.1611538973,0.3024297416,0.2465140733,0.5714285714,2.0000000000,1.0000000000,0.0070000000,1.1125012529,-0.0835855032,1.0671338144,-0.0446256485
3,32,13,false,composite,-0.9153012662,2.1256705172,ret60_ret5_top8_riskoff0p5_riskctrl0_mscore1,ret60_ret5,ret60;ret5,8,0.500000,false,true,0.000000,2023-01-04,2025-02-10,2025-02-11,2025-08-12,0.9122576887,-0.0449653656,-0.2484339763,-0.2339159755,-0.1809952337,0.3461538462,11.0000000000,0.7300000000,0.0182500000,0.9803488796,-0.0694560807,1.0020832531,-0.0896388240,1.0553574500,0.1147399197,-0.0827247958,1.0647171664,1.3870075905,0.5714285714,2.0000000000,0.7678571429,0.0053750000,1.1125012529,-0.0513651582,1.0671338144,-0.0110355086
3,33,8,false,composite,-0.9670382359,4.3545506155,ret60_ret5_top8_riskoff0p3_riskctrl0_mscore1,ret60_ret5,ret60;ret5,8,0.300000,false,true,0.000000,2023-01-04,2025-02-10,2025-02-11,2025-08-12,0.9074731836,-0.0474780653,-0.2099547967,-0.2931122463,-0.2261347016,0.3461538462,11.0000000000,0.6540000000,0.0163500000,0.9803488796,-0.0743364913,1.0020832531,-0.0944133825,1.0686825925,0.1432969646,-0.0501597911,1.7560384869,2.8568094352,0.5714285714,2.0000000000,0.6750000000,0.0047250000,1.1125012529,-0.0393875155,1.0671338144,0.0014513439
3,34,44,false,composite,-0.9808789935,-2.4273157960,ret60_ret5_top3_riskoff0p5_riskctrl1_mscore0,ret60_ret5,ret60;ret5,3,0.500000,true,false,0.000000,2023-01-04,2025-02-10,2025-02-11,2025-08-12,0.8995093463,-0.0516751738,-0.2440732872,-0.2299591682,-0.2117199075,0.4615384615,4.0000000000,0.8506666667,0.0212666667,0.9803488796,-0.0824599639,1.0020832531,-0.1023606636,0.9098142948,-0.1734887747,-0.1889281042,-0.8141085094,-0.9182793397,0.2857142857,5.0000000000,1.2952380952,0.0090666667,1.1125012529,-0.1821903189,1.0671338144,-0.1474224857
3,35,6,false,composite,-1.0014511944,6.6967464320,ret60_ret5_top8_riskoff0p2_riskctrl0_mscore1,ret60_ret5,ret60;ret5,8,0.200000,false,true,0.000000,2023-01-04,2025-02-10,2025-02-11,2025-08-12,0.9044085072,-0.0490910297,-0.1903230567,-0.3217302652,-0.2579352734,0.3461538462,11.0000000000,0.6160000000,0.0154000000,0.9803488796,-0.0774625992,1.0020832531,-0.0974716876,1.0751248521,0.1572338918,-0.0336161953,2.2437765897,4.6773256217,0.5714285714,2.0000000000,0.6285714286,0.0044000000,1.1125012529,-0.0335967269,1.0671338144,0.0074883184
3,36,2,false,composite,-1.0906628403,13.0704706255,ret60_ret5_top8_riskoff0_riskctrl0_mscore1,ret60_ret5,ret60;ret5,8,0.000000,false,true,0.000000,2023-01-04,2025-02-10,2025-02-11,2025-08-12,0.8969552673,-0.0530251506,-0.1511469983,-0.3686321857,-0.3508184167,0.2307692308,5.0000000000,0.5400000000,0.0135000000,0.9803488796,-0.0850652395,1.0020832531,-0.1049094329,1.0875651854,0.1843876717,-0.0182439186,3.1382555859,10.1068019471,0.5714285714,0.0000000000,0.5357142857,0.0037500000,1.1125012529,-0.0224144175,1.0671338144,0.0191460253
3,37,5,false,composite,-1.1139276970,8.2978856212,ret60_ret5_top3_riskoff0_riskctrl1_mscore1,ret60_ret5,ret60;ret5,3,0.000000,true,true,0.000000,2023-01-04,2025-02-10,2025-02-11,2025-08-12,0.8865309971,-0.0585549671,-0.1745627622,-0.3942285664,-0.3354379039,0.1923076923,3.0000000000,0.4560000000,0.0114000000,0.9803488796,-0.0956984645,1.0020832531,-0.1153120318,1.0434157636,0.0894570298,-0.0142528155,2.1942200511,6.2764462033,0.2857142857,0.0000000000,0.3857142857,0.0027000000,1.1125012529,-0.0620992463,1.0671338144,-0.0222259388
3,38,17,false,composite,-1.1594849450,0.7348367248,ret60_ret5_top3_riskoff0p2_riskctrl1_mscore1,ret60_ret5,ret60;ret5,3,0.200000,true,true,0.000000,2023-01-04,2025-02-10,2025-02-11,2025-08-12,0.8828504295,-0.0605151607,-0.1745627622,-0.3901356405,-0.3466670664,0.4230769231,4.0000000000,0.5946666667,0.0148666667,0.9803488796,-0.0994528092,1.0020832531,-0.1189849478,1.0126503841,0.0256670788,-0.0448816819,0.4487791958,0.5718831760,0.5714285714,2.0000000000,0.6047619048,0.0042333333,1.1125012529,-0.0897534889,1.0671338144,-0.0510558560
3,39,28,false,composite,-1.1630924748,-0.4638394205,ret60_ret5_top3_riskoff0p3_riskctrl1_mscore1,ret60_ret5,ret60;ret5,3,0.300000,true,true,0.000000,2023-01-04,2025-02-10,2025-02-11,2025-08-12,0.8801337243,-0.0619646384,-0.1897748865,-0.3785770825,-0.3265165349,0.4230769231,4.0000000000,0.6640000000,0.0166000000,0.9803488796,-0.1022239708,1.0020832531,-0.1216960052,0.9972160275,-0.0056045512,-0.0668571006,-0.0309550283,-0.0838288109,0.5714285714,2.0000000000,0.7142857143,0.0050000000,1.1125012529,-0.1036270522,1.0671338144,-0.0655192310
3,40,35,false,composite,-1.1690929171,-1.5936795707,ret60_ret5_top3_riskoff0p5_riskctrl1_mscore1,ret60_ret5,ret60;ret5,3,0.500000,true,true,0.000000,2023-01-04,2025-02-10,2025-02-11,2025-08-12,0.8729788802,-0.0657927698,-0.2447949799,-0.3453422104,-0.2687668262,0.4615384615,4.0000000000,0.8026666667,0.0200666667,0.9803488796,-0.1095222339,1.0020832531,-0.1288359749,0.9662684284,-0.0668377875,-0.1098834495,-0.5107569679,-0.6082607326,0.5714285714,2.0000000000,0.9333333333,0.0065333333,1.1125012529,-0.1314450874,1.0671338144,-0.0945199043
3,41,45,false,composite,-1.2520522260,-2.5405455258,ret60_ret5_top3_riskoff0_riskctrl0_mscore0,ret60_ret5,ret60;ret5,3,0.000000,false,false,0.000000,2023-01-04,2025-02-10,2025-02-11,2025-08-12,0.8520252524,-0.0770947839,-0.3635212983,-0.2755572865,-0.2120777633,0.4230769231,4.0000000000,1.0800000000,0.0270000000,0.9803488796,-0.1308958779,1.0020832531,-0.1497460418,0.9041933022,-0.1837508314,-0.1922772284,-0.8625125527,-0.9556557109,0.4285714286,3.0000000000,1.3714285714,0.0096000000,1.1125012529,-0.1872428909,1.0671338144,-0.1526898595
3,42,46,false,composite,-1.2520522260,-2.5405455258,ret60_ret5_top3_riskoff0p2_riskctrl0_mscore0,ret60_ret5,ret60;ret5,3,0.200000,false,false,0.000000,2023-01-04,2025-02-10,2025-02-11,2025-08-12,0.8520252524,-0.0770947839,-0.3635212983,-0.2755572865,-0.2120777633,0.4230769231,4.0000000000,1.0800000000,0.0270000000,0.9803488796,-0.1308958779,1.0020832531,-0.1497460418,0.9041933022,-0.1837508314,-0.1922772284,-0.8625125527,-0.9556557109,0.4285714286,3.0000000000,1.3714285714,0.0096000000,1.1125012529,-0.1872428909,1.0671338144,-0.1526898595
3,43,47,false,composite,-1.2520522260,-2.5405455258,ret60_ret5_top3_riskoff0p3_riskctrl0_mscore0,ret60_ret5,ret60;ret5,3,0.300000,false,false,0.000000,2023-01-04,2025-02-10,2025-02-11,2025-08-12,0.8520252524,-0.0770947839,-0.3635212983,-0.2755572865,-0.2120777633,0.4230769231,4.0000000000,1.0800000000,0.0270000000,0.9803488796,-0.1308958779,1.0020832531,-0.1497460418,0.9041933022,-0.1837508314,-0.1922772284,-0.8625125527,-0.9556557109,0.4285714286,3.0000000000,1.3714285714,0.0096000000,1.1125012529,-0.1872428909,1.0671338144,-0.1526898595
3,44,48,false,composite,-1.2520522260,-2.5405455258,ret60_ret5_top3_riskoff0p5_riskctrl0_mscore0,ret60_ret5,ret60;ret5,3,0.500000,false,false,0.000000,2023-01-04,2025-02-10,2025-02-11,2025-08-12,0.8520252524,-0.0770947839,-0.3635212983,-0.2755572865,-0.2120777633,0.4230769231,4.0000000000,1.0800000000,0.0270000000,0.9803488796,-0.1308958779,1.0020832531,-0.1497460418,0.9041933022,-0.1837508314,-0.1922772284,-0.8625125527,-0.9556557109,0.4285714286,3.0000000000,1.3714285714,0.0096000000,1.1125012529,-0.1872428909,1.0671338144,-0.1526898595
3,45,38,false,composite,-1.3399996644,-1.7923542253,ret60_ret5_top3_riskoff0p5_riskctrl0_mscore1,ret60_ret5,ret60;ret5,3,0.500000,false,true,0.000000,2023-01-04,2025-02-10,2025-02-11,2025-08-12,0.8463250437,-0.0801933067,-0.2710295876,-0.4237091063,-0.2958839566,0.4230769231,6.0000000000,0.8506666667,0.0212666667,0.9803488796,-0.1367103473,1.0020832531,-0.1554344002,0.9600425729,-0.0789194064,-0.1156186437,-0.5952057224,-0.6825837415,0.5714285714,2.0000000000,1.0476190476,0.0073333333,1.1125012529,-0.1370413558,1.0671338144,-0.1003540888
3,46,30,false,composite,-1.4261031316,-0.9811737541,ret60_ret5_top3_riskoff0p3_riskctrl0_mscore1,ret60_ret5,ret60;ret5,3,0.300000,false,true,0.000000,2023-01-04,2025-02-10,2025-02-11,2025-08-12,0.8404378234,-0.0834044372,-0.2313902937,-0.5075481001,-0.3604491607,0.3846153846,8.0000000000,0.7360000000,0.0184000000,0.9803488796,-0.1427155771,1.0020832531,-0.1613093813,0.9876450732,-0.0247512155,-0.0758131018,-0.2452251782,-0.3264767551,0.5714285714,2.0000000000,0.8857142857,0.0062000000,1.1125012529,-0.1122301475,1.0671338144,-0.0744880727
3,47,24,false,composite,-1.4702602960,-0.2394825963,ret60_ret5_top3_riskoff0p2_riskctrl0_mscore1,ret60_ret5,ret60;ret5,3,0.200000,false,true,0.000000,2023-01-04,2025-02-10,2025-02-11,2025-08-12,0.8367479826,-0.0854227518,-0.2207886302,-0.5464272905,-0.3868983277,0.3846153846,8.0000000000,0.6786666667,0.0169666667,0.9803488796,-0.1464793809,1.0020832531,-0.1649915513,1.0013508977,0.0027252788,-0.0587341938,0.0739521845,0.0464002082,0.5714285714,2.0000000000,0.8047619048,0.0056333333,1.1125012529,-0.0999103191,1.0671338144,-0.0616444871
3,48,12,false,composite,-1.5315003736,2.6092788874,ret60_ret5_top3_riskoff0_riskctrl0_mscore1,ret60_ret5,ret60;ret5,3,0.000000,false,true,0.000000,2023-01-04,2025-02-10,2025-02-11,2025-08-12,0.8279040855,-0.0902784512,-0.2210714218,-0.6055605930,-0.4083678046,0.2307692308,5.0000000000,0.5640000000,0.0141000000,0.9803488796,-0.1555005542,1.0020832531,-0.1738170626,1.0285504860,0.0583927038,-0.0323057702,1.0702594722,1.8075007496,0.4285714286,1.0000000000,0.6428571429,0.0045000000,1.1125012529,-0.0754612785,1.0671338144,-0.0361560357
4,1,9,true,composite,0.3930712192,10.2873370945,ret60_ret5_top5_riskoff0_riskctrl1_mscore1,ret60_ret5,ret60;ret5,5,0.000000,true,true,0.000000,2023-07-14,2025-08-12,2025-08-13,2026-02-24,1.0768144626,0.0377730520,-0.1503545535,0.3908864411,0.2512265251,0.2307692308,2.0000000000,0.3769230769,0.0098000000,1.0816346857,-0.0044564243,1.0627657665,0.0132189957,1.3084476226,0.7194152977,-0.0878347331,2.2366246378,8.1905559722,0.7142857143,1.0000000000,0.7333333333,0.0044000000,1.1565625633,0.1313245509,1.1271279372,0.1608687704
4,2,10,false,composite,0.3381374299,10.2873370945,ret60_ret5_top5_riskoff0_riskctrl0_mscore1,ret60_ret5,ret60;ret5,5,0.000000,false,true,0.000000,2023-07-14,2025-08-12,2025-08-13,2026-02-24,1.0779608784,0.0383264288,-0.1618085666,0.3895566603,0.2368627916,0.2692307692,2.0000000000,0.4923076923,0.0128000000,1.0816346857,-0.0033965324,1.0627657665,0.0142977055,1.3084476226,0.7194152977,-0.0878347331,2.2366246378,8.1905559722,0.7142857143,1.0000000000,0.7333333333,0.0044000000,1.1565625633,0.1313245509,1.1271279372,0.1608687704
4,3,18,false,composite,0.2605171039,9.6390337579,ret60_ret5_top8_riskoff0_riskctrl0_mscore1,ret60_ret5,ret60;ret5,8,0.000000,false,true,0.000000,2023-07-14,2025-08-12,2025-08-13,2026-02-24,1.0607311608,0.0299783979,-0.1457925493,0.3305887779,0.2056236624,0.3076923077,2.0000000000,0.4423076923,0.0115000000,1.0816346857,-0.0193258640,1.0627657665,-0.0019144441,1.2599526923,0.5933608629,-0.0782195806,2.2399402863,7.5858353945,0.8571428571,1.0000000000,0.7916666667,0.0047500000,1.1565625633,0.0893943244,1.1271279372,0.1178435479
4,4,25,false,composite,0.1828651423,9.6390337579,ret60_ret5_top8_riskoff0_riskctrl1_mscore1,ret60_ret5,ret60;ret5,8,0.000000,true,true,0.000000,2023-07-14,2025-08-12,2025-08-13,2026-02-24,1.0466840483,0.0231221810,-0.1396083235,0.2708952336,0.1656217941,0.2307692308,2.0000000000,0.3269230769,0.0085000000,1.0816346857,-0.0323127927,1.0627657665,-0.0151319497,1.2599526923,0.5933608629,-0.0782195806,2.2399402863,7.5858353945,0.8571428571,1.0000000000,0.7916666667,0.0047500000,1.1565625633,0.0893943244,1.1271279372,0.1178435479
4,5,23,false,composite,0.0501973240,9.6390337579,ret60_ret5_top8_riskoff0p2_riskctrl0_mscore1,ret60_ret5,ret60;ret5,8,0.200000,false,true,0.000000,2023-07-14,2025-08-12,2025-08-13,2026-02-24,1.0398729858,0.0197812604,-0.1435155852,0.2305468675,0.1378335348,0.3846153846,7.0000000000,0.5442307692,0.0141500000,1.0816346857,-0.0386098009,1.0627657665,-0.0215407584,1.2599526923,0.5933608629,-0.0782195806,2.2399402863,7.5858353945,0.8571428571,1.0000000000,0.7916666667,0.0047500000,1.1565625633,0.0893943244,1.1271279372,0.1178435479
4,6,24,false,composite,-0.0047725958,9.6390337579,ret60_ret5_top8_riskoff0_riskctrl1_mscore0,ret60_ret5,ret60;ret5,8,0.000000,true,false,0.000000,2023-07-14,2025-08-12,2025-08-13,2026-02-24,1.0427427058,0.0211902250,-0.1691206369,0.2168351259,0.1252965068,0.2692307692,4.0000000000,0.5673076923,0.0147500000,1.0816346857,-0.0359566685,1.0627657665,-0.0188405209,1.2599526923,0.5933608629,-0.0782195806,2.2399402863,7.5858353945,0.8571428571,1.0000000000,0.7916666667,0.0047500000,1.1565625633,0.0893943244,1.1271279372,0.1178435479
4,7,5,false,composite,-0.0200576165,10.2873370945,ret60_ret5_top5_riskoff0p2_riskctrl1_mscore1,ret60_ret5,ret60;ret5,5,0.200000,true,true,0.000000,2023-07-14,2025-08-12,2025-08-13,2026-02-24,1.0362815824,0.0180152299,-0.1668881309,0.2115819543,0.1079479397,0.4230769231,4.0000000000,0.5230769231,0.0136000000,1.0816346857,-0.0419301488,1.0627657665,-0.0249200576,1.3084476226,0.7194152977,-0.0878347331,2.2366246378,8.1905559722,0.7142857143,1.0000000000,0.7333333333,0.0044000000,1.1565625633,0.1313245509,1.1271279372,0.1608687704
4,8,22,false,composite,-0.0205794984,9.6390337579,ret60_ret5_top8_riskoff0p2_riskctrl1_mscore1,ret60_ret5,ret60;ret5,8,0.200000,true,true,0.000000,2023-07-14,2025-08-12,2025-08-13,2026-02-24,1.0289101206,0.0143808065,-0.1435155852,0.1844583205,0.1002037965,0.3846153846,7.0000000000,0.4519230769,0.0117500000,1.0816346857,-0.0487452610,1.0627657665,-0.0318561690,1.2599526923,0.5933608629,-0.0782195806,2.2399402863,7.5858353945,0.8571428571,1.0000000000,0.7916666667,0.0047500000,1.1565625633,0.0893943244,1.1271279372,0.1178435479
4,9,15,false,composite,-0.0437359504,10.2873370945,ret60_ret5_top5_riskoff0p2_riskctrl0_mscore1,ret60_ret5,ret60;ret5,5,0.200000,false,true,0.000000,2023-07-14,2025-08-12,2025-08-13,2026-02-24,1.0370722398,0.0184042883,-0.1699866604,0.2130270140,0.1082690148,0.4230769231,4.0000000000,0.6153846154,0.0160000000,1.0816346857,-0.0411991650,1.0627657665,-0.0241760955,1.3084476226,0.7194152977,-0.0878347331,2.2366246378,8.1905559722,0.7142857143,1.0000000000,0.7333333333,0.0044000000,1.1565625633,0.1313245509,1.1271279372,0.1608687704
4,10,21,false,composite,-0.0684703523,9.6390337579,ret60_ret5_top8_riskoff0p3_riskctrl0_mscore1,ret60_ret5,ret60;ret5,8,0.300000,false,true,0.000000,2023-07-14,2025-08-12,2025-08-13,2026-02-24,1.0286087609,0.0142319482,-0.1461939454,0.1781957676,0.0973497785,0.3846153846,7.0000000000,0.5951923077,0.0154750000,1.0816346857,-0.0490238760,1.0627657665,-0.0321397307,1.2599526923,0.5933608629,-0.0782195806,2.2399402863,7.5858353945,0.8571428571,1.0000000000,0.7916666667,0.0047500000,1.1565625633,0.0893943244,1.1271279372,0.1178435479
4,11,17,false,composite,-0.1276150823,9.6390337579,ret60_ret5_top8_riskoff0p3_riskctrl1_mscore1,ret60_ret5,ret60;ret5,8,0.300000,true,true,0.000000,2023-07-14,2025-08-12,2025-08-13,2026-02-24,1.0191435520,0.0095454291,-0.1461939454,0.1396664287,0.0652929168,0.3846153846,7.0000000000,0.5144230769,0.0133750000,1.0816346857,-0.0577747131,1.0627657665,-0.0410459349,1.2599526923,0.5933608629,-0.0782195806,2.2399402863,7.5858353945,0.8571428571,1.0000000000,0.7916666667,0.0047500000,1.1565625633,0.0893943244,1.1271279372,0.1178435479
4,12,30,false,composite,-0.1577642588,9.6390337579,ret60_ret5_top8_riskoff0p2_riskctrl1_mscore0,ret60_ret5,ret60;ret5,8,0.200000,true,false,0.000000,2023-07-14,2025-08-12,2025-08-13,2026-02-24,1.0239477602,0.0119268436,-0.1691206369,0.1552244673,0.0705226980,0.3846153846,7.0000000000,0.6442307692,0.0167500000,1.0816346857,-0.0533330950,1.0627657665,-0.0365254579,1.2599526923,0.5933608629,-0.0782195806,2.2399402863,7.5858353945,0.8571428571,1.0000000000,0.7916666667,0.0047500000,1.1565625633,0.0893943244,1.1271279372,0.1178435479
4,13,6,false,composite,-0.2180878242,10.2873370945,ret60_ret5_top5_riskoff0p3_riskctrl1_mscore1,ret60_ret5,ret60;ret5,5,0.300000,true,true,0.000000,2023-07-14,2025-08-12,2025-08-13,2026-02-24,1.0155481228,0.0077595314,-0.1764047076,0.1244670287,0.0439870993,0.4230769231,4.0000000000,0.5961538462,0.0155000000,1.0816346857,-0.0610987830,1.0627657665,-0.0444290221,1.3084476226,0.7194152977,-0.0878347331,2.2366246378,8.1905559722,0.7142857143,1.0000000000,0.7333333333,0.0044000000,1.1565625633,0.1313245509,1.1271279372,0.1608687704
4,14,12,false,composite,-0.2333806352,10.2873370945,ret60_ret5_top5_riskoff0p3_riskctrl0_mscore1,ret60_ret5,ret60;ret5,5,0.300000,false,true,0.000000,2023-07-14,2025-08-12,2025-08-13,2026-02-24,1.0161866942,0.0080769485,-0.1764047076,0.1269767804,0.0457864679,0.4230769231,4.0000000000,0.6769230769,0.0176000000,1.0816346857,-0.0605084067,1.0627657665,-0.0438281640,1.3084476226,0.7194152977,-0.0878347331,2.2366246378,8.1905559722,0.7142857143,1.0000000000,0.7333333333,0.0044000000,1.1565625633,0.1313245509,1.1271279372,0.1608687704
4,15,19,false,composite,-0.2372821532,9.6390337579,ret60_ret5_top8_riskoff0p3_riskctrl1_mscore0,ret60_ret5,ret60;ret5,8,0.300000,true,false,0.000000,2023-07-14,2025-08-12,2025-08-13,2026-02-24,1.0140275893,0.0070033129,-0.1691206369,0.1236059556,0.0414101616,0.3846153846,7.0000000000,0.6826923077,0.0177500000,1.0816346857,-0.0625045566,1.0627657665,-0.0458597546,1.2599526923,0.5933608629,-0.0782195806,2.2399402863,7.5858353945,0.8571428571,1.0000000000,0.7916666667,0.0047500000,1.1565625633,0.0893943244,1.1271279372,0.1178435479
4,16,33,false,composite,-0.2499526990,8.7950393483,ret60_ret5_top3_riskoff0_riskctrl1_mscore1,ret60_ret5,ret60;ret5,3,0.000000,true,true,0.000000,2023-07-14,2025-08-12,2025-08-13,2026-02-24,1.0049612212,0.0024824731,-0.1745627622,0.0764679334,0.0142210922,0.2307692308,2.0000000000,0.3807692308,0.0099000000,1.0816346857,-0.0708866547,1.0627657665,-0.0543906730,1.3065347280,0.7143514182,-0.1069979336,2.2960562702,6.6763104090,0.7142857143,2.0000000000,0.8000000000,0.0048000000,1.1565625633,0.1296706027,1.1271279372,0.1591716298
4,17,32,false,composite,-0.3313359210,9.6390337579,ret60_ret5_top8_riskoff0p5_riskctrl0_mscore1,ret60_ret5,ret60;ret5,8,0.500000,false,true,0.000000,2023-07-14,2025-08-12,2025-08-13,2026-02-24,1.0045022744,0.0022530845,-0.1839454099,0.0859506399,0.0122486584,0.3846153846,7.0000000000,0.6971153846,0.0181250000,1.0816346857,-0.0713109633,1.0627657665,-0.0548225149,1.2599526923,0.5933608629,-0.0782195806,2.2399402863,7.5858353945,0.8571428571,1.0000000000,0.7916666667,0.0047500000,1.1565625633,0.0893943244,1.1271279372,0.1178435479
4,18,20,false,composite,-0.3602400582,9.6390337579,ret60_ret5_top8_riskoff0p5_riskctrl1_mscore1,ret60_ret5,ret60;ret5,8,0.500000,true,true,0.000000,2023-07-14,2025-08-12,2025-08-13,2026-02-24,0.9979326079,-0.0010362859,-0.1789261700,0.0617183712,-0.0057916958,0.3846153846,7.0000000000,0.6394230769,0.0166250000,1.0816346857,-0.0773847944,1.0627657665,-0.0610041842,1.2599526923,0.5933608629,-0.0782195806,2.2399402863,7.5858353945,0.8571428571,1.0000000000,0.7916666667,0.0047500000,1.1565625633,0.0893943244,1.1271279372,0.1178435479
4,19,31,false,composite,-0.4167714838,9.6390337579,ret60_ret5_top8_riskoff0p5_riskctrl1_mscore0,ret60_ret5,ret60;ret5,8,0.500000,true,false,0.000000,2023-07-14,2025-08-12,2025-08-13,2026-02-24,0.9932017446,-0.0034116821,-0.1902165365,0.0630432831,-0.0179357810,0.3846153846,7.0000000000,0.7596153846,0.0197500000,1.0816346857,-0.0817586032,1.0627657665,-0.0654556480,1.2599526923,0.5933608629,-0.0782195806,2.2399402863,7.5858353945,0.8571428571,1.0000000000,0.7916666667,0.0047500000,1.1565625633,0.0893943244,1.1271279372,0.1178435479
4,20,13,false,composite,-0.5462650151,10.2873370945,ret60_ret5_top5_riskoff0_riskctrl1_mscore0,ret60_ret5,ret60;ret5,5,0.000000,true,false,0.000000,2023-07-14,2025-08-12,2025-08-13,2026-02-24,0.9780393354,-0.0110631163,-0.2448267212,0.0106797416,-0.0451875361,0.2692307692,4.0000000000,0.6846153846,0.0178000000,1.0816346857,-0.0957766533,1.0627657665,-0.0797225821,1.3084476226,0.7194152977,-0.0878347331,2.2366246378,8.1905559722,0.7142857143,1.0000000000,0.7333333333,0.0044000000,1.1565625633,0.1313245509,1.1271279372,0.1608687704
4,21,47,false,composite,-0.5710117807,8.7950393483,ret60_ret5_top3_riskoff0_riskctrl0_mscore1,ret60_ret5,ret60;ret5,3,0.000000,false,true,0.000000,2023-07-14,2025-08-12,2025-08-13,2026-02-24,0.9714467523,-0.0144083978,-0.1926508865,-0.0805451792,-0.0747901973,0.2692307692,2.0000000000,0.4846153846,0.0126000000,1.0816346857,-0.1018716715,1.0627657665,-0.0859258145,1.3065347280,0.7143514182,-0.1069979336,2.2960562702,6.6763104090,0.7142857143,2.0000000000,0.8000000000,0.0048000000,1.1565625633,0.1296706027,1.1271279372,0.1591716298
4,22,11,false,composite,-0.5719804348,10.2873370945,ret60_ret5_top5_riskoff0p5_riskctrl1_mscore1,ret60_ret5,ret60;ret5,5,0.500000,true,true,0.000000,2023-07-14,2025-08-12,2025-08-13,2026-02-24,0.9733044645,-0.0134645936,-0.1956424857,-0.0217844169,-0.0688224419,0.4230769231,4.0000000000,0.7423076923,0.0193000000,1.0816346857,-0.1001541672,1.0627657665,-0.0841778168,1.3084476226,0.7194152977,-0.0878347331,2.2366246378,8.1905559722,0.7142857143,1.0000000000,0.7333333333,0.0044000000,1.1565625633,0.1313245509,1.1271279372,0.1608687704
4,23,7,false,composite,-0.5820625368,10.2873370945,ret60_ret5_top5_riskoff0p5_riskctrl0_mscore1,ret60_ret5,ret60;ret5,5,0.500000,false,true,0.000000,2023-07-14,2025-08-12,2025-08-13,2026-02-24,0.9736876670,-0.0132700208,-0.1956424857,-0.0187922552,-0.0678279094,0.4230769231,4.0000000000,0.8000000000,0.0208000000,1.0816346857,-0.0997998864,1.0627657665,-0.0838172458,1.3084476226,0.7194152977,-0.0878347331,2.2366246378,8.1905559722,0.7142857143,1.0000000000,0.7333333333,0.0044000000,1.1565625633,0.1313245509,1.1271279372,0.1608687704
4,24,16,false,composite,-0.6929906407,10.2873370945,ret60_ret5_top5_riskoff0p2_riskctrl1_mscore0,ret60_ret5,ret60;ret5,5,0.200000,true,false,0.000000,2023-07-14,2025-08-12,2025-08-13,2026-02-24,0.9574562021,-0.0215453762,-0.2448267212,-0.0530473684,-0.0880025519,0.3846153846,4.0000000000,0.7692307692,0.0200000000,1.0816346857,-0.1148063069,1.0627657665,-0.0990900984,1.3084476226,0.7194152977,-0.0878347331,2.2366246378,8.1905559722,0.7142857143,1.0000000000,0.7333333333,0.0044000000,1.1565625633,0.1313245509,1.1271279372,0.1608687704
4,25,46,false,composite,-0.7606413543,8.7950393483,ret60_ret5_top3_riskoff0p2_riskctrl1_mscore1,ret60_ret5,ret60;ret5,3,0.200000,true,true,0.000000,2023-07-14,2025-08-12,2025-08-13,2026-02-24,0.9494562770,-0.0256497648,-0.1911626284,-0.1736754833,-0.1341777155,0.4230769231,4.0000000000,0.5576923077,0.0145000000,1.0816346857,-0.1222024500,1.0627657665,-0.1066175568,1.3065347280,0.7143514182,-0.1069979336,2.2960562702,6.6763104090,0.7142857143,2.0000000000,0.8000000000,0.0048000000,1.1565625633,0.1296706027,1.1271279372,0.1591716298
4,26,8,false,composite,-0.7660734256,10.2873370945,ret60_ret5_top5_riskoff0p3_riskctrl1_mscore0,ret60_ret5,ret60;ret5,5,0.300000,true,false,0.000000,2023-07-14,2025-08-12,2025-08-13,2026-02-24,0.9467252162,-0.0270548934,-0.2448267212,-0.0831284078,-0.1105062930,0.3846153846,4.0000000000,0.8115384615,0.0211000000,1.0816346857,-0.1247273883,1.0627657665,-0.1091873242,1.3084476226,0.7194152977,-0.0878347331,2.2366246378,8.1905559722,0.7142857143,1.0000000000,0.7333333333,0.0044000000,1.1565625633,0.1313245509,1.1271279372,0.1608687704
4,27,26,false,composite,-0.8433282329,9.6390337579,ret60_ret5_top8_riskoff0_riskctrl0_mscore0,ret60_ret5,ret60;ret5,8,0.000000,false,false,0.000000,2023-07-14,2025-08-12,2025-08-13,2026-02-24,0.9359741055,-0.0326060832,-0.3120073673,-0.0541688113,-0.1045042092,0.3846153846,7.0000000000,0.9519230769,0.0247500000,1.0816346857,-0.1346670758,1.0627657665,-0.1193034862,1.2599526923,0.5933608629,-0.0782195806,2.2399402863,7.5858353945,0.8571428571,1.0000000000,0.7916666667,0.0047500000,1.1565625633,0.0893943244,1.1271279372,0.1178435479
4,28,27,false,composite,-0.8433282329,9.6390337579,ret60_ret5_top8_riskoff0p2_riskctrl0_mscore0,ret60_ret5,ret60;ret5,8,0.200000,false,false,0.000000,2023-07-14,2025-08-12,2025-08-13,2026-02-24,0.9359741055,-0.0326060832,-0.3120073673,-0.0541688113,-0.1045042092,0.3846153846,7.0000000000,0.9519230769,0.0247500000,1.0816346857,-0.1346670758,1.0627657665,-0.1193034862,1.2599526923,0.5933608629,-0.0782195806,2.2399402863,7.5858353945,0.8571428571,1.0000000000,0.7916666667,0.0047500000,1.1565625633,0.0893943244,1.1271279372,0.1178435479
4,29,28,false,composite,-0.8433282329,9.6390337579,ret60_ret5_top8_riskoff0p3_riskctrl0_mscore0,ret60_ret5,ret60;ret5,8,0.300000,false,false,0.000000,2023-07-14,2025-08-12,2025-08-13,2026-02-24,0.9359741055,-0.0326060832,-0.3120073673,-0.0541688113,-0.1045042092,0.3846153846,7.0000000000,0.9519230769,0.0247500000,1.0816346857,-0.1346670758,1.0627657665,-0.1193034862,1.2599526923,0.5933608629,-0.0782195806,2.2399402863,7.5858353945,0.8571428571,1.0000000000,0.7916666667,0.0047500000,1.1565625633,0.0893943244,1.1271279372,0.1178435479
4,30,29,false,composite,-0.8433282329,9.6390337579,ret60_ret5_top8_riskoff0p5_riskctrl0_mscore0,ret60_ret5,ret60;ret5,8,0.500000,false,false,0.000000,2023-07-14,2025-08-12,2025-08-13,2026-02-24,0.9359741055,-0.0326060832,-0.3120073673,-0.0541688113,-0.1045042092,0.3846153846,7.0000000000,0.9519230769,0.0247500000,1.0816346857,-0.1346670758,1.0627657665,-0.1193034862,1.2599526923,0.5933608629,-0.0782195806,2.2399402863,7.5858353945,0.8571428571,1.0000000000,0.7916666667,0.0047500000,1.1565625633,0.0893943244,1.1271279372,0.1178435479
4,31,14,false,composite,-0.9088208371,10.2873370945,ret60_ret5_top5_riskoff0p5_riskctrl1_mscore0,ret60_ret5,ret60;ret5,5,0.500000,true,false,0.000000,2023-07-14,2025-08-12,2025-08-13,2026-02-24,0.9244483668,-0.0385926989,-0.2448267212,-0.1370000195,-0.1576327075,0.4230769231,4.0000000000,0.8961538462,0.0233000000,1.0816346857,-0.1453229274,1.0627657665,-0.1301485276,1.3084476226,0.7194152977,-0.0878347331,2.2366246378,8.1905559722,0.7142857143,1.0000000000,0.7333333333,0.0044000000,1.1565625633,0.1313245509,1.1271279372,0.1608687704
4,32,36,false,composite,-0.9816001394,8.7950393483,ret60_ret5_top3_riskoff0p2_riskctrl0_mscore1,ret60_ret5,ret60;ret5,3,0.200000,false,true,0.000000,2023-07-14,2025-08-12,2025-08-13,2026-02-24,0.9246609026,-0.0384819691,-0.2028935618,-0.2842989634,-0.1896657973,0.4230769231,4.0000000000,0.6384615385,0.0166000000,1.0816346857,-0.1451264324,1.0627657665,-0.1299485439,1.3065347280,0.7143514182,-0.1069979336,2.2960562702,6.6763104090,0.7142857143,2.0000000000,0.8000000000,0.0048000000,1.1565625633,0.1296706027,1.1271279372,0.1591716298
4,33,34,false,composite,-0.9850090315,8.7950393483,ret60_ret5_top3_riskoff0p3_riskctrl1_mscore1,ret60_ret5,ret60;ret5,3,0.300000,true,true,0.000000,2023-07-14,2025-08-12,2025-08-13,2026-02-24,0.9217708570,-0.0399887540,-0.2022001448,-0.2757038919,-0.1977681769,0.4230769231,4.0000000000,0.6461538462,0.0168000000,1.0816346857,-0.1477983563,1.0627657665,-0.1326679066,1.3065347280,0.7143514182,-0.1069979336,2.2960562702,6.6763104090,0.7142857143,2.0000000000,0.8000000000,0.0048000000,1.1565625633,0.1296706027,1.1271279372,0.1591716298
4,34,48,false,composite,-1.0198460143,8.7950393483,ret60_ret5_top3_riskoff0_riskctrl1_mscore0,ret60_ret5,ret60;ret5,3,0.000000,true,false,0.000000,2023-07-14,2025-08-12,2025-08-13,2026-02-24,0.9069105619,-0.0477739738,-0.2669268613,-0.2422119836,-0.1789777677,0.2692307692,4.0000000000,0.6807692308,0.0177000000,1.0816346857,-0.1615370939,1.0627657665,-0.1466505692,1.3065347280,0.7143514182,-0.1069979336,2.2960562702,6.6763104090,0.7142857143,2.0000000000,0.8000000000,0.0048000000,1.1565625633,0.1296706027,1.1271279372,0.1591716298
4,35,43,false,composite,-1.1607454094,8.7950393483,ret60_ret5_top3_riskoff0p3_riskctrl0_mscore1,ret60_ret5,ret60;ret5,3,0.300000,false,true,0.000000,2023-07-14,2025-08-12,2025-08-13,2026-02-24,0.9010668465,-0.0508528846,-0.2098571677,-0.3627809148,-0.2423214091,0.4230769231,4.0000000000,0.7153846154,0.0186000000,1.0816346857,-0.1669397641,1.0627657665,-0.1521491613,1.3065347280,0.7143514182,-0.1069979336,2.2960562702,6.6763104090,0.7142857143,2.0000000000,0.8000000000,0.0048000000,1.1565625633,0.1296706027,1.1271279372,0.1591716298
4,36,1,false,composite,-1.2443243286,10.2873370945,ret60_ret5_top5_riskoff0_riskctrl0_mscore0,ret60_ret5,ret60;ret5,5,0.000000,false,false,0.000000,2023-07-14,2025-08-12,2025-08-13,2026-02-24,0.8646135845,-0.0702884502,-0.3115232487,-0.2296079646,-0.2256282652,0.4230769231,4.0000000000,1.1076923077,0.0288000000,1.0816346857,-0.2006417731,1.0627657665,-0.1864495340,1.3084476226,0.7194152977,-0.0878347331,2.2366246378,8.1905559722,0.7142857143,1.0000000000,0.7333333333,0.0044000000,1.1565625633,0.1313245509,1.1271279372,0.1608687704
4,37,2,false,composite,-1.2443243286,10.2873370945,ret60_ret5_top5_riskoff0p2_riskctrl0_mscore0,ret60_ret5,ret60;ret5,5,0.200000,false,false,0.000000,2023-07-14,2025-08-12,2025-08-13,2026-02-24,0.8646135845,-0.0702884502,-0.3115232487,-0.2296079646,-0.2256282652,0.4230769231,4.0000000000,1.1076923077,0.0288000000,1.0816346857,-0.2006417731,1.0627657665,-0.1864495340,1.3084476226,0.7194152977,-0.0878347331,2.2366246378,8.1905559722,0.7142857143,1.0000000000,0.7333333333,0.0044000000,1.1565625633,0.1313245509,1.1271279372,0.1608687704
4,38,3,false,composite,-1.2443243286,10.2873370945,ret60_ret5_top5_riskoff0p3_riskctrl0_mscore0,ret60_ret5,ret60;ret5,5,0.300000,false,false,0.000000,2023-07-14,2025-08-12,2025-08-13,2026-02-24,0.8646135845,-0.0702884502,-0.3115232487,-0.2296079646,-0.2256282652,0.4230769231,4.0000000000,1.1076923077,0.0288000000,1.0816346857,-0.2006417731,1.0627657665,-0.1864495340,1.3084476226,0.7194152977,-0.0878347331,2.2366246378,8.1905559722,0.7142857143,1.0000000000,0.7333333333,0.0044000000,1.1565625633,0.1313245509,1.1271279372,0.1608687704
4,39,4,false,composite,-1.2443243286,10.2873370945,ret60_ret5_top5_riskoff0p5_riskctrl0_mscore0,ret60_ret5,ret60;ret5,5,0.500000,false,false,0.000000,2023-07-14,2025-08-12,2025-08-13,2026-02-24,0.8646135845,-0.0702884502,-0.3115232487,-0.2296079646,-0.2256282652,0.4230769231,4.0000000000,1.1076923077,0.0288000000,1.0816346857,-0.2006417731,1.0627657665,-0.1864495340,1.3084476226,0.7194152977,-0.0878347331,2.2366246378,8.1905559722,0.7142857143,1.0000000000,0.7333333333,0.0044000000,1.1565625633,0.1313245509,1.1271279372,0.1608687704
4,40,38,false,composite,-1.2495465419,8.7950393483,ret60_ret5_top3_riskoff0p2_riskctrl1_mscore0,ret60_ret5,ret60;ret5,3,0.200000,true,false,0.000000,2023-07-14,2025-08-12,2025-08-13,2026-02-24,0.8746749896,-0.0648838711,-0.2669268613,-0.3504461949,-0.2430773386,0.3846153846,4.0000000000,0.7910256410,0.0205666667,1.0816346857,-0.1913397368,1.0627657665,-0.1769823444,1.3065347280,0.7143514182,-0.1069979336,2.2960562702,6.6763104090,0.7142857143,2.0000000000,0.8000000000,0.0048000000,1.1565625633,0.1296706027,1.1271279372,0.1591716298
4,41,45,false,composite,-1.3580348767,8.7950393483,ret60_ret5_top3_riskoff0p3_riskctrl1_mscore0,ret60_ret5,ret60;ret5,3,0.300000,true,false,0.000000,2023-07-14,2025-08-12,2025-08-13,2026-02-24,0.8583647759,-0.0736608668,-0.2669268613,-0.3971916022,-0.2759589889,0.3846153846,4.0000000000,0.8461538462,0.0220000000,1.0816346857,-0.2064189627,1.0627657665,-0.1923292950,1.3065347280,0.7143514182,-0.1069979336,2.2960562702,6.6763104090,0.7142857143,2.0000000000,0.8000000000,0.0048000000,1.1565625633,0.1296706027,1.1271279372,0.1591716298
4,42,44,false,composite,-1.3584485426,8.7950393483,ret60_ret5_top3_riskoff0p5_riskctrl1_mscore1,ret60_ret5,ret60;ret5,3,0.500000,true,true,0.000000,2023-07-14,2025-08-12,2025-08-13,2026-02-24,0.8667290958,-0.0691494883,-0.2245122856,-0.4214824164,-0.3079986831,0.4230769231,4.0000000000,0.8230769231,0.0214000000,1.0816346857,-0.1986859267,1.0627657665,-0.1844589625,1.3065347280,0.7143514182,-0.1069979336,2.2960562702,6.6763104090,0.7142857143,2.0000000000,0.8000000000,0.0048000000,1.1565625633,0.1296706027,1.1271279372,0.1591716298
4,43,35,false,composite,-1.4589244888,8.7950393483,ret60_ret5_top3_riskoff0p5_riskctrl0_mscore1,ret60_ret5,ret60;ret5,3,0.500000,false,true,0.000000,2023-07-14,2025-08-12,2025-08-13,2026-02-24,0.8536614627,-0.0762072838,-0.2295089039,-0.4692955927,-0.3320449992,0.4230769231,4.0000000000,0.8692307692,0.0226000000,1.0816346857,-0.2107673006,1.0627657665,-0.1967548357,1.3065347280,0.7143514182,-0.1069979336,2.2960562702,6.6763104090,0.7142857143,2.0000000000,0.8000000000,0.0048000000,1.1565625633,0.1296706027,1.1271279372,0.1591716298
4,44,37,false,composite,-1.5589447368,8.7950393483,ret60_ret5_top3_riskoff0p5_riskctrl1_mscore0,ret60_ret5,ret60;ret5,3,0.500000,true,false,0.000000,2023-07-14,2025-08-12,2025-08-13,2026-02-24,0.8254529178,-0.0916288288,-0.2669268613,-0.4727952956,-0.3432731659,0.3846153846,4.0000000000,0.9564102564,0.0248666667,1.0816346857,-0.2368468498,1.0627657665,-0.2232974153,1.3065347280,0.7143514182,-0.1069979336,2.2960562702,6.6763104090,0.7142857143,2.0000000000,0.8000000000,0.0048000000,1.1565625633,0.1296706027,1.1271279372,0.1591716298
4,45,39,false,composite,-1.8757874070,8.7950393483,ret60_ret5_top3_riskoff0_riskctrl0_mscore0,ret60_ret5,ret60;ret5,3,0.000000,false,false,0.000000,2023-07-14,2025-08-12,2025-08-13,2026-02-24,0.7589670600,-0.1290516494,-0.3233841713,-0.5607916079,-0.3990660672,0.3846153846,4.0000000000,1.1769230769,0.0306000000,1.0816346857,-0.2983147915,1.0627657665,-0.2858566921,1.3065347280,0.7143514182,-0.1069979336,2.2960562702,6.6763104090,0.7142857143,2.0000000000,0.8000000000,0.0048000000,1.1565625633,0.1296706027,1.1271279372,0.1591716298
4,46,40,false,composite,-1.8757874070,8.7950393483,ret60_ret5_top3_riskoff0p2_riskctrl0_mscore0,ret60_ret5,ret60;ret5,3,0.200000,false,false,0.000000,2023-07-14,2025-08-12,2025-08-13,2026-02-24,0.7589670600,-0.1290516494,-0.3233841713,-0.5607916079,-0.3990660672,0.3846153846,4.0000000000,1.1769230769,0.0306000000,1.0816346857,-0.2983147915,1.0627657665,-0.2858566921,1.3065347280,0.7143514182,-0.1069979336,2.2960562702,6.6763104090,0.7142857143,2.0000000000,0.8000000000,0.0048000000,1.1565625633,0.1296706027,1.1271279372,0.1591716298
4,47,41,false,composite,-1.8757874070,8.7950393483,ret60_ret5_top3_riskoff0p3_riskctrl0_mscore0,ret60_ret5,ret60;ret5,3,0.300000,false,false,0.000000,2023-07-14,2025-08-12,2025-08-13,2026-02-24,0.7589670600,-0.1290516494,-0.3233841713,-0.5607916079,-0.3990660672,0.3846153846,4.0000000000,1.1769230769,0.0306000000,1.0816346857,-0.2983147915,1.0627657665,-0.2858566921,1.3065347280,0.7143514182,-0.1069979336,2.2960562702,6.6763104090,0.7142857143,2.0000000000,0.8000000000,0.0048000000,1.1565625633,0.1296706027,1.1271279372,0.1591716298
4,48,42,false,composite,-1.8757874070,8.7950393483,ret60_ret5_top3_riskoff0p5_riskctrl0_mscore0,ret60_ret5,ret60;ret5,3,0.500000,false,false,0.000000,2023-07-14,2025-08-12,2025-08-13,2026-02-24,0.7589670600,-0.1290516494,-0.3233841713,-0.5607916079,-0.3990660672,0.3846153846,4.0000000000,1.1769230769,0.0306000000,1.0816346857,-0.2983147915,1.0627657665,-0.2858566921,1.3065347280,0.7143514182,-0.1069979336,2.2960562702,6.6763104090,0.7142857143,2.0000000000,0.8000000000,0.0048000000,1.1565625633,0.1296706027,1.1271279372,0.1591716298
