fold,rank_by_train,rank_by_test,selected_by_train,name,factor_set,enabled_factors,top_k,risk_off_exposure,train_start,train_end,test_start,test_end,train_final_equity,train_annualized_return,train_max_drawdown,train_sharpe_ratio,train_calmar_ratio,train_monthly_win_rate,train_max_consecutive_losing_months,train_average_turnover,train_total_transaction_cost,train_equal_weight_final_equity,train_excess_return_vs_equal_weight,train_benchmark_final_equity,train_excess_return_vs_benchmark,test_final_equity,test_annualized_return,test_max_drawdown,test_sharpe_ratio,test_calmar_ratio,test_monthly_win_rate,test_max_consecutive_losing_months,test_average_turnover,test_total_transaction_cost,test_equal_weight_final_equity,test_excess_return_vs_equal_weight,test_benchmark_final_equity,test_excess_return_vs_benchmark
1,1,17,true,all_factors_top3_riskoff0,all_factors,ret20;ret60;ret120;amount_strength;vol20;ret5,3,0.000000,2021-12-13,2024-01-17,2024-01-18,2024-04-25,0.9856985335,-0.0071907002,-0.0976295441,-0.0423187904,-0.0736529113,0.0769230769,2.0000000000,0.2400000000,0.0048000000,0.7521286588,0.3105451069,0.6351705417,0.5518643715,1.0261152290,0.1104700863,-0.0552522784,0.9438064150,1.9993761253,0.5000000000,0.0000000000,0.5000000000,0.0015000000,1.0105270321,0.0154258089,1.0780369679,-0.0481632267
1,2,51,false,price_momentum_top5_riskoff0,price_momentum,ret20;ret60;ret120,5,0.000000,2021-12-13,2024-01-17,2024-01-18,2024-04-25,0.9744067954,-0.0129049831,-0.0854961135,-0.1218865338,-0.1509423363,0.0769230769,2.0000000000,0.2600000000,0.0052000000,0.7521286588,0.2955320663,0.6351705417,0.5340868813,0.9721499837,-0.1084582384,-0.0472836055,-0.7192805215,-2.2937810532,0.0000000000,2.0000000000,0.7333333333,0.0022000000,1.0105270321,-0.0379772606,1.0780369679,-0.0982220345
1,3,37,false,all_factors_top5_riskoff0,all_factors,ret20;ret60;ret120;amount_strength;vol20;ret5,5,0.000000,2021-12-13,2024-01-17,2024-01-18,2024-04-25,0.9698870123,-0.0152015141,-0.0994821816,-0.1668249355,-0.1528064001,0.0769230769,2.0000000000,0.2400000000,0.0048000000,0.7521286588,0.2895227445,0.6351705417,0.5269710237,1.0072337220,0.0297290902,-0.0428441180,0.3157844475,0.6938896538,0.5000000000,0.0000000000,0.6000000000,0.0018000000,1.0105270321,-0.0032590025,1.0780369679,-0.0656779387
1,4,54,false,price_momentum_top3_riskoff0,price_momentum,ret20;ret60;ret120,3,0.000000,2021-12-13,2024-01-17,2024-01-18,2024-04-25,0.9648309997,-0.0177768442,-0.0976295441,-0.1642237266,-0.1820846786,0.0769230769,2.0000000000,0.2700000000,0.0054000000,0.7521286588,0.2828004737,0.6351705417,0.5190109370,0.9590599304,-0.1562539672,-0.0581526579,-0.9826521026,-2.6869617444,0.0000000000,2.0000000000,0.7000000000,0.0021000000,1.0105270321,-0.0509309500,1.0780369679,-0.1103645247
1,5,26,false,ret60_ret120_ret5_top3_riskoff0,ret60_ret120_ret5,ret60;ret120;ret5,3,0.000000,2021-12-13,2024-01-17,2024-01-18,2024-04-25,0.9643503114,-0.0180220377,-0.0976295441,-0.1823562689,-0.1845961474,0.0384615385,3.0000000000,0.2100000000,0.0042000000,0.7521286588,0.2821613698,0.6351705417,0.5182541508,1.0204429709,0.0857303280,-0.0552522784,0.8685201444,1.5516161592,0.5000000000,0.0000000000,0.7000000000,0.0021000000,1.0105270321,0.0098126408,1.0780369679,-0.0534248813
1,6,34,false,all_factors_top8_riskoff0,all_factors,ret20;ret60;ret120;amount_strength;vol20;ret5,8,0.000000,2021-12-13,2024-01-17,2024-01-18,2024-04-25,0.9583997056,-0.0210624385,-0.0884736604,-0.2980405404,-0.2380645086,0.0769230769,2.0000000000,0.2500000000,0.0050000000,0.7521286588,0.2742496838,0.6351705417,0.5088856342,1.0127885959,0.0530070085,-0.0358666882,0.5409151150,1.4778896829,0.5000000000,0.0000000000,0.5000000000,0.0015000000,1.0105270321,0.0022380042,1.0780369679,-0.0605251712
1,7,5,false,ret60_ret5_top5_riskoff0,ret60_ret5,ret60;ret5,5,0.000000,2021-12-13,2024-01-17,2024-01-18,2024-04-25,0.9539497133,-0.0233422773,-0.1052172961,-0.2811590760,-0.2218482907,0.0769230769,2.0000000000,0.2200000000,0.0044000000,0.7521286588,0.2683331530,0.6351705417,0.5018796538,1.0431904460,0.1875151317,-0.0423384305,1.7292012218,4.4289580248,0.5000000000,0.0000000000,0.4666666667,0.0014000000,1.0105270321,0.0323231471,1.0780369679,-0.0323240510
1,8,53,false,price_momentum_top8_riskoff0,price_momentum,ret20;ret60;ret120,8,0.000000,2021-12-13,2024-01-17,2024-01-18,2024-04-25,0.9537630071,-0.0234380473,-0.0977188072,-0.3279315173,-0.2398519585,0.0769230769,3.0000000000,0.2375000000,0.0047500000,0.7521286588,0.2680849159,0.6351705417,0.5015857072,0.9698630279,-0.1169521805,-0.0501110500,-0.7865860284,-2.3338601048,0.0000000000,2.0000000000,0.7500000000,0.0022500000,1.0105270321,-0.0402403923,1.0780369679,-0.1003434420
1,9,15,false,ret60_ret120_ret5_top5_riskoff0,ret60_ret120_ret5,ret60;ret120;ret5,5,0.000000,2021-12-13,2024-01-17,2024-01-18,2024-04-25,0.9491002979,-0.0258328013,-0.1015452412,-0.3047689338,-0.2543969667,0.0769230769,2.0000000000,0.2400000000,0.0048000000,0.7521286588,0.2618855655,0.6351705417,0.4942448296,1.0293039845,0.1245632421,-0.0428441180,1.3373458214,2.9073592326,0.5000000000,0.0000000000,0.4666666667,0.0014000000,1.0105270321,0.0185813460,1.0780369679,-0.0452052989
1,10,35,false,ret60_ret5_top8_riskoff0,ret60_ret5,ret60;ret5,8,0.000000,2021-12-13,2024-01-17,2024-01-18,2024-04-25,0.9355761004,-0.0328121969,-0.1023546179,-0.4924516904,-0.3205736837,0.0384615385,3.0000000000,0.2250000000,0.0045000000,0.7521286588,0.2439043366,0.6351705417,0.4729525992,1.0114367994,0.0473060968,-0.0335192576,0.5079249316,1.4113109947,0.5000000000,0.0000000000,0.4166666667,0.0012500000,1.0105270321,0.0009002899,1.0780369679,-0.0617791138
1,11,32,false,ret60_ret120_top8_riskoff0,ret60_ret120,ret60;ret120,8,0.000000,2021-12-13,2024-01-17,2024-01-18,2024-04-25,0.9337997433,-0.0337326473,-0.1025329193,-0.5024563129,-0.3289933373,0.0384615385,3.0000000000,0.2250000000,0.0045000000,0.7521286588,0.2415425637,0.6351705417,0.4701559376,1.0175624796,0.0733272404,-0.0328389164,0.7575826635,2.2329372717,0.5000000000,0.0000000000,0.4166666667,0.0012500000,1.0105270321,0.0069621566,1.0780369679,-0.0560968595
1,12,16,false,ret60_ret120_top3_riskoff0,ret60_ret120,ret60;ret120,3,0.000000,2021-12-13,2024-01-17,2024-01-18,2024-04-25,0.9337681198,-0.0337490415,-0.0976295441,-0.3827588852,-0.3456847188,0.0384615385,2.0000000000,0.2400000000,0.0048000000,0.7521286588,0.2415005184,0.6351705417,0.4701061501,1.0261152290,0.1104700863,-0.0552522784,0.9438064150,1.9993761253,0.5000000000,0.0000000000,0.5000000000,0.0015000000,1.0105270321,0.0154258089,1.0780369679,-0.0481632267
1,13,33,false,ret60_ret120_ret5_top8_riskoff0,ret60_ret120_ret5,ret60;ret120;ret5,8,0.000000,2021-12-13,2024-01-17,2024-01-18,2024-04-25,0.9264035706,-0.0375745288,-0.1067225860,-0.5761493138,-0.3520766337,0.0384615385,3.0000000000,0.2375000000,0.0047500000,0.7521286588,0.2317089101,0.6351705417,0.4585115488,1.0136701617,0.0567374074,-0.0328389164,0.6001152256,1.7277490729,0.5000000000,0.0000000000,0.4166666667,0.0012500000,1.0105270321,0.0031103865,1.0780369679,-0.0597074202
1,14,8,false,ret60_top5_riskoff0,ret60,ret60,5,0.000000,2021-12-13,2024-01-17,2024-01-18,2024-04-25,0.9244945275,-0.0385686484,-0.1060875625,-0.4821388296,-0.3635548551,0.0384615385,3.0000000000,0.2400000000,0.0048000000,0.7521286588,0.2291707232,0.6351705417,0.4555059890,1.0405239260,0.1752258095,-0.0420129437,1.6628853592,4.1707577201,0.5000000000,0.0000000000,0.3333333333,0.0010000000,1.0105270321,0.0296844052,1.0780369679,-0.0347975468
1,15,6,false,ret60_ret5_top3_riskoff0,ret60_ret5,ret60;ret5,3,0.000000,2021-12-13,2024-01-17,2024-01-18,2024-04-25,0.9204538422,-0.0406761887,-0.1309671316,-0.4768832873,-0.3105831842,0.0384615385,3.0000000000,0.2100000000,0.0042000000,0.7521286588,0.2237983907,0.6351705417,0.4491444136,1.0405804238,0.1754851949,-0.0378348368,2.0340969395,4.6381908810,0.5000000000,0.0000000000,0.7000000000,0.0021000000,1.0105270321,0.0297403144,1.0780369679,-0.0347451388
1,16,7,false,ret60_ret120_top5_riskoff0,ret60_ret120,ret60;ret120,5,0.000000,2021-12-13,2024-01-17,2024-01-18,2024-04-25,0.9183565866,-0.0417718953,-0.0886695774,-0.5231843376,-0.4710961357,0.0000000000,5.0000000000,0.2800000000,0.0056000000,0.7521286588,0.2210099640,0.6351705417,0.4458425356,1.0405239260,0.1752258095,-0.0420129437,1.6628853592,4.1707577201,0.5000000000,0.0000000000,0.3333333333,0.0010000000,1.0105270321,0.0296844052,1.0780369679,-0.0347975468
1,17,42,false,ret60_top8_riskoff0,ret60,ret60,8,0.000000,2021-12-13,2024-01-17,2024-01-18,2024-04-25,0.9182745943,-0.0418147573,-0.1071443257,-0.6104746894,-0.3902657185,0.0384615385,3.0000000000,0.2250000000,0.0045000000,0.7521286588,0.2209009504,0.6351705417,0.4457134486,1.0041427004,0.0169452606,-0.0328389164,0.2165701882,0.5160115637,0.2500000000,1.0000000000,0.5000000000,0.0015000000,1.0105270321,-0.0063178237,1.0780369679,-0.0685452073
1,18,28,false,ret60_ret120_ret5_top3_riskoff0p3,ret60_ret120_ret5,ret60;ret120;ret5,3,0.300000,2021-12-13,2024-01-17,2024-01-18,2024-04-25,0.9181893698,-0.0418593110,-0.1355915513,-0.3954086134,-0.3087162185,0.3076923077,6.0000000000,0.4450000000,0.0089000000,0.7521286588,0.2207876394,0.6351705417,0.4455792729,1.0197178040,0.0825977125,-0.0552522784,0.7523305026,1.4949195750,0.7500000000,1.0000000000,0.7333333333,0.0022000000,1.0105270321,0.0090950283,1.0780369679,-0.0540975547
1,19,9,false,ret60_top3_riskoff0,ret60,ret60,3,0.000000,2021-12-13,2024-01-17,2024-01-18,2024-04-25,0.9160916028,-0.0429566343,-0.0976295441,-0.4951848464,-0.4399962605,0.0000000000,5.0000000000,0.2400000000,0.0048000000,0.7521286588,0.2179985326,0.6351705417,0.4422765896,1.0386557491,0.1666731500,-0.0404127706,1.6398107210,4.1242693195,0.5000000000,0.0000000000,0.5000000000,0.0015000000,1.0105270321,0.0278356898,1.0780369679,-0.0365304902
1,20,18,false,ret60_ret120_ret5_top5_riskoff0p3,ret60_ret120_ret5,ret60;ret120;ret5,5,0.300000,2021-12-13,2024-01-17,2024-01-18,2024-04-25,0.9047594877,-0.0489061676,-0.1318752185,-0.5299236688,-0.3708518411,0.3076923077,4.0000000000,0.4470000000,0.0089400000,0.7521286588,0.2029318085,0.6351705417,0.4244355308,1.0254420086,0.1075117997,-0.0428441180,1.0167576342,2.5093712903,0.7500000000,1.0000000000,0.4866666667,0.0014600000,1.0105270321,0.0147596017,1.0780369679,-0.0487877140
1,21,4,false,ret60_ret5_top5_riskoff0p3,ret60_ret5,ret60;ret5,5,0.300000,2021-12-13,2024-01-17,2024-01-18,2024-04-25,0.8950290618,-0.0540445297,-0.1461085574,-0.6127477067,-0.3698929803,0.3076923077,4.0000000000,0.4750000000,0.0095000000,0.7521286588,0.1899946257,0.6351705417,0.4091161397,1.0449386041,0.1956243709,-0.0423384305,1.5676479073,4.6204917941,0.7500000000,1.0000000000,0.5266666667,0.0015800000,1.0105270321,0.0340530940,1.0780369679,-0.0307024386
1,22,48,false,price_momentum_top5_riskoff0p3,price_momentum,ret20;ret60;ret120,5,0.300000,2021-12-13,2024-01-17,2024-01-18,2024-04-25,0.8910553486,-0.0561509475,-0.1368018610,-0.5874243194,-0.4104545590,0.2692307692,6.0000000000,0.5390000000,0.0107800000,0.7521286588,0.1847113365,0.6351705417,0.4028600038,0.9808161727,-0.0757110969,-0.0537730467,-0.4369068897,-1.4079748427,0.2500000000,2.0000000000,0.8733333333,0.0026200000,1.0105270321,-0.0294013505,1.0780369679,-0.0901831738
1,23,31,false,ret60_ret120_ret5_top3_riskoff0p5,ret60_ret120_ret5,ret60;ret120;ret5,3,0.500000,2021-12-13,2024-01-17,2024-01-18,2024-04-25,0.8860433902,-0.0588144227,-0.1682090193,-0.4530674278,-0.3496508268,0.3076923077,6.0000000000,0.6016666667,0.0120333333,0.7521286588,0.1780476384,0.6351705417,0.3949692752,1.0188250522,0.0787505186,-0.0552522784,0.6289165585,1.4252899777,0.7500000000,1.0000000000,0.7555555556,0.0022666667,1.0105270321,0.0082115765,1.0780369679,-0.0549256820
1,24,49,false,price_momentum_top8_riskoff0p3,price_momentum,ret20;ret60;ret120,8,0.300000,2021-12-13,2024-01-17,2024-01-18,2024-04-25,0.8849148517,-0.0594151914,-0.1350663843,-0.7618322607,-0.4398962160,0.2307692308,7.0000000000,0.4962500000,0.0099250000,0.7521286588,0.1765471790,0.6351705417,0.3931925264,0.9788791668,-0.0831079248,-0.0511482908,-0.4903119101,-1.6248426575,0.2500000000,2.0000000000,0.8750000000,0.0026250000,1.0105270321,-0.0313181778,1.0780369679,-0.0919799636
1,25,14,false,ret60_ret5_top3_riskoff0p3,ret60_ret5,ret60;ret5,3,0.300000,2021-12-13,2024-01-17,2024-01-18,2024-04-25,0.8764461991,-0.0639356664,-0.1574623588,-0.6609838841,-0.4060377791,0.2692307692,4.0000000000,0.5050000000,0.0101000000,0.7521286588,0.1652875992,0.6351705417,0.3798596463,1.0308145724,0.1312863732,-0.0378348368,1.3035902233,3.4699865103,0.7500000000,1.0000000000,0.8000000000,0.0024000000,1.0105270321,0.0200761976,1.0780369679,-0.0438040595
1,26,25,false,ret60_ret120_ret5_top5_riskoff0p5,ret60_ret120_ret5,ret60;ret120;ret5,5,0.500000,2021-12-13,2024-01-17,2024-01-18,2024-04-25,0.8745898256,-0.0649294871,-0.1580394942,-0.5915828195,-0.4108434254,0.3461538462,4.0000000000,0.5850000000,0.0117000000,0.7521286588,0.1628194397,0.6351705417,0.3769370085,1.0224594052,0.0944769611,-0.0554037786,0.7673754867,1.7052440021,0.7500000000,1.0000000000,0.5000000000,0.0015000000,1.0105270321,0.0118080691,1.0780369679,-0.0515544127
1,27,11,false,ret60_top5_riskoff0p3,ret60,ret60,5,0.300000,2021-12-13,2024-01-17,2024-01-18,2024-04-25,0.8738646119,-0.0653180206,-0.1344051937,-0.7246903043,-0.4859783968,0.3076923077,4.0000000000,0.4710000000,0.0094200000,0.7521286588,0.1618552247,0.6351705417,0.3757952463,1.0364953711,0.1568413775,-0.0420129437,1.3349060125,3.7331680083,0.7500000000,1.0000000000,0.3933333333,0.0011800000,1.0105270321,0.0256978173,1.0780369679,-0.0385344826
1,28,36,false,ret60_ret5_top8_riskoff0p3,ret60_ret5,ret60;ret5,8,0.300000,2021-12-13,2024-01-17,2024-01-18,2024-04-25,0.8679036677,-0.0685177140,-0.1413779542,-0.9141637218,-0.4846421384,0.1923076923,7.0000000000,0.4537500000,0.0090750000,0.7521286588,0.1539297931,0.6351705417,0.3664104530,1.0079105775,0.0325445197,-0.0415560848,0.3296578959,0.7831469173,0.7500000000,1.0000000000,0.5166666667,0.0015500000,1.0105270321,-0.0025891981,1.0780369679,-0.0650500795
1,29,27,false,all_factors_top8_riskoff0p3,all_factors,ret20;ret60;ret120;amount_strength;vol20;ret5,8,0.300000,2021-12-13,2024-01-17,2024-01-18,2024-04-25,0.8675201840,-0.0687239338,-0.1413195140,-0.9115390266,-0.4863017986,0.2692307692,7.0000000000,0.4937500000,0.0098750000,0.7521286588,0.1534199288,0.6351705417,0.3658067040,1.0201251134,0.0843563898,-0.0358666882,0.7582248120,2.3519425403,0.7500000000,1.0000000000,0.5500000000,0.0016500000,1.0105270321,0.0094980946,1.0780369679,-0.0537197297
1,30,19,false,all_factors_top3_riskoff0p3,all_factors,ret20;ret60;ret120;amount_strength;vol20;ret5,3,0.300000,2021-12-13,2024-01-17,2024-01-18,2024-04-25,0.8653550967,-0.0698890722,-0.1688208430,-0.6968731774,-0.4139836703,0.2307692308,9.0000000000,0.5850000000,0.0117000000,0.7521286588,0.1505413158,0.6351705417,0.3623980331,1.0251808310,0.1063657257,-0.0552522784,0.8412750076,1.9250921199,0.7500000000,1.0000000000,0.6000000000,0.0018000000,1.0105270321,0.0145011448,1.0780369679,-0.0490299856
1,31,38,false,all_factors_top5_riskoff0p3,all_factors,ret20;ret60;ret120;amount_strength;vol20;ret5,5,0.300000,2021-12-13,2024-01-17,2024-01-18,2024-04-25,0.8648261480,-0.0701739462,-0.1589548963,-0.8076312186,-0.4414708057,0.2692307692,7.0000000000,0.5490000000,0.0109800000,0.7521286588,0.1498380469,0.6351705417,0.3615652667,1.0066581718,0.0273396040,-0.0428441180,0.2773392242,0.6381180245,0.7500000000,1.0000000000,0.7000000000,0.0021000000,1.0105270321,-0.0038285570,1.0780369679,-0.0662118260
1,32,20,false,ret60_ret120_top3_riskoff0p3,ret60_ret120,ret60;ret120,3,0.300000,2021-12-13,2024-01-17,2024-01-18,2024-04-25,0.8630481984,-0.0711321278,-0.1464040038,-0.7155162362,-0.4858619025,0.2307692308,6.0000000000,0.4650000000,0.0093000000,0.7521286588,0.1474741566,0.6351705417,0.3587660977,1.0251808310,0.1063657257,-0.0552522784,0.8412750076,1.9250921199,0.7500000000,1.0000000000,0.6000000000,0.0018000000,1.0105270321,0.0145011448,1.0780369679,-0.0490299856
1,33,30,false,ret60_ret120_top8_riskoff0p3,ret60_ret120,ret60;ret120,8,0.300000,2021-12-13,2024-01-17,2024-01-18,2024-04-25,0.8597553736,-0.0729093187,-0.1464152082,-0.9794146716,-0.4979627434,0.2307692308,4.0000000000,0.4125000000,0.0082500000,0.7521286588,0.1430961492,0.6351705417,0.3535819392,1.0189482051,0.0792806157,-0.0374682705,0.7181232726,2.1159400925,0.7500000000,1.0000000000,0.4666666667,0.0014000000,1.0105270321,0.0083334465,1.0780369679,-0.0548114439
1,34,39,false,ret60_ret120_ret5_top8_riskoff0p3,ret60_ret120_ret5,ret60;ret120;ret5,8,0.300000,2021-12-13,2024-01-17,2024-01-18,2024-04-25,0.8576541812,-0.0740451420,-0.1495616473,-1.0089687004,-0.4950810808,0.2307692308,4.0000000000,0.4287500000,0.0085750000,0.7521286588,0.1403024884,0.6351705417,0.3502738632,1.0061651139,0.0252959241,-0.0417369135,0.2722248402,0.6060803740,0.7500000000,1.0000000000,0.5166666667,0.0015500000,1.0105270321,-0.0043164785,1.0780369679,-0.0666691924
1,35,3,false,ret60_ret5_top5_riskoff0p5,ret60_ret5,ret60;ret5,5,0.500000,2021-12-13,2024-01-17,2024-01-18,2024-04-25,0.8561840549,-0.0748406612,-0.1814675753,-0.7200616647,-0.4124189188,0.3076923077,4.0000000000,0.6450000000,0.0129000000,0.7521286588,0.1383478676,0.6351705417,0.3479593253,1.0455946985,0.1986785674,-0.0590658615,1.3423052589,3.3636784853,0.7500000000,1.0000000000,0.5666666667,0.0017000000,1.0105270321,0.0347023536,1.0780369679,-0.0300938376
1,36,10,false,ret60_ret120_top5_riskoff0p3,ret60_ret120,ret60;ret120,5,0.300000,2021-12-13,2024-01-17,2024-01-18,2024-04-25,0.8553520988,-0.0752911538,-0.1527425138,-0.8513366226,-0.4929286019,0.2692307692,4.0000000000,0.4810000000,0.0096200000,0.7521286588,0.1372417323,0.6351705417,0.3466495101,1.0364953711,0.1568413775,-0.0420129437,1.3349060125,3.7331680083,0.7500000000,1.0000000000,0.3933333333,0.0011800000,1.0105270321,0.0256978173,1.0780369679,-0.0385344826
1,37,44,false,ret60_top8_riskoff0p3,ret60,ret60,8,0.300000,2021-12-13,2024-01-17,2024-01-18,2024-04-25,0.8496883856,-0.0783638044,-0.1574785983,-1.0213228512,-0.4976155822,0.2307692308,4.0000000000,0.4275000000,0.0085500000,0.7521286588,0.1297114871,0.6351705417,0.3377326714,1.0000305384,0.0001241297,-0.0374682705,0.0592368143,0.0033129285,0.5000000000,1.0000000000,0.6250000000,0.0018750000,1.0105270321,-0.0103871479,1.0780369679,-0.0723596981
1,38,2,false,ret60_top3_riskoff0p3,ret60,ret60,3,0.300000,2021-12-13,2024-01-17,2024-01-18,2024-04-25,0.8487420551,-0.0788781985,-0.1605534646,-0.7975267263,-0.4912892954,0.2307692308,6.0000000000,0.4850000000,0.0097000000,0.7521286588,0.1284532841,0.6351705417,0.3362427873,1.0475771290,0.2079427625,-0.0404127706,1.8110727053,5.1454715737,0.7500000000,1.0000000000,0.6000000000,0.0018000000,1.0105270321,0.0366641324,1.0780369679,-0.0282549113
1,39,24,false,ret60_ret5_top3_riskoff0p5,ret60_ret5,ret60;ret5,3,0.500000,2021-12-13,2024-01-17,2024-01-18,2024-04-25,0.8461496527,-0.0802888107,-0.1827509355,-0.6844998324,-0.4393346087,0.3076923077,4.0000000000,0.7016666667,0.0140333333,0.7521286588,0.1250065303,0.6351705417,0.3321613601,1.0239254362,0.1008694003,-0.0552976574,0.8433394506,1.8241170607,0.7500000000,1.0000000000,0.8666666667,0.0026000000,1.0105270321,0.0132588280,1.0780369679,-0.0501945048
1,40,47,false,price_momentum_top8_riskoff0p5,price_momentum,ret20;ret60;ret120,8,0.500000,2021-12-13,2024-01-17,2024-01-18,2024-04-25,0.8403601841,-0.0834468597,-0.1724113068,-0.8931275127,-0.4839987660,0.2307692308,7.0000000000,0.6687500000,0.0133750000,0.7521286588,0.1173090857,0.6351705417,0.3230465345,0.9846091605,-0.0610966274,-0.0541228759,-0.2950737776,-1.1288503510,0.2500000000,2.0000000000,0.9583333333,0.0028750000,1.0105270321,-0.0256478756,1.0780369679,-0.0866647529
1,41,12,false,ret60_top5_riskoff0p5,ret60,ret60,5,0.500000,2021-12-13,2024-01-17,2024-01-18,2024-04-25,0.8397861949,-0.0837605510,-0.1733492065,-0.7700741436,-0.4831896997,0.3076923077,4.0000000000,0.6250000000,0.0125000000,0.7521286588,0.1165459327,0.6351705417,0.3221428572,1.0333979129,0.1428541492,-0.0554037786,1.0556945372,2.5784188887,0.7500000000,1.0000000000,0.4333333333,0.0013000000,1.0105270321,0.0226326264,1.0780369679,-0.0414077220
1,42,46,false,price_momentum_top5_riskoff0p5,price_momentum,ret20;ret60;ret120,5,0.500000,2021-12-13,2024-01-17,2024-01-18,2024-04-25,0.8377242690,-0.0848882992,-0.1736210253,-0.7658579768,-0.4889286830,0.2692307692,6.0000000000,0.7250000000,0.0145000000,0.7521286588,0.1138044791,0.6351705417,0.3188966018,0.9863055987,-0.0545041248,-0.0601982327,-0.2522413486,-0.9054107117,0.2500000000,2.0000000000,0.9666666667,0.0029000000,1.0105270321,-0.0239691098,1.0780369679,-0.0850911165
1,43,52,false,price_momentum_top3_riskoff0p3,price_momentum,ret20;ret60;ret120,3,0.300000,2021-12-13,2024-01-17,2024-01-18,2024-04-25,0.8370804835,-0.0852406945,-0.1731291650,-0.8312534343,-0.4923531774,0.2307692308,9.0000000000,0.5650000000,0.0113000000,0.7521286588,0.1129485278,0.6351705417,0.3178830385,0.9702386351,-0.1155613498,-0.0629400477,-0.6424663522,-1.8360543734,0.2500000000,2.0000000000,0.9333333333,0.0028000000,1.0105270321,-0.0398686979,1.0780369679,-0.0999950243
1,44,41,false,ret60_ret5_top8_riskoff0p5,ret60_ret5,ret60;ret5,8,0.500000,2021-12-13,2024-01-17,2024-01-18,2024-04-25,0.8241372633,-0.0923544638,-0.1904353126,-1.0202321276,-0.4849650127,0.1923076923,7.0000000000,0.6062500000,0.0121250000,0.7521286588,0.0957397431,0.6351705417,0.2975054874,1.0050391682,0.0206404756,-0.0684722442,0.2138989719,0.3014429543,0.7500000000,1.0000000000,0.5833333333,0.0017500000,1.0105270321,-0.0054306948,1.0780369679,-0.0677136331
1,45,22,false,ret60_ret120_top3_riskoff0p5,ret60_ret120,ret60;ret120,3,0.500000,2021-12-13,2024-01-17,2024-01-18,2024-04-25,0.8163885798,-0.0966399452,-0.1984281370,-0.7919176975,-0.4870274279,0.2307692308,6.0000000000,0.6150000000,0.0123000000,0.7521286588,0.0854374052,0.6351705417,0.2853061125,1.0241466842,0.1018365629,-0.0552522784,0.7258326088,1.8431197026,0.7500000000,1.0000000000,0.6666666667,0.0020000000,1.0105270321,0.0134777712,1.0780369679,-0.0499892725
1,46,13,false,ret60_ret120_top5_riskoff0p5,ret60_ret120,ret60;ret120,5,0.500000,2021-12-13,2024-01-17,2024-01-18,2024-04-25,0.8140689047,-0.0979268069,-0.1986642431,-0.9311382171,-0.4929261823,0.2692307692,4.0000000000,0.6150000000,0.0123000000,0.7521286588,0.0823532586,0.6351705417,0.2816540618,1.0333979129,0.1428541492,-0.0554037786,1.0556945372,2.5784188887,0.7500000000,1.0000000000,0.4333333333,0.0013000000,1.0105270321,0.0226326264,1.0780369679,-0.0414077220
1,47,43,false,ret60_ret120_ret5_top8_riskoff0p5,ret60_ret120_ret5,ret60;ret120;ret5,8,0.500000,2021-12-13,2024-01-17,2024-01-18,2024-04-25,0.8133677853,-0.0983161196,-0.1979873365,-1.1136435024,-0.4965778180,0.2307692308,4.0000000000,0.5562500000,0.0111250000,0.7521286588,0.0814210784,0.6351705417,0.2805502332,1.0006997251,0.0028470946,-0.0687636241,0.0909593080,0.0414040799,0.7500000000,1.0000000000,0.5833333333,0.0017500000,1.0105270321,-0.0097249324,1.0780369679,-0.0717389525
1,48,29,false,ret60_ret120_top8_riskoff0p5,ret60_ret120,ret60;ret120,8,0.500000,2021-12-13,2024-01-17,2024-01-18,2024-04-25,0.8123885271,-0.0988601555,-0.1972660773,-1.1125990916,-0.5011513226,0.2692307692,4.0000000000,0.5375000000,0.0107500000,0.7521286588,0.0801190962,0.6351705417,0.2790085084,1.0194032281,0.0812409115,-0.0618052840,0.6317870664,1.3144654684,0.7500000000,1.0000000000,0.5000000000,0.0015000000,1.0105270321,0.0087837294,1.0780369679,-0.0543893591
1,49,21,false,all_factors_top8_riskoff0p5,all_factors,ret20;ret60;ret120;amount_strength;vol20;ret5,8,0.500000,2021-12-13,2024-01-17,2024-01-18,2024-04-25,0.8104411858,-0.0999429924,-0.2032033645,-1.1137795596,-0.4918372912,0.2692307692,7.0000000000,0.6562500000,0.0131250000,0.7521286588,0.0775299895,0.6351705417,0.2759426525,1.0247393826,0.1044306390,-0.0442823084,0.8223926157,2.3582925758,0.7500000000,1.0000000000,0.5833333333,0.0017500000,1.0105270321,0.0140642952,1.0780369679,-0.0494394783
1,50,45,false,ret60_top8_riskoff0p5,ret60,ret60,8,0.500000,2021-12-13,2024-01-17,2024-01-18,2024-04-25,0.8054565812,-0.1027206568,-0.2058157498,-1.1186631637,-0.4990903606,0.2692307692,4.0000000000,0.5625000000,0.0112500000,0.7521286588,0.0709026598,0.6351705417,0.2680949892,0.9968525838,-0.0127311625,-0.0618052840,-0.0226494413,-0.2059882538,0.5000000000,1.0000000000,0.7083333333,0.0021250000,1.0105270321,-0.0135319965,1.0780369679,-0.0753076068
1,51,1,false,ret60_top3_riskoff0p5,ret60,ret60,3,0.500000,2021-12-13,2024-01-17,2024-01-18,2024-04-25,0.8041666422,-0.1034408697,-0.2104282574,-0.8537015697,-0.4915730947,0.2307692308,6.0000000000,0.6483333333,0.0129666667,0.7521286588,0.0691876088,0.6351705417,0.2660641346,1.0532463152,0.2347338055,-0.0404127706,1.7576977666,5.8084066474,0.7500000000,1.0000000000,0.6666666667,0.0020000000,1.0105270321,0.0422742606,1.0780369679,-0.0229961063
1,52,40,false,all_factors_top5_riskoff0p5,all_factors,ret20;ret60;ret120;amount_strength;vol20;ret5,5,0.500000,2021-12-13,2024-01-17,2024-01-18,2024-04-25,0.7996732893,-0.1059541603,-0.2111566809,-1.0504267593,-0.5017798152,0.2692307692,7.0000000000,0.7550000000,0.0151000000,0.7521286588,0.0632134275,0.6351705417,0.2589898881,1.0058520739,0.0239999940,-0.0555942298,0.2356543276,0.4316993697,0.7500000000,1.0000000000,0.7666666667,0.0023000000,1.0105270321,-0.0046262575,1.0780369679,-0.0669595721
1,53,23,false,all_factors_top3_riskoff0p5,all_factors,ret20;ret60;ret120;amount_strength;vol20;ret5,3,0.500000,2021-12-13,2024-01-17,2024-01-18,2024-04-25,0.7914613198,-0.1105656806,-0.2232586201,-0.9559652557,-0.4952358863,0.2307692308,9.0000000000,0.8150000000,0.0163000000,0.7521286588,0.0522951234,0.6351705417,0.2460611251,1.0241466842,0.1018365629,-0.0552522784,0.7258326088,1.8431197026,0.7500000000,1.0000000000,0.6666666667,0.0020000000,1.0105270321,0.0134777712,1.0780369679,-0.0499892725
1,54,50,false,price_momentum_top3_riskoff0p5,price_momentum,ret20;ret60;ret120,3,0.500000,2021-12-13,2024-01-17,2024-01-18,2024-04-25,0.7591382575,-0.1289532313,-0.2531545979,-1.0634234631,-0.5093853019,0.2307692308,9.0000000000,0.7616666667,0.0152333333,0.7521286588,0.0093196805,0.6351705417,0.1951723320,0.9773742795,-0.0888237484,-0.0711222761,-0.4144780141,-1.2488878773,0.2500000000,2.0000000000,1.0888888889,0.0032666667,1.0105270321,-0.0328073882,1.0780369679,-0.0933759152
2,1,22,true,all_factors_top3_riskoff0,all_factors,ret20;ret60;ret120;amount_strength;vol20;ret5,3,0.000000,2022-03-21,2024-04-25,2024-04-26,2024-07-29,1.0114402765,0.0057152432,-0.1041714422,0.1074766643,0.0548638196,0.1538461538,2.0000000000,0.2739130435,0.0063000000,0.8505401742,0.1891740181,0.8289474611,0.2201500384,0.9440671418,-0.2085949596,-0.0899247731,-2.1389874977,-2.3196606705,0.0000000000,3.0000000000,0.7000000000,0.0021000000,0.8934433002,0.0566615046,0.9460057418,-0.0020492476
2,2,5,false,ret60_ret5_top5_riskoff0,ret60_ret5,ret60;ret5,5,0.000000,2022-03-21,2024-04-25,2024-04-26,2024-07-29,0.9951512269,-0.0024321524,-0.1052172961,0.0118604887,-0.0231155186,0.1538461538,2.0000000000,0.2521739130,0.0058000000,0.8505401742,0.1700226011,0.8289474611,0.2004997585,0.9631365239,-0.1415816098,-0.0704522531,-1.6069643132,-2.0096108149,0.2500000000,2.0000000000,0.8666666667,0.0026000000,0.8934433002,0.0780052005,0.9460057418,0.0181085393
2,3,1,false,ret60_ret120_ret5_top3_riskoff0,ret60_ret120_ret5,ret60;ret120;ret5,3,0.000000,2022-03-21,2024-04-25,2024-04-26,2024-07-29,0.9840644967,-0.0080155898,-0.0976295441,-0.0460995016,-0.0821020918,0.1153846154,3.0000000000,0.2739130435,0.0063000000,0.8505401742,0.1569876728,0.8289474611,0.1871252919,0.9766309273,-0.0916371958,-0.0607836727,-0.9239418487,-1.5075955712,0.2500000000,1.0000000000,0.7000000000,0.0021000000,0.8934433002,0.0931090167,0.9460057418,0.0323731498
2,4,9,false,ret60_ret120_ret5_top5_riskoff0,ret60_ret120_ret5,ret60;ret120;ret5,5,0.000000,2022-03-21,2024-04-25,2024-04-26,2024-07-29,0.9769127183,-0.0116339979,-0.1015452412,-0.0999564342,-0.1145696018,0.1538461538,2.0000000000,0.2695652174,0.0062000000,0.8505401742,0.1485791595,0.8289474611,0.1784977507,0.9579437762,-0.1602380146,-0.0812297786,-1.7848407167,-1.9726511316,0.2500000000,2.0000000000,0.8666666667,0.0026000000,0.8934433002,0.0721931387,0.9460057418,0.0126194102
2,5,19,false,all_factors_top5_riskoff0,all_factors,ret20;ret60;ret120;amount_strength;vol20;ret5,5,0.000000,2022-03-21,2024-04-25,2024-04-26,2024-07-29,0.9769029054,-0.0116389717,-0.1158282553,-0.0955590894,-0.1004847368,0.1538461538,2.0000000000,0.2869565217,0.0066000000,0.8505401742,0.1485676221,0.8289474611,0.1784859128,0.9503492457,-0.1869709765,-0.0885137431,-2.0164306879,-2.1123383773,0.2500000000,2.0000000000,0.8666666667,0.0026000000,0.8934433002,0.0636928449,0.9460057418,0.0045914140
2,6,15,false,all_factors_top8_riskoff0,all_factors,ret20;ret60;ret120;amount_strength;vol20;ret5,8,0.000000,2022-03-21,2024-04-25,2024-04-26,2024-07-29,0.9706562922,-0.0148102615,-0.0974918371,-0.1633081714,-0.1519128362,0.1538461538,2.0000000000,0.2826086957,0.0065000000,0.8505401742,0.1412233327,0.8289474611,0.1709503168,0.9519645086,-0.1813397141,-0.0827548245,-2.2440206333,-2.1912887277,0.2500000000,2.0000000000,0.6666666667,0.0020000000,0.8934433002,0.0655007524,0.9460057418,0.0062988696
2,7,11,false,ret60_top5_riskoff0,ret60,ret60,5,0.000000,2022-03-21,2024-04-25,2024-04-26,2024-07-29,0.9619586754,-0.0192428912,-0.1109682664,-0.1909173314,-0.1734089558,0.1153846154,3.0000000000,0.2521739130,0.0058000000,0.8505401742,0.1309973410,0.8289474611,0.1604579548,0.9550025417,-0.1706686564,-0.0838577268,-1.9259080769,-2.0352168248,0.2500000000,2.0000000000,0.7333333333,0.0022000000,0.8934433002,0.0689011172,0.9460057418,0.0095103017
2,8,12,false,ret60_ret120_top3_riskoff0,ret60_ret120,ret60;ret120,3,0.000000,2022-03-21,2024-04-25,2024-04-26,2024-07-29,0.9581536881,-0.0211883411,-0.1041714422,-0.1891789097,-0.2033987499,0.1153846154,2.0000000000,0.2739130435,0.0063000000,0.8505401742,0.1265237283,0.8289474611,0.1558678119,0.9546768620,-0.1718175932,-0.0796970646,-1.7529564954,-2.1558835825,0.0000000000,3.0000000000,0.7000000000,0.0021000000,0.8934433002,0.0685365953,0.9460057418,0.0091660335
2,9,2,false,ret60_ret5_top3_riskoff0,ret60_ret5,ret60;ret5,3,0.000000,2022-03-21,2024-04-25,2024-04-26,2024-07-29,0.9578062492,-0.0213661749,-0.1309671316,-0.2104924209,-0.1631415045,0.1153846154,3.0000000000,0.2739130435,0.0063000000,0.8505401742,0.1261152363,0.8289474611,0.1554486794,0.9738752080,-0.1020099625,-0.0612869967,-1.1877891179,-1.6644633929,0.0000000000,3.0000000000,0.7000000000,0.0021000000,0.8934433002,0.0900246359,0.9460057418,0.0294601449
2,10,8,false,ret60_ret120_top5_riskoff0,ret60_ret120,ret60;ret120,5,0.000000,2022-03-21,2024-04-25,2024-04-26,2024-07-29,0.9555720010,-0.0225105266,-0.0936453824,-0.2295218865,-0.2403805295,0.0769230769,5.0000000000,0.2869565217,0.0066000000,0.8505401742,0.1234883783,0.8289474611,0.1527533961,0.9583724408,-0.1587096027,-0.0802492816,-1.8311944264,-1.9777074578,0.2500000000,2.0000000000,0.7333333333,0.0022000000,0.8934433002,0.0726729280,0.9460057418,0.0130725412
2,11,13,false,ret60_top3_riskoff0,ret60,ret60,3,0.000000,2022-03-21,2024-04-25,2024-04-26,2024-07-29,0.9515038099,-0.0245976332,-0.0976295441,-0.2361704206,-0.2519486635,0.0769230769,5.0000000000,0.2739130435,0.0063000000,0.8505401742,0.1187053108,0.8289474611,0.1478457376,0.9541068124,-0.1738257321,-0.0772942541,-1.8432286803,-2.2488829758,0.2500000000,2.0000000000,0.7000000000,0.0021000000,0.8934433002,0.0678985586,0.9460057418,0.0085634477
2,12,16,false,ret60_ret120_top8_riskoff0,ret60_ret120,ret60;ret120,8,0.000000,2022-03-21,2024-04-25,2024-04-26,2024-07-29,0.9501995822,-0.0252676841,-0.1093944579,-0.3130137227,-0.2309777353,0.1153846154,3.0000000000,0.2500000000,0.0057500000,0.8505401742,0.1171718998,0.8289474611,0.1462723837,0.9516296031,-0.1825096981,-0.0822875410,-2.2367785308,-2.2179505655,0.2500000000,2.0000000000,0.6666666667,0.0020000000,0.8934433002,0.0651259044,0.9460057418,0.0059448491
2,13,48,false,price_momentum_top5_riskoff0,price_momentum,ret20;ret60;ret120,5,0.000000,2022-03-21,2024-04-25,2024-04-26,2024-07-29,0.9472695503,-0.0267746727,-0.1224225803,-0.2381332368,-0.2187069790,0.0769230769,2.0000000000,0.3217391304,0.0074000000,0.8505401742,0.1137269927,0.8289474611,0.1427377425,0.9149148762,-0.3033234571,-0.1219555375,-3.0738961893,-2.4871642837,0.2500000000,2.0000000000,0.8666666667,0.0026000000,0.8934433002,0.0240323880,0.9460057418,-0.0328654089
2,14,14,false,ret60_ret5_top8_riskoff0,ret60_ret5,ret60;ret5,8,0.000000,2022-03-21,2024-04-25,2024-04-26,2024-07-29,0.9462760966,-0.0272861586,-0.1114799238,-0.3431689150,-0.2447629825,0.1153846154,3.0000000000,0.2500000000,0.0057500000,0.8505401742,0.1125589659,0.8289474611,0.1415392905,0.9525191407,-0.1793993443,-0.0740968005,-2.1526419984,-2.4211483241,0.2500000000,2.0000000000,0.7500000000,0.0022500000,0.8934433002,0.0661215328,0.9460057418,0.0068851579
2,15,3,false,ret60_ret120_ret5_top8_riskoff0,ret60_ret120_ret5,ret60;ret120;ret5,8,0.000000,2022-03-21,2024-04-25,2024-04-26,2024-07-29,0.9390676572,-0.0310055239,-0.1185964776,-0.3999185527,-0.2614371402,0.1153846154,3.0000000000,0.2608695652,0.0060000000,0.8505401742,0.1040838349,0.8289474611,0.1328433963,0.9689749079,-0.1202342285,-0.0642008345,-1.5258589844,-1.8727829536,0.2500000000,2.0000000000,0.6666666667,0.0020000000,0.8934433002,0.0845399005,0.9460057418,0.0242801551
2,16,21,false,ret60_ret5_top5_riskoff0p3,ret60_ret5,ret60;ret5,5,0.300000,2022-03-21,2024-04-25,2024-04-26,2024-07-29,0.9339365735,-0.0336617153,-0.1738844970,-0.3146544934,-0.1935866388,0.4230769231,4.0000000000,0.4817391304,0.0110800000,0.8505401742,0.0980510996,0.8289474611,0.1266535182,0.9483000008,-0.1940731354,-0.0846122227,-2.2384943273,-2.2936773111,0.2500000000,3.0000000000,1.0466666667,0.0031400000,0.8934433002,0.0613991963,0.9460057418,0.0024252062
2,17,4,false,ret60_ret120_ret5_top3_riskoff0p3,ret60_ret120_ret5,ret60;ret120;ret5,3,0.300000,2022-03-21,2024-04-25,2024-04-26,2024-07-29,0.9336193334,-0.0338261787,-0.1585719504,-0.2771663176,-0.2133175422,0.4230769231,6.0000000000,0.4826086957,0.0111000000,0.8505401742,0.0976781130,0.8289474611,0.1262708159,0.9658045264,-0.1318754101,-0.0716115827,-1.3285540788,-1.8415374314,0.2500000000,2.0000000000,0.8666666667,0.0026000000,0.8934433002,0.0809914029,0.9460057418,0.0209288208
2,18,24,false,ret60_ret120_ret5_top5_riskoff0p3,ret60_ret120_ret5,ret60;ret120;ret5,5,0.300000,2022-03-21,2024-04-25,2024-04-26,2024-07-29,0.9254700312,-0.0380605345,-0.1610638453,-0.3606014887,-0.2363071264,0.4230769231,4.0000000000,0.4521739130,0.0104000000,0.8505401742,0.0880967876,0.8289474611,0.1164399128,0.9426393525,-0.2134485416,-0.0973239000,-2.4149893457,-2.1931770258,0.2500000000,3.0000000000,1.0066666667,0.0030200000,0.8934433002,0.0550634296,0.9460057418,-0.0035585294
2,19,47,false,price_momentum_top3_riskoff0,price_momentum,ret20;ret60;ret120,3,0.000000,2022-03-21,2024-04-25,2024-04-26,2024-07-29,0.9253307514,-0.0381330652,-0.1322417053,-0.3253761563,-0.2883588437,0.0769230769,2.0000000000,0.3260869565,0.0075000000,0.8505401742,0.0879330331,0.8289474611,0.1162718928,0.9164403600,-0.2985900230,-0.1165568299,-2.7931244950,-2.5617548377,0.0000000000,3.0000000000,0.7000000000,0.0021000000,0.8934433002,0.0257398089,0.9460057418,-0.0312528566
2,20,42,false,price_momentum_top8_riskoff0,price_momentum,ret20;ret60;ret120,8,0.000000,2022-03-21,2024-04-25,2024-04-26,2024-07-29,0.9250194780,-0.0382951824,-0.1328056459,-0.4282508796,-0.2883550784,0.0769230769,3.0000000000,0.3043478261,0.0070000000,0.8505401742,0.0875670616,0.8289474611,0.1158963883,0.9282665570,-0.2610667910,-0.1055884822,-3.0017903533,-2.4724930733,0.2500000000,2.0000000000,0.8333333333,0.0025000000,0.8934433002,0.0389764597,0.9460057418,-0.0187516671
2,21,17,false,ret60_top8_riskoff0,ret60,ret60,8,0.000000,2022-03-21,2024-04-25,2024-04-26,2024-07-29,0.9220787309,-0.0398281255,-0.1233058036,-0.5021300010,-0.3230028463,0.0769230769,3.0000000000,0.2608695652,0.0060000000,0.8505401742,0.0841095564,0.8289474611,0.1123488208,0.9512629985,-0.1837889767,-0.0813063239,-2.2070041198,-2.2604511897,0.2500000000,2.0000000000,0.8333333333,0.0025000000,0.8934433002,0.0647155766,0.9460057418,0.0055573201
2,22,23,false,ret60_top5_riskoff0p3,ret60,ret60,5,0.300000,2022-03-21,2024-04-25,2024-04-26,2024-07-29,0.9035030611,-0.0495680951,-0.1635087561,-0.4774718346,-0.3031525425,0.4230769231,4.0000000000,0.4608695652,0.0106000000,0.8505401742,0.0622697064,0.8289474611,0.0899400788,0.9429534204,-0.2123828397,-0.0988249895,-2.3973205194,-2.1490803157,0.2500000000,3.0000000000,0.9133333333,0.0027400000,0.8934433002,0.0554149550,0.9460057418,-0.0032265357
2,23,6,false,ret60_ret5_top3_riskoff0p3,ret60_ret5,ret60;ret5,3,0.300000,2022-03-21,2024-04-25,2024-04-26,2024-07-29,0.9012437728,-0.0507595204,-0.1852362394,-0.4730310820,-0.2740258631,0.3846153846,4.0000000000,0.5434782609,0.0125000000,0.8505401742,0.0596134083,0.8289474611,0.0872145885,0.9602358263,-0.1520412765,-0.0744658960,-1.7442507100,-2.0417571615,0.0000000000,4.0000000000,0.9333333333,0.0028000000,0.8934433002,0.0747585506,0.9460057418,0.0150422814
2,24,7,false,ret60_ret120_ret5_top3_riskoff0p5,ret60_ret120_ret5,ret60;ret120;ret5,3,0.500000,2022-03-21,2024-04-25,2024-04-26,2024-07-29,0.8984251823,-0.0522479825,-0.2049404287,-0.3568341173,-0.2549422916,0.4230769231,6.0000000000,0.6217391304,0.0143000000,0.8505401742,0.0562995254,0.8289474611,0.0838143844,0.9585528878,-0.1580655885,-0.0803218295,-1.5255171470,-1.9679032401,0.2500000000,2.0000000000,0.9777777778,0.0029333333,0.8934433002,0.0728748961,0.9460057418,0.0132632874
2,25,30,false,ret60_ret5_top5_riskoff0p5,ret60_ret5,ret60;ret5,5,0.500000,2022-03-21,2024-04-25,2024-04-26,2024-07-29,0.8931254885,-0.0550530076,-0.2256001458,-0.4453878773,-0.2440291313,0.4230769231,4.0000000000,0.6347826087,0.0146000000,0.8505401742,0.0500685512,0.8289474611,0.0774211037,0.9384784150,-0.2274651590,-0.0950376630,-2.5772004232,-2.3934212168,0.2500000000,3.0000000000,1.1666666667,0.0035000000,0.8934433002,0.0504062371,0.9460057418,-0.0079569567
2,26,38,false,ret60_ret120_ret5_top5_riskoff0p5,ret60_ret120_ret5,ret60;ret120;ret5,5,0.500000,2022-03-21,2024-04-25,2024-04-26,2024-07-29,0.8905244399,-0.0564327306,-0.2049001330,-0.4540004026,-0.2754157831,0.4615384615,4.0000000000,0.5739130435,0.0132000000,0.8505401742,0.0470104376,0.8289474611,0.0742833312,0.9325089017,-0.2472442645,-0.1079561116,-2.7457131047,-2.2902294358,0.2500000000,3.0000000000,1.1000000000,0.0033000000,0.8934433002,0.0437247686,0.9460057418,-0.0142671862
2,27,27,false,ret60_top3_riskoff0p3,ret60,ret60,3,0.300000,2022-03-21,2024-04-25,2024-04-26,2024-07-29,0.8875639044,-0.0580055923,-0.1735634355,-0.5205090100,-0.3342039879,0.3461538462,6.0000000000,0.5000000000,0.0115000000,0.8505401742,0.0435296666,0.8289474611,0.0707118919,0.9412219106,-0.2182447158,-0.0865574541,-2.3113466697,-2.5213855691,0.2500000000,3.0000000000,0.8666666667,0.0026000000,0.8934433002,0.0534769362,0.9460057418,-0.0050568733
2,28,36,false,all_factors_top3_riskoff0p3,all_factors,ret20;ret60;ret120;amount_strength;vol20;ret5,3,0.300000,2022-03-21,2024-04-25,2024-04-26,2024-07-29,0.8846111455,-0.0595769323,-0.1909178376,-0.5176499013,-0.3120553481,0.3461538462,9.0000000000,0.5869565217,0.0135000000,0.8505401742,0.0400580389,0.8289474611,0.0671498340,0.9338640096,-0.2427882076,-0.1009392897,-2.5220802901,-2.4052894410,0.0000000000,4.0000000000,0.8000000000,0.0024000000,0.8934433002,0.0452414937,0.9460057418,-0.0128347341
2,29,26,false,ret60_ret120_top5_riskoff0p3,ret60_ret120,ret60;ret120,5,0.300000,2022-03-21,2024-04-25,2024-04-26,2024-07-29,0.8843626680,-0.0597092814,-0.1812295276,-0.5911200694,-0.3294677318,0.3846153846,4.0000000000,0.4695652174,0.0108000000,0.8505401742,0.0397658980,0.8289474611,0.0668500834,0.9412811867,-0.2180445869,-0.0990908064,-2.5543452023,-2.2004522392,0.2500000000,3.0000000000,0.9133333333,0.0027400000,0.8934433002,0.0535432820,0.9460057418,-0.0049942139
2,30,31,false,all_factors_top8_riskoff0p3,all_factors,ret20;ret60;ret120;amount_strength;vol20;ret5,8,0.300000,2022-03-21,2024-04-25,2024-04-26,2024-07-29,0.8836235945,-0.0601030512,-0.1615354911,-0.6834557580,-0.3720733496,0.3846153846,7.0000000000,0.5010869565,0.0115250000,0.8505401742,0.0388969521,0.8289474611,0.0659585028,0.9358633175,-0.2361775192,-0.1010059401,-2.9375643792,-2.3382537591,0.2500000000,3.0000000000,0.7416666667,0.0022250000,0.8934433002,0.0474792495,0.9460057418,-0.0107213136
2,31,35,false,ret60_ret120_top3_riskoff0p3,ret60_ret120,ret60;ret120,3,0.300000,2022-03-21,2024-04-25,2024-04-26,2024-07-29,0.8822529136,-0.0608337696,-0.1690969527,-0.5332198619,-0.3597567471,0.3461538462,6.0000000000,0.4826086957,0.0111000000,0.8505401742,0.0372854104,0.8289474611,0.0643049832,0.9342148966,-0.2416311371,-0.1006014796,-2.5514670465,-2.4018646453,0.0000000000,4.0000000000,0.8666666667,0.0026000000,0.8934433002,0.0456342293,0.9460057418,-0.0124638199
2,32,28,false,ret60_ret120_top8_riskoff0p3,ret60_ret120,ret60;ret120,8,0.300000,2022-03-21,2024-04-25,2024-04-26,2024-07-29,0.8742624678,-0.0651048492,-0.1775972029,-0.7508682053,-0.3665871317,0.3461538462,4.0000000000,0.4195652174,0.0096500000,0.8505401742,0.0278908562,0.8289474611,0.0546657163,0.9397617636,-0.2231622996,-0.0964126094,-2.6845121693,-2.3146588490,0.2500000000,3.0000000000,0.7416666667,0.0022250000,0.8934433002,0.0518426445,0.9460057418,-0.0066003597
2,33,25,false,ret60_ret5_top8_riskoff0p3,ret60_ret5,ret60;ret5,8,0.300000,2022-03-21,2024-04-25,2024-04-26,2024-07-29,0.8734728173,-0.0655279916,-0.1768820863,-0.7505813202,-0.3704614352,0.3076923077,7.0000000000,0.4619565217,0.0106250000,0.8505401742,0.0269624455,0.8289474611,0.0537131221,0.9423283957,-0.2145026153,-0.0861450021,-2.5453078253,-2.4900181108,0.2500000000,3.0000000000,0.9000000000,0.0027000000,0.8934433002,0.0547153865,0.9460057418,-0.0038872344
2,34,52,false,price_momentum_top5_riskoff0p3,price_momentum,ret20;ret60;ret120,5,0.300000,2022-03-21,2024-04-25,2024-04-26,2024-07-29,0.8726439152,-0.0659723726,-0.1687599860,-0.5910959984,-0.3909242598,0.3076923077,6.0000000000,0.5826086957,0.0134000000,0.8505401742,0.0259878860,0.8289474611,0.0527131768,0.8967820145,-0.3577633287,-0.1417794129,-3.7082163530,-2.5233799556,0.2500000000,3.0000000000,1.0466666667,0.0031400000,0.8934433002,0.0037369068,0.9460057418,-0.0520332225
2,35,34,false,all_factors_top5_riskoff0p3,all_factors,ret20;ret60;ret120;amount_strength;vol20;ret5,5,0.300000,2022-03-21,2024-04-25,2024-04-26,2024-07-29,0.8685143068,-0.0681894343,-0.1870622182,-0.6850258576,-0.3645280965,0.3846153846,7.0000000000,0.5686956522,0.0130800000,0.8505401742,0.0211326086,0.8289474611,0.0477314275,0.9345845261,-0.2404108207,-0.1054066688,-2.6269447712,-2.2807932680,0.2500000000,3.0000000000,1.0066666667,0.0030200000,0.8934433002,0.0460479427,0.9460057418,-0.0120730934
2,36,49,false,price_momentum_top8_riskoff0p3,price_momentum,ret20;ret60;ret120,8,0.300000,2022-03-21,2024-04-25,2024-04-26,2024-07-29,0.8650359413,-0.0700609482,-0.1689241611,-0.7298577389,-0.4147479422,0.2692307692,7.0000000000,0.5456521739,0.0125500000,0.8505401742,0.0170430128,0.8289474611,0.0435353045,0.9113355207,-0.3143352996,-0.1245674402,-3.6373747960,-2.5234146194,0.2500000000,3.0000000000,0.9583333333,0.0028750000,0.8934433002,0.0200261400,0.9460057418,-0.0366490598
2,37,33,false,ret60_top5_riskoff0p5,ret60,ret60,5,0.500000,2022-03-21,2024-04-25,2024-04-26,2024-07-29,0.8642346192,-0.0704926267,-0.2193577591,-0.5692019176,-0.3213591668,0.4230769231,4.0000000000,0.6000000000,0.0138000000,0.8505401742,0.0161008797,0.8289474611,0.0425686304,0.9349289418,-0.2392724146,-0.1089781912,-2.6124114590,-2.1955990644,0.2500000000,3.0000000000,1.0333333333,0.0031000000,0.8934433002,0.0464334352,0.9460057418,-0.0117090198
2,38,18,false,ret60_ret5_top3_riskoff0p5,ret60_ret5,ret60;ret5,3,0.500000,2022-03-21,2024-04-25,2024-04-26,2024-07-29,0.8628623218,-0.0712323582,-0.2273599723,-0.5501836792,-0.3133021063,0.4230769231,4.0000000000,0.7231884058,0.0166333333,0.8505401742,0.0144874376,0.8289474611,0.0409131607,0.9511342143,-0.1842380148,-0.0847194778,-1.9830128647,-2.1746830783,0.0000000000,4.0000000000,1.0888888889,0.0032666667,0.8934433002,0.0645714329,0.9460057418,0.0054211854
2,39,10,false,ret60_ret120_ret5_top8_riskoff0p3,ret60_ret120_ret5,ret60;ret120;ret5,8,0.300000,2022-03-21,2024-04-25,2024-04-26,2024-07-29,0.8611258544,-0.0721692361,-0.1862503520,-0.8468292728,-0.3874850991,0.3461538462,4.0000000000,0.4402173913,0.0101250000,0.8505401742,0.0124458322,0.8289474611,0.0388183749,0.9575962239,-0.1614756817,-0.0779610039,-2.0209477769,-2.0712365605,0.2500000000,3.0000000000,0.7166666667,0.0021500000,0.8934433002,0.0718041354,0.9460057418,0.0122520209
2,40,29,false,ret60_top8_riskoff0p3,ret60,ret60,8,0.300000,2022-03-21,2024-04-25,2024-04-26,2024-07-29,0.8479842214,-0.0792903383,-0.1882564404,-0.9041734883,-0.4211826068,0.3076923077,4.0000000000,0.4532608696,0.0104250000,0.8505401742,-0.0030050935,0.8289474611,0.0229649781,0.9395206902,-0.2239719543,-0.0957621093,-2.6761310307,-2.3388368945,0.2500000000,3.0000000000,1.0083333333,0.0030250000,0.8934433002,0.0515728195,0.9460057418,-0.0068551926
2,41,37,false,ret60_top3_riskoff0p5,ret60,ret60,3,0.500000,2022-03-21,2024-04-25,2024-04-26,2024-07-29,0.8445105801,-0.0811817977,-0.2307696492,-0.6006176069,-0.3517871521,0.3461538462,6.0000000000,0.6507246377,0.0149666667,0.8505401742,-0.0070891350,0.8289474611,0.0187745541,0.9326323682,-0.2468390852,-0.0956828806,-2.5175202937,-2.5797622705,0.2500000000,3.0000000000,0.9777777778,0.0029333333,0.8934433002,0.0438629604,0.9460057418,-0.0141366727
2,42,41,false,ret60_ret120_top5_riskoff0p5,ret60_ret120,ret60;ret120,5,0.500000,2022-03-21,2024-04-25,2024-04-26,2024-07-29,0.8377686299,-0.0848640220,-0.2432638475,-0.7124579071,-0.3488558734,0.3846153846,4.0000000000,0.5913043478,0.0136000000,0.8505401742,-0.0150158037,0.8289474611,0.0106414088,0.9299857424,-0.2554885623,-0.1115028187,-2.9228969309,-2.2913193163,0.2500000000,3.0000000000,1.0333333333,0.0031000000,0.8934433002,0.0409006841,0.9460057418,-0.0169343574
2,43,46,false,ret60_ret120_top3_riskoff0p5,ret60_ret120,ret60;ret120,3,0.500000,2022-03-21,2024-04-25,2024-04-26,2024-07-29,0.8321208327,-0.0879600546,-0.2338250876,-0.6408052861,-0.3761788587,0.3461538462,6.0000000000,0.6217391304,0.0143000000,0.8505401742,-0.0216560511,0.8289474611,0.0038281938,0.9207534284,-0.2850757213,-0.1143343808,-2.9999130686,-2.4933508128,0.0000000000,4.0000000000,0.9777777778,0.0029333333,0.8934433002,0.0305672763,0.9460057418,-0.0266936153
2,44,44,false,all_factors_top8_riskoff0p5,all_factors,ret20;ret60;ret120;amount_strength;vol20;ret5,8,0.500000,2022-03-21,2024-04-25,2024-04-26,2024-07-29,0.8283708811,-0.0900215142,-0.2343670275,-0.8742996436,-0.3841048595,0.3846153846,7.0000000000,0.6467391304,0.0148750000,0.8505401742,-0.0260649570,0.8289474611,-0.0006955568,0.9252011446,-0.2709348597,-0.1130448873,-3.2496303514,-2.3967015779,0.2500000000,3.0000000000,0.7916666667,0.0023750000,0.8934433002,0.0355454503,0.9460057418,-0.0219920411
2,45,32,false,ret60_ret5_top8_riskoff0p5,ret60_ret5,ret60;ret5,8,0.500000,2022-03-21,2024-04-25,2024-04-26,2024-07-29,0.8262442557,-0.0911926528,-0.2457244738,-0.8664054996,-0.3711175015,0.3076923077,7.0000000000,0.6032608696,0.0138750000,0.8505401742,-0.0285652803,0.8289474611,-0.0032610093,0.9355138186,-0.2373362597,-0.0943741808,-2.6911737848,-2.5148431238,0.2500000000,3.0000000000,1.0000000000,0.0030000000,0.8934433002,0.0470880675,0.9460057418,-0.0110907606
2,46,51,false,price_momentum_top8_riskoff0p5,price_momentum,ret20;ret60;ret120,8,0.500000,2022-03-21,2024-04-25,2024-04-26,2024-07-29,0.8255337917,-0.0915842425,-0.2059829675,-0.8211844732,-0.4446204635,0.2692307692,7.0000000000,0.7065217391,0.0162500000,0.8505401742,-0.0294005895,0.8289474611,-0.0041180770,0.9001206245,-0.3479896193,-0.1370886270,-3.8878841301,-2.5384280741,0.2500000000,3.0000000000,1.0416666667,0.0031250000,0.8934433002,0.0074736968,0.9460057418,-0.0485040579
2,47,39,false,ret60_ret120_top8_riskoff0p5,ret60_ret120,ret60;ret120,8,0.500000,2022-03-21,2024-04-25,2024-04-26,2024-07-29,0.8253411404,-0.0916904559,-0.2457764102,-0.8880437526,-0.3730645096,0.3846153846,4.0000000000,0.5326086957,0.0122500000,0.8505401742,-0.0296270941,0.8289474611,-0.0043504817,0.9318268433,-0.2494796105,-0.1066697461,-2.8250028843,-2.3388038276,0.2500000000,3.0000000000,0.7916666667,0.0023750000,0.8934433002,0.0429613643,0.9460057418,-0.0149881738
2,48,54,false,price_momentum_top5_riskoff0p5,price_momentum,ret20;ret60;ret120,5,0.500000,2022-03-21,2024-04-25,2024-04-26,2024-07-29,0.8241760451,-0.0923330659,-0.2044093233,-0.7258374651,-0.4517067244,0.3076923077,6.0000000000,0.7565217391,0.0174000000,0.8505401742,-0.0309969239,0.8289474611,-0.0057559933,0.8848061131,-0.3919163813,-0.1548276939,-4.0099486665,-2.5313067157,0.2500000000,3.0000000000,1.1666666667,0.0035000000,0.8934433002,-0.0096673030,0.9460057418,-0.0646926609
2,49,20,false,ret60_ret120_ret5_top8_riskoff0p5,ret60_ret120_ret5,ret60;ret120;ret5,8,0.500000,2022-03-21,2024-04-25,2024-04-26,2024-07-29,0.8110823473,-0.0995863255,-0.2550766127,-0.9746725899,-0.3904173120,0.3461538462,4.0000000000,0.5597826087,0.0128750000,0.8505401742,-0.0463914910,0.8289474611,-0.0215515635,0.9500000759,-0.1881844319,-0.0871008964,-2.2284948325,-2.1605338150,0.2500000000,3.0000000000,0.7500000000,0.0022500000,0.8934433002,0.0633020313,0.9460057418,0.0042223149
2,50,50,false,price_momentum_top3_riskoff0p3,price_momentum,ret20;ret60;ret120,3,0.300000,2022-03-21,2024-04-25,2024-04-26,2024-07-29,0.8110023565,-0.0996308153,-0.2069461191,-0.8373645696,-0.4814336007,0.2692307692,9.0000000000,0.6130434783,0.0141000000,0.8505401742,-0.0464855381,0.8289474611,-0.0216480603,0.9011600864,-0.3449238490,-0.1324244011,-3.2336618881,-2.6046849830,0.0000000000,4.0000000000,0.8666666667,0.0026000000,0.8934433002,0.0086371303,0.9460057418,-0.0474052676
2,51,43,false,all_factors_top3_riskoff0p5,all_factors,ret20;ret60;ret120;amount_strength;vol20;ret5,3,0.500000,2022-03-21,2024-04-25,2024-04-26,2024-07-29,0.8067132109,-0.1020195948,-0.2575590710,-0.7839637518,-0.3961017346,0.3461538462,9.0000000000,0.7956521739,0.0183000000,0.8505401742,-0.0515283870,0.8289474611,-0.0268222671,0.9270796604,-0.2648994774,-0.1082492271,-2.7295912477,-2.4471258085,0.0000000000,4.0000000000,0.8666666667,0.0026000000,0.8934433002,0.0376480076,0.9460057418,-0.0200063071
2,52,45,false,all_factors_top5_riskoff0p5,all_factors,ret20;ret60;ret120;amount_strength;vol20;ret5,5,0.500000,2022-03-21,2024-04-25,2024-04-26,2024-07-29,0.8011654978,-0.1051187358,-0.2516791933,-0.9179487787,-0.4176695514,0.3846153846,7.0000000000,0.7565217391,0.0174000000,0.8505401742,-0.0580509632,0.8289474611,-0.0335147456,0.9241428546,-0.2743184863,-0.1165667610,-2.9299050996,-2.3533165373,0.2500000000,3.0000000000,1.1000000000,0.0033000000,0.8934433002,0.0343609432,0.9460057418,-0.0231107341
2,53,40,false,ret60_top8_riskoff0p5,ret60,ret60,8,0.500000,2022-03-21,2024-04-25,2024-04-26,2024-07-29,0.8001967460,-0.1056610105,-0.2538094140,-1.0103730793,-0.4163005966,0.3461538462,4.0000000000,0.5815217391,0.0133750000,0.8505401742,-0.0591899474,0.8289474611,-0.0346833985,0.9316955529,-0.2499093205,-0.1053427417,-2.8689621074,-2.3723449419,0.2500000000,3.0000000000,1.1250000000,0.0033750000,0.8934433002,0.0428144155,0.9460057418,-0.0151269577
2,54,53,false,price_momentum_top3_riskoff0p5,price_momentum,ret20;ret60;ret120,3,0.500000,2022-03-21,2024-04-25,2024-04-26,2024-07-29,0.7401876682,-0.1399156531,-0.2791219541,-1.0179324937,-0.5012706850,0.2692307692,9.0000000000,0.8043478261,0.0185000000,0.8505401742,-0.1297440253,0.8289474611,-0.1070752937,0.8909688748,-0.3745170797,-0.1429839131,-3.3856561215,-2.6192952167,0.0000000000,4.0000000000,0.9777777778,0.0029333333,0.8934433002,-0.0027695382,0.9460057418,-0.0581781532
3,1,52,true,ret60_ret120_ret5_top3_riskoff0,ret60_ret120_ret5,ret60;ret120;ret5,3,0.000000,2022-07-01,2024-07-29,2024-07-30,2024-11-04,0.9689394115,-0.0156836729,-0.0976295441,-0.1175725859,-0.1606447413,0.1600000000,3.0000000000,0.3360000000,0.0084000000,0.7475327559,0.2961832159,0.7591118315,0.2764119479,1.0375510157,0.1616377260,-0.0265364076,1.6004361653,6.0911683396,0.2000000000,1.0000000000,0.3000000000,0.0009000000,1.2270601942,-0.1544416316,1.1707673222,-0.1137854669
3,2,39,false,ret60_ret5_top5_riskoff0,ret60_ret5,ret60;ret5,5,0.000000,2022-07-01,2024-07-29,2024-07-30,2024-11-04,0.9683867248,-0.0159649999,-0.1052172961,-0.1361146393,-0.1517336073,0.1600000000,2.0000000000,0.3360000000,0.0084000000,0.7475327559,0.2954438681,0.7591118315,0.2756838777,1.0541469279,0.2390307453,-0.0256855168,2.2795004886,9.3060516352,0.2000000000,1.0000000000,0.3333333333,0.0010000000,1.2270601942,-0.1409166943,1.1707673222,-0.0996102232
3,3,50,false,all_factors_top3_riskoff0,all_factors,ret20;ret60;ret120;amount_strength;vol20;ret5,3,0.000000,2022-07-01,2024-07-29,2024-07-30,2024-11-04,0.9626883372,-0.0188702618,-0.1073432238,-0.1353274321,-0.1757936939,0.1600000000,2.0000000000,0.3360000000,0.0084000000,0.7475327559,0.2878209412,0.7591118315,0.2681772267,1.0403938865,0.1746289523,-0.0203044293,1.9676106495,8.6005348790,0.2000000000,1.0000000000,0.3000000000,0.0009000000,1.2270601942,-0.1521248172,1.1707673222,-0.1113572554
3,4,51,false,ret60_ret5_top3_riskoff0,ret60_ret5,ret60;ret5,3,0.000000,2022-07-01,2024-07-29,2024-07-30,2024-11-04,0.9386135511,-0.0312403070,-0.1309671316,-0.3041784307,-0.2385354756,0.1200000000,3.0000000000,0.3360000000,0.0084000000,0.7475327559,0.2556152806,0.7591118315,0.2364628137,1.0375510157,0.1616377260,-0.0265364076,1.6004361653,6.0911683396,0.2000000000,1.0000000000,0.3000000000,0.0009000000,1.2270601942,-0.1544416316,1.1707673222,-0.1137854669
3,5,43,false,ret60_ret120_ret5_top5_riskoff0,ret60_ret120_ret5,ret60;ret120;ret5,5,0.000000,2022-07-01,2024-07-29,2024-07-30,2024-11-04,0.9385213663,-0.0312879755,-0.1022499049,-0.3109775766,-0.3059951553,0.1600000000,2.0000000000,0.3520000000,0.0088000000,0.7475327559,0.2554919619,0.7591118315,0.2363413760,1.0494400698,0.2166976683,-0.0257500767,1.9184535919,8.4154183596,0.2000000000,1.0000000000,0.3333333333,0.0010000000,1.2270601942,-0.1447525763,1.1707673222,-0.1036305422
3,6,42,false,all_factors_top5_riskoff0,all_factors,ret20;ret60;ret120;amount_strength;vol20;ret5,5,0.000000,2022-07-01,2024-07-29,2024-07-30,2024-11-04,0.9310714631,-0.0351480565,-0.1244551652,-0.3431382738,-0.2824154103,0.1600000000,2.0000000000,0.3680000000,0.0092000000,0.7475327559,0.2455259729,0.7591118315,0.2265274027,1.0499933923,0.2193072030,-0.0233798780,2.3684219690,9.3801688531,0.2000000000,1.0000000000,0.3333333333,0.0010000000,1.2270601942,-0.1443016428,1.1707673222,-0.1031579269
3,7,46,false,all_factors_top8_riskoff0,all_factors,ret20;ret60;ret120;amount_strength;vol20;ret5,8,0.000000,2022-07-01,2024-07-29,2024-07-30,2024-11-04,0.9267753226,-0.0373810607,-0.1057314209,-0.4322449361,-0.3535473220,0.1600000000,2.0000000000,0.3400000000,0.0085000000,0.7475327559,0.2397788797,0.7591118315,0.2208679725,1.0446985139,0.1945081907,-0.0256807780,2.0240628900,7.5740770260,0.2000000000,1.0000000000,0.3333333333,0.0010000000,1.2270601942,-0.1486167355,1.1707673222,-0.1076804980
3,8,37,false,ret60_top5_riskoff0,ret60,ret60,5,0.000000,2022-07-01,2024-07-29,2024-07-30,2024-11-04,0.9223995694,-0.0396607614,-0.1109682664,-0.4045100148,-0.3574063353,0.1200000000,3.0000000000,0.3200000000,0.0080000000,0.7475327559,0.2339252857,0.7591118315,0.2151036660,1.0591377111,0.2630471423,-0.0287127745,2.2534251253,9.1613279119,0.2000000000,1.0000000000,0.3333333333,0.0010000000,1.2270601942,-0.1368494259,1.1707673222,-0.0953473922
3,9,48,false,ret60_ret120_top3_riskoff0,ret60_ret120,ret60;ret120,3,0.000000,2022-07-01,2024-07-29,2024-07-30,2024-11-04,0.9222191944,-0.0397548497,-0.1041714422,-0.3624079892,-0.3816290615,0.1200000000,2.0000000000,0.3360000000,0.0084000000,0.7475327559,0.2336839920,0.7591118315,0.2148660528,1.0403938865,0.1746289523,-0.0203044293,1.9676106495,8.6005348790,0.2000000000,1.0000000000,0.3000000000,0.0009000000,1.2270601942,-0.1521248172,1.1707673222,-0.1113572554
3,10,47,false,ret60_ret120_top5_riskoff0,ret60_ret120,ret60;ret120,5,0.000000,2022-07-01,2024-07-29,2024-07-30,2024-11-04,0.9195087812,-0.0411697794,-0.0936453824,-0.4221870068,-0.4396349111,0.0800000000,5.0000000000,0.3520000000,0.0088000000,0.7475327559,0.2300581800,0.7591118315,0.2112955471,1.0429879218,0.1865783635,-0.0292863160,1.6427856741,6.3708376243,0.2000000000,1.0000000000,0.3333333333,0.0010000000,1.2270601942,-0.1500107927,1.1707673222,-0.1091415843
3,11,54,false,ret60_top3_riskoff0,ret60,ret60,3,0.000000,2022-07-01,2024-07-29,2024-07-30,2024-11-04,0.9190250177,-0.0414225395,-0.0976295441,-0.3924807169,-0.4242828320,0.0800000000,5.0000000000,0.3360000000,0.0084000000,0.7475327559,0.2294110331,0.7591118315,0.2106582714,1.0279823941,0.1187060230,-0.0318407665,1.1608118072,3.7281144898,0.2000000000,1.0000000000,0.3000000000,0.0009000000,1.2270601942,-0.1622396367,1.1707673222,-0.1219584160
3,12,44,false,ret60_ret120_ret5_top8_riskoff0,ret60_ret120_ret5,ret60;ret120;ret5,8,0.000000,2022-07-01,2024-07-29,2024-07-30,2024-11-04,0.9165587151,-0.0427121836,-0.1185964776,-0.5211937518,-0.3601471515,0.1200000000,3.0000000000,0.3200000000,0.0080000000,0.7475327559,0.2261117762,0.7591118315,0.2074093395,1.0478439226,0.2091936379,-0.0278187524,2.0227034911,7.5198784802,0.2000000000,1.0000000000,0.3333333333,0.0010000000,1.2270601942,-0.1460533659,1.1707673222,-0.1049938764
3,13,38,false,ret60_ret5_top8_riskoff0,ret60_ret5,ret60;ret5,8,0.000000,2022-07-01,2024-07-29,2024-07-30,2024-11-04,0.9110984896,-0.0455735425,-0.1139133951,-0.5439866965,-0.4000718480,0.1200000000,3.0000000000,0.3200000000,0.0080000000,0.7475327559,0.2188074468,0.7591118315,0.2002164264,1.0575249938,0.2552484669,-0.0199843255,2.6330986032,12.7724334056,0.2000000000,1.0000000000,0.3333333333,0.0010000000,1.2270601942,-0.1381637194,1.1707673222,-0.0967248797
3,14,40,false,ret60_ret120_top8_riskoff0,ret60_ret120,ret60;ret120,8,0.000000,2022-07-01,2024-07-29,2024-07-30,2024-11-04,0.9108223017,-0.0457185022,-0.1131749454,-0.5468725095,-0.4039631035,0.1200000000,3.0000000000,0.3100000000,0.0077500000,0.7475327559,0.2184379809,0.7591118315,0.1998525960,1.0527151643,0.2322048886,-0.0301015812,2.0054206953,7.7140429077,0.2000000000,1.0000000000,0.3333333333,0.0010000000,1.2270601942,-0.1420835186,1.1707673222,-0.1008331507
3,15,36,false,ret60_ret120_ret5_top3_riskoff0p3,ret60_ret120_ret5,ret60;ret120;ret5,3,0.300000,2022-07-01,2024-07-29,2024-07-30,2024-11-04,0.9051251347,-0.0487136187,-0.1585719504,-0.3973484076,-0.3072019899,0.4400000000,6.0000000000,0.5360000000,0.0134000000,0.7475327559,0.2108166867,0.7591118315,0.1923475529,1.0750726970,0.3420836240,-0.0307968924,2.3662429508,11.1077318883,0.6000000000,1.0000000000,0.6000000000,0.0018000000,1.2270601942,-0.1238631144,1.1707673222,-0.0817366725
3,16,22,false,ret60_ret5_top5_riskoff0p3,ret60_ret5,ret60;ret5,5,0.300000,2022-07-01,2024-07-29,2024-07-30,2024-11-04,0.8905255430,-0.0564321450,-0.1738844970,-0.5288931735,-0.3245381042,0.4000000000,4.0000000000,0.5568000000,0.0139200000,0.7475327559,0.1912863161,0.7591118315,0.1731150879,1.0945314540,0.4435899199,-0.0316077534,2.8905401971,14.0342122695,0.6000000000,1.0000000000,0.5533333333,0.0016600000,1.2270601942,-0.1080050847,1.1707673222,-0.0651161565
3,17,41,false,ret60_top8_riskoff0,ret60,ret60,8,0.000000,2022-07-01,2024-07-29,2024-07-30,2024-11-04,0.8835263086,-0.0601548963,-0.1343429509,-0.7164325442,-0.4477711404,0.0800000000,3.0000000000,0.3400000000,0.0085000000,0.7475327559,0.1819232021,0.7591118315,0.1638947937,1.0505920430,0.2221352610,-0.0260041776,2.1024290877,8.5422913336,0.2000000000,1.0000000000,0.3333333333,0.0010000000,1.2270601942,-0.1438137689,1.1707673222,-0.1026465950
3,18,32,false,ret60_ret120_ret5_top5_riskoff0p3,ret60_ret120_ret5,ret60;ret120;ret5,5,0.300000,2022-07-01,2024-07-29,2024-07-30,2024-11-04,0.8731032264,-0.0657261062,-0.1618441100,-0.6236548660,-0.4061074955,0.4000000000,4.0000000000,0.5248000000,0.0131200000,0.7475327559,0.1679798906,0.7591118315,0.1501641658,1.0826295336,0.3808420021,-0.0314914905,2.4768919371,12.0934892669,0.6000000000,1.0000000000,0.5533333333,0.0016600000,1.2270601942,-0.1177046255,1.1707673222,-0.0752820709
3,19,53,false,price_momentum_top5_riskoff0,price_momentum,ret20;ret60;ret120,5,0.000000,2022-07-01,2024-07-29,2024-07-30,2024-11-04,0.8701866471,-0.0672909730,-0.1801380796,-0.6207685111,-0.3735521838,0.0800000000,4.0000000000,0.4000000000,0.0100000000,0.7475327559,0.1640782832,0.7591118315,0.1463220714,1.0373034445,0.1605115365,-0.0305092651,1.4821585580,5.2610751518,0.2000000000,1.0000000000,0.3333333333,0.0010000000,1.2270601942,-0.1546433912,1.1707673222,-0.1139969276
3,20,29,false,ret60_ret5_top3_riskoff0p3,ret60_ret5,ret60;ret5,3,0.300000,2022-07-01,2024-07-29,2024-07-30,2024-11-04,0.8670277419,-0.0689888132,-0.1852362394,-0.6314784060,-0.3724369131,0.3600000000,4.0000000000,0.6000000000,0.0150000000,0.7475327559,0.1598525082,0.7591118315,0.1421607541,1.0845771893,0.3909667013,-0.0364451019,2.5012437578,10.7275513142,0.6000000000,1.0000000000,0.6000000000,0.0018000000,1.2270601942,-0.1161173719,1.1707673222,-0.0736184990
3,21,18,false,ret60_ret120_ret5_top3_riskoff0p5,ret60_ret120_ret5,ret60;ret120;ret5,3,0.500000,2022-07-01,2024-07-29,2024-07-30,2024-11-04,0.8620208436,-0.0716862441,-0.2049404287,-0.4945595209,-0.3497906419,0.4400000000,6.0000000000,0.6693333333,0.0167333333,0.7475327559,0.1531546101,0.7591118315,0.1355650220,1.0997456334,0.4717464638,-0.0509272027,2.3523615037,9.2631528736,0.6000000000,1.0000000000,0.8000000000,0.0024000000,1.2270601942,-0.1037557582,1.1707673222,-0.0606625137
3,22,45,false,price_momentum_top8_riskoff0,price_momentum,ret20;ret60;ret120,8,0.000000,2022-07-01,2024-07-29,2024-07-30,2024-11-04,0.8612154490,-0.0721208740,-0.1786047941,-0.7838693244,-0.4038014455,0.0800000000,4.0000000000,0.3800000000,0.0095000000,0.7475327559,0.1520772062,0.7591118315,0.1345040523,1.0450126358,0.1959687031,-0.0326977101,1.7453477824,5.9933463964,0.2000000000,1.0000000000,0.3333333333,0.0010000000,1.2270601942,-0.1483607400,1.1707673222,-0.1074121937
3,23,49,false,price_momentum_top3_riskoff0,price_momentum,ret20;ret60;ret120,3,0.000000,2022-07-01,2024-07-29,2024-07-30,2024-11-04,0.8549560444,-0.0755056886,-0.1900924560,-0.6427846244,-0.3972050769,0.0800000000,4.0000000000,0.3840000000,0.0096000000,0.7475327559,0.1437037877,0.7591118315,0.1262583573,1.0403938865,0.1746289523,-0.0203044293,1.9676106495,8.6005348790,0.2000000000,1.0000000000,0.3000000000,0.0009000000,1.2270601942,-0.1521248172,1.1707673222,-0.1113572554
3,24,12,false,ret60_top5_riskoff0p3,ret60,ret60,5,0.300000,2022-07-01,2024-07-29,2024-07-30,2024-11-04,0.8517114888,-0.0772650701,-0.1635087561,-0.7342486249,-0.4725439296,0.4000000000,4.0000000000,0.5216000000,0.0130400000,0.7475327559,0.1393634354,0.7591118315,0.1219842103,1.1106338088,0.5318760142,-0.0311973173,2.9976771275,17.0487740684,0.6000000000,1.0000000000,0.4733333333,0.0014200000,1.2270601942,-0.0948823749,1.1707673222,-0.0513624802
3,25,34,false,ret60_top3_riskoff0p3,ret60,ret60,3,0.300000,2022-07-01,2024-07-29,2024-07-30,2024-11-04,0.8420122961,-0.0825445589,-0.1702736324,-0.7230535849,-0.4847759322,0.3200000000,6.0000000000,0.5520000000,0.0138000000,0.7475327559,0.1263884953,0.7591118315,0.1092071829,1.0804084233,0.3693636999,-0.0318407665,2.3767524061,11.6003394538,0.6000000000,1.0000000000,0.4666666667,0.0014000000,1.2270601942,-0.1195147325,1.1707673222,-0.0771792116
3,26,6,false,ret60_ret5_top5_riskoff0p5,ret60_ret5,ret60;ret5,5,0.500000,2022-07-01,2024-07-29,2024-07-30,2024-11-04,0.8401415702,-0.0835663219,-0.2256001458,-0.6826898162,-0.3704178544,0.4000000000,4.0000000000,0.7040000000,0.0176000000,0.7475327559,0.1238859616,0.7591118315,0.1067428214,1.1210832172,0.5913065363,-0.0522142105,2.7321746971,11.3246285007,0.6000000000,1.0000000000,0.7000000000,0.0021000000,1.2270601942,-0.0863665674,1.1707673222,-0.0424372153
3,27,25,false,all_factors_top3_riskoff0p3,all_factors,ret20;ret60;ret120;amount_strength;vol20;ret5,3,0.300000,2022-07-01,2024-07-29,2024-07-30,2024-11-04,0.8347037894,-0.0865428218,-0.2010678677,-0.7377149178,-0.4304159723,0.3600000000,9.0000000000,0.6240000000,0.0156000000,0.7475327559,0.1166116573,0.7591118315,0.0995794754,1.0902455357,0.4207517241,-0.0322355959,2.9177411202,13.0523947954,0.6000000000,1.0000000000,0.6666666667,0.0020000000,1.2270601942,-0.1114979193,1.1707673222,-0.0687769337
3,28,35,false,ret60_ret120_top5_riskoff0p3,ret60_ret120,ret60;ret120,5,0.300000,2022-07-01,2024-07-29,2024-07-30,2024-11-04,0.8321898544,-0.0879221548,-0.1812295276,-0.8544619192,-0.4851425481,0.3600000000,4.0000000000,0.5296000000,0.0132400000,0.7475327559,0.1132486809,0.7591118315,0.0962677960,1.0753060878,0.3432682433,-0.0331546055,2.2317919865,10.3535613822,0.6000000000,1.0000000000,0.5533333333,0.0016600000,1.2270601942,-0.1236729112,1.1707673222,-0.0815373239
3,29,17,false,ret60_ret120_ret5_top5_riskoff0p5,ret60_ret120_ret5,ret60;ret120;ret5,5,0.500000,2022-07-01,2024-07-29,2024-07-30,2024-11-04,0.8300240278,-0.0891121577,-0.2049001330,-0.7277687766,-0.4349053190,0.4400000000,4.0000000000,0.6400000000,0.0160000000,0.7475327559,0.1103513809,0.7591118315,0.0934146898,1.1042542573,0.4964250844,-0.0520245016,2.3970684509,9.5421401348,0.6000000000,1.0000000000,0.7000000000,0.0021000000,1.2270601942,-0.1000814284,1.1707673222,-0.0568115147
3,30,19,false,ret60_ret5_top8_riskoff0p3,ret60_ret5,ret60;ret5,8,0.300000,2022-07-01,2024-07-29,2024-07-30,2024-11-04,0.8275986450,-0.0904466131,-0.1791007061,-0.9900436013,-0.5050042238,0.2800000000,7.0000000000,0.5210000000,0.0130250000,0.7475327559,0.1071068639,0.7591118315,0.0902196629,1.0994441114,0.4701070588,-0.0279316825,3.2144661468,16.8306029670,0.6000000000,1.0000000000,0.4833333333,0.0014500000,1.2270601942,-0.1040014854,1.1707673222,-0.0609200560
3,31,23,false,ret60_ret120_top3_riskoff0p3,ret60_ret120,ret60;ret120,3,0.300000,2022-07-01,2024-07-29,2024-07-30,2024-11-04,0.8273503244,-0.0905833502,-0.1759451282,-0.7820692602,-0.5148386381,0.3200000000,6.0000000000,0.5360000000,0.0134000000,0.7475327559,0.1067746769,0.7591118315,0.0898925429,1.0934528889,0.4378167411,-0.0295089099,3.0032572635,14.8367643083,0.6000000000,1.0000000000,0.4666666667,0.0014000000,1.2270601942,-0.1088840678,1.1707673222,-0.0660374029
3,32,21,false,ret60_ret120_ret5_top8_riskoff0p3,ret60_ret120_ret5,ret60;ret120;ret5,8,0.300000,2022-07-01,2024-07-29,2024-07-30,2024-11-04,0.8271213233,-0.0907094672,-0.1858784907,-1.0193186263,-0.4880041087,0.3200000000,4.0000000000,0.4790000000,0.0119750000,0.7475327559,0.1064683343,0.7591118315,0.0895908731,1.0962948132,0.4530661851,-0.0278187524,2.9429885085,16.2863588495,0.6000000000,1.0000000000,0.4583333333,0.0013750000,1.2270601942,-0.1065680246,1.1707673222,-0.0636099996
3,33,33,false,all_factors_top8_riskoff0p3,all_factors,ret20;ret60;ret120;amount_strength;vol20;ret5,8,0.300000,2022-07-01,2024-07-29,2024-07-30,2024-11-04,0.8257631417,-0.0914578122,-0.1815358104,-1.0110858901,-0.5038003905,0.3600000000,7.0000000000,0.5380000000,0.0134500000,0.7475327559,0.1046514487,0.7591118315,0.0878017012,1.0809524017,0.3721682061,-0.0311472236,2.5902742067,11.9486799361,0.6000000000,1.0000000000,0.5583333333,0.0016750000,1.2270601942,-0.1190714141,1.1707673222,-0.0767145775
3,34,27,false,ret60_ret120_top8_riskoff0p3,ret60_ret120,ret60;ret120,8,0.300000,2022-07-01,2024-07-29,2024-07-30,2024-11-04,0.8248389271,-0.0919673968,-0.1819788723,-1.0162661788,-0.5053740339,0.3200000000,4.0000000000,0.4630000000,0.0115750000,0.7475327559,0.1034150954,0.7591118315,0.0865842066,1.0872631133,0.4050209128,-0.0301015812,2.5609795520,13.4551374825,0.6000000000,1.0000000000,0.5083333333,0.0015250000,1.2270601942,-0.1139284622,1.1707673222,-0.0713243420
3,35,10,false,ret60_ret5_top3_riskoff0p5,ret60_ret5,ret60;ret5,3,0.500000,2022-07-01,2024-07-29,2024-07-30,2024-11-04,0.8199102951,-0.0946897230,-0.2273599723,-0.7308113167,-0.4164749058,0.4000000000,4.0000000000,0.7760000000,0.0194000000,0.7475327559,0.0968218966,0.7591118315,0.0800915769,1.1156773468,0.5603479964,-0.0601863351,2.4771916247,9.3102195936,0.6000000000,1.0000000000,0.8000000000,0.0024000000,1.2270601942,-0.0907721137,1.1707673222,-0.0470545892
3,36,31,false,all_factors_top5_riskoff0p3,all_factors,ret20;ret60;ret120;amount_strength;vol20;ret5,5,0.300000,2022-07-01,2024-07-29,2024-07-30,2024-11-04,0.8135457754,-0.0982172706,-0.2099135790,-0.9562842984,-0.4678938403,0.3600000000,7.0000000000,0.6320000000,0.0158000000,0.7475327559,0.0883078621,0.7591118315,0.0717074108,1.0840087547,0.3880059845,-0.0320379891,2.8232425476,12.1108095695,0.6000000000,1.0000000000,0.5533333333,0.0016600000,1.2270601942,-0.1165806211,1.1707673222,-0.0741040221
3,37,1,false,ret60_top5_riskoff0p5,ret60,ret60,5,0.500000,2022-07-01,2024-07-29,2024-07-30,2024-11-04,0.8054824949,-0.1027061943,-0.2193577591,-0.8325742416,-0.4682131816,0.4000000000,4.0000000000,0.6560000000,0.0164000000,0.7475327559,0.0775213374,0.7591118315,0.0610854178,1.1447091722,0.7320779597,-0.0515751604,2.8623959799,14.1943903764,0.6000000000,1.0000000000,0.5666666667,0.0017000000,1.2270601942,-0.0671124550,1.1707673222,-0.0222573260
3,38,24,false,ret60_top8_riskoff0p3,ret60,ret60,8,0.300000,2022-07-01,2024-07-29,2024-07-30,2024-11-04,0.7992354404,-0.1061994410,-0.2068253922,-1.1613443071,-0.5134739009,0.2800000000,4.0000000000,0.5260000000,0.0131500000,0.7475327559,0.0691644401,0.7591118315,0.0528559920,1.0907200579,0.4232667874,-0.0305640544,2.7007317897,13.8485157162,0.6000000000,1.0000000000,0.5083333333,0.0015250000,1.2270601942,-0.1111112046,1.1707673222,-0.0683716249
3,39,11,false,ret60_top3_riskoff0p5,ret60,ret60,3,0.500000,2022-07-01,2024-07-29,2024-07-30,2024-11-04,0.7916123678,-0.1104806430,-0.2256299578,-0.8149597634,-0.4896541404,0.3200000000,6.0000000000,0.6960000000,0.0174000000,0.7475327559,0.0589667965,0.7591118315,0.0428138977,1.1155220261,0.5594652653,-0.0487930978,2.5148496748,11.4660739032,0.6000000000,1.0000000000,0.5777777778,0.0017333333,1.2270601942,-0.0908986932,1.1707673222,-0.0471872549
3,40,30,false,price_momentum_top8_riskoff0p3,price_momentum,ret20;ret60;ret120,8,0.300000,2022-07-01,2024-07-29,2024-07-30,2024-11-04,0.7875347729,-0.1127791123,-0.2295194307,-1.1463100563,-0.4913706519,0.2400000000,7.0000000000,0.6050000000,0.0151250000,0.7475327559,0.0535120591,0.7591118315,0.0374423639,1.0840744138,0.3883477298,-0.0332661571,2.4027398767,11.6739582822,0.6000000000,1.0000000000,0.6083333333,0.0018250000,1.2270601942,-0.1165271118,1.1707673222,-0.0740479400
3,41,28,false,price_momentum_top5_riskoff0p3,price_momentum,ret20;ret60;ret120,5,0.300000,2022-07-01,2024-07-29,2024-07-30,2024-11-04,0.7852720750,-0.1140571181,-0.2409609207,-1.0082445925,-0.4733428048,0.2800000000,6.0000000000,0.6496000000,0.0162400000,0.7475327559,0.0504851711,0.7591118315,0.0344616463,1.0846182981,0.3911810030,-0.0327141068,2.3856823233,11.9575633057,0.6000000000,1.0000000000,0.6333333333,0.0019000000,1.2270601942,-0.1160838700,1.1707673222,-0.0735833862
3,42,20,false,ret60_ret120_top5_riskoff0p5,ret60_ret120,ret60;ret120,5,0.500000,2022-07-01,2024-07-29,2024-07-30,2024-11-04,0.7766873433,-0.1189226947,-0.2432638475,-0.9980447548,-0.4888630020,0.3600000000,4.0000000000,0.6480000000,0.0162000000,0.7475327559,0.0390010835,0.7591118315,0.0231527307,1.0963188455,0.4531956573,-0.0547550171,2.2002611387,8.2767878013,0.6000000000,1.0000000000,0.7000000000,0.0021000000,1.2270601942,-0.1065484393,1.1707673222,-0.0635894727
3,43,4,false,ret60_ret5_top8_riskoff0p5,ret60_ret5,ret60;ret5,8,0.500000,2022-07-01,2024-07-29,2024-07-30,2024-11-04,0.7744963917,-0.1201687552,-0.2457244738,-1.1170266791,-0.4890386104,0.2800000000,7.0000000000,0.6550000000,0.0163750000,0.7475327559,0.0360701729,0.7591118315,0.0202665267,1.1271335468,0.6265025684,-0.0464310782,2.9825569186,13.4931729619,0.6000000000,1.0000000000,0.5833333333,0.0017500000,1.2270601942,-0.0814358154,1.1707673222,-0.0372693827
3,44,3,false,ret60_ret120_ret5_top8_riskoff0p5,ret60_ret120_ret5,ret60;ret120;ret5,8,0.500000,2022-07-01,2024-07-29,2024-07-30,2024-11-04,0.7707387923,-0.1223099180,-0.2544894875,-1.1679930057,-0.4806089211,0.3200000000,4.0000000000,0.5850000000,0.0146250000,0.7475327559,0.0310435044,0.7591118315,0.0153165321,1.1285973343,0.6351051815,-0.0444735777,2.8905539417,14.2805057360,0.6000000000,1.0000000000,0.5416666667,0.0016250000,1.2270601942,-0.0802428930,1.1707673222,-0.0360191023
3,45,13,false,ret60_ret120_top8_riskoff0p5,ret60_ret120,ret60;ret120,8,0.500000,2022-07-01,2024-07-29,2024-07-30,2024-11-04,0.7704342097,-0.1224837039,-0.2457764102,-1.1568782395,-0.4983541903,0.3600000000,4.0000000000,0.5650000000,0.0141250000,0.7475327559,0.0306360539,0.7591118315,0.0149152967,1.1097871238,0.5271349472,-0.0484262457,2.4682554813,10.8853151723,0.6000000000,1.0000000000,0.6250000000,0.0018750000,1.2270601942,-0.0955723859,1.1707673222,-0.0520856683
3,46,2,false,ret60_ret120_top3_riskoff0p5,ret60_ret120,ret60;ret120,3,0.500000,2022-07-01,2024-07-29,2024-07-30,2024-11-04,0.7669190232,-0.1244918523,-0.2381630543,-0.9133741456,-0.5227168952,0.3200000000,6.0000000000,0.6693333333,0.0167333333,0.7475327559,0.0259336693,0.7591118315,0.0102846397,1.1289904407,0.6374212825,-0.0487930978,2.9212013122,13.0637592453,0.6000000000,1.0000000000,0.5777777778,0.0017333333,1.2270601942,-0.0799225286,1.1707673222,-0.0356833340
3,47,16,false,all_factors_top8_riskoff0p5,all_factors,ret20;ret60;ret120;amount_strength;vol20;ret5,8,0.500000,2022-07-01,2024-07-29,2024-07-30,2024-11-04,0.7631245179,-0.1266647312,-0.2480724369,-1.2179811793,-0.5105957468,0.3600000000,7.0000000000,0.6700000000,0.0167500000,0.7475327559,0.0208576305,0.7591118315,0.0052860280,1.1046265687,0.4984768391,-0.0514612611,2.4415230025,9.6864481818,0.6000000000,1.0000000000,0.7083333333,0.0021250000,1.2270601942,-0.0997780110,1.1707673222,-0.0564935084
3,48,5,false,all_factors_top3_riskoff0p5,all_factors,ret20;ret60;ret120;amount_strength;vol20;ret5,3,0.500000,2022-07-01,2024-07-29,2024-07-30,2024-11-04,0.7568392626,-0.1302758044,-0.2616239780,-0.9897025422,-0.4979505525,0.3600000000,9.0000000000,0.8160000000,0.0204000000,0.7475327559,0.0124496307,0.7591118315,-0.0029937208,1.1234949571,0.6052665753,-0.0532397842,2.8224372384,11.3686894878,0.6000000000,1.0000000000,0.9111111111,0.0027333333,1.2270601942,-0.0844011057,1.1707673222,-0.0403772502
3,49,8,false,ret60_top8_riskoff0p5,ret60,ret60,8,0.500000,2022-07-01,2024-07-29,2024-07-30,2024-11-04,0.7459350726,-0.1365762829,-0.2634580448,-1.2802568501,-0.5183986051,0.3200000000,4.0000000000,0.6500000000,0.0162500000,0.7475327559,-0.0021372753,0.7591118315,-0.0173581261,1.1169827075,0.5677816233,-0.0505199559,2.5564260576,11.2387592915,0.6000000000,1.0000000000,0.6250000000,0.0018750000,1.2270601942,-0.0897083022,1.1707673222,-0.0459396275
3,50,15,false,all_factors_top5_riskoff0p5,all_factors,ret20;ret60;ret120;amount_strength;vol20;ret5,5,0.500000,2022-07-01,2024-07-29,2024-07-30,2024-11-04,0.7418344715,-0.1389575051,-0.2693193475,-1.1948097370,-0.5159581235,0.3600000000,7.0000000000,0.8080000000,0.0202000000,0.7475327559,-0.0076227889,0.7591118315,-0.0227599667,1.1062215057,0.5072903241,-0.0529226512,2.6035891488,9.5855047387,0.6000000000,1.0000000000,0.7000000000,0.0021000000,1.2270601942,-0.0984782075,1.1707673222,-0.0551312077
3,51,14,false,price_momentum_top8_riskoff0p5,price_momentum,ret20;ret60;ret120,8,0.500000,2022-07-01,2024-07-29,2024-07-30,2024-11-04,0.7404122370,-0.1397849313,-0.2690038762,-1.2471143149,-0.5196390967,0.2400000000,7.0000000000,0.7550000000,0.0188750000,0.7475327559,-0.0095253604,0.7591118315,-0.0246335174,1.1095719930,0.5259320731,-0.0549170896,2.3397482398,9.5768380491,0.6000000000,1.0000000000,0.7916666667,0.0023750000,1.2270601942,-0.0957477080,1.1707673222,-0.0522694203
3,52,26,false,price_momentum_top3_riskoff0p3,price_momentum,ret20;ret60;ret120,3,0.300000,2022-07-01,2024-07-29,2024-07-30,2024-11-04,0.7396597280,-0.1402230460,-0.2731110339,-1.1412698284,-0.5134287106,0.2800000000,9.0000000000,0.6560000000,0.0164000000,0.7475327559,-0.0105320172,0.7591118315,-0.0256248192,1.0885220896,0.4116452895,-0.0338852272,2.8466221578,12.1482228023,0.6000000000,1.0000000000,0.6666666667,0.0020000000,1.2270601942,-0.1129024520,1.1707673222,-0.0702489991
3,53,9,false,price_momentum_top5_riskoff0p5,price_momentum,ret20;ret60;ret120,5,0.500000,2022-07-01,2024-07-29,2024-07-30,2024-11-04,0.7315154990,-0.1449789647,-0.2804885338,-1.1414288782,-0.5168801831,0.2800000000,6.0000000000,0.8160000000,0.0204000000,0.7475327559,-0.0214268295,0.7591118315,-0.0363534480,1.1158552717,0.5613596565,-0.0540276675,2.3949806981,10.3902256519,0.6000000000,1.0000000000,0.8333333333,0.0025000000,1.2270601942,-0.0906271127,1.1707673222,-0.0469026163
3,54,7,false,price_momentum_top3_riskoff0p5,price_momentum,ret20;ret60;ret120,3,0.500000,2022-07-01,2024-07-29,2024-07-30,2024-11-04,0.6692078357,-0.1822753113,-0.3473071931,-1.3042282475,-0.5248244637,0.2800000000,9.0000000000,0.8373333333,0.0209333333,0.7475327559,-0.1047779105,0.7591118315,-0.1184331374,1.1205126545,0.5880173418,-0.0559358764,2.7358965669,10.5123469804,0.6000000000,1.0000000000,0.9111111111,0.0027333333,1.2270601942,-0.0868315509,1.1707673222,-0.0429245562
4,1,3,true,ret60_ret5_top5_riskoff0p5,ret60_ret5,ret60;ret5,5,0.500000,2022-09-29,2024-11-04,2024-11-05,2025-02-10,1.0257339406,0.0128108192,-0.2278329391,0.1632959271,0.0562290039,0.4444444444,4.0000000000,0.6920000000,0.0173000000,1.0261323497,-0.0003882629,1.0307331323,-0.0048501320,0.9489209937,-0.1919258927,-0.1503545535,-0.7109028588,-1.2764887274,0.5000000000,2.0000000000,1.1000000000,0.0033000000,0.9769749390,-0.0287151126,0.9645178597,-0.0161706348
4,2,5,false,ret60_ret5_top5_riskoff0p3,ret60_ret5,ret60;ret5,5,0.300000,2022-09-29,2024-11-04,2024-11-05,2025-02-10,1.0255784457,0.0127338958,-0.1738844970,0.1709354052,0.0732319213,0.4444444444,4.0000000000,0.5656000000,0.0141400000,1.0261323497,-0.0005397978,1.0307331323,-0.0050009905,0.9361984845,-0.2350650489,-0.1503545535,-0.9453333446,-1.5634049209,0.5000000000,2.0000000000,1.0600000000,0.0031800000,0.9769749390,-0.0417374621,0.9645178597,-0.0293611725
4,3,12,false,ret60_ret5_top5_riskoff0,ret60_ret5,ret60;ret5,5,0.000000,2022-09-29,2024-11-04,2024-11-05,2025-02-10,1.0208218910,0.0103780061,-0.1052172961,0.1560116740,0.0986340318,0.1851851852,2.0000000000,0.3760000000,0.0094000000,1.0261323497,-0.0051752181,1.0307331323,-0.0096157201,0.9172341123,-0.2961175139,-0.1503545535,-1.2931021016,-1.9694615620,0.2500000000,2.0000000000,1.0000000000,0.0030000000,0.9769749390,-0.0611487812,0.9645178597,-0.0490231954
4,4,27,false,ret60_ret120_ret5_top3_riskoff0p5,ret60_ret120_ret5,ret60;ret120;ret5,3,0.500000,2022-09-29,2024-11-04,2024-11-05,2025-02-10,1.0120706293,0.0060292099,-0.2263353931,0.1129903093,0.0266383874,0.4814814815,6.0000000000,0.6720000000,0.0168000000,1.0261323497,-0.0137036128,1.0307331323,-0.0181060475,0.8918660736,-0.3719530651,-0.1757950035,-1.6874149337,-2.1158341112,0.2500000000,3.0000000000,0.8444444444,0.0025333333,0.9769749390,-0.0871146864,0.9645178597,-0.0753244592
4,5,35,false,ret60_ret120_ret5_top3_riskoff0p3,ret60_ret120_ret5,ret60;ret120;ret5,3,0.300000,2022-09-29,2024-11-04,2024-11-05,2025-02-10,1.0116456233,0.0058175332,-0.1704633249,0.1080590320,0.0341277706,0.4814814815,6.0000000000,0.5520000000,0.0138000000,1.0261323497,-0.0141177953,1.0307331323,-0.0185183812,0.8828153231,-0.3974581957,-0.1757950035,-1.8871160012,-2.2609186134,0.2500000000,3.0000000000,0.8666666667,0.0026000000,0.9769749390,-0.0963787423,0.9645178597,-0.0847081636
4,6,44,false,ret60_ret120_ret5_top3_riskoff0,ret60_ret120_ret5,ret60;ret120;ret5,3,0.000000,2022-09-29,2024-11-04,2024-11-05,2025-02-10,1.0053240706,0.0026637938,-0.0976295441,0.0769399874,0.0272847103,0.1851851852,3.0000000000,0.3720000000,0.0093000000,1.0261323497,-0.0202783579,1.0307331323,-0.0246514455,0.8691981337,-0.4343506138,-0.1757950035,-2.1662437683,-2.4707790610,0.0000000000,3.0000000000,0.9000000000,0.0027000000,0.9769749390,-0.1103168577,0.9645178597,-0.0988262945
4,7,11,false,ret60_top5_riskoff0p5,ret60,ret60,5,0.500000,2022-09-29,2024-11-04,2024-11-05,2025-02-10,1.0036009605,0.0018024418,-0.2281190498,0.0809336708,0.0079013208,0.4444444444,4.0000000000,0.6600000000,0.0165000000,1.0261323497,-0.0219575859,1.0307331323,-0.0263231781,0.9177420558,-0.2945318441,-0.1780787642,-1.1344115613,-1.6539414202,0.5000000000,2.0000000000,0.7666666667,0.0023000000,0.9769749390,-0.0606288666,0.9645178597,-0.0484965659
4,8,36,false,all_factors_top3_riskoff0,all_factors,ret20;ret60;ret120;amount_strength;vol20;ret5,3,0.000000,2022-09-29,2024-11-04,2024-11-05,2025-02-10,1.0015750607,0.0007887861,-0.1089151206,0.0605569738,0.0072422097,0.1851851852,2.0000000000,0.3720000000,0.0093000000,1.0261323497,-0.0239318925,1.0307331323,-0.0282886721,0.8805845747,-0.4036226540,-0.1663010679,-1.8251484987,-2.4270599053,0.0000000000,3.0000000000,0.9000000000,0.0027000000,0.9769749390,-0.0986620643,0.9645178597,-0.0870209755
4,9,18,false,ret60_top5_riskoff0p3,ret60,ret60,5,0.300000,2022-09-29,2024-11-04,2024-11-05,2025-02-10,0.9949516281,-0.0025323980,-0.1726798302,0.0338023623,-0.0146652798,0.4444444444,4.0000000000,0.5400000000,0.0135000000,1.0261323497,-0.0303866471,1.0307331323,-0.0347146154,0.9011823409,-0.3448580933,-0.1780787642,-1.4387731153,-1.9365481049,0.5000000000,2.0000000000,0.7533333333,0.0022600000,0.9769749390,-0.0775788560,0.9645178597,-0.0656654702
4,10,47,false,ret60_ret120_ret5_top5_riskoff0,ret60_ret120_ret5,ret60;ret120;ret5,5,0.000000,2022-09-29,2024-11-04,2024-11-05,2025-02-10,0.9849219282,-0.0075826586,-0.1031476550,-0.0302005960,-0.0735126613,0.1851851852,2.0000000000,0.3920000000,0.0098000000,1.0261323497,-0.0401609223,1.0307331323,-0.0444452620,0.8657019303,-0.4435414826,-0.1772706920,-2.2214469600,-2.5020576022,0.0000000000,3.0000000000,0.7333333333,0.0022000000,0.9769749390,-0.1138954585,0.9645178597,-0.1024511142
4,11,34,false,ret60_ret120_ret5_top5_riskoff0p3,ret60_ret120_ret5,ret60;ret120;ret5,5,0.300000,2022-09-29,2024-11-04,2024-11-05,2025-02-10,0.9836316809,-0.0082341971,-0.1838970913,-0.0209685596,-0.0447761139,0.4444444444,4.0000000000,0.5384000000,0.0134600000,1.0261323497,-0.0414183111,1.0307331323,-0.0456970383,0.8837070008,-0.3949807385,-0.1772706920,-1.8627929292,-2.2281220547,0.2500000000,3.0000000000,0.7533333333,0.0022600000,0.9769749390,-0.0954660498,0.9645178597,-0.0837836834
4,12,24,false,ret60_ret120_ret5_top5_riskoff0p5,ret60_ret120_ret5,ret60;ret120;ret5,5,0.500000,2022-09-29,2024-11-04,2024-11-05,2025-02-10,0.9799701826,-0.0100854763,-0.2351869601,-0.0145313960,-0.0428828040,0.4814814815,4.0000000000,0.6360000000,0.0159000000,1.0261323497,-0.0449865625,1.0307331323,-0.0492493625,0.8957879296,-0.3606520313,-0.1772706920,-1.6137487704,-2.0344707140,0.2500000000,3.0000000000,0.7666666667,0.0023000000,0.9769749390,-0.0831004012,0.9645178597,-0.0712583281
4,13,32,false,ret60_ret5_top3_riskoff0p3,ret60_ret5,ret60;ret5,3,0.300000,2022-09-29,2024-11-04,2024-11-05,2025-02-10,0.9783339559,-0.0109138798,-0.1897748865,-0.0409508933,-0.0575096104,0.4074074074,4.0000000000,0.6160000000,0.0154000000,1.0261323497,-0.0465811197,1.0307331323,-0.0508368023,0.8875396013,-0.3842445936,-0.1745627622,-1.9139753631,-2.2011830511,0.2500000000,3.0000000000,0.7333333333,0.0022000000,0.9769749390,-0.0915431237,0.9645178597,-0.0798100913
4,14,22,false,ret60_ret5_top3_riskoff0p5,ret60_ret5,ret60;ret5,3,0.500000,2022-09-29,2024-11-04,2024-11-05,2025-02-10,0.9777444183,-0.0112125256,-0.2447949799,-0.0145052666,-0.0458037398,0.4444444444,4.0000000000,0.7786666667,0.0194666667,1.0261323497,-0.0471556437,1.0307331323,-0.0514087618,0.8965191342,-0.3585281853,-0.1745627622,-1.7036941455,-2.0538640699,0.2500000000,3.0000000000,0.7555555556,0.0022666667,0.9769749390,-0.0823519638,0.9645178597,-0.0705002244
4,15,26,false,all_factors_top5_riskoff0,all_factors,ret20;ret60;ret120;amount_strength;vol20;ret5,5,0.000000,2022-09-29,2024-11-04,2024-11-05,2025-02-10,0.9776188840,-0.0112761298,-0.1253307100,-0.0687017227,-0.0899710042,0.1851851852,2.0000000000,0.4080000000,0.0102000000,1.0261323497,-0.0472779810,1.0307331323,-0.0515305530,0.8944456370,-0.3645370301,-0.1676196653,-1.6377244848,-2.1747867670,0.2500000000,2.0000000000,1.0000000000,0.0030000000,0.9769749390,-0.0844743286,0.9645178597,-0.0726500003
4,16,39,false,ret60_top5_riskoff0,ret60,ret60,5,0.000000,2022-09-29,2024-11-04,2024-11-05,2025-02-10,0.9769481686,-0.0116160294,-0.1109682664,-0.0709619495,-0.1046788401,0.1481481481,3.0000000000,0.3600000000,0.0090000000,1.0261323497,-0.0479316154,1.0307331323,-0.0521812698,0.8766215378,-0.4144567119,-0.1780787642,-1.8861073462,-2.3273786395,0.2500000000,2.0000000000,0.7333333333,0.0022000000,0.9769749390,-0.1027185009,0.9645178597,-0.0911298024
4,17,42,false,ret60_ret5_top3_riskoff0,ret60_ret5,ret60;ret5,3,0.000000,2022-09-29,2024-11-04,2024-11-05,2025-02-10,0.9738594433,-0.0131828130,-0.1309671316,-0.0883579189,-0.1006574155,0.1481481481,3.0000000000,0.3720000000,0.0093000000,1.0261323497,-0.0509416806,1.0307331323,-0.0551778993,0.8740244860,-0.4214755373,-0.1745627622,-2.2066603513,-2.4144641841,0.0000000000,3.0000000000,0.7000000000,0.0021000000,0.9769749390,-0.1053767593,0.9645178597,-0.0938223931
4,18,41,false,all_factors_top8_riskoff0,all_factors,ret20;ret60;ret120;amount_strength;vol20;ret5,8,0.000000,2022-09-29,2024-11-04,2024-11-05,2025-02-10,0.9682008023,-0.0160596557,-0.1066256895,-0.1434280395,-0.1506171332,0.1851851852,2.0000000000,0.3800000000,0.0095000000,1.0261323497,-0.0564562139,1.0307331323,-0.0606678179,0.8747574133,-0.4195011794,-0.1702922589,-2.1172869696,-2.4634189610,0.2500000000,2.0000000000,0.9166666667,0.0027500000,0.9769749390,-0.1046265586,0.9645178597,-0.0930625032
4,19,6,false,ret60_ret5_top8_riskoff0,ret60_ret5,ret60;ret5,8,0.000000,2022-09-29,2024-11-04,2024-11-05,2025-02-10,0.9635094246,-0.0184511111,-0.1144953490,-0.1741296185,-0.1611516207,0.1481481481,3.0000000000,0.3600000000,0.0090000000,1.0261323497,-0.0610281170,1.0307331323,-0.0652193139,0.9306839590,-0.2532140218,-0.1388578707,-1.1310545855,-1.8235482117,0.2500000000,2.0000000000,0.7500000000,0.0022500000,0.9769749390,-0.0473819523,0.9645178597,-0.0350785632
4,20,45,false,ret60_ret120_top3_riskoff0p3,ret60_ret120,ret60;ret120,3,0.300000,2022-09-29,2024-11-04,2024-11-05,2025-02-10,0.9615748499,-0.0194389628,-0.1928372284,-0.1060749085,-0.1008050308,0.3703703704,6.0000000000,0.5520000000,0.0138000000,1.0261323497,-0.0629134242,1.0307331323,-0.0670962058,0.8674371170,-0.4389941883,-0.1919062622,-2.0695664071,-2.2875448839,0.2500000000,3.0000000000,0.8666666667,0.0026000000,0.9769749390,-0.1121193775,0.9645178597,-0.1006520945
4,21,23,false,ret60_ret120_ret5_top8_riskoff0,ret60_ret120_ret5,ret60;ret120;ret5,8,0.000000,2022-09-29,2024-11-04,2024-11-05,2025-02-10,0.9604104793,-0.0200340034,-0.1185964776,-0.1953212909,-0.1689257874,0.1481481481,3.0000000000,0.3600000000,0.0090000000,1.0261323497,-0.0640481420,1.0307331323,-0.0682258587,0.8963052005,-0.3591501238,-0.1533168861,-1.7153546724,-2.3425346868,0.0000000000,3.0000000000,0.6666666667,0.0020000000,0.9769749390,-0.0825709395,0.9645178597,-0.0707220282
4,22,50,false,ret60_ret120_top3_riskoff0,ret60_ret120,ret60;ret120,3,0.000000,2022-09-29,2024-11-04,2024-11-05,2025-02-10,0.9594712119,-0.0205142695,-0.1041714422,-0.1500073223,-0.1969279588,0.1481481481,2.0000000000,0.3720000000,0.0093000000,1.0261323497,-0.0649634892,1.0307331323,-0.0691371202,0.8492821492,-0.4852092996,-0.1919062622,-2.4329722785,-2.5283661620,0.0000000000,3.0000000000,0.9000000000,0.0027000000,0.9769749390,-0.1307022163,0.9645178597,-0.1194749370
4,23,37,false,ret60_ret120_top3_riskoff0p5,ret60_ret120,ret60;ret120,3,0.500000,2022-09-29,2024-11-04,2024-11-05,2025-02-10,0.9592619986,-0.0206212763,-0.2521957253,-0.0749858422,-0.0817669543,0.3703703704,6.0000000000,0.6720000000,0.0168000000,1.0261323497,-0.0651673745,1.0307331323,-0.0693400954,0.8795844151,-0.4063710060,-0.1919062622,-1.8127213661,-2.1175494817,0.2500000000,3.0000000000,0.8444444444,0.0025333333,0.9769749390,-0.0996857954,0.9645178597,-0.0880579284
4,24,52,false,ret60_ret120_top5_riskoff0,ret60_ret120,ret60;ret120,5,0.000000,2022-09-29,2024-11-04,2024-11-05,2025-02-10,0.9590365528,-0.0207365987,-0.0936453824,-0.1656164569,-0.2214374929,0.1111111111,5.0000000000,0.3920000000,0.0098000000,1.0261323497,-0.0653870789,1.0307331323,-0.0695588191,0.8480113905,-0.4883328953,-0.1962320984,-2.4080274881,-2.4885474870,0.0000000000,3.0000000000,0.8666666667,0.0026000000,0.9769749390,-0.1320029239,0.9645178597,-0.1207924437
4,25,33,false,ret60_ret120_top8_riskoff0,ret60_ret120,ret60;ret120,8,0.000000,2022-09-29,2024-11-04,2024-11-05,2025-02-10,0.9588364490,-0.0208389692,-0.1131749454,-0.1942802531,-0.1841305877,0.1481481481,3.0000000000,0.3500000000,0.0087500000,1.0261323497,-0.0655820867,1.0307331323,-0.0697529565,0.8862173931,-0.3879645489,-0.1649313544,-1.8398133523,-2.3522789245,0.2500000000,2.0000000000,0.7500000000,0.0022500000,0.9769749390,-0.0928964933,0.9645178597,-0.0811809401
4,26,2,false,ret60_ret5_top8_riskoff0p3,ret60_ret5,ret60;ret5,8,0.300000,2022-09-29,2024-11-04,2024-11-05,2025-02-10,0.9564001422,-0.0220862083,-0.1860600932,-0.1748950282,-0.1187047039,0.3333333333,7.0000000000,0.5310000000,0.0132750000,1.0261323497,-0.0679563484,1.0307331323,-0.0721166204,0.9561543071,-0.1665958019,-0.1388578707,-0.6496530134,-1.1997577169,0.5000000000,2.0000000000,0.7500000000,0.0022500000,0.9769749390,-0.0213113265,0.9645178597,-0.0086712263
4,27,17,false,ret60_top3_riskoff0p5,ret60,ret60,3,0.500000,2022-09-29,2024-11-04,2024-11-05,2025-02-10,0.9548329239,-0.0228893657,-0.2318690090,-0.0926113429,-0.0987167961,0.3703703704,6.0000000000,0.6986666667,0.0174666667,1.0261323497,-0.0694836547,1.0307331323,-0.0736371094,0.9072619695,-0.3267073027,-0.1759147271,-1.3537045612,-1.8571913114,0.2500000000,3.0000000000,0.8444444444,0.0025333333,0.9769749390,-0.0713559445,0.9645178597,-0.0593621877
4,28,25,false,ret60_top3_riskoff0p3,ret60,ret60,3,0.300000,2022-09-29,2024-11-04,2024-11-05,2025-02-10,0.9529600226,-0.0238500407,-0.1746238438,-0.1454076915,-0.1365795197,0.3703703704,6.0000000000,0.5680000000,0.0142000000,1.0261323497,-0.0713088591,1.0307331323,-0.0754541668,0.8947324369,-0.3637084441,-0.1759147271,-1.6025773928,-2.0675269782,0.2500000000,3.0000000000,0.8666666667,0.0026000000,0.9769749390,-0.0841807695,0.9645178597,-0.0723526497
4,29,1,false,ret60_ret5_top8_riskoff0p5,ret60_ret5,ret60;ret5,8,0.500000,2022-09-29,2024-11-04,2024-11-05,2025-02-10,0.9490359764,-0.0258658777,-0.2321912115,-0.1586158540,-0.1113990384,0.3333333333,7.0000000000,0.6450000000,0.0161250000,1.0261323497,-0.0751329722,1.0307331323,-0.0792612106,0.9733433599,-0.1040015585,-0.1388578707,-0.3318700214,-0.7489784912,0.5000000000,2.0000000000,0.7500000000,0.0022500000,0.9769749390,-0.0037171671,0.9645178597,0.0091501677
4,30,8,false,ret60_ret120_ret5_top8_riskoff0p3,ret60_ret120_ret5,ret60;ret120;ret5,8,0.300000,2022-09-29,2024-11-04,2024-11-05,2025-02-10,0.9464595191,-0.0271917022,-0.1768867171,-0.2298650365,-0.1537238221,0.3703703704,4.0000000000,0.4950000000,0.0123750000,1.0261323497,-0.0776438153,1.0307331323,-0.0817608463,0.9227995061,-0.2785964501,-0.1533168861,-1.2061909486,-1.8171282835,0.2500000000,3.0000000000,0.6416666667,0.0019250000,0.9769749390,-0.0554522238,0.9645178597,-0.0432530650
4,31,40,false,ret60_top3_riskoff0,ret60,ret60,3,0.000000,2022-09-29,2024-11-04,2024-11-05,2025-02-10,0.9447415379,-0.0280767628,-0.0976295441,-0.2267978658,-0.2875846967,0.1111111111,5.0000000000,0.3720000000,0.0093000000,1.0261323497,-0.0793180449,1.0307331323,-0.0834276028,0.8760061935,-0.4161255215,-0.1759147271,-1.9609012310,-2.3654956494,0.0000000000,3.0000000000,0.9000000000,0.0027000000,0.9769749390,-0.1033483476,0.9645178597,-0.0917677837
4,32,43,false,ret60_ret120_top5_riskoff0p3,ret60_ret120,ret60;ret120,5,0.300000,2022-09-29,2024-11-04,2024-11-05,2025-02-10,0.9420019847,-0.0294897747,-0.1736799559,-0.2158205900,-0.1697937712,0.4074074074,4.0000000000,0.5528000000,0.0138200000,1.0261323497,-0.0819878304,1.0307331323,-0.0860854714,0.8717706069,-0.4275153188,-0.1962320984,-1.9493387311,-2.1786207373,0.2500000000,3.0000000000,0.8866666667,0.0026600000,0.9769749390,-0.1076837572,0.9645178597,-0.0961591866
4,33,16,false,ret60_ret120_top8_riskoff0p3,ret60_ret120,ret60;ret120,8,0.300000,2022-09-29,2024-11-04,2024-11-05,2025-02-10,0.9409002933,-0.0300585852,-0.1825583031,-0.2511799011,-0.1646519750,0.3703703704,4.0000000000,0.4880000000,0.0122000000,1.0261323497,-0.0830614651,1.0307331323,-0.0871543139,0.9074686747,-0.3260835923,-0.1649313544,-1.4351772551,-1.9770867312,0.5000000000,2.0000000000,0.7750000000,0.0023250000,0.9769749390,-0.0711443678,0.9645178597,-0.0591478784
4,34,28,false,all_factors_top3_riskoff0p3,all_factors,ret20;ret60;ret120;amount_strength;vol20;ret5,3,0.300000,2022-09-29,2024-11-04,2024-11-05,2025-02-10,0.9376100636,-0.0317593336,-0.2242217159,-0.2087943031,-0.1416425412,0.3703703704,9.0000000000,0.6400000000,0.0160000000,1.0261323497,-0.0862679031,1.0307331323,-0.0903464396,0.8910062600,-0.3744103982,-0.1662176229,-1.6300840006,-2.2525313004,0.2500000000,3.0000000000,0.8666666667,0.0026000000,0.9769749390,-0.0879947638,0.9645178597,-0.0762159031
4,35,29,false,all_factors_top8_riskoff0p3,all_factors,ret20;ret60;ret120;amount_strength;vol20;ret5,8,0.300000,2022-09-29,2024-11-04,2024-11-05,2025-02-10,0.9360436497,-0.0325700730,-0.1992142600,-0.2855180696,-0.1634926789,0.4074074074,7.0000000000,0.5570000000,0.0139250000,1.0261323497,-0.0877944254,1.0307331323,-0.0918661481,0.8904918735,-0.3758770363,-0.1703545492,-1.8003148100,-2.2064396751,0.5000000000,2.0000000000,0.9416666667,0.0028250000,0.9769749390,-0.0885212732,0.9645178597,-0.0767492126
4,36,4,false,ret60_ret120_ret5_top8_riskoff0p5,ret60_ret120_ret5,ret60;ret120;ret5,8,0.500000,2022-09-29,2024-11-04,2024-11-05,2025-02-10,0.9346706363,-0.0332812698,-0.2257257625,-0.2242700526,-0.1474411668,0.3703703704,4.0000000000,0.5850000000,0.0146250000,1.0261323497,-0.0891324724,1.0307331323,-0.0931982227,0.9407265966,-0.2199154910,-0.1533168861,-0.8647063274,-1.4343853218,0.2500000000,3.0000000000,0.6250000000,0.0018750000,0.9769749390,-0.0371026328,0.9645178597,-0.0246664828
4,37,30,false,ret60_top8_riskoff0,ret60,ret60,8,0.000000,2022-09-29,2024-11-04,2024-11-05,2025-02-10,0.9282257096,-0.0366266169,-0.1352086080,-0.3749101774,-0.2708896826,0.1111111111,3.0000000000,0.3800000000,0.0095000000,1.0261323497,-0.0954132673,1.0307331323,-0.0994509825,0.8900204563,-0.3772188807,-0.1671676933,-1.8313658344,-2.2565297949,0.2500000000,2.0000000000,0.6666666667,0.0020000000,0.9769749390,-0.0890038006,0.9645178597,-0.0772379720
4,38,31,false,ret60_ret120_top5_riskoff0p5,ret60_ret120,ret60;ret120,5,0.500000,2022-09-29,2024-11-04,2024-11-05,2025-02-10,0.9280852984,-0.0366996285,-0.2314832486,-0.2224830382,-0.1585411847,0.4074074074,4.0000000000,0.6600000000,0.0165000000,1.0261323497,-0.0955501026,1.0307331323,-0.0995872071,0.8877898652,-0.3835385767,-0.1962320984,-1.6322853497,-1.9545149844,0.2500000000,3.0000000000,0.9000000000,0.0027000000,0.9769749390,-0.0912869617,0.9645178597,-0.0795506209
4,39,9,false,ret60_ret120_top8_riskoff0p5,ret60_ret120,ret60;ret120,8,0.500000,2022-09-29,2024-11-04,2024-11-05,2025-02-10,0.9266315588,-0.0374558740,-0.2298412468,-0.2561264625,-0.1629641091,0.4074074074,4.0000000000,0.5800000000,0.0145000000,1.0261323497,-0.0969668200,1.0307331323,-0.1009976009,0.9217793038,-0.2818326124,-0.1649313544,-1.1598108332,-1.7087873528,0.5000000000,2.0000000000,0.7916666667,0.0023750000,0.9769749390,-0.0564964699,0.9645178597,-0.0443107979
4,40,15,false,all_factors_top5_riskoff0p3,all_factors,ret20;ret60;ret120;amount_strength;vol20;ret5,5,0.300000,2022-09-29,2024-11-04,2024-11-05,2025-02-10,0.9187880462,-0.0415463782,-0.2317559043,-0.3358562799,-0.1792678306,0.4074074074,7.0000000000,0.6504000000,0.0162600000,1.0261323497,-0.1046105832,1.0307331323,-0.1086072453,0.9095601536,-0.3197482490,-0.1676696581,-1.3586708005,-1.9070131859,0.5000000000,2.0000000000,1.0200000000,0.0030600000,0.9769749390,-0.0690035974,0.9645178597,-0.0569794593
4,41,14,false,ret60_top8_riskoff0p3,ret60,ret60,8,0.300000,2022-09-29,2024-11-04,2024-11-05,2025-02-10,0.9151089688,-0.0434710727,-0.2081430244,-0.3818564120,-0.2088519314,0.3333333333,4.0000000000,0.5450000000,0.0136250000,1.0261323497,-0.1081959661,1.0307331323,-0.1121766245,0.9113629344,-0.3142514638,-0.1671676933,-1.4143460516,-1.8798576302,0.5000000000,2.0000000000,0.6916666667,0.0020750000,0.9769749390,-0.0671583292,0.9645178597,-0.0551103588
4,42,19,false,all_factors_top8_riskoff0p5,all_factors,ret20;ret60;ret120;amount_strength;vol20;ret5,8,0.500000,2022-09-29,2024-11-04,2024-11-05,2025-02-10,0.9129223508,-0.0446168228,-0.2582761696,-0.3299617190,-0.1727485073,0.4074074074,7.0000000000,0.6750000000,0.0168750000,1.0261323497,-0.1103268978,1.0307331323,-0.1142980446,0.9010392810,-0.3452807074,-0.1703960762,-1.5808392726,-2.0263418922,0.5000000000,2.0000000000,0.9583333333,0.0028750000,0.9769749390,-0.0777252875,0.9645178597,-0.0658137930
4,43,7,false,ret60_top8_riskoff0p5,ret60,ret60,8,0.500000,2022-09-29,2024-11-04,2024-11-05,2025-02-10,0.9038510885,-0.0493846967,-0.2602699234,-0.3495277688,-0.1897441552,0.3703703704,4.0000000000,0.6550000000,0.0163750000,1.0261323497,-0.1191671438,1.0307331323,-0.1230988312,0.9257349754,-0.2692235578,-0.1671676933,-1.1308010920,-1.6104999265,0.5000000000,2.0000000000,0.7083333333,0.0021250000,0.9769749390,-0.0524475722,0.9645178597,-0.0402096073
4,44,53,false,price_momentum_top5_riskoff0,price_momentum,ret20;ret60;ret120,5,0.000000,2022-09-29,2024-11-04,2024-11-05,2025-02-10,0.9026476064,-0.0500190401,-0.1809579415,-0.4118344482,-0.2764125173,0.1111111111,4.0000000000,0.4400000000,0.0110000000,1.0261323497,-0.1203399769,1.0307331323,-0.1242664293,0.8438360824,-0.4984955107,-0.2005975379,-2.4214404915,-2.4850529871,0.0000000000,3.0000000000,1.0000000000,0.0030000000,0.9769749390,-0.1362766344,0.9645178597,-0.1251213506
4,45,38,false,price_momentum_top8_riskoff0,price_momentum,ret20;ret60;ret120,8,0.000000,2022-09-29,2024-11-04,2024-11-05,2025-02-10,0.8999810263,-0.0514260733,-0.1794261893,-0.4910833751,-0.2866140861,0.1111111111,4.0000000000,0.4200000000,0.0105000000,1.0261323497,-0.1229386477,1.0307331323,-0.1268535006,0.8787838903,-0.4085638896,-0.1701194466,-1.9189591848,-2.4016295480,0.2500000000,2.0000000000,0.8333333333,0.0025000000,0.9769749390,-0.1005051868,0.9645178597,-0.0888879025
4,46,49,false,price_momentum_top5_riskoff0p3,price_momentum,ret20;ret60;ret120,5,0.300000,2022-09-29,2024-11-04,2024-11-05,2025-02-10,0.8945873799,-0.0542784292,-0.2606599064,-0.3939079295,-0.2082346683,0.3333333333,6.0000000000,0.6824000000,0.0170600000,1.0261323497,-0.1281949349,1.0307331323,-0.1320863258,0.8576411465,-0.4643025600,-0.2006455500,-2.1587726360,-2.3140436453,0.2500000000,3.0000000000,1.0200000000,0.0030600000,0.9769749390,-0.1221462166,0.9645178597,-0.1108084336
4,47,21,false,all_factors_top3_riskoff0p5,all_factors,ret20;ret60;ret120;amount_strength;vol20;ret5,3,0.500000,2022-09-29,2024-11-04,2024-11-05,2025-02-10,0.8941867166,-0.0544906565,-0.2946376619,-0.3263761854,-0.1849412466,0.3703703704,9.0000000000,0.8186666667,0.0204666667,1.0261323497,-0.1285853947,1.0307331323,-0.1324750427,0.8979174861,-0.3544517445,-0.1661619929,-1.4917960237,-2.1331697961,0.2500000000,3.0000000000,0.8444444444,0.0025333333,0.9769749390,-0.0809206560,0.9645178597,-0.0690504307
4,48,54,false,price_momentum_top3_riskoff0,price_momentum,ret20;ret60;ret120,3,0.000000,2022-09-29,2024-11-04,2024-11-05,2025-02-10,0.8894910418,-0.0569814534,-0.1915186380,-0.4468535418,-0.2975243245,0.1111111111,4.0000000000,0.4200000000,0.0105000000,1.0261323497,-0.1331614854,1.0307331323,-0.1370307077,0.8342519250,-0.5212472619,-0.2044160222,-2.6878587036,-2.5499334953,0.0000000000,3.0000000000,1.1000000000,0.0033000000,0.9769749390,-0.1460866685,0.9645178597,-0.1350580847
4,49,20,false,price_momentum_top8_riskoff0p3,price_momentum,ret20;ret60;ret120,8,0.300000,2022-09-29,2024-11-04,2024-11-05,2025-02-10,0.8893826910,-0.0570390049,-0.2497850291,-0.4787158786,-0.2283523760,0.2962962963,7.0000000000,0.6420000000,0.0160500000,1.0261323497,-0.1332670769,1.0307331323,-0.1371358278,0.9003143729,-0.3474190032,-0.1701817499,-1.5156187913,-2.0414586371,0.5000000000,2.0000000000,0.8583333333,0.0025750000,0.9769749390,-0.0784672800,0.9645178597,-0.0665653686
4,50,46,false,price_momentum_top5_riskoff0p5,price_momentum,ret20;ret60;ret120,5,0.500000,2022-09-29,2024-11-04,2024-11-05,2025-02-10,0.8863739177,-0.0586385412,-0.3108177158,-0.3532970353,-0.1886589414,0.3333333333,6.0000000000,0.8440000000,0.0211000000,1.0261323497,-0.1361992262,1.0307331323,-0.1400548892,0.8668777293,-0.4404631888,-0.2006775581,-1.9746544822,-2.1948801492,0.2500000000,3.0000000000,1.0333333333,0.0031000000,0.9769749390,-0.1126919487,0.9645178597,-0.1012320606
4,51,13,false,price_momentum_top8_riskoff0p5,price_momentum,ret20;ret60;ret120,8,0.500000,2022-09-29,2024-11-04,2024-11-05,2025-02-10,0.8799115512,-0.0620832759,-0.2995848753,-0.4323993709,-0.2072310085,0.2962962963,7.0000000000,0.7900000000,0.0197500000,1.0261323497,-0.1424970167,1.0307331323,-0.1463245688,0.9148198517,-0.3036175103,-0.1702232855,-1.2406907098,-1.7836426401,0.5000000000,2.0000000000,0.8750000000,0.0026250000,0.9769749390,-0.0636199403,0.9645178597,-0.0515262704
4,52,10,false,all_factors_top5_riskoff0p5,all_factors,ret20;ret60;ret120;amount_strength;vol20;ret5,5,0.500000,2022-09-29,2024-11-04,2024-11-05,2025-02-10,0.8791636438,-0.0624827584,-0.2967650480,-0.4435659445,-0.2105462176,0.4074074074,7.0000000000,0.8120000000,0.0203000000,1.0261323497,-0.1432258772,1.0307331323,-0.1470501760,0.9196635375,-0.2885090931,-0.1677029867,-1.1666998732,-1.7203575130,0.5000000000,2.0000000000,1.0333333333,0.0031000000,0.9769749390,-0.0586621000,0.9645178597,-0.0465043978
4,53,51,false,price_momentum_top3_riskoff0p3,price_momentum,ret20;ret60;ret120,3,0.300000,2022-09-29,2024-11-04,2024-11-05,2025-02-10,0.8479535130,-0.0793070426,-0.2953801308,-0.5657722097,-0.2684914602,0.3333333333,9.0000000000,0.6880000000,0.0172000000,1.0261323497,-0.1736411846,1.0307331323,-0.1773297216,0.8490935990,-0.4856736723,-0.2044956522,-2.3859959034,-2.3749828760,0.2500000000,3.0000000000,1.1333333333,0.0034000000,0.9769749390,-0.1308952102,0.9645178597,-0.1196704235
4,54,48,false,price_momentum_top3_riskoff0p5,price_momentum,ret20;ret60;ret120,3,0.500000,2022-09-29,2024-11-04,2024-11-05,2025-02-10,0.8180504527,-0.0957191269,-0.3590972200,-0.5780196973,-0.2665549094,0.3333333333,9.0000000000,0.8666666667,0.0216666667,1.0261323497,-0.2027827084,1.0307331323,-0.2063411691,0.8590114010,-0.4608152778,-0.2045487390,-2.1706774570,-2.2528385173,0.2500000000,3.0000000000,1.1555555556,0.0034666667,0.9769749390,-0.1207436684,0.9645178597,-0.1093877710
5,1,46,true,ret60_ret5_top5_riskoff0p5,ret60_ret5,ret60;ret5,5,0.500000,2023-01-04,2025-02-10,2025-02-11,2025-05-14,0.9751395238,-0.0125331803,-0.2278329391,-0.0037458641,-0.0550103962,0.4230769231,4.0000000000,0.7760000000,0.0194000000,0.9803488796,-0.0053137775,1.0020832531,-0.0268877154,0.9510711975,-0.1844576707,-0.1043603044,-1.3286549454,-1.7675079787,0.2500000000,3.0000000000,0.6666666667,0.0020000000,1.0158263412,-0.0637462735,1.0154694397,-0.0634172135
5,2,34,false,ret60_ret5_top5_riskoff0p3,ret60_ret5,ret60;ret5,5,0.300000,2023-01-04,2025-02-10,2025-02-11,2025-05-14,0.9742552958,-0.0129818748,-0.1738844970,-0.0226780851,-0.0746580349,0.4230769231,4.0000000000,0.6640000000,0.0166000000,0.9803488796,-0.0062157298,1.0020832531,-0.0277701051,0.9709799738,-0.1128114105,-0.0635453314,-1.3287801377,-1.7752902998,0.2500000000,3.0000000000,0.4000000000,0.0012000000,1.0158263412,-0.0441476713,1.0154694397,-0.0438117230
5,3,14,false,ret60_ret5_top5_riskoff0,ret60_ret5,ret60;ret5,5,0.000000,2023-01-04,2025-02-10,2025-02-11,2025-05-14,0.9690321118,-0.0156364947,-0.1503545535,-0.0538837224,-0.1039974801,0.2307692308,2.0000000000,0.4960000000,0.0124000000,0.9803488796,-0.0115436127,1.0020832531,-0.0329824305,1.0000000000,0.0000000000,0.0000000000,0.0000000000,0.0000000000,0.0000000000,0.0000000000,0.0000000000,0.0000000000,1.0158263412,-0.0155797705,1.0154694397,-0.0152337816
5,4,49,false,ret60_top5_riskoff0p5,ret60,ret60,5,0.500000,2023-01-04,2025-02-10,2025-02-11,2025-05-14,0.9291723840,-0.0361345051,-0.2281190498,-0.1396996006,-0.1584019621,0.4615384615,4.0000000000,0.7040000000,0.0176000000,0.9803488796,-0.0522023298,1.0020832531,-0.0727592930,0.9455024898,-0.2036929562,-0.1087386768,-1.4002607012,-1.8732337221,0.2500000000,3.0000000000,0.6666666667,0.0020000000,1.0158263412,-0.0692282220,1.0154694397,-0.0689010887
5,5,54,false,ret60_ret120_ret5_top3_riskoff0p5,ret60_ret120_ret5,ret60;ret120;ret5,3,0.500000,2023-01-04,2025-02-10,2025-02-11,2025-05-14,0.9282350895,-0.0366217397,-0.2263353931,-0.1406637064,-0.1618029738,0.5000000000,6.0000000000,0.7200000000,0.0180000000,0.9803488796,-0.0531584124,1.0020832531,-0.0736946389,0.9267114842,-0.2660853278,-0.1092172654,-1.9030210657,-2.4362936289,0.2500000000,3.0000000000,0.7777777778,0.0023333333,1.0158263412,-0.0877264680,1.0154694397,-0.0874058362
5,6,19,false,ret60_ret5_top8_riskoff0p3,ret60_ret5,ret60;ret5,8,0.300000,2023-01-04,2025-02-10,2025-02-11,2025-05-14,0.9266064628,-0.0374689344,-0.1860600932,-0.2278607566,-0.2013808212,0.3461538462,7.0000000000,0.5910000000,0.0147750000,0.9803488796,-0.0548196850,1.0020832531,-0.0753198799,0.9886074789,-0.0455030890,-0.0501597911,-0.5682784565,-0.9071626497,0.5000000000,2.0000000000,0.2750000000,0.0008250000,1.0158263412,-0.0267947987,1.0154694397,-0.0264527515
5,7,27,false,ret60_ret5_top8_riskoff0p5,ret60_ret5,ret60;ret5,8,0.500000,2023-01-04,2025-02-10,2025-02-11,2025-05-14,0.9260796467,-0.0377431376,-0.2321912115,-0.1911109458,-0.1625519648,0.3461538462,7.0000000000,0.6850000000,0.0171250000,0.9803488796,-0.0553570611,1.0020832531,-0.0758456008,0.9802687556,-0.0778060578,-0.0827247958,-0.5682159961,-0.9405409471,0.5000000000,2.0000000000,0.4583333333,0.0013750000,1.0158263412,-0.0350036066,1.0154694397,-0.0346644446
5,8,15,false,ret60_ret5_top8_riskoff0,ret60_ret5,ret60;ret5,8,0.000000,2023-01-04,2025-02-10,2025-02-11,2025-05-14,0.9237221420,-0.0389711533,-0.1388578707,-0.2686808206,-0.2806549826,0.1923076923,3.0000000000,0.4500000000,0.0112500000,0.9803488796,-0.0577618220,1.0020832531,-0.0781982044,1.0000000000,0.0000000000,0.0000000000,0.0000000000,0.0000000000,0.0000000000,0.0000000000,0.0000000000,0.0000000000,1.0158263412,-0.0155797705,1.0154694397,-0.0152337816
5,9,44,false,ret60_ret120_ret5_top3_riskoff0p3,ret60_ret120_ret5,ret60;ret120;ret5,3,0.300000,2023-01-04,2025-02-10,2025-02-11,2025-05-14,0.9228891602,-0.0394054244,-0.1757950035,-0.1960702490,-0.2241555424,0.5000000000,6.0000000000,0.6240000000,0.0156000000,0.9803488796,-0.0586115011,1.0020832531,-0.0790294545,0.9560796462,-0.1668602728,-0.0664733772,-1.9031523264,-2.5101819659,0.2500000000,3.0000000000,0.4666666667,0.0014000000,1.0158263412,-0.0588158552,1.0154694397,-0.0584850624
5,10,1,false,all_factors_top3_riskoff0,all_factors,ret20;ret60;ret120;amount_strength;vol20;ret5,3,0.000000,2023-01-04,2025-02-10,2025-02-11,2025-05-14,0.9210124391,-0.0403845612,-0.1663010679,-0.2119806061,-0.2428400593,0.2307692308,2.0000000000,0.4800000000,0.0120000000,0.9803488796,-0.0605258410,1.0020832531,-0.0809022740,1.0000000000,0.0000000000,0.0000000000,0.0000000000,0.0000000000,0.0000000000,0.0000000000,0.0000000000,0.0000000000,1.0158263412,-0.0155797705,1.0154694397,-0.0152337816
5,11,39,false,ret60_top5_riskoff0p3,ret60,ret60,5,0.300000,2023-01-04,2025-02-10,2025-02-11,2025-05-14,0.9147754040,-0.0436457665,-0.1780787642,-0.2263884169,-0.2450924831,0.4230769231,4.0000000000,0.6016000000,0.0150400000,0.9803488796,-0.0668878977,1.0020832531,-0.0871263429,0.9676398451,-0.1251506389,-0.0661958486,-1.4003880898,-1.8906115944,0.2500000000,3.0000000000,0.4000000000,0.0012000000,1.0158263412,-0.0474357616,1.0154694397,-0.0471009690
5,12,7,false,ret60_ret120_ret5_top3_riskoff0,ret60_ret120_ret5,ret60;ret120;ret5,3,0.000000,2023-01-04,2025-02-10,2025-02-11,2025-05-14,0.9101205315,-0.0460869312,-0.1757950035,-0.2741803007,-0.2621629187,0.2307692308,3.0000000000,0.4800000000,0.0120000000,0.9803488796,-0.0716360772,1.0020832531,-0.0917715382,1.0000000000,0.0000000000,0.0000000000,0.0000000000,0.0000000000,0.0000000000,0.0000000000,0.0000000000,0.0000000000,1.0158263412,-0.0155797705,1.0154694397,-0.0152337816
5,13,29,false,ret60_ret120_ret5_top8_riskoff0p5,ret60_ret120_ret5,ret60;ret120;ret5,8,0.500000,2023-01-04,2025-02-10,2025-02-11,2025-05-14,0.9086316467,-0.0468690648,-0.2257257625,-0.2494379018,-0.2076371977,0.3846153846,4.0000000000,0.6200000000,0.0155000000,0.9803488796,-0.0731548068,1.0020832531,-0.0932573277,0.9761128757,-0.0935940467,-0.0840308497,-0.6361893858,-1.1138057871,0.2500000000,3.0000000000,0.4166666667,0.0012500000,1.0158263412,-0.0390947388,1.0154694397,-0.0387570147
5,14,48,false,ret60_ret120_ret5_top5_riskoff0p5,ret60_ret120_ret5,ret60;ret120;ret5,5,0.500000,2023-01-04,2025-02-10,2025-02-11,2025-05-14,0.9060449956,-0.0482293936,-0.2351869601,-0.2337373860,-0.2050683150,0.4615384615,4.0000000000,0.6880000000,0.0172000000,0.9803488796,-0.0757933073,1.0020832531,-0.0958386014,0.9478194751,-0.1957317218,-0.1043603044,-1.3272743158,-1.8755380496,0.2500000000,3.0000000000,0.6666666667,0.0020000000,1.0158263412,-0.0669473348,1.0154694397,-0.0666193998
5,15,21,false,ret60_ret120_ret5_top8_riskoff0p3,ret60_ret120_ret5,ret60;ret120;ret5,8,0.300000,2023-01-04,2025-02-10,2025-02-11,2025-05-14,0.9041173226,-0.0492444243,-0.1768867171,-0.3130532611,-0.2783952640,0.3846153846,4.0000000000,0.5480000000,0.0137000000,0.9803488796,-0.0777596206,1.0020832531,-0.0977622669,0.9861777633,-0.0550021161,-0.0508645198,-0.6362489640,-1.0813454312,0.2500000000,3.0000000000,0.2500000000,0.0007500000,1.0158263412,-0.0291866599,1.0154694397,-0.0288454534
5,16,2,false,all_factors_top5_riskoff0,all_factors,ret20;ret60;ret120;amount_strength;vol20;ret5,5,0.000000,2023-01-04,2025-02-10,2025-02-11,2025-05-14,0.9039887390,-0.0493121694,-0.1676196653,-0.3080203844,-0.2941908354,0.2307692308,2.0000000000,0.5280000000,0.0132000000,0.9803488796,-0.0778907817,1.0020832531,-0.0978905832,1.0000000000,0.0000000000,0.0000000000,0.0000000000,0.0000000000,0.0000000000,0.0000000000,0.0000000000,0.0000000000,1.0158263412,-0.0155797705,1.0154694397,-0.0152337816
5,17,38,false,ret60_ret120_ret5_top5_riskoff0p3,ret60_ret120_ret5,ret60;ret120;ret5,5,0.300000,2023-01-04,2025-02-10,2025-02-11,2025-05-14,0.9027045558,-0.0499890132,-0.1838970913,-0.2838692585,-0.2718314511,0.4230769231,4.0000000000,0.6048000000,0.0151200000,0.9803488796,-0.0792007064,1.0020832531,-0.0991720967,0.9690688632,-0.1198874524,-0.0635453314,-1.3274215716,-1.8866445364,0.2500000000,3.0000000000,0.4000000000,0.0012000000,1.0158263412,-0.0460290072,1.0154694397,-0.0456937202
5,18,51,false,ret60_top3_riskoff0p5,ret60,ret60,3,0.500000,2023-01-04,2025-02-10,2025-02-11,2025-05-14,0.8972520955,-0.0528681615,-0.2318690090,-0.2363816401,-0.2280087440,0.3846153846,6.0000000000,0.7333333333,0.0183333333,0.9803488796,-0.0847624614,1.0020832531,-0.1046132217,0.9385442497,-0.2272448643,-0.1144359078,-1.4659941832,-1.9857828606,0.2500000000,3.0000000000,1.0000000000,0.0030000000,1.0158263412,-0.0760780543,1.0154694397,-0.0757533284
5,19,8,false,ret60_ret120_ret5_top5_riskoff0,ret60_ret120_ret5,ret60;ret120;ret5,5,0.000000,2023-01-04,2025-02-10,2025-02-11,2025-05-14,0.8941911604,-0.0544883024,-0.1772706920,-0.3453831106,-0.3073734398,0.2307692308,2.0000000000,0.4800000000,0.0120000000,0.9803488796,-0.0878847531,1.0020832531,-0.1076677934,1.0000000000,0.0000000000,0.0000000000,0.0000000000,0.0000000000,0.0000000000,0.0000000000,0.0000000000,0.0000000000,1.0158263412,-0.0155797705,1.0154694397,-0.0152337816
5,20,26,false,all_factors_top3_riskoff0p3,all_factors,ret20;ret60;ret120;amount_strength;vol20;ret5,3,0.300000,2023-01-04,2025-02-10,2025-02-11,2025-05-14,0.8940589623,-0.0545583366,-0.2242217159,-0.2868137092,-0.2433231606,0.3846153846,9.0000000000,0.6880000000,0.0172000000,0.9803488796,-0.0880196011,1.0020832531,-0.1077997167,0.9819857046,-0.0712232869,-0.0545607796,-0.7856530371,-1.3053934968,0.5000000000,1.0000000000,0.5333333333,0.0016000000,1.0158263412,-0.0333134073,1.0154694397,-0.0329736512
5,21,9,false,ret60_ret120_ret5_top8_riskoff0,ret60_ret120_ret5,ret60;ret120;ret5,8,0.000000,2023-01-04,2025-02-10,2025-02-11,2025-05-14,0.8937962260,-0.0546975410,-0.1533168861,-0.3932605691,-0.3567613613,0.1923076923,3.0000000000,0.4400000000,0.0110000000,0.9803488796,-0.0882876039,1.0020832531,-0.1080619067,1.0000000000,0.0000000000,0.0000000000,0.0000000000,0.0000000000,0.0000000000,0.0000000000,0.0000000000,0.0000000000,1.0158263412,-0.0155797705,1.0154694397,-0.0152337816
5,22,17,false,ret60_top5_riskoff0,ret60,ret60,5,0.000000,2023-01-04,2025-02-10,2025-02-11,2025-05-14,0.8891666613,-0.0571537614,-0.1780787642,-0.3576478750,-0.3209465299,0.1923076923,3.0000000000,0.4480000000,0.0112000000,0.9803488796,-0.0930099683,1.0020832531,-0.1126818470,1.0000000000,0.0000000000,0.0000000000,0.0000000000,0.0000000000,0.0000000000,0.0000000000,0.0000000000,0.0000000000,1.0158263412,-0.0155797705,1.0154694397,-0.0152337816
5,23,22,false,ret60_ret120_top8_riskoff0p3,ret60_ret120,ret60;ret120,8,0.300000,2023-01-04,2025-02-10,2025-02-11,2025-05-14,0.8865712450,-0.0585335544,-0.1825583031,-0.3726639503,-0.3206293735,0.3846153846,4.0000000000,0.5540000000,0.0138500000,0.9803488796,-0.0956574098,1.0020832531,-0.1152718676,0.9855176070,-0.0575706528,-0.0538383118,-0.6447790528,-1.0693249997,0.2500000000,3.0000000000,0.2250000000,0.0006750000,1.0158263412,-0.0298365311,1.0154694397,-0.0294955530
5,24,13,false,ret60_ret5_top3_riskoff0,ret60_ret5,ret60;ret5,3,0.000000,2023-01-04,2025-02-10,2025-02-11,2025-05-14,0.8865309971,-0.0585549671,-0.1745627622,-0.3942285664,-0.3354379039,0.1923076923,3.0000000000,0.4560000000,0.0114000000,0.9803488796,-0.0956984645,1.0020832531,-0.1153120318,1.0000000000,0.0000000000,0.0000000000,0.0000000000,0.0000000000,0.0000000000,0.0000000000,0.0000000000,0.0000000000,1.0158263412,-0.0155797705,1.0154694397,-0.0152337816
5,25,30,false,ret60_ret120_top8_riskoff0p5,ret60_ret120,ret60;ret120,8,0.500000,2023-01-04,2025-02-10,2025-02-11,2025-05-14,0.8860789502,-0.0587954988,-0.2298412468,-0.3256879671,-0.2558091711,0.3846153846,4.0000000000,0.6300000000,0.0157500000,0.9803488796,-0.0961595727,1.0020832531,-0.1157631390,0.9749595137,-0.0979392573,-0.0888526366,-0.6447158439,-1.1022661906,0.2500000000,3.0000000000,0.3750000000,0.0011250000,1.0158263412,-0.0402301317,1.0154694397,-0.0398928066
5,26,41,false,ret60_top3_riskoff0p3,ret60,ret60,3,0.300000,2023-01-04,2025-02-10,2025-02-11,2025-05-14,0.8845767743,-0.0595952387,-0.1759147271,-0.3308672178,-0.3387734481,0.3846153846,6.0000000000,0.6320000000,0.0158000000,0.9803488796,-0.0976918598,1.0020832531,-0.1172621920,0.9634700082,-0.1403728898,-0.0697291485,-1.4661525714,-2.0131163620,0.2500000000,3.0000000000,0.6000000000,0.0018000000,1.0158263412,-0.0515406334,1.0154694397,-0.0512072835
5,27,12,false,ret60_ret120_top8_riskoff0,ret60_ret120,ret60;ret120,8,0.000000,2023-01-04,2025-02-10,2025-02-11,2025-05-14,0.8839155112,-0.0599475018,-0.1649313544,-0.4188054513,-0.3634694081,0.1923076923,3.0000000000,0.4400000000,0.0110000000,0.9803488796,-0.0983663779,1.0020832531,-0.1179220803,1.0000000000,0.0000000000,0.0000000000,0.0000000000,0.0000000000,0.0000000000,0.0000000000,0.0000000000,0.0000000000,1.0158263412,-0.0155797705,1.0154694397,-0.0152337816
5,28,42,false,ret60_ret5_top3_riskoff0p3,ret60_ret5,ret60;ret5,3,0.300000,2023-01-04,2025-02-10,2025-02-11,2025-05-14,0.8801337243,-0.0619646384,-0.1897748865,-0.3785770825,-0.3265165349,0.4230769231,4.0000000000,0.6640000000,0.0166000000,0.9803488796,-0.1022239708,1.0020832531,-0.1216960052,0.9622922452,-0.1446359859,-0.0659541882,-1.6421945737,-2.1929765153,0.5000000000,2.0000000000,0.4666666667,0.0014000000,1.0158263412,-0.0527000471,1.0154694397,-0.0523671047
5,29,3,false,all_factors_top8_riskoff0,all_factors,ret20;ret60;ret120;amount_strength;vol20;ret5,8,0.000000,2023-01-04,2025-02-10,2025-02-11,2025-05-14,0.8790413503,-0.0625480956,-0.1702922589,-0.4543235545,-0.3672985253,0.2307692308,2.0000000000,0.4900000000,0.0122500000,0.9803488796,-0.1033382415,1.0020832531,-0.1227861082,1.0000000000,0.0000000000,0.0000000000,0.0000000000,0.0000000000,0.0000000000,0.0000000000,0.0000000000,0.0000000000,1.0158263412,-0.0155797705,1.0154694397,-0.0152337816
5,30,53,false,ret60_ret120_top3_riskoff0p5,ret60_ret120,ret60;ret120,3,0.500000,2023-01-04,2025-02-10,2025-02-11,2025-05-14,0.8769416079,-0.0636706240,-0.2521957253,-0.2996628726,-0.2524651197,0.3846153846,6.0000000000,0.7066666667,0.0176666667,0.9803488796,-0.1054800733,1.0020832531,-0.1248814855,0.9325117421,-0.2472349451,-0.1198304278,-1.6109441852,-2.0632067298,0.2500000000,3.0000000000,0.8888888889,0.0026666667,1.0158263412,-0.0820165768,1.0154694397,-0.0816939381
5,31,25,false,all_factors_top5_riskoff0p3,all_factors,ret20;ret60;ret120;amount_strength;vol20;ret5,5,0.300000,2023-01-04,2025-02-10,2025-02-11,2025-05-14,0.8743123740,-0.0650781129,-0.2317559043,-0.3997513564,-0.2808045521,0.3846153846,7.0000000000,0.7200000000,0.0180000000,0.9803488796,-0.1081620103,1.0020832531,-0.1275052534,0.9820074849,-0.0711395544,-0.0536256137,-0.8042892980,-1.3265965545,0.5000000000,1.0000000000,0.4800000000,0.0014400000,1.0158263412,-0.0332919663,1.0154694397,-0.0329522027
5,32,37,false,all_factors_top3_riskoff0p5,all_factors,ret20;ret60;ret120;amount_strength;vol20;ret5,3,0.500000,2023-01-04,2025-02-10,2025-02-11,2025-05-14,0.8738464796,-0.0653277370,-0.2946376619,-0.3141063880,-0.2217222896,0.3846153846,9.0000000000,0.8266666667,0.0206666667,0.9803488796,-0.1086372435,1.0020832531,-0.1279701792,0.9690799448,-0.1198465450,-0.0900941343,-0.7855119816,-1.3302369336,0.5000000000,1.0000000000,0.8888888889,0.0026666667,1.0158263412,-0.0460180983,1.0154694397,-0.0456828075
5,33,52,false,ret60_ret5_top3_riskoff0p5,ret60_ret5,ret60;ret5,3,0.500000,2023-01-04,2025-02-10,2025-02-11,2025-05-14,0.8729788802,-0.0657927698,-0.2447949799,-0.3453422104,-0.2687668262,0.4615384615,4.0000000000,0.8026666667,0.0200666667,0.9803488796,-0.1095222339,1.0020832531,-0.1288359749,0.9367998042,-0.2330661159,-0.1082428784,-1.6420614996,-2.1531773663,0.5000000000,2.0000000000,0.7777777778,0.0023333333,1.0158263412,-0.0777953217,1.0154694397,-0.0774711994
5,34,43,false,ret60_ret120_top3_riskoff0p3,ret60_ret120,ret60;ret120,3,0.300000,2023-01-04,2025-02-10,2025-02-11,2025-05-14,0.8683409584,-0.0682826148,-0.1979084848,-0.3868549506,-0.3450211587,0.3846153846,6.0000000000,0.6160000000,0.0154000000,0.9803488796,-0.1142531231,1.0020832531,-0.1334642549,0.9597630358,-0.1537369676,-0.0731202973,-1.6111007645,-2.1025210951,0.2500000000,3.0000000000,0.5333333333,0.0016000000,1.0158263412,-0.0551898520,1.0154694397,-0.0548577847
5,35,23,false,all_factors_top8_riskoff0p3,all_factors,ret20;ret60;ret120;amount_strength;vol20;ret5,8,0.300000,2023-01-04,2025-02-10,2025-02-11,2025-05-14,0.8627693381,-0.0712825019,-0.1992142600,-0.4893997531,-0.3578182703,0.3846153846,7.0000000000,0.6400000000,0.0160000000,0.9803488796,-0.1199364266,1.0020832531,-0.1390242922,0.9835806853,-0.0650764577,-0.0516496197,-0.7604315272,-1.2599600563,0.2500000000,3.0000000000,0.4000000000,0.0012000000,1.0158263412,-0.0317432760,1.0154694397,-0.0314029681
5,36,16,false,ret60_top3_riskoff0,ret60,ret60,3,0.000000,2023-01-04,2025-02-10,2025-02-11,2025-05-14,0.8612506964,-0.0721018486,-0.1759147271,-0.4645728350,-0.4098681774,0.1538461538,5.0000000000,0.4800000000,0.0120000000,0.9803488796,-0.1214855096,1.0020832531,-0.1405397768,1.0000000000,0.0000000000,0.0000000000,0.0000000000,0.0000000000,0.0000000000,0.0000000000,0.0000000000,0.0000000000,1.0158263412,-0.0155797705,1.0154694397,-0.0152337816
5,37,50,false,ret60_ret120_top5_riskoff0p5,ret60_ret120,ret60;ret120,5,0.500000,2023-01-04,2025-02-10,2025-02-11,2025-05-14,0.8587478243,-0.0734537878,-0.2314832486,-0.3863576975,-0.3173179410,0.4230769231,4.0000000000,0.7200000000,0.0180000000,0.9803488796,-0.1240385518,1.0020832531,-0.1430374456,0.9434916680,-0.2105539156,-0.1099861701,-1.4284232826,-1.9143671922,0.2500000000,3.0000000000,0.6000000000,0.0018000000,1.0158263412,-0.0712077156,1.0154694397,-0.0708812780
5,38,40,false,ret60_ret120_top5_riskoff0p3,ret60_ret120,ret60;ret120,5,0.300000,2023-01-04,2025-02-10,2025-02-11,2025-05-14,0.8576716391,-0.0740356992,-0.1962320984,-0.4441368920,-0.3772863860,0.4230769231,4.0000000000,0.6304000000,0.0157600000,0.9803488796,-0.1251363092,1.0020832531,-0.1441113935,0.9664296544,-0.1295892782,-0.0669643770,-1.4285303437,-1.9351972490,0.2500000000,3.0000000000,0.3600000000,0.0010800000,1.0158263412,-0.0486270978,1.0154694397,-0.0482927239
5,39,24,false,ret60_top8_riskoff0p3,ret60,ret60,8,0.300000,2023-01-04,2025-02-10,2025-02-11,2025-05-14,0.8571617260,-0.0743115450,-0.2081430244,-0.5020800881,-0.3570215490,0.3461538462,4.0000000000,0.6040000000,0.0151000000,0.9803488796,-0.1256564435,1.0020832531,-0.1446202465,0.9833905451,-0.0658108367,-0.0501597911,-0.8087783487,-1.3120237394,0.2500000000,3.0000000000,0.3250000000,0.0009750000,1.0158263412,-0.0319304539,1.0154694397,-0.0315902117
5,40,18,false,ret60_top8_riskoff0,ret60,ret60,8,0.000000,2023-01-04,2025-02-10,2025-02-11,2025-05-14,0.8558871359,-0.0750014136,-0.1671676933,-0.5554584657,-0.4486597388,0.1538461538,3.0000000000,0.4600000000,0.0115000000,0.9803488796,-0.1269565828,1.0020832531,-0.1458921869,1.0000000000,0.0000000000,0.0000000000,0.0000000000,0.0000000000,0.0000000000,0.0000000000,0.0000000000,0.0000000000,1.0158263412,-0.0155797705,1.0154694397,-0.0152337816
5,41,33,false,ret60_top8_riskoff0p5,ret60,ret60,8,0.500000,2023-01-04,2025-02-10,2025-02-11,2025-05-14,0.8556716560,-0.0751180922,-0.2602699234,-0.4421812123,-0.2886161075,0.3461538462,4.0000000000,0.7000000000,0.0175000000,0.9803488796,-0.1271763819,1.0020832531,-0.1461072187,0.9715903444,-0.1105424529,-0.0827247958,-0.8086857480,-1.3362674618,0.2500000000,3.0000000000,0.5416666667,0.0016250000,1.0158263412,-0.0435468102,1.0154694397,-0.0432106508
5,42,36,false,all_factors_top5_riskoff0p5,all_factors,ret20;ret60;ret120;amount_strength;vol20;ret5,5,0.500000,2023-01-04,2025-02-10,2025-02-11,2025-05-14,0.8529412276,-0.0765978433,-0.2967650480,-0.4319691566,-0.2581093825,0.3846153846,7.0000000000,0.8480000000,0.0212000000,0.9803488796,-0.1299615419,1.0020832531,-0.1488319708,0.9691608254,-0.1195479327,-0.0885459227,-0.8041740511,-1.3501235184,0.5000000000,1.0000000000,0.8000000000,0.0024000000,1.0158263412,-0.0459384778,1.0154694397,-0.0456031590
5,43,11,false,ret60_ret120_top5_riskoff0,ret60_ret120,ret60;ret120,5,0.000000,2023-01-04,2025-02-10,2025-02-11,2025-05-14,0.8524239197,-0.0768784636,-0.1962320984,-0.5037970462,-0.3917731313,0.1538461538,5.0000000000,0.4960000000,0.0124000000,0.9803488796,-0.1304892192,1.0020832531,-0.1493482033,1.0000000000,0.0000000000,0.0000000000,0.0000000000,0.0000000000,0.0000000000,0.0000000000,0.0000000000,0.0000000000,1.0158263412,-0.0155797705,1.0154694397,-0.0152337816
5,44,10,false,ret60_ret120_top3_riskoff0,ret60_ret120,ret60;ret120,3,0.000000,2023-01-04,2025-02-10,2025-02-11,2025-05-14,0.8509320170,-0.0776882419,-0.1919062622,-0.5009952770,-0.4048239019,0.1923076923,2.0000000000,0.4800000000,0.0120000000,0.9803488796,-0.1320110272,1.0020832531,-0.1508370044,1.0000000000,0.0000000000,0.0000000000,0.0000000000,0.0000000000,0.0000000000,0.0000000000,0.0000000000,0.0000000000,1.0158263412,-0.0155797705,1.0154694397,-0.0152337816
5,45,32,false,all_factors_top8_riskoff0p5,all_factors,ret20;ret60;ret120;amount_strength;vol20;ret5,8,0.500000,2023-01-04,2025-02-10,2025-02-11,2025-05-14,0.8501356341,-0.0781207943,-0.2582761696,-0.4830044596,-0.3024700050,0.4230769231,7.0000000000,0.7400000000,0.0185000000,0.9803488796,-0.1328233735,1.0020832531,-0.1516317317,0.9718204122,-0.1096860773,-0.0853346570,-0.7603416235,-1.2853637797,0.2500000000,3.0000000000,0.6666666667,0.0020000000,1.0158263412,-0.0433203268,1.0154694397,-0.0429840878
5,46,28,false,price_momentum_top8_riskoff0p5,price_momentum,ret20;ret60;ret120,8,0.500000,2023-01-04,2025-02-10,2025-02-11,2025-05-14,0.8312335064,-0.0884474248,-0.2995848753,-0.5028553646,-0.2952332780,0.3461538462,7.0000000000,0.8250000000,0.0206250000,0.9803488796,-0.1521043949,1.0020832531,-0.1704945633,0.9765974063,-0.0917639120,-0.0820390847,-0.6432834904,-1.1185389543,0.2500000000,3.0000000000,0.5416666667,0.0016250000,1.0158263412,-0.0386177571,1.0154694397,-0.0382798653
5,47,20,false,price_momentum_top8_riskoff0p3,price_momentum,ret20;ret60;ret120,8,0.300000,2023-01-04,2025-02-10,2025-02-11,2025-05-14,0.8292098328,-0.0895599139,-0.2497850291,-0.5750647746,-0.3585479649,0.3461538462,7.0000000000,0.7030000000,0.0175750000,0.9803488796,-0.1541686332,1.0020832531,-0.1725140299,0.9864394451,-0.0539825050,-0.0496439384,-0.6433383751,-1.0873936819,0.2500000000,3.0000000000,0.3250000000,0.0009750000,1.0158263412,-0.0289290550,1.0154694397,-0.0285877580
5,48,6,false,price_momentum_top8_riskoff0,price_momentum,ret20;ret60;ret120,8,0.000000,2023-01-04,2025-02-10,2025-02-11,2025-05-14,0.8228960867,-0.0930395514,-0.2151523740,-0.6482751427,-0.4324356256,0.1538461538,4.0000000000,0.5200000000,0.0130000000,0.9803488796,-0.1606089384,1.0020832531,-0.1788146502,1.0000000000,0.0000000000,0.0000000000,0.0000000000,0.0000000000,0.0000000000,0.0000000000,0.0000000000,0.0000000000,1.0158263412,-0.0155797705,1.0154694397,-0.0152337816
5,49,45,false,price_momentum_top5_riskoff0p5,price_momentum,ret20;ret60;ret120,5,0.500000,2023-01-04,2025-02-10,2025-02-11,2025-05-14,0.8193978389,-0.0949732459,-0.3108177158,-0.4892302327,-0.3055593072,0.3461538462,6.0000000000,0.8880000000,0.0222000000,0.9803488796,-0.1641773087,1.0020832531,-0.1823056254,0.9558864699,-0.1675442662,-0.1012371982,-1.1147279810,-1.6549674336,0.2500000000,3.0000000000,0.8000000000,0.0024000000,1.0158263412,-0.0590060218,1.0154694397,-0.0586752958
5,50,31,false,price_momentum_top5_riskoff0p3,price_momentum,ret20;ret60;ret120,5,0.300000,2023-01-04,2025-02-10,2025-02-11,2025-05-14,0.8130791263,-0.0984764528,-0.2690317169,-0.5734211933,-0.3660403089,0.3461538462,6.0000000000,0.7568000000,0.0189200000,0.9803488796,-0.1706226801,1.0020832531,-0.1886112019,0.9739943631,-0.1015633085,-0.0614986326,-1.1148597109,-1.6514726293,0.2500000000,3.0000000000,0.4800000000,0.0014400000,1.0158263412,-0.0411802455,1.0154694397,-0.0408432543
5,51,5,false,price_momentum_top5_riskoff0,price_momentum,ret20;ret60;ret120,5,0.000000,2023-01-04,2025-02-10,2025-02-11,2025-05-14,0.8001094652,-0.1057098834,-0.2461625504,-0.6697289330,-0.4294312161,0.1538461538,4.0000000000,0.5600000000,0.0140000000,0.9803488796,-0.1838523184,1.0020832531,-0.2015539000,1.0000000000,0.0000000000,0.0000000000,0.0000000000,0.0000000000,0.0000000000,0.0000000000,0.0000000000,0.0000000000,1.0158263412,-0.0155797705,1.0154694397,-0.0152337816
5,52,4,false,price_momentum_top3_riskoff0,price_momentum,ret20;ret60;ret120,3,0.000000,2023-01-04,2025-02-10,2025-02-11,2025-05-14,0.7749072357,-0.1199349619,-0.2659234118,-0.7648940079,-0.4510131737,0.1538461538,4.0000000000,0.5520000000,0.0138000000,0.9803488796,-0.2095597273,1.0020832531,-0.2267037361,1.0000000000,0.0000000000,0.0000000000,0.0000000000,0.0000000000,0.0000000000,0.0000000000,0.0000000000,0.0000000000,1.0158263412,-0.0155797705,1.0154694397,-0.0152337816
5,53,35,false,price_momentum_top3_riskoff0p3,price_momentum,ret20;ret60;ret120,3,0.300000,2023-01-04,2025-02-10,2025-02-11,2025-05-14,0.7641376329,-0.1260840562,-0.3107155182,-0.7473444185,-0.4057861574,0.3076923077,9.0000000000,0.7760000000,0.0194000000,0.9803488796,-0.2205452071,1.0020832531,-0.2374509497,0.9708149784,-0.1134240053,-0.0623363842,-1.2240861797,-1.8195473912,0.5000000000,1.0000000000,0.6000000000,0.0018000000,1.0158263412,-0.0443100961,1.0154694397,-0.0439742049
5,54,47,false,price_momentum_top3_riskoff0p5,price_momentum,ret20;ret60;ret120,3,0.500000,2023-01-04,2025-02-10,2025-02-11,2025-05-14,0.7542315505,-0.1317784063,-0.3590972200,-0.6945299378,-0.3669713910,0.3076923077,9.0000000000,0.9253333333,0.0231333333,0.9803488796,-0.2306498572,1.0020832531,-0.2473364382,0.9506364561,-0.1859718212,-0.1025856337,-1.2239561196,-1.8128446888,0.5000000000,1.0000000000,1.0000000000,0.0030000000,1.0158263412,-0.0641742416,1.0154694397,-0.0638453320
6,1,29,true,ret60_ret5_top5_riskoff0,ret60_ret5,ret60;ret5,5,0.000000,2023-04-11,2025-05-14,2025-05-15,2025-08-12,0.9395479212,-0.0307572784,-0.1503545535,-0.1935740346,-0.2045649941,0.1538461538,2.0000000000,0.4000000000,0.0100000000,0.9430864439,-0.0037520662,0.9617233516,-0.0230580139,1.0600544970,0.2674967313,-0.0118588644,4.2443586117,22.5566903273,0.5000000000,0.0000000000,0.4500000000,0.0018000000,1.1041443818,-0.0399312676,1.0605625512,-0.0004790421
6,2,28,false,ret60_ret5_top8_riskoff0,ret60_ret5,ret60;ret5,8,0.000000,2023-04-11,2025-05-14,2025-05-15,2025-08-12,0.9299090813,-0.0357517193,-0.1388578707,-0.2676828334,-0.2574698798,0.1538461538,2.0000000000,0.3500000000,0.0087500000,0.9430864439,-0.0139725926,0.9617233516,-0.0330804802,1.0601159544,0.2677954346,-0.0182439186,4.2619629578,14.6786137837,0.5000000000,0.0000000000,0.4375000000,0.0017500000,1.1041443818,-0.0398756070,1.0605625512,-0.0004210942
6,3,25,false,ret60_ret5_top8_riskoff0p3,ret60_ret5,ret60;ret5,8,0.300000,2023-04-11,2025-05-14,2025-05-15,2025-08-12,0.9075778718,-0.0474230151,-0.1778631031,-0.3258375840,-0.2666264911,0.3461538462,7.0000000000,0.5180000000,0.0129500000,0.9430864439,-0.0376514500,0.9617233516,-0.0563004732,1.0628393255,0.2810853018,-0.0182439186,4.1096244457,15.4070684293,0.5000000000,2.0000000000,0.6250000000,0.0025000000,1.1041443818,-0.0374091080,1.0605625512,0.0021467610
6,4,50,false,ret60_ret5_top3_riskoff0,ret60_ret5,ret60;ret5,3,0.000000,2023-04-11,2025-05-14,2025-05-15,2025-08-12,0.9039419519,-0.0493368206,-0.1745627622,-0.3449671416,-0.2826308429,0.1538461538,2.0000000000,0.3600000000,0.0090000000,0.9430864439,-0.0415067911,0.9617233516,-0.0600811029,1.0434157636,0.1885579849,-0.0142528155,3.1462732226,13.2295254125,0.5000000000,0.0000000000,0.6750000000,0.0027000000,1.1041443818,-0.0550006134,1.0605625512,-0.0161676344
6,5,27,false,ret60_ret120_ret5_top8_riskoff0,ret60_ret120_ret5,ret60;ret120;ret5,8,0.000000,2023-04-11,2025-05-14,2025-05-15,2025-08-12,0.9020860629,-0.0503151685,-0.1533168861,-0.3866025279,-0.3281776053,0.1538461538,2.0000000000,0.3300000000,0.0082500000,0.9430864439,-0.0434746796,0.9617233516,-0.0620108564,1.0601483506,0.2679529123,-0.0155636596,4.5013175164,17.2165749313,0.5000000000,0.0000000000,0.4375000000,0.0017500000,1.1041443818,-0.0398462665,1.0605625512,-0.0003905480
6,6,47,false,ret60_top5_riskoff0,ret60,ret60,5,0.000000,2023-04-11,2025-05-14,2025-05-15,2025-08-12,0.9005485064,-0.0511264657,-0.1780787642,-0.3407894386,-0.2871002951,0.1538461538,2.0000000000,0.3360000000,0.0084000000,0.9430864439,-0.0451050249,0.9617233516,-0.0636096078,1.0454744598,0.1981184022,-0.0134389268,3.6009369267,14.7421297092,0.5000000000,0.0000000000,0.5500000000,0.0022000000,1.1041443818,-0.0531360962,1.0605625512,-0.0142264984
6,7,33,false,ret60_ret5_top5_riskoff0p3,ret60_ret5,ret60;ret5,5,0.300000,2023-04-11,2025-05-14,2025-05-15,2025-08-12,0.8963207871,-0.0533608071,-0.1764047076,-0.3389561503,-0.3024908336,0.3846153846,4.0000000000,0.6064000000,0.0151600000,0.9430864439,-0.0495878794,0.9617233516,-0.0680055906,1.0587537281,0.2611869978,-0.0133420952,3.7823595211,19.5761605346,0.5000000000,2.0000000000,0.6150000000,0.0024600000,1.1041443818,-0.0411093463,1.0605625512,-0.0017055317
6,8,21,false,ret60_ret120_top8_riskoff0,ret60_ret120,ret60;ret120,8,0.000000,2023-04-11,2025-05-14,2025-05-15,2025-08-12,0.8918372240,-0.0557361149,-0.1649313544,-0.4188716212,-0.3379352284,0.1538461538,2.0000000000,0.3400000000,0.0085000000,0.9430864439,-0.0543420174,0.9617233516,-0.0726675998,1.0653490501,0.2934253380,-0.0176286150,4.4586706396,16.6448321739,0.5000000000,0.0000000000,0.3750000000,0.0015000000,1.1041443818,-0.0351361039,1.0605625512,0.0045131699
6,9,22,false,ret60_ret5_top8_riskoff0p5,ret60_ret5,ret60;ret5,8,0.500000,2023-04-11,2025-05-14,2025-05-15,2025-08-12,0.8899903142,-0.0567163056,-0.2309704862,-0.3302463925,-0.2455565062,0.3461538462,7.0000000000,0.6300000000,0.0157500000,0.9430864439,-0.0563003848,0.9617233516,-0.0745880166,1.0645804764,0.2896368692,-0.0201470065,3.7643506191,14.3761739259,0.5000000000,2.0000000000,0.7500000000,0.0030000000,1.1041443818,-0.0358321847,1.0605625512,0.0037884849
6,10,24,false,ret60_ret120_ret5_top8_riskoff0p3,ret60_ret120_ret5,ret60;ret120;ret5,8,0.300000,2023-04-11,2025-05-14,2025-05-15,2025-08-12,0.8859943930,-0.0588404980,-0.1718007779,-0.4052802832,-0.3424926170,0.3846153846,4.0000000000,0.4620000000,0.0115500000,0.9430864439,-0.0605374526,0.9617233516,-0.0787429758,1.0635582590,0.2846111055,-0.0155636596,4.3151768653,18.2869011641,0.5000000000,2.0000000000,0.6250000000,0.0025000000,1.1041443818,-0.0367579852,1.0605625512,0.0028246404
6,11,53,false,ret60_ret120_ret5_top3_riskoff0,ret60_ret120_ret5,ret60;ret120;ret5,3,0.000000,2023-04-11,2025-05-14,2025-05-15,2025-08-12,0.8857531775,-0.0589688787,-0.1757950035,-0.4017536659,-0.3354411531,0.1923076923,2.0000000000,0.3840000000,0.0096000000,0.9430864439,-0.0607932251,0.9617233516,-0.0789937917,1.0371133471,0.1596473514,-0.0073952651,2.8836934680,21.5877794930,0.5000000000,0.0000000000,0.5250000000,0.0021000000,1.1041443818,-0.0607085775,1.0605625512,-0.0221101566
6,12,51,false,ret60_top3_riskoff0,ret60,ret60,3,0.000000,2023-04-11,2025-05-14,2025-05-15,2025-08-12,0.8823468022,-0.0607836990,-0.1759147271,-0.4068274359,-0.3455293369,0.1538461538,2.0000000000,0.3600000000,0.0090000000,0.9430864439,-0.0644051689,0.9617233516,-0.0825357409,1.0429872070,0.1865750581,-0.0113407819,3.4043703295,16.4516926479,0.5000000000,0.0000000000,0.3750000000,0.0015000000,1.1041443818,-0.0553887479,1.0605625512,-0.0165717186
6,13,49,false,all_factors_top3_riskoff0,all_factors,ret20;ret60;ret120;amount_strength;vol20;ret5,3,0.000000,2023-04-11,2025-05-14,2025-05-15,2025-08-12,0.8769402777,-0.0636713355,-0.1663010679,-0.4167932405,-0.3828678691,0.1538461538,2.0000000000,0.3600000000,0.0090000000,0.9430864439,-0.0701379673,0.9617233516,-0.0881574454,1.0440429420,0.1914644351,-0.0142528155,3.1988956959,13.4334465377,0.5000000000,0.0000000000,0.5250000000,0.0021000000,1.1041443818,-0.0544325913,1.0605625512,-0.0155762705
6,14,31,false,ret60_ret120_ret5_top5_riskoff0,ret60_ret120_ret5,ret60;ret120;ret5,5,0.000000,2023-04-11,2025-05-14,2025-05-15,2025-08-12,0.8757567177,-0.0643046617,-0.1772706920,-0.4588347380,-0.3627484101,0.1538461538,2.0000000000,0.3680000000,0.0092000000,0.9430864439,-0.0713929530,0.9617233516,-0.0893881111,1.0596301357,0.2654356417,-0.0118588644,4.2193440142,22.3828887309,0.5000000000,0.0000000000,0.5500000000,0.0022000000,1.1041443818,-0.0403156026,1.0605625512,-0.0008791706
6,15,44,false,ret60_top5_riskoff0p3,ret60,ret60,5,0.300000,2023-04-11,2025-05-14,2025-05-15,2025-08-12,0.8729551482,-0.0658054934,-0.2024229530,-0.4026172109,-0.3250890892,0.3846153846,4.0000000000,0.5184000000,0.0129600000,0.9430864439,-0.0743635922,0.9617233516,-0.0923011834,1.0499047676,0.2188889547,-0.0134389268,3.5420072769,16.2876811385,0.5000000000,2.0000000000,0.7750000000,0.0031000000,1.1041443818,-0.0491236609,1.0605625512,-0.0100491796
6,16,20,false,ret60_ret120_ret5_top8_riskoff0p5,ret60_ret120_ret5,ret60;ret120;ret5,8,0.500000,2023-04-11,2025-05-14,2025-05-15,2025-08-12,0.8723243338,-0.0661437591,-0.2257257625,-0.3831968714,-0.2930270712,0.3846153846,4.0000000000,0.5500000000,0.0137500000,0.9430864439,-0.0750324751,0.9617233516,-0.0929571042,1.0657503263,0.2954066475,-0.0205135194,3.9010310344,14.4005834499,0.5000000000,2.0000000000,0.7500000000,0.0030000000,1.1041443818,-0.0347726766,1.0605625512,0.0048915315
6,17,30,false,ret60_ret120_top5_riskoff0,ret60_ret120,ret60;ret120,5,0.000000,2023-04-11,2025-05-14,2025-05-15,2025-08-12,0.8691056374,-0.0678716446,-0.1962320984,-0.4718407022,-0.3458743254,0.1538461538,2.0000000000,0.3520000000,0.0088000000,0.9430864439,-0.0784454140,0.9617233516,-0.0963039049,1.0600544970,0.2674967313,-0.0118588644,4.2443586117,22.5566903273,0.5000000000,0.0000000000,0.4500000000,0.0018000000,1.1041443818,-0.0399312676,1.0605625512,-0.0004790421
6,18,26,false,ret60_top8_riskoff0,ret60,ret60,8,0.000000,2023-04-11,2025-05-14,2025-05-15,2025-08-12,0.8678606436,-0.0685408481,-0.1671676933,-0.5481952645,-0.4100125255,0.1153846154,2.0000000000,0.3600000000,0.0090000000,0.9430864439,-0.0797655409,0.9617233516,-0.0975984495,1.0605943167,0.2701222496,-0.0219565993,3.9246130133,12.3025540297,0.5000000000,0.0000000000,0.4375000000,0.0017500000,1.1041443818,-0.0394423645,1.0605625512,0.0000299516
6,19,18,false,all_factors_top5_riskoff0,all_factors,ret20;ret60;ret120;amount_strength;vol20;ret5,5,0.000000,2023-04-11,2025-05-14,2025-05-15,2025-08-12,0.8671230058,-0.0689375659,-0.1676196653,-0.5055653910,-0.4112737355,0.1538461538,2.0000000000,0.4160000000,0.0104000000,0.9430864439,-0.0805476938,0.9617233516,-0.0983654454,1.0668445876,0.3008212142,-0.0182608085,4.0810769516,16.4735977566,0.5000000000,0.0000000000,0.4500000000,0.0018000000,1.1041443818,-0.0337816276,1.0605625512,0.0059233059
6,20,34,false,ret60_ret5_top5_riskoff0p5,ret60_ret5,ret60;ret5,5,0.500000,2023-04-11,2025-05-14,2025-05-15,2025-08-12,0.8655249078,-0.0697976361,-0.2278329391,-0.3909222447,-0.3063544559,0.3846153846,4.0000000000,0.7440000000,0.0186000000,0.9430864439,-0.0822422341,0.9617233516,-0.1000271477,1.0577971023,0.2565617589,-0.0221860561,3.2759678452,11.5640994581,0.5000000000,2.0000000000,0.7250000000,0.0029000000,1.1041443818,-0.0419757418,1.0605625512,-0.0026075302
6,21,16,false,ret60_ret120_top8_riskoff0p3,ret60_ret120,ret60;ret120,8,0.300000,2023-04-11,2025-05-14,2025-05-15,2025-08-12,0.8649249929,-0.0701207050,-0.1809490601,-0.4845227293,-0.3875162711,0.3846153846,4.0000000000,0.4750000000,0.0118750000,0.9430864439,-0.0828783528,0.9617233516,-0.1006509393,1.0672655081,0.3029085288,-0.0176286150,4.2510603902,17.1827752212,0.5000000000,2.0000000000,0.5625000000,0.0022500000,1.1041443818,-0.0334004089,1.0605625512,0.0063201900
6,22,38,false,all_factors_top8_riskoff0,all_factors,ret20;ret60;ret120;amount_strength;vol20;ret5,8,0.000000,2023-04-11,2025-05-14,2025-05-15,2025-08-12,0.8641541571,-0.0705359833,-0.1702922589,-0.5705585837,-0.4142054590,0.1538461538,2.0000000000,0.3700000000,0.0092500000,0.9430864439,-0.0836957071,0.9617233516,-0.1014524544,1.0562752368,0.2492299844,-0.0230179244,3.5071237457,10.8276480390,0.5000000000,0.0000000000,0.5625000000,0.0022500000,1.1041443818,-0.0433540630,1.0605625512,-0.0040424908
6,23,15,false,ret60_ret120_top3_riskoff0,ret60_ret120,ret60;ret120,3,0.000000,2023-04-11,2025-05-14,2025-05-15,2025-08-12,0.8552723943,-0.0753343242,-0.1919062622,-0.5147694018,-0.3925579254,0.1538461538,2.0000000000,0.3600000000,0.0090000000,0.9430864439,-0.0931134682,0.9617233516,-0.1106877119,1.0675084949,0.3041146325,-0.0100880452,4.6867267696,30.1460418775,0.5000000000,0.0000000000,0.5250000000,0.0021000000,1.1041443818,-0.0331803408,1.0605625512,0.0065493013
6,24,42,false,ret60_top5_riskoff0p5,ret60,ret60,5,0.500000,2023-04-11,2025-05-14,2025-05-15,2025-08-12,0.8513722409,-0.0774492225,-0.2281190498,-0.4037904483,-0.3395122966,0.4230769231,4.0000000000,0.6400000000,0.0160000000,0.9430864439,-0.0972489888,0.9617233516,-0.1147430917,1.0527796779,0.2325118424,-0.0195115421,3.2321321543,11.9166307280,0.5000000000,2.0000000000,0.9250000000,0.0037000000,1.1041443818,-0.0465199160,1.0605625512,-0.0073384387
6,25,52,false,ret60_ret5_top3_riskoff0p3,ret60_ret5,ret60;ret5,3,0.300000,2023-04-11,2025-05-14,2025-05-15,2025-08-12,0.8486326353,-0.0789376940,-0.2014281909,-0.5224230788,-0.3918900011,0.3846153846,4.0000000000,0.6000000000,0.0150000000,0.9430864439,-0.1001539247,0.9617233516,-0.1175917338,1.0377099457,0.1623611248,-0.0185660163,2.4352848913,8.7450706858,0.5000000000,2.0000000000,0.9000000000,0.0036000000,1.1041443818,-0.0601682509,1.0605625512,-0.0215476263
6,26,48,false,ret60_top3_riskoff0p3,ret60,ret60,3,0.300000,2023-04-11,2025-05-14,2025-05-15,2025-08-12,0.8447442321,-0.0810544484,-0.2063806088,-0.5008722394,-0.3927425586,0.3076923077,7.0000000000,0.5680000000,0.0142000000,0.9430864439,-0.1042769859,0.9617233516,-0.1216348956,1.0452855291,0.1972386154,-0.0168008815,3.0490144013,11.7397777570,0.5000000000,2.0000000000,0.6000000000,0.0024000000,1.1041443818,-0.0533072067,1.0605625512,-0.0144046404
6,27,14,false,ret60_ret120_top8_riskoff0p5,ret60_ret120,ret60;ret120,8,0.500000,2023-04-11,2025-05-14,2025-05-15,2025-08-12,0.8445117134,-0.0811811799,-0.2298412468,-0.4831828078,-0.3532054453,0.3846153846,4.0000000000,0.5650000000,0.0141250000,0.9430864439,-0.1045235367,0.9617233516,-0.1218766686,1.0684648783,0.3088699710,-0.0198263792,3.8756150603,15.5787381677,0.5000000000,2.0000000000,0.6875000000,0.0027500000,1.1041443818,-0.0323141648,1.0605625512,0.0074510712
6,28,35,false,ret60_ret120_ret5_top5_riskoff0p3,ret60_ret120_ret5,ret60;ret120;ret5,5,0.300000,2023-04-11,2025-05-14,2025-05-15,2025-08-12,0.8381700628,-0.0846443598,-0.2041609883,-0.5647855778,-0.4145961505,0.3846153846,4.0000000000,0.5360000000,0.0134000000,0.9430864439,-0.1112478944,0.9617233516,-0.1284707173,1.0573887113,0.2545911086,-0.0130066671,3.7185402947,19.5738929321,0.5000000000,2.0000000000,0.7750000000,0.0031000000,1.1041443818,-0.0423456129,1.0605625512,-0.0029926004
6,29,19,false,ret60_top8_riskoff0p3,ret60,ret60,8,0.300000,2023-04-11,2025-05-14,2025-05-15,2025-08-12,0.8364916730,-0.0855631160,-0.2042634245,-0.6247077891,-0.4188861329,0.3461538462,4.0000000000,0.5370000000,0.0134250000,0.9430864439,-0.1130275720,0.9617233516,-0.1302159071,1.0660000989,0.2966410595,-0.0219565993,3.9967460055,13.5103371399,0.7500000000,1.0000000000,0.6250000000,0.0025000000,1.1041443818,-0.0345464630,1.0605625512,0.0051270410
6,30,45,false,ret60_ret120_ret5_top3_riskoff0p3,ret60_ret120_ret5,ret60;ret120;ret5,3,0.300000,2023-04-11,2025-05-14,2025-05-15,2025-08-12,0.8322115876,-0.0879102215,-0.2108070733,-0.5657386037,-0.4170174182,0.3846153846,7.0000000000,0.5760000000,0.0144000000,0.9430864439,-0.1175659528,0.9617233516,-0.1346663402,1.0468322586,0.2044555634,-0.0095412933,3.2173572009,21.4284957914,0.7500000000,1.0000000000,0.8000000000,0.0032000000,1.1041443818,-0.0519063668,1.0605625512,-0.0129462355
6,31,23,false,ret60_ret120_top5_riskoff0p3,ret60_ret120,ret60;ret120,5,0.300000,2023-04-11,2025-05-14,2025-05-15,2025-08-12,0.8257959209,-0.0914397439,-0.2209227639,-0.5967260241,-0.4138991488,0.4230769231,4.0000000000,0.5248000000,0.0131200000,0.9430864439,-0.1243687933,0.9617233516,-0.1413373508,1.0643404831,0.2884556054,-0.0162991955,4.0388416906,17.6975363521,0.5000000000,2.0000000000,0.7050000000,0.0028200000,1.1041443818,-0.0360495415,1.0605625512,0.0035621963
6,32,43,false,all_factors_top3_riskoff0p3,all_factors,ret20;ret60;ret120;amount_strength;vol20;ret5,3,0.300000,2023-04-11,2025-05-14,2025-05-15,2025-08-12,0.8223854146,-0.0933215749,-0.2242217159,-0.5870905513,-0.4162022156,0.3076923077,10.0000000000,0.6240000000,0.0156000000,0.9430864439,-0.1279851175,0.9617233516,-0.1448835954,1.0505873521,0.2221130816,-0.0142528155,3.2824866240,15.5838038855,0.7500000000,1.0000000000,0.7000000000,0.0028000000,1.1041443818,-0.0485054587,1.0605625512,-0.0094055735
6,33,37,false,all_factors_top8_riskoff0p3,all_factors,ret20;ret60;ret120;amount_strength;vol20;ret5,8,0.300000,2023-04-11,2025-05-14,2025-05-15,2025-08-12,0.8217107705,-0.0936942876,-0.2110782959,-0.7053462437,-0.4438840439,0.3461538462,7.0000000000,0.5710000000,0.0142750000,0.9430864439,-0.1287004751,0.9617233516,-0.1455850904,1.0564401966,0.2500231362,-0.0230179244,3.3112390673,10.8621060452,0.5000000000,2.0000000000,0.8062500000,0.0032250000,1.1041443818,-0.0432046624,1.0605625512,-0.0038869509
6,34,46,false,ret60_top3_riskoff0p5,ret60,ret60,3,0.500000,2023-04-11,2025-05-14,2025-05-15,2025-08-12,0.8168393461,-0.0963900901,-0.2369420222,-0.5108126745,-0.4068087594,0.3076923077,7.0000000000,0.7066666667,0.0176666667,0.9430864439,-0.1338658811,0.9617233516,-0.1506503978,1.0466789949,0.2037389838,-0.0278952188,2.5811414709,7.3037241629,0.5000000000,2.0000000000,0.7500000000,0.0030000000,1.1041443818,-0.0520451744,1.0605625512,-0.0130907472
6,35,12,false,ret60_top8_riskoff0p5,ret60,ret60,8,0.500000,2023-04-11,2025-05-14,2025-05-15,2025-08-12,0.8133622842,-0.0983191748,-0.2602699234,-0.6165346555,-0.3777584961,0.3461538462,4.0000000000,0.6550000000,0.0163750000,0.9430864439,-0.1375527774,0.9617233516,-0.1542658470,1.0695404774,0.3142336818,-0.0219565993,3.8108789631,14.3115824529,0.7500000000,1.0000000000,0.7500000000,0.0030000000,1.1041443818,-0.0313400177,1.0605625512,0.0084652491
6,36,39,false,ret60_ret120_ret5_top5_riskoff0p5,ret60_ret120_ret5,ret60;ret120;ret5,5,0.500000,2023-04-11,2025-05-14,2025-05-15,2025-08-12,0.8110521287,-0.0996031324,-0.2441220577,-0.5811858659,-0.4080054599,0.3846153846,4.0000000000,0.6480000000,0.0162000000,0.9430864439,-0.1400023467,0.9617233516,-0.1566679468,1.0558133901,0.2470113744,-0.0216285792,3.2053076922,11.4206010303,0.5000000000,2.0000000000,0.9250000000,0.0037000000,1.1041443818,-0.0437723476,1.0605625512,-0.0044779641
6,37,9,false,ret60_ret120_top3_riskoff0p3,ret60_ret120,ret60;ret120,3,0.300000,2023-04-11,2025-05-14,2025-05-15,2025-08-12,0.8102493928,-0.1000497108,-0.2303770699,-0.6320220517,-0.4342867580,0.3076923077,7.0000000000,0.5520000000,0.0138000000,0.9430864439,-0.1408535262,0.9617233516,-0.1575026316,1.0730277362,0.3317376922,-0.0126875782,4.4581406272,26.1466521011,0.7500000000,1.0000000000,0.8000000000,0.0032000000,1.1041443818,-0.0281816818,1.0605625512,0.0117533709
6,38,54,false,ret60_ret5_top3_riskoff0p5,ret60_ret5,ret60;ret5,3,0.500000,2023-04-11,2025-05-14,2025-05-15,2025-08-12,0.8101485805,-0.1001058103,-0.2363802188,-0.5710336235,-0.4234948713,0.3846153846,4.0000000000,0.7600000000,0.0190000000,0.9430864439,-0.1409604223,0.9617233516,-0.1576074562,1.0338105864,0.1447102622,-0.0307893896,1.8809999632,4.7000042554,0.5000000000,2.0000000000,1.0500000000,0.0042000000,1.1041443818,-0.0636998174,1.0605625512,-0.0252243159
6,39,11,false,all_factors_top5_riskoff0p3,all_factors,ret20;ret60;ret120;amount_strength;vol20;ret5,5,0.300000,2023-04-11,2025-05-14,2025-05-15,2025-08-12,0.8089400738,-0.1007785858,-0.2317559043,-0.7066660605,-0.4348479754,0.3846153846,7.0000000000,0.6560000000,0.0164000000,0.9430864439,-0.1422418602,0.9617233516,-0.1588640616,1.0700459158,0.3167598774,-0.0182608085,3.9704541346,17.3464322290,0.7500000000,1.0000000000,0.7050000000,0.0028200000,1.1041443818,-0.0308822529,1.0605625512,0.0089418249
6,40,32,false,price_momentum_top8_riskoff0,price_momentum,ret20;ret60;ret120,8,0.000000,2023-04-11,2025-05-14,2025-05-15,2025-08-12,0.8039299882,-0.1035730635,-0.2068454900,-0.7921647829,-0.5007267188,0.0769230769,4.0000000000,0.4100000000,0.0102500000,0.9430864439,-0.1475542953,0.9617233516,-0.1640735489,1.0588014551,0.2614180909,-0.0211983553,3.6716005211,12.3319987671,0.5000000000,0.0000000000,0.5000000000,0.0020000000,1.1041443818,-0.0410661210,1.0605625512,-0.0016605302
6,41,17,false,ret60_ret120_top5_riskoff0p5,ret60_ret120,ret60;ret120,5,0.500000,2023-04-11,2025-05-14,2025-05-15,2025-08-12,0.7950305920,-0.1085583978,-0.2555922345,-0.6205991902,-0.4247327703,0.4230769231,4.0000000000,0.6400000000,0.0160000000,0.9430864439,-0.1569907540,0.9617233516,-0.1733271417,1.0670845020,0.3020106234,-0.0270632787,3.5961948196,11.1594247926,0.5000000000,2.0000000000,0.8750000000,0.0035000000,1.1041443818,-0.0335643422,1.0605625512,0.0061495202
6,42,41,false,ret60_ret120_ret5_top3_riskoff0p5,ret60_ret120_ret5,ret60;ret120;ret5,3,0.500000,2023-04-11,2025-05-14,2025-05-15,2025-08-12,0.7948732920,-0.1086467651,-0.2504166984,-0.6077693261,-0.4338638990,0.3846153846,7.0000000000,0.7040000000,0.0176000000,0.9430864439,-0.1571575467,0.9617233516,-0.1734907022,1.0532545743,0.2347731595,-0.0158770723,3.1072636555,14.7869302179,0.7500000000,1.0000000000,0.9833333333,0.0039333333,1.1041443818,-0.0460898125,1.0605625512,-0.0068906609
6,43,36,false,all_factors_top8_riskoff0p5,all_factors,ret20;ret60;ret120;amount_strength;vol20;ret5,8,0.500000,2023-04-11,2025-05-14,2025-05-15,2025-08-12,0.7920719511,-0.1102219548,-0.2582761696,-0.7254042625,-0.4267600643,0.3461538462,7.0000000000,0.7050000000,0.0176250000,0.9430864439,-0.1601279435,0.9617233516,-0.1764035366,1.0564763205,0.2501968757,-0.0230179244,3.0308466150,10.8696540547,0.5000000000,2.0000000000,0.9687500000,0.0038750000,1.1041443818,-0.0431719458,1.0605625512,-0.0038528899
6,44,40,false,all_factors_top3_riskoff0p5,all_factors,ret20;ret60;ret120;amount_strength;vol20;ret5,3,0.500000,2023-04-11,2025-05-14,2025-05-15,2025-08-12,0.7848085662,-0.1143191414,-0.2946376619,-0.6381541378,-0.3879990790,0.3461538462,9.0000000000,0.8000000000,0.0200000000,0.9430864439,-0.1678296605,0.9617233516,-0.1839560047,1.0548611382,0.2424463433,-0.0157701621,3.0555782890,15.3737382297,0.7500000000,1.0000000000,0.8166666667,0.0032666667,1.1041443818,-0.0446347819,1.0605625512,-0.0053758385
6,45,13,false,price_momentum_top8_riskoff0p3,price_momentum,ret20;ret60;ret120,8,0.300000,2023-04-11,2025-05-14,2025-05-15,2025-08-12,0.7837671685,-0.1149081296,-0.2497850291,-0.8064594075,-0.4600280889,0.2692307692,7.0000000000,0.6230000000,0.0155750000,0.9430864439,-0.1689339046,0.9617233516,-0.1850388501,1.0691999026,0.3125335417,-0.0211983553,4.0807607551,14.7432920118,0.7500000000,1.0000000000,0.7437500000,0.0029750000,1.1041443818,-0.0316484690,1.0605625512,0.0081441226
6,46,7,false,ret60_ret120_top3_riskoff0p5,ret60_ret120,ret60;ret120,3,0.500000,2023-04-11,2025-05-14,2025-05-15,2025-08-12,0.7779421740,-0.1182098244,-0.2730324912,-0.6443417419,-0.4329514919,0.3076923077,7.0000000000,0.6800000000,0.0170000000,0.9430864439,-0.1751104270,0.9617233516,-0.1910956797,1.0765811163,0.3497538165,-0.0210917060,3.9466573752,16.5825285380,0.7500000000,1.0000000000,0.9833333333,0.0039333333,1.1041443818,-0.0249634613,1.0605625512,0.0151038382
6,47,10,false,all_factors_top5_riskoff0p5,all_factors,ret20;ret60;ret120;amount_strength;vol20;ret5,5,0.500000,2023-04-11,2025-05-14,2025-05-15,2025-08-12,0.7697518476,-0.1228731641,-0.2967650480,-0.7666264238,-0.4140418992,0.3846153846,7.0000000000,0.8160000000,0.0204000000,0.9430864439,-0.1837950248,0.9617233516,-0.1996119816,1.0720876596,0.3270018550,-0.0182608085,3.6670040710,17.9073043091,0.7500000000,1.0000000000,0.8750000000,0.0035000000,1.1041443818,-0.0290330891,1.0605625512,0.0108669766
6,48,5,false,price_momentum_top5_riskoff0,price_momentum,ret20;ret60;ret120,5,0.000000,2023-04-11,2025-05-14,2025-05-15,2025-08-12,0.7688425108,-0.1233924387,-0.2461625504,-0.8734953972,-0.5012640568,0.0769230769,4.0000000000,0.4320000000,0.0108000000,0.9430864439,-0.1847592384,0.9617233516,-0.2005575101,1.0836236909,0.3860030643,-0.0286367982,3.8271876043,13.4792675544,0.5000000000,0.0000000000,0.4500000000,0.0018000000,1.1041443818,-0.0185851518,1.0605625512,0.0217442523
6,49,8,false,price_momentum_top8_riskoff0p5,price_momentum,ret20;ret60;ret120,8,0.500000,2023-04-11,2025-05-14,2025-05-15,2025-08-12,0.7679511233,-0.1239017608,-0.2995848753,-0.7588166318,-0.4135781577,0.2692307692,7.0000000000,0.7650000000,0.0191250000,0.9430864439,-0.1857044195,0.9617233516,-0.2014843749,1.0761115381,0.3473625148,-0.0211983553,4.0995877699,16.3862955716,0.7500000000,1.0000000000,0.9062500000,0.0036250000,1.1041443818,-0.0253887483,1.0605625512,0.0146610748
6,50,6,false,price_momentum_top3_riskoff0,price_momentum,ret20;ret60;ret120,3,0.000000,2023-04-11,2025-05-14,2025-05-15,2025-08-12,0.7537843208,-0.1320363668,-0.2659234118,-0.9234938794,-0.4965202799,0.0769230769,4.0000000000,0.4080000000,0.0102000000,0.9430864439,-0.2007261628,0.9617233516,-0.2162150169,1.0774129691,0.3539978351,-0.0226026726,3.9157875018,15.6617688921,0.5000000000,0.0000000000,0.5250000000,0.0021000000,1.1041443818,-0.0242100700,1.0605625512,0.0158881887
6,51,3,false,price_momentum_top5_riskoff0p3,price_momentum,ret20;ret60;ret120,5,0.300000,2023-04-11,2025-05-14,2025-05-15,2025-08-12,0.7393706313,-0.1403914188,-0.2925638007,-0.9214902435,-0.4798659933,0.2692307692,7.0000000000,0.6816000000,0.0170400000,0.9430864439,-0.2160096924,0.9617233516,-0.2312023722,1.0876488218,0.4070479061,-0.0286367982,3.8511837198,14.2141556421,0.7500000000,1.0000000000,0.7650000000,0.0030600000,1.1041443818,-0.0149396766,1.0605625512,0.0255395314
6,52,2,false,price_momentum_top5_riskoff0p5,price_momentum,ret20;ret60;ret120,5,0.500000,2023-04-11,2025-05-14,2025-05-15,2025-08-12,0.7175259931,-0.1532103977,-0.3244181913,-0.8862460914,-0.4722620428,0.3076923077,6.0000000000,0.8480000000,0.0212000000,0.9430864439,-0.2391726148,0.9617233516,-0.2539164283,1.0902461754,0.4207551125,-0.0286367982,3.7185220761,14.6928127285,0.7500000000,1.0000000000,0.9750000000,0.0039000000,1.1041443818,-0.0125873089,1.0605625512,0.0279885653
6,53,4,false,price_momentum_top3_riskoff0p3,price_momentum,ret20;ret60;ret120,3,0.300000,2023-04-11,2025-05-14,2025-05-15,2025-08-12,0.7004431896,-0.1633713097,-0.3336233153,-1.0659719658,-0.4896879272,0.2307692308,10.0000000000,0.6960000000,0.0174000000,0.9430864439,-0.2572863345,0.9617233516,-0.2716791285,1.0865466154,0.4012613846,-0.0226026726,4.0636873759,17.7528291064,0.7500000000,1.0000000000,0.8000000000,0.0032000000,1.1041443818,-0.0159379215,1.0605625512,0.0245002656
6,54,1,false,price_momentum_top3_riskoff0p5,price_momentum,ret20;ret60;ret120,3,0.500000,2023-04-11,2025-05-14,2025-05-15,2025-08-12,0.6639731224,-0.1854861734,-0.3779051305,-1.0661175873,-0.4908273490,0.2307692308,10.0000000000,0.8880000000,0.0222000000,0.9430864439,-0.2959573041,0.9617233516,-0.3096007066,1.0925294544,0.4328877689,-0.0226026726,3.8900283260,19.1520611717,0.7500000000,1.0000000000,0.9833333333,0.0039333333,1.1041443818,-0.0105193919,1.0605625512,0.0301414595
7,1,28,true,ret60_ret5_top5_riskoff0,ret60_ret5,ret60;ret5,5,0.000000,2023-07-14,2025-08-12,2025-08-13,2025-11-17,1.0768144626,0.0377730520,-0.1503545535,0.3908864411,0.2512265251,0.2307692308,2.0000000000,0.3769230769,0.0098000000,1.0816346857,-0.0044564243,1.0627657665,0.0132189957,1.1193946893,0.5815873324,-0.0815268793,1.7697163630,7.1336881498,1.0000000000,0.0000000000,0.6666666667,0.0020000000,1.0824767355,0.0341050783,1.1009127085,0.0167878713
7,2,42,false,ret60_ret5_top8_riskoff0,ret60_ret5,ret60;ret5,8,0.000000,2023-07-14,2025-08-12,2025-08-13,2025-11-17,1.0466840483,0.0231221810,-0.1396083235,0.2708952336,0.1656217941,0.2307692308,2.0000000000,0.3269230769,0.0085000000,1.0816346857,-0.0323127927,1.0627657665,-0.0151319497,1.1048928884,0.4999457897,-0.0695135914,1.8674001024,7.1920581222,1.0000000000,0.0000000000,0.7500000000,0.0022500000,1.0824767355,0.0207082076,1.1009127085,0.0036153456
7,3,22,false,ret60_ret120_ret5_top8_riskoff0,ret60_ret120_ret5,ret60;ret120;ret5,8,0.000000,2023-07-14,2025-08-12,2025-08-13,2025-11-17,1.0228334874,0.0113750033,-0.1541759723,0.1589073029,0.0737793520,0.2307692308,2.0000000000,0.3076923077,0.0080000000,1.0816346857,-0.0543632699,1.0627657665,-0.0375739230,1.1304212357,0.6458721187,-0.0772852027,2.2015216379,8.3569958535,0.7500000000,1.0000000000,0.6666666667,0.0020000000,1.0824767355,0.0442914833,1.1009127085,0.0268036939
7,4,41,false,ret60_ret5_top8_riskoff0p3,ret60_ret5,ret60;ret5,8,0.300000,2023-07-14,2025-08-12,2025-08-13,2025-11-17,1.0191435520,0.0095454291,-0.1461939454,0.1396664287,0.0652929168,0.3846153846,7.0000000000,0.5144230769,0.0133750000,1.0816346857,-0.0577747131,1.0627657665,-0.0410459349,1.1048928884,0.4999457897,-0.0695135914,1.8674001024,7.1920581222,1.0000000000,0.0000000000,0.7500000000,0.0022500000,1.0824767355,0.0207082076,1.1009127085,0.0036153456
7,5,30,false,ret60_ret5_top5_riskoff0p3,ret60_ret5,ret60;ret5,5,0.300000,2023-07-14,2025-08-12,2025-08-13,2025-11-17,1.0155481228,0.0077595314,-0.1764047076,0.1244670287,0.0439870993,0.4230769231,4.0000000000,0.5961538462,0.0155000000,1.0816346857,-0.0610987830,1.0627657665,-0.0444290221,1.1193946893,0.5815873324,-0.0815268793,1.7697163630,7.1336881498,1.0000000000,0.0000000000,0.6666666667,0.0020000000,1.0824767355,0.0341050783,1.1009127085,0.0167878713
7,6,16,false,ret60_ret120_top8_riskoff0,ret60_ret120,ret60;ret120,8,0.000000,2023-07-14,2025-08-12,2025-08-13,2025-11-17,1.0084373626,0.0042182070,-0.1649313544,0.0939143743,0.0255755314,0.2307692308,2.0000000000,0.3076923077,0.0080000000,1.0816346857,-0.0676728697,1.0627657665,-0.0511198287,1.1490680229,0.7590420819,-0.0730032808,2.5269193257,10.3973694549,0.7500000000,1.0000000000,0.5000000000,0.0015000000,1.0824767355,0.0615175229,1.1009127085,0.0437412649
7,7,6,false,ret60_top5_riskoff0,ret60,ret60,5,0.000000,2023-07-14,2025-08-12,2025-08-13,2025-11-17,1.0055235669,0.0027634709,-0.1780787642,0.0822915626,0.0155182504,0.2307692308,2.0000000000,0.3307692308,0.0086000000,1.0816346857,-0.0703667512,1.0627657665,-0.0538615388,1.1971749135,1.0781306952,-0.0803628430,2.6935317683,13.4157858949,1.0000000000,0.0000000000,0.2666666667,0.0008000000,1.0824767355,0.1059590236,1.1009127085,0.0874385446
7,8,31,false,ret60_ret5_top3_riskoff0,ret60_ret5,ret60;ret5,3,0.000000,2023-07-14,2025-08-12,2025-08-13,2025-11-17,1.0049612212,0.0024824731,-0.1745627622,0.0764679334,0.0142210922,0.2307692308,2.0000000000,0.3807692308,0.0099000000,1.0816346857,-0.0708866547,1.0627657665,-0.0543906730,1.1186438064,0.5772796407,-0.0808174452,1.7901622097,7.1430077923,0.5000000000,2.0000000000,0.6000000000,0.0018000000,1.0824767355,0.0334114071,1.1009127085,0.0161058164
7,9,23,false,ret60_ret120_ret5_top8_riskoff0p3,ret60_ret120_ret5,ret60;ret120;ret5,8,0.300000,2023-07-14,2025-08-12,2025-08-13,2025-11-17,1.0009011676,0.0004513781,-0.1621709405,0.0646756071,0.0027833478,0.4230769231,4.0000000000,0.4721153846,0.0122750000,1.0816346857,-0.0746402821,1.0627657665,-0.0582109443,1.1304212357,0.6458721187,-0.0772852027,2.2015216379,8.3569958535,0.7500000000,1.0000000000,0.6666666667,0.0020000000,1.0824767355,0.0442914833,1.1009127085,0.0268036939
7,10,20,false,ret60_ret120_ret5_top5_riskoff0,ret60_ret120_ret5,ret60;ret120;ret5,5,0.000000,2023-07-14,2025-08-12,2025-08-13,2025-11-17,0.9983264179,-0.0008388051,-0.1772706920,0.0497804075,-0.0047317752,0.2307692308,2.0000000000,0.3615384615,0.0094000000,1.0816346857,-0.0770207066,1.0627657665,-0.0606336322,1.1483715815,0.7547127529,-0.0803628430,2.1882788492,9.3913147544,1.0000000000,0.0000000000,0.4000000000,0.0012000000,1.0824767355,0.0608741452,1.1009127085,0.0431086612
7,11,40,false,ret60_ret5_top8_riskoff0p5,ret60_ret5,ret60;ret5,8,0.500000,2023-07-14,2025-08-12,2025-08-13,2025-11-17,0.9979326079,-0.0010362859,-0.1789261700,0.0617183712,-0.0057916958,0.3846153846,7.0000000000,0.6394230769,0.0166250000,1.0816346857,-0.0773847944,1.0627657665,-0.0610041842,1.1048928884,0.4999457897,-0.0695135914,1.8674001024,7.1920581222,1.0000000000,0.0000000000,0.7500000000,0.0022500000,1.0824767355,0.0207082076,1.1009127085,0.0036153456
7,12,13,false,all_factors_top5_riskoff0,all_factors,ret20;ret60;ret120;amount_strength;vol20;ret5,5,0.000000,2023-07-14,2025-08-12,2025-08-13,2025-11-17,0.9943586017,-0.0028302963,-0.1686900289,0.0326048903,-0.0167780889,0.2307692308,2.0000000000,0.3923076923,0.0102000000,1.0816346857,-0.0806890581,1.0627657665,-0.0643671135,1.1506778380,0.7690800898,-0.0763630810,2.2659014015,10.0713601345,1.0000000000,0.0000000000,0.9333333333,0.0028000000,1.0824767355,0.0630046820,1.1009127085,0.0452035199
7,13,11,false,ret60_top8_riskoff0,ret60,ret60,8,0.000000,2023-07-14,2025-08-12,2025-08-13,2025-11-17,0.9885376745,-0.0057590745,-0.1680733211,0.0021859681,-0.0342652508,0.1923076923,2.0000000000,0.3365384615,0.0087500000,1.0816346857,-0.0860706599,1.0627657665,-0.0698442632,1.1570200944,0.8090481075,-0.0675716352,2.5955903277,11.9731911996,1.0000000000,0.0000000000,0.5000000000,0.0015000000,1.0824767355,0.0688637053,1.1009127085,0.0509644275
7,14,1,false,ret60_ret120_top5_riskoff0,ret60_ret120,ret60;ret120,5,0.000000,2023-07-14,2025-08-12,2025-08-13,2025-11-17,0.9839487435,-0.0080740499,-0.1966588609,-0.0086811173,-0.0410561206,0.2307692308,2.0000000000,0.3307692308,0.0086000000,1.0816346857,-0.0903132485,1.0627657665,-0.0741621771,1.1971749135,1.0781306952,-0.0803628430,2.6935317683,13.4157858949,1.0000000000,0.0000000000,0.2666666667,0.0008000000,1.0824767355,0.1059590236,1.1009127085,0.0874385446
7,15,24,false,ret60_ret120_ret5_top8_riskoff0p5,ret60_ret120_ret5,ret60;ret120;ret5,8,0.500000,2023-07-14,2025-08-12,2025-08-13,2025-11-17,0.9831402553,-0.0084824653,-0.1689507929,0.0116425118,-0.0502067209,0.4230769231,4.0000000000,0.5817307692,0.0151250000,1.0816346857,-0.0910607174,1.0627657665,-0.0749229169,1.1304212357,0.6458721187,-0.0772852027,2.2015216379,8.3569958535,0.7500000000,1.0000000000,0.6666666667,0.0020000000,1.0824767355,0.0442914833,1.1009127085,0.0268036939
7,16,39,false,ret60_top3_riskoff0,ret60,ret60,3,0.000000,2023-07-14,2025-08-12,2025-08-13,2025-11-17,0.9805498223,-0.0097921767,-0.1759147271,-0.0278417502,-0.0556643375,0.2307692308,2.0000000000,0.3346153846,0.0087000000,1.0816346857,-0.0934556414,1.0627657665,-0.0773603617,1.1058691009,0.5053396104,-0.0841955185,1.5641475325,6.0019775330,0.5000000000,2.0000000000,0.8000000000,0.0024000000,1.0824767355,0.0216100399,1.1009127085,0.0045020758
7,17,50,false,ret60_ret120_ret5_top3_riskoff0,ret60_ret120_ret5,ret60;ret120;ret5,3,0.000000,2023-07-14,2025-08-12,2025-08-13,2025-11-17,0.9787917725,-0.0106820227,-0.1773984893,-0.0392102535,-0.0602148458,0.2692307692,2.0000000000,0.3807692308,0.0099000000,1.0816346857,-0.0950810052,1.0627657665,-0.0790145831,1.0694767230,0.3139152952,-0.0847280310,1.1007893671,3.7049756908,0.5000000000,2.0000000000,0.6000000000,0.0018000000,1.0824767355,-0.0120095076,1.1009127085,-0.0285544760
7,18,52,false,all_factors_top3_riskoff0,all_factors,ret20;ret60;ret120;amount_strength;vol20;ret5,3,0.000000,2023-07-14,2025-08-12,2025-08-13,2025-11-17,0.9755280178,-0.0123361062,-0.1679040754,-0.0447266053,-0.0734711540,0.2307692308,2.0000000000,0.3576923077,0.0093000000,1.0816346857,-0.0980984331,1.0627657665,-0.0820855841,1.0629503939,0.2816295281,-0.0911665696,1.0388612247,3.0891754438,0.5000000000,2.0000000000,1.2000000000,0.0036000000,1.0824767355,-0.0180385785,1.1009127085,-0.0344825837
7,19,17,false,ret60_ret120_top8_riskoff0p3,ret60_ret120,ret60;ret120,8,0.300000,2023-07-14,2025-08-12,2025-08-13,2025-11-17,0.9733895311,-0.0134213974,-0.1809490601,-0.0449643858,-0.0741722414,0.4230769231,4.0000000000,0.4663461538,0.0121250000,1.0816346857,-0.1000755209,1.0627657665,-0.0840977741,1.1490680229,0.7590420819,-0.0730032808,2.5269193257,10.3973694549,0.7500000000,1.0000000000,0.5000000000,0.0015000000,1.0824767355,0.0615175229,1.1009127085,0.0437412649
7,20,29,false,ret60_ret5_top5_riskoff0p5,ret60_ret5,ret60;ret5,5,0.500000,2023-07-14,2025-08-12,2025-08-13,2025-11-17,0.9733044645,-0.0134645936,-0.1956424857,-0.0217844169,-0.0688224419,0.4230769231,4.0000000000,0.7423076923,0.0193000000,1.0816346857,-0.1001541672,1.0627657665,-0.0841778168,1.1193946893,0.5815873324,-0.0815268793,1.7697163630,7.1336881498,1.0000000000,0.0000000000,0.6666666667,0.0020000000,1.0824767355,0.0341050783,1.1009127085,0.0167878713
7,21,45,false,ret60_ret120_top3_riskoff0,ret60_ret120,ret60;ret120,3,0.000000,2023-07-14,2025-08-12,2025-08-13,2025-11-17,0.9728080639,-0.0137167001,-0.1919062622,-0.0581671631,-0.0714760424,0.2307692308,2.0000000000,0.3576923077,0.0093000000,1.0816346857,-0.1006131028,1.0627657665,-0.0846449005,1.0999031993,0.4726037132,-0.0871780139,1.5003072206,5.4211342048,0.5000000000,1.0000000000,0.6000000000,0.0018000000,1.0824767355,0.0160986959,1.1009127085,-0.0009169747
7,22,34,false,all_factors_top8_riskoff0,all_factors,ret20;ret60;ret120;amount_strength;vol20;ret5,8,0.000000,2023-07-14,2025-08-12,2025-08-13,2025-11-17,0.9688124955,-0.0157482683,-0.1722938805,-0.0899388360,-0.0914035264,0.2307692308,2.0000000000,0.3653846154,0.0095000000,1.0816346857,-0.1043071119,1.0627657665,-0.0884044951,1.1089986361,0.5227297163,-0.0771403874,1.8581615551,6.7763429019,0.5000000000,2.0000000000,0.9166666667,0.0027500000,1.0824767355,0.0245011276,1.1009127085,0.0073447491
7,23,2,false,ret60_top5_riskoff0p3,ret60,ret60,5,0.300000,2023-07-14,2025-08-12,2025-08-13,2025-11-17,0.9647248612,-0.0178309790,-0.2024229530,-0.0713437025,-0.0880877326,0.4230769231,4.0000000000,0.5453846154,0.0141800000,1.0816346857,-0.1080862384,1.0627657665,-0.0922507182,1.1971749135,1.0781306952,-0.0803628430,2.6935317683,13.4157858949,1.0000000000,0.0000000000,0.2666666667,0.0008000000,1.0824767355,0.1059590236,1.1009127085,0.0874385446
7,24,12,false,ret60_top8_riskoff0p3,ret60,ret60,8,0.300000,2023-07-14,2025-08-12,2025-08-13,2025-11-17,0.9514573410,-0.0246214988,-0.1822515735,-0.1421966575,-0.1350962208,0.4230769231,4.0000000000,0.5384615385,0.0140000000,1.0816346857,-0.1203524133,1.0627657665,-0.1047346734,1.1570200944,0.8090481075,-0.0675716352,2.5955903277,11.9731911996,1.0000000000,0.0000000000,0.5000000000,0.0015000000,1.0824767355,0.0688637053,1.1009127085,0.0509644275
7,25,18,false,ret60_ret120_top8_riskoff0p5,ret60_ret120,ret60;ret120,8,0.500000,2023-07-14,2025-08-12,2025-08-13,2025-11-17,0.9475377104,-0.0266366546,-0.1931155271,-0.1134698732,-0.1379311909,0.4230769231,4.0000000000,0.5721153846,0.0148750000,1.0816346857,-0.1239762158,1.0627657665,-0.1084228149,1.1490680229,0.7590420819,-0.0730032808,2.5269193257,10.3973694549,0.7500000000,1.0000000000,0.5000000000,0.0015000000,1.0824767355,0.0615175229,1.1009127085,0.0437412649
7,26,15,false,all_factors_top5_riskoff0p3,all_factors,ret20;ret60;ret120;amount_strength;vol20;ret5,5,0.300000,2023-07-14,2025-08-12,2025-08-13,2025-11-17,0.9423231163,-0.0293240349,-0.1856915421,-0.1726088773,-0.1579179887,0.5000000000,4.0000000000,0.6438461538,0.0167400000,1.0816346857,-0.1287972467,1.0627657665,-0.1133294410,1.1506778380,0.7690800898,-0.0763630810,2.2659014015,10.0713601345,1.0000000000,0.0000000000,0.9333333333,0.0028000000,1.0824767355,0.0630046820,1.1009127085,0.0452035199
7,27,19,false,ret60_ret120_ret5_top5_riskoff0p3,ret60_ret120_ret5,ret60;ret120;ret5,5,0.300000,2023-07-14,2025-08-12,2025-08-13,2025-11-17,0.9410542549,-0.0299790738,-0.2033251495,-0.1770617853,-0.1474440025,0.4230769231,4.0000000000,0.5669230769,0.0147400000,1.0816346857,-0.1299703427,1.0627657665,-0.1145233648,1.1483715815,0.7547127529,-0.0803628430,2.1882788492,9.3913147544,1.0000000000,0.0000000000,0.4000000000,0.0012000000,1.0824767355,0.0608741452,1.1009127085,0.0431086612
7,28,35,false,all_factors_top8_riskoff0p3,all_factors,ret20;ret60;ret120;amount_strength;vol20;ret5,8,0.300000,2023-07-14,2025-08-12,2025-08-13,2025-11-17,0.9367162214,-0.0322218827,-0.1882103371,-0.2090772826,-0.1712014504,0.4230769231,4.0000000000,0.5788461538,0.0150500000,1.0816346857,-0.1339809699,1.0627657665,-0.1186051988,1.1089986361,0.5227297163,-0.0771403874,1.8581615551,6.7763429019,0.5000000000,2.0000000000,0.9166666667,0.0027500000,1.0824767355,0.0245011276,1.1009127085,0.0073447491
7,29,53,false,all_factors_top3_riskoff0p3,all_factors,ret20;ret60;ret120;amount_strength;vol20;ret5,3,0.300000,2023-07-14,2025-08-12,2025-08-13,2025-11-17,0.9365223309,-0.0323222470,-0.1920872088,-0.1843631456,-0.1682686068,0.4230769231,7.0000000000,0.6230769231,0.0162000000,1.0816346857,-0.1341602268,1.0627657665,-0.1187876384,1.0629503939,0.2816295281,-0.0911665696,1.0388612247,3.0891754438,0.5000000000,2.0000000000,1.2000000000,0.0036000000,1.0824767355,-0.0180385785,1.1009127085,-0.0344825837
7,30,37,false,ret60_top3_riskoff0p3,ret60,ret60,3,0.300000,2023-07-14,2025-08-12,2025-08-13,2025-11-17,0.9363909775,-0.0323902459,-0.2063806088,-0.1892825116,-0.1569442308,0.3846153846,5.0000000000,0.5769230769,0.0150000000,1.0816346857,-0.1342816666,1.0627657665,-0.1189112342,1.1058691009,0.5053396104,-0.0841955185,1.5641475325,6.0019775330,0.5000000000,2.0000000000,0.8000000000,0.0024000000,1.0824767355,0.0216100399,1.1009127085,0.0045020758
7,31,3,false,ret60_top5_riskoff0p5,ret60,ret60,5,0.500000,2023-07-14,2025-08-12,2025-08-13,2025-11-17,0.9347225054,-0.0332543930,-0.2207714331,-0.1433080675,-0.1506281523,0.4230769231,4.0000000000,0.6884615385,0.0179000000,1.0816346857,-0.1358242133,1.0627657665,-0.1204811682,1.1971749135,1.0781306952,-0.0803628430,2.6935317683,13.4157858949,1.0000000000,0.0000000000,0.2666666667,0.0008000000,1.0824767355,0.1059590236,1.1009127085,0.0874385446
7,32,5,false,ret60_ret120_top5_riskoff0p3,ret60_ret120,ret60;ret120,5,0.300000,2023-07-14,2025-08-12,2025-08-13,2025-11-17,0.9268015131,-0.0373674321,-0.2209227639,-0.2233072908,-0.1691425157,0.4230769231,4.0000000000,0.5407692308,0.0140600000,1.0816346857,-0.1431473811,1.0627657665,-0.1279343555,1.1971749135,1.0781306952,-0.0803628430,2.6935317683,13.4157858949,1.0000000000,0.0000000000,0.2666666667,0.0008000000,1.0824767355,0.1059590236,1.1009127085,0.0874385446
7,33,10,false,ret60_top8_riskoff0p5,ret60,ret60,8,0.500000,2023-07-14,2025-08-12,2025-08-13,2025-11-17,0.9244119345,-0.0386116812,-0.2012073169,-0.2045624358,-0.1918999853,0.4230769231,4.0000000000,0.6730769231,0.0175000000,1.0816346857,-0.1453566100,1.0627657665,-0.1301828082,1.1570200944,0.8090481075,-0.0675716352,2.5955903277,11.9731911996,1.0000000000,0.0000000000,0.5000000000,0.0015000000,1.0824767355,0.0688637053,1.1009127085,0.0509644275
7,34,44,false,ret60_ret120_top3_riskoff0p3,ret60_ret120,ret60;ret120,3,0.300000,2023-07-14,2025-08-12,2025-08-13,2025-11-17,0.9219910590,-0.0398738643,-0.2246178167,-0.2413592424,-0.1775187066,0.4230769231,5.0000000000,0.5923076923,0.0154000000,1.0816346857,-0.1475947737,1.0627657665,-0.1324607095,1.0999031993,0.4726037132,-0.0871780139,1.5003072206,5.4211342048,0.5000000000,1.0000000000,0.6000000000,0.0018000000,1.0824767355,0.0160986959,1.1009127085,-0.0009169747
7,35,32,false,ret60_ret5_top3_riskoff0p3,ret60_ret5,ret60;ret5,3,0.300000,2023-07-14,2025-08-12,2025-08-13,2025-11-17,0.9217708570,-0.0399887540,-0.2022001448,-0.2757038919,-0.1977681769,0.4230769231,4.0000000000,0.6461538462,0.0168000000,1.0816346857,-0.1477983563,1.0627657665,-0.1326679066,1.1186438064,0.5772796407,-0.0808174452,1.7901622097,7.1430077923,0.5000000000,2.0000000000,0.6000000000,0.0018000000,1.0824767355,0.0334114071,1.1009127085,0.0161058164
7,36,49,false,ret60_ret120_ret5_top3_riskoff0p3,ret60_ret120_ret5,ret60;ret120;ret5,3,0.300000,2023-07-14,2025-08-12,2025-08-13,2025-11-17,0.9202378418,-0.0407889801,-0.2108070733,-0.2668257638,-0.1934896179,0.5000000000,4.0000000000,0.6153846154,0.0160000000,1.0816346857,-0.1492156696,1.0627657665,-0.1341103836,1.0694767230,0.3139152952,-0.0847280310,1.1007893671,3.7049756908,0.5000000000,2.0000000000,0.6000000000,0.0018000000,1.0824767355,-0.0120095076,1.1009127085,-0.0285544760
7,37,27,false,price_momentum_top8_riskoff0,price_momentum,ret20;ret60;ret120,8,0.000000,2023-07-14,2025-08-12,2025-08-13,2025-11-17,0.9135220883,-0.0443024345,-0.1731163222,-0.3114110120,-0.2559113660,0.1538461538,4.0000000000,0.3942307692,0.0102500000,1.0816346857,-0.1554245621,1.0627657665,-0.1404295122,1.1299689658,0.6431972891,-0.0678669949,2.2661337186,9.4773208944,0.7500000000,1.0000000000,0.7500000000,0.0022500000,1.0824767355,0.0438736730,1.1009127085,0.0263928803
7,38,36,false,all_factors_top8_riskoff0p5,all_factors,ret20;ret60;ret120;amount_strength;vol20;ret5,8,0.500000,2023-07-14,2025-08-12,2025-08-13,2025-11-17,0.9131305715,-0.0445076598,-0.2007385897,-0.2552626548,-0.2217195002,0.4230769231,4.0000000000,0.7211538462,0.0187500000,1.0816346857,-0.1557865298,1.0627657665,-0.1407979065,1.1089986361,0.5227297163,-0.0771403874,1.8581615551,6.7763429019,0.5000000000,2.0000000000,0.9166666667,0.0027500000,1.0824767355,0.0245011276,1.1009127085,0.0073447491
7,39,54,false,all_factors_top3_riskoff0p5,all_factors,ret20;ret60;ret120;amount_strength;vol20;ret5,3,0.500000,2023-07-14,2025-08-12,2025-08-13,2025-11-17,0.9082442359,-0.0470726823,-0.2097079756,-0.2438601217,-0.2244677734,0.4230769231,7.0000000000,0.8000000000,0.0208000000,1.0816346857,-0.1603040769,1.0627657665,-0.1453956605,1.0629503939,0.2816295281,-0.0911665696,1.0388612247,3.0891754438,0.5000000000,2.0000000000,1.2000000000,0.0036000000,1.0824767355,-0.0180385785,1.1009127085,-0.0344825837
7,40,14,false,all_factors_top5_riskoff0p5,all_factors,ret20;ret60;ret120;amount_strength;vol20;ret5,5,0.500000,2023-07-14,2025-08-12,2025-08-13,2025-11-17,0.9062745218,-0.0481086067,-0.2082334844,-0.2677359203,-0.2310320401,0.5000000000,4.0000000000,0.8115384615,0.0211000000,1.0816346857,-0.1621251299,1.0627657665,-0.1472490455,1.1506778380,0.7690800898,-0.0763630810,2.2659014015,10.0713601345,1.0000000000,0.0000000000,0.9333333333,0.0028000000,1.0824767355,0.0630046820,1.1009127085,0.0452035199
7,41,38,false,ret60_top3_riskoff0p5,ret60,ret60,3,0.500000,2023-07-14,2025-08-12,2025-08-13,2025-11-17,0.9044818495,-0.0490523972,-0.2283252040,-0.2547930457,-0.2148356657,0.3846153846,5.0000000000,0.7384615385,0.0192000000,1.0816346857,-0.1637825031,1.0627657665,-0.1489358446,1.1058691009,0.5053396104,-0.0841955185,1.5641475325,6.0019775330,0.5000000000,2.0000000000,0.8000000000,0.0024000000,1.0824767355,0.0216100399,1.1009127085,0.0045020758
7,42,25,false,price_momentum_top8_riskoff0p3,price_momentum,ret20;ret60;ret120,8,0.300000,2023-07-14,2025-08-12,2025-08-13,2025-11-17,0.9023704333,-0.0501651951,-0.1808569083,-0.3194404240,-0.2773750564,0.3846153846,6.0000000000,0.6192307692,0.0161000000,1.0816346857,-0.1657345634,1.0627657665,-0.1509225629,1.1299689658,0.6431972891,-0.0678669949,2.2661337186,9.4773208944,0.7500000000,1.0000000000,0.7500000000,0.0022500000,1.0824767355,0.0438736730,1.1009127085,0.0263928803
7,43,21,false,ret60_ret120_ret5_top5_riskoff0p5,ret60_ret120_ret5,ret60;ret120;ret5,5,0.500000,2023-07-14,2025-08-12,2025-08-13,2025-11-17,0.9016390873,-0.0505509456,-0.2230029025,-0.2809783208,-0.2266829043,0.4230769231,4.0000000000,0.7038461538,0.0183000000,1.0816346857,-0.1664107122,1.0627657665,-0.1516107163,1.1483715815,0.7547127529,-0.0803628430,2.1882788492,9.3913147544,1.0000000000,0.0000000000,0.4000000000,0.0012000000,1.0824767355,0.0608741452,1.1009127085,0.0431086612
7,44,26,false,price_momentum_top8_riskoff0p5,price_momentum,ret20;ret60;ret120,8,0.500000,2023-07-14,2025-08-12,2025-08-13,2025-11-17,0.8920759736,-0.0556094798,-0.2331618124,-0.3011480956,-0.2385016622,0.3846153846,6.0000000000,0.7692307692,0.0200000000,1.0816346857,-0.1752520648,1.0627657665,-0.1606090431,1.1299689658,0.6431972891,-0.0678669949,2.2661337186,9.4773208944,0.7500000000,1.0000000000,0.7500000000,0.0022500000,1.0824767355,0.0438736730,1.1009127085,0.0263928803
7,45,7,false,price_momentum_top5_riskoff0,price_momentum,ret20;ret60;ret120,5,0.000000,2023-07-14,2025-08-12,2025-08-13,2025-11-17,0.8897901533,-0.0568225959,-0.2025139410,-0.3823860972,-0.2805860949,0.1538461538,4.0000000000,0.4076923077,0.0106000000,1.0816346857,-0.1773653665,1.0627657665,-0.1627598655,1.1918049487,1.0405028284,-0.0781315467,2.6543152207,13.3173202399,1.0000000000,0.0000000000,0.5333333333,0.0016000000,1.0824767355,0.1009982105,1.1009127085,0.0825608057
7,46,4,false,ret60_ret120_top5_riskoff0p5,ret60_ret120,ret60;ret120,5,0.500000,2023-07-14,2025-08-12,2025-08-13,2025-11-17,0.8873482745,-0.0581202535,-0.2384077503,-0.3179723099,-0.2437850841,0.4230769231,4.0000000000,0.6807692308,0.0177000000,1.0816346857,-0.1796229482,1.0627657665,-0.1650575296,1.1971749135,1.0781306952,-0.0803628430,2.6935317683,13.4157858949,1.0000000000,0.0000000000,0.2666666667,0.0008000000,1.0824767355,0.1059590236,1.1009127085,0.0874385446
7,47,43,false,ret60_ret120_top3_riskoff0p5,ret60_ret120,ret60;ret120,3,0.500000,2023-07-14,2025-08-12,2025-08-13,2025-11-17,0.8860205045,-0.0588266019,-0.2479092344,-0.3143476979,-0.2372908863,0.4230769231,5.0000000000,0.7487179487,0.0194666667,1.0816346857,-0.1808505069,1.0627657665,-0.1663068830,1.0999031993,0.4726037132,-0.0871780139,1.5003072206,5.4211342048,0.5000000000,1.0000000000,0.6000000000,0.0018000000,1.0824767355,0.0160986959,1.1009127085,-0.0009169747
7,48,51,false,ret60_ret120_ret5_top3_riskoff0p5,ret60_ret120_ret5,ret60;ret120;ret5,3,0.500000,2023-07-14,2025-08-12,2025-08-13,2025-11-17,0.8799048927,-0.0620868316,-0.2354384272,-0.3601461354,-0.2637072987,0.5000000000,4.0000000000,0.7717948718,0.0200666667,1.0816346857,-0.1865045525,1.0627657665,-0.1720613135,1.0694767230,0.3139152952,-0.0847280310,1.1007893671,3.7049756908,0.5000000000,2.0000000000,0.6000000000,0.0018000000,1.0824767355,-0.0120095076,1.1009127085,-0.0285544760
7,49,33,false,ret60_ret5_top3_riskoff0p5,ret60_ret5,ret60;ret5,3,0.500000,2023-07-14,2025-08-12,2025-08-13,2025-11-17,0.8667290958,-0.0691494883,-0.2245122856,-0.4214824164,-0.3079986831,0.4230769231,4.0000000000,0.8230769231,0.0214000000,1.0816346857,-0.1986859267,1.0627657665,-0.1844589625,1.1186438064,0.5772796407,-0.0808174452,1.7901622097,7.1430077923,0.5000000000,2.0000000000,0.6000000000,0.0018000000,1.0824767355,0.0334114071,1.1009127085,0.0161058164
7,50,47,false,price_momentum_top3_riskoff0,price_momentum,ret20;ret60;ret120,3,0.000000,2023-07-14,2025-08-12,2025-08-13,2025-11-17,0.8653278199,-0.0699037604,-0.2060370171,-0.5010793998,-0.3392776765,0.1538461538,4.0000000000,0.4038461538,0.0105000000,1.0816346857,-0.1999814435,1.0627657665,-0.1857774806,1.0979979516,0.4622632762,-0.0959825886,1.5190210169,4.8161159531,0.5000000000,2.0000000000,1.2000000000,0.0036000000,1.0824767355,0.0143386140,1.1009127085,-0.0026475822
7,51,8,false,price_momentum_top5_riskoff0p3,price_momentum,ret20;ret60;ret120,5,0.300000,2023-07-14,2025-08-12,2025-08-13,2025-11-17,0.8596542029,-0.0729639759,-0.2283386627,-0.4594416459,-0.3195428014,0.3846153846,6.0000000000,0.6869230769,0.0178600000,1.0816346857,-0.2052268532,1.0627657665,-0.1911160201,1.1918049487,1.0405028284,-0.0781315467,2.6543152207,13.3173202399,1.0000000000,0.0000000000,0.5333333333,0.0016000000,1.0824767355,0.1009982105,1.1009127085,0.0825608057
7,52,9,false,price_momentum_top5_riskoff0p5,price_momentum,ret20;ret60;ret120,5,0.500000,2023-07-14,2025-08-12,2025-08-13,2025-11-17,0.8370480043,-0.0852584766,-0.2621971936,-0.4689676565,-0.3251692949,0.3846153846,6.0000000000,0.8730769231,0.0227000000,1.0816346857,-0.2261268843,1.0627657665,-0.2123871217,1.1918049487,1.0405028284,-0.0781315467,2.6543152207,13.3173202399,1.0000000000,0.0000000000,0.5333333333,0.0016000000,1.0824767355,0.1009982105,1.1009127085,0.0825608057
7,53,48,false,price_momentum_top3_riskoff0p3,price_momentum,ret20;ret60;ret120,3,0.300000,2023-07-14,2025-08-12,2025-08-13,2025-11-17,0.8298360354,-0.0892155222,-0.2544436439,-0.5892006507,-0.3506297932,0.3461538462,7.0000000000,0.7153846154,0.0186000000,1.0816346857,-0.2327945411,1.0627657665,-0.2191731597,1.0979979516,0.4622632762,-0.0959825886,1.5190210169,4.8161159531,0.5000000000,2.0000000000,1.2000000000,0.0036000000,1.0824767355,0.0143386140,1.1009127085,-0.0026475822
7,54,46,false,price_momentum_top3_riskoff0p5,price_momentum,ret20;ret60;ret120,3,0.500000,2023-07-14,2025-08-12,2025-08-13,2025-11-17,0.8037513532,-0.1036728611,-0.2931647170,-0.5912356616,-0.3536334869,0.3461538462,7.0000000000,0.9230769231,0.0240000000,1.0816346857,-0.2569105227,1.0627657665,-0.2437173095,1.0979979516,0.4622632762,-0.0959825886,1.5190210169,4.8161159531,0.5000000000,2.0000000000,1.2000000000,0.0036000000,1.0824767355,0.0143386140,1.1009127085,-0.0026475822
8,1,4,true,ret60_top5_riskoff0,ret60,ret60,5,0.000000,2023-10-20,2025-11-17,2025-11-18,2026-02-24,1.2294646070,0.1090399649,-0.1780787642,0.7425546992,0.6123131266,0.3461538462,2.0000000000,0.3615384615,0.0094000000,1.2996905390,-0.0540328101,1.3097655950,-0.0613094345,1.1963448990,1.0722807960,-0.0565546973,3.0768637785,18.9600660306,0.7500000000,1.0000000000,0.6666666667,0.0020000000,1.0798885753,0.1078410554,1.0305044230,0.1609313578
8,2,18,false,ret60_ret5_top5_riskoff0,ret60_ret5,ret60;ret5,5,0.000000,2023-10-20,2025-11-17,2025-11-18,2026-02-24,1.2292402910,0.1089385869,-0.1503545535,0.7677394682,0.7245446467,0.3461538462,2.0000000000,0.4538461538,0.0118000000,1.2996905390,-0.0542054019,1.3097655950,-0.0614806988,1.1800284551,0.9597837146,-0.0597776966,3.0260380877,16.0558831872,0.5000000000,1.0000000000,0.8000000000,0.0024000000,1.0798885753,0.0927316781,1.0305044230,0.1450979043
8,3,6,false,ret60_top5_riskoff0p3,ret60,ret60,5,0.300000,2023-10-20,2025-11-17,2025-11-18,2026-02-24,1.2257986612,0.1073820081,-0.2024229530,0.6976940624,0.5304833590,0.5769230769,4.0000000000,0.5346153846,0.0139000000,1.2996905390,-0.0568534398,1.3097655950,-0.0641083672,1.1963448990,1.0722807960,-0.0565546973,3.0768637785,18.9600660306,0.7500000000,1.0000000000,0.6666666667,0.0020000000,1.0798885753,0.1078410554,1.0305044230,0.1609313578
8,4,5,false,ret60_top5_riskoff0p5,ret60,ret60,5,0.500000,2023-10-20,2025-11-17,2025-11-18,2026-02-24,1.2188761121,0.1042444617,-0.2207714331,0.6341745711,0.4721827466,0.5769230769,4.0000000000,0.6500000000,0.0169000000,1.2996905390,-0.0621797455,1.3097655950,-0.0693937016,1.1963448990,1.0722807960,-0.0565546973,3.0768637785,18.9600660306,0.7500000000,1.0000000000,0.6666666667,0.0020000000,1.0798885753,0.1078410554,1.0305044230,0.1609313578
8,5,16,false,ret60_ret5_top5_riskoff0p3,ret60_ret5,ret60;ret5,5,0.300000,2023-10-20,2025-11-17,2025-11-18,2026-02-24,1.2105000821,0.1004362332,-0.1764047076,0.6836002445,0.5693512067,0.5769230769,4.0000000000,0.6269230769,0.0163000000,1.2996905390,-0.0686243796,1.3097655950,-0.0757887620,1.1800284551,0.9597837146,-0.0597776966,3.0260380877,16.0558831872,0.5000000000,1.0000000000,0.8000000000,0.0024000000,1.0798885753,0.0927316781,1.0305044230,0.1450979043
8,6,11,false,ret60_ret120_top5_riskoff0,ret60_ret120,ret60;ret120,5,0.000000,2023-10-20,2025-11-17,2025-11-18,2026-02-24,1.2030848356,0.0970538445,-0.1966588609,0.6678333464,0.4935137124,0.3461538462,2.0000000000,0.3615384615,0.0094000000,1.2996905390,-0.0743297735,1.3097655950,-0.0814502684,1.1899816119,1.0278441150,-0.0623033833,2.8341014496,16.4974044783,0.7500000000,1.0000000000,0.2666666667,0.0008000000,1.0798885753,0.1019485150,1.0305044230,0.1547564332
8,7,23,false,ret60_ret120_ret5_top8_riskoff0p5,ret60_ret120_ret5,ret60;ret120;ret5,8,0.500000,2023-10-20,2025-11-17,2025-11-18,2026-02-24,1.2019638006,0.0965415916,-0.1689507929,0.6454418591,0.5714183993,0.5384615385,4.0000000000,0.5961538462,0.0155000000,1.2996905390,-0.0751923134,1.3097655950,-0.0823061735,1.1703565576,0.8953106232,-0.0561132036,3.1042229131,15.9554359043,0.7500000000,1.0000000000,0.5000000000,0.0015000000,1.0798885753,0.0837752934,1.0305044230,0.1357123090
8,8,45,false,ret60_ret5_top8_riskoff0p5,ret60_ret5,ret60;ret5,8,0.500000,2023-10-20,2025-11-17,2025-11-18,2026-02-24,1.1945540610,0.0931497250,-0.1519971173,0.6412508675,0.6128387606,0.5384615385,4.0000000000,0.6586538462,0.0171250000,1.2996905390,-0.0808934703,1.3097655950,-0.0879634756,1.1519679737,0.7771558610,-0.0504479897,2.9029753249,15.4050907735,0.7500000000,1.0000000000,0.8333333333,0.0025000000,1.0798885753,0.0667470700,1.0305044230,0.1178680537
8,9,17,false,ret60_ret5_top5_riskoff0p5,ret60_ret5,ret60;ret5,5,0.500000,2023-10-20,2025-11-17,2025-11-18,2026-02-24,1.1943959300,0.0930772250,-0.1956424857,0.5999661458,0.4757515971,0.5769230769,4.0000000000,0.7423076923,0.0193000000,1.2996905390,-0.0810151385,1.3097655950,-0.0880842079,1.1800284551,0.9597837146,-0.0597776966,3.0260380877,16.0558831872,0.5000000000,1.0000000000,0.8000000000,0.0024000000,1.0798885753,0.0927316781,1.0305044230,0.1450979043
8,10,22,false,ret60_ret120_ret5_top8_riskoff0p3,ret60_ret120_ret5,ret60;ret120;ret5,8,0.300000,2023-10-20,2025-11-17,2025-11-18,2026-02-24,1.1928934185,0.0923881139,-0.1621709405,0.6729123609,0.5696958629,0.5384615385,4.0000000000,0.5115384615,0.0133000000,1.2996905390,-0.0821711918,1.3097655950,-0.0892313685,1.1703565576,0.8953106232,-0.0561132036,3.1042229131,15.9554359043,0.7500000000,1.0000000000,0.5000000000,0.0015000000,1.0798885753,0.0837752934,1.0305044230,0.1357123090
8,11,43,false,ret60_ret5_top8_riskoff0p3,ret60_ret5,ret60;ret5,8,0.300000,2023-10-20,2025-11-17,2025-11-18,2026-02-24,1.1892301620,0.0907061822,-0.1461939454,0.6792419792,0.6204510179,0.5384615385,4.0000000000,0.5605769231,0.0145750000,1.2996905390,-0.0849897523,1.3097655950,-0.0920282480,1.1519679737,0.7771558610,-0.0504479897,2.9029753249,15.4050907735,0.7500000000,1.0000000000,0.8333333333,0.0025000000,1.0798885753,0.0667470700,1.0305044230,0.1178680537
8,12,48,false,ret60_ret120_top8_riskoff0p3,ret60_ret120,ret60;ret120,8,0.300000,2023-10-20,2025-11-17,2025-11-18,2026-02-24,1.1792274295,0.0861003580,-0.1809490601,0.6257821221,0.4758265002,0.5384615385,4.0000000000,0.4923076923,0.0128000000,1.2996905390,-0.0926859940,1.3097655950,-0.0996652881,1.1494984521,0.7617218076,-0.0555744800,2.6524480391,13.7063236172,0.7500000000,1.0000000000,0.5000000000,0.0015000000,1.0798885753,0.0644602400,1.0305044230,0.1154716336
8,13,12,false,ret60_ret120_top5_riskoff0p3,ret60_ret120,ret60;ret120,5,0.300000,2023-10-20,2025-11-17,2025-11-18,2026-02-24,1.1784001062,0.0857185401,-0.2209227639,0.5778255246,0.3880022982,0.5769230769,4.0000000000,0.5346153846,0.0139000000,1.2996905390,-0.0933225481,1.3097655950,-0.1002969457,1.1899816119,1.0278441150,-0.0623033833,2.8341014496,16.4974044783,0.7500000000,1.0000000000,0.2666666667,0.0008000000,1.0798885753,0.1019485150,1.0305044230,0.1547564332
8,14,47,false,ret60_ret120_top8_riskoff0p5,ret60_ret120,ret60;ret120,8,0.500000,2023-10-20,2025-11-17,2025-11-18,2026-02-24,1.1774508027,0.0852802623,-0.1931155271,0.5774756041,0.4416023073,0.5384615385,4.0000000000,0.5769230769,0.0150000000,1.2996905390,-0.0940529554,1.3097655950,-0.1010217346,1.1494984521,0.7617218076,-0.0555744800,2.6524480391,13.7063236172,0.7500000000,1.0000000000,0.5000000000,0.0015000000,1.0798885753,0.0644602400,1.0305044230,0.1154716336
8,15,46,false,ret60_ret120_top8_riskoff0,ret60_ret120,ret60;ret120,8,0.000000,2023-10-20,2025-11-17,2025-11-18,2026-02-24,1.1764549296,0.0848202946,-0.1649313544,0.6496995782,0.5142763482,0.3076923077,2.0000000000,0.3653846154,0.0095000000,1.2996905390,-0.0948191940,1.3097655950,-0.1017820790,1.1494984521,0.7617218076,-0.0555744800,2.6524480391,13.7063236172,0.7500000000,1.0000000000,0.5000000000,0.0015000000,1.0798885753,0.0644602400,1.0305044230,0.1154716336
8,16,44,false,ret60_ret5_top8_riskoff0,ret60_ret5,ret60;ret5,8,0.000000,2023-10-20,2025-11-17,2025-11-18,2026-02-24,1.1760448048,0.0846308122,-0.1396083235,0.6762702154,0.6062017658,0.3461538462,2.0000000000,0.4134615385,0.0107500000,1.2996905390,-0.0951347498,1.3097655950,-0.1020952075,1.1519679737,0.7771558610,-0.0504479897,2.9029753249,15.4050907735,0.7500000000,1.0000000000,0.8333333333,0.0025000000,1.0798885753,0.0667470700,1.0305044230,0.1178680537
8,17,24,false,ret60_ret120_ret5_top8_riskoff0,ret60_ret120_ret5,ret60;ret120;ret5,8,0.000000,2023-10-20,2025-11-17,2025-11-18,2026-02-24,1.1738858638,0.0836328124,-0.1541759723,0.6522425397,0.5424503646,0.3076923077,2.0000000000,0.3846153846,0.0100000000,1.2996905390,-0.0967958691,1.3097655950,-0.1037435490,1.1703565576,0.8953106232,-0.0561132036,3.1042229131,15.9554359043,0.7500000000,1.0000000000,0.5000000000,0.0015000000,1.0798885753,0.0837752934,1.0305044230,0.1357123090
8,18,15,false,ret60_ret120_ret5_top5_riskoff0,ret60_ret120_ret5,ret60;ret120;ret5,5,0.000000,2023-10-20,2025-11-17,2025-11-18,2026-02-24,1.1706900567,0.0821538243,-0.1772706920,0.6002955493,0.4634371500,0.3461538462,2.0000000000,0.4076923077,0.0106000000,1.2996905390,-0.0992547676,1.3097655950,-0.1061835330,1.1820135338,0.9732182154,-0.0565546973,2.9414790142,17.2084417581,0.7500000000,1.0000000000,0.6666666667,0.0020000000,1.0798885753,0.0945699036,1.0305044230,0.1470242218
8,19,49,false,all_factors_top5_riskoff0,all_factors,ret20;ret60;ret120;amount_strength;vol20;ret5,5,0.000000,2023-10-20,2025-11-17,2025-11-18,2026-02-24,1.1694428615,0.0815760881,-0.1686900289,0.5999315696,0.4835857145,0.3461538462,2.0000000000,0.5000000000,0.0130000000,1.2996905390,-0.1002143769,1.3097655950,-0.1071357608,1.1412562218,0.7109399697,-0.0584153400,2.3879857958,12.1704327893,0.7500000000,1.0000000000,1.2000000000,0.0036000000,1.0798885753,0.0568277579,1.0305044230,0.1074733853
8,20,42,false,ret60_top8_riskoff0p3,ret60,ret60,8,0.300000,2023-10-20,2025-11-17,2025-11-18,2026-02-24,1.1645649308,0.0793135342,-0.1822515735,0.5874395194,0.4351871025,0.5769230769,4.0000000000,0.5586538462,0.0145250000,1.2996905390,-0.1039675247,1.3097655950,-0.1108600384,1.1576229611,0.8128824075,-0.0566278961,2.8615273916,14.3548050237,0.7500000000,1.0000000000,0.6666666667,0.0020000000,1.0798885753,0.0719837098,1.0305044230,0.1233556454
8,21,40,false,ret60_top8_riskoff0,ret60,ret60,8,0.000000,2023-10-20,2025-11-17,2025-11-18,2026-02-24,1.1632300887,0.0786935643,-0.1680733211,0.6140962041,0.4682097301,0.3076923077,2.0000000000,0.3942307692,0.0102500000,1.2996905390,-0.1049945708,1.3097655950,-0.1118791842,1.1576229611,0.8128824075,-0.0566278961,2.8615273916,14.3548050237,0.7500000000,1.0000000000,0.6666666667,0.0020000000,1.0798885753,0.0719837098,1.0305044230,0.1233556454
8,22,41,false,ret60_top8_riskoff0p5,ret60,ret60,8,0.500000,2023-10-20,2025-11-17,2025-11-18,2026-02-24,1.1618424640,0.0780487029,-0.1937239694,0.5390538978,0.4028861435,0.5769230769,4.0000000000,0.6682692308,0.0173750000,1.2996905390,-0.1060622286,1.3097655950,-0.1129386293,1.1576229611,0.8128824075,-0.0566278961,2.8615273916,14.3548050237,0.7500000000,1.0000000000,0.6666666667,0.0020000000,1.0798885753,0.0719837098,1.0305044230,0.1233556454
8,23,51,false,all_factors_top5_riskoff0p3,all_factors,ret20;ret60;ret120;amount_strength;vol20;ret5,5,0.300000,2023-10-20,2025-11-17,2025-11-18,2026-02-24,1.1601710904,0.0772714664,-0.1856915421,0.5505866524,0.4161280884,0.6538461538,4.0000000000,0.7007692308,0.0182200000,1.2996905390,-0.1073482067,1.3097655950,-0.1142147153,1.1412562218,0.7109399697,-0.0584153400,2.3879857958,12.1704327893,0.7500000000,1.0000000000,1.2000000000,0.0036000000,1.0798885753,0.0568277579,1.0305044230,0.1074733853
8,24,10,false,ret60_ret120_top5_riskoff0p5,ret60_ret120,ret60;ret120,5,0.500000,2023-10-20,2025-11-17,2025-11-18,2026-02-24,1.1584264051,0.0764595416,-0.2384077503,0.4973182799,0.3207091276,0.5769230769,4.0000000000,0.6500000000,0.0169000000,1.2996905390,-0.1086905919,1.3097655950,-0.1155467745,1.1899816119,1.0278441150,-0.0623033833,2.8341014496,16.4974044783,0.7500000000,1.0000000000,0.2666666667,0.0008000000,1.0798885753,0.1019485150,1.0305044230,0.1547564332
8,25,13,false,ret60_ret120_ret5_top5_riskoff0p3,ret60_ret120_ret5,ret60;ret120;ret5,5,0.300000,2023-10-20,2025-11-17,2025-11-18,2026-02-24,1.1518141282,0.0733768315,-0.2033251495,0.5244136009,0.3608841883,0.5769230769,4.0000000000,0.5761538462,0.0149800000,1.2996905390,-0.1137781698,1.3097655950,-0.1205952175,1.1820135338,0.9732182154,-0.0565546973,2.9414790142,17.2084417581,0.7500000000,1.0000000000,0.6666666667,0.0020000000,1.0798885753,0.0945699036,1.0305044230,0.1470242218
8,26,50,false,all_factors_top5_riskoff0p5,all_factors,ret20;ret60;ret120;amount_strength;vol20;ret5,5,0.500000,2023-10-20,2025-11-17,2025-11-18,2026-02-24,1.1506616194,0.0728386174,-0.1983921137,0.4950480946,0.3671447219,0.6538461538,4.0000000000,0.8346153846,0.0217000000,1.2996905390,-0.1146649261,1.3097655950,-0.1214751526,1.1412562218,0.7109399697,-0.0584153400,2.3879857958,12.1704327893,0.7500000000,1.0000000000,1.2000000000,0.0036000000,1.0798885753,0.0568277579,1.0305044230,0.1074733853
8,27,20,false,ret60_ret5_top3_riskoff0,ret60_ret5,ret60;ret5,3,0.000000,2023-10-20,2025-11-17,2025-11-18,2026-02-24,1.1493428196,0.0722224163,-0.1745627622,0.5548256244,0.4137332350,0.2692307692,2.0000000000,0.4500000000,0.0117000000,1.2996905390,-0.1156796291,1.3097655950,-0.1224820502,1.1780160069,0.9462344976,-0.0507512424,3.1621395735,18.6445583143,1.0000000000,0.0000000000,1.0000000000,0.0030000000,1.0798885753,0.0908681079,1.0305044230,0.1431450275
8,28,14,false,ret60_ret120_ret5_top5_riskoff0p5,ret60_ret120_ret5,ret60;ret120;ret5,5,0.500000,2023-10-20,2025-11-17,2025-11-18,2026-02-24,1.1359095712,0.0659256012,-0.2230029025,0.4543855248,0.2956266509,0.5769230769,4.0000000000,0.6884615385,0.0179000000,1.2996905390,-0.1260153574,1.3097655950,-0.1327382735,1.1820135338,0.9732182154,-0.0565546973,2.9414790142,17.2084417581,0.7500000000,1.0000000000,0.6666666667,0.0020000000,1.0798885753,0.0945699036,1.0305044230,0.1470242218
8,29,29,false,ret60_top3_riskoff0,ret60,ret60,3,0.000000,2023-10-20,2025-11-17,2025-11-18,2026-02-24,1.1056970292,0.0516263205,-0.1759147271,0.4039546065,0.2934735560,0.2692307692,2.0000000000,0.4269230769,0.0111000000,1.2996905390,-0.1492613080,1.3097655950,-0.1558054102,1.1685360385,0.8833561331,-0.0658859394,2.6579993514,13.4073542950,0.7500000000,1.0000000000,0.4000000000,0.0012000000,1.0798885753,0.0820894536,1.0305044230,0.1339456798
8,30,32,false,all_factors_top8_riskoff0p5,all_factors,ret20;ret60;ret120;amount_strength;vol20;ret5,8,0.500000,2023-10-20,2025-11-17,2025-11-18,2026-02-24,1.1029261015,0.0503051622,-0.2007385897,0.3833974901,0.2506003566,0.5000000000,4.0000000000,0.7548076923,0.0196250000,1.2996905390,-0.1513932984,1.3097655950,-0.1579210007,1.1669949190,0.8732808379,-0.0473250723,3.2304379986,18.4528157086,0.7500000000,1.0000000000,0.8333333333,0.0025000000,1.0798885753,0.0806623439,1.0305044230,0.1324501797
8,31,26,false,ret60_top3_riskoff0p3,ret60,ret60,3,0.300000,2023-10-20,2025-11-17,2025-11-18,2026-02-24,1.1028845393,0.0502853330,-0.2063806088,0.3811246003,0.2436533806,0.4230769231,5.0000000000,0.6307692308,0.0164000000,1.2996905390,-0.1514252769,1.3097655950,-0.1579527333,1.1685360385,0.8833561331,-0.0658859394,2.6579993514,13.4073542950,0.7500000000,1.0000000000,0.4000000000,0.0012000000,1.0798885753,0.0820894536,1.0305044230,0.1339456798
8,32,19,false,ret60_ret5_top3_riskoff0p3,ret60_ret5,ret60;ret5,3,0.300000,2023-10-20,2025-11-17,2025-11-18,2026-02-24,1.1026038887,0.0501514260,-0.2022001448,0.3928245284,0.2480286355,0.5000000000,4.0000000000,0.6769230769,0.0176000000,1.2996905390,-0.1516412133,1.3097655950,-0.1581670087,1.1780160069,0.9462344976,-0.0507512424,3.1621395735,18.6445583143,1.0000000000,0.0000000000,1.0000000000,0.0030000000,1.0798885753,0.0908681079,1.0305044230,0.1431450275
8,33,31,false,all_factors_top8_riskoff0p3,all_factors,ret20;ret60;ret120;amount_strength;vol20;ret5,8,0.300000,2023-10-20,2025-11-17,2025-11-18,2026-02-24,1.1008814008,0.0493292013,-0.1882103371,0.3991452726,0.2620961318,0.5000000000,4.0000000000,0.6413461538,0.0166750000,1.2996905390,-0.1529665195,1.3097655950,-0.1594821203,1.1669949190,0.8732808379,-0.0473250723,3.2304379986,18.4528157086,0.7500000000,1.0000000000,0.8333333333,0.0025000000,1.0798885753,0.0806623439,1.0305044230,0.1324501797
8,34,2,false,price_momentum_top5_riskoff0p5,price_momentum,ret20;ret60;ret120,5,0.500000,2023-10-20,2025-11-17,2025-11-18,2026-02-24,1.0999329921,0.0488762071,-0.2439842198,0.3467365003,0.2003252796,0.5384615385,6.0000000000,0.8423076923,0.0219000000,1.2996905390,-0.1536962384,1.3097655950,-0.1602062259,1.2237841571,1.2723628594,-0.0623613616,3.3044446189,20.4030641114,0.7500000000,1.0000000000,0.6666666667,0.0020000000,1.0798885753,0.1332503974,1.0305044230,0.1875583742
8,35,9,false,price_momentum_top8_riskoff0p5,price_momentum,ret20;ret60;ret120,8,0.500000,2023-10-20,2025-11-17,2025-11-18,2026-02-24,1.0992622769,0.0485557316,-0.1947044928,0.3631733479,0.2493816700,0.5000000000,6.0000000000,0.7884615385,0.0205000000,1.2996905390,-0.1542122960,1.3097655950,-0.1607183139,1.1940223771,1.0559777486,-0.0566278961,3.3887417611,18.6476599211,0.7500000000,1.0000000000,0.5833333333,0.0017500000,1.0798885753,0.1056903503,1.0305044230,0.1586775860
8,36,27,false,ret60_ret120_top3_riskoff0,ret60_ret120,ret60;ret120,3,0.000000,2023-10-20,2025-11-17,2025-11-18,2026-02-24,1.0979264617,0.0479171728,-0.1919062622,0.3782440350,0.2496905118,0.2692307692,2.0000000000,0.4269230769,0.0111000000,1.2996905390,-0.1552400908,1.3097655950,-0.1617382027,1.1685360385,0.8833561331,-0.0658859394,2.6579993514,13.4073542950,0.7500000000,1.0000000000,0.4000000000,0.0012000000,1.0798885753,0.0820894536,1.0305044230,0.1339456798
8,37,28,false,ret60_top3_riskoff0p5,ret60,ret60,3,0.500000,2023-10-20,2025-11-17,2025-11-18,2026-02-24,1.0970804270,0.0475125429,-0.2283252040,0.3474202904,0.2080915383,0.4230769231,5.0000000000,0.7666666667,0.0199333333,1.2996905390,-0.1558910417,1.3097655950,-0.1623841463,1.1685360385,0.8833561331,-0.0658859394,2.6579993514,13.4073542950,0.7500000000,1.0000000000,0.4000000000,0.0012000000,1.0798885753,0.0820894536,1.0305044230,0.1339456798
8,38,3,false,price_momentum_top5_riskoff0p3,price_momentum,ret20;ret60;ret120,5,0.300000,2023-10-20,2025-11-17,2025-11-18,2026-02-24,1.0953828845,0.0467001956,-0.2263791917,0.3487376241,0.2062919091,0.5384615385,6.0000000000,0.6930769231,0.0180200000,1.2996905390,-0.1571971545,1.3097655950,-0.1636802122,1.2237841571,1.2723628594,-0.0623613616,3.3044446189,20.4030641114,0.7500000000,1.0000000000,0.6666666667,0.0020000000,1.0798885753,0.1332503974,1.0305044230,0.1875583742
8,39,33,false,all_factors_top8_riskoff0,all_factors,ret20;ret60;ret120;amount_strength;vol20;ret5,8,0.000000,2023-10-20,2025-11-17,2025-11-18,2026-02-24,1.0932025618,0.0456558950,-0.1722938805,0.3899534634,0.2649884889,0.2692307692,2.0000000000,0.4711538462,0.0122500000,1.2996905390,-0.1588747252,1.3097655950,-0.1653448785,1.1669949190,0.8732808379,-0.0473250723,3.2304379986,18.4528157086,0.7500000000,1.0000000000,0.8333333333,0.0025000000,1.0798885753,0.0806623439,1.0305044230,0.1324501797
8,40,25,false,ret60_ret120_top3_riskoff0p3,ret60_ret120,ret60;ret120,3,0.300000,2023-10-20,2025-11-17,2025-11-18,2026-02-24,1.0858053655,0.0421051219,-0.2246178167,0.3315777174,0.1874522802,0.4615384615,5.0000000000,0.6307692308,0.0164000000,1.2996905390,-0.1645662310,1.3097655950,-0.1709926038,1.1685360385,0.8833561331,-0.0658859394,2.6579993514,13.4073542950,0.7500000000,1.0000000000,0.4000000000,0.0012000000,1.0798885753,0.0820894536,1.0305044230,0.1339456798
8,41,1,false,price_momentum_top5_riskoff0,price_momentum,ret20;ret60;ret120,5,0.000000,2023-10-20,2025-11-17,2025-11-18,2026-02-24,1.0830760423,0.0407919557,-0.2025139410,0.3241701152,0.2014278893,0.2692307692,4.0000000000,0.4692307692,0.0122000000,1.2996905390,-0.1666662103,1.3097655950,-0.1730764295,1.2237841571,1.2723628594,-0.0623613616,3.3044446189,20.4030641114,0.7500000000,1.0000000000,0.6666666667,0.0020000000,1.0798885753,0.1332503974,1.0305044230,0.1875583742
8,42,8,false,price_momentum_top8_riskoff0p3,price_momentum,ret20;ret60;ret120,8,0.300000,2023-10-20,2025-11-17,2025-11-18,2026-02-24,1.0806719165,0.0396338840,-0.1807669744,0.3273207288,0.2192540101,0.5000000000,6.0000000000,0.6653846154,0.0173000000,1.2996905390,-0.1685159782,1.3097655950,-0.1749119685,1.1940223771,1.0559777486,-0.0566278961,3.3887417611,18.6476599211,0.7500000000,1.0000000000,0.5833333333,0.0017500000,1.0798885753,0.1056903503,1.0305044230,0.1586775860
8,43,52,false,all_factors_top3_riskoff0p5,all_factors,ret20;ret60;ret120;amount_strength;vol20;ret5,3,0.500000,2023-10-20,2025-11-17,2025-11-18,2026-02-24,1.0777563456,0.0382277220,-0.2097079756,0.3000982843,0.1822902630,0.5000000000,4.0000000000,0.8358974359,0.0217333333,1.2996905390,-0.1707592590,1.3097655950,-0.1771379934,1.1362186880,0.6804511850,-0.0670068763,2.1680337707,10.1549456186,0.5000000000,1.0000000000,1.0000000000,0.0030000000,1.0798885753,0.0521628935,1.0305044230,0.1025849698
8,44,30,false,ret60_ret120_top3_riskoff0p5,ret60_ret120,ret60;ret120,3,0.500000,2023-10-20,2025-11-17,2025-11-18,2026-02-24,1.0739222088,0.0363756486,-0.2479092344,0.2871908773,0.1467297041,0.4615384615,5.0000000000,0.7666666667,0.0199333333,1.2996905390,-0.1737092973,1.3097655950,-0.1800653392,1.1685360385,0.8833561331,-0.0658859394,2.6579993514,13.4073542950,0.7500000000,1.0000000000,0.4000000000,0.0012000000,1.0798885753,0.0820894536,1.0305044230,0.1339456798
8,45,53,false,all_factors_top3_riskoff0p3,all_factors,ret20;ret60;ret120;amount_strength;vol20;ret5,3,0.300000,2023-10-20,2025-11-17,2025-11-18,2026-02-24,1.0734510709,0.0361478387,-0.1920872088,0.2993805896,0.1881845176,0.5000000000,4.0000000000,0.7000000000,0.0182000000,1.2996905390,-0.1740717974,1.3097655950,-0.1804250509,1.1362186880,0.6804511850,-0.0670068763,2.1680337707,10.1549456186,0.5000000000,1.0000000000,1.0000000000,0.0030000000,1.0798885753,0.0521628935,1.0305044230,0.1025849698
8,46,39,false,ret60_ret120_ret5_top3_riskoff0,ret60_ret120_ret5,ret60;ret120;ret5,3,0.000000,2023-10-20,2025-11-17,2025-11-18,2026-02-24,1.0721232829,0.0355055433,-0.1773984893,0.3062445351,0.2001456912,0.3076923077,2.0000000000,0.4500000000,0.0117000000,1.2996905390,-0.1750934160,1.3097655950,-0.1814388109,1.1585340329,0.8186885491,-0.0658859394,2.5530185292,12.4258461830,0.7500000000,1.0000000000,0.4000000000,0.0012000000,1.0798885753,0.0728273818,1.0305044230,0.1242397481
8,47,21,false,ret60_ret5_top3_riskoff0p5,ret60_ret5,ret60;ret5,3,0.500000,2023-10-20,2025-11-17,2025-11-18,2026-02-24,1.0686572775,0.0338270476,-0.2245122856,0.2791208394,0.1506690270,0.5000000000,4.0000000000,0.8282051282,0.0215333333,1.2996905390,-0.1777602088,1.3097655950,-0.1840850900,1.1780160069,0.9462344976,-0.0507512424,3.1621395735,18.6445583143,1.0000000000,0.0000000000,1.0000000000,0.0030000000,1.0798885753,0.0908681079,1.0305044230,0.1431450275
8,48,54,false,all_factors_top3_riskoff0,all_factors,ret20;ret60;ret120;amount_strength;vol20;ret5,3,0.000000,2023-10-20,2025-11-17,2025-11-18,2026-02-24,1.0620276531,0.0306089093,-0.1679040754,0.2726774343,0.1822999782,0.2692307692,2.0000000000,0.4961538462,0.0129000000,1.2996905390,-0.1828611341,1.3097655950,-0.1891467777,1.1362186880,0.6804511850,-0.0670068763,2.1680337707,10.1549456186,0.5000000000,1.0000000000,1.0000000000,0.0030000000,1.0798885753,0.0521628935,1.0305044230,0.1025849698
8,49,37,false,ret60_ret120_ret5_top3_riskoff0p3,ret60_ret120_ret5,ret60;ret120;ret5,3,0.300000,2023-10-20,2025-11-17,2025-11-18,2026-02-24,1.0510706266,0.0252681178,-0.2108070733,0.2358356362,0.1198637095,0.5384615385,3.0000000000,0.6615384615,0.0172000000,1.2996905390,-0.1912916229,1.3097655950,-0.1975124170,1.1585340329,0.8186885491,-0.0658859394,2.5530185292,12.4258461830,0.7500000000,1.0000000000,0.4000000000,0.0012000000,1.0798885753,0.0728273818,1.0305044230,0.1242397481
8,50,7,false,price_momentum_top8_riskoff0,price_momentum,ret20;ret60;ret120,8,0.000000,2023-10-20,2025-11-17,2025-11-18,2026-02-24,1.0485836081,0.0240520054,-0.1731163222,0.2353569379,0.1389355149,0.2307692308,4.0000000000,0.4807692308,0.0125000000,1.2996905390,-0.1932051695,1.3097655950,-0.1994112441,1.1940223771,1.0559777486,-0.0566278961,3.3887417611,18.6476599211,0.7500000000,1.0000000000,0.5833333333,0.0017500000,1.0798885753,0.1056903503,1.0305044230,0.1586775860
8,51,38,false,ret60_ret120_ret5_top3_riskoff0p5,ret60_ret120_ret5,ret60;ret120;ret5,3,0.500000,2023-10-20,2025-11-17,2025-11-18,2026-02-24,1.0339328697,0.0168586258,-0.2354384272,0.1833047275,0.0716052429,0.5384615385,3.0000000000,0.8025641026,0.0208666667,1.2996905390,-0.2044776517,1.3097655950,-0.2105970155,1.1585340329,0.8186885491,-0.0658859394,2.5530185292,12.4258461830,0.7500000000,1.0000000000,0.4000000000,0.0012000000,1.0798885753,0.0728273818,1.0305044230,0.1242397481
8,52,36,false,price_momentum_top3_riskoff0p5,price_momentum,ret20;ret60;ret120,3,0.500000,2023-10-20,2025-11-17,2025-11-18,2026-02-24,0.9860072535,-0.0070349297,-0.2490558073,0.0563373443,-0.0282463990,0.3846153846,6.0000000000,0.9717948718,0.0252666667,1.2996905390,-0.2413522882,1.3097655950,-0.2471880027,1.1665568925,0.8704246068,-0.0670068763,2.4442883184,12.9900788500,0.5000000000,1.0000000000,0.8000000000,0.0024000000,1.0798885753,0.0802567220,1.0305044230,0.1320251195
8,53,35,false,price_momentum_top3_riskoff0p3,price_momentum,ret20;ret60;ret120,3,0.300000,2023-10-20,2025-11-17,2025-11-18,2026-02-24,0.9836774499,-0.0082110777,-0.2309335783,0.0378953050,-0.0355560149,0.3846153846,6.0000000000,0.8000000000,0.0208000000,1.2996905390,-0.2431448715,1.3097655950,-0.2489667971,1.1665568925,0.8704246068,-0.0670068763,2.4442883184,12.9900788500,0.5000000000,1.0000000000,0.8000000000,0.0024000000,1.0798885753,0.0802567220,1.0305044230,0.1320251195
8,54,34,false,price_momentum_top3_riskoff0,price_momentum,ret20;ret60;ret120,3,0.000000,2023-10-20,2025-11-17,2025-11-18,2026-02-24,0.9749308685,-0.0126390425,-0.2060370171,0.0025322751,-0.0613435519,0.1923076923,4.0000000000,0.5423076923,0.0141000000,1.2996905390,-0.2498746131,1.3097655950,-0.2556447717,1.1665568925,0.8704246068,-0.0670068763,2.4442883184,12.9900788500,0.5000000000,1.0000000000,0.8000000000,0.0024000000,1.0798885753,0.0802567220,1.0305044230,0.1320251195
9,1,14,true,ret60_top5_riskoff0p5,ret60,ret60,5,0.500000,2024-01-18,2026-02-24,2026-02-25,2026-05-28,1.5137193936,0.2308401630,-0.2207714331,1.1324854921,1.0456070324,0.5769230769,4.0000000000,0.6760000000,0.0169000000,1.4547749671,0.0405178999,1.4375353083,0.0529963229,0.9868841395,-0.0522479054,-0.1514306386,-0.1676521106,-0.3450286278,0.7500000000,1.0000000000,0.9333333333,0.0028000000,0.9436796310,0.0457830254,1.0376529016,-0.0489265360
9,2,21,false,ret60_top5_riskoff0p3,ret60,ret60,5,0.300000,2024-01-18,2026-02-24,2026-02-25,2026-05-28,1.4905606610,0.2213697045,-0.2024229530,1.1613233323,1.0935998174,0.5769230769,4.0000000000,0.5880000000,0.0147000000,1.4547749671,0.0245987831,1.4375353083,0.0368862959,0.9786238359,-0.0840796150,-0.1514306386,-0.3447345963,-0.5552351608,0.7500000000,1.0000000000,0.9333333333,0.0028000000,0.9436796310,0.0370297332,1.0376529016,-0.0568871013
9,3,17,false,ret60_ret5_top5_riskoff0p5,ret60_ret5,ret60;ret5,5,0.500000,2024-01-18,2026-02-24,2026-02-25,2026-05-28,1.4647859732,0.2107427348,-0.1956424857,1.0985806443,1.0771828730,0.5384615385,4.0000000000,0.7960000000,0.0199000000,1.4547749671,0.0068814808,1.4375353083,0.0189565187,0.9831447077,-0.0667596902,-0.1725948937,-0.2021887420,-0.3867999150,0.7500000000,1.0000000000,1.0666666667,0.0032000000,0.9436796310,0.0418204181,1.0376529016,-0.0525302765
9,4,28,false,ret60_ret5_top5_riskoff0p3,ret60_ret5,ret60;ret5,5,0.300000,2024-01-18,2026-02-24,2026-02-25,2026-05-28,1.4561278934,0.2071520793,-0.1764047076,1.1471190491,1.1743001764,0.5384615385,4.0000000000,0.7048000000,0.0176200000,1.4547749671,0.0009299901,1.4375353083,0.0129336546,0.9728148504,-0.1059773516,-0.1725948937,-0.4031225771,-0.6140236792,0.7500000000,1.0000000000,1.0133333333,0.0030400000,0.9436796310,0.0308740578,1.0376529016,-0.0624852984
9,5,39,false,ret60_ret120_ret5_top8_riskoff0p5,ret60_ret120_ret5,ret60;ret120;ret5,8,0.500000,2024-01-18,2026-02-24,2026-02-25,2026-05-28,1.4548813347,0.2066342334,-0.1689507929,1.1400782625,1.2230438808,0.5384615385,4.0000000000,0.6100000000,0.0152500000,1.4547749671,0.0000731162,1.4375353083,0.0120665046,0.9595864375,-0.1543696917,-0.1524967072,-0.7256598348,-1.0122821310,0.7500000000,1.0000000000,0.8333333333,0.0025000000,0.9436796310,0.0168561512,1.0376529016,-0.0752336971
9,6,34,false,ret60_top5_riskoff0,ret60,ret60,5,0.000000,2024-01-18,2026-02-24,2026-02-25,2026-05-28,1.4490104145,0.2041923511,-0.1780787642,1.1275914816,1.1466406567,0.4230769231,2.0000000000,0.4560000000,0.0114000000,1.4547749671,-0.0039625047,1.4375353083,0.0079824866,0.9662613337,-0.1302052835,-0.1514306386,-0.6118744682,-0.8598344738,0.7500000000,1.0000000000,0.9333333333,0.0028000000,0.9436796310,0.0239294163,1.0376529016,-0.0688010102
9,7,40,false,ret60_ret5_top5_riskoff0,ret60_ret5,ret60;ret5,5,0.000000,2024-01-18,2026-02-24,2026-02-25,2026-05-28,1.4368448874,0.1991165983,-0.1503545535,1.1509633952,1.3243137210,0.3846153846,2.0000000000,0.5680000000,0.0142000000,1.4547749671,-0.0123249850,1.4375353083,-0.0004802810,0.9574176791,-0.1621109618,-0.1725948937,-0.7059427348,-0.9392569984,0.7500000000,1.0000000000,0.9333333333,0.0028000000,0.9436796310,0.0145579576,1.0376529016,-0.0773237586
9,8,25,false,ret60_ret5_top8_riskoff0p5,ret60_ret5,ret60;ret5,8,0.500000,2024-01-18,2026-02-24,2026-02-25,2026-05-28,1.4330232144,0.1975176806,-0.1519971173,1.1293459597,1.2994830697,0.5769230769,4.0000000000,0.7150000000,0.0178750000,1.4547749671,-0.0149519707,1.4375353083,-0.0031387708,0.9754660414,-0.0960328884,-0.1644124078,-0.3506385030,-0.5840975728,0.7500000000,1.0000000000,0.8333333333,0.0025000000,0.9436796310,0.0336834762,1.0376529016,-0.0599303101
9,9,47,false,ret60_ret120_ret5_top8_riskoff0p3,ret60_ret120_ret5,ret60;ret120;ret5,8,0.300000,2024-01-18,2026-02-24,2026-02-25,2026-05-28,1.4186414883,0.1914814772,-0.1621709405,1.1423055051,1.1807385256,0.5384615385,4.0000000000,0.5500000000,0.0137500000,1.4547749671,-0.0248378475,1.4375353083,-0.0131432041,0.9523997023,-0.1798174900,-0.1524967072,-0.8945000505,-1.1791565426,0.7500000000,1.0000000000,0.8666666667,0.0026000000,0.9436796310,0.0092404996,1.0376529016,-0.0821596501
9,10,12,false,ret60_ret120_top5_riskoff0p5,ret60_ret120,ret60;ret120,5,0.500000,2024-01-18,2026-02-24,2026-02-25,2026-05-28,1.4177289052,0.1910974258,-0.2384077503,0.9649462300,0.8015571037,0.5769230769,4.0000000000,0.6440000000,0.0161000000,1.4547749671,-0.0254651494,1.4375353083,-0.0137780290,0.9928392589,-0.0287871761,-0.1502268236,-0.0366300555,-0.1916247404,0.7500000000,1.0000000000,0.9333333333,0.0028000000,0.9436796310,0.0520935562,1.0376529016,-0.0431875077
9,11,16,false,ret60_ret120_top5_riskoff0p3,ret60_ret120,ret60;ret120,5,0.300000,2024-01-18,2026-02-24,2026-02-25,2026-05-28,1.4173835568,0.1909520573,-0.2209227639,1.0141017225,0.8643385313,0.5769230769,4.0000000000,0.5496000000,0.0137400000,1.4547749671,-0.0257025390,1.4375353083,-0.0140182654,0.9845290599,-0.0614070459,-0.1502268236,-0.2054768566,-0.4087621936,0.7500000000,1.0000000000,0.9333333333,0.0028000000,0.9436796310,0.0432873907,1.0376529016,-0.0511961578
9,12,30,false,ret60_ret120_top5_riskoff0,ret60_ret120,ret60;ret120,5,0.000000,2024-01-18,2026-02-24,2026-02-25,2026-05-28,1.4103781689,0.1879994331,-0.1966588609,1.0335398808,0.9559672631,0.4230769231,2.0000000000,0.4080000000,0.0102000000,1.4547749671,-0.0305179833,1.4375353083,-0.0188914590,0.9720919316,-0.1086746075,-0.1502268236,-0.4612559935,-0.7234034838,0.7500000000,1.0000000000,0.9333333333,0.0028000000,0.9436796310,0.0301079940,1.0376529016,-0.0631819849
9,13,33,false,ret60_ret5_top8_riskoff0p3,ret60_ret5,ret60;ret5,8,0.300000,2024-01-18,2026-02-24,2026-02-25,2026-05-28,1.3978152563,0.1826860395,-0.1461939454,1.1298733498,1.2496142638,0.5769230769,4.0000000000,0.6410000000,0.0160250000,1.4547749671,-0.0391536231,1.4375353083,-0.0276306618,0.9668708894,-0.1279729236,-0.1644124078,-0.5228953204,-0.7783653635,0.7500000000,1.0000000000,0.8333333333,0.0025000000,0.9436796310,0.0245753513,1.0376529016,-0.0682135732
9,14,37,false,ret60_top8_riskoff0p5,ret60,ret60,8,0.500000,2024-01-18,2026-02-24,2026-02-25,2026-05-28,1.3888105154,0.1788628730,-0.1937239694,1.0030717409,0.9232872609,0.5769230769,4.0000000000,0.7050000000,0.0176250000,1.4547749671,-0.0453434058,1.4375353083,-0.0338946755,0.9636922456,-0.1395666736,-0.1518507395,-0.6584732502,-0.9191043393,0.7500000000,1.0000000000,0.9166666667,0.0027500000,0.9436796310,0.0212070007,1.0376529016,-0.0712768748
9,15,38,false,ret60_ret120_top8_riskoff0p5,ret60_ret120,ret60;ret120,8,0.500000,2024-01-18,2026-02-24,2026-02-25,2026-05-28,1.3875237147,0.1783155237,-0.1931155271,0.9909352944,0.9233619194,0.5384615385,4.0000000000,0.6000000000,0.0150000000,1.4547749671,-0.0462279417,1.4375353083,-0.0347898193,0.9625301347,-0.1437761953,-0.1477763229,-0.6889283398,-0.9729312008,0.7500000000,1.0000000000,0.8750000000,0.0026250000,0.9436796310,0.0199755331,1.0376529016,-0.0723968167
9,16,43,false,ret60_ret120_top8_riskoff0p3,ret60_ret120,ret60;ret120,8,0.300000,2024-01-18,2026-02-24,2026-02-25,2026-05-28,1.3645496667,0.1685003803,-0.1809490601,1.0035820480,0.9312034018,0.5384615385,4.0000000000,0.5360000000,0.0134000000,1.4547749671,-0.0620201079,1.4375353083,-0.0507713731,0.9559278537,-0.1673977712,-0.1477763229,-0.8531790696,-1.1327780246,0.7500000000,1.0000000000,0.9250000000,0.0027750000,0.9436796310,0.0129792170,1.0376529016,-0.0787595233
9,17,44,false,ret60_top8_riskoff0p3,ret60,ret60,8,0.300000,2024-01-18,2026-02-24,2026-02-25,2026-05-28,1.3636515575,0.1681150151,-0.1822515735,1.0130201106,0.9224338196,0.5769230769,4.0000000000,0.6190000000,0.0154750000,1.4547749671,-0.0626374605,1.4375353083,-0.0513961294,0.9549720071,-0.1707764278,-0.1518507395,-0.8622421152,-1.1246334941,0.7500000000,1.0000000000,0.9500000000,0.0028500000,0.9436796310,0.0119663239,1.0376529016,-0.0796806854
9,18,32,false,ret60_ret120_ret5_top5_riskoff0,ret60_ret120_ret5,ret60;ret120;ret5,5,0.000000,2024-01-18,2026-02-24,2026-02-25,2026-05-28,1.3632121634,0.1679264315,-0.1772706920,0.9822572234,0.9472881818,0.4230769231,2.0000000000,0.5040000000,0.0126000000,1.4547749671,-0.0629394963,1.4375353083,-0.0517017874,0.9675269978,-0.1255652507,-0.1725948937,-0.4961746282,-0.7275142854,0.7500000000,1.0000000000,0.9333333333,0.0028000000,0.9436796310,0.0252706173,1.0376529016,-0.0675812727
9,19,7,false,price_momentum_top5_riskoff0p5,price_momentum,ret20;ret60;ret120,5,0.500000,2024-01-18,2026-02-24,2026-02-25,2026-05-28,1.3621393832,0.1674658774,-0.2439842198,0.8432404548,0.6863799534,0.5384615385,6.0000000000,0.8760000000,0.0219000000,1.4547749671,-0.0636769163,1.4375353083,-0.0524480509,0.9994471393,-0.0022452084,-0.1484221506,0.0924877730,-0.0151271790,0.7500000000,1.0000000000,1.1333333333,0.0034000000,0.9436796310,0.0590958059,1.0376529016,-0.0368194049
9,20,18,false,ret60_ret120_ret5_top5_riskoff0p3,ret60_ret120_ret5,ret60;ret120;ret5,5,0.300000,2024-01-18,2026-02-24,2026-02-25,2026-05-28,1.3606495748,0.1668259891,-0.2033251495,0.9444867840,0.8204887076,0.5769230769,4.0000000000,0.6360000000,0.0159000000,1.4547749671,-0.0647009980,1.4375353083,-0.0534844139,0.9829709632,-0.0674298499,-0.1725948937,-0.2011988088,-0.3906827629,0.7500000000,1.0000000000,0.9333333333,0.0028000000,0.9436796310,0.0416363043,1.0376529016,-0.0526977164
9,21,54,false,ret60_ret120_ret5_top8_riskoff0,ret60_ret120_ret5,ret60;ret120;ret5,8,0.000000,2024-01-18,2026-02-24,2026-02-25,2026-05-28,1.3599962816,0.1665452826,-0.1541759723,1.0577196612,1.0802285213,0.3846153846,2.0000000000,0.4600000000,0.0115000000,1.4547749671,-0.0651500662,1.4375353083,-0.0539388676,0.9415821473,-0.2170278845,-0.1524967072,-1.1415618196,-1.4231643986,0.7500000000,1.0000000000,0.9166666667,0.0027500000,0.9436796310,-0.0022226650,1.0376529016,-0.0925846727
9,22,11,false,ret60_ret120_ret5_top5_riskoff0p5,ret60_ret120_ret5,ret60;ret120;ret5,5,0.500000,2024-01-18,2026-02-24,2026-02-25,2026-05-28,1.3550018833,0.1643970659,-0.2230029025,0.8854463033,0.7371969782,0.5769230769,4.0000000000,0.7240000000,0.0181000000,1.4547749671,-0.0685831734,1.4375353083,-0.0574131463,0.9932939287,-0.0269781484,-0.1725948937,-0.0073821354,-0.1563090763,0.7500000000,1.0000000000,0.9333333333,0.0028000000,0.9436796310,0.0525753615,1.0376529016,-0.0427493363
9,23,15,false,ret60_ret5_top3_riskoff0,ret60_ret5,ret60;ret5,3,0.000000,2024-01-18,2026-02-24,2026-02-25,2026-05-28,1.3423900437,0.1589547432,-0.1745627622,0.9807867992,0.9105879234,0.3846153846,2.0000000000,0.5880000000,0.0147000000,1.4547749671,-0.0772524452,1.4375353083,-0.0661863845,0.9854939072,-0.0576627661,-0.1664968097,-0.1675642245,-0.3463295554,0.7500000000,1.0000000000,0.6000000000,0.0018000000,0.9436796310,0.0443098217,1.0376529016,-0.0502663215
9,24,20,false,price_momentum_top5_riskoff0p3,price_momentum,ret20;ret60;ret120,5,0.300000,2024-01-18,2026-02-24,2026-02-25,2026-05-28,1.3418510863,0.1587216024,-0.2263791917,0.8452008669,0.7011315890,0.5384615385,6.0000000000,0.7528000000,0.0188200000,1.4547749671,-0.0776229199,1.4375353083,-0.0665613021,0.9820758570,-0.0708766670,-0.1484221506,-0.2637211926,-0.4775342945,0.7500000000,1.0000000000,1.1066666667,0.0033200000,0.9436796310,0.0406877766,1.0376529016,-0.0535603422
9,25,45,false,ret60_ret5_top8_riskoff0,ret60_ret5,ret60;ret5,8,0.000000,2024-01-18,2026-02-24,2026-02-25,2026-05-28,1.3410900130,0.1583922997,-0.1396083235,1.0430899774,1.1345476811,0.4230769231,2.0000000000,0.5300000000,0.0132500000,1.4547749671,-0.0781460753,1.4375353083,-0.0670907314,0.9540095222,-0.1741680937,-0.1644124078,-0.7809051843,-1.0593366764,0.7500000000,1.0000000000,0.8333333333,0.0025000000,0.9436796310,0.0109463963,1.0376529016,-0.0806082451
9,26,27,false,all_factors_top5_riskoff0p5,all_factors,ret20;ret60;ret120;amount_strength;vol20;ret5,5,0.500000,2024-01-18,2026-02-24,2026-02-25,2026-05-28,1.3365943792,0.1564452147,-0.1983921137,0.8582718349,0.7885656932,0.6538461538,4.0000000000,0.9240000000,0.0231000000,1.4547749671,-0.0812363359,1.4375353083,-0.0702180520,0.9728235678,-0.1059447890,-0.1345781267,-0.5440268283,-0.7872363188,0.7500000000,1.0000000000,1.0666666667,0.0032000000,0.9436796310,0.0308832954,1.0376529016,-0.0624768973
9,27,4,false,ret60_top3_riskoff0p5,ret60,ret60,3,0.500000,2024-01-18,2026-02-24,2026-02-25,2026-05-28,1.3339228440,0.1552866090,-0.2283252040,0.8220168503,0.6801115528,0.4615384615,5.0000000000,0.7520000000,0.0188000000,1.4547749671,-0.0830727266,1.4375353083,-0.0720764657,1.0080445924,0.0331026523,-0.1619179214,0.2570707333,0.2044409417,0.7500000000,1.0000000000,1.1111111111,0.0033333333,0.9436796310,0.0682063693,1.0376529016,-0.0285339241
9,28,5,false,ret60_ret5_top3_riskoff0p3,ret60_ret5,ret60;ret5,3,0.300000,2024-01-18,2026-02-24,2026-02-25,2026-05-28,1.3311728061,0.1540927479,-0.2022001448,0.9151247428,0.7620803040,0.5384615385,4.0000000000,0.7600000000,0.0190000000,1.4547749671,-0.0849630794,1.4375353083,-0.0739894885,1.0019871292,0.0081013445,-0.1664968097,0.1455757846,0.0486576558,0.7500000000,1.0000000000,0.6666666667,0.0020000000,0.9436796310,0.0617873867,1.0376529016,-0.0343715825
9,29,35,false,all_factors_top5_riskoff0p3,all_factors,ret20;ret60;ret120;amount_strength;vol20;ret5,5,0.300000,2024-01-18,2026-02-24,2026-02-25,2026-05-28,1.3279198407,0.1526789631,-0.1856915421,0.8846089893,0.8222181870,0.6538461538,4.0000000000,0.8200000000,0.0205000000,1.4547749671,-0.0871991402,1.4375353083,-0.0762523653,0.9647173777,-0.1358403946,-0.1345781267,-0.7448445528,-1.0093794436,0.7500000000,1.0000000000,1.0666666667,0.0032000000,0.9436796310,0.0222933145,1.0376529016,-0.0702889412
9,30,50,false,ret60_ret120_top8_riskoff0,ret60_ret120,ret60;ret120,8,0.000000,2024-01-18,2026-02-24,2026-02-25,2026-05-28,1.3250807315,0.1514436330,-0.1649313544,0.9524090461,0.9182222116,0.3846153846,2.0000000000,0.4400000000,0.0110000000,1.4547749671,-0.0891507199,1.4375353083,-0.0782273493,0.9459387646,-0.2021984630,-0.1477763229,-1.0917660509,-1.3682737462,0.7500000000,1.0000000000,1.0000000000,0.0030000000,0.9436796310,0.0023939625,1.0376529016,-0.0883861422
9,31,22,false,price_momentum_top8_riskoff0p5,price_momentum,ret20;ret60;ret120,8,0.500000,2024-01-18,2026-02-24,2026-02-25,2026-05-28,1.3238235320,0.1508961887,-0.1885858554,0.8455163690,0.8001458452,0.5000000000,6.0000000000,0.8100000000,0.0202500000,1.4547749671,-0.0900149082,1.4375353083,-0.0791019014,0.9763339551,-0.0927593465,-0.1340501252,-0.4298512944,-0.6919750829,0.7500000000,1.0000000000,0.9583333333,0.0028750000,0.9436796310,0.0346031885,1.0376529016,-0.0590938900
9,32,53,false,ret60_top8_riskoff0,ret60,ret60,8,0.000000,2024-01-18,2026-02-24,2026-02-25,2026-05-28,1.3210868434,0.1497036069,-0.1680733211,0.9547904048,0.8907041638,0.3846153846,2.0000000000,0.4900000000,0.0122500000,1.4547749671,-0.0918960848,1.4375353083,-0.0810056380,0.9419062627,-0.2159318463,-0.1518507395,-1.1636980982,-1.4220006238,0.7500000000,1.0000000000,1.0000000000,0.0030000000,0.9436796310,-0.0018792058,1.0376529016,-0.0922723183
9,33,1,false,ret60_ret5_top3_riskoff0p5,ret60_ret5,ret60;ret5,3,0.500000,2024-01-18,2026-02-24,2026-02-25,2026-05-28,1.3193608449,0.1489508250,-0.2245122856,0.8340749578,0.6634417561,0.5384615385,4.0000000000,0.8746666667,0.0218666667,1.4547749671,-0.0930825216,1.4375353083,-0.0822063032,1.0130558257,0.0541367572,-0.1664968097,0.3499004317,0.3251519189,0.7500000000,1.0000000000,0.7111111111,0.0021333333,0.9436796310,0.0735166814,1.0376529016,-0.0237045315
9,34,8,false,ret60_top3_riskoff0p3,ret60,ret60,3,0.300000,2024-01-18,2026-02-24,2026-02-25,2026-05-28,1.3104541671,0.1450584068,-0.2063806088,0.8204246712,0.7028683924,0.4615384615,5.0000000000,0.6480000000,0.0162000000,1.4547749671,-0.0992048965,1.4375353083,-0.0884021008,0.9949626361,-0.0203169610,-0.1619179214,0.0249420904,-0.1254769135,0.7500000000,1.0000000000,1.0666666667,0.0032000000,0.9436796310,0.0543436601,1.0376529016,-0.0411411806
9,35,46,false,all_factors_top5_riskoff0,all_factors,ret20;ret60;ret120;amount_strength;vol20;ret5,5,0.000000,2024-01-18,2026-02-24,2026-02-25,2026-05-28,1.3095859265,0.1446782609,-0.1686900289,0.8729603080,0.8576574555,0.4230769231,2.0000000000,0.6640000000,0.0166000000,1.4547749671,-0.0998017177,1.4375353083,-0.0890060794,0.9526240869,-0.1790318023,-0.1345781267,-1.0448587317,-1.3303187277,0.7500000000,1.0000000000,1.0666666667,0.0032000000,0.9436796310,0.0094782759,1.0376529016,-0.0819434076
9,36,42,false,price_momentum_top5_riskoff0,price_momentum,ret20;ret60;ret120,5,0.000000,2024-01-18,2026-02-24,2026-02-25,2026-05-28,1.3057584639,0.1430009638,-0.2025139410,0.7982805108,0.7061289862,0.3461538462,4.0000000000,0.5680000000,0.0142000000,1.4547749671,-0.1024326831,1.4375353083,-0.0916685967,0.9563612814,-0.1658623070,-0.1484221506,-0.8142127841,-1.1175037304,0.7500000000,1.0000000000,1.0666666667,0.0032000000,0.9436796310,0.0134385124,1.0376529016,-0.0783418232
9,37,41,false,all_factors_top8_riskoff0p5,all_factors,ret20;ret60;ret120;amount_strength;vol20;ret5,8,0.500000,2024-01-18,2026-02-24,2026-02-25,2026-05-28,1.3054368184,0.1428598985,-0.2007385897,0.8442120871,0.7116713268,0.5384615385,4.0000000000,0.8100000000,0.0202500000,1.4547749671,-0.1026537795,1.4375353083,-0.0918923445,0.9565518818,-0.1651864093,-0.1312691840,-0.9037046995,-1.2583791892,0.7500000000,1.0000000000,1.1666666667,0.0035000000,0.9436796310,0.0136404881,1.0376529016,-0.0781581390
9,38,36,false,price_momentum_top8_riskoff0p3,price_momentum,ret20;ret60;ret120,8,0.300000,2024-01-18,2026-02-24,2026-02-25,2026-05-28,1.2872057680,0.1348356820,-0.1807669744,0.8119933613,0.7459088280,0.5000000000,6.0000000000,0.7140000000,0.0178500000,1.4547749671,-0.1151856492,1.4375353083,-0.1045745029,0.9638185384,-0.1391082644,-0.1340501252,-0.7379719125,-1.0377331929,0.7500000000,1.0000000000,0.9750000000,0.0029250000,0.9436796310,0.0213408309,1.0376529016,-0.0711551648
9,39,48,false,all_factors_top8_riskoff0p3,all_factors,ret20;ret60;ret120;amount_strength;vol20;ret5,8,0.300000,2024-01-18,2026-02-24,2026-02-25,2026-05-28,1.2869386630,0.1347176983,-0.1882103371,0.8508311380,0.7157826736,0.5384615385,4.0000000000,0.7220000000,0.0180500000,1.4547749671,-0.1153692549,1.4375353083,-0.1047603105,0.9523080288,-0.1801383235,-0.1312691840,-1.0118090701,-1.3722818872,0.7500000000,1.0000000000,1.1333333333,0.0034000000,0.9436796310,0.0091433549,1.0376529016,-0.0822479970
9,40,3,false,ret60_ret120_top3_riskoff0p5,ret60_ret120,ret60;ret120,3,0.500000,2024-01-18,2026-02-24,2026-02-25,2026-05-28,1.2843678854,0.1335815273,-0.2479092344,0.7218786786,0.5388323984,0.5000000000,5.0000000000,0.7520000000,0.0188000000,1.4547749671,-0.1171363857,1.4375353083,-0.1065486336,1.0080445924,0.0331026523,-0.1619179214,0.2570707333,0.2044409417,0.7500000000,1.0000000000,1.1111111111,0.0033333333,0.9436796310,0.0682063693,1.0376529016,-0.0285339241
9,41,9,false,ret60_ret120_top3_riskoff0p3,ret60_ret120,ret60;ret120,3,0.300000,2024-01-18,2026-02-24,2026-02-25,2026-05-28,1.2774789168,0.1305312983,-0.2246178167,0.7464762043,0.5811262002,0.5000000000,5.0000000000,0.6480000000,0.0162000000,1.4547749671,-0.1218718045,1.4375353083,-0.1113408419,0.9949626361,-0.0203169610,-0.1619179214,0.0249420904,-0.1254769135,0.7500000000,1.0000000000,1.0666666667,0.0032000000,0.9436796310,0.0543436601,1.0376529016,-0.0411411806
9,42,23,false,ret60_top3_riskoff0,ret60,ret60,3,0.000000,2024-01-18,2026-02-24,2026-02-25,2026-05-28,1.2696805580,0.1270684967,-0.1759147271,0.7606223647,0.7223300678,0.3461538462,2.0000000000,0.4920000000,0.0123000000,1.4547749671,-0.1272323303,1.4375353083,-0.1167656539,0.9754808702,-0.0959770328,-0.1619179214,-0.3321299238,-0.5927511420,0.7500000000,1.0000000000,1.0000000000,0.0030000000,0.9436796310,0.0336991901,1.0376529016,-0.0599160194
9,43,24,false,ret60_ret120_top3_riskoff0,ret60_ret120,ret60;ret120,3,0.000000,2024-01-18,2026-02-24,2026-02-25,2026-05-28,1.2607575545,0.1230932601,-0.1919062622,0.7356544828,0.6414238841,0.3461538462,2.0000000000,0.4920000000,0.0123000000,1.4547749671,-0.1333659274,1.4375353083,-0.1229728082,0.9754808702,-0.0959770328,-0.1619179214,-0.3321299238,-0.5927511420,0.7500000000,1.0000000000,1.0000000000,0.0030000000,0.9436796310,0.0336991901,1.0376529016,-0.0599160194
9,44,51,false,all_factors_top8_riskoff0,all_factors,ret20;ret60;ret120;amount_strength;vol20;ret5,8,0.000000,2024-01-18,2026-02-24,2026-02-25,2026-05-28,1.2547091966,0.1203907019,-0.1722938805,0.8019169792,0.6987520486,0.3846153846,2.0000000000,0.5900000000,0.0147500000,1.4547749671,-0.1375235174,1.4375353083,-0.1271802582,0.9459311694,-0.2022244990,-0.1312691840,-1.1697476184,-1.5405329176,0.7500000000,1.0000000000,1.0833333333,0.0032500000,0.9436796310,0.0023859140,1.0376529016,-0.0883934618
9,45,2,false,all_factors_top3_riskoff0p5,all_factors,ret20;ret60;ret120;amount_strength;vol20;ret5,3,0.500000,2024-01-18,2026-02-24,2026-02-25,2026-05-28,1.2512766760,0.1188540735,-0.2097079756,0.6653235744,0.5667599106,0.5384615385,4.0000000000,0.8960000000,0.0224000000,1.4547749671,-0.1398830030,1.4375353083,-0.1295680399,1.0083734644,0.0344732709,-0.1410511958,0.2687410492,0.2444025425,0.7500000000,1.0000000000,1.1111111111,0.0033333333,0.9436796310,0.0685548690,1.0376529016,-0.0282169857
9,46,13,false,ret60_ret120_ret5_top3_riskoff0p3,ret60_ret120_ret5,ret60;ret120;ret5,3,0.300000,2024-01-18,2026-02-24,2026-02-25,2026-05-28,1.2344626300,0.1112963964,-0.2108070733,0.6697472361,0.5279538045,0.5769230769,3.0000000000,0.6720000000,0.0168000000,1.4547749671,-0.1514408359,1.4375353083,-0.1412644803,0.9906049146,-0.0376403007,-0.1670763493,-0.0469348081,-0.2252880243,0.7500000000,1.0000000000,1.0666666667,0.0032000000,0.9436796310,0.0497258625,1.0376529016,-0.0453407752
9,47,6,false,ret60_ret120_ret5_top3_riskoff0p5,ret60_ret120_ret5,ret60;ret120;ret5,3,0.500000,2024-01-18,2026-02-24,2026-02-25,2026-05-28,1.2327134556,0.1105072251,-0.2354384272,0.6349439225,0.4693678362,0.5769230769,3.0000000000,0.7760000000,0.0194000000,1.4547749671,-0.1526432036,1.4375353083,-0.1424812674,1.0015478746,0.0063062987,-0.1670763493,0.1452377674,0.0377450115,0.7500000000,1.0000000000,1.1111111111,0.0033333333,0.9436796310,0.0613219166,1.0376529016,-0.0347948981
9,48,26,false,ret60_ret120_ret5_top3_riskoff0,ret60_ret120_ret5,ret60;ret120;ret5,3,0.000000,2024-01-18,2026-02-24,2026-02-25,2026-05-28,1.2314916381,0.1099556488,-0.1773984893,0.6839712220,0.6198229155,0.3846153846,2.0000000000,0.5160000000,0.0129000000,1.4547749671,-0.1534830706,1.4375353083,-0.1433312065,0.9742990496,-0.1004204269,-0.1670763493,-0.3391238637,-0.6010451345,0.7500000000,1.0000000000,1.0000000000,0.0030000000,0.9436796310,0.0324468365,1.0376529016,-0.0610549557
9,49,52,false,price_momentum_top8_riskoff0,price_momentum,ret20;ret60;ret120,8,0.000000,2024-01-18,2026-02-24,2026-02-25,2026-05-28,1.2289736699,0.1088180774,-0.1731163222,0.7013038060,0.6285835789,0.3076923077,4.0000000000,0.5700000000,0.0142500000,1.4547749671,-0.1552139007,1.4375353083,-0.1450827936,0.9451404289,-0.2049316202,-0.1340501252,-1.2035565176,-1.5287685850,0.7500000000,1.0000000000,1.0000000000,0.0030000000,0.9436796310,0.0015479808,1.0376529016,-0.0891555091
9,50,10,false,all_factors_top3_riskoff0p3,all_factors,ret20;ret60;ret120;amount_strength;vol20;ret5,3,0.300000,2024-01-18,2026-02-24,2026-02-25,2026-05-28,1.2262772187,0.1075985803,-0.1920872088,0.6418996977,0.5601548428,0.5384615385,4.0000000000,0.7920000000,0.0198000000,1.4547749671,-0.1570674184,1.4375353083,-0.1469585396,0.9938887884,-0.0246075024,-0.1410511958,-0.0283521074,-0.1744579492,0.7500000000,1.0000000000,1.0666666667,0.0032000000,0.9436796310,0.0532057234,1.0376529016,-0.0421760621
9,51,19,false,price_momentum_top3_riskoff0p5,price_momentum,ret20;ret60;ret120,3,0.500000,2024-01-18,2026-02-24,2026-02-25,2026-05-28,1.1892768074,0.0907276150,-0.2490558073,0.5199508095,0.3642862859,0.4230769231,6.0000000000,1.0133333333,0.0253333333,1.4547749671,-0.1825011880,1.4375353083,-0.1726973240,0.9828586846,-0.0678627333,-0.1410511958,-0.2492388499,-0.4811212902,0.7500000000,1.0000000000,1.1111111111,0.0033333333,0.9436796310,0.0415173246,1.0376529016,-0.0528059209
9,52,29,false,all_factors_top3_riskoff0,all_factors,ret20;ret60;ret120;amount_strength;vol20;ret5,3,0.000000,2024-01-18,2026-02-24,2026-02-25,2026-05-28,1.1844675619,0.0885156324,-0.1679040754,0.5632360057,0.5271797734,0.3461538462,2.0000000000,0.6360000000,0.0159000000,1.4547749671,-0.1858070226,1.4375353083,-0.1760428039,0.9724177438,-0.1074597422,-0.1410511958,-0.4847901612,-0.7618492104,0.7500000000,1.0000000000,1.0000000000,0.0030000000,0.9436796310,0.0304532512,1.0376529016,-0.0628679953
9,53,31,false,price_momentum_top3_riskoff0p3,price_momentum,ret20;ret60;ret120,3,0.300000,2024-01-18,2026-02-24,2026-02-25,2026-05-28,1.1638197609,0.0789674824,-0.2309335783,0.4855794038,0.3419488971,0.4230769231,6.0000000000,0.8720000000,0.0218000000,1.4547749671,-0.2000001463,1.4375353083,-0.1904061388,0.9701035798,-0.1160616342,-0.1410511958,-0.5282474787,-0.8228333943,0.7500000000,1.0000000000,1.0666666667,0.0032000000,0.9436796310,0.0280009740,1.0376529016,-0.0650981862
9,54,49,false,price_momentum_top3_riskoff0,price_momentum,ret20;ret60;ret120,3,0.000000,2024-01-18,2026-02-24,2026-02-25,2026-05-28,1.1211114705,0.0589458451,-0.2060370171,0.3981311523,0.2860934696,0.2307692308,4.0000000000,0.6600000000,0.0165000000,1.4547749671,-0.2293574636,1.4375353083,-0.2201155241,0.9511085642,-0.1843274279,-0.1437568091,-0.9516235648,-1.2822170241,0.7500000000,1.0000000000,1.0000000000,0.0030000000,0.9436796310,0.0078723043,1.0376529016,-0.0834039371
10,1,23,true,ret60_top5_riskoff0p5,ret60,ret60,5,0.500000,2024-04-26,2026-05-28,2026-05-29,2026-06-02,1.4645260716,0.2106351036,-0.2207714331,1.0220987249,0.9540867702,0.5769230769,4.0000000000,0.7360000000,0.0184000000,1.3529375479,0.0824786953,1.3710490560,0.0681791911,1.0020486490,0.2941650373,-0.0108484783,1.4554629951,27.1157879792,0.5000000000,0.0000000000,0.0000000000,0.0000000000,1.0015894422,0.0004584781,1.0045869684,-0.0025267294
10,2,24,false,ret60_top5_riskoff0p3,ret60,ret60,5,0.300000,2024-04-26,2026-05-28,2026-05-29,2026-06-02,1.4257757398,0.1944796158,-0.2024229530,1.0042239561,0.9607587130,0.5769230769,4.0000000000,0.6528000000,0.0163200000,1.3529375479,0.0538370688,1.3710490560,0.0399159195,1.0020486490,0.2941650373,-0.0108484783,1.4554629951,27.1157879792,0.5000000000,0.0000000000,0.0000000000,0.0000000000,1.0015894422,0.0004584781,1.0045869684,-0.0025267294
10,3,27,false,ret60_ret120_ret5_top8_riskoff0p5,ret60_ret120_ret5,ret60;ret120;ret5,8,0.500000,2024-04-26,2026-05-28,2026-05-29,2026-06-02,1.4013571970,0.1841864815,-0.1689507929,1.0015730563,1.0901782606,0.5384615385,4.0000000000,0.6400000000,0.0160000000,1.3529375479,0.0357885323,1.3710490560,0.0221058034,1.0006598133,0.0866603100,-0.0130732685,0.4951045933,6.6288174178,0.5000000000,0.0000000000,0.0000000000,0.0000000000,1.0015894422,-0.0009281536,1.0045869684,-0.0039092237
10,4,6,false,ret60_ret5_top8_riskoff0p5,ret60_ret5,ret60;ret5,8,0.500000,2024-04-26,2026-05-28,2026-05-29,2026-06-02,1.3939861942,0.1810618309,-0.1644124078,1.0036805043,1.1012662201,0.5769230769,4.0000000000,0.7450000000,0.0186250000,1.3529375479,0.0303403852,1.3710490560,0.0167296262,1.0061738149,1.1716976987,-0.0047528710,6.2824986732,246.5241953280,0.5000000000,0.0000000000,0.0000000000,0.0000000000,1.0015894422,0.0045770977,1.0045869684,0.0015796009
10,5,45,false,price_momentum_top5_riskoff0p5,price_momentum,ret20;ret60;ret120,5,0.500000,2024-04-26,2026-05-28,2026-05-29,2026-06-02,1.3897793698,0.1792748148,-0.2439842198,0.8772876192,0.7347803677,0.6153846154,4.0000000000,0.8960000000,0.0224000000,1.3529375479,0.0272309848,1.3710490560,0.0136613009,0.9967400281,-0.3372963977,-0.0202611752,-1.2274473581,-16.6474251315,0.0000000000,1.0000000000,0.0000000000,0.0000000000,1.0015894422,-0.0048417184,1.0045869684,-0.0078111110
10,6,1,false,ret60_ret5_top5_riskoff0p5,ret60_ret5,ret60;ret5,5,0.500000,2024-04-26,2026-05-28,2026-05-29,2026-06-02,1.3760108659,0.1734071408,-0.1956424857,0.9010937138,0.8863470535,0.5769230769,4.0000000000,0.8560000000,0.0214000000,1.3529375479,0.0170542373,1.3710490560,0.0036189878,1.0104354044,2.6989454083,-0.0019935200,11.4935906963,1353.8591948765,0.5000000000,0.0000000000,0.0000000000,0.0000000000,1.0015894422,0.0088319244,1.0045869684,0.0058217318
10,7,42,false,ret60_ret120_top5_riskoff0p5,ret60_ret120,ret60;ret120,5,0.500000,2024-04-26,2026-05-28,2026-05-29,2026-06-02,1.3739932955,0.1725448632,-0.2384077503,0.8626334354,0.7237384817,0.5769230769,4.0000000000,0.7040000000,0.0176000000,1.3529375479,0.0155629856,1.3710490560,0.0021474356,0.9967400281,-0.3372963977,-0.0202611752,-1.2274473581,-16.6474251315,0.0000000000,1.0000000000,0.0000000000,0.0000000000,1.0015894422,-0.0048417184,1.0045869684,-0.0078111110
10,8,22,false,ret60_top5_riskoff0,ret60,ret60,5,0.000000,2024-04-26,2026-05-28,2026-05-29,2026-06-02,1.3632238639,0.1679314536,-0.1780787642,0.9158182326,0.9430178516,0.4615384615,2.0000000000,0.5280000000,0.0132000000,1.3529375479,0.0076029496,1.3710490560,-0.0057074487,1.0020486490,0.2941650373,-0.0108484783,1.4554629951,27.1157879792,0.5000000000,0.0000000000,0.0000000000,0.0000000000,1.0015894422,0.0004584781,1.0045869684,-0.0025267294
10,9,40,false,ret60_ret120_top5_riskoff0p3,ret60_ret120,ret60;ret120,5,0.300000,2024-04-26,2026-05-28,2026-05-29,2026-06-02,1.3580902168,0.1657259013,-0.2209227639,0.8679572035,0.7501531228,0.5769230769,4.0000000000,0.6144000000,0.0153600000,1.3529375479,0.0038085046,1.3710490560,-0.0094517692,0.9967400281,-0.3372963977,-0.0202611752,-1.2274473581,-16.6474251315,0.0000000000,1.0000000000,0.0000000000,0.0000000000,1.0015894422,-0.0048417184,1.0045869684,-0.0078111110
10,10,3,false,ret60_ret5_top5_riskoff0p3,ret60_ret5,ret60;ret5,5,0.300000,2024-04-26,2026-05-28,2026-05-29,2026-06-02,1.3543551285,0.1641185915,-0.1764047076,0.8976261147,0.9303526744,0.5769230769,4.0000000000,0.7632000000,0.0190800000,1.3529375479,0.0010477798,1.3710490560,-0.0121760250,1.0104354044,2.6989454083,-0.0019935200,11.4935906963,1353.8591948763,0.5000000000,0.0000000000,0.0000000000,0.0000000000,1.0015894422,0.0088319244,1.0045869684,0.0058217318
10,11,43,false,price_momentum_top5_riskoff0p3,price_momentum,ret20;ret60;ret120,5,0.300000,2024-04-26,2026-05-28,2026-05-29,2026-06-02,1.3528128455,0.1634542602,-0.2263791917,0.8481608571,0.7220374759,0.6153846154,4.0000000000,0.7808000000,0.0195200000,1.3529375479,-0.0000921716,1.3710490560,-0.0133009176,0.9967400281,-0.3372963977,-0.0202611752,-1.2274473581,-16.6474251315,0.0000000000,1.0000000000,0.0000000000,0.0000000000,1.0015894422,-0.0048417184,1.0045869684,-0.0078111110
10,12,25,false,ret60_ret120_ret5_top8_riskoff0p3,ret60_ret120_ret5,ret60;ret120;ret5,8,0.300000,2024-04-26,2026-05-28,2026-05-29,2026-06-02,1.3488498496,0.1617454826,-0.1621709405,0.9441634119,0.9973764845,0.5384615385,4.0000000000,0.5920000000,0.0148000000,1.3529375479,-0.0030213503,1.3710490560,-0.0161914020,1.0006598133,0.0866603100,-0.0130732685,0.4951045933,6.6288174178,0.5000000000,0.0000000000,0.0000000000,0.0000000000,1.0015894422,-0.0009281536,1.0045869684,-0.0039092237
10,13,28,false,ret60_top8_riskoff0p5,ret60,ret60,8,0.500000,2024-04-26,2026-05-28,2026-05-29,2026-06-02,1.3476905761,0.1612451497,-0.1937239694,0.8925717440,0.8323448578,0.6153846154,4.0000000000,0.7300000000,0.0182500000,1.3529375479,-0.0038782069,1.3710490560,-0.0170369396,0.9979937599,-0.2235633064,-0.0107112745,-1.5556640249,-20.8717745240,0.0000000000,1.0000000000,0.0000000000,0.0000000000,1.0015894422,-0.0035899762,1.0045869684,-0.0065631038
10,14,5,false,ret60_ret5_top8_riskoff0p3,ret60_ret5,ret60;ret5,8,0.300000,2024-04-26,2026-05-28,2026-05-29,2026-06-02,1.3439166578,0.1596148685,-0.1644124078,0.9462333204,0.9708200895,0.5769230769,4.0000000000,0.6790000000,0.0169750000,1.3529375479,-0.0066676323,1.3710490560,-0.0197895167,1.0061738149,1.1716976987,-0.0047528710,6.2824986732,246.5241953280,0.5000000000,0.0000000000,0.0000000000,0.0000000000,1.0015894422,0.0045770977,1.0045869684,0.0015796009
10,15,41,false,ret60_ret120_top5_riskoff0,ret60_ret120,ret60;ret120,5,0.000000,2024-04-26,2026-05-28,2026-05-29,2026-06-02,1.3291405336,0.1532096958,-0.1966588609,0.8334574259,0.7790632728,0.4615384615,2.0000000000,0.4800000000,0.0120000000,1.3529375479,-0.0175891447,1.3710490560,-0.0305667564,0.9967400281,-0.3372963977,-0.0202611752,-1.2274473581,-16.6474251315,0.0000000000,1.0000000000,0.0000000000,0.0000000000,1.0015894422,-0.0048417184,1.0045869684,-0.0078111110
10,16,49,false,ret60_ret120_ret5_top5_riskoff0p5,ret60_ret120_ret5,ret60;ret120;ret5,5,0.500000,2024-04-26,2026-05-28,2026-05-29,2026-06-02,1.3249171907,0.1513724342,-0.2230029025,0.7936405360,0.6787913185,0.5769230769,4.0000000000,0.7760000000,0.0194000000,1.3529375479,-0.0207107543,1.3710490560,-0.0336471296,0.9956083640,-0.4256778216,-0.0186872617,-1.9664186302,-22.7790367425,0.0000000000,1.0000000000,0.0000000000,0.0000000000,1.0015894422,-0.0059715867,1.0045869684,-0.0089376079
10,17,32,false,price_momentum_top8_riskoff0p5,price_momentum,ret20;ret60;ret120,8,0.500000,2024-04-26,2026-05-28,2026-05-29,2026-06-02,1.3236383284,0.1508155203,-0.1885858554,0.8368251584,0.7997180913,0.5769230769,4.0000000000,0.8100000000,0.0202500000,1.3529375479,-0.0216560029,1.3710490560,-0.0345798915,0.9979937599,-0.2235633064,-0.0107112745,-1.5556640249,-20.8717745240,0.0000000000,1.0000000000,0.0000000000,0.0000000000,1.0015894422,-0.0035899762,1.0045869684,-0.0065631038
10,18,20,false,ret60_ret5_top3_riskoff0p5,ret60_ret5,ret60;ret5,3,0.500000,2024-04-26,2026-05-28,2026-05-29,2026-06-02,1.3191922226,0.1488772553,-0.2245122856,0.7987010455,0.6631140692,0.5000000000,5.0000000000,0.8560000000,0.0214000000,1.3529375479,-0.0249422638,1.3710490560,-0.0378227410,1.0035663873,0.5660638940,-0.0185654186,1.5385938730,30.4902305706,0.5000000000,0.0000000000,0.0000000000,0.0000000000,1.0015894422,0.0019738079,1.0045869684,-0.0010159211
10,19,2,false,ret60_ret5_top5_riskoff0,ret60_ret5,ret60;ret5,5,0.000000,2024-04-26,2026-05-28,2026-05-29,2026-06-02,1.3174718556,0.1481263925,-0.1725948937,0.8455639868,0.8582316045,0.4615384615,2.0000000000,0.6240000000,0.0156000000,1.3529375479,-0.0262138429,1.3710490560,-0.0390775225,1.0104354044,2.6989454083,-0.0019935200,11.4935906963,1353.8591948763,0.5000000000,0.0000000000,0.0000000000,0.0000000000,1.0015894422,0.0088319244,1.0045869684,0.0058217318
10,20,36,false,ret60_ret120_top8_riskoff0p5,ret60_ret120,ret60;ret120,8,0.500000,2024-04-26,2026-05-28,2026-05-29,2026-06-02,1.3150689237,0.1470768014,-0.1931155271,0.8204910763,0.7616000827,0.5384615385,4.0000000000,0.6450000000,0.0161250000,1.3529375479,-0.0279899278,1.3710490560,-0.0408301454,0.9979937599,-0.2235633064,-0.0107112745,-1.5556640249,-20.8717745240,0.0000000000,1.0000000000,0.0000000000,0.0000000000,1.0015894422,-0.0035899762,1.0045869684,-0.0065631038
10,21,50,false,ret60_ret120_ret5_top5_riskoff0p3,ret60_ret120_ret5,ret60;ret120;ret5,5,0.300000,2024-04-26,2026-05-28,2026-05-29,2026-06-02,1.3127831805,0.1460775093,-0.2033251495,0.8016349549,0.7184428966,0.5769230769,4.0000000000,0.6896000000,0.0172400000,1.3529375479,-0.0296793947,1.3710490560,-0.0424972945,0.9956083640,-0.4256778216,-0.0186872617,-1.9664186302,-22.7790367425,0.0000000000,1.0000000000,0.0000000000,0.0000000000,1.0015894422,-0.0059715867,1.0045869684,-0.0089376079
10,22,16,false,ret60_ret5_top3_riskoff0p3,ret60_ret5,ret60;ret5,3,0.300000,2024-04-26,2026-05-28,2026-05-29,2026-06-02,1.3076619140,0.1438354131,-0.2022001448,0.8150135310,0.7113516819,0.5000000000,5.0000000000,0.7440000000,0.0186000000,1.3529375479,-0.0334646887,1.3710490560,-0.0462325850,1.0035663873,0.5660638940,-0.0185654186,1.5385938730,30.4902305706,0.5000000000,0.0000000000,0.0000000000,0.0000000000,1.0015894422,0.0019738079,1.0045869684,-0.0010159211
10,23,37,false,ret60_top8_riskoff0p3,ret60,ret60,8,0.300000,2024-04-26,2026-05-28,2026-05-29,2026-06-02,1.3071353555,0.1436046370,-0.1822515735,0.8497738453,0.7879473094,0.6153846154,4.0000000000,0.6580000000,0.0164500000,1.3529375479,-0.0338538852,1.3710490560,-0.0466166402,0.9979937599,-0.2235633064,-0.0107112745,-1.5556640249,-20.8717745240,0.0000000000,1.0000000000,0.0000000000,0.0000000000,1.0015894422,-0.0035899762,1.0045869684,-0.0065631038
10,24,46,false,all_factors_top5_riskoff0p5,all_factors,ret20;ret60;ret120;amount_strength;vol20;ret5,5,0.500000,2024-04-26,2026-05-28,2026-05-29,2026-06-02,1.3031228081,0.1418445218,-0.1983921137,0.7810400279,0.7149705660,0.6538461538,4.0000000000,0.9600000000,0.0240000000,1.3529375479,-0.0368196890,1.3710490560,-0.0495432658,0.9966404836,-0.3455837782,-0.0167334812,-1.6389493768,-20.6522345694,0.0000000000,1.0000000000,0.0000000000,0.0000000000,1.0015894422,-0.0049411050,1.0045869684,-0.0079102010
10,25,44,false,price_momentum_top5_riskoff0,price_momentum,ret20;ret60;ret120,5,0.000000,2024-04-26,2026-05-28,2026-05-29,2026-06-02,1.2933841711,0.1375613605,-0.2025139410,0.7553710983,0.6792685966,0.4615384615,2.0000000000,0.6080000000,0.0152000000,1.3529375479,-0.0440178314,1.3710490560,-0.0566463210,0.9967400281,-0.3372963977,-0.0202611752,-1.2274473581,-16.6474251315,0.0000000000,1.0000000000,0.0000000000,0.0000000000,1.0015894422,-0.0048417184,1.0045869684,-0.0078111110
10,26,51,false,ret60_ret120_ret5_top5_riskoff0,ret60_ret120_ret5,ret60;ret120;ret5,5,0.000000,2024-04-26,2026-05-28,2026-05-29,2026-06-02,1.2897336183,0.1359516616,-0.1772706920,0.7740679332,0.7669156142,0.4615384615,2.0000000000,0.5600000000,0.0140000000,1.3529375479,-0.0467160732,1.3710490560,-0.0593089192,0.9956083640,-0.4256778216,-0.0186872617,-1.9664186302,-22.7790367425,0.0000000000,1.0000000000,0.0000000000,0.0000000000,1.0015894422,-0.0059715867,1.0045869684,-0.0089376079
10,27,31,false,ret60_ret120_top8_riskoff0p3,ret60_ret120,ret60;ret120,8,0.300000,2024-04-26,2026-05-28,2026-05-29,2026-06-02,1.2849970337,0.1338596881,-0.1809490601,0.7943629520,0.7397644840,0.5384615385,4.0000000000,0.5910000000,0.0147750000,1.3529375479,-0.0502170365,1.3710490560,-0.0627636349,0.9979937599,-0.2235633064,-0.0107112745,-1.5556640249,-20.8717745240,0.0000000000,1.0000000000,0.0000000000,0.0000000000,1.0015894422,-0.0035899762,1.0045869684,-0.0065631038
10,28,10,false,ret60_ret5_top3_riskoff0,ret60_ret5,ret60;ret5,3,0.000000,2024-04-26,2026-05-28,2026-05-29,2026-06-02,1.2848027547,0.1337738002,-0.1745627622,0.7912649325,0.7663364082,0.3846153846,3.0000000000,0.5760000000,0.0144000000,1.3529375479,-0.0503606344,1.3710490560,-0.0629053358,1.0035663873,0.5660638940,-0.0185654186,1.5385938730,30.4902305706,0.5000000000,0.0000000000,0.0000000000,0.0000000000,1.0015894422,0.0019738079,1.0045869684,-0.0010159211
10,29,47,false,all_factors_top5_riskoff0p3,all_factors,ret20;ret60;ret120;amount_strength;vol20;ret5,5,0.300000,2024-04-26,2026-05-28,2026-05-29,2026-06-02,1.2828494319,0.1329099044,-0.1856915421,0.7703683411,0.7157563715,0.6538461538,4.0000000000,0.8640000000,0.0216000000,1.3529375479,-0.0518043986,1.3710490560,-0.0643300280,0.9966404836,-0.3455837782,-0.0167334812,-1.6389493768,-20.6522345694,0.0000000000,1.0000000000,0.0000000000,0.0000000000,1.0015894422,-0.0049411050,1.0045869684,-0.0079102010
10,30,18,false,ret60_top3_riskoff0p5,ret60,ret60,3,0.500000,2024-04-26,2026-05-28,2026-05-29,2026-06-02,1.2825742129,0.1327881306,-0.2283252040,0.6953151561,0.5815745622,0.5000000000,5.0000000000,0.8053333333,0.0201333333,1.3529375479,-0.0520078219,1.3710490560,-0.0645307641,1.0035663873,0.5660638940,-0.0185654186,1.5385938730,30.4902305706,0.5000000000,0.0000000000,0.0000000000,0.0000000000,1.0015894422,0.0019738079,1.0045869684,-0.0010159211
10,31,39,false,price_momentum_top8_riskoff0p3,price_momentum,ret20;ret60;ret120,8,0.300000,2024-04-26,2026-05-28,2026-05-29,2026-06-02,1.2779647743,0.1307466901,-0.1807669744,0.7795413193,0.7232885903,0.5769230769,4.0000000000,0.7260000000,0.0181500000,1.3529375479,-0.0554148074,1.3710490560,-0.0678927434,0.9979937599,-0.2235633064,-0.0107112745,-1.5556640249,-20.8717745241,0.0000000000,1.0000000000,0.0000000000,0.0000000000,1.0015894422,-0.0035899762,1.0045869684,-0.0065631038
10,32,19,false,ret60_ret120_top3_riskoff0p5,ret60_ret120,ret60;ret120,3,0.500000,2024-04-26,2026-05-28,2026-05-29,2026-06-02,1.2752232958,0.1295307939,-0.2479092344,0.6815343039,0.5224928157,0.5000000000,5.0000000000,0.8053333333,0.0201333333,1.3529375479,-0.0574411230,1.3710490560,-0.0698922915,1.0035663873,0.5660638940,-0.0185654186,1.5385938730,30.4902305706,0.5000000000,0.0000000000,0.0000000000,0.0000000000,1.0015894422,0.0019738079,1.0045869684,-0.0010159211
10,33,26,false,ret60_ret120_ret5_top8_riskoff0,ret60_ret120_ret5,ret60;ret120;ret5,8,0.000000,2024-04-26,2026-05-28,2026-05-29,2026-06-02,1.2689374917,0.1267379907,-0.1541759723,0.7923381341,0.8220346451,0.4230769231,2.0000000000,0.5200000000,0.0130000000,1.3529375479,-0.0620871646,1.3710490560,-0.0744769590,1.0006598133,0.0866603100,-0.0130732685,0.4951045933,6.6288174178,0.5000000000,0.0000000000,0.0000000000,0.0000000000,1.0015894422,-0.0009281536,1.0045869684,-0.0039092237
10,34,4,false,ret60_ret5_top8_riskoff0,ret60_ret5,ret60;ret5,8,0.000000,2024-04-26,2026-05-28,2026-05-29,2026-06-02,1.2677918811,0.1262282490,-0.1644124078,0.7983565252,0.7677537885,0.4615384615,2.0000000000,0.5800000000,0.0145000000,1.3529375479,-0.0629339225,1.3710490560,-0.0753125313,1.0061738149,1.1716976987,-0.0047528710,6.2824986732,246.5241953280,0.5000000000,0.0000000000,0.0000000000,0.0000000000,1.0015894422,0.0045770977,1.0045869684,0.0015796009
10,35,13,false,ret60_ret120_top3_riskoff0p3,ret60_ret120,ret60;ret120,3,0.300000,2024-04-26,2026-05-28,2026-05-29,2026-06-02,1.2506599865,0.1185777787,-0.2246178167,0.6615061263,0.5279090523,0.5000000000,5.0000000000,0.7040000000,0.0176000000,1.3529375479,-0.0755966612,1.3710490560,-0.0878079957,1.0035663873,0.5660638940,-0.0185654186,1.5385938730,30.4902305706,0.5000000000,0.0000000000,0.0000000000,0.0000000000,1.0015894422,0.0019738079,1.0045869684,-0.0010159211
10,36,21,false,ret60_top3_riskoff0p3,ret60,ret60,3,0.300000,2024-04-26,2026-05-28,2026-05-29,2026-06-02,1.2503874264,0.1184556422,-0.2063806088,0.6612573037,0.5739669193,0.5000000000,5.0000000000,0.7040000000,0.0176000000,1.3529375479,-0.0757981192,1.3710490560,-0.0880067924,1.0035663873,0.5660638940,-0.0185654186,1.5385938730,30.4902305706,0.5000000000,0.0000000000,0.0000000000,0.0000000000,1.0015894422,0.0019738079,1.0045869684,-0.0010159211
10,37,48,false,all_factors_top5_riskoff0,all_factors,ret20;ret60;ret120;amount_strength;vol20;ret5,5,0.000000,2024-04-26,2026-05-28,2026-05-29,2026-06-02,1.2485646886,0.1176385164,-0.1686900289,0.7134501215,0.6973649669,0.4615384615,2.0000000000,0.7200000000,0.0180000000,1.3529375479,-0.0771453637,1.3710490560,-0.0893362399,0.9966404836,-0.3455837782,-0.0167334812,-1.6389493768,-20.6522345694,0.0000000000,1.0000000000,0.0000000000,0.0000000000,1.0015894422,-0.0049411050,1.0045869684,-0.0079102010
10,38,54,false,all_factors_top3_riskoff0p5,all_factors,ret20;ret60;ret120;amount_strength;vol20;ret5,3,0.500000,2024-04-26,2026-05-28,2026-05-29,2026-06-02,1.2455192491,0.1162719290,-0.2097079756,0.6406242790,0.5544468622,0.5384615385,5.0000000000,0.9493333333,0.0237333333,1.3529375479,-0.0793963469,1.3710490560,-0.0915574876,0.9932473139,-0.5741738731,-0.0308013984,-1.7093254429,-18.6411625249,0.0000000000,1.0000000000,0.0000000000,0.0000000000,1.0015894422,-0.0083288900,1.0045869684,-0.0112878774
10,39,33,false,ret60_top8_riskoff0,ret60,ret60,8,0.000000,2024-04-26,2026-05-28,2026-05-29,2026-06-02,1.2438940383,0.1155419620,-0.1680733211,0.7290155926,0.6874497467,0.4615384615,2.0000000000,0.5500000000,0.0137500000,1.3529375479,-0.0805975928,1.3710490560,-0.0927428651,0.9979937599,-0.2235633064,-0.0107112745,-1.5556640249,-20.8717745240,0.0000000000,1.0000000000,0.0000000000,0.0000000000,1.0015894422,-0.0035899762,1.0045869684,-0.0065631038
10,40,34,false,ret60_ret120_top8_riskoff0,ret60_ret120,ret60;ret120,8,0.000000,2024-04-26,2026-05-28,2026-05-29,2026-06-02,1.2364713189,0.1122019642,-0.1649313544,0.7051682832,0.6802949301,0.4230769231,2.0000000000,0.5100000000,0.0127500000,1.3529375479,-0.0860839653,1.3710490560,-0.0981567629,0.9979937599,-0.2235633064,-0.0107112745,-1.5556640249,-20.8717745240,0.0000000000,1.0000000000,0.0000000000,0.0000000000,1.0015894422,-0.0035899762,1.0045869684,-0.0065631038
10,41,35,false,all_factors_top8_riskoff0p5,all_factors,ret20;ret60;ret120;amount_strength;vol20;ret5,8,0.500000,2024-04-26,2026-05-28,2026-05-29,2026-06-02,1.2290671758,0.1088603424,-0.2007385897,0.6580374501,0.5422990296,0.5384615385,4.0000000000,0.8800000000,0.0220000000,1.3529375479,-0.0915566076,1.3710490560,-0.1035571117,0.9979937599,-0.2235633064,-0.0107112745,-1.5556640249,-20.8717745240,0.0000000000,1.0000000000,0.0000000000,0.0000000000,1.0015894422,-0.0035899762,1.0045869684,-0.0065631038
10,42,12,false,ret60_ret120_ret5_top3_riskoff0p5,ret60_ret120_ret5,ret60;ret120;ret5,3,0.500000,2024-04-26,2026-05-28,2026-05-29,2026-06-02,1.2224003168,0.1058428650,-0.2354384272,0.5901672164,0.4495564564,0.5769230769,3.0000000000,0.8186666667,0.0204666667,1.3529375479,-0.0964842992,1.3710490560,-0.1084197087,1.0035663873,0.5660638940,-0.0185654186,1.5385938730,30.4902305706,0.5000000000,0.0000000000,0.0000000000,0.0000000000,1.0015894422,0.0019738079,1.0045869684,-0.0010159211
10,43,30,false,all_factors_top8_riskoff0p3,all_factors,ret20;ret60;ret120;amount_strength;vol20;ret5,8,0.300000,2024-04-26,2026-05-28,2026-05-29,2026-06-02,1.2117318265,0.1009970784,-0.1882103371,0.6462535777,0.5366181259,0.5384615385,4.0000000000,0.7920000000,0.0198000000,1.3529375479,-0.1043697262,1.3710490560,-0.1162009695,0.9979937599,-0.2235633064,-0.0107112745,-1.5556640249,-20.8717745240,0.0000000000,1.0000000000,0.0000000000,0.0000000000,1.0015894422,-0.0035899762,1.0045869684,-0.0065631038
10,44,8,false,ret60_ret120_ret5_top3_riskoff0p3,ret60_ret120_ret5,ret60;ret120;ret5,3,0.300000,2024-04-26,2026-05-28,2026-05-29,2026-06-02,1.2096998941,0.1000717342,-0.2108070733,0.5843770015,0.4747076682,0.5769230769,3.0000000000,0.7120000000,0.0178000000,1.3529375479,-0.1058715933,1.3710490560,-0.1176829970,1.0035663873,0.5660638940,-0.0185654186,1.5385938730,30.4902305706,0.5000000000,0.0000000000,0.0000000000,0.0000000000,1.0015894422,0.0019738079,1.0045869684,-0.0010159211
10,45,11,false,price_momentum_top3_riskoff0p5,price_momentum,ret20;ret60;ret120,3,0.500000,2024-04-26,2026-05-28,2026-05-29,2026-06-02,1.2090686826,0.0997841220,-0.2490558073,0.5556210429,0.4006496498,0.5000000000,5.0000000000,1.0160000000,0.0254000000,1.3529375479,-0.1063381421,1.3710490560,-0.1181433827,1.0035663873,0.5660638940,-0.0185654186,1.5385938730,30.4902305706,0.5000000000,0.0000000000,0.0000000000,0.0000000000,1.0015894422,0.0019738079,1.0045869684,-0.0010159211
10,46,9,false,ret60_ret120_top3_riskoff0,ret60_ret120,ret60;ret120,3,0.000000,2024-04-26,2026-05-28,2026-05-29,2026-06-02,1.2090198241,0.0997618564,-0.1919062622,0.5905418187,0.5198468006,0.3846153846,3.0000000000,0.5520000000,0.0138000000,1.3529375479,-0.1063742551,1.3710490560,-0.1181790186,1.0035663873,0.5660638940,-0.0185654186,1.5385938730,30.4902305706,0.5000000000,0.0000000000,0.0000000000,0.0000000000,1.0015894422,0.0019738079,1.0045869684,-0.0010159211
10,47,38,false,price_momentum_top8_riskoff0,price_momentum,ret20;ret60;ret120,8,0.000000,2024-04-26,2026-05-28,2026-05-29,2026-06-02,1.2076281597,0.0991274653,-0.1731163222,0.6375114503,0.5726061187,0.4230769231,2.0000000000,0.6000000000,0.0150000000,1.3529375479,-0.1074028793,1.3710490560,-0.1191940548,0.9979937599,-0.2235633064,-0.0107112745,-1.5556640249,-20.8717745240,0.0000000000,1.0000000000,0.0000000000,0.0000000000,1.0015894422,-0.0035899762,1.0045869684,-0.0065631038
10,48,53,false,all_factors_top3_riskoff0p3,all_factors,ret20;ret60;ret120;amount_strength;vol20;ret5,3,0.300000,2024-04-26,2026-05-28,2026-05-29,2026-06-02,1.2018875149,0.0965067245,-0.1920872088,0.5723253409,0.5024109886,0.5384615385,5.0000000000,0.8480000000,0.0212000000,1.3529375479,-0.1116459760,1.3710490560,-0.1233811003,0.9932473139,-0.5741738731,-0.0308013984,-1.7093254429,-18.6411625249,0.0000000000,1.0000000000,0.0000000000,0.0000000000,1.0015894422,-0.0083288900,1.0045869684,-0.0112878774
10,49,17,false,ret60_top3_riskoff0,ret60,ret60,3,0.000000,2024-04-26,2026-05-28,2026-05-29,2026-06-02,1.1979635253,0.0947117343,-0.1759147271,0.5669378484,0.5383957093,0.4230769231,2.0000000000,0.5520000000,0.0138000000,1.3529375479,-0.1145463239,1.3710490560,-0.1262431348,1.0035663873,0.5660638940,-0.0185654186,1.5385938730,30.4902305706,0.5000000000,0.0000000000,0.0000000000,0.0000000000,1.0015894422,0.0019738079,1.0045869684,-0.0010159211
10,50,7,false,ret60_ret120_ret5_top3_riskoff0,ret60_ret120_ret5,ret60;ret120;ret5,3,0.000000,2024-04-26,2026-05-28,2026-05-29,2026-06-02,1.1860806664,0.0892580685,-0.1773984893,0.5451339753,0.5031501049,0.4230769231,2.0000000000,0.5520000000,0.0138000000,1.3529375479,-0.1233293302,1.3710490560,-0.1349101178,1.0035663873,0.5660638940,-0.0185654186,1.5385938730,30.4902305706,0.5000000000,0.0000000000,0.0000000000,0.0000000000,1.0015894422,0.0019738079,1.0045869684,-0.0010159211
10,51,29,false,all_factors_top8_riskoff0,all_factors,ret20;ret60;ret120;amount_strength;vol20;ret5,8,0.000000,2024-04-26,2026-05-28,2026-05-29,2026-06-02,1.1819755004,0.0873676613,-0.1722938805,0.5890111713,0.5070851099,0.4230769231,2.0000000000,0.6600000000,0.0165000000,1.3529375479,-0.1263635914,1.3710490560,-0.1379042965,0.9979937599,-0.2235633064,-0.0107112745,-1.5556640249,-20.8717745240,0.0000000000,1.0000000000,0.0000000000,0.0000000000,1.0015894422,-0.0035899762,1.0045869684,-0.0065631038
10,52,15,false,price_momentum_top3_riskoff0p3,price_momentum,ret20;ret60;ret120,3,0.300000,2024-04-26,2026-05-28,2026-05-29,2026-06-02,1.1764219495,0.0848050586,-0.2309335783,0.5073926722,0.3672270585,0.5000000000,5.0000000000,0.8880000000,0.0222000000,1.3529375479,-0.1304684009,1.3710490560,-0.1419548817,1.0035663873,0.5660638940,-0.0185654186,1.5385938730,30.4902305706,0.5000000000,0.0000000000,0.0000000000,0.0000000000,1.0015894422,0.0019738079,1.0045869684,-0.0010159211
10,53,52,false,all_factors_top3_riskoff0,all_factors,ret20;ret60;ret120;amount_strength;vol20;ret5,3,0.000000,2024-04-26,2026-05-28,2026-05-29,2026-06-02,1.1347959112,0.0654019108,-0.1679040754,0.4314167128,0.3895194960,0.3846153846,3.0000000000,0.6960000000,0.0174000000,1.3529375479,-0.1612355552,1.3710490560,-0.1723156030,0.9932473139,-0.5741738731,-0.0308013984,-1.7093254429,-18.6411625249,0.0000000000,1.0000000000,0.0000000000,0.0000000000,1.0015894422,-0.0083288900,1.0045869684,-0.0112878774
10,54,14,false,price_momentum_top3_riskoff0,price_momentum,ret20;ret60;ret120,3,0.000000,2024-04-26,2026-05-28,2026-05-29,2026-06-02,1.1240121115,0.0603175839,-0.2060370171,0.4001007599,0.2927511994,0.3461538462,3.0000000000,0.6960000000,0.0174000000,1.3529375479,-0.1692062111,1.3710490560,-0.1801809668,1.0035663873,0.5660638940,-0.0185654186,1.5385938730,30.4902305706,0.5000000000,0.0000000000,0.0000000000,0.0000000000,1.0015894422,0.0019738079,1.0045869684,-0.0010159211
