date,ret60_ret5_top5_softoff0p2_riskctrl1_mscore0,ret60_ret5_top5_softoff0p3_riskctrl1_mscore0,ret60_ret5_top5_softoff0p4_riskctrl1_mscore0,ret60_ret5_top5_softoff0p5_riskctrl1_mscore0,ret60_ret5_top8_softoff0p2_riskctrl1_mscore0,ret60_ret5_top8_softoff0p3_riskctrl1_mscore0,ret60_ret5_top8_softoff0p4_riskctrl1_mscore0,ret60_ret5_top8_softoff0p5_riskctrl1_mscore0,ret60_ret5_top5_softoff0p2_riskctrl1_mscore1,ret60_ret5_top5_softoff0p3_riskctrl1_mscore1,equal_weight,benchmark
2021-12-13,1.0000000000,1.0000000000,1.0000000000,1.0000000000,1.0000000000,1.0000000000,1.0000000000,1.0000000000,1.0000000000,1.0000000000,1.0000000000,1.0000000000
2021-12-14,1.0000000000,1.0000000000,1.0000000000,1.0000000000,1.0000000000,1.0000000000,1.0000000000,1.0000000000,1.0000000000,1.0000000000,0.9954078109,0.9932924191
2021-12-15,1.0000000000,1.0000000000,1.0000000000,1.0000000000,1.0000000000,1.0000000000,1.0000000000,1.0000000000,1.0000000000,1.0000000000,0.9940787395,0.9846768166
2021-12-16,1.0000000000,1.0000000000,1.0000000000,1.0000000000,1.0000000000,1.0000000000,1.0000000000,1.0000000000,1.0000000000,1.0000000000,1.0042441620,0.9903477714
2021-12-17,1.0000000000,1.0000000000,1.0000000000,1.0000000000,1.0000000000,1.0000000000,1.0000000000,1.0000000000,1.0000000000,1.0000000000,0.9943271382,0.9746174122
2021-12-20,1.0000000000,1.0000000000,1.0000000000,1.0000000000,1.0000000000,1.0000000000,1.0000000000,1.0000000000,1.0000000000,1.0000000000,0.9811179554,0.9599944923
2021-12-21,1.0000000000,1.0000000000,1.0000000000,1.0000000000,1.0000000000,1.0000000000,1.0000000000,1.0000000000,1.0000000000,1.0000000000,0.9949953196,0.9664994689
2021-12-22,1.0000000000,1.0000000000,1.0000000000,1.0000000000,1.0000000000,1.0000000000,1.0000000000,1.0000000000,1.0000000000,1.0000000000,0.9972909842,0.9666883040
2021-12-23,1.0000000000,1.0000000000,1.0000000000,1.0000000000,1.0000000000,1.0000000000,1.0000000000,1.0000000000,1.0000000000,1.0000000000,0.9986314962,0.9734332586
2021-12-24,1.0000000000,1.0000000000,1.0000000000,1.0000000000,1.0000000000,1.0000000000,1.0000000000,1.0000000000,1.0000000000,1.0000000000,0.9881045494,0.9680435894
2021-12-27,1.0000000000,1.0000000000,1.0000000000,1.0000000000,1.0000000000,1.0000000000,1.0000000000,1.0000000000,1.0000000000,1.0000000000,0.9902205582,0.9676462489
2021-12-28,1.0000000000,1.0000000000,1.0000000000,1.0000000000,1.0000000000,1.0000000000,1.0000000000,1.0000000000,1.0000000000,1.0000000000,0.9944623309,0.9748534561
2021-12-29,1.0000000000,1.0000000000,1.0000000000,1.0000000000,1.0000000000,1.0000000000,1.0000000000,1.0000000000,1.0000000000,1.0000000000,0.9888371426,0.9605964043
2021-12-30,1.0000000000,1.0000000000,1.0000000000,1.0000000000,1.0000000000,1.0000000000,1.0000000000,1.0000000000,1.0000000000,1.0000000000,0.9963101665,0.9680770290
2021-12-31,1.0000000000,1.0000000000,1.0000000000,1.0000000000,1.0000000000,1.0000000000,1.0000000000,1.0000000000,1.0000000000,1.0000000000,1.0028824953,0.9717868524
2022-01-04,1.0000000000,1.0000000000,1.0000000000,1.0000000000,1.0000000000,1.0000000000,1.0000000000,1.0000000000,1.0000000000,1.0000000000,1.0086308634,0.9673413588
2022-01-05,1.0000000000,1.0000000000,1.0000000000,1.0000000000,1.0000000000,1.0000000000,1.0000000000,1.0000000000,1.0000000000,1.0000000000,0.9975294115,0.9575750423
2022-01-06,1.0000000000,1.0000000000,1.0000000000,1.0000000000,1.0000000000,1.0000000000,1.0000000000,1.0000000000,1.0000000000,1.0000000000,0.9982121335,0.9477615170
2022-01-07,1.0000000000,1.0000000000,1.0000000000,1.0000000000,1.0000000000,1.0000000000,1.0000000000,1.0000000000,1.0000000000,1.0000000000,0.9915944502,0.9485758684
2022-01-10,1.0000000000,1.0000000000,1.0000000000,1.0000000000,1.0000000000,1.0000000000,1.0000000000,1.0000000000,1.0000000000,1.0000000000,0.9974185071,0.9528384279
2022-01-11,1.0000000000,1.0000000000,1.0000000000,1.0000000000,1.0000000000,1.0000000000,1.0000000000,1.0000000000,1.0000000000,1.0000000000,0.9883696155,0.9437369684
2022-01-12,1.0000000000,1.0000000000,1.0000000000,1.0000000000,1.0000000000,1.0000000000,1.0000000000,1.0000000000,1.0000000000,1.0000000000,0.9971330704,0.9531413510
2022-01-13,1.0000000000,1.0000000000,1.0000000000,1.0000000000,1.0000000000,1.0000000000,1.0000000000,1.0000000000,1.0000000000,1.0000000000,0.9837862005,0.9374719698
2022-01-14,1.0000000000,1.0000000000,1.0000000000,1.0000000000,1.0000000000,1.0000000000,1.0000000000,1.0000000000,1.0000000000,1.0000000000,0.9750879564,0.9297631693
2022-01-17,1.0000000000,1.0000000000,1.0000000000,1.0000000000,1.0000000000,1.0000000000,1.0000000000,1.0000000000,1.0000000000,1.0000000000,0.9849388433,0.9377394862
2022-01-18,1.0000000000,1.0000000000,1.0000000000,1.0000000000,1.0000000000,1.0000000000,1.0000000000,1.0000000000,1.0000000000,1.0000000000,0.9867265668,0.9468016051
2022-01-19,1.0000000000,1.0000000000,1.0000000000,1.0000000000,1.0000000000,1.0000000000,1.0000000000,1.0000000000,1.0000000000,1.0000000000,0.9846745546,0.9403162988
2022-01-20,1.0000000000,1.0000000000,1.0000000000,1.0000000000,1.0000000000,1.0000000000,1.0000000000,1.0000000000,1.0000000000,1.0000000000,0.9769279485,0.9488001102
2022-01-21,1.0000000000,1.0000000000,1.0000000000,1.0000000000,1.0000000000,1.0000000000,1.0000000000,1.0000000000,1.0000000000,1.0000000000,0.9664382663,0.9401058264
2022-01-24,1.0000000000,1.0000000000,1.0000000000,1.0000000000,1.0000000000,1.0000000000,1.0000000000,1.0000000000,1.0000000000,1.0000000000,0.9670495406,0.9415673315
2022-01-25,1.0000000000,1.0000000000,1.0000000000,1.0000000000,1.0000000000,1.0000000000,1.0000000000,1.0000000000,1.0000000000,1.0000000000,0.9351999839,0.9202663362
2022-01-26,1.0000000000,1.0000000000,1.0000000000,1.0000000000,1.0000000000,1.0000000000,1.0000000000,1.0000000000,1.0000000000,1.0000000000,0.9410170992,0.9269267084
2022-01-27,1.0000000000,1.0000000000,1.0000000000,1.0000000000,1.0000000000,1.0000000000,1.0000000000,1.0000000000,1.0000000000,1.0000000000,0.9186589007,0.9087454266
2022-01-28,1.0000000000,1.0000000000,1.0000000000,1.0000000000,1.0000000000,1.0000000000,1.0000000000,1.0000000000,1.0000000000,1.0000000000,0.9183846936,0.8977084071
2022-02-07,1.0000000000,1.0000000000,1.0000000000,1.0000000000,1.0000000000,1.0000000000,1.0000000000,1.0000000000,1.0000000000,1.0000000000,0.9350338433,0.9115405799
2022-02-08,1.0000000000,1.0000000000,1.0000000000,1.0000000000,1.0000000000,1.0000000000,1.0000000000,1.0000000000,1.0000000000,1.0000000000,0.9451069282,0.9065600535
2022-02-09,1.0000000000,1.0000000000,1.0000000000,1.0000000000,1.0000000000,1.0000000000,1.0000000000,1.0000000000,1.0000000000,1.0000000000,0.9570239845,0.9150753373
2022-02-10,1.0000000000,1.0000000000,1.0000000000,1.0000000000,1.0000000000,1.0000000000,1.0000000000,1.0000000000,1.0000000000,1.0000000000,0.9587187938,0.9126755577
2022-02-11,1.0000000000,1.0000000000,1.0000000000,1.0000000000,1.0000000000,1.0000000000,1.0000000000,1.0000000000,1.0000000000,1.0000000000,0.9480777023,0.9051103505
2022-02-14,1.0000000000,1.0000000000,1.0000000000,1.0000000000,1.0000000000,1.0000000000,1.0000000000,1.0000000000,1.0000000000,1.0000000000,0.9410679948,0.8953322318
2022-02-15,1.0000000000,1.0000000000,1.0000000000,1.0000000000,1.0000000000,1.0000000000,1.0000000000,1.0000000000,1.0000000000,1.0000000000,0.9453901850,0.9048546363
2022-02-16,1.0000000000,1.0000000000,1.0000000000,1.0000000000,1.0000000000,1.0000000000,1.0000000000,1.0000000000,1.0000000000,1.0000000000,0.9532056518,0.9083736575
2022-02-17,1.0000000000,1.0000000000,1.0000000000,1.0000000000,1.0000000000,1.0000000000,1.0000000000,1.0000000000,1.0000000000,1.0000000000,0.9529759936,0.9105727999
2022-02-18,1.0000000000,1.0000000000,1.0000000000,1.0000000000,1.0000000000,1.0000000000,1.0000000000,1.0000000000,1.0000000000,1.0000000000,0.9613142958,0.9149140407
2022-02-21,1.0000000000,1.0000000000,1.0000000000,1.0000000000,1.0000000000,1.0000000000,1.0000000000,1.0000000000,1.0000000000,1.0000000000,0.9670453904,0.9115838546
2022-02-22,1.0000000000,1.0000000000,1.0000000000,1.0000000000,1.0000000000,1.0000000000,1.0000000000,1.0000000000,1.0000000000,1.0000000000,0.9554381996,0.8997501869
2022-02-23,1.0000000000,1.0000000000,1.0000000000,1.0000000000,1.0000000000,1.0000000000,1.0000000000,1.0000000000,1.0000000000,1.0000000000,0.9649246089,0.9093689760
2022-02-24,1.0000000000,1.0000000000,1.0000000000,1.0000000000,1.0000000000,1.0000000000,1.0000000000,1.0000000000,1.0000000000,1.0000000000,0.9434111565,0.8909319800
2022-02-25,1.0000000000,1.0000000000,1.0000000000,1.0000000000,1.0000000000,1.0000000000,1.0000000000,1.0000000000,1.0000000000,1.0000000000,0.9505378584,0.8996065935
2022-02-28,1.0000000000,1.0000000000,1.0000000000,1.0000000000,1.0000000000,1.0000000000,1.0000000000,1.0000000000,1.0000000000,1.0000000000,0.9527518156,0.9012254613
2022-03-01,1.0000000000,1.0000000000,1.0000000000,1.0000000000,1.0000000000,1.0000000000,1.0000000000,1.0000000000,1.0000000000,1.0000000000,0.9600453783,0.9087080530
2022-03-02,1.0000000000,1.0000000000,1.0000000000,1.0000000000,1.0000000000,1.0000000000,1.0000000000,1.0000000000,1.0000000000,1.0000000000,0.9583600882,0.9006255163
2022-03-04,1.0000000000,1.0000000000,1.0000000000,1.0000000000,1.0000000000,1.0000000000,1.0000000000,1.0000000000,1.0000000000,1.0000000000,0.9469759814,0.8844624100
2022-03-07,1.0000000000,1.0000000000,1.0000000000,1.0000000000,1.0000000000,1.0000000000,1.0000000000,1.0000000000,1.0000000000,1.0000000000,0.9273500124,0.8562059876
2022-03-08,1.0000000000,1.0000000000,1.0000000000,1.0000000000,1.0000000000,1.0000000000,1.0000000000,1.0000000000,1.0000000000,1.0000000000,0.8998391254,0.8390160903
2022-03-09,1.0000000000,1.0000000000,1.0000000000,1.0000000000,1.0000000000,1.0000000000,1.0000000000,1.0000000000,1.0000000000,1.0000000000,0.8888587966,0.8313367953
2022-03-10,1.0000000000,1.0000000000,1.0000000000,1.0000000000,1.0000000000,1.0000000000,1.0000000000,1.0000000000,1.0000000000,1.0000000000,0.9021121701,0.8444155946
2022-03-11,1.0000000000,1.0000000000,1.0000000000,1.0000000000,1.0000000000,1.0000000000,1.0000000000,1.0000000000,1.0000000000,1.0000000000,0.9051883632,0.8471064951
2022-03-14,1.0000000000,1.0000000000,1.0000000000,1.0000000000,1.0000000000,1.0000000000,1.0000000000,1.0000000000,1.0000000000,1.0000000000,0.8782877289,0.8211888745
2022-03-15,1.0000000000,1.0000000000,1.0000000000,1.0000000000,1.0000000000,1.0000000000,1.0000000000,1.0000000000,1.0000000000,1.0000000000,0.8319701930,0.7836283882
2022-03-16,1.0000000000,1.0000000000,1.0000000000,1.0000000000,1.0000000000,1.0000000000,1.0000000000,1.0000000000,1.0000000000,1.0000000000,0.8614050567,0.8175144577
2022-03-17,1.0000000000,1.0000000000,1.0000000000,1.0000000000,1.0000000000,1.0000000000,1.0000000000,1.0000000000,1.0000000000,1.0000000000,0.8782574053,0.8335693772
2022-03-18,1.0000000000,1.0000000000,1.0000000000,1.0000000000,1.0000000000,1.0000000000,1.0000000000,1.0000000000,1.0000000000,1.0000000000,0.8894070746,0.8391164090
2022-03-21,1.0000000000,1.0000000000,1.0000000000,1.0000000000,1.0000000000,1.0000000000,1.0000000000,1.0000000000,1.0000000000,1.0000000000,0.8941853258,0.8377099807
2022-03-22,1.0000000000,1.0000000000,1.0000000000,1.0000000000,1.0000000000,1.0000000000,1.0000000000,1.0000000000,1.0000000000,1.0000000000,0.8961038767,0.8370293875
2022-03-24,1.0000000000,1.0000000000,1.0000000000,1.0000000000,1.0000000000,1.0000000000,1.0000000000,1.0000000000,1.0000000000,1.0000000000,0.8913004370,0.8362465085
2022-03-25,1.0000000000,1.0000000000,1.0000000000,1.0000000000,1.0000000000,1.0000000000,1.0000000000,1.0000000000,1.0000000000,1.0000000000,0.8832936560,0.8211515008
2022-03-28,1.0000000000,1.0000000000,1.0000000000,1.0000000000,1.0000000000,1.0000000000,1.0000000000,1.0000000000,1.0000000000,1.0000000000,0.8819803914,0.8160175459
2022-03-29,1.0000000000,1.0000000000,1.0000000000,1.0000000000,1.0000000000,1.0000000000,1.0000000000,1.0000000000,1.0000000000,1.0000000000,0.8773267222,0.8131987883
2022-03-30,1.0000000000,1.0000000000,1.0000000000,1.0000000000,1.0000000000,1.0000000000,1.0000000000,1.0000000000,1.0000000000,1.0000000000,0.8956248137,0.8367953106
2022-04-01,1.0000000000,1.0000000000,1.0000000000,1.0000000000,1.0000000000,1.0000000000,1.0000000000,1.0000000000,1.0000000000,1.0000000000,0.8991790838,0.8411345844
2022-04-06,1.0000000000,1.0000000000,1.0000000000,1.0000000000,1.0000000000,1.0000000000,1.0000000000,1.0000000000,1.0000000000,1.0000000000,0.9035307345,0.8387112003
2022-04-07,1.0000000000,1.0000000000,1.0000000000,1.0000000000,1.0000000000,1.0000000000,1.0000000000,1.0000000000,1.0000000000,1.0000000000,0.8874241916,0.8279436642
2022-04-08,1.0000000000,1.0000000000,1.0000000000,1.0000000000,1.0000000000,1.0000000000,1.0000000000,1.0000000000,1.0000000000,1.0000000000,0.8884023583,0.8322062237
2022-04-11,1.0000000000,1.0000000000,1.0000000000,1.0000000000,1.0000000000,1.0000000000,1.0000000000,1.0000000000,1.0000000000,1.0000000000,0.8633521796,0.8064971085
2022-04-12,1.0000000000,1.0000000000,1.0000000000,1.0000000000,1.0000000000,1.0000000000,1.0000000000,1.0000000000,1.0000000000,1.0000000000,0.8790082649,0.8222136984
2022-04-13,1.0000000000,1.0000000000,1.0000000000,1.0000000000,1.0000000000,1.0000000000,1.0000000000,1.0000000000,1.0000000000,1.0000000000,0.8671117282,0.8143003265
2022-04-15,1.0000000000,1.0000000000,1.0000000000,1.0000000000,1.0000000000,1.0000000000,1.0000000000,1.0000000000,1.0000000000,1.0000000000,0.8690451921,0.8239407530
2022-04-18,1.0000000000,1.0000000000,1.0000000000,1.0000000000,1.0000000000,1.0000000000,1.0000000000,1.0000000000,1.0000000000,1.0000000000,0.8682063492,0.8195405012
2022-04-19,1.0000000000,1.0000000000,1.0000000000,1.0000000000,1.0000000000,1.0000000000,1.0000000000,1.0000000000,1.0000000000,1.0000000000,0.8701019869,0.8133482828
2022-04-20,1.0000000000,1.0000000000,1.0000000000,1.0000000000,1.0000000000,1.0000000000,1.0000000000,1.0000000000,1.0000000000,1.0000000000,0.8571781280,0.8007376372
2022-04-21,1.0000000000,1.0000000000,1.0000000000,1.0000000000,1.0000000000,1.0000000000,1.0000000000,1.0000000000,1.0000000000,1.0000000000,0.8309753152,0.7859927613
2022-04-22,1.0000000000,1.0000000000,1.0000000000,1.0000000000,1.0000000000,1.0000000000,1.0000000000,1.0000000000,1.0000000000,1.0000000000,0.8310058791,0.7894193320
2022-04-25,1.0000000000,1.0000000000,1.0000000000,1.0000000000,1.0000000000,1.0000000000,1.0000000000,1.0000000000,1.0000000000,1.0000000000,0.7804721008,0.7504052087
2022-04-26,1.0000000000,1.0000000000,1.0000000000,1.0000000000,1.0000000000,1.0000000000,1.0000000000,1.0000000000,1.0000000000,1.0000000000,0.7647928663,0.7443487155
2022-04-27,1.0000000000,1.0000000000,1.0000000000,1.0000000000,1.0000000000,1.0000000000,1.0000000000,1.0000000000,1.0000000000,1.0000000000,0.7893658142,0.7662653920
2022-04-28,1.0000000000,1.0000000000,1.0000000000,1.0000000000,1.0000000000,1.0000000000,1.0000000000,1.0000000000,1.0000000000,1.0000000000,0.7875759188,0.7712950942
2022-04-29,1.0000000000,1.0000000000,1.0000000000,1.0000000000,1.0000000000,1.0000000000,1.0000000000,1.0000000000,1.0000000000,1.0000000000,0.8139786582,0.7900074747
2022-05-06,1.0000000000,1.0000000000,1.0000000000,1.0000000000,1.0000000000,1.0000000000,1.0000000000,1.0000000000,1.0000000000,1.0000000000,0.8038883682,0.7688776112
2022-05-10,1.0000000000,1.0000000000,1.0000000000,1.0000000000,1.0000000000,1.0000000000,1.0000000000,1.0000000000,1.0000000000,1.0000000000,0.8169309863,0.7710511822
2022-05-11,1.0000000000,1.0000000000,1.0000000000,1.0000000000,1.0000000000,1.0000000000,1.0000000000,1.0000000000,1.0000000000,1.0000000000,0.8223092469,0.7821747512
2022-05-12,1.0000000000,1.0000000000,1.0000000000,1.0000000000,1.0000000000,1.0000000000,1.0000000000,1.0000000000,1.0000000000,1.0000000000,0.8223052884,0.7786970376
2022-05-13,1.0000000000,1.0000000000,1.0000000000,1.0000000000,1.0000000000,1.0000000000,1.0000000000,1.0000000000,1.0000000000,1.0000000000,0.8284440181,0.7845705968
2022-05-16,1.0000000000,1.0000000000,1.0000000000,1.0000000000,1.0000000000,1.0000000000,1.0000000000,1.0000000000,1.0000000000,1.0000000000,0.8305084880,0.7782642905
2022-05-17,1.0000000000,1.0000000000,1.0000000000,1.0000000000,1.0000000000,1.0000000000,1.0000000000,1.0000000000,1.0000000000,1.0000000000,0.8340249914,0.7879715961
2022-05-18,1.0000000000,1.0000000000,1.0000000000,1.0000000000,1.0000000000,1.0000000000,1.0000000000,1.0000000000,1.0000000000,1.0000000000,0.8334385263,0.7852216846
2022-05-19,1.0000000000,1.0000000000,1.0000000000,1.0000000000,1.0000000000,1.0000000000,1.0000000000,1.0000000000,1.0000000000,1.0000000000,0.8366119994,0.7867343326
2022-05-20,1.0000000000,1.0000000000,1.0000000000,1.0000000000,1.0000000000,1.0000000000,1.0000000000,1.0000000000,1.0000000000,1.0000000000,0.8505041461,0.8020771864
2022-05-23,1.0000000000,1.0000000000,1.0000000000,1.0000000000,1.0000000000,1.0000000000,1.0000000000,1.0000000000,1.0000000000,1.0000000000,0.8538632478,0.7974310555
2022-05-24,1.0000000000,1.0000000000,1.0000000000,1.0000000000,1.0000000000,1.0000000000,1.0000000000,1.0000000000,1.0000000000,1.0000000000,0.8260445785,0.7787776860
2022-05-25,1.0000000000,1.0000000000,1.0000000000,1.0000000000,1.0000000000,1.0000000000,1.0000000000,1.0000000000,1.0000000000,1.0000000000,0.8379265681,0.7835044652
2022-05-26,1.0000000000,1.0000000000,1.0000000000,1.0000000000,1.0000000000,1.0000000000,1.0000000000,1.0000000000,1.0000000000,1.0000000000,0.8449497937,0.7854439592
2022-05-27,1.0000000000,1.0000000000,1.0000000000,1.0000000000,1.0000000000,1.0000000000,1.0000000000,1.0000000000,1.0000000000,1.0000000000,0.8459575169,0.7870687281
2022-05-30,1.0000000000,1.0000000000,1.0000000000,1.0000000000,1.0000000000,1.0000000000,1.0000000000,1.0000000000,1.0000000000,1.0000000000,0.8530336674,0.7925213423
2022-05-31,1.0000000000,1.0000000000,1.0000000000,1.0000000000,1.0000000000,1.0000000000,1.0000000000,1.0000000000,1.0000000000,1.0000000000,0.8626479444,0.8048152956
2022-06-01,1.0000000000,1.0000000000,1.0000000000,1.0000000000,1.0000000000,1.0000000000,1.0000000000,1.0000000000,1.0000000000,1.0000000000,0.8631038867,0.8031747905
2022-06-02,1.0000000000,1.0000000000,1.0000000000,1.0000000000,1.0000000000,1.0000000000,1.0000000000,1.0000000000,1.0000000000,1.0000000000,0.8642042005,0.8044317243
2022-06-06,1.0000000000,1.0000000000,1.0000000000,1.0000000000,1.0000000000,1.0000000000,1.0000000000,1.0000000000,1.0000000000,1.0000000000,0.8772457162,0.8194834573
2022-06-07,1.0000000000,1.0000000000,1.0000000000,1.0000000000,1.0000000000,1.0000000000,1.0000000000,1.0000000000,1.0000000000,1.0000000000,0.8774671382,0.8220484677
2022-06-08,1.0000000000,1.0000000000,1.0000000000,1.0000000000,1.0000000000,1.0000000000,1.0000000000,1.0000000000,1.0000000000,1.0000000000,0.8825800826,0.8300503560
2022-06-09,1.0000000000,1.0000000000,1.0000000000,1.0000000000,1.0000000000,1.0000000000,1.0000000000,1.0000000000,1.0000000000,1.0000000000,0.8720374101,0.8213678744
2022-06-10,1.0000000000,1.0000000000,1.0000000000,1.0000000000,1.0000000000,1.0000000000,1.0000000000,1.0000000000,1.0000000000,1.0000000000,0.8844395604,0.8338231244
2022-06-13,1.0000000000,1.0000000000,1.0000000000,1.0000000000,1.0000000000,1.0000000000,1.0000000000,1.0000000000,1.0000000000,1.0000000000,0.8808097568,0.8240587749
2022-06-14,1.0000000000,1.0000000000,1.0000000000,1.0000000000,1.0000000000,1.0000000000,1.0000000000,1.0000000000,1.0000000000,1.0000000000,0.8864390550,0.8305421142
2022-06-15,1.0000000000,1.0000000000,1.0000000000,1.0000000000,1.0000000000,1.0000000000,1.0000000000,1.0000000000,1.0000000000,1.0000000000,0.8891282234,0.8415397931
2022-06-16,1.0000000000,1.0000000000,1.0000000000,1.0000000000,1.0000000000,1.0000000000,1.0000000000,1.0000000000,1.0000000000,1.0000000000,0.8887657461,0.8360006295
2022-06-17,1.0000000000,1.0000000000,1.0000000000,1.0000000000,1.0000000000,1.0000000000,1.0000000000,1.0000000000,1.0000000000,1.0000000000,0.8940299417,0.8476021873
2022-06-20,1.0000000000,1.0000000000,1.0000000000,1.0000000000,1.0000000000,1.0000000000,1.0000000000,1.0000000000,1.0000000000,1.0000000000,0.8998006044,0.8518096699
2022-06-21,1.0000000000,1.0000000000,1.0000000000,1.0000000000,1.0000000000,1.0000000000,1.0000000000,1.0000000000,1.0000000000,1.0000000000,0.8965707445,0.8508536921
2022-06-22,1.0000000000,1.0000000000,1.0000000000,1.0000000000,1.0000000000,1.0000000000,1.0000000000,1.0000000000,1.0000000000,1.0000000000,0.8835610099,0.8400448483
2022-06-23,1.0000000000,1.0000000000,1.0000000000,1.0000000000,1.0000000000,1.0000000000,1.0000000000,1.0000000000,1.0000000000,1.0000000000,0.8985962987,0.8544553287
2022-06-24,1.0000000000,1.0000000000,1.0000000000,1.0000000000,1.0000000000,1.0000000000,1.0000000000,1.0000000000,0.9998000000,0.9997000000,0.9073721870,0.8644655573
2022-06-27,1.0000000000,1.0000000000,1.0000000000,1.0000000000,1.0000000000,1.0000000000,1.0000000000,1.0000000000,1.0039009411,1.0058507963,0.9179558167,0.8742004013
2022-06-28,1.0000000000,1.0000000000,1.0000000000,1.0000000000,1.0000000000,1.0000000000,1.0000000000,1.0000000000,1.0064139689,1.0096276596,0.9283136492,0.8832998938
2022-06-29,1.0000000000,1.0000000000,1.0000000000,1.0000000000,1.0000000000,1.0000000000,1.0000000000,1.0000000000,1.0022822513,1.0034102930,0.9140149633,0.8696958968
2022-06-30,1.0000000000,1.0000000000,1.0000000000,1.0000000000,1.0000000000,1.0000000000,1.0000000000,1.0000000000,1.0044115428,1.0066078249,0.9246808064,0.8822160589
2022-07-01,1.0000000000,1.0000000000,1.0000000000,1.0000000000,1.0000000000,1.0000000000,1.0000000000,1.0000000000,1.0032228362,1.0048208662,0.9222930626,0.8786183563
2022-07-04,1.0000000000,1.0000000000,1.0000000000,1.0000000000,1.0000000000,1.0000000000,1.0000000000,1.0000000000,1.0040597306,1.0060782074,0.9298187170,0.8843837287
2022-07-05,1.0000000000,1.0000000000,1.0000000000,1.0000000000,1.0000000000,1.0000000000,1.0000000000,1.0000000000,1.0044471782,1.0066605472,0.9265882879,0.8831071246
2022-07-06,1.0000000000,1.0000000000,1.0000000000,1.0000000000,1.0000000000,1.0000000000,1.0000000000,1.0000000000,0.9990158947,0.9984956695,0.9120441486,0.8702092923
2022-07-07,1.0000000000,1.0000000000,1.0000000000,1.0000000000,1.0000000000,1.0000000000,1.0000000000,1.0000000000,1.0002608605,1.0003621459,0.9167201122,0.8740450057
2022-07-08,1.0000000000,1.0000000000,1.0000000000,1.0000000000,1.0000000000,1.0000000000,1.0000000000,1.0000000000,0.9988623389,0.9982641510,0.9144840952,0.8711554349
2022-07-11,1.0000000000,1.0000000000,1.0000000000,1.0000000000,1.0000000000,1.0000000000,1.0000000000,1.0000000000,0.9944599774,0.9916645634,0.9028029584,0.8565679216
2022-07-12,1.0000000000,1.0000000000,1.0000000000,1.0000000000,1.0000000000,1.0000000000,1.0000000000,1.0000000000,0.9926675740,0.9889835160,0.8946260426,0.8485030882
2022-07-13,1.0000000000,1.0000000000,1.0000000000,1.0000000000,1.0000000000,1.0000000000,1.0000000000,1.0000000000,0.9932854661,0.9899069143,0.9000653862,0.8500452417
2022-07-14,1.0000000000,1.0000000000,1.0000000000,1.0000000000,1.0000000000,1.0000000000,1.0000000000,1.0000000000,0.9943021523,0.9914267565,0.9005798300,0.8501652307
2022-07-15,1.0000000000,1.0000000000,1.0000000000,1.0000000000,1.0000000000,1.0000000000,1.0000000000,1.0000000000,0.9934242238,0.9901136720,0.8845031780,0.8356996735
2022-07-18,1.0000000000,1.0000000000,1.0000000000,1.0000000000,1.0000000000,1.0000000000,1.0000000000,1.0000000000,0.9974793077,0.9961760276,0.9012128256,0.8443664188
2022-07-19,1.0000000000,1.0000000000,1.0000000000,1.0000000000,1.0000000000,1.0000000000,1.0000000000,1.0000000000,0.9977388759,0.9965648712,0.9043320117,0.8397930682
2022-07-20,1.0000000000,1.0000000000,1.0000000000,1.0000000000,1.0000000000,1.0000000000,1.0000000000,1.0000000000,0.9991253733,0.9986421702,0.9116794640,0.8426373972
2022-07-21,1.0000000000,1.0000000000,1.0000000000,1.0000000000,1.0000000000,1.0000000000,1.0000000000,1.0000000000,0.9962047775,0.9942633952,0.9029487339,0.8332467839
2022-07-22,1.0000000000,1.0000000000,1.0000000000,1.0000000000,1.0000000000,1.0000000000,1.0000000000,1.0000000000,0.9952361456,0.9928134345,0.9007338706,0.8336736300
2022-07-25,1.0000000000,1.0000000000,1.0000000000,1.0000000000,1.0000000000,1.0000000000,1.0000000000,1.0000000000,0.9917694509,0.9876260510,0.8946124714,0.8286399937
2022-07-26,1.0000000000,1.0000000000,1.0000000000,1.0000000000,1.0000000000,1.0000000000,1.0000000000,1.0000000000,0.9938263807,0.9906985555,0.9053062233,0.8351980802
2022-07-27,1.0000000000,1.0000000000,1.0000000000,1.0000000000,1.0000000000,1.0000000000,1.0000000000,1.0000000000,0.9956775540,0.9934665764,0.9063817781,0.8310791140
2022-07-28,1.0000000000,1.0000000000,1.0000000000,1.0000000000,1.0000000000,1.0000000000,1.0000000000,1.0000000000,0.9962939018,0.9943890451,0.9089230951,0.8312030371
2022-07-29,1.0000000000,1.0000000000,1.0000000000,1.0000000000,1.0000000000,1.0000000000,1.0000000000,1.0000000000,0.9958761648,0.9937636376,0.9002977286,0.8202722373
2022-08-01,1.0000000000,1.0000000000,1.0000000000,1.0000000000,1.0000000000,1.0000000000,1.0000000000,1.0000000000,0.9980788124,0.9970606004,0.9029854986,0.8239269838
2022-08-02,1.0000000000,1.0000000000,1.0000000000,1.0000000000,1.0000000000,1.0000000000,1.0000000000,1.0000000000,0.9925644896,0.9887975545,0.8763212970,0.8078641961
2022-08-03,1.0000000000,1.0000000000,1.0000000000,1.0000000000,1.0000000000,1.0000000000,1.0000000000,1.0000000000,0.9911459449,0.9866778128,0.8682083903,0.7999881978
2022-08-04,1.0000000000,1.0000000000,1.0000000000,1.0000000000,1.0000000000,1.0000000000,1.0000000000,1.0000000000,0.9911792075,0.9867274818,0.8745730717,0.8067862622
2022-08-05,1.0000000000,1.0000000000,1.0000000000,1.0000000000,1.0000000000,1.0000000000,1.0000000000,1.0000000000,0.9922819155,0.9883741148,0.8846091749,0.8176777214
2022-08-08,1.0000000000,1.0000000000,1.0000000000,1.0000000000,1.0000000000,1.0000000000,1.0000000000,1.0000000000,0.9951408258,0.9926455919,0.8903552283,0.8159388646
2022-08-09,1.0000000000,1.0000000000,1.0000000000,1.0000000000,1.0000000000,1.0000000000,1.0000000000,1.0000000000,0.9965392748,0.9947380057,0.8930131657,0.8175557654
2022-08-10,1.0000000000,1.0000000000,1.0000000000,1.0000000000,1.0000000000,1.0000000000,1.0000000000,1.0000000000,0.9958025734,0.9936349509,0.8898115491,0.8083992289
2022-08-11,1.0000000000,1.0000000000,1.0000000000,1.0000000000,1.0000000000,1.0000000000,1.0000000000,1.0000000000,0.9971346386,0.9956286993,0.9035098369,0.8248829616
2022-08-12,1.0000000000,1.0000000000,1.0000000000,1.0000000000,1.0000000000,1.0000000000,1.0000000000,1.0000000000,0.9955026482,0.9931844109,0.9043943454,0.8244128408
2022-08-15,1.0000000000,1.0000000000,1.0000000000,1.0000000000,1.0000000000,1.0000000000,1.0000000000,1.0000000000,0.9981664846,0.9971708605,0.9056919193,0.8233368740
2022-08-16,1.0000000000,1.0000000000,1.0000000000,1.0000000000,1.0000000000,1.0000000000,1.0000000000,1.0000000000,0.9992459372,0.9987884244,0.9086783928,0.8217947205
2022-08-17,1.0000000000,1.0000000000,1.0000000000,1.0000000000,1.0000000000,1.0000000000,1.0000000000,1.0000000000,1.0000963841,1.0000635107,0.9133395596,0.8294897518
2022-08-18,1.0000000000,1.0000000000,1.0000000000,1.0000000000,1.0000000000,1.0000000000,1.0000000000,1.0000000000,1.0002430256,1.0002834657,0.9072117457,0.8222392698
2022-08-19,1.0000000000,1.0000000000,1.0000000000,1.0000000000,1.0000000000,1.0000000000,1.0000000000,1.0000000000,0.9971948269,0.9957114883,0.9034858539,0.8165289744
2022-08-22,1.0000000000,1.0000000000,1.0000000000,1.0000000000,1.0000000000,1.0000000000,1.0000000000,1.0000000000,0.9987269216,0.9980062118,0.9121578273,0.8224949841
2022-08-23,1.0000000000,1.0000000000,1.0000000000,1.0000000000,1.0000000000,1.0000000000,1.0000000000,1.0000000000,0.9987105821,0.9979817204,0.9117453470,0.8184979740
2022-08-24,1.0000000000,1.0000000000,1.0000000000,1.0000000000,1.0000000000,1.0000000000,1.0000000000,1.0000000000,0.9916186386,0.9873515688,0.8914200417,0.8030252960
2022-08-25,1.0000000000,1.0000000000,1.0000000000,1.0000000000,1.0000000000,1.0000000000,1.0000000000,1.0000000000,0.9905439934,0.9857465375,0.8972376246,0.8096778001
2022-08-26,1.0000000000,1.0000000000,1.0000000000,1.0000000000,1.0000000000,1.0000000000,1.0000000000,1.0000000000,0.9888893287,0.9832765614,0.8941232090,0.8079684488
2022-08-29,1.0000000000,1.0000000000,1.0000000000,1.0000000000,1.0000000000,1.0000000000,1.0000000000,1.0000000000,0.9898542060,0.9847156625,0.8968141795,0.8044218891
2022-08-30,1.0000000000,1.0000000000,1.0000000000,1.0000000000,1.0000000000,1.0000000000,1.0000000000,1.0000000000,0.9886023895,0.9828476855,0.8939685796,0.8017211535
2022-08-31,1.0000000000,1.0000000000,1.0000000000,1.0000000000,1.0000000000,1.0000000000,1.0000000000,1.0000000000,0.9836023707,0.9753913153,0.8811934387,0.8023210984
2022-09-01,1.0000000000,1.0000000000,1.0000000000,1.0000000000,1.0000000000,1.0000000000,1.0000000000,1.0000000000,0.9817042777,0.9725679435,0.8768099808,0.7954168142
2022-09-02,1.0000000000,1.0000000000,1.0000000000,1.0000000000,1.0000000000,1.0000000000,1.0000000000,1.0000000000,0.9832687912,0.9748928732,0.8799358000,0.7914571777
2022-09-05,1.0000000000,1.0000000000,1.0000000000,1.0000000000,1.0000000000,1.0000000000,1.0000000000,1.0000000000,0.9835965075,0.9753802604,0.8834020225,0.7898481451
2022-09-06,1.0000000000,1.0000000000,1.0000000000,1.0000000000,1.0000000000,1.0000000000,1.0000000000,1.0000000000,0.9860790686,0.9790729958,0.8944658211,0.7970966600
2022-09-07,1.0000000000,1.0000000000,1.0000000000,1.0000000000,1.0000000000,1.0000000000,1.0000000000,1.0000000000,0.9874476120,0.9811112256,0.8949620743,0.7976277588
2022-09-08,1.0000000000,1.0000000000,1.0000000000,1.0000000000,1.0000000000,1.0000000000,1.0000000000,1.0000000000,0.9863384283,0.9794581265,0.8909914602,0.7942247925
2022-09-09,1.0000000000,1.0000000000,1.0000000000,1.0000000000,1.0000000000,1.0000000000,1.0000000000,1.0000000000,0.9866274978,0.9798887060,0.8982719103,0.8052618120
2022-09-13,1.0000000000,1.0000000000,1.0000000000,1.0000000000,1.0000000000,1.0000000000,1.0000000000,1.0000000000,0.9878580302,0.9817218975,0.9000994942,0.8086687124
2022-09-14,1.0000000000,1.0000000000,1.0000000000,1.0000000000,1.0000000000,1.0000000000,1.0000000000,1.0000000000,0.9865834510,0.9798219044,0.8923887489,0.7996695385
2022-09-15,1.0000000000,1.0000000000,1.0000000000,1.0000000000,1.0000000000,1.0000000000,1.0000000000,1.0000000000,0.9801896808,0.9702969786,0.8792054121,0.7921476061
2022-09-16,1.0000000000,1.0000000000,1.0000000000,1.0000000000,1.0000000000,1.0000000000,1.0000000000,1.0000000000,0.9773753004,0.9661180149,0.8574553088,0.7735709509
2022-09-19,1.0000000000,1.0000000000,1.0000000000,1.0000000000,1.0000000000,1.0000000000,1.0000000000,1.0000000000,0.9734066341,0.9602346427,0.8506030987,0.7726503796
2022-09-20,1.0000000000,1.0000000000,1.0000000000,1.0000000000,1.0000000000,1.0000000000,1.0000000000,1.0000000000,0.9754525377,0.9632619707,0.8566433590,0.7736024234
2022-09-21,1.0000000000,1.0000000000,1.0000000000,1.0000000000,1.0000000000,1.0000000000,1.0000000000,1.0000000000,0.9770218706,0.9655865514,0.8559490471,0.7678763917
2022-09-22,1.0000000000,1.0000000000,1.0000000000,1.0000000000,1.0000000000,1.0000000000,1.0000000000,1.0000000000,0.9781191667,0.9672132309,0.8511894022,0.7611117668
2022-09-23,1.0000000000,1.0000000000,1.0000000000,1.0000000000,1.0000000000,1.0000000000,1.0000000000,1.0000000000,0.9758813490,0.9638939316,0.8411179010,0.7584916795
2022-09-26,1.0000000000,1.0000000000,1.0000000000,1.0000000000,1.0000000000,1.0000000000,1.0000000000,1.0000000000,0.9709766447,0.9566272469,0.8301052023,0.7546874385
2022-09-27,1.0000000000,1.0000000000,1.0000000000,1.0000000000,1.0000000000,1.0000000000,1.0000000000,1.0000000000,0.9727525347,0.9592517150,0.8458112873,0.7656280735
2022-09-28,1.0000000000,1.0000000000,1.0000000000,1.0000000000,1.0000000000,1.0000000000,1.0000000000,1.0000000000,0.9690143581,0.9537222732,0.8274831397,0.7531197136
2022-09-29,1.0000000000,1.0000000000,1.0000000000,1.0000000000,1.0000000000,1.0000000000,1.0000000000,1.0000000000,0.9695756300,0.9545508948,0.8242509033,0.7528108895
2022-09-30,1.0000000000,1.0000000000,1.0000000000,1.0000000000,1.0000000000,1.0000000000,1.0000000000,1.0000000000,0.9689373518,0.9536083138,0.8182662007,0.7484342421
2022-10-10,1.0000000000,1.0000000000,1.0000000000,1.0000000000,1.0000000000,1.0000000000,1.0000000000,1.0000000000,0.9684453439,0.9528819777,0.8062421414,0.7319210040
2022-10-11,1.0000000000,1.0000000000,1.0000000000,1.0000000000,1.0000000000,1.0000000000,1.0000000000,1.0000000000,0.9705794713,0.9560317241,0.8091996871,0.7332487509
2022-10-12,1.0000000000,1.0000000000,1.0000000000,1.0000000000,1.0000000000,1.0000000000,1.0000000000,1.0000000000,0.9734947256,0.9603390618,0.8243020485,0.7443860891
2022-10-13,1.0000000000,1.0000000000,1.0000000000,1.0000000000,1.0000000000,1.0000000000,1.0000000000,1.0000000000,0.9719727832,0.9580869990,0.8233283973,0.7381623982
2022-10-14,1.0000000000,1.0000000000,1.0000000000,1.0000000000,1.0000000000,1.0000000000,1.0000000000,1.0000000000,0.9731683947,0.9598547952,0.8389348390,0.7558263504
2022-10-17,1.0000000000,1.0000000000,1.0000000000,1.0000000000,1.0000000000,1.0000000000,1.0000000000,1.0000000000,0.9735453626,0.9604125113,0.8448285877,0.7566013612
2022-10-18,1.0000000000,1.0000000000,1.0000000000,1.0000000000,1.0000000000,1.0000000000,1.0000000000,1.0000000000,0.9745645694,0.9619206982,0.8452853263,0.7550001967
2022-10-19,1.0000000000,1.0000000000,1.0000000000,1.0000000000,1.0000000000,1.0000000000,1.0000000000,1.0000000000,0.9725072497,0.9588747559,0.8350373763,0.7428557378
2022-10-20,1.0000000000,1.0000000000,1.0000000000,1.0000000000,1.0000000000,1.0000000000,1.0000000000,1.0000000000,0.9718423976,0.9578914574,0.8311708860,0.7386069476
2022-10-21,1.0000000000,1.0000000000,1.0000000000,1.0000000000,1.0000000000,1.0000000000,1.0000000000,1.0000000000,0.9733099177,0.9600611378,0.8301177466,0.7362386404
2022-10-24,1.0000000000,1.0000000000,1.0000000000,1.0000000000,1.0000000000,1.0000000000,1.0000000000,1.0000000000,0.9699703083,0.9551202892,0.8130829530,0.7146957001
2022-10-25,1.0000000000,1.0000000000,1.0000000000,1.0000000000,1.0000000000,1.0000000000,1.0000000000,1.0000000000,0.9682655842,0.9526023514,0.8112782547,0.7135312168
2022-10-26,1.0000000000,1.0000000000,1.0000000000,1.0000000000,1.0000000000,1.0000000000,1.0000000000,1.0000000000,0.9679972683,0.9522063883,0.8212922373,0.7193241276
2022-10-27,1.0000000000,1.0000000000,1.0000000000,1.0000000000,1.0000000000,1.0000000000,1.0000000000,1.0000000000,0.9691925777,0.9539701040,0.8189482868,0.7142570518
2022-10-28,1.0000000000,1.0000000000,1.0000000000,1.0000000000,1.0000000000,1.0000000000,1.0000000000,1.0000000000,0.9641870049,0.9465796735,0.7941955797,0.6965911326
2022-10-31,1.0000000000,1.0000000000,1.0000000000,1.0000000000,1.0000000000,1.0000000000,1.0000000000,1.0000000000,0.9590351627,0.9389930294,0.7905878586,0.6901727055
2022-11-01,1.0000000000,1.0000000000,1.0000000000,1.0000000000,1.0000000000,1.0000000000,1.0000000000,1.0000000000,0.9629567001,0.9447524058,0.8136411416,0.7148530627
2022-11-02,1.0000000000,1.0000000000,1.0000000000,1.0000000000,1.0000000000,1.0000000000,1.0000000000,1.0000000000,0.9661234764,0.9494127704,0.8241298852,0.7234371927
2022-11-03,1.0000000000,1.0000000000,1.0000000000,1.0000000000,1.0000000000,1.0000000000,1.0000000000,1.0000000000,0.9652581323,0.9481372056,0.8225425298,0.7175537983
2022-11-04,1.0000000000,1.0000000000,1.0000000000,1.0000000000,1.0000000000,1.0000000000,1.0000000000,1.0000000000,0.9707345107,0.9562060702,0.8436733919,0.7410145954
2022-11-07,1.0000000000,1.0000000000,1.0000000000,1.0000000000,1.0000000000,1.0000000000,1.0000000000,1.0000000000,0.9732455394,0.9599162415,0.8487899171,0.7426137928
2022-11-08,1.0000000000,1.0000000000,1.0000000000,1.0000000000,1.0000000000,1.0000000000,1.0000000000,1.0000000000,0.9722613515,0.9584601784,0.8463786127,0.7375054093
2022-11-09,1.0000000000,1.0000000000,1.0000000000,1.0000000000,1.0000000000,1.0000000000,1.0000000000,1.0000000000,0.9722631514,0.9584628399,0.8442157542,0.7306089933
2022-11-10,1.0000000000,1.0000000000,1.0000000000,1.0000000000,1.0000000000,1.0000000000,1.0000000000,1.0000000000,0.9724718790,0.9587714872,0.8420766897,0.7249872143
2022-11-11,1.0000000000,1.0000000000,1.0000000000,1.0000000000,1.0000000000,1.0000000000,1.0000000000,1.0000000000,0.9769322592,0.9653677994,0.8555248756,0.7451984736
2022-11-14,1.0000000000,1.0000000000,1.0000000000,1.0000000000,1.0000000000,1.0000000000,1.0000000000,1.0000000000,0.9749031308,0.9623601366,0.8521296002,0.7462960777
2022-11-15,1.0000000000,1.0000000000,1.0000000000,1.0000000000,1.0000000000,1.0000000000,1.0000000000,1.0000000000,0.9768111955,0.9651854102,0.8657391380,0.7604488768
2022-11-16,1.0000000000,1.0000000000,1.0000000000,1.0000000000,1.0000000000,1.0000000000,1.0000000000,1.0000000000,0.9768209619,0.9651998855,0.8630549954,0.7542369881
2022-11-17,1.0000000000,1.0000000000,1.0000000000,1.0000000000,1.0000000000,1.0000000000,1.0000000000,1.0000000000,0.9753081364,0.9629576439,0.8620328283,0.7511428459
2022-11-18,1.0000000000,1.0000000000,1.0000000000,1.0000000000,1.0000000000,1.0000000000,1.0000000000,1.0000000000,0.9733399546,0.9600427564,0.8570510857,0.7477811873
2022-11-21,1.0000000000,1.0000000000,1.0000000000,1.0000000000,1.0000000000,1.0000000000,1.0000000000,1.0000000000,0.9717793125,0.9577340098,0.8529076948,0.7414001338
2022-11-22,1.0000000000,1.0000000000,1.0000000000,1.0000000000,1.0000000000,1.0000000000,1.0000000000,1.0000000000,0.9704994822,0.9558420108,0.8499333774,0.7414866832
2022-11-23,1.0000000000,1.0000000000,1.0000000000,1.0000000000,1.0000000000,1.0000000000,1.0000000000,1.0000000000,0.9682528348,0.9525229363,0.8488112940,0.7422656281
2022-11-24,1.0000000000,1.0000000000,1.0000000000,1.0000000000,1.0000000000,1.0000000000,1.0000000000,1.0000000000,0.9681050062,0.9523047958,0.8484499144,0.7389767497
2022-11-25,1.0000000000,1.0000000000,1.0000000000,1.0000000000,1.0000000000,1.0000000000,1.0000000000,1.0000000000,0.9677646995,0.9518026668,0.8498286395,0.7427082104
2022-11-28,1.0000000000,1.0000000000,1.0000000000,1.0000000000,1.0000000000,1.0000000000,1.0000000000,1.0000000000,0.9683257669,0.9526303869,0.8456529398,0.7343404540
2022-11-29,1.0000000000,1.0000000000,1.0000000000,1.0000000000,1.0000000000,1.0000000000,1.0000000000,1.0000000000,0.9745326912,0.9617898633,0.8661781603,0.7569967347
2022-11-30,1.0000000000,1.0000000000,1.0000000000,1.0000000000,1.0000000000,1.0000000000,1.0000000000,1.0000000000,0.9748397309,0.9622444007,0.8667604530,0.7579055038
2022-12-01,1.0000000000,1.0000000000,1.0000000000,1.0000000000,1.0000000000,1.0000000000,1.0000000000,1.0000000000,0.9760516566,0.9640388013,0.8738772397,0.7661139305
2022-12-02,1.0000000000,1.0000000000,1.0000000000,1.0000000000,1.0000000000,1.0000000000,1.0000000000,1.0000000000,0.9759297164,0.9638581422,0.8736832930,0.7614284590
2022-12-05,1.0000000000,1.0000000000,1.0000000000,1.0000000000,1.0000000000,1.0000000000,1.0000000000,1.0000000000,0.9791164450,0.9685791086,0.8871816964,0.7763641371
2022-12-06,1.0000000000,1.0000000000,1.0000000000,1.0000000000,1.0000000000,1.0000000000,1.0000000000,1.0000000000,0.9803406722,0.9703956866,0.8875580143,0.7805578504
2022-12-07,1.0000000000,1.0000000000,1.0000000000,1.0000000000,1.0000000000,1.0000000000,1.0000000000,1.0000000000,0.9834753991,0.9750500769,0.8869075506,0.7786380267
2022-12-08,1.0000000000,1.0000000000,1.0000000000,1.0000000000,1.0000000000,1.0000000000,1.0000000000,1.0000000000,0.9839896392,0.9758148290,0.8850640815,0.7787835871
2022-12-09,1.0000000000,1.0000000000,1.0000000000,1.0000000000,1.0000000000,1.0000000000,1.0000000000,1.0000000000,0.9826907746,0.9738827181,0.8879986280,0.7864668162
2022-12-12,1.0000000000,1.0000000000,1.0000000000,1.0000000000,1.0000000000,1.0000000000,1.0000000000,1.0000000000,0.9830151627,0.9743649390,0.8789607293,0.7776545104
2022-12-13,1.0000000000,1.0000000000,1.0000000000,1.0000000000,1.0000000000,1.0000000000,1.0000000000,1.0000000000,0.9844126103,0.9764426647,0.8799664091,0.7761280932
2022-12-14,1.0000000000,1.0000000000,1.0000000000,1.0000000000,1.0000000000,1.0000000000,1.0000000000,1.0000000000,0.9849787626,0.9772850177,0.8809657718,0.7779397301
2022-12-15,1.0000000000,1.0000000000,1.0000000000,1.0000000000,1.0000000000,1.0000000000,1.0000000000,1.0000000000,0.9830105162,0.9743557093,0.8783360493,0.7773692907
2022-12-16,1.0000000000,1.0000000000,1.0000000000,1.0000000000,1.0000000000,1.0000000000,1.0000000000,1.0000000000,0.9834307475,0.9749805065,0.8753812406,0.7778099060
2022-12-19,1.0000000000,1.0000000000,1.0000000000,1.0000000000,1.0000000000,1.0000000000,1.0000000000,1.0000000000,0.9787744604,0.9680563626,0.8587031226,0.7658090405
2022-12-20,1.0000000000,1.0000000000,1.0000000000,1.0000000000,1.0000000000,1.0000000000,1.0000000000,1.0000000000,0.9753608554,0.9629920263,0.8491022478,0.7531806916
2022-12-21,1.0000000000,1.0000000000,1.0000000000,1.0000000000,1.0000000000,1.0000000000,1.0000000000,1.0000000000,0.9760526877,0.9640166148,0.8476508007,0.7534796806
2022-12-22,1.0000000000,1.0000000000,1.0000000000,1.0000000000,1.0000000000,1.0000000000,1.0000000000,1.0000000000,0.9761275493,0.9641275225,0.8438591570,0.7545595814
2022-12-23,1.0000000000,1.0000000000,1.0000000000,1.0000000000,1.0000000000,1.0000000000,1.0000000000,1.0000000000,0.9774347147,0.9660641661,0.8415520456,0.7530233290
2022-12-26,1.0000000000,1.0000000000,1.0000000000,1.0000000000,1.0000000000,1.0000000000,1.0000000000,1.0000000000,0.9790813405,0.9685053718,0.8489882195,0.7560269877
2022-12-27,1.0000000000,1.0000000000,1.0000000000,1.0000000000,1.0000000000,1.0000000000,1.0000000000,1.0000000000,0.9789864302,0.9683645442,0.8575183466,0.7647527440
2022-12-28,1.0000000000,1.0000000000,1.0000000000,1.0000000000,1.0000000000,1.0000000000,1.0000000000,1.0000000000,0.9776921875,0.9664442437,0.8514658063,0.7614894370
2022-12-29,1.0000000000,1.0000000000,1.0000000000,1.0000000000,1.0000000000,1.0000000000,1.0000000000,1.0000000000,0.9778434161,0.9666684769,0.8463539829,0.7586254377
2022-12-30,1.0000000000,1.0000000000,1.0000000000,1.0000000000,1.0000000000,1.0000000000,1.0000000000,1.0000000000,0.9792795789,0.9687981022,0.8517296298,0.7615622172
2023-01-03,1.0000000000,1.0000000000,1.0000000000,1.0000000000,1.0000000000,1.0000000000,1.0000000000,1.0000000000,0.9813026756,0.9718002666,0.8613777533,0.7647625792
2023-01-04,1.0000000000,1.0000000000,1.0000000000,1.0000000000,1.0000000000,1.0000000000,1.0000000000,1.0000000000,0.9824999892,0.9735788457,0.8648446655,0.7657559306
2023-01-05,1.0000000000,1.0000000000,1.0000000000,1.0000000000,1.0000000000,1.0000000000,1.0000000000,1.0000000000,0.9845265262,0.9765910496,0.8735952082,0.7806325977
2023-01-06,1.0000000000,1.0000000000,1.0000000000,1.0000000000,1.0000000000,1.0000000000,1.0000000000,1.0000000000,0.9820124112,0.9728502736,0.8721922444,0.7830540147
2023-01-09,1.0000000000,1.0000000000,1.0000000000,1.0000000000,1.0000000000,1.0000000000,1.0000000000,1.0000000000,0.9831374695,0.9745221160,0.8772420638,0.7893937606
2023-01-10,1.0000000000,1.0000000000,1.0000000000,1.0000000000,1.0000000000,1.0000000000,1.0000000000,1.0000000000,0.9835183085,0.9750883685,0.8762537306,0.7902494197
2023-01-11,1.0000000000,1.0000000000,1.0000000000,1.0000000000,1.0000000000,1.0000000000,1.0000000000,1.0000000000,0.9811035100,0.9714972173,0.8734757736,0.7887859475
2023-01-12,1.0000000000,1.0000000000,1.0000000000,1.0000000000,1.0000000000,1.0000000000,1.0000000000,1.0000000000,0.9801540110,0.9700869140,0.8722769823,0.7903281010
2023-01-13,1.0000000000,1.0000000000,1.0000000000,1.0000000000,1.0000000000,1.0000000000,1.0000000000,1.0000000000,0.9823502527,0.9733474403,0.8799847808,0.8014438019
2023-01-16,1.0000000000,1.0000000000,1.0000000000,1.0000000000,1.0000000000,1.0000000000,1.0000000000,1.0000000000,0.9854006794,0.9778811467,0.8893300478,0.8139501947
2023-01-17,0.9990000000,0.9990000000,0.9990000000,0.9990000000,0.9990000000,0.9990000000,0.9990000000,0.9990000000,0.9833729095,0.9752762416,0.8876277254,0.8138085684
2023-01-18,0.9942990053,0.9942990053,0.9942990053,0.9942990053,0.9945778808,0.9945778808,0.9945778808,0.9945778808,0.9793172366,0.9711830767,0.8882487070,0.8124454148
2023-01-19,0.9949175456,0.9949175456,0.9949175456,0.9949175456,0.9952321520,0.9952321520,0.9952321520,0.9952321520,0.9798511795,0.9717219162,0.8922532126,0.8175006885
2023-01-20,0.9957235553,0.9957235553,0.9957235553,0.9957235553,0.9977436141,0.9977436141,0.9977436141,0.9977436141,0.9805468982,0.9724240219,0.9002295921,0.8225205555
2023-01-30,1.0024899718,1.0024899718,1.0024899718,1.0024899718,0.9996693379,0.9996693379,0.9996693379,0.9996693379,0.9863868428,0.9783176530,0.9044906100,0.8264192140
2023-01-31,0.9944421410,0.9944421410,0.9944421410,0.9944421410,0.9934168709,0.9934168709,0.9934168709,0.9934168709,0.9794467309,0.9713130099,0.9040786256,0.8176678862
2023-02-01,1.0043997413,1.0043997413,1.0043997413,1.0043997413,1.0002107931,1.0002107931,1.0002107931,1.0002107931,0.9880423347,0.9799874549,0.9144072127,0.8253530823
2023-02-02,1.0082951550,1.0082951550,1.0082951550,1.0082951550,1.0037818354,1.0037818354,1.0037818354,1.0037818354,0.9914008161,0.9833772608,0.9143997661,0.8224458083
2023-02-03,1.0073744963,1.0073744963,1.0073744963,1.0073744963,0.9992481088,0.9992481088,0.9992481088,0.9992481088,0.9906074373,0.9825764343,0.9094527818,0.8146720957
2023-02-06,0.9990213647,0.9990213647,0.9990213647,0.9990213647,0.9890658684,0.9890658684,0.9890658684,0.9890658684,0.9834083016,0.9753098211,0.9028715818,0.8039025925
2023-02-07,1.0027746357,1.0027746357,1.0027746357,1.0027746357,0.9929650833,0.9929650833,0.9929650833,0.9929650833,0.9866463953,0.9785778438,0.9074204207,0.8053483615
2023-02-08,0.9947971103,0.9947971103,0.9947971103,0.9947971103,0.9854811781,0.9854811781,0.9854811781,0.9854811781,0.9797670550,0.9716345178,0.9020165280,0.8017899996
2023-02-09,1.0119285909,1.0119285909,1.0119285909,1.0119285909,0.9990172874,0.9990172874,0.9990172874,0.9990172874,0.9945548567,0.9865580162,0.9128742783,0.8125536016
2023-02-10,1.0198122018,1.0198122018,1.0198122018,1.0198122018,1.0037237143,1.0037237143,1.0037237143,1.0037237143,1.0013457118,0.9934129816,0.9118701419,0.8077245368
2023-02-13,1.0457117914,1.0457117914,1.0457117914,1.0457117914,1.0238107684,1.0238107684,1.0238107684,1.0238107684,1.0236340210,1.0159143968,0.9218394457,0.8150537000
2023-02-14,1.0429630437,1.0429630437,1.0429630437,1.0429630437,1.0214410188,1.0214410188,1.0214410188,1.0214410188,1.0212757810,1.0135326953,0.9221865015,0.8153920296
2023-02-15,1.0431042877,1.0431042877,1.0431042877,1.0431042877,1.0175506828,1.0175506828,1.0175506828,1.0175506828,1.0213969982,1.0136551135,0.9189534744,0.8111432393
2023-02-16,1.0343588373,1.0343588373,1.0343588373,1.0343588373,1.0095863570,1.0095863570,1.0095863570,1.0095863570,1.0138916745,1.0060754140,0.9062915648,0.8052028011
2023-02-17,1.0279994084,1.0279994084,1.0279994084,1.0279994084,1.0029689787,1.0029689787,1.0029689787,1.0029689787,1.0084283268,1.0005586458,0.9004158028,0.7936012432
2023-02-20,1.0494062543,1.0494062543,1.0494062543,1.0494062543,1.0275651155,1.0275651155,1.0275651155,1.0275651155,1.0268328790,1.0191413831,0.9182118505,0.8130709312
2023-02-21,1.0409517721,1.0409517721,1.0409517721,1.0409517721,1.0222064690,1.0222064690,1.0222064690,1.0222064690,1.0195615461,1.0118002896,0.9226958684,0.8152071285
2023-02-22,1.0382140619,1.0382140619,1.0382140619,1.0382140619,1.0190031339,1.0190031339,1.0190031339,1.0190031339,1.0173015370,1.0095052049,0.9198914143,0.8078504268
2023-02-23,1.0250724497,1.0250724497,1.0250724497,1.0250724497,1.0102984265,1.0102984265,1.0102984265,1.0102984265,1.0064484990,0.9984842973,0.9180138571,0.8072013061
2023-02-24,1.0219525268,1.0219525268,1.0219525268,1.0219525268,1.0052637043,1.0052637043,1.0052637043,1.0052637043,1.0038667101,0.9958632335,0.9137911618,0.7988217475
2023-02-27,1.0159941282,1.0159941282,1.0159941282,1.0159941282,0.9973164215,0.9973164215,0.9973164215,0.9973164215,0.9989336686,0.9908554495,0.9082941894,0.7954364845
2023-02-28,1.0270934287,1.0270934287,1.0270934287,1.0270934287,1.0070709660,1.0070709660,1.0070709660,1.0070709660,1.0081314047,1.0001914695,0.9150621988,0.8004760219
2023-03-01,1.0448941143,1.0448941143,1.0448941143,1.0448941143,1.0237825876,1.0237825876,1.0237825876,1.0237825876,1.0228573711,1.0151420130,0.9242450278,0.8117825249
2023-03-02,1.0499114789,1.0499114789,1.0499114789,1.0499114789,1.0278742073,1.0278742073,1.0278742073,1.0278742073,1.0269969708,1.0193461536,0.9238542466,0.8099728550
2023-03-03,1.0455807729,1.0455807729,1.0455807729,1.0455807729,1.0244986321,1.0244986321,1.0244986321,1.0244986321,1.0234265856,1.0157197615,0.9258542620,0.8124926236
2023-03-06,1.0446732071,1.0446732071,1.0446732071,1.0446732071,1.0181921249,1.0181921249,1.0181921249,1.0181921249,1.0226778696,1.0149593626,0.9224268615,0.8082556355
2023-03-07,1.0206786027,1.0206786027,1.0206786027,1.0206786027,0.9969510735,0.9969510735,0.9969510735,0.9969510735,1.0028803001,0.9948532158,0.9072119530,0.7964219678
2023-03-08,1.0270791681,1.0270791681,1.0270791681,1.0270791681,0.9998316961,0.9998316961,0.9998316961,0.9998316961,1.0081808181,1.0002338739,0.9094188212,0.7935225619
2023-03-09,1.0224819339,1.0224819339,1.0224819339,1.0224819339,0.9937888219,0.9937888219,0.9937888219,0.9937888219,1.0043774266,0.9963725048,0.9067624151,0.7907175735
2023-03-10,1.0084606104,1.0084606104,1.0084606104,1.0084606104,0.9783718069,0.9783718069,0.9783718069,0.9783718069,0.9927690847,0.9845882490,0.8923332123,0.7803493450
2023-03-13,1.0251087486,1.0251087486,1.0251087486,1.0251087486,0.9910570841,0.9910570841,0.9910570841,0.9910570841,1.0065823025,0.9986069715,0.8999575181,0.7885223652
2023-03-14,1.0148568964,1.0148568964,1.0148568964,1.0148568964,0.9784319687,0.9784319687,0.9784319687,0.9784319687,0.9980978940,0.9899935828,0.8911603886,0.7838034541
2023-03-15,1.0052997934,1.0052997934,1.0052997934,1.0052997934,0.9774749881,0.9774749881,0.9774749881,0.9774749881,0.9901759005,0.9819527525,0.8954862254,0.7842362013
2023-03-16,1.0021287750,1.0021287750,1.0021287750,1.0021287750,0.9693034532,0.9693034532,0.9693034532,0.9693034532,0.9875434791,0.9792813408,0.8826078664,0.7748436209
2023-03-17,1.0157895784,1.0157895784,1.0157895784,1.0157895784,0.9810554575,0.9810554575,0.9810554575,0.9810554575,0.9988896369,0.9907948376,0.8890432828,0.7787127739
2023-03-20,1.0101210608,1.0101210608,1.0101210608,1.0101210608,0.9759707419,0.9759707419,0.9759707419,0.9759707419,0.9941915274,0.9860261756,0.8840874462,0.7748298517
2023-03-21,1.0311747699,1.0311747699,1.0311747699,1.0311747699,0.9930981415,0.9930981415,0.9930981415,0.9930981415,1.0117136842,1.0038011698,0.8948461074,0.7833471026
2023-03-22,1.0485087550,1.0485087550,1.0485087550,1.0485087550,1.0043546007,1.0043546007,1.0043546007,1.0043546007,1.0215293352,1.0144319226,0.8990470826,0.7867028601
2023-03-23,1.0618450755,1.0618450755,1.0618450755,1.0618450755,1.0114481476,1.0114481476,1.0114481476,1.0114481476,1.0290284525,1.0225609213,0.9018394854,0.7945021441
2023-03-24,1.0677174713,1.0677174713,1.0677174713,1.0677174713,1.0140754623,1.0140754623,1.0140754623,1.0140754623,1.0323130101,1.0261237385,0.9010331291,0.7921338369
2023-03-27,1.0720930128,1.0720930128,1.0720930128,1.0720930128,1.0140481618,1.0140481618,1.0140481618,1.0140481618,1.0347546533,1.0287730033,0.8987396741,0.7892678705
2023-03-28,1.0658715644,1.0658715644,1.0658715644,1.0658715644,1.0077814779,1.0077814779,1.0077814779,1.0077814779,1.0312889469,1.0250117829,0.8953848895,0.7867166293
2023-03-29,1.0599390898,1.0599390898,1.0599390898,1.0599390898,1.0024487294,1.0024487294,1.0024487294,1.0024487294,1.0279760592,1.0214175183,0.8925056943,0.7880207719
2023-03-30,1.0483194881,1.0483194881,1.0483194881,1.0483194881,0.9971057644,0.9971057644,0.9971057644,0.9971057644,1.0214719373,1.0143630576,0.8966590640,0.7943919902
2023-03-31,1.0731474823,1.0731474823,1.0731474823,1.0731474823,1.0135591359,1.0135591359,1.0135591359,1.0135591359,1.0354346486,1.0294983767,0.9027037450,0.7968311106
2023-04-03,1.1052437210,1.1052437210,1.1052437210,1.1052437210,1.0360213751,1.0360213751,1.0360213751,1.0360213751,1.0533082786,1.0488969852,0.9125264230,0.8046284276
2023-04-04,1.1074267264,1.1074267264,1.1074267264,1.1074267264,1.0356006281,1.0356006281,1.0356006281,1.0356006281,1.0545090148,1.0502021933,0.9103115019,0.8070950864
2023-04-06,1.1008088023,1.1008088023,1.1008088023,1.1008088023,1.0308849182,1.0308849182,1.0308849182,1.0308849182,1.0508719384,1.0462482551,0.9081883049,0.8058224163
2023-04-07,1.1194757199,1.1194757199,1.1194757199,1.1194757199,1.0441820444,1.0441820444,1.0441820444,1.0441820444,1.0611569753,1.0574257800,0.9152687188,0.8110625910
2023-04-10,1.0932868737,1.0932868737,1.0932868737,1.0932868737,1.0260464257,1.0260464257,1.0260464257,1.0260464257,1.0468292693,1.0418409609,0.9080150452,0.8074294819
2023-04-11,1.1050871786,1.1050871786,1.1050871786,1.1050871786,1.0344205791,1.0344205791,1.0344205791,1.0344205791,1.0533505110,1.0489254854,0.9105708339,0.8065128447
2023-04-12,1.1329630923,1.1329630923,1.1329630923,1.1329630923,1.0529563914,1.0529563914,1.0529563914,1.0529563914,1.0686861127,1.0655951703,0.9140526971,0.8059502734
2023-04-13,1.1157961122,1.1157961122,1.1157961122,1.1157961122,1.0394684962,1.0394684962,1.0394684962,1.0394684962,1.0593401586,1.0554228374,0.9099353937,0.8003816043
2023-04-14,1.1138205078,1.1138205078,1.1138205078,1.1138205078,1.0393950014,1.0393950014,1.0393950014,1.0393950014,1.0582576137,1.0542455247,0.9116183389,0.8049097132
2023-04-17,1.1073860689,1.1073860689,1.1073860689,1.1073860689,1.0373864278,1.0373864278,1.0373864278,1.0373864278,1.0547291779,1.0504085634,0.9175372065,0.8161965459
2023-04-18,1.1135836691,1.1135836691,1.1135836691,1.1135836691,1.0397933469,1.0397933469,1.0397933469,1.0397933469,1.0581360890,1.0541122390,0.9174057035,0.8186848420
2023-04-19,1.1103800754,1.1103800754,1.1103800754,1.1103800754,1.0348689532,1.0348689532,1.0348689532,1.0348689532,1.0563421049,1.0521693784,0.9111884333,0.8113143711
2023-04-20,1.1310373566,1.1310373566,1.1310373566,1.1310373566,1.0477217964,1.0477217964,1.0477217964,1.0477217964,1.0683656608,1.0650952244,0.9085121702,0.8090444156
2023-04-21,1.0795412665,1.0795412665,1.0795412665,1.0795412665,1.0126893537,1.0126893537,1.0126893537,1.0126893537,1.0386048976,1.0330725528,0.8890705019,0.7932196389
2023-04-24,1.0836658753,1.0836658753,1.0836658753,1.0836658753,1.0116556105,1.0116556105,1.0116556105,1.0116556105,1.0410327413,1.0356789833,0.8826729991,0.7833982454
2023-04-25,1.0704831683,1.0704831683,1.0704831683,1.0704831683,0.9971823592,0.9971823592,0.9971823592,0.9971823592,1.0332845483,1.0273593117,0.8737691003,0.7794700814
2023-04-26,1.0539685860,1.0539685860,1.0539685860,1.0539685860,0.9884136973,0.9884136973,0.9884136973,0.9884136973,1.0235316314,1.0168932828,0.8761393330,0.7787934222
2023-04-27,1.0355506028,1.0355506028,1.0355506028,1.0355506028,0.9823937060,0.9823937060,0.9823937060,0.9823937060,1.0125884774,1.0051588635,0.8782838291,0.7845351902
2023-04-28,1.0750810314,1.0750810314,1.0750810314,1.0750810314,1.0124858194,1.0124858194,1.0124858194,1.0124858194,1.0362378714,1.0304965363,0.8910574509,0.7925351115
2023-05-04,1.0735682643,1.0735682643,1.0735682643,1.0735682643,1.0136702970,1.0136702970,1.0136702970,1.0136702970,1.0353457639,1.0295390132,0.8934653091,0.7927632873
2023-05-05,1.0629655135,1.0629655135,1.0629655135,1.0629655135,1.0036628791,1.0036628791,1.0036628791,1.0036628791,1.0290897005,1.0228246703,0.8880487696,0.7901333648
2023-05-08,1.0704307538,1.0704307538,1.0704307538,1.0704307538,1.0146801584,1.0146801584,1.0146801584,1.0146801584,1.0335115575,1.0275681564,0.8945549182,0.7991384397
2023-05-09,1.0535060669,1.0535060669,1.0535060669,1.0535060669,0.9969232404,0.9969232404,0.9969232404,0.9969232404,1.0235137622,1.0168395202,0.8849325900,0.7922971006
2023-05-10,1.0487983572,1.0487983572,1.0487983572,1.0487983572,0.9916842439,0.9916842439,0.9916842439,0.9916842439,1.0207154694,1.0138389978,0.8828086746,0.7861973327
2023-05-11,1.0522636446,1.0522636446,1.0522636446,1.0522636446,0.9916557844,0.9916557844,0.9916557844,0.9916557844,1.0227788474,1.0160510129,0.8839684922,0.7849758055
2023-05-12,1.0329092819,1.0329092819,1.0329092819,1.0329092819,0.9728026069,0.9728026069,0.9728026069,0.9728026069,1.0112691770,1.0037102604,0.8737134619,0.7745702034
2023-05-15,1.0355866819,1.0355866819,1.0355866819,1.0355866819,0.9798777577,0.9798777577,0.9798777577,0.9798777577,1.0128729567,1.0054282925,0.8812278813,0.7865946733
2023-05-16,1.0124118122,1.0124118122,1.0124118122,1.0124118122,0.9621965028,0.9621965028,0.9621965028,0.9621965028,0.9990049942,0.9905705179,0.8723779566,0.7825268500
2023-05-17,1.0175291539,1.0175291539,1.0175291539,1.0175291539,0.9708444195,0.9708444195,0.9708444195,0.9708444195,1.0020944480,0.9938768345,0.8733836921,0.7789783233
2023-05-18,1.0391120033,1.0391120033,1.0391120033,1.0391120033,0.9853693283,0.9853693283,0.9853693283,0.9853693283,1.0150990604,1.0077977021,0.8745332298,0.7781718400
2023-05-19,1.0359446061,1.0359446061,1.0359446061,1.0359446061,0.9815525834,0.9815525834,0.9815525834,0.9815525834,1.0132059522,1.0057691538,0.8720708996,0.7759038514
2023-05-22,1.0280456999,1.0280456999,1.0280456999,1.0280456999,0.9756591543,0.9756591543,0.9756591543,0.9756591543,1.0084373258,1.0006434960,0.8754573008,0.7807801251
2023-05-23,1.0280456999,1.0280456999,1.0280456999,1.0280456999,0.9756591543,0.9756591543,0.9756591543,0.9756591543,1.0047715886,0.9951873868,0.8650860685,0.7697372045
2023-05-24,1.0280456999,1.0280456999,1.0280456999,1.0280456999,0.9756591543,0.9756591543,0.9756591543,0.9756591543,1.0034525521,0.9932277048,0.8572958851,0.7590955584
2023-05-25,1.0280456999,1.0280456999,1.0280456999,1.0280456999,0.9756591543,0.9756591543,0.9756591543,0.9756591543,1.0035382190,0.9933548958,0.8545858515,0.7574058775
2023-05-26,1.0280456999,1.0280456999,1.0280456999,1.0280456999,0.9756591543,0.9756591543,0.9756591543,0.9756591543,1.0052853804,0.9959490442,0.8571686322,0.7574943940
2023-05-29,1.0280456999,1.0280456999,1.0280456999,1.0280456999,0.9756591543,0.9756591543,0.9756591543,0.9756591543,1.0075671004,0.9993398379,0.8542628021,0.7541484716
2023-05-30,1.0280456999,1.0280456999,1.0280456999,1.0280456999,0.9756591543,0.9756591543,0.9756591543,0.9756591543,1.0107163322,1.0040251130,0.8572658436,0.7548979110
2023-05-31,1.0280456999,1.0280456999,1.0280456999,1.0280456999,0.9756591543,0.9756591543,0.9756591543,0.9756591543,1.0107646214,1.0040970673,0.8529147849,0.7471851764
2023-06-01,1.0280456999,1.0280456999,1.0280456999,1.0280456999,0.9756591543,0.9756591543,0.9756591543,0.9756591543,1.0116489225,1.0054147690,0.8542300956,0.7488237145
2023-06-02,1.0280456999,1.0280456999,1.0280456999,1.0280456999,0.9756591543,0.9756591543,0.9756591543,0.9756591543,1.0123067679,1.0063954562,0.8645202709,0.7596345254
2023-06-05,1.0280456999,1.0280456999,1.0280456999,1.0280456999,0.9756591543,0.9756591543,0.9756591543,0.9756591543,1.0138883287,1.0087539443,0.8649870004,0.7561764822
2023-06-06,1.0280456999,1.0280456999,1.0280456999,1.0280456999,0.9756591543,0.9756591543,0.9756591543,0.9756591543,1.0111125186,1.0046113144,0.8538730800,0.7490774617
2023-06-07,1.0280456999,1.0280456999,1.0280456999,1.0280456999,0.9756591543,0.9756591543,0.9756591543,0.9756591543,1.0122623124,1.0063249158,0.8546215194,0.7453755065
2023-06-08,1.0280456999,1.0280456999,1.0280456999,1.0280456999,0.9756591543,0.9756591543,0.9756591543,0.9756591543,1.0129215775,1.0073080131,0.8570277427,0.7514438019
2023-06-09,1.0280456999,1.0280456999,1.0280456999,1.0280456999,0.9756591543,0.9756591543,0.9756591543,0.9756591543,1.0159850567,1.0118777654,0.8599220372,0.7546913726
2023-06-12,1.0280456999,1.0280456999,1.0280456999,1.0280456999,0.9756591543,0.9756591543,0.9756591543,0.9756591543,1.0145462106,1.0097282214,0.8640950689,0.7562118887
2023-06-13,1.0280456999,1.0280456999,1.0280456999,1.0280456999,0.9756591543,0.9756591543,0.9756591543,0.9756591543,1.0154399751,1.0110625015,0.8658826589,0.7602403714
2023-06-14,1.0280456999,1.0280456999,1.0280456999,1.0280456999,0.9756591543,0.9756591543,0.9756591543,0.9756591543,1.0153928686,1.0109921463,0.8681409076,0.7600653055
2023-06-15,1.0280456999,1.0280456999,1.0280456999,1.0280456999,0.9756591543,0.9756591543,0.9756591543,0.9756591543,1.0161792456,1.0121665997,0.8752919962,0.7721586215
2023-06-16,1.0280456999,1.0280456999,1.0280456999,1.0280456999,0.9756591543,0.9756591543,0.9756591543,0.9756591543,1.0187753253,1.0160453423,0.8812457388,0.7796038396
2023-06-19,1.0280456999,1.0280456999,1.0280456999,1.0280456999,0.9756591543,0.9756591543,0.9756591543,0.9756591543,1.0188704858,1.0161876899,0.8762017956,0.7732227861
2023-06-20,1.0280456999,1.0280456999,1.0280456999,1.0280456999,0.9756591543,0.9756591543,0.9756591543,0.9756591543,1.0184654796,1.0155817804,0.8724094663,0.7719107754
2023-06-21,1.0280456999,1.0280456999,1.0280456999,1.0280456999,0.9756591543,0.9756591543,0.9756591543,0.9756591543,1.0136290746,1.0083477136,0.8590451486,0.7600672725
2023-06-26,1.0280456999,1.0280456999,1.0280456999,1.0280456999,0.9756591543,0.9756591543,0.9756591543,0.9756591543,1.0098260863,1.0026729535,0.8452182434,0.7493803848
2023-06-27,1.0280456999,1.0280456999,1.0280456999,1.0280456999,0.9756591543,0.9756591543,0.9756591543,0.9756591543,1.0123905568,1.0064924110,0.8597900033,0.7564085920
2023-06-28,1.0280456999,1.0280456999,1.0280456999,1.0280456999,0.9756591543,0.9756591543,0.9756591543,0.9756591543,1.0113578806,1.0049524211,0.8578450261,0.7554978559
2023-06-29,1.0280456999,1.0280456999,1.0280456999,1.0280456999,0.9756591543,0.9756591543,0.9756591543,0.9756591543,1.0118751612,1.0057234278,0.8573653090,0.7517683622
2023-06-30,1.0280456999,1.0280456999,1.0280456999,1.0280456999,0.9756591543,0.9756591543,0.9756591543,0.9756591543,1.0128637395,1.0071972801,0.8647718233,0.7558224163
2023-07-03,1.0280456999,1.0280456999,1.0280456999,1.0280456999,0.9756591543,0.9756591543,0.9756591543,0.9756591543,1.0132441676,1.0077647298,0.8729136087,0.7657421614
2023-07-04,1.0280456999,1.0280456999,1.0280456999,1.0280456999,0.9756591543,0.9756591543,0.9756591543,0.9756591543,1.0128730337,1.0072110395,0.8738265065,0.7669479523
2023-07-05,1.0280456999,1.0280456999,1.0280456999,1.0280456999,0.9756591543,0.9756591543,0.9756591543,0.9756591543,1.0112497917,1.0047897875,0.8681081879,0.7610075141
2023-07-06,1.0280456999,1.0280456999,1.0280456999,1.0280456999,0.9756591543,0.9756591543,0.9756591543,0.9756591543,1.0108690075,1.0042222599,0.8649218851,0.7558814273
2023-07-07,1.0280456999,1.0280456999,1.0280456999,1.0280456999,0.9756591543,0.9756591543,0.9756591543,0.9756591543,1.0104951430,1.0036651505,0.8623172467,0.7525276368
2023-07-10,1.0280456999,1.0280456999,1.0280456999,1.0280456999,0.9756591543,0.9756591543,0.9756591543,0.9756591543,1.0108215400,1.0041514368,0.8646356764,0.7561922184
2023-07-11,1.0280456999,1.0280456999,1.0280456999,1.0280456999,0.9756591543,0.9756591543,0.9756591543,0.9756591543,1.0111553093,1.0046487871,0.8690430092,0.7611412723
2023-07-12,1.0280456999,1.0280456999,1.0280456999,1.0280456999,0.9756591543,0.9756591543,0.9756591543,0.9756591543,1.0088967028,1.0012826777,0.8602193510,0.7560171525
2023-07-13,1.0280456999,1.0280456999,1.0280456999,1.0280456999,0.9756591543,0.9756591543,0.9756591543,0.9756591543,1.0123768152,1.0064634503,0.8699923374,0.7668318974
2023-07-14,1.0280456999,1.0280456999,1.0280456999,1.0280456999,0.9756591543,0.9756591543,0.9756591543,0.9756591543,1.0139235046,1.0087699329,0.8694921602,0.7669656556
2023-07-17,1.0280456999,1.0280456999,1.0280456999,1.0280456999,0.9756591543,0.9756591543,0.9756591543,0.9756591543,1.0124910661,1.0066321964,0.8648245161,0.7606849207
2023-07-18,1.0280456999,1.0280456999,1.0280456999,1.0280456999,0.9756591543,0.9756591543,0.9756591543,0.9756591543,1.0103162410,1.0033888359,0.8637218816,0.7582792399
2023-07-19,1.0280456999,1.0280456999,1.0280456999,1.0280456999,0.9756591543,0.9756591543,0.9756591543,0.9756591543,1.0105580297,1.0037489456,0.8652681640,0.7574786577
2023-07-20,1.0280456999,1.0280456999,1.0280456999,1.0280456999,0.9756591543,0.9756591543,0.9756591543,0.9756591543,1.0071205602,0.9986274835,0.8585911123,0.7521322633
2023-07-21,1.0280456999,1.0280456999,1.0280456999,1.0280456999,0.9756591543,0.9756591543,0.9756591543,0.9756591543,1.0063500614,0.9974814818,0.8585315435,0.7517821315
2023-07-24,1.0280456999,1.0280456999,1.0280456999,1.0280456999,0.9756591543,0.9756591543,0.9756591543,0.9756591543,1.0067548289,0.9980832825,0.8557364910,0.7484991542
2023-07-25,1.0280456999,1.0280456999,1.0280456999,1.0280456999,0.9756591543,0.9756591543,0.9756591543,0.9756591543,1.0087285677,1.0010183898,0.8746394483,0.7701168417
2023-07-26,1.0280456999,1.0280456999,1.0280456999,1.0280456999,0.9756591543,0.9756591543,0.9756591543,0.9756591543,1.0067206907,0.9980295951,0.8732865399,0.7685215783
2023-07-27,1.0280456999,1.0280456999,1.0280456999,1.0280456999,0.9756591543,0.9756591543,0.9756591543,0.9756591543,1.0061618483,0.9971985683,0.8701082198,0.7676049412
2023-07-28,1.0280456999,1.0280456999,1.0280456999,1.0280456999,0.9756591543,0.9756591543,0.9756591543,0.9756591543,1.0081802320,1.0001991730,0.8828207672,0.7853849483
2023-07-31,1.0280456999,1.0280456999,1.0280456999,1.0280456999,0.9756591543,0.9756591543,0.9756591543,0.9756591543,1.0100444676,1.0029733896,0.8917808388,0.7896907825
2023-08-01,1.0280456999,1.0280456999,1.0280456999,1.0280456999,0.9756591543,0.9756591543,0.9756591543,0.9756591543,1.0106135369,1.0038210177,0.8902362738,0.7864196074
2023-08-02,1.0280456999,1.0280456999,1.0280456999,1.0280456999,0.9756591543,0.9756591543,0.9756591543,0.9756591543,1.0098968340,1.0027531889,0.8858610255,0.7808922460
2023-08-03,1.0280456999,1.0280456999,1.0280456999,1.0280456999,0.9756591543,0.9756591543,0.9756591543,0.9756591543,1.0089056676,1.0012769561,0.8877353027,0.7877925961
2023-08-04,1.0280456999,1.0280456999,1.0280456999,1.0280456999,0.9756591543,0.9756591543,0.9756591543,0.9756591543,1.0097382853,1.0025164391,0.8894190472,0.7908611668
2023-08-07,1.0280456999,1.0280456999,1.0280456999,1.0280456999,0.9756591543,0.9756591543,0.9756591543,0.9756591543,1.0088499234,1.0011934267,0.8836557937,0.7848754868
2023-08-08,1.0280456999,1.0280456999,1.0280456999,1.0280456999,0.9756591543,0.9756591543,0.9756591543,0.9756591543,1.0078569128,0.9997152154,0.8806578180,0.7828258389
2023-08-09,1.0280456999,1.0280456999,1.0280456999,1.0280456999,0.9756591543,0.9756591543,0.9756591543,0.9756591543,1.0054640804,0.9961549616,0.8741523764,0.7804339274
2023-08-10,1.0280456999,1.0280456999,1.0280456999,1.0280456999,0.9756591543,0.9756591543,0.9756591543,0.9756591543,1.0054740850,0.9961698295,0.8765481198,0.7820370589
2023-08-11,1.0280456999,1.0280456999,1.0280456999,1.0280456999,0.9756591543,0.9756591543,0.9756591543,0.9756591543,1.0023263818,0.9914919660,0.8598981262,0.7640446123
2023-08-14,1.0280456999,1.0280456999,1.0280456999,1.0280456999,0.9756591543,0.9756591543,0.9756591543,0.9756591543,1.0030451971,0.9925585341,0.8606664918,0.7584700421
2023-08-15,1.0280456999,1.0280456999,1.0280456999,1.0280456999,0.9756591543,0.9756591543,0.9756591543,0.9756591543,1.0025722688,0.9918565583,0.8570617655,0.7566269326
2023-08-16,1.0280456999,1.0280456999,1.0280456999,1.0280456999,0.9756591543,0.9756591543,0.9756591543,0.9756591543,0.9998983267,0.9878889481,0.8509628403,0.7510779338
2023-08-17,1.0280456999,1.0280456999,1.0280456999,1.0280456999,0.9756591543,0.9756591543,0.9756591543,0.9756591543,1.0013172753,0.9899918074,0.8574625134,0.7535898344
2023-08-18,1.0280456999,1.0280456999,1.0280456999,1.0280456999,0.9756591543,0.9756591543,0.9756591543,0.9756591543,0.9974244487,0.9842186125,0.8449187838,0.7443251111
2023-08-21,1.0280456999,1.0280456999,1.0280456999,1.0280456999,0.9756591543,0.9756591543,0.9756591543,0.9756591543,0.9947274127,0.9802266215,0.8372329043,0.7336165860
2023-08-22,1.0280456999,1.0280456999,1.0280456999,1.0280456999,0.9756591543,0.9756591543,0.9756591543,0.9756591543,0.9974219287,0.9842094759,0.8413190018,0.7392560683
2023-08-23,1.0280456999,1.0280456999,1.0280456999,1.0280456999,0.9756591543,0.9756591543,0.9756591543,0.9756591543,0.9935861305,0.9785319956,0.8286568687,0.7271391479
2023-08-24,1.0280456999,1.0280456999,1.0280456999,1.0280456999,0.9756591543,0.9756591543,0.9756591543,0.9756591543,0.9943954676,0.9797276074,0.8300286112,0.7324107951
2023-08-25,1.0280456999,1.0280456999,1.0280456999,1.0280456999,0.9756591543,0.9756591543,0.9756591543,0.9756591543,0.9922430601,0.9765466200,0.8215270021,0.7296018726
2023-08-28,1.0280456999,1.0280456999,1.0280456999,1.0280456999,0.9756591543,0.9756591543,0.9756591543,0.9756591543,0.9963274717,0.9825763194,0.8319835989,0.7381525630
2023-08-29,1.0280456999,1.0280456999,1.0280456999,1.0280456999,0.9756591543,0.9756591543,0.9756591543,0.9756591543,1.0005978918,0.9888935400,0.8467774619,0.7455269680
2023-08-30,1.0280456999,1.0280456999,1.0280456999,1.0280456999,0.9756591543,0.9756591543,0.9756591543,0.9756591543,1.0006592774,0.9889845415,0.8470720771,0.7452122428
2023-08-31,1.0280456999,1.0280456999,1.0280456999,1.0280456999,0.9756591543,0.9756591543,0.9756591543,0.9756591543,0.9978279844,0.9847871511,0.8402404328,0.7406408592
2023-09-01,1.0280456999,1.0280456999,1.0280456999,1.0280456999,0.9756591543,0.9756591543,0.9756591543,0.9756591543,0.9991083755,0.9866826372,0.8460123586,0.7457984185
2023-09-04,1.0280456999,1.0280456999,1.0280456999,1.0280456999,0.9756591543,0.9756591543,0.9756591543,0.9756591543,1.0013749557,0.9900402240,0.8602722940,0.7571009875
2023-09-05,1.0280456999,1.0280456999,1.0280456999,1.0280456999,0.9756591543,0.9756591543,0.9756591543,0.9756591543,0.9987587742,0.9861603711,0.8542115449,0.7514693733
2023-09-06,1.0280456999,1.0280456999,1.0280456999,1.0280456999,0.9756591543,0.9756591543,0.9756591543,0.9756591543,1.0000166856,0.9880234371,0.8537998611,0.7498387033
2023-09-07,1.0280456999,1.0280456999,1.0280456999,1.0280456999,0.9756591543,0.9756591543,0.9756591543,0.9756591543,0.9974917281,0.9842814238,0.8427234964,0.7393032771
2023-09-11,1.0280456999,1.0280456999,1.0280456999,1.0280456999,0.9756591543,0.9756591543,0.9756591543,0.9756591543,0.9993546034,0.9870387303,0.8475368190,0.7410873756
2023-09-12,1.0280456999,1.0280456999,1.0280456999,1.0280456999,0.9756591543,0.9756591543,0.9756591543,0.9756591543,0.9997641494,0.9876454785,0.8463954643,0.7397222550
2023-09-13,1.0280456999,1.0280456999,1.0280456999,1.0280456999,0.9756591543,0.9756591543,0.9756591543,0.9756591543,0.9976082947,0.9844508948,0.8407295364,0.7350112121
2023-09-14,1.0280456999,1.0280456999,1.0280456999,1.0280456999,0.9756591543,0.9756591543,0.9756591543,0.9756591543,0.9962913800,0.9825018123,0.8384632625,0.7343935639
2023-09-15,1.0280456999,1.0280456999,1.0280456999,1.0280456999,0.9756591543,0.9756591543,0.9756591543,0.9756591543,0.9963947299,0.9826546914,0.8373807354,0.7295290924
2023-09-18,1.0280456999,1.0280456999,1.0280456999,1.0280456999,0.9756591543,0.9756591543,0.9756591543,0.9756591543,0.9968347196,0.9833055750,0.8408666107,0.7332526850
2023-09-19,1.0280456999,1.0280456999,1.0280456999,1.0280456999,0.9756591543,0.9756591543,0.9756591543,0.9756591543,0.9972084421,0.9838585504,0.8363439387,0.7318344545
2023-09-20,1.0280456999,1.0280456999,1.0280456999,1.0280456999,0.9756591543,0.9756591543,0.9756591543,0.9756591543,0.9966964621,0.9831008614,0.8319883219,0.7289212794
2023-09-21,1.0280456999,1.0280456999,1.0280456999,1.0280456999,0.9756591543,0.9756591543,0.9756591543,0.9756591543,0.9953418721,0.9810966927,0.8252830795,0.7223808962
2023-09-22,1.0280456999,1.0280456999,1.0280456999,1.0280456999,0.9756591543,0.9756591543,0.9756591543,0.9756591543,0.9967899762,0.9832377613,0.8371944117,0.7354596955
2023-09-25,1.0280456999,1.0280456999,1.0280456999,1.0280456999,0.9756591543,0.9756591543,0.9756591543,0.9756591543,0.9949327968,0.9804898671,0.8318720545,0.7306739053
2023-09-26,1.0280456999,1.0280456999,1.0280456999,1.0280456999,0.9756591543,0.9756591543,0.9756591543,0.9756591543,0.9935723762,0.9784788589,0.8280947193,0.7264034777
2023-09-27,1.0280456999,1.0280456999,1.0280456999,1.0280456999,0.9756591543,0.9756591543,0.9756591543,0.9756591543,0.9933297107,0.9781203903,0.8301137697,0.7279003895
2023-09-28,1.0280456999,1.0280456999,1.0280456999,1.0280456999,0.9756591543,0.9756591543,0.9756591543,0.9756591543,0.9939331354,0.9790116684,0.8328570290,0.7257405877
2023-10-09,1.0280456999,1.0280456999,1.0280456999,1.0280456999,0.9756591543,0.9756591543,0.9756591543,0.9756591543,0.9925519739,0.9769710282,0.8274820052,0.7247983792
2023-10-10,1.0280456999,1.0280456999,1.0280456999,1.0280456999,0.9756591543,0.9756591543,0.9756591543,0.9756591543,0.9904015419,0.9737960160,0.8228120089,0.7193693694
2023-10-11,1.0280456999,1.0280456999,1.0280456999,1.0280456999,0.9756591543,0.9756591543,0.9756591543,0.9756591543,0.9895776146,0.9725808466,0.8220729133,0.7214190173
2023-10-12,1.0280456999,1.0280456999,1.0280456999,1.0280456999,0.9756591543,0.9756591543,0.9756591543,0.9756591543,0.9916088372,0.9755753487,0.8277797290,0.7282701916
2023-10-13,1.0280456999,1.0280456999,1.0280456999,1.0280456999,0.9756591543,0.9756591543,0.9756591543,0.9756591543,0.9900560228,0.9732837887,0.8200358058,0.7206046658
2023-10-16,1.0280456999,1.0280456999,1.0280456999,1.0280456999,0.9756591543,0.9756591543,0.9756591543,0.9756591543,0.9901510172,0.9734238664,0.8155744480,0.7133640190
2023-10-17,1.0280456999,1.0280456999,1.0280456999,1.0280456999,0.9756591543,0.9756591543,0.9756591543,0.9756591543,0.9910143007,0.9746969157,0.8168650155,0.7158818207
2023-10-18,1.0280456999,1.0280456999,1.0280456999,1.0280456999,0.9756591543,0.9756591543,0.9756591543,0.9756591543,0.9889025219,0.9715814043,0.8059943204,0.7102128329
2023-10-19,1.0280456999,1.0280456999,1.0280456999,1.0280456999,0.9756591543,0.9756591543,0.9756591543,0.9756591543,0.9859703730,0.9672602180,0.7943636389,0.6950588143
2023-10-20,1.0280456999,1.0280456999,1.0280456999,1.0280456999,0.9756591543,0.9756591543,0.9756591543,0.9756591543,0.9851843436,0.9661036450,0.7884601299,0.6905444746
2023-10-23,1.0280456999,1.0280456999,1.0280456999,1.0280456999,0.9756591543,0.9756591543,0.9756591543,0.9756591543,0.9832162920,0.9632087423,0.7732450239,0.6833943113
2023-10-24,1.0280456999,1.0280456999,1.0280456999,1.0280456999,0.9756591543,0.9756591543,0.9756591543,0.9756591543,0.9848605582,0.9656249527,0.7838721088,0.6859298163
2023-10-25,1.0280456999,1.0280456999,1.0280456999,1.0280456999,0.9756591543,0.9756591543,0.9756591543,0.9756591543,0.9859039022,0.9671594019,0.7911218502,0.6893386837
2023-10-26,1.0280456999,1.0280456999,1.0280456999,1.0280456999,0.9756591543,0.9756591543,0.9756591543,0.9756591543,0.9862203978,0.9676251192,0.7926982568,0.6912427712
2023-10-27,1.0280456999,1.0280456999,1.0280456999,1.0280456999,0.9756591543,0.9756591543,0.9756591543,0.9756591543,0.9881913872,0.9705258586,0.8034556415,0.7007337031
2023-10-30,1.0280456999,1.0280456999,1.0280456999,1.0280456999,0.9756591543,0.9756591543,0.9756591543,0.9756591543,0.9883032625,0.9706906715,0.8087155178,0.7049392187
2023-10-31,1.0280456999,1.0280456999,1.0280456999,1.0280456999,0.9756591543,0.9756591543,0.9756591543,0.9756591543,0.9891650990,0.9719603880,0.8064865238,0.7027243401
2023-11-01,1.0280456999,1.0280456999,1.0280456999,1.0280456999,0.9756591543,0.9756591543,0.9756591543,0.9756591543,0.9896581380,0.9726870833,0.8060300002,0.7024332192
2023-11-02,1.0280456999,1.0280456999,1.0280456999,1.0280456999,0.9756591543,0.9756591543,0.9756591543,0.9756591543,0.9889938064,0.9717076742,0.8003643076,0.6991207365
2023-11-03,1.0280456999,1.0280456999,1.0280456999,1.0280456999,0.9756591543,0.9756591543,0.9756591543,0.9756591543,0.9899180214,0.9730697659,0.8062353390,0.7050119989
2023-11-06,1.0280456999,1.0280456999,1.0280456999,1.0280456999,0.9756591543,0.9756591543,0.9756591543,0.9756591543,0.9914903211,0.9753880750,0.8172239456,0.7145462056
2023-11-07,1.0280456999,1.0280456999,1.0280456999,1.0280456999,0.9756591543,0.9756591543,0.9756591543,0.9756591543,0.9912590988,0.9750468742,0.8184431194,0.7120185688
2023-11-08,1.0280456999,1.0280456999,1.0280456999,1.0280456999,0.9756591543,0.9756591543,0.9756591543,0.9756591543,0.9908665482,0.9744676787,0.8184184510,0.7103092175
2023-11-09,1.0280456999,1.0280456999,1.0280456999,1.0280456999,0.9756591543,0.9756591543,0.9756591543,0.9756591543,0.9913183845,0.9751342163,0.8168548768,0.7106554152
2023-11-10,1.0280456999,1.0280456999,1.0280456999,1.0280456999,0.9756591543,0.9756591543,0.9756591543,0.9756591543,0.9909225202,0.9745501141,0.8134490056,0.7054742515
2023-11-13,1.0280456999,1.0280456999,1.0280456999,1.0280456999,0.9756591543,0.9756591543,0.9756591543,0.9756591543,0.9902144059,0.9735054922,0.8180042745,0.7040815925
2023-11-14,1.0280456999,1.0280456999,1.0280456999,1.0280456999,0.9756591543,0.9756591543,0.9756591543,0.9756591543,0.9903665266,0.9737298230,0.8203961568,0.7046028561
2023-11-15,1.0280456999,1.0280456999,1.0280456999,1.0280456999,0.9756591543,0.9756591543,0.9756591543,0.9756591543,0.9915324607,0.9754493452,0.8252797024,0.7095578111
2023-11-16,1.0280456999,1.0280456999,1.0280456999,1.0280456999,0.9756591543,0.9756591543,0.9756591543,0.9756591543,0.9903995584,0.9737775561,0.8195586519,0.7026948346
2023-11-17,1.0280456999,1.0280456999,1.0280456999,1.0280456999,0.9756591543,0.9756591543,0.9756591543,0.9756591543,0.9902195342,0.9735120544,0.8215723357,0.7018509776
2023-11-20,1.0280456999,1.0280456999,1.0280456999,1.0280456999,0.9756591543,0.9756591543,0.9756591543,0.9756591543,0.9908176726,0.9743941238,0.8265506049,0.7034737795
2023-11-21,1.0280456999,1.0280456999,1.0280456999,1.0280456999,0.9756591543,0.9756591543,0.9756591543,0.9756591543,0.9906104605,0.9740884577,0.8261622885,0.7044081199
2023-11-22,1.0280456999,1.0280456999,1.0280456999,1.0280456999,0.9756591543,0.9756591543,0.9756591543,0.9756591543,0.9884941613,0.9709669543,0.8189492607,0.6971989457
2023-11-23,1.0280456999,1.0280456999,1.0280456999,1.0280456999,0.9756591543,0.9756591543,0.9756591543,0.9756591543,0.9909026530,0.9745156336,0.8249189893,0.7005625713
2023-11-24,1.0280456999,1.0280456999,1.0280456999,1.0280456999,0.9756591543,0.9756591543,0.9756591543,0.9756591543,0.9898128262,0.9729079278,0.8183894291,0.6959380778
2023-11-27,1.0280456999,1.0280456999,1.0280456999,1.0280456999,0.9756591543,0.9756591543,0.9756591543,0.9756591543,0.9905133592,0.9739407809,0.8150849979,0.6908100240
2023-11-28,1.0280456999,1.0280456999,1.0280456999,1.0280456999,0.9756591543,0.9756591543,0.9756591543,0.9756591543,0.9920760255,0.9762455621,0.8180455146,0.6921043314
2023-11-29,1.0280456999,1.0280456999,1.0280456999,1.0280456999,0.9756591543,0.9756591543,0.9756591543,0.9756591543,0.9915653477,0.9754917687,0.8124876844,0.6861619261
2023-11-30,1.0280456999,1.0280456999,1.0280456999,1.0280456999,0.9756591543,0.9756591543,0.9756591543,0.9756591543,0.9912196902,0.9749816872,0.8113044125,0.6877139148
2023-12-01,1.0280456999,1.0280456999,1.0280456999,1.0280456999,0.9756591543,0.9756591543,0.9756591543,0.9756591543,0.9906223262,0.9741003201,0.8141003442,0.6850938275
2023-12-04,1.0280456999,1.0280456999,1.0280456999,1.0280456999,0.9756591543,0.9756591543,0.9756591543,0.9756591543,0.9895767565,0.9725581233,0.8131980531,0.6806207955
2023-12-05,1.0280456999,1.0280456999,1.0280456999,1.0280456999,0.9756591543,0.9756591543,0.9756591543,0.9756591543,0.9860521972,0.9673622068,0.7983917251,0.6676619851
2023-12-06,1.0280456999,1.0280456999,1.0280456999,1.0280456999,0.9756591543,0.9756591543,0.9756591543,0.9756591543,0.9863611124,0.9678167966,0.8017220362,0.6687123805
2023-12-07,1.0280456999,1.0280456999,1.0280456999,1.0280456999,0.9756591543,0.9756591543,0.9756591543,0.9756591543,0.9850246237,0.9658497540,0.8005875236,0.6670758094
2023-12-08,1.0280456999,1.0280456999,1.0280456999,1.0280456999,0.9756591543,0.9756591543,0.9756591543,0.9756591543,0.9851772679,0.9660742633,0.7968683044,0.6686848420
2023-12-11,1.0280456999,1.0280456999,1.0280456999,1.0280456999,0.9756591543,0.9756591543,0.9756591543,0.9756591543,0.9872192253,0.9690778077,0.8040290956,0.6726169401
2023-12-12,1.0280456999,1.0280456999,1.0280456999,1.0280456999,0.9756591543,0.9756591543,0.9756591543,0.9756591543,0.9877342224,0.9698361077,0.8078156004,0.6740627090
2023-12-13,1.0280456999,1.0280456999,1.0280456999,1.0280456999,0.9756591543,0.9756591543,0.9756591543,0.9756591543,0.9854203044,0.9664281244,0.7982834320,0.6628132499
2023-12-14,1.0280456999,1.0280456999,1.0280456999,1.0280456999,0.9756591543,0.9756591543,0.9756591543,0.9756591543,0.9842110098,0.9646491428,0.7967499531,0.6593414375
2023-12-15,1.0280456999,1.0280456999,1.0280456999,1.0280456999,0.9756591543,0.9756591543,0.9756591543,0.9756591543,0.9827219870,0.9624601583,0.7948163551,0.6572937566
2023-12-18,1.0280456999,1.0280456999,1.0280456999,1.0280456999,0.9756591543,0.9756591543,0.9756591543,0.9756591543,0.9814847334,0.9606425426,0.7864790480,0.6548979110
2023-12-19,1.0280456999,1.0280456999,1.0280456999,1.0280456999,0.9756591543,0.9756591543,0.9756591543,0.9756591543,0.9810977065,0.9600743302,0.7856757265,0.6558165152
2023-12-20,1.0280456999,1.0280456999,1.0280456999,1.0280456999,0.9756591543,0.9756591543,0.9756591543,0.9756591543,0.9784104192,0.9561297758,0.7764278948,0.6486289783
2023-12-21,1.0280456999,1.0280456999,1.0280456999,1.0280456999,0.9756591543,0.9756591543,0.9756591543,0.9756591543,0.9794027418,0.9575843634,0.7829025139,0.6551929659
2023-12-22,1.0280456999,1.0280456999,1.0280456999,1.0280456999,0.9756591543,0.9756591543,0.9756591543,0.9756591543,0.9758074258,0.9523115300,0.7771866517,0.6564439986
2023-12-25,1.0280456999,1.0280456999,1.0280456999,1.0280456999,0.9756591543,0.9756591543,0.9756591543,0.9756591543,0.9759107090,0.9524627245,0.7760597563,0.6584543058
2023-12-26,1.0280456999,1.0280456999,1.0280456999,1.0280456999,0.9756591543,0.9756591543,0.9756591543,0.9756591543,0.9736082574,0.9490920278,0.7686329375,0.6539970101
2023-12-27,1.0280456999,1.0280456999,1.0280456999,1.0280456999,0.9756591543,0.9756591543,0.9756591543,0.9756591543,0.9747397865,0.9507465822,0.7721052304,0.6562728668
2023-12-28,1.0280456999,1.0280456999,1.0280456999,1.0280456999,0.9756591543,0.9756591543,0.9756591543,0.9756591543,0.9753682799,0.9516661168,0.7862093417,0.6716511271
2023-12-29,1.0280456999,1.0280456999,1.0280456999,1.0280456999,0.9756591543,0.9756591543,0.9756591543,0.9756591543,0.9781208939,0.9556947020,0.7931386147,0.6749105000
2024-01-02,1.0280456999,1.0280456999,1.0280456999,1.0280456999,0.9756591543,0.9756591543,0.9756591543,0.9756591543,0.9787995616,0.9566893629,0.7911563551,0.6661060624
2024-01-03,1.0280456999,1.0280456999,1.0280456999,1.0280456999,0.9756591543,0.9756591543,0.9756591543,0.9756591543,0.9788905238,0.9568227241,0.7903835863,0.6645226012
2024-01-04,1.0280456999,1.0280456999,1.0280456999,1.0280456999,0.9756591543,0.9756591543,0.9756591543,0.9756591543,0.9781607560,0.9557527499,0.7868862099,0.6583756245
2024-01-05,1.0280456999,1.0280456999,1.0280456999,1.0280456999,0.9756591543,0.9756591543,0.9756591543,0.9756591543,0.9754405518,0.9517659166,0.7779656860,0.6548467682
2024-01-08,1.0280456999,1.0280456999,1.0280456999,1.0280456999,0.9756591543,0.9756591543,0.9756591543,0.9756591543,0.9724047371,0.9473227166,0.7653849299,0.6463786931
2024-01-09,1.0280456999,1.0280456999,1.0280456999,1.0280456999,0.9756591543,0.9756591543,0.9756591543,0.9756591543,0.9730870859,0.9483198392,0.7693561635,0.6476454621
2024-01-10,1.0280456999,1.0280456999,1.0280456999,1.0280456999,0.9756591543,0.9756591543,0.9756591543,0.9756591543,0.9707874592,0.9449581951,0.7655254918,0.6446221331
2024-01-11,1.0280456999,1.0280456999,1.0280456999,1.0280456999,0.9756591543,0.9756591543,0.9756591543,0.9756591543,0.9731905574,0.9484669353,0.7731738422,0.6482690114
2024-01-12,1.0280456999,1.0280456999,1.0280456999,1.0280456999,0.9756591543,0.9756591543,0.9756591543,0.9756591543,0.9723375365,0.9472199101,0.7700959867,0.6460069240
2024-01-15,1.0280456999,1.0280456999,1.0280456999,1.0280456999,0.9756591543,0.9756591543,0.9756591543,0.9756591543,0.9717531819,0.9463660711,0.7700341007,0.6453676384
2024-01-16,1.0280456999,1.0280456999,1.0280456999,1.0280456999,0.9756591543,0.9756591543,0.9756591543,0.9756591543,0.9712912004,0.9456912028,0.7694888693,0.6492938353
2024-01-17,1.0280456999,1.0280456999,1.0280456999,1.0280456999,0.9756591543,0.9756591543,0.9756591543,0.9756591543,0.9674607514,0.9400969662,0.7521286588,0.6351705417
2024-01-18,1.0280456999,1.0280456999,1.0280456999,1.0280456999,0.9756591543,0.9756591543,0.9756591543,0.9756591543,0.9665546886,0.9387763127,0.7526177119,0.6441500452
2024-01-19,1.0280456999,1.0280456999,1.0280456999,1.0280456999,0.9756591543,0.9756591543,0.9756591543,0.9756591543,0.9653491238,0.9370199366,0.7477652983,0.6431763641
2024-01-22,1.0280456999,1.0280456999,1.0280456999,1.0280456999,0.9756591543,0.9756591543,0.9756591543,0.9756591543,0.9570492248,0.9249354421,0.7170618596,0.6331681026
2024-01-23,1.0280456999,1.0280456999,1.0280456999,1.0280456999,0.9756591543,0.9756591543,0.9756591543,0.9756591543,0.9596474623,0.9287020225,0.7226903620,0.6357311460
2024-01-24,1.0280456999,1.0280456999,1.0280456999,1.0280456999,0.9756591543,0.9756591543,0.9756591543,0.9756591543,0.9631726602,0.9338193056,0.7355056677,0.6446181990
2024-01-25,1.0280456999,1.0280456999,1.0280456999,1.0280456999,0.9756591543,0.9756591543,0.9756591543,0.9756591543,0.9687951538,0.9419960218,0.7577178514,0.6575632401
2024-01-26,1.0280456999,1.0280456999,1.0280456999,1.0280456999,0.9756591543,0.9756591543,0.9756591543,0.9756591543,0.9696717404,0.9432745290,0.7571988277,0.6557732405
2024-01-29,1.0280456999,1.0280456999,1.0280456999,1.0280456999,0.9756591543,0.9756591543,0.9756591543,0.9756591543,0.9669976100,0.9393725295,0.7434645331,0.6498996813
2024-01-30,1.0280456999,1.0280456999,1.0280456999,1.0280456999,0.9756591543,0.9756591543,0.9756591543,0.9756591543,0.9630127663,0.9335660219,0.7256813470,0.6383099256
2024-01-31,1.0280456999,1.0280456999,1.0280456999,1.0280456999,0.9756591543,0.9756591543,0.9756591543,0.9756591543,0.9591271634,0.9279158369,0.7061812612,0.6324698061
2024-02-01,1.0280456999,1.0280456999,1.0280456999,1.0280456999,0.9756591543,0.9756591543,0.9756591543,0.9756591543,0.9564570003,0.9240409285,0.6998950378,0.6329340257
2024-02-02,1.0280456999,1.0280456999,1.0280456999,1.0280456999,0.9756591543,0.9756591543,0.9756591543,0.9756591543,0.9533945251,0.9196029050,0.6835418299,0.6254435658
2024-02-05,1.0280456999,1.0280456999,1.0280456999,1.0280456999,0.9756591543,0.9756591543,0.9756591543,0.9756591543,0.9464234263,0.9095168768,0.6597300364,0.6295330265
2024-02-06,1.0280456999,1.0280456999,1.0280456999,1.0280456999,0.9756591543,0.9756591543,0.9756591543,0.9756591543,0.9506793480,0.9156518146,0.6846201357,0.6514201975
2024-02-07,1.0280456999,1.0280456999,1.0280456999,1.0280456999,0.9756591543,0.9756591543,0.9756591543,0.9756591543,0.9528354690,0.9187668336,0.6946448532,0.6577028994
2024-02-08,1.0280456999,1.0280456999,1.0280456999,1.0280456999,0.9756591543,0.9756591543,0.9756591543,0.9756591543,0.9579031423,0.9260965515,0.7140722520,0.6618926787
2024-02-19,1.0280456999,1.0280456999,1.0280456999,1.0280456999,0.9756591543,0.9756591543,0.9756591543,0.9756591543,0.9630219818,0.9335198588,0.7264831919,0.6695405012
2024-02-20,1.0280456999,1.0280456999,1.0280456999,1.0280456999,0.9756591543,0.9756591543,0.9756591543,0.9756591543,0.9642898525,0.9353631415,0.7304375977,0.6709252921
2024-02-21,1.0280456999,1.0280456999,1.0280456999,1.0280456999,0.9756591543,0.9756591543,0.9756591543,0.9756591543,0.9653163492,0.9368566975,0.7378228760,0.6799775758
2024-02-22,1.0280456999,1.0280456999,1.0280456999,1.0280456999,0.9756591543,0.9756591543,0.9756591543,0.9756591543,0.9687704485,0.9418850947,0.7475134416,0.6858393328
2024-02-23,1.0280456999,1.0280456999,1.0280456999,1.0280456999,0.9756591543,0.9756591543,0.9756591543,0.9756591543,0.9683273400,0.9412388777,0.7547343859,0.6864432118
2024-02-26,1.0280456999,1.0280456999,1.0280456999,1.0280456999,0.9756591543,0.9756591543,0.9756591543,0.9756591543,0.9660408019,0.9379050176,0.7545363380,0.6792871474
2024-02-27,1.0280456999,1.0280456999,1.0280456999,1.0280456999,0.9756591543,0.9756591543,0.9756591543,0.9756591543,0.9673966840,0.9398796060,0.7684517392,0.6874365632
2024-02-28,1.0280456999,1.0280456999,1.0280456999,1.0280456999,0.9756591543,0.9756591543,0.9756591543,0.9756591543,0.9654758758,0.9370803482,0.7445357355,0.6786773673
2024-02-29,1.0280456999,1.0280456999,1.0280456999,1.0280456999,0.9756591543,0.9756591543,0.9756591543,0.9756591543,0.9675036634,0.9400325710,0.7642195247,0.6916243755
2024-03-01,1.0280456999,1.0280456999,1.0280456999,1.0280456999,0.9756591543,0.9756591543,0.9756591543,0.9756591543,0.9685481462,0.9415548099,0.7686746802,0.6958967701
2024-03-04,1.0280456999,1.0280456999,1.0280456999,1.0280456999,0.9756591543,0.9756591543,0.9756591543,0.9756591543,0.9708516257,0.9449137327,0.7697194010,0.6965006491
2024-03-05,1.0280456999,1.0280456999,1.0280456999,1.0280456999,0.9756591543,0.9756591543,0.9756591543,0.9756591543,0.9715321120,0.9459071917,0.7663784199,0.7013474173
2024-03-06,1.0280456999,1.0280456999,1.0280456999,1.0280456999,0.9756591543,0.9756591543,0.9756591543,0.9756591543,0.9718212298,0.9463294298,0.7681042302,0.6985030882
2024-03-07,1.0280456999,1.0280456999,1.0280456999,1.0280456999,0.9756591543,0.9756591543,0.9756591543,0.9756591543,0.9731316426,0.9482434888,0.7640628440,0.6943074078
2024-03-08,1.0280456999,1.0280456999,1.0280456999,1.0280456999,0.9756591543,0.9756591543,0.9756591543,0.9756591543,0.9740800767,0.9496297552,0.7692755649,0.6972953303
2024-03-11,1.0280456999,1.0280456999,1.0280456999,1.0280456999,0.9756591543,0.9756591543,0.9756591543,0.9756591543,0.9723968961,0.9471683584,0.7793651322,0.7060191196
2024-03-12,1.0280456999,1.0280456999,1.0280456999,1.0280456999,0.9756591543,0.9756591543,0.9756591543,0.9756591543,0.9684200698,0.9413578853,0.7827185048,0.7076379873
2024-03-13,1.0280456999,1.0280456999,1.0280456999,1.0280456999,0.9756591543,0.9756591543,0.9756591543,0.9756591543,0.9680630029,0.9408372522,0.7808187675,0.7026948346
2024-03-14,1.0280456999,1.0280456999,1.0280456999,1.0280456999,0.9756591543,0.9756591543,0.9756591543,0.9756591543,0.9686344443,0.9416703074,0.7787971994,0.7007002636
2024-03-15,1.0280456999,1.0280456999,1.0280456999,1.0280456999,0.9756591543,0.9756591543,0.9756591543,0.9756591543,0.9686223832,0.9416527195,0.7851452407,0.7022286479
2024-03-18,1.0280456999,1.0280456999,1.0280456999,1.0280456999,0.9756591543,0.9756591543,0.9756591543,0.9756591543,0.9680723307,0.9408506136,0.7939441621,0.7088260750
2024-03-19,1.0270176542,1.0270176542,1.0270176542,1.0270176542,0.9746834952,0.9746834952,0.9746834952,0.9746834952,0.9669814253,0.9395966479,0.7905452821,0.7037314607
2024-03-20,1.0308672317,1.0308672317,1.0308672317,1.0308672317,0.9784046386,0.9784046386,0.9784046386,0.9784046386,0.9697798552,0.9424161664,0.7953463951,0.7052559109
2024-03-21,1.0297772929,1.0297772929,1.0297772929,1.0297772929,0.9759485104,0.9759485104,0.9759485104,0.9759485104,0.9689882043,0.9416184648,0.7953437331,0.7044120540
2024-03-22,1.0236907086,1.0236907086,1.0236907086,1.0236907086,0.9697775603,0.9697775603,0.9697775603,0.9697775603,0.9645662938,0.9371628913,0.7869827521,0.6973130336
2024-03-25,1.0262505308,1.0262505308,1.0262505308,1.0262505308,0.9661759019,0.9661759019,0.9661759019,0.9661759019,0.9664285278,0.9390389846,0.7771461209,0.6935284630
2024-03-26,1.0231465948,1.0231465948,1.0231465948,1.0231465948,0.9648440607,0.9648440607,0.9648440607,0.9648440607,0.9641717426,0.9367652420,0.7774970897,0.6970671545
2024-03-27,1.0184780061,1.0184780061,1.0184780061,1.0184780061,0.9524149814,0.9524149814,0.9524149814,0.9524149814,0.9607749949,0.9333432669,0.7606954136,0.6890101892
2024-03-28,1.0270839980,1.0270839980,1.0270839980,1.0270839980,0.9629666129,0.9629666129,0.9629666129,0.9629666129,0.9670430398,0.9396570404,0.7710105852,0.6925842873
2024-03-29,1.0449298792,1.0449298792,1.0449298792,1.0449298792,0.9779080795,0.9779080795,0.9779080795,0.9779080795,0.9800159966,0.9527277670,0.7791800482,0.6958338251
2024-04-01,1.0544258249,1.0544258249,1.0544258249,1.0544258249,0.9891441766,0.9891441766,0.9891441766,0.9891441766,0.9868921470,0.9596591232,0.7931560176,0.7072760533
2024-04-02,1.0628606508,1.0628606508,1.0628606508,1.0628606508,0.9937732097,0.9937732097,0.9937732097,0.9937732097,0.9929873885,0.9658048806,0.7916499643,0.7043314056
2024-04-03,1.0768094230,1.0768094230,1.0768094230,1.0768094230,0.9971333652,0.9971333652,0.9971333652,0.9971333652,1.0030489298,0.9759521075,0.7893667664,0.7017978677
2024-04-08,1.0710777523,1.0710777523,1.0710777523,1.0710777523,0.9938219227,0.9938219227,0.9938219227,0.9938219227,0.9989267623,0.9717932962,0.7780576309,0.6956233526
2024-04-09,1.0668531221,1.0668531221,1.0668531221,1.0668531221,0.9931554855,0.9931554855,0.9931554855,0.9931554855,0.9958847394,0.9687246988,0.7819465001,0.6950489791
2024-04-10,1.0701025113,1.0701025113,1.0701025113,1.0701025113,0.9902584035,0.9902584035,0.9902584035,0.9902584035,0.9982266338,0.9710867852,0.7719370618,0.6893878595
2024-04-11,1.0735370993,1.0735370993,1.0735370993,1.0735370993,0.9939221271,0.9939221271,0.9939221271,0.9939221271,1.0007002912,0.9735819868,0.7741051854,0.6892954089
2024-04-12,1.0759389530,1.0759389530,1.0759389530,1.0759389530,0.9933868924,0.9933868924,0.9933868924,0.9933868924,1.0024288918,0.9753258016,0.7687406069,0.6837090365
2024-04-15,1.0904165539,1.0904165539,1.0904165539,1.0904165539,1.0036503121,1.0036503121,1.0036503121,1.0036503121,1.0128430381,0.9858322759,0.7660234270,0.6981155828
2024-04-16,1.0767638887,1.0767638887,1.0767638887,1.0767638887,0.9843151609,0.9843151609,0.9843151609,0.9843151609,1.0030520104,0.9759506966,0.7412544802,0.6906467603
2024-04-17,1.0953021802,1.0953021802,1.0953021802,1.0953021802,1.0069675437,1.0069675437,1.0069675437,1.0069675437,1.0163851923,0.9894023425,0.7651928403,0.7013257799
2024-04-18,1.1009379200,1.1009379200,1.1009379200,1.1009379200,1.0073799959,1.0073799959,1.0073799959,1.0073799959,1.0204153217,0.9934714554,0.7649003071,0.7021912742
2024-04-19,1.1032939673,1.1032939673,1.1032939673,1.1032939673,1.0080628694,1.0080628694,1.0080628694,1.0080628694,1.0221184214,0.9951880770,0.7617564182,0.6966560447
2024-04-22,1.0738373167,1.0738373167,1.0738373167,1.0738373167,0.9883599058,0.9883599058,0.9883599058,0.9883599058,1.0008353045,0.9737347196,0.7564916523,0.6945395177
2024-04-23,1.0565822323,1.0565822323,1.0565822323,1.0565822323,0.9742733505,0.9742733505,0.9742733505,0.9742733505,0.9882928334,0.9611014072,0.7518717778,0.6896848814
2024-04-24,1.0676236788,1.0676236788,1.0676236788,1.0676236788,0.9845099917,0.9845099917,0.9845099917,0.9845099917,0.9963475489,0.9692108285,0.7594433645,0.6927141115
2024-04-25,1.0724474522,1.0724474522,1.0724474522,1.0724474522,0.9868175724,0.9868175724,0.9868175724,0.9868175724,0.9998584731,0.9727466062,0.7605405427,0.6944175617
2024-04-26,1.0835473988,1.0835473988,1.0835473988,1.0835473988,0.9974947530,0.9974947530,0.9974947530,0.9974947530,1.0079294350,0.9808757082,0.7716709887,0.7050375703
2024-04-29,1.0865146153,1.0865146153,1.0865146153,1.0865146153,1.0028906279,1.0028906279,1.0028906279,1.0028906279,1.0100820846,0.9830444771,0.7857824715,0.7128348873
2024-04-30,1.0859047842,1.0859047842,1.0859047842,1.0859047842,1.0047680113,1.0047680113,1.0047680113,1.0047680113,1.0096399317,0.9825989798,0.7807275017,0.7089952398
2024-05-06,1.0903646430,1.0903646430,1.0903646430,1.0903646430,1.0150270333,1.0150270333,1.0150270333,1.0150270333,1.0128739150,0.9858573742,0.7937537571,0.7195168968
2024-05-07,1.0919806809,1.0919806809,1.0919806809,1.0919806809,1.0136714073,1.0136714073,1.0136714073,1.0136714073,1.0140446998,0.9870371293,0.7955693662,0.7197391715
2024-05-08,1.0915037920,1.0915037920,1.0915037920,1.0915037920,1.0102673022,1.0102673022,1.0102673022,1.0102673022,1.0136993165,0.9866890856,0.7872334880,0.7140760848
2024-05-09,1.0978350045,1.0978350045,1.0978350045,1.0978350045,1.0178740218,1.0178740218,1.0178740218,1.0178740218,1.0182850910,0.9913101280,0.7968875043,0.7208308745
2024-05-10,1.1015104930,1.1015104930,1.1015104930,1.1015104930,1.0211813286,1.0211813286,1.0211813286,1.0211813286,1.0209439130,0.9939898239,0.7955882307,0.7211692041
2024-05-13,1.0955389476,1.0955389476,1.0955389476,1.0955389476,1.0201617700,1.0201617700,1.0201617700,1.0201617700,1.0166273123,0.9896389347,0.7907662230,0.7208564460
2024-05-14,1.0915215530,1.0915215530,1.0915215530,1.0915215530,1.0165679293,1.0165679293,1.0165679293,1.0165679293,1.0137198082,0.9867087741,0.7930478065,0.7193536331
2024-05-15,1.0872150020,1.0872150020,1.0872150020,1.0872150020,1.0093072002,1.0093072002,1.0093072002,1.0093072002,1.0106005085,0.9835654856,0.7877950528,0.7132577993
2024-05-16,1.0890654995,1.0890654995,1.0890654995,1.0890654995,1.0072152344,1.0072152344,1.0072152344,1.0072152344,1.0119420202,0.9849171670,0.7900564858,0.7160706558
2024-05-17,1.1006159252,1.1006159252,1.1006159252,1.1006159252,1.0142758183,1.0142758183,1.0142758183,1.0142758183,1.0203123296,0.9933513239,0.7997068111,0.7234686652
2024-05-20,1.1207481806,1.1207481806,1.1207481806,1.1207481806,1.0258162146,1.0258162146,1.0258162146,1.0258162146,1.0348679818,1.0080222489,0.8035796283,0.7260238404
2024-05-21,1.1118404616,1.1118404616,1.1118404616,1.1118404616,1.0188001954,1.0188001954,1.0188001954,1.0188001954,1.0283479162,1.0014636773,0.7979820795,0.7231126323
2024-05-22,1.1067044664,1.1067044664,1.1067044664,1.1067044664,1.0153569996,1.0153569996,1.0153569996,1.0153569996,1.0241660033,0.9973219002,0.7983668402,0.7247433023
2024-05-23,1.0864724559,1.0864724559,1.0864724559,1.0864724559,0.9974198237,0.9974198237,0.9974198237,0.9974198237,1.0076832211,0.9809984436,0.7840521869,0.7163519415
2024-05-24,1.0798179011,1.0798179011,1.0798179011,1.0798179011,0.9892298568,0.9892298568,0.9892298568,0.9892298568,1.0022497532,0.9756189920,0.7765960708,0.7084228333
2024-05-27,1.0925083039,1.0925083039,1.0925083039,1.0925083039,0.9983781909,0.9983781909,0.9983781909,0.9983781909,1.0126191533,0.9858843601,0.7827573852,0.7151559857
2024-05-28,1.0814852136,1.0814852136,1.0814852136,1.0814852136,0.9878987353,0.9878987353,0.9878987353,0.9878987353,1.0036246426,0.9769785385,0.7749181331,0.7099354813
2024-05-29,1.0885887133,1.0885887133,1.0885887133,1.0885887133,0.9918954272,0.9918954272,0.9918954272,0.9918954272,1.0094279541,0.9827237523,0.7762393192,0.7107911405
2024-05-30,1.0802331874,1.0802331874,1.0802331874,1.0802331874,0.9876719882,0.9876719882,0.9876719882,0.9876719882,1.0026071107,0.9759705337,0.7703268146,0.7070124710
2024-05-31,1.0786390556,1.0786390556,1.0786390556,1.0786390556,0.9884865792,0.9884865792,0.9884865792,0.9884865792,1.0013045731,0.9746810591,0.7703605849,0.7041819112
2024-06-03,1.0698494276,1.0698494276,1.0698494276,1.0698494276,0.9776053634,0.9776053634,0.9776053634,0.9776053634,0.9941214495,0.9675701312,0.7634932516,0.7059188009
2024-06-04,1.0717001402,1.0717001402,1.0717001402,1.0717001402,0.9785330958,0.9785330958,0.9785330958,0.9785330958,0.9956353891,0.9690686706,0.7668361919,0.7112140525
2024-06-05,1.0550452397,1.0550452397,1.0550452397,1.0550452397,0.9652024777,0.9652024777,0.9652024777,0.9652024777,0.9820139854,0.9555854792,0.7567176656,0.7071068885
2024-06-06,1.0475094903,1.0475094903,1.0475094903,1.0475094903,0.9504311252,0.9504311252,0.9504311252,0.9504311252,0.9758391438,0.9494747322,0.7448891292,0.7066072623
2024-06-07,1.0497339036,1.0497339036,1.0497339036,1.0497339036,0.9563421379,0.9563421379,0.9563421379,0.9563421379,0.9776634113,0.9512798698,0.7491546386,0.7030390653
2024-06-11,1.0456800466,1.0456800466,1.0456800466,1.0456800466,0.9545193903,0.9545193903,0.9545193903,0.9545193903,0.9743396384,0.9479908469,0.7462918779,0.6968960227
2024-06-12,1.0530669967,1.0530669967,1.0530669967,1.0530669967,0.9610764423,0.9610764423,0.9610764423,0.9610764423,0.9803990367,0.9539865468,0.7506408170,0.6971399347
2024-06-13,1.0443768859,1.0443768859,1.0443768859,1.0443768859,0.9543501465,0.9543501465,0.9543501465,0.9543501465,0.9732766595,0.9469383024,0.7437508698,0.6936012432
2024-06-14,1.0462403670,1.0462403670,1.0462403670,1.0462403670,0.9542854281,0.9542854281,0.9542854281,0.9542854281,0.9748054812,0.9484510233,0.7461361709,0.6966304733
2024-06-17,1.0417889461,1.0417889461,1.0417889461,1.0417889461,0.9498065152,0.9498065152,0.9498065152,0.9498065152,0.9711542617,0.9448381603,0.7410844014,0.6955820449
2024-06-18,1.0535622485,1.0535622485,1.0535622485,1.0535622485,0.9592871105,0.9592871105,0.9592871105,0.9592871105,0.9808160954,0.9543978847,0.7460928191,0.6974290885
2024-06-19,1.0429772859,1.0429772859,1.0429772859,1.0429772859,0.9496573030,0.9496573030,0.9496573030,0.9496573030,0.9723822112,0.9460183754,0.7405434397,0.6941166057
2024-06-20,1.0411873985,1.0411873985,1.0411873985,1.0411873985,0.9476170795,0.9476170795,0.9476170795,0.9476170795,0.9716059884,0.9451546585,0.7299185901,0.6891065738
2024-06-21,1.0380276194,1.0380276194,1.0380276194,1.0380276194,0.9446061472,0.9446061472,0.9446061472,0.9446061472,0.9702344230,0.9436286687,0.7289205171,0.6875998269
2024-06-24,1.0294383866,1.0294383866,1.0294383866,1.0294383866,0.9347964609,0.9347964609,0.9347964609,0.9347964609,0.9665000243,0.9394746587,0.7137168653,0.6838998387
2024-06-25,1.0292353668,1.0292353668,1.0292353668,1.0292353668,0.9355273622,0.9355273622,0.9355273622,0.9355273622,0.9664113621,0.9393760888,0.7125505157,0.6801801802
2024-06-26,1.0297901589,1.0297901589,1.0297901589,1.0297901589,0.9380943754,0.9380943754,0.9380943754,0.9380943754,0.9666536748,0.9396454754,0.7230207962,0.6845784649
2024-06-27,1.0225189969,1.0225189969,1.0225189969,1.0225189969,0.9280357749,0.9280357749,0.9280357749,0.9280357749,0.9634788152,0.9361157571,0.7119280588,0.6794366419
2024-06-28,1.0275738526,1.0275738526,1.0275738526,1.0275738526,0.9372439086,0.9372439086,0.9372439086,0.9372439086,0.9656943475,0.9385777561,0.7143653722,0.6809197844
2024-07-01,1.0458326588,1.0458326588,1.0458326588,1.0458326588,0.9537277729,0.9537277729,0.9537277729,0.9537277729,0.9736760871,0.9474503487,0.7227756156,0.6841693222
2024-07-02,1.0445739748,1.0445739748,1.0445739748,1.0445739748,0.9518233105,0.9518233105,0.9518233105,0.9518233105,0.9731309979,0.9468437074,0.7206717717,0.6829123884
2024-07-03,1.0359595834,1.0359595834,1.0359595834,1.0359595834,0.9452252380,0.9452252380,0.9452252380,0.9452252380,0.9693980216,0.9426895338,0.7176180456,0.6812640151
2024-07-04,1.0309407583,1.0309407583,1.0309407583,1.0309407583,0.9397655727,0.9397655727,0.9397655727,0.9397655727,0.9672134820,0.9402598549,0.7058270020,0.6778020378
2024-07-05,1.0249809419,1.0249809419,1.0249809419,1.0249809419,0.9387180363,0.9387180363,0.9387180363,0.9387180363,0.9646126037,0.9373680566,0.7087168187,0.6749006649
2024-07-08,1.0204010182,1.0204010182,1.0204010182,1.0204010182,0.9320563010,0.9320563010,0.9320563010,0.9320563010,0.9626076981,0.9351397571,0.6962198813,0.6691372595
2024-07-09,1.0223383602,1.0223383602,1.0223383602,1.0223383602,0.9373048780,0.9373048780,0.9373048780,0.9373048780,0.9634578241,0.9360843244,0.7040192374,0.6766218183
2024-07-10,1.0081127651,1.0081127651,1.0081127651,1.0081127651,0.9239484605,0.9239484605,0.9239484605,0.9239484605,0.9572218109,0.9291546679,0.6986690684,0.6744895551
2024-07-11,1.0137455458,1.0137455458,1.0137455458,1.0137455458,0.9347774907,0.9347774907,0.9347774907,0.9347774907,0.9597096646,0.9319166616,0.7129048953,0.6822003226
2024-07-12,1.0098120916,1.0098120916,1.0098120916,1.0098120916,0.9291561431,0.9291561431,0.9291561431,0.9291561431,0.9579775224,0.9299929358,0.7116978867,0.6830323774
2024-07-15,1.0173307836,1.0173307836,1.0173307836,1.0173307836,0.9348812116,0.9348812116,0.9348812116,0.9348812116,0.9612953635,0.9336767891,0.7076802422,0.6837896849
2024-07-16,1.0165956865,1.0165956865,1.0165956865,1.0165956865,0.9353626260,0.9353626260,0.9353626260,0.9353626260,0.9609722628,0.9333178672,0.7081119044,0.6881230576
2024-07-17,1.0082792400,1.0082792400,1.0082792400,1.0082792400,0.9244945436,0.9244945436,0.9244945436,0.9244945436,0.9572754533,0.9291984106,0.7055360860,0.6887721783
2024-07-18,1.0082792400,1.0082792400,1.0082792400,1.0082792400,0.9244945436,0.9244945436,0.9244945436,0.9244945436,0.9576793181,0.9297864397,0.7084522811,0.6925783862
2024-07-19,1.0082792400,1.0082792400,1.0082792400,1.0082792400,0.9244945436,0.9244945436,0.9244945436,0.9244945436,0.9579225972,0.9301407299,0.7084415561,0.6961367481
2024-07-22,1.0082792400,1.0082792400,1.0082792400,1.0082792400,0.9244945436,0.9244945436,0.9244945436,0.9244945436,0.9570998213,0.9289423596,0.7058637937,0.6913961997
2024-07-23,1.0082792400,1.0082792400,1.0082792400,1.0082792400,0.9244945436,0.9244945436,0.9244945436,0.9244945436,0.9547720893,0.9255534829,0.6905701191,0.6766355876
2024-07-24,1.0082792400,1.0082792400,1.0082792400,1.0082792400,0.9244945436,0.9244945436,0.9244945436,0.9244945436,0.9544216679,0.9250439365,0.6830217869,0.6723651599
2024-07-25,1.0082792400,1.0082792400,1.0082792400,1.0082792400,0.9244945436,0.9244945436,0.9244945436,0.9244945436,0.9529463559,0.9228990851,0.6830547740,0.6686474684
2024-07-26,1.0082792400,1.0082792400,1.0082792400,1.0082792400,0.9244945436,0.9244945436,0.9244945436,0.9244945436,0.9529978247,0.9229738541,0.6910403904,0.6706184350
2024-07-29,1.0082792400,1.0082792400,1.0082792400,1.0082792400,0.9244945436,0.9244945436,0.9244945436,0.9244945436,0.9539425833,0.9243463454,0.6894442748,0.6669695897
2024-07-30,1.0082792400,1.0082792400,1.0082792400,1.0082792400,0.9244945436,0.9244945436,0.9244945436,0.9244945436,0.9536566610,0.9239307681,0.6892820093,0.6627680082
2024-07-31,1.0082792400,1.0082792400,1.0082792400,1.0082792400,0.9244945436,0.9244945436,0.9244945436,0.9244945436,0.9559627679,0.9272821049,0.7099769835,0.6770683347
2024-08-01,1.0082792400,1.0082792400,1.0082792400,1.0082792400,0.9244945436,0.9244945436,0.9244945436,0.9244945436,0.9563429825,0.9278353162,0.7061028859,0.6725815335
2024-08-02,1.0082792400,1.0082792400,1.0082792400,1.0082792400,0.9244945436,0.9244945436,0.9244945436,0.9244945436,0.9534524471,0.9236287591,0.6994272746,0.6657205240
2024-08-05,1.0082792400,1.0082792400,1.0082792400,1.0082792400,0.9244945436,0.9244945436,0.9244945436,0.9244945436,0.9486839657,0.9166997719,0.6885175752,0.6576419214
2024-08-06,1.0082792400,1.0082792400,1.0082792400,1.0082792400,0.9244945436,0.9244945436,0.9244945436,0.9244945436,0.9491045113,0.9173093227,0.6954381999,0.6575750423
2024-08-07,1.0082792400,1.0082792400,1.0082792400,1.0082792400,0.9244945436,0.9244945436,0.9244945436,0.9244945436,0.9496590725,0.9181132977,0.6952019689,0.6572819544
2024-08-08,1.0082792400,1.0082792400,1.0082792400,1.0082792400,0.9244945436,0.9244945436,0.9244945436,0.9244945436,0.9491016131,0.9173048850,0.6957179083,0.6575671742
2024-08-09,1.0082792400,1.0082792400,1.0082792400,1.0082792400,0.9244945436,0.9244945436,0.9244945436,0.9244945436,0.9487297102,0.9167657200,0.6915014698,0.6553424604
2024-08-12,1.0082792400,1.0082792400,1.0082792400,1.0082792400,0.9244945436,0.9244945436,0.9244945436,0.9244945436,0.9477499692,0.9153456217,0.6878114242,0.6542074826
2024-08-13,1.0082792400,1.0082792400,1.0082792400,1.0082792400,0.9244945436,0.9244945436,0.9244945436,0.9244945436,0.9488046163,0.9168735034,0.6903592347,0.6558853613
2024-08-14,1.0082792400,1.0082792400,1.0082792400,1.0082792400,0.9244945436,0.9244945436,0.9244945436,0.9244945436,0.9483612250,0.9162308207,0.6845635909,0.6509382745
2024-08-15,1.0082792400,1.0082792400,1.0082792400,1.0082792400,0.9244945436,0.9244945436,0.9244945436,0.9244945436,0.9498877260,0.9184429956,0.6903998691,0.6573724379
2024-08-16,1.0082792400,1.0082792400,1.0082792400,1.0082792400,0.9244945436,0.9244945436,0.9244945436,0.9244945436,0.9494211123,0.9177662448,0.6868697998,0.6580963059
2024-08-19,1.0082792400,1.0082792400,1.0082792400,1.0082792400,0.9244945436,0.9244945436,0.9244945436,0.9244945436,0.9500843670,0.9187279563,0.6877532108,0.6603269208
2024-08-20,1.0082792400,1.0082792400,1.0082792400,1.0082792400,0.9244945436,0.9244945436,0.9244945436,0.9244945436,0.9482814784,0.9161128767,0.6777751696,0.6555529328
2024-08-21,1.0082792400,1.0082792400,1.0082792400,1.0082792400,0.9244945436,0.9244945436,0.9244945436,0.9244945436,0.9475297555,0.9150235436,0.6749295968,0.6533773949
2024-08-22,1.0082792400,1.0082792400,1.0082792400,1.0082792400,0.9244945436,0.9244945436,0.9244945436,0.9244945436,0.9473426472,0.9147525095,0.6681291563,0.6517054172
2024-08-23,1.0082792400,1.0082792400,1.0082792400,1.0082792400,0.9244945436,0.9244945436,0.9244945436,0.9244945436,0.9469547041,0.9141906136,0.6687716680,0.6544690979
2024-08-26,1.0082792400,1.0082792400,1.0082792400,1.0082792400,0.9244945436,0.9244945436,0.9244945436,0.9244945436,0.9468212329,0.9139973340,0.6710093633,0.6538848893
2024-08-27,1.0082792400,1.0082792400,1.0082792400,1.0082792400,0.9244945436,0.9244945436,0.9244945436,0.9244945436,0.9448683449,0.9111695545,0.6648832212,0.6501691648
2024-08-28,1.0082792400,1.0082792400,1.0082792400,1.0082792400,0.9244945436,0.9244945436,0.9244945436,0.9244945436,0.9449939872,0.9113512964,0.6645403847,0.6464652425
2024-08-29,1.0082792400,1.0082792400,1.0082792400,1.0082792400,0.9244945436,0.9244945436,0.9244945436,0.9244945436,0.9444879293,0.9106192338,0.6683547677,0.6447303198
2024-08-30,1.0082792400,1.0082792400,1.0082792400,1.0082792400,0.9244945436,0.9244945436,0.9244945436,0.9244945436,0.9458345236,0.9125666932,0.6794815726,0.6533360872
2024-09-02,1.0082792400,1.0082792400,1.0082792400,1.0082792400,0.9244945436,0.9244945436,0.9244945436,0.9244945436,0.9434743761,0.9091509922,0.6682654378,0.6422380896
2024-09-03,1.0082792400,1.0082792400,1.0082792400,1.0082792400,0.9244945436,0.9244945436,0.9244945436,0.9244945436,0.9430665328,0.9085614831,0.6720872911,0.6438943310
2024-09-04,1.0082792400,1.0082792400,1.0082792400,1.0082792400,0.9244945436,0.9244945436,0.9244945436,0.9244945436,0.9421984584,0.9073070133,0.6672267730,0.6397104528
2024-09-05,1.0082792400,1.0082792400,1.0082792400,1.0082792400,0.9244945436,0.9244945436,0.9244945436,0.9244945436,0.9424710040,0.9077006924,0.6710800029,0.6408119910
2024-09-06,1.0082792400,1.0082792400,1.0082792400,1.0082792400,0.9244945436,0.9244945436,0.9244945436,0.9244945436,0.9406119716,0.9050150210,0.6624747763,0.6356170581
2024-09-09,1.0082792400,1.0082792400,1.0082792400,1.0082792400,0.9244945436,0.9244945436,0.9244945436,0.9244945436,0.9387963120,0.9023946006,0.6569536250,0.6280636532
2024-09-10,1.0082792400,1.0082792400,1.0082792400,1.0082792400,0.9244945436,0.9244945436,0.9244945436,0.9244945436,0.9392796475,0.9030914918,0.6576679328,0.6286163893
2024-09-11,1.0082792400,1.0082792400,1.0082792400,1.0082792400,0.9244945436,0.9244945436,0.9244945436,0.9244945436,0.9361014460,0.8985085263,0.6551629185,0.6267221370
2024-09-12,1.0082792400,1.0082792400,1.0082792400,1.0082792400,0.9244945436,0.9244945436,0.9244945436,0.9244945436,0.9362109104,0.8986661290,0.6533175981,0.6240351705
2024-09-13,1.0082792400,1.0082792400,1.0082792400,1.0082792400,0.9244945436,0.9244945436,0.9244945436,0.9244945436,0.9362482449,0.8987198849,0.6490594653,0.6214347535
2024-09-18,1.0082792400,1.0082792400,1.0082792400,1.0082792400,0.9244945436,0.9244945436,0.9244945436,0.9244945436,0.9377214976,0.9008411836,0.6493965087,0.6237479838
2024-09-19,1.0082792400,1.0082792400,1.0082792400,1.0082792400,0.9244945436,0.9244945436,0.9244945436,0.9244945436,0.9396725586,0.9036526731,0.6600362498,0.6286714662
2024-09-20,1.0082792400,1.0082792400,1.0082792400,1.0082792400,0.9244945436,0.9244945436,0.9244945436,0.9244945436,0.9401532016,0.9043460014,0.6591777813,0.6296569495
2024-09-23,1.0082792400,1.0082792400,1.0082792400,1.0082792400,0.9244945436,0.9244945436,0.9244945436,0.9244945436,0.9417889302,0.9067061454,0.6612606138,0.6319603446
2024-09-24,1.0082792400,1.0082792400,1.0082792400,1.0082792400,0.9244945436,0.9244945436,0.9244945436,0.9244945436,0.9492070747,0.9174188597,0.6878137895,0.6593316023
2024-09-25,1.0082792400,1.0082792400,1.0082792400,1.0082792400,0.9244945436,0.9244945436,0.9244945436,0.9244945436,0.9527253260,0.9225195014,0.6970436538,0.6690920178
2024-09-26,1.0082792400,1.0082792400,1.0082792400,1.0082792400,0.9244945436,0.9244945436,0.9244945436,0.9244945436,0.9602906705,0.9335077332,0.7267268975,0.6973759786
2024-09-27,1.0082792400,1.0082792400,1.0082792400,1.0082792400,0.9244945436,0.9244945436,0.9244945436,0.9244945436,0.9653530253,0.9408894784,0.7599252260,0.7285259058
2024-09-30,1.0082792400,1.0082792400,1.0082792400,1.0082792400,0.9244945436,0.9244945436,0.9244945436,0.9244945436,0.9803452952,0.9628079920,0.8314825645,0.7903241670
2024-10-08,1.0082792400,1.0082792400,1.0082792400,1.0082792400,0.9244945436,0.9244945436,0.9244945436,0.9244945436,0.9909266221,0.9783960500,0.8797936109,0.8371887171
2024-10-09,1.0082792400,1.0082792400,1.0082792400,1.0082792400,0.9244945436,0.9244945436,0.9244945436,0.9244945436,0.9777831848,0.9589301982,0.8091658397,0.7781541367
2024-10-10,1.0082792400,1.0082792400,1.0082792400,1.0082792400,0.9244945436,0.9244945436,0.9244945436,0.9244945436,0.9794924735,0.9614446951,0.8158505198,0.7863782997
2024-10-11,1.0082792400,1.0082792400,1.0082792400,1.0082792400,0.9244945436,0.9244945436,0.9244945436,0.9244945436,0.9762332101,0.9566458811,0.7907614009,0.7646189858
2024-10-14,1.0082792400,1.0082792400,1.0082792400,1.0082792400,0.9244945436,0.9244945436,0.9244945436,0.9244945436,0.9804693842,0.9628726491,0.8103050220,0.7792084661
2024-10-15,1.0082792400,1.0082792400,1.0082792400,1.0082792400,0.9244945436,0.9244945436,0.9244945436,0.9244945436,0.9751665610,0.9550611711,0.7931542725,0.7584857784
2024-10-16,1.0082792400,1.0082792400,1.0082792400,1.0082792400,0.9244945436,0.9244945436,0.9244945436,0.9244945436,0.9758183075,0.9560186348,0.7943781205,0.7536862190
2024-10-17,1.0082792400,1.0082792400,1.0082792400,1.0082792400,0.9244945436,0.9244945436,0.9244945436,0.9244945436,0.9734720042,0.9525705907,0.7862050459,0.7451551989
2024-10-18,1.0072709608,1.0072709608,1.0072709608,1.0072709608,0.9235700491,0.9235700491,0.9235700491,0.9235700491,0.9771688722,0.9584291200,0.8093746569,0.7721055116
2024-10-21,1.0168447757,1.0168447757,1.0168447757,1.0168447757,0.9348189068,0.9348189068,0.9348189068,0.9348189068,0.9857733475,0.9669523477,0.8175924265,0.7740666431
2024-10-22,1.0252425485,1.0252425485,1.0252425485,1.0252425485,0.9457931548,0.9457931548,0.9457931548,0.9457931548,0.9933156264,0.9744240562,0.8264546181,0.7785082025
2024-10-23,1.0302071392,1.0302071392,1.0302071392,1.0302071392,0.9481060207,0.9481060207,0.9481060207,0.9481060207,0.9977717799,0.9788388477,0.8294516088,0.7815433337
2024-10-24,1.0216217672,1.0216217672,1.0216217672,1.0216217672,0.9409374287,0.9409374287,0.9409374287,0.9409374287,0.9900683909,0.9712066232,0.8236451120,0.7728136433
2024-10-25,1.0451637702,1.0451637702,1.0451637702,1.0451637702,0.9591223475,0.9591223475,0.9591223475,0.9591223475,1.0112049614,0.9921463152,0.8356101938,0.7782406861
2024-10-28,1.0668261273,1.0668261273,1.0668261273,1.0668261273,0.9812781978,0.9812781978,0.9812781978,0.9812781978,1.0306217144,1.0113862000,0.8517710609,0.7797631693
2024-10-29,1.0593532512,1.0593532512,1.0593532512,1.0593532512,0.9749762548,0.9749762548,0.9749762548,0.9749762548,1.0239335109,1.0047576805,0.8395641668,0.7719914237
2024-10-30,1.0618265398,1.0618265398,1.0618265398,1.0618265398,0.9766116122,0.9766116122,0.9766116122,0.9766116122,1.0261482461,1.0069525096,0.8399595633,0.7650674692
2024-10-31,1.0728220446,1.0728220446,1.0728220446,1.0728220446,0.9839387796,0.9839387796,0.9839387796,0.9839387796,1.0359926122,1.0167086033,0.8459372560,0.7653802274
2024-11-01,1.0452660560,1.0452660560,1.0452660560,1.0452660560,0.9642754267,0.9642754267,0.9642754267,0.9642754267,1.0113401093,0.9922748499,0.8356932345,0.7651795901
2024-11-04,1.0628744633,1.0628744633,1.0628744633,1.0628744633,0.9776760865,0.9776760865,0.9776760865,0.9776760865,1.0271237255,1.0079146282,0.8457905161,0.7759471262
2024-11-05,1.0999931207,1.0999931207,1.0999931207,1.0999931207,1.0071128817,1.0071128817,1.0071128817,1.0071128817,1.0603551610,1.0408482441,0.8678313690,0.7955800779
2024-11-06,1.1003403727,1.1003403727,1.1003403727,1.1003403727,1.0069341600,1.0069341600,1.0069341600,1.0069341600,1.0606652756,1.0411556751,0.8710650361,0.7915889689
2024-11-07,1.1437180903,1.1437180903,1.1437180903,1.1437180903,1.0434206370,1.0434206370,1.0434206370,1.0434206370,1.0994029953,1.0795582814,0.8938013075,0.8154726779
2024-11-08,1.1356248538,1.1356248538,1.1356248538,1.1356248538,1.0392172162,1.0392172162,1.0392172162,1.0392172162,1.0921956354,1.0724107724,0.8886627761,0.8072799874
2024-11-11,1.1545299817,1.1545299817,1.1545299817,1.1545299817,1.0511260082,1.0511260082,1.0511260082,1.0511260082,1.1090402555,1.0891144185,0.8959460230,0.8126067115
2024-11-12,1.1404799061,1.1404799061,1.1404799061,1.1404799061,1.0438412310,1.0438412310,1.0438412310,1.0438412310,1.0965366056,1.0767135434,0.8867933032,0.8036783508
2024-11-13,1.1414687202,1.1414687202,1.1414687202,1.1414687202,1.0442259804,1.0442259804,1.0442259804,1.0442259804,1.0974173830,1.0775869823,0.8884754960,0.8086254377
2024-11-14,1.1175553089,1.1175553089,1.1175553089,1.1175553089,1.0225128334,1.0225128334,1.0225128334,1.0225128334,1.0761180792,1.0564649727,0.8682156830,0.7946063968
2024-11-15,1.0829634847,1.0829634847,1.0829634847,1.0829634847,0.9968879563,0.9968879563,0.9968879563,0.9968879563,1.0451827950,1.0258033323,0.8527710713,0.7806817735
2024-11-18,1.0569451286,1.0569451286,1.0569451286,1.0569451286,0.9729765804,0.9729765804,0.9729765804,0.9729765804,1.0201492364,1.0012244782,0.8437003895,0.7770525984
2024-11-19,1.0723800001,1.0723800001,1.0723800001,1.0723800001,0.9901486817,0.9901486817,0.9901486817,0.9901486817,1.0350010191,1.0158063583,0.8545382151,0.7822672017
2024-11-20,1.0939801099,1.0939801099,1.0939801099,1.0939801099,1.0097274687,1.0097274687,1.0097274687,1.0097274687,1.0557842149,1.0362119722,0.8656920596,0.7840139266
2024-11-21,1.0997868417,1.0997868417,1.0997868417,1.0997868417,1.0132838631,1.0132838631,1.0132838631,1.0132838631,1.0613709979,1.0416972982,0.8664700890,0.7847082891
2024-11-22,1.0668669913,1.0668669913,1.0668669913,1.0668669913,0.9830986904,0.9830986904,0.9830986904,0.9830986904,1.0296986070,1.0106000214,0.8397921996,0.7603957669
2024-11-25,1.0674725820,1.0674725820,1.0674725820,1.0674725820,0.9875164949,0.9875164949,0.9875164949,0.9875164949,1.0302813047,1.0111721316,0.8426771337,0.7569318227
2024-11-26,1.0610486058,1.0610486058,1.0610486058,1.0610486058,0.9801394412,0.9801394412,0.9801394412,0.9801394412,1.0241001828,1.0051033185,0.8379059700,0.7553758999
2024-11-27,1.0890640145,1.0890640145,1.0890640145,1.0890640145,1.0028437301,1.0028437301,1.0028437301,1.0028437301,1.0510569884,1.0315702672,0.8519069854,0.7685274794
2024-11-28,1.0892725534,1.0892725534,1.0892725534,1.0892725534,1.0040974818,1.0040974818,1.0040974818,1.0040974818,1.0512576315,1.0317672662,0.8503489582,0.7617431842
2024-11-29,1.1125065474,1.1125065474,1.1125065474,1.1125065474,1.0229174354,1.0229174354,1.0229174354,1.0229174354,1.0736119159,1.0537155488,0.8611451746,0.7704040285
2024-12-02,1.1360831820,1.1360831820,1.1360831820,1.1360831820,1.0478556593,1.0478556593,1.0478556593,1.0478556593,1.0962944127,1.0759862613,0.8768477355,0.7765116645
2024-12-03,1.1353167218,1.1353167218,1.1353167218,1.1353167218,1.0473069225,1.0473069225,1.0473069225,1.0473069225,1.0955570674,1.0752622962,0.8782280768,0.7773496204
2024-12-04,1.1146146247,1.1146146247,1.1146146247,1.1146146247,1.0307851494,1.0307851494,1.0307851494,1.0307851494,1.0756413199,1.0557079540,0.8692755341,0.7731539400
2024-12-05,1.1335923253,1.1335923253,1.1335923253,1.1335923253,1.0448290497,1.0448290497,1.0448290497,1.0448290497,1.0938992117,1.0736343974,0.8739299473,0.7713895118
2024-12-06,1.1511412936,1.1511412936,1.1511412936,1.1511412936,1.0593562371,1.0593562371,1.0593562371,1.0593562371,1.1107816939,1.0902105064,0.8846632573,0.7815295645
2024-12-09,1.1361797185,1.1361797185,1.1361797185,1.1361797185,1.0451342135,1.0451342135,1.0451342135,1.0451342135,1.0963890131,1.0760789326,0.8808751181,0.7802372241
2024-12-10,1.1520772264,1.1520772264,1.1520772264,1.1520772264,1.0568055175,1.0568055175,1.0568055175,1.0568055175,1.1116826576,1.0910950492,0.8869857830,0.7859553877
2024-12-11,1.1659486261,1.1659486261,1.1659486261,1.1659486261,1.0712008642,1.0712008642,1.0712008642,1.0712008642,1.1250265897,1.1041969035,0.8969573125,0.7846158385
2024-12-12,1.1843131281,1.1843131281,1.1843131281,1.1843131281,1.0881213761,1.0881213761,1.0881213761,1.0881213761,1.1426921260,1.1215420412,0.9071844101,0.7924190566
2024-12-13,1.1612573382,1.1612573382,1.1612573382,1.1612573382,1.0712920383,1.0712920383,1.0712920383,1.0712920383,1.1205125394,1.0997648865,0.8897707008,0.7736693025
2024-12-16,1.1507937404,1.1507937404,1.1507937404,1.1507937404,1.0639718372,1.0639718372,1.0639718372,1.0639718372,1.1104261939,1.0898640606,0.8857349345,0.7694716551
2024-12-17,1.1224869885,1.1224869885,1.1224869885,1.1224869885,1.0384085260,1.0384085260,1.0384085260,1.0384085260,1.0831397589,1.0630795395,0.8689673033,0.7714760612
2024-12-18,1.1243136670,1.1243136670,1.1243136670,1.1243136670,1.0425746063,1.0425746063,1.0425746063,1.0425746063,1.0849006392,1.0648080242,0.8724987469,0.7753825878
2024-12-19,1.1262222197,1.1262222197,1.1262222197,1.1262222197,1.0434146346,1.0434146346,1.0434146346,1.0434146346,1.0867404417,1.0666139795,0.8703476110,0.7760848184
2024-12-20,1.1307090997,1.1307090997,1.1307090997,1.1307090997,1.0495104427,1.0495104427,1.0495104427,1.0495104427,1.0910656870,1.0708596535,0.8707791123,0.7725992368
2024-12-23,1.0958969546,1.0958969546,1.0958969546,1.0958969546,1.0184328958,1.0184328958,1.0184328958,1.0184328958,1.0575077426,1.0379190568,0.8527242359,0.7737460168
2024-12-24,1.1090785582,1.1090785582,1.1090785582,1.1090785582,1.0312835683,1.0312835683,1.0312835683,1.0312835683,1.0702148482,1.0503923469,0.8616644469,0.7836047838
2024-12-25,1.0948740388,1.0948740388,1.0948740388,1.0948740388,1.0195743221,1.0195743221,1.0195743221,1.0195743221,1.0565218119,1.0369512475,0.8538118088,0.7839863881
2024-12-26,1.1075500899,1.1075500899,1.1075500899,1.1075500899,1.0321962243,1.0321962243,1.0321962243,1.0321962243,1.0687415766,1.0489461624,0.8580893282,0.7843502892
2024-12-27,1.1123267024,1.1123267024,1.1123267024,1.1123267024,1.0341700163,1.0341700163,1.0341700163,1.0341700163,1.0733461976,1.0534660625,0.8616140562,0.7830815532
2024-12-30,1.1099079445,1.1099079445,1.1099079445,1.1099079445,1.0326116067,1.0326116067,1.0326116067,1.0326116067,1.0710145419,1.0511773059,0.8581843607,0.7866261458
2024-12-31,1.0782368203,1.0782368203,1.0782368203,1.0782368203,1.0042674958,1.0042674958,1.0042674958,1.0042674958,1.0404838646,1.0212083576,0.8418698903,0.7740095991
2025-01-02,1.0503926307,1.0503926307,1.0503926307,1.0503926307,0.9825262715,0.9825262715,0.9825262715,0.9825262715,1.0136415273,0.9948599852,0.8251386780,0.7514851096
2025-01-03,1.0119704864,1.0119704864,1.0119704864,1.0119704864,0.9476376000,0.9476376000,0.9476376000,0.9476376000,0.9766008534,0.9585010711,0.8043247888,0.7425862544
2025-01-06,1.0070176204,1.0070176204,1.0070176204,1.0070176204,0.9397501657,0.9397501657,0.9397501657,0.9397501657,0.9718258862,0.9538140129,0.8012128162,0.7413686612
2025-01-07,1.0288071535,1.0288071535,1.0288071535,1.0288071535,0.9592781001,0.9592781001,0.9592781001,0.9592781001,0.9928328783,0.9744342456,0.8109876536,0.7467071875
2025-01-08,1.0312634358,1.0312634358,1.0312634358,1.0312634358,0.9602350161,0.9602350161,0.9602350161,0.9602350161,0.9952008963,0.9767586723,0.8100275960,0.7453519021
2025-01-09,1.0304001278,1.0304001278,1.0304001278,1.0304001278,0.9608245043,0.9608245043,0.9608245043,0.9608245043,0.9943686125,0.9759417092,0.8082277628,0.7435146937
2025-01-10,1.0062462565,1.0062462565,1.0062462565,1.0062462565,0.9370271588,0.9370271588,0.9370271588,0.9370271588,0.9710827245,0.9530844722,0.7911698509,0.7341909595
2025-01-13,1.0083452368,1.0083452368,1.0083452368,1.0083452368,0.9373038040,0.9373038040,0.9373038040,0.9373038040,0.9733708956,0.9552980247,0.7918065040,0.7322298281
2025-01-14,1.0487050993,1.0487050993,1.0487050993,1.0487050993,0.9784806603,0.9784806603,0.9784806603,0.9784806603,0.9946662363,0.9783650509,0.8186857772,0.7515126480
2025-01-15,1.0407354262,1.0407354262,1.0407354262,1.0407354262,0.9711154810,0.9711154810,0.9711154810,0.9711154810,0.9905345217,0.9738796593,0.8143110869,0.7466914513
2025-01-16,1.0501540677,1.0501540677,1.0501540677,1.0501540677,0.9806579088,0.9806579088,0.9806579088,0.9806579088,0.9954343781,0.9791966454,0.8194697059,0.7475471104
2025-01-17,1.0471603372,1.0471603372,1.0471603372,1.0471603372,0.9801278164,0.9801278164,0.9801278164,0.9801278164,0.9938832841,0.9775126461,0.8201092292,0.7498996813
2025-01-20,1.0583856167,1.0583856167,1.0583856167,1.0583856167,0.9902748074,0.9902748074,0.9902748074,0.9902748074,0.9997067988,0.9838341246,0.8238375231,0.7533105158
2025-01-21,1.0584487957,1.0584487957,1.0584487957,1.0584487957,0.9947467897,0.9947467897,0.9947467897,0.9947467897,0.9997394175,0.9838695540,0.8224424094,0.7538868563
2025-01-22,1.0478888628,1.0478888628,1.0478888628,1.0478888628,0.9882553224,0.9882553224,0.9882553224,0.9882553224,0.9942875671,0.9779479259,0.8140680476,0.7468861875
2025-01-23,1.0423111991,1.0423111991,1.0423111991,1.0423111991,0.9819672800,0.9819672800,0.9819672800,0.9819672800,0.9913947904,0.9748076693,0.8138825061,0.7482080334
2025-01-24,1.0524142773,1.0524142773,1.0524142773,1.0524142773,0.9945419398,0.9945419398,0.9945419398,0.9945419398,0.9966473229,0.9805078359,0.8215864787,0.7539360321
2025-01-27,1.0395895462,1.0395895462,1.0395895462,1.0395895462,0.9779715764,0.9779715764,0.9779715764,0.9779715764,0.9900088398,0.9732996678,0.8177467992,0.7508320548
2025-02-05,1.0324940204,1.0324940204,1.0324940204,1.0324940204,0.9730457119,0.9730457119,0.9730457119,0.9730457119,0.9863154295,0.9692920937,0.8157850355,0.7465045832
2025-02-06,1.0479199366,1.0479199366,1.0479199366,1.0479199366,0.9946379913,0.9946379913,0.9946379913,0.9946379913,0.9943700496,0.9780284512,0.8279393490,0.7558971635
2025-02-07,1.0633459377,1.0633459377,1.0633459377,1.0633459377,1.0107312872,1.0107312872,1.0107312872,1.0107312872,1.0023709543,0.9867138356,0.8394402289,0.7657067548
2025-02-10,1.0790913691,1.0790913691,1.0790913691,1.0790913691,1.0242771073,1.0242771073,1.0242771073,1.0242771073,1.0104838197,0.9955280479,0.8478494988,0.7673511940
2025-02-11,1.0813929738,1.0813929738,1.0813929738,1.0813929738,1.0252655281,1.0252655281,1.0252655281,1.0252655281,1.0116618805,0.9968090160,0.8453679283,0.7638262717
2025-02-12,1.0923020291,1.0923020291,1.0923020291,1.0923020291,1.0364295185,1.0364295185,1.0364295185,1.0364295185,1.0172402181,1.0028753715,0.8527819298,0.7710492152
2025-02-13,1.0848680605,1.0848680605,1.0848680605,1.0848680605,1.0253707514,1.0253707514,1.0253707514,1.0253707514,1.0134560770,0.9987578370,0.8506286204,0.7681537433
2025-02-14,1.0793456108,1.0793456108,1.0793456108,1.0793456108,1.0253613877,1.0253613877,1.0253613877,1.0253613877,1.0106362298,0.9956907412,0.8522221619,0.7748160825
2025-02-17,1.0896354286,1.0896354286,1.0896354286,1.0896354286,1.0386095512,1.0386095512,1.0386095512,1.0386095512,1.0159025568,1.0014171707,0.8564437878,0.7764664228
2025-02-18,1.0592632416,1.0592632416,1.0592632416,1.0592632416,1.0137833587,1.0137833587,1.0137833587,1.0137833587,1.0004244970,0.9845770932,0.8404630889,0.7696565561
2025-02-19,1.0763112088,1.0763112088,1.0763112088,1.0763112088,1.0312738824,1.0312738824,1.0312738824,1.0312738824,1.0085872934,0.9935871434,0.8501068314,0.7750422912
2025-02-20,1.0801206237,1.0801206237,1.0801206237,1.0801206237,1.0369312814,1.0369312814,1.0369312814,1.0369312814,1.0103970487,0.9955867066,0.8524181645,0.7728274126
2025-02-21,1.0847686752,1.0847686752,1.0847686752,1.0847686752,1.0440476234,1.0440476234,1.0440476234,1.0440476234,1.0126013791,0.9980227586,0.8587581472,0.7825720917
2025-02-24,1.0878836716,1.0878836716,1.0878836716,1.0878836716,1.0456122193,1.0456122193,1.0456122193,1.0456122193,1.0140755400,0.9996523159,0.8612083885,0.7808568394
2025-02-25,1.0847853646,1.0847853646,1.0847853646,1.0847853646,1.0418048251,1.0418048251,1.0418048251,1.0418048251,1.0126113473,0.9980334914,0.8533766680,0.7721881270
2025-02-26,1.0943263749,1.0943263749,1.0943263749,1.0943263749,1.0511632320,1.0511632320,1.0511632320,1.0511632320,1.0171265711,1.0030246854,0.8629953025,0.7789330816
2025-02-27,1.1026952914,1.1026952914,1.1026952914,1.1026952914,1.0573931538,1.0573931538,1.0573931538,1.0573931538,1.0210700845,1.0073862546,0.8650499847,0.7805421142
2025-02-28,1.0737018983,1.0737018983,1.0737018983,1.0737018983,1.0271261580,1.0271261580,1.0271261580,1.0271261580,1.0074592414,0.9923254448,0.8455230486,0.7651854912
2025-03-03,1.0736182506,1.0736182506,1.0736182506,1.0736182506,1.0287815135,1.0287815135,1.0287815135,1.0287815135,1.0074194506,0.9922814873,0.8473483971,0.7648747000
2025-03-04,1.0750195537,1.0750195537,1.0750195537,1.0750195537,1.0326892156,1.0326892156,1.0326892156,1.0326892156,1.0080860708,0.9930179078,0.8508123241,0.7642354145
2025-03-05,1.0842358216,1.0842358216,1.0842358216,1.0842358216,1.0411765626,1.0411765626,1.0411765626,1.0411765626,1.0124675655,0.9978585678,0.8525496816,0.7676482159
2025-03-06,1.0962573476,1.0962573476,1.0962573476,1.0962573476,1.0552774224,1.0552774224,1.0552774224,1.0552774224,1.0181587533,1.0041494800,0.8650198462,0.7782052795
2025-03-07,1.0952366813,1.0952366813,1.0952366813,1.0952366813,1.0537942573,1.0537942573,1.0537942573,1.0537942573,1.0176781655,1.0036178880,0.8626006511,0.7757995987
2025-03-10,1.0971606219,1.0971606219,1.0971606219,1.0971606219,1.0558268679,1.0558268679,1.0558268679,1.0558268679,1.0185844825,1.0046203337,0.8637223712,0.7728077422
2025-03-11,1.1036390693,1.1036390693,1.1036390693,1.1036390693,1.0613730539,1.0613730539,1.0613730539,1.0613730539,1.0216336672,1.0079932958,0.8697501356,0.7752901373
2025-03-12,1.1024757407,1.1024757407,1.1024757407,1.1024757407,1.0611542077,1.0611542077,1.0611542077,1.0611542077,1.0210877126,1.0073891500,0.8694143240,0.7724989181
2025-03-13,1.0893013459,1.0893013459,1.0893013459,1.0893013459,1.0485844976,1.0485844976,1.0485844976,1.0485844976,1.0149017024,1.0005442410,0.8655919141,0.7694205122
2025-03-14,1.1104264817,1.1104264817,1.1104264817,1.1104264817,1.0700901421,1.0700901421,1.0700901421,1.0700901421,1.0248801137,1.0115773153,0.8808552485,0.7881033872
2025-03-17,1.1182407796,1.1182407796,1.1182407796,1.1182407796,1.0741402753,1.0741402753,1.0741402753,1.0741402753,1.0285365597,1.0156250125,0.8835949780,0.7861815964
2025-03-18,1.1195977767,1.1195977767,1.1195977767,1.1195977767,1.0777872045,1.0777872045,1.0777872045,1.0777872045,1.0291204737,1.0162836544,0.8850653363,0.7883315630
2025-03-19,1.1090256024,1.1090256024,1.1090256024,1.1090256024,1.0733129871,1.0733129871,1.0733129871,1.0733129871,1.0237256753,1.0104225122,0.8818251113,0.7888134860
2025-03-20,1.1050915274,1.1050915274,1.1050915274,1.1050915274,1.0706479084,1.0706479084,1.0706479084,1.0706479084,1.0217096714,1.0082333945,0.8782028249,0.7818934655
2025-03-21,1.0759736530,1.0759736530,1.0759736530,1.0759736530,1.0490507195,1.0490507195,1.0490507195,1.0490507195,1.0067646810,0.9920082889,0.8678310482,0.7700342264
2025-03-24,1.0678263171,1.0678263171,1.0678263171,1.0678263171,1.0465973754,1.0465973754,1.0465973754,1.0465973754,1.0025326516,0.9874205961,0.8637638605,0.7739977969
2025-03-25,1.0489015525,1.0489015525,1.0489015525,1.0489015525,1.0360580631,1.0360580631,1.0360580631,1.0360580631,0.9926690595,0.9767325805,0.8622999905,0.7734962036
2025-03-26,1.0542951484,1.0542951484,1.0542951484,1.0542951484,1.0366461161,1.0366461161,1.0366461161,1.0366461161,0.9955027660,0.9798000791,0.8648159764,0.7709508635
2025-03-27,1.0518880165,1.0518880165,1.0518880165,1.0518880165,1.0326095974,1.0326095974,1.0326095974,1.0326095974,0.9942409766,0.9784337977,0.8627887762,0.7735178410
2025-03-28,1.0429195447,1.0429195447,1.0429195447,1.0429195447,1.0251581331,1.0251581331,1.0251581331,1.0251581331,0.9895350266,0.9733387832,0.8550449164,0.7701266769
2025-03-31,1.0386022193,1.0386022193,1.0386022193,1.0386022193,1.0199738571,1.0199738571,1.0199738571,1.0199738571,0.9872609669,0.9708778885,0.8468823787,0.7646465243
2025-04-01,1.0343651599,1.0343651599,1.0343651599,1.0343651599,1.0185083964,1.0185083964,1.0185083964,1.0185083964,0.9850250585,0.9684588379,0.8513575262,0.7647193045
2025-04-02,1.0386897461,1.0386897461,1.0386897461,1.0386897461,1.0204708547,1.0204708547,1.0204708547,1.0204708547,0.9873113136,0.9709317966,0.8521582831,0.7640721508
2025-04-03,1.0191081585,1.0191081585,1.0191081585,1.0191081585,1.0079381318,1.0079381318,1.0079381318,1.0079381318,0.9769783979,0.9597524657,0.8492210166,0.7595696133
2025-04-07,0.9018161085,0.9018161085,0.9018161085,0.9018161085,0.9061570039,0.9061570039,0.9061570039,0.9061570039,0.9145560678,0.8922883908,0.7723587845,0.7060545261
2025-04-08,0.8943616281,0.8943616281,0.8943616281,0.8943616281,0.9040975960,0.9040975960,0.9040975960,0.9040975960,0.9103592856,0.8877836515,0.7838099824,0.7181163696
2025-04-09,0.9179453211,0.9179453211,0.9179453211,0.9179453211,0.9203435773,0.9203435773,0.9203435773,0.9203435773,0.9236858498,0.9020815046,0.7990685638,0.7252035879
2025-04-10,0.9419427441,0.9419427441,0.9419427441,0.9419427441,0.9417156047,0.9417156047,0.9417156047,0.9417156047,0.9370912197,0.9164846919,0.8148447593,0.7347102561
2025-04-11,0.9587815509,0.9587815509,0.9587815509,0.9587815509,0.9537522282,0.9537522282,0.9537522282,0.9537522282,0.9463910579,0.9264910734,0.8159699487,0.7377394862
2025-04-14,0.9694934786,0.9694934786,0.9694934786,0.9694934786,0.9654911282,0.9654911282,0.9654911282,0.9654911282,0.9522608850,0.9328130698,0.8253990610,0.7394350683
2025-04-15,0.9645028093,0.9645028093,0.9645028093,0.9645028093,0.9623542114,0.9623542114,0.9623542114,0.9623542114,0.9495395841,0.9298803298,0.8249866854,0.7398461781
2025-04-16,0.9510544452,0.9510544452,0.9510544452,0.9510544452,0.9537535503,0.9537535503,0.9537535503,0.9537535503,0.9420734475,0.9217926356,0.8206881947,0.7421259688
2025-04-17,0.9510544452,0.9510544452,0.9510544452,0.9510544452,0.9537535503,0.9537535503,0.9537535503,0.9537535503,0.9427053413,0.9227200714,0.8227936441,0.7420079468
2025-04-18,0.9510544452,0.9510544452,0.9510544452,0.9510544452,0.9537535503,0.9537535503,0.9537535503,0.9537535503,0.9399379066,0.9186569233,0.8210497304,0.7420669578
2025-04-21,0.9510544452,0.9510544452,0.9510544452,0.9510544452,0.9537535503,0.9537535503,0.9537535503,0.9537535503,0.9422324882,0.9220208688,0.8299179567,0.7444982100
2025-04-22,0.9510544452,0.9510544452,0.9510544452,0.9510544452,0.9537535503,0.9537535503,0.9537535503,0.9537535503,0.9419207817,0.9215633386,0.8304412816,0.7443152760
2025-04-23,0.9510544452,0.9510544452,0.9510544452,0.9510544452,0.9537535503,0.9537535503,0.9537535503,0.9537535503,0.9409990391,0.9202106067,0.8305695901,0.7448916165
2025-04-24,0.9510544452,0.9510544452,0.9510544452,0.9510544452,0.9537535503,0.9537535503,0.9537535503,0.9537535503,0.9405828290,0.9196000839,0.8278615708,0.7443959243
2025-04-25,0.9510544452,0.9510544452,0.9510544452,0.9510544452,0.9537535503,0.9537535503,0.9537535503,0.9537535503,0.9410197791,0.9202408876,0.8298503725,0.7449132539
2025-04-28,0.9510544452,0.9510544452,0.9510544452,0.9510544452,0.9537535503,0.9537535503,0.9537535503,0.9537535503,0.9392411017,0.9176317847,0.8226602692,0.7438569574
2025-04-29,0.9510544452,0.9510544452,0.9510544452,0.9510544452,0.9537535503,0.9537535503,0.9537535503,0.9537535503,0.9404150118,0.9193521373,0.8244049513,0.7425705181
2025-04-30,0.9510544452,0.9510544452,0.9510544452,0.9510544452,0.9537535503,0.9537535503,0.9537535503,0.9537535503,0.9414672458,0.9208951373,0.8264469675,0.7416833864
2025-05-06,0.9510544452,0.9510544452,0.9510544452,0.9510544452,0.9537535503,0.9537535503,0.9537535503,0.9537535503,0.9442413534,0.9249653725,0.8412901358,0.7491522090
2025-05-07,0.9510544452,0.9510544452,0.9510544452,0.9510544452,0.9537535503,0.9537535503,0.9537535503,0.9537535503,0.9447270200,0.9256790007,0.8463437853,0.7536940871
2025-05-08,0.9510544452,0.9510544452,0.9510544452,0.9510544452,0.9537535503,0.9537535503,0.9537535503,0.9537535503,0.9449885932,0.9260634496,0.8505046247,0.7578779653
2025-05-09,0.9510544452,0.9510544452,0.9510544452,0.9510544452,0.9537535503,0.9537535503,0.9537535503,0.9537535503,0.9443263363,0.9250899586,0.8455431731,0.7565521854
2025-05-12,0.9510544452,0.9510544452,0.9510544452,0.9510544452,0.9537535503,0.9537535503,0.9537535503,0.9537535503,0.9452636043,0.9264672217,0.8538974532,0.7652956450
2025-05-13,0.9510544452,0.9510544452,0.9510544452,0.9510544452,0.9537535503,0.9537535503,0.9537535503,0.9537535503,0.9453264592,0.9265596293,0.8537675420,0.7664070184
2025-05-14,0.9510544452,0.9510544452,0.9510544452,0.9510544452,0.9537535503,0.9537535503,0.9537535503,0.9537535503,0.9464964543,0.9282797814,0.8587470096,0.7756422361
2025-05-15,0.9510544452,0.9510544452,0.9510544452,0.9510544452,0.9537535503,0.9537535503,0.9537535503,0.9537535503,0.9462497800,0.9279168914,0.8517662136,0.7685589520
2025-05-16,0.9510544452,0.9510544452,0.9510544452,0.9510544452,0.9537535503,0.9537535503,0.9537535503,0.9537535503,0.9450555002,0.9261601791,0.8511708192,0.7649966560
2025-05-19,0.9501033907,0.9501033907,0.9501033907,0.9501033907,0.9527997967,0.9527997967,0.9527997967,0.9527997967,0.9454166222,0.9268551097,0.8555257045,0.7626480192
2025-05-20,0.9597714707,0.9597714707,0.9597714707,0.9597714707,0.9603274407,0.9603274407,0.9603274407,0.9603274407,0.9500684951,0.9320245226,0.8622429513,0.7667827216
2025-05-21,0.9571656129,0.9571656129,0.9571656129,0.9571656129,0.9592582515,0.9592582515,0.9592582515,0.9592582515,0.9488211891,0.9306375425,0.8624039517,0.7703646878
2025-05-22,0.9492196494,0.9492196494,0.9492196494,0.9492196494,0.9524069018,0.9524069018,0.9524069018,0.9524069018,0.9450124687,0.9264030628,0.8556369443,0.7698709627
2025-05-23,0.9377973640,0.9377973640,0.9377973640,0.9377973640,0.9422755654,0.9422755654,0.9422755654,0.9422755654,0.9395137808,0.9202929914,0.8467888172,0.7636551399
2025-05-26,0.9407632890,0.9407632890,0.9407632890,0.9407632890,0.9447348540,0.9447348540,0.9447348540,0.9447348540,0.9409505584,0.9218882728,0.8489475282,0.7592961958
2025-05-27,0.9430938489,0.9430938489,0.9430938489,0.9430938489,0.9473927098,0.9473927098,0.9473927098,0.9473927098,0.9420777090,0.9231400245,0.8480165609,0.7552224714
2025-05-28,0.9409791453,0.9409791453,0.9409791453,0.9409791453,0.9466705667,0.9466705667,0.9466705667,0.9466705667,0.9410562603,0.9220054784,0.8472556948,0.7546008891
2025-05-29,0.9439736208,0.9439736208,0.9439736208,0.9439736208,0.9506667105,0.9506667105,0.9506667105,0.9506667105,0.9425043371,0.9236136570,0.8549176577,0.7590188442
2025-05-30,0.9414969122,0.9414969122,0.9414969122,0.9414969122,0.9488755440,0.9488755440,0.9488755440,0.9488755440,0.9413086056,0.9222854510,0.8482125064,0.7553857351
2025-06-03,0.9523836060,0.9523836060,0.9523836060,0.9523836060,0.9569922495,0.9569922495,0.9569922495,0.9569922495,0.9465717391,0.9281306928,0.8527417579,0.7577028994
2025-06-04,0.9590384405,0.9590384405,0.9590384405,0.9590384405,0.9642201962,0.9642201962,0.9642201962,0.9642201962,0.9497700017,0.9316853235,0.8606998458,0.7609937448
2025-06-05,0.9492670013,0.9492670013,0.9492670013,0.9492670013,0.9559880847,0.9559880847,0.9559880847,0.9559880847,0.9450907521,0.9264823480,0.8601280007,0.7627286675
2025-06-06,0.9448821355,0.9448821355,0.9448821355,0.9448821355,0.9541997226,0.9541997226,0.9541997226,0.9541997226,0.9429798083,0.9241366879,0.8594839634,0.7620244699
2025-06-09,0.9517584425,0.9517584425,0.9517584425,0.9517584425,0.9599022229,0.9599022229,0.9599022229,0.9599022229,0.9462981053,0.9278228450,0.8657965607,0.7642413156
2025-06-10,0.9485069881,0.9485069881,0.9485069881,0.9485069881,0.9561219321,0.9561219321,0.9561219321,0.9561219321,0.9447349068,0.9260855403,0.8609267727,0.7603505252
2025-06-11,0.9533512157,0.9533512157,0.9533512157,0.9533512157,0.9604413351,0.9604413351,0.9604413351,0.9604413351,0.9470679845,0.9286778991,0.8665895830,0.7660863921
2025-06-12,0.9497787027,0.9497787027,0.9497787027,0.9497787027,0.9581165552,0.9581165552,0.9581165552,0.9581165552,0.9453519054,0.9267704805,0.8665056953,0.7656084032
2025-06-13,0.9399494200,0.9399494200,0.9399494200,0.9399494200,0.9468563311,0.9468563311,0.9468563311,0.9468563311,0.9406211756,0.9215135577,0.8564847825,0.7600967780
2025-06-16,0.9370289267,0.9370289267,0.9370289267,0.9370289267,0.9466902782,0.9466902782,0.9466902782,0.9466902782,0.9392079818,0.9199442306,0.8601963347,0.7619890633
2025-06-17,0.9353580847,0.9353580847,0.9353580847,0.9353580847,0.9459406142,0.9459406142,0.9459406142,0.9459406142,0.9383901717,0.9190382559,0.8597370075,0.7613163382
2025-06-18,0.9302337200,0.9302337200,0.9302337200,0.9302337200,0.9402663967,0.9402663967,0.9402663967,0.9402663967,0.9361184801,0.9164621481,0.8562658371,0.7622192061
2025-06-19,0.9183256659,0.9183256659,0.9183256659,0.9183256659,0.9263920424,0.9263920424,0.9263920424,0.9263920424,0.9308232683,0.9104596563,0.8448610766,0.7559483064
2025-06-20,0.9174298202,0.9174298202,0.9174298202,0.9174298202,0.9256314113,0.9256314113,0.9256314113,0.9256314113,0.9304220253,0.9100052279,0.8413209228,0.7566466029
2025-06-23,0.9230637886,0.9230637886,0.9230637886,0.9230637886,0.9322190201,0.9322190201,0.9322190201,0.9322190201,0.9329468157,0.9128644886,0.8477220296,0.7588614816
2025-06-24,0.9300284860,0.9300284860,0.9300284860,0.9300284860,0.9399587919,0.9399587919,0.9399587919,0.9399587919,0.9360573230,0.9163885638,0.8592147449,0.7679354027
2025-06-25,0.9350667973,0.9350667973,0.9350667973,0.9350667973,0.9445940004,0.9445940004,0.9445940004,0.9445940004,0.9382980811,0.9189285814,0.8678454365,0.7789586530
2025-06-26,0.9321046974,0.9321046974,0.9321046974,0.9321046974,0.9420401443,0.9420401443,0.9420401443,0.9420401443,0.9369846670,0.9174391958,0.8656715043,0.7761949723
2025-06-27,0.9252521259,0.9252521259,0.9252521259,0.9252521259,0.9393361341,0.9393361341,0.9393361341,0.9393361341,0.9339408036,0.9139882790,0.8666533455,0.7714229513
2025-06-30,0.9298440706,0.9298440706,0.9298440706,0.9298440706,0.9443609876,0.9443609876,0.9443609876,0.9443609876,0.9359889439,0.9163091207,0.8739015613,0.7742397419
2025-07-01,0.9402046417,0.9402046417,0.9402046417,0.9402046417,0.9526744274,0.9526744274,0.9526744274,0.9526744274,0.9405973218,0.9215328889,0.8767768415,0.7755537197
2025-07-02,0.9394554772,0.9394554772,0.9394554772,0.9394554772,0.9514003469,0.9514003469,0.9514003469,0.9514003469,0.9402661431,0.9211571952,0.8761298551,0.7757346867
2025-07-03,0.9446006458,0.9446006458,0.9446006458,0.9446006458,0.9559209809,0.9559209809,0.9559209809,0.9559209809,0.9425416492,0.9237384178,0.8796156864,0.7805322790
2025-07-04,0.9468652796,0.9468652796,0.9468652796,0.9468652796,0.9553531543,0.9553531543,0.9553531543,0.9553531543,0.9435401630,0.9248715148,0.8775941885,0.7833116960
2025-07-07,0.9496037701,0.9496037701,0.9496037701,0.9496037701,0.9597654334,0.9597654334,0.9597654334,0.9597654334,0.9447459962,0.9262401029,0.8797235773,0.7799618396
2025-07-08,0.9517305488,0.9517305488,0.9517305488,0.9517305488,0.9635574631,0.9635574631,0.9635574631,0.9635574631,0.9456809685,0.9273014850,0.8883743559,0.7865081238
2025-07-09,0.9543226666,0.9543226666,0.9543226666,0.9543226666,0.9661432932,0.9661432932,0.9661432932,0.9661432932,0.9468190914,0.9285936858,0.8878112513,0.7851213659
2025-07-10,0.9563235114,0.9563235114,0.9563235114,0.9563235114,0.9686016040,0.9686016040,0.9686016040,0.9686016040,0.9476962719,0.9295898071,0.8916078113,0.7887839805
2025-07-11,0.9555774575,0.9555774575,0.9555774575,0.9555774575,0.9674606849,0.9674606849,0.9674606849,0.9674606849,0.9473695800,0.9292187634,0.8941703364,0.7897261891
2025-07-14,0.9602961192,0.9602961192,0.9602961192,0.9602961192,0.9711731000,0.9711731000,0.9711731000,0.9711731000,0.9494367499,0.9315664452,0.8956510521,0.7902887604
2025-07-15,0.9475585140,0.9475585140,0.9475585140,0.9475585140,0.9587103193,0.9587103193,0.9587103193,0.9587103193,0.9434501087,0.9248818640,0.8906450569,0.7905621779
2025-07-16,0.9471792064,0.9471792064,0.9471792064,0.9471792064,0.9585506735,0.9585506735,0.9585506735,0.9585506735,0.9431163231,0.9245492710,0.8917163666,0.7882292773
2025-07-17,0.9591255212,0.9591255212,0.9591255212,0.9591255212,0.9676056099,0.9676056099,0.9676056099,0.9676056099,0.9536294111,0.9350247358,0.8981044449,0.7935973091
2025-07-18,0.9597910628,0.9597910628,0.9597910628,0.9597910628,0.9704801410,0.9704801410,0.9704801410,0.9704801410,0.9542142586,0.9356075958,0.9015154960,0.7983299894
2025-07-21,0.9610994017,0.9610994017,0.9610994017,0.9610994017,0.9767836141,0.9767836141,0.9767836141,0.9767836141,0.9553638744,0.9367533165,0.9127213653,0.8036527794
2025-07-22,0.9583418956,0.9583418956,0.9583418956,0.9583418956,0.9772749925,0.9772749925,0.9772749925,0.9772749925,0.9529412826,0.9343388852,0.9222156419,0.8102128329
2025-07-23,0.9560195304,0.9560195304,0.9560195304,0.9560195304,0.9763378857,0.9763378857,0.9763378857,0.9763378857,0.9509002994,0.9323048619,0.9187755439,0.8103721626
2025-07-24,0.9612194373,0.9612194373,0.9612194373,0.9612194373,0.9863563928,0.9863563928,0.9863563928,0.9863563928,0.9554714658,0.9368602796,0.9299684046,0.8161296668
2025-07-25,0.9593164413,0.9593164413,0.9593164413,0.9593164413,0.9846639634,0.9846639634,0.9846639634,0.9846639634,0.9537996197,0.9351940624,0.9264092765,0.8118257996
2025-07-28,0.9676362943,0.9676362943,0.9676362943,0.9676362943,0.9914104925,0.9914104925,0.9914104925,0.9914104925,0.9611105754,0.9424801930,0.9261428859,0.8135292498
2025-07-29,0.9757188554,0.9757188554,0.9757188554,0.9757188554,0.9952602395,0.9952602395,0.9952602395,0.9952602395,0.9682059192,0.9495523276,0.9284138579,0.8167158425
2025-07-30,0.9731050859,0.9731050859,0.9731050859,0.9731050859,0.9918692869,0.9918692869,0.9918692869,0.9918692869,0.9659136081,0.9472672396,0.9272993256,0.8165624139
2025-07-31,0.9688860667,0.9688860667,0.9688860667,0.9688860667,0.9803730831,0.9803730831,0.9803730831,0.9803730831,0.9622123166,0.9435777549,0.9126530576,0.8016818128
2025-08-01,0.9641479378,0.9641479378,0.9641479378,0.9641479378,0.9771027927,0.9771027927,0.9771027927,0.9771027927,0.9580535139,0.9394324803,0.9114946305,0.7976179236
2025-08-04,0.9740937400,0.9740937400,0.9740937400,0.9740937400,0.9867231046,0.9867231046,0.9867231046,0.9867231046,0.9667882372,0.9481381695,0.9169137244,0.8007199339
2025-08-05,0.9872814323,0.9872814323,0.9872814323,0.9872814323,0.9982968459,0.9982968459,0.9982968459,0.9982968459,0.9783563536,0.9596695453,0.9245224417,0.8071619655
2025-08-06,0.9960416232,0.9960416232,0.9960416232,0.9960416232,1.0063024837,1.0063024837,1.0063024837,1.0063024837,0.9860287832,0.9673190930,0.9297006096,0.8091368661
2025-08-07,0.9962698816,0.9962698816,0.9962698816,0.9962698816,1.0078594928,1.0078594928,1.0078594928,1.0078594928,0.9862284943,0.9675182339,0.9306170996,0.8093689760
2025-08-08,0.9953873512,0.9953873512,0.9953873512,0.9953873512,1.0077626735,1.0077626735,1.0077626735,1.0077626735,0.9854563589,0.9667483003,0.9312013160,0.8074609544
2025-08-11,1.0024799603,1.0024799603,1.0024799603,1.0024799603,1.0151180504,1.0151180504,1.0151180504,1.0151180504,0.9916623985,0.9729365634,0.9385627478,0.8109111295
2025-08-12,1.0054691331,1.0054691331,1.0054691331,1.0054691331,1.0173614666,1.0173614666,1.0173614666,1.0173614666,0.9942641889,0.9755327799,0.9404728794,0.8151048428
2025-08-13,1.0253718902,1.0253718902,1.0253718902,1.0253718902,1.0345783081,1.0345783081,1.0345783081,1.0345783081,1.0118939178,0.9930819475,0.9466754690,0.8215468744
2025-08-14,1.0110627480,1.0110627480,1.0110627480,1.0110627480,1.0225446000,1.0225446000,1.0225446000,1.0225446000,0.9992446172,0.9804872589,0.9362803778,0.8209036547
2025-08-15,1.0229065148,1.0229065148,1.0229065148,1.0229065148,1.0377449779,1.0377449779,1.0377449779,1.0377449779,1.0097299662,0.9909254164,0.9482182954,0.8266159172
2025-08-18,1.0505308268,1.0505308268,1.0505308268,1.0505308268,1.0574866017,1.0574866017,1.0574866017,1.0574866017,1.0341564022,1.0152455887,0.9594760360,0.8339057398
2025-08-19,1.0494450318,1.0494450318,1.0494450318,1.0494450318,1.0540667840,1.0540667840,1.0540667840,1.0540667840,1.0331989335,1.0142919578,0.9612064867,0.8307506196
2025-08-20,1.0545621791,1.0545621791,1.0545621791,1.0545621791,1.0614563895,1.0614563895,1.0614563895,1.0614563895,1.0377117899,1.0187866646,0.9698362536,0.8401982769
2025-08-21,1.0551683383,1.0551683383,1.0551683383,1.0551683383,1.0612697627,1.0612697627,1.0612697627,1.0612697627,1.0382460965,1.0193188560,0.9711329160,0.8434773201
2025-08-22,1.0799731927,1.0799731927,1.0799731927,1.0799731927,1.0816479355,1.0816479355,1.0816479355,1.0816479355,1.0601093391,1.0410957103,0.9811781999,0.8611668437
2025-08-25,1.1048260602,1.1048260602,1.1048260602,1.1048260602,1.1084123258,1.1084123258,1.1084123258,1.1084123258,1.0819624627,1.0628690144,0.9981057662,0.8791101145
2025-08-26,1.1030540937,1.1030540937,1.1030540937,1.1030540937,1.1041915168,1.1041915168,1.1041915168,1.1041915168,1.0804080257,1.0613198001,1.0003643079,0.8758389394
2025-08-27,1.0881473310,1.0881473310,1.0881473310,1.0881473310,1.0867178305,1.0867178305,1.0867178305,1.0867178305,1.0673290521,1.0482850429,0.9794605104,0.8627660412
2025-08-28,1.1143021326,1.1143021326,1.1143021326,1.1143021326,1.1067590584,1.1067590584,1.1067590584,1.1067590584,1.0903096538,1.0711838718,0.9883455404,0.8780400488
2025-08-29,1.1143524765,1.1143524765,1.1143524765,1.1143524765,1.1112488574,1.1112488574,1.1112488574,1.1112488574,1.0903537796,1.0712278541,0.9911969039,0.8845273221
2025-09-01,1.1345414745,1.1345414745,1.1345414745,1.1345414745,1.1268871367,1.1268871367,1.1268871367,1.1268871367,1.1080491212,1.0888656451,0.9986177554,0.8898284748
2025-09-02,1.0996602147,1.0996602147,1.0996602147,1.0996602147,1.1008026494,1.1008026494,1.1008026494,1.1008026494,1.0775329436,1.0584416505,0.9875592810,0.8832861246
2025-09-03,1.0839520058,1.0839520058,1.0839520058,1.0839520058,1.0832636584,1.0832636584,1.0832636584,1.0832636584,1.0637450461,1.0447010653,0.9746594928,0.8772630709
2025-09-04,1.0420458487,1.0420458487,1.0420458487,1.0420458487,1.0496217781,1.0496217781,1.0496217781,1.0496217781,1.0269063145,1.0079956641,0.9623669035,0.8586510091
2025-09-05,1.0710745829,1.0710745829,1.0710745829,1.0710745829,1.0760030367,1.0760030367,1.0760030367,1.0760030367,1.0525317604,1.0335150424,0.9813868720,0.8773594555
2025-09-08,1.0748053460,1.0748053460,1.0748053460,1.0748053460,1.0798947322,1.0798947322,1.0798947322,1.0798947322,1.0558158310,1.0367866779,0.9899644324,0.8787855541
2025-09-09,1.0568423670,1.0568423670,1.0568423670,1.0568423670,1.0695425929,1.0695425929,1.0695425929,1.0695425929,1.0399103293,1.0209542445,0.9854262022,0.8726267752
2025-09-10,1.0654620544,1.0654620544,1.0654620544,1.0654620544,1.0768054107,1.0768054107,1.0768054107,1.0768054107,1.0482993888,1.0292017387,0.9865422883,0.8744167749
2025-09-11,1.1105873049,1.1105873049,1.1105873049,1.1105873049,1.1136559187,1.1136559187,1.1136559187,1.1136559187,1.0922133948,1.0723751723,1.0021588715,0.8946122979
2025-09-12,1.1089427746,1.1089427746,1.1089427746,1.1089427746,1.1110777847,1.1110777847,1.1110777847,1.1110777847,1.0906137160,1.0708023836,0.9992165201,0.8894921122
2025-09-15,1.0991616498,1.0991616498,1.0991616498,1.0991616498,1.1040450315,1.1040450315,1.1040450315,1.1040450315,1.0810992000,1.0614478222,0.9997689641,0.8916676502
2025-09-16,1.1140056324,1.1140056324,1.1140056324,1.1140056324,1.1155725387,1.1155725387,1.1155725387,1.1155725387,1.0955399749,1.0756456518,1.0051643803,0.8897556946
2025-09-17,1.1223982344,1.1223982344,1.1223982344,1.1223982344,1.1231621901,1.1231621901,1.1231621901,1.1231621901,1.1037034215,1.0836719059,1.0091154345,0.8952004406
2025-09-18,1.1077291988,1.1077291988,1.1077291988,1.1077291988,1.1108876198,1.1108876198,1.1108876198,1.1108876198,1.0894360798,1.0696441939,0.9949687043,0.8847928715
2025-09-19,1.1066587184,1.1066587184,1.1066587184,1.1066587184,1.1120293933,1.1120293933,1.1120293933,1.1120293933,1.0883947629,1.0686203850,0.9949960417,0.8855423109
2025-09-22,1.1222188690,1.1222188690,1.1222188690,1.1222188690,1.1223987281,1.1223987281,1.1223987281,1.1223987281,1.1035311635,1.0835022712,0.9929152047,0.8896121012
2025-09-23,1.1101965071,1.1101965071,1.1101965071,1.1101965071,1.1110328504,1.1110328504,1.1110328504,1.1110328504,1.0918379759,1.0720054839,0.9842478185,0.8890554310
2025-09-24,1.1255639011,1.1255639011,1.1255639011,1.1255639011,1.1255132958,1.1255132958,1.1255132958,1.1255132958,1.1067863738,1.0867025896,0.9943049332,0.8981608246
2025-09-25,1.1346701611,1.1346701611,1.1346701611,1.1346701611,1.1297162397,1.1297162397,1.1297162397,1.1297162397,1.1156430298,1.0954105217,0.9927849653,0.9035544278
2025-09-26,1.1112539489,1.1112539489,1.1112539489,1.1112539489,1.1103181879,1.1103181879,1.1103181879,1.1103181879,1.0928706535,1.0730203018,0.9859355312,0.8950096385
2025-09-29,1.1329011372,1.1329011372,1.1329011372,1.1329011372,1.1284558749,1.1284558749,1.1284558749,1.1284558749,1.1139274853,1.0937231719,0.9954158386,0.9087788662
2025-09-30,1.1388930806,1.1388930806,1.1388930806,1.1388930806,1.1360001040,1.1360001040,1.1360001040,1.1360001040,1.1197548029,1.0994526826,0.9988989557,0.9128388214
2025-10-09,1.1673477100,1.1673477100,1.1673477100,1.1673477100,1.1581018039,1.1581018039,1.1581018039,1.1581018039,1.1474260670,1.1266597018,1.0084931456,0.9263700382
2025-10-10,1.1338243615,1.1338243615,1.1338243615,1.1338243615,1.1365040071,1.1365040071,1.1365040071,1.1365040071,1.1148342965,1.0946136628,1.0041539380,0.9081454817
2025-10-13,1.1391343159,1.1391343159,1.1391343159,1.1391343159,1.1381966444,1.1381966444,1.1381966444,1.1381966444,1.1199983581,1.0996910503,1.0002598031,0.9036508124
2025-10-14,1.1013197682,1.1013197682,1.1013197682,1.1013197682,1.1093611758,1.1093611758,1.1093611758,1.1093611758,1.0832246482,1.0635343237,0.9928872039,0.8928478697
2025-10-15,1.1174061998,1.1174061998,1.1174061998,1.1174061998,1.1239307415,1.1239307415,1.1239307415,1.1239307415,1.0988659151,1.0789134677,1.0040506639,0.9060722294
2025-10-16,1.1100166239,1.1100166239,1.1100166239,1.1100166239,1.1146363427,1.1146363427,1.1146363427,1.1146363427,1.0917698802,1.0719252993,0.9977112235,0.9084582399
2025-10-17,1.0728243689,1.0728243689,1.0728243689,1.0728243689,1.0775979883,1.0775979883,1.0775979883,1.0775979883,1.0560494456,1.0367485374,0.9780285384,0.8879637279
2025-10-20,1.0840472477,1.0840472477,1.0840472477,1.0840472477,1.0888523488,1.0888523488,1.0888523488,1.0888523488,1.0668369874,1.0473708085,0.9849284776,0.8926826390
2025-10-21,1.1142429981,1.1142429981,1.1142429981,1.1142429981,1.1147562763,1.1147562763,1.1147562763,1.1147562763,1.0958543728,1.0759445026,0.9983643311,0.9063830206
2025-10-22,1.1060388573,1.1060388573,1.1060388573,1.1060388573,1.1100579005,1.1100579005,1.1100579005,1.1100579005,1.0879754176,1.0681854022,0.9959190659,0.9033734608
2025-10-23,1.1050721781,1.1050721781,1.1050721781,1.1050721781,1.1101942188,1.1101942188,1.1101942188,1.1101942188,1.0870468925,1.0672710218,0.9983081663,0.9060820646
2025-10-24,1.1355765957,1.1355765957,1.1355765957,1.1355765957,1.1330993865,1.1330993865,1.1330993865,1.1330993865,1.1163479281,1.0961256259,1.0020244182,0.9167709194
2025-10-27,1.1627671371,1.1627671371,1.1627671371,1.1627671371,1.1512383493,1.1512383493,1.1512383493,1.1512383493,1.1424493154,1.1218313631,1.0112823826,0.9276564774
2025-10-28,1.1601946846,1.1601946846,1.1601946846,1.1601946846,1.1482635681,1.1482635681,1.1482635681,1.1482635681,1.1399812641,1.1194005559,1.0085856727,0.9229257642
2025-10-29,1.1829048643,1.1829048643,1.1829048643,1.1829048643,1.1661613660,1.1661613660,1.1661613660,1.1661613660,1.1617709020,1.1408612384,1.0157936815,0.9339155750
2025-10-30,1.1677294028,1.1677294028,1.1677294028,1.1677294028,1.1506796619,1.1506796619,1.1506796619,1.1506796619,1.1472171429,1.1265263860,1.0066144880,0.9264546206
2025-10-31,1.1445287901,1.1445287901,1.1445287901,1.1445287901,1.1401750552,1.1401750552,1.1401750552,1.1401750552,1.1249602024,1.1046050552,1.0069574077,0.9128348873
2025-11-03,1.1440448984,1.1440448984,1.1440448984,1.1440448984,1.1437943944,1.1437943944,1.1437943944,1.1437943944,1.1244957714,1.1041476545,1.0128071721,0.9153389197
2025-11-04,1.1257702123,1.1257702123,1.1257702123,1.1257702123,1.1281730950,1.1281730950,1.1281730950,1.1281730950,1.1069558645,1.0868732803,1.0053119111,0.9085133168
2025-11-05,1.1354014870,1.1354014870,1.1354014870,1.1354014870,1.1341538287,1.1341538287,1.1341538287,1.1341538287,1.1162034195,1.0959804042,1.0094611301,0.9101970967
2025-11-06,1.1607399617,1.1607399617,1.1607399617,1.1607399617,1.1525701967,1.1525701967,1.1525701967,1.1525701967,1.1405275293,1.1199357314,1.0163016707,0.9232070498
2025-11-07,1.1636630951,1.1636630951,1.1636630951,1.1636630951,1.1504554868,1.1504554868,1.1504554868,1.1504554868,1.1433322013,1.1226980586,1.0163242989,0.9203332153
2025-11-10,1.1617917357,1.1617917357,1.1617917357,1.1617917357,1.1483183192,1.1483183192,1.1483183192,1.1483183192,1.1415367858,1.1209297371,1.0248631764,0.9235316102
2025-11-11,1.1499244474,1.1499244474,1.1499244474,1.1499244474,1.1393599973,1.1393599973,1.1393599973,1.1393599973,1.1301506668,1.1097154954,1.0232275792,0.9150969747
2025-11-12,1.1472024486,1.1472024486,1.1472024486,1.1472024486,1.1342726262,1.1342726262,1.1342726262,1.1342726262,1.1275333777,1.1071384246,1.0209501146,0.9138656123
2025-11-13,1.1704558582,1.1704558582,1.1704558582,1.1704558582,1.1562694461,1.1562694461,1.1562694461,1.1562694461,1.1496816181,1.1289727583,1.0325107051,0.9249124671
2025-11-14,1.1442369873,1.1442369873,1.1442369873,1.1442369873,1.1386495278,1.1386495278,1.1386495278,1.1386495278,1.1247241928,1.1043671644,1.0246178602,0.9103701955
2025-11-17,1.1477958485,1.1477958485,1.1477958485,1.1477958485,1.1430982151,1.1430982151,1.1430982151,1.1430982151,1.1281142291,1.1077091148,1.0247541713,0.9044513946
2025-11-18,1.1369602201,1.1369602201,1.1369602201,1.1369602201,1.1315589968,1.1315589968,1.1315589968,1.1315589968,1.1177936094,1.0975347659,1.0138910922,0.8985778355
2025-11-19,1.1379326791,1.1379326791,1.1379326791,1.1379326791,1.1257092570,1.1257092570,1.1257092570,1.1257092570,1.1187201211,1.0984481128,1.0095786813,0.9025315709
2025-11-20,1.1299340100,1.1299340100,1.1299340100,1.1299340100,1.1177142913,1.1177142913,1.1177142913,1.1177142913,1.1110995792,1.0909358262,1.0038181274,0.8979405169
2025-11-21,1.0790047313,1.0790047313,1.0790047313,1.0790047313,1.0749447130,1.0749447130,1.0749447130,1.0749447130,1.0625673014,1.0430942928,0.9741829429,0.8760395767
2025-11-24,1.0867298113,1.0867298113,1.0867298113,1.0867298113,1.0857715452,1.0857715452,1.0857715452,1.0857715452,1.0699395391,1.0503602803,0.9803900925,0.8749459066
2025-11-25,1.1101942901,1.1101942901,1.1101942901,1.1101942901,1.1079601785,1.1079601785,1.1079601785,1.1079601785,1.0923273595,1.0724260492,0.9909673427,0.8832762894
2025-11-26,1.1222853059,1.1222853059,1.1222853059,1.1222853059,1.1160617627,1.1160617627,1.1160617627,1.1160617627,1.1038560467,1.0837898234,0.9913140481,0.8886325190
2025-11-27,1.1213501971,1.1213501971,1.1213501971,1.1213501971,1.1113782791,1.1113782791,1.1113782791,1.1113782791,1.1029647250,1.0829112150,0.9904124101,0.8881938707
2025-11-28,1.1325696816,1.1325696816,1.1325696816,1.1325696816,1.1192836379,1.1192836379,1.1192836379,1.1192836379,1.1136591270,1.0934530431,0.9978270816,0.8904087494
2025-12-01,1.1517168744,1.1517168744,1.1517168744,1.1517168744,1.1344327692,1.1344327692,1.1344327692,1.1344327692,1.1319046244,1.1114389259,1.0059398480,0.9002104725
2025-12-02,1.1416772020,1.1416772020,1.1416772020,1.1416772020,1.1259593983,1.1259593983,1.1259593983,1.1259593983,1.1223426650,1.1020124175,1.0020087669,0.8958515284
2025-12-03,1.1309200040,1.1309200040,1.1309200040,1.1309200040,1.1143261856,1.1143261856,1.1143261856,1.1143261856,1.1120945368,1.0919098034,0.9952973136,0.8912722766
2025-12-04,1.1348275891,1.1348275891,1.1348275891,1.1348275891,1.1122320897,1.1122320897,1.1122320897,1.1122320897,1.1158182953,1.0955805530,0.9907450271,0.8943251111
2025-12-05,1.1518717768,1.1518717768,1.1518717768,1.1518717768,1.1259770870,1.1259770870,1.1259770870,1.1259770870,1.1320589356,1.1115902157,1.0011049946,0.9017939337
2025-12-08,1.1770562432,1.1770562432,1.1770562432,1.1770562432,1.1448735408,1.1448735408,1.1448735408,1.1448735408,1.1560451052,1.1352366016,1.0077459518,0.9091132617
2025-12-09,1.1737258650,1.1737258650,1.1737258650,1.1737258650,1.1451971329,1.1451971329,1.1451971329,1.1451971329,1.1528752869,1.1321114279,1.0010822048,0.9044848342
2025-12-10,1.1736262288,1.1736262288,1.1736262288,1.1736262288,1.1469534475,1.1469534475,1.1469534475,1.1469534475,1.1527302818,1.1319748206,1.0054515702,0.9032279004
2025-12-11,1.1587837610,1.1587837610,1.1587837610,1.1587837610,1.1297322406,1.1297322406,1.1297322406,1.1297322406,1.1417734196,1.1207707247,0.9919183332,0.8954286164
2025-12-12,1.1704406132,1.1704406132,1.1704406132,1.1704406132,1.1376883262,1.1376883262,1.1376883262,1.1376883262,1.1504060074,1.1295946010,0.9954034558,0.9010877690
2025-12-15,1.1645566241,1.1645566241,1.1645566241,1.1645566241,1.1302139452,1.1302139452,1.1302139452,1.1302139452,1.1460593461,1.1251502451,0.9934790384,0.8954050120
2025-12-16,1.1379263218,1.1379263218,1.1379263218,1.1379263218,1.1088592116,1.1088592116,1.1088592116,1.1088592116,1.1263621330,1.1050134781,0.9812407225,0.8846827177
2025-12-17,1.1637418457,1.1637418457,1.1637418457,1.1637418457,1.1292157687,1.1292157687,1.1292157687,1.1292157687,1.1455676955,1.1246334380,0.9916344126,0.9008772965
2025-12-18,1.1586714572,1.1586714572,1.1586714572,1.1586714572,1.1250218171,1.1250218171,1.1250218171,1.1250218171,1.1418163459,1.1207984914,0.9910403509,0.8955486054
2025-12-19,1.1703722592,1.1703722592,1.1703722592,1.1703722592,1.1347159956,1.1347159956,1.1347159956,1.1347159956,1.1504826469,1.1296567142,1.0025509749,0.8985758684
2025-12-22,1.1913603338,1.1913603338,1.1913603338,1.1913603338,1.1541902478,1.1541902478,1.1541902478,1.1541902478,1.1659890418,1.1455114425,1.0097368322,0.9071206578
2025-12-23,1.1921976860,1.1921976860,1.1921976860,1.1921976860,1.1547937816,1.1547937816,1.1547937816,1.1547937816,1.1666049864,1.1461415697,1.0062193309,0.9089126244
2025-12-24,1.1989026339,1.1989026339,1.1989026339,1.1989026339,1.1638208548,1.1638208548,1.1638208548,1.1638208548,1.1715361925,1.1511864300,1.0137668670,0.9115346788
2025-12-25,1.1987665082,1.1987665082,1.1987665082,1.1987665082,1.1657315306,1.1657315306,1.1657315306,1.1657315306,1.1714362169,1.1510841323,1.0195270099,0.9132027224
2025-12-26,1.2134279063,1.2134279063,1.2134279063,1.2134279063,1.1750905420,1.1750905420,1.1750905420,1.1750905420,1.1822043799,1.1621023561,1.0227407810,0.9160942602
2025-12-29,1.2043637529,1.2043637529,1.2043637529,1.2043637529,1.1714326426,1.1714326426,1.1714326426,1.1714326426,1.1755671323,1.1553084211,1.0198576813,0.9125791731
2025-12-30,1.2063063839,1.2063063839,1.2063063839,1.2063063839,1.1754215843,1.1754215843,1.1754215843,1.1754215843,1.1769922878,1.1567668804,1.0196922997,0.9149219088
2025-12-31,1.2023905795,1.2023905795,1.2023905795,1.2023905795,1.1728758158,1.1728758158,1.1728758158,1.1728758158,1.1741207194,1.1538280607,1.0205084808,0.9107242614
2026-01-05,1.2183359824,1.2183359824,1.2183359824,1.2183359824,1.1880450985,1.1880450985,1.1880450985,1.1880450985,1.1858233870,1.1658035914,1.0348439860,0.9279967741
2026-01-06,1.2400236100,1.2400236100,1.2400236100,1.2400236100,1.2098026134,1.2098026134,1.2098026134,1.2098026134,1.2016886464,1.1820453893,1.0499132431,0.9423443094
2026-01-07,1.2529617025,1.2529617025,1.2529617025,1.2529617025,1.2170563063,1.2170563063,1.2170563063,1.2170563063,1.2111121944,1.1916978533,1.0514816990,0.9395865298
2026-01-08,1.2480638220,1.2480638220,1.2480638220,1.2480638220,1.2162247712,1.2162247712,1.2162247712,1.2162247712,1.2075539403,1.1880519909,1.0555731048,0.9319111688
2026-01-09,1.2609219519,1.2609219519,1.2609219519,1.2609219519,1.2271344377,1.2271344377,1.2271344377,1.2271344377,1.2168089180,1.1975493755,1.0688692864,0.9360950470
2026-01-12,1.2837565070,1.2837565070,1.2837565070,1.2837565070,1.2481063718,1.2481063718,1.2481063718,1.2481063718,1.2351533062,1.2160575204,1.0858606445,0.9421928479
2026-01-13,1.2675277065,1.2675277065,1.2675277065,1.2675277065,1.2334649203,1.2334649203,1.2334649203,1.2334649203,1.2221545701,1.2029378479,1.0757940260,0.9365100909
2026-01-14,1.2737508127,1.2737508127,1.2737508127,1.2737508127,1.2425413983,1.2425413983,1.2425413983,1.2425413983,1.2271497644,1.2079781673,1.0785654889,0.9327530587
2026-01-15,1.2755624092,1.2755624092,1.2755624092,1.2755624092,1.2372147689,1.2372147689,1.2372147689,1.2372147689,1.2286027157,1.2094443941,1.0729635439,0.9346217396
2026-01-16,1.2618397103,1.2618397103,1.2618397103,1.2618397103,1.2274868614,1.2274868614,1.2274868614,1.2274868614,1.2175993438,1.1983401542,1.0652218306,0.9307742240
2026-01-19,1.2765053778,1.2765053778,1.2765053778,1.2765053778,1.2417403184,1.2417403184,1.2417403184,1.2417403184,1.2293802459,1.2102263496,1.0735709912,0.9312836854
2026-01-20,1.2690065638,1.2690065638,1.2690065638,1.2690065638,1.2330044605,1.2330044605,1.2330044605,1.2330044605,1.2233680564,1.2041589633,1.0730716941,0.9282190487
2026-01-21,1.2823864256,1.2823864256,1.2823864256,1.2823864256,1.2447537479,1.2447537479,1.2447537479,1.2447537479,1.2341060068,1.2149941573,1.0755276312,0.9290432354
2026-01-22,1.3079156436,1.3079156436,1.3079156436,1.3079156436,1.2641148666,1.2641148666,1.2641148666,1.2641148666,1.2545585615,1.2356364485,1.0840924524,0.9291691255
2026-01-23,1.3205370568,1.3205370568,1.3205370568,1.3205370568,1.2766638444,1.2766638444,1.2766638444,1.2766638444,1.2646370565,1.2458126119,1.0928762722,0.9249970495
2026-01-26,1.3288115814,1.3288115814,1.3288115814,1.3288115814,1.2766116475,1.2766116475,1.2766116475,1.2766116475,1.2712338800,1.2524746989,1.0868887178,0.9258743460
2026-01-27,1.3344632830,1.3344632830,1.3344632830,1.3344632830,1.2807589429,1.2807589429,1.2807589429,1.2807589429,1.2757349708,1.2570209131,1.0831974564,0.9256245328
2026-01-28,1.3613749141,1.3613749141,1.3613749141,1.3613749141,1.2906085781,1.2906085781,1.2906085781,1.2906085781,1.2971525484,1.2786551213,1.0846355925,0.9280439828
2026-01-29,1.3619498413,1.3619498413,1.3619498413,1.3619498413,1.2857464775,1.2857464775,1.2857464775,1.2857464775,1.2976085882,1.2791159651,1.0887417733,0.9351016956
2026-01-30,1.3435237504,1.3435237504,1.3435237504,1.3435237504,1.2754546778,1.2754546778,1.2754546778,1.2754546778,1.2829938074,1.2643470998,1.0796869936,0.9257523899
2026-02-02,1.2805356169,1.2805356169,1.2805356169,1.2805356169,1.2254999698,1.2254999698,1.2254999698,1.2254999698,1.2329195579,1.2137594132,1.0507233246,0.9060112514
2026-02-03,1.3151915061,1.3151915061,1.3151915061,1.3151915061,1.2630915980,1.2630915980,1.2630915980,1.2630915980,1.2606972797,1.2417932865,1.0724317275,0.9166587985
2026-02-04,1.3156163098,1.3156163098,1.3156163098,1.3156163098,1.2679232765,1.2679232765,1.2679232765,1.2679232765,1.2610362695,1.2421355919,1.0835187850,0.9242456430
2026-02-05,1.2860673949,1.2860673949,1.2860673949,1.2860673949,1.2457591836,1.2457591836,1.2457591836,1.2457591836,1.2374577591,1.2183263040,1.0764691289,0.9186868091
2026-02-06,1.2906284727,1.2906284727,1.2906284727,1.2906284727,1.2488528067,1.2488528067,1.2488528067,1.2488528067,1.2410092966,1.2219259576,1.0733750591,0.9134112278
2026-02-09,1.3231850156,1.3231850156,1.3231850156,1.3231850156,1.2773076178,1.2773076178,1.2773076178,1.2773076178,1.2627732038,1.2445294779,1.0912320033,0.9282544553
2026-02-10,1.3338996257,1.3338996257,1.3338996257,1.3338996257,1.2842129797,1.2842129797,1.2842129797,1.2842129797,1.2698821617,1.2519196599,1.0923177329,0.9292851804
2026-02-11,1.3325792418,1.3325792418,1.3325792418,1.3325792418,1.2899435413,1.2899435413,1.2899435413,1.2899435413,1.2690082547,1.2510109032,1.0930905229,0.9272237303
2026-02-12,1.3394879358,1.3394879358,1.3394879358,1.3394879358,1.2977217549,1.2977217549,1.2977217549,1.2977217549,1.2735822124,1.2557670818,1.0943145299,0.9283567410
2026-02-13,1.3154827115,1.3154827115,1.3154827115,1.3154827115,1.2738691863,1.2738691863,1.2738691863,1.2738691863,1.2577143386,1.2392638041,1.0826415844,0.9167178095
2026-02-24,1.3416454120,1.3416454120,1.3416454120,1.3416454120,1.3035197246,1.3035197246,1.3035197246,1.3035197246,1.2751045247,1.2573378484,1.0948894071,0.9259884338
2026-02-25,1.3542637684,1.3542637684,1.3542637684,1.3542637684,1.3205882589,1.3205882589,1.3205882589,1.3205882589,1.2834420203,1.2660096868,1.1063316628,0.9315649711
2026-02-26,1.3582458036,1.3582458036,1.3582458036,1.3582458036,1.3251659444,1.3251659444,1.3251659444,1.3251659444,1.2860656520,1.2687395006,1.1051565146,0.9297907077
2026-02-27,1.3671123026,1.3671123026,1.3671123026,1.3671123026,1.3300633900,1.3300633900,1.3300633900,1.3300633900,1.2919022762,1.2748130198,1.1131868705,0.9266001810
2026-03-02,1.3985132333,1.3985132333,1.3985132333,1.3985132333,1.3498608006,1.3498608006,1.3498608006,1.3498608006,1.3125319700,1.2962853397,1.1096452915,0.9301447736
2026-03-03,1.3630754131,1.3630754131,1.3630754131,1.3630754131,1.3080510632,1.3080510632,1.3080510632,1.3080510632,1.2894094534,1.2721976483,1.0847029181,0.9158306778
2026-03-04,1.3522591145,1.3522591145,1.3522591145,1.3522591145,1.2978887583,1.2978887583,1.2978887583,1.2978887583,1.2822960993,1.2647946521,1.0762115505,0.9053503285
2026-03-05,1.3583188566,1.3583188566,1.3583188566,1.3583188566,1.3060725756,1.3060725756,1.3060725756,1.3060725756,1.2862910124,1.2689509665,1.0836348417,0.9142157441
2026-03-06,1.3484052463,1.3484052463,1.3484052463,1.3484052463,1.3060528363,1.3060528363,1.3060528363,1.3060528363,1.2797643050,1.2621594133,1.0937355574,0.9167237106
2026-03-09,1.3354244482,1.3354244482,1.3354244482,1.3354244482,1.2903271341,1.2903271341,1.2903271341,1.2903271341,1.2711991398,1.2532491749,1.0866745916,0.9078759983
2026-03-10,1.3432461693,1.3432461693,1.3432461693,1.3432461693,1.3028255993,1.3028255993,1.3028255993,1.3028255993,1.2763754630,1.2586320535,1.0969793793,0.9195405012
2026-03-11,1.3400260849,1.3400260849,1.3400260849,1.3400260849,1.3036751658,1.3036751658,1.3036751658,1.3036751658,1.2742482309,1.2564194450,1.0995997331,0.9253904560
2026-03-12,1.3254653733,1.3254653733,1.3254653733,1.3254653733,1.2909453979,1.2909453979,1.2909453979,1.2909453979,1.2646221795,1.2464079681,1.0973131595,0.9220583028
2026-03-13,1.3004026065,1.3004026065,1.3004026065,1.3004026065,1.2718356939,1.2718356939,1.2718356939,1.2718356939,1.2479977706,1.2291251327,1.0872362742,0.9184350289
2026-03-16,1.2934391616,1.2934391616,1.2934391616,1.2934391616,1.2607795241,1.2607795241,1.2607795241,1.2607795241,1.2432992425,1.2242533333,1.0848252811,0.9189110508
2026-03-17,1.2674646918,1.2674646918,1.2674646918,1.2674646918,1.2376565453,1.2376565453,1.2376565453,1.2376565453,1.2249075406,1.2053339787,1.0709851586,0.9121995358
2026-03-18,1.2722998467,1.2722998467,1.2722998467,1.2722998467,1.2424995793,1.2424995793,1.2424995793,1.2424995793,1.2283496399,1.2088724548,1.0761076653,0.9163086667
2026-03-19,1.2360705366,1.2360705366,1.2360705366,1.2360705366,1.2040036739,1.2040036739,1.2040036739,1.2040036739,1.2025841645,1.1823822444,1.0547969697,0.9015401865
2026-03-20,1.2002670045,1.2002670045,1.2002670045,1.2002670045,1.1731986711,1.1731986711,1.1731986711,1.1731986711,1.1769249317,1.1560265263,1.0376051152,0.8983476927
2026-03-23,1.1571369905,1.1571369905,1.1571369905,1.1571369905,1.1279269361,1.1279269361,1.1279269361,1.1279269361,1.1457722053,1.1240593801,0.9946121025,0.8690349738
2026-03-24,1.1765174087,1.1765174087,1.1765174087,1.1765174087,1.1534413287,1.1534413287,1.1534413287,1.1534413287,1.1599080647,1.1385471639,1.0172282610,0.8801919824
2026-03-25,1.1997861718,1.1997861718,1.1997861718,1.1997861718,1.1769168156,1.1769168156,1.1769168156,1.1769168156,1.1768064060,1.1558756373,1.0350959644,0.8925351115
2026-03-26,1.1876692652,1.1876692652,1.1876692652,1.1876692652,1.1619910367,1.1619910367,1.1619910367,1.1619910367,1.1680517618,1.1468923900,1.0213856817,0.8807447185
2026-03-27,1.2051994403,1.2051994403,1.2051994403,1.2051994403,1.1772781335,1.1772781335,1.1772781335,1.1772781335,1.1807516060,1.1599194899,1.0310075423,0.8856701680
2026-03-30,1.2175494715,1.2175494715,1.2175494715,1.2175494715,1.1878444451,1.1878444451,1.1878444451,1.1878444451,1.1896643871,1.1690663348,1.0326824933,0.8835811794
2026-03-31,1.1980344547,1.1980344547,1.1980344547,1.1980344547,1.1701179222,1.1701179222,1.1701179222,1.1701179222,1.1756183976,1.1546466487,1.0200175218,0.8753393131
2026-04-01,1.2109705819,1.2109705819,1.2109705819,1.2109705819,1.1867679427,1.1867679427,1.1867679427,1.1867679427,1.1849691575,1.1642410616,1.0352130598,0.8902926944
2026-04-02,1.1972601453,1.1972601453,1.1972601453,1.1972601453,1.1716348602,1.1716348602,1.1716348602,1.1716348602,1.1750865783,1.1540973957,1.0231711559,0.8810161690
2026-04-03,1.1820056031,1.1820056031,1.1820056031,1.1820056031,1.1566889186,1.1566889186,1.1566889186,1.1566889186,1.1640578336,1.1427815387,1.0073237731,0.8735178410
2026-04-07,1.2016362112,1.2016362112,1.2016362112,1.2016362112,1.1712943249,1.1712943249,1.1712943249,1.1712943249,1.1782986321,1.1573868820,1.0149536880,0.8734844014
2026-04-08,1.2349525148,1.2349525148,1.2349525148,1.2349525148,1.2106322352,1.2106322352,1.2106322352,1.2106322352,1.2023635699,1.1820811806,1.0488302558,0.9039616035
2026-04-09,1.2281709600,1.2281709600,1.2281709600,1.2281709600,1.2044761211,1.2044761211,1.2044761211,1.2044761211,1.1974999415,1.1770858912,1.0387043205,0.8981903301
2026-04-10,1.2306178524,1.2306178524,1.2306178524,1.2306178524,1.2095429570,1.2095429570,1.2095429570,1.2095429570,1.1992573678,1.1788905643,1.0461460988,0.9120284039
2026-04-13,1.2395293665,1.2395293665,1.2395293665,1.2395293665,1.2211776514,1.2211776514,1.2211776514,1.2211776514,1.2056545135,1.1854601217,1.0479034790,0.9139128211
2026-04-14,1.2531932289,1.2531932289,1.2531932289,1.2531932289,1.2319699626,1.2319699626,1.2319699626,1.2319699626,1.2155524006,1.1956094071,1.0576703758,0.9247570715
2026-04-15,1.2438937383,1.2438937383,1.2438937383,1.2438937383,1.2246197433,1.2246197433,1.2246197433,1.2246197433,1.2101816571,1.1898780846,1.0536199195,0.9216039183
2026-04-16,1.2582992404,1.2582992404,1.2582992404,1.2582992404,1.2419832231,1.2419832231,1.2419832231,1.2419832231,1.2185264447,1.1987797647,1.0666855879,0.9317065974
2026-04-17,1.2634099809,1.2634099809,1.2634099809,1.2634099809,1.2433171450,1.2433171450,1.2433171450,1.2433171450,1.2214732705,1.2019250765,1.0654859431,0.9301447736
2026-04-20,1.2651489621,1.2651489621,1.2651489621,1.2651489621,1.2439772446,1.2439772446,1.2439772446,1.2439772446,1.2224743168,1.2029937680,1.0710932110,0.9358039262
2026-04-21,1.2745177366,1.2745177366,1.2745177366,1.2745177366,1.2479535499,1.2479535499,1.2479535499,1.2479535499,1.2278644620,1.2087485503,1.0710886140,0.9378811126
2026-04-22,1.2862183268,1.2862183268,1.2862183268,1.2862183268,1.2595453270,1.2595453270,1.2595453270,1.2595453270,1.2345761525,1.2159169506,1.0755975710,0.9441028365
2026-04-23,1.2995306999,1.2995306999,1.2995306999,1.2995306999,1.2634951273,1.2634951273,1.2634951273,1.2634951273,1.2421842886,1.2240465492,1.0703463881,0.9414866832
2026-04-24,1.2844078076,1.2844078076,1.2844078076,1.2844078076,1.2501699323,1.2501699323,1.2501699323,1.2501699323,1.2335772461,1.2148447946,1.0640806964,0.9381505960
2026-04-27,1.2848029926,1.2848029926,1.2848029926,1.2848029926,1.2512125643,1.2512125643,1.2512125643,1.2512125643,1.2338032331,1.2150862532,1.0659828757,0.9384613872
2026-04-28,1.2949330746,1.2949330746,1.2949330746,1.2949330746,1.2607114288,1.2607114288,1.2607114288,1.2607114288,1.2395954115,1.2212750743,1.0624974650,0.9359553877
2026-04-29,1.3117274616,1.3117274616,1.3117274616,1.3117274616,1.2762381006,1.2762381006,1.2762381006,1.2762381006,1.2491677135,1.2315069374,1.0774422201,0.9462114953
2026-04-30,1.3053812138,1.3053812138,1.3053812138,1.3053812138,1.2784137955,1.2784137955,1.2784137955,1.2784137955,1.2455692776,1.2276580547,1.0785501743,0.9456135174
2026-05-06,1.3221592438,1.3221592438,1.3221592438,1.3221592438,1.3005185170,1.3005185170,1.3005185170,1.3005185170,1.2551014327,1.2378511345,1.0934209054,0.9593394705
2026-05-07,1.3172043040,1.3172043040,1.3172043040,1.3172043040,1.3079597592,1.3079597592,1.3079597592,1.3079597592,1.2523008201,1.2348544058,1.1007228453,0.9639462607
2026-05-08,1.3175743299,1.3175743299,1.3175743299,1.3175743299,1.3040624499,1.3040624499,1.3040624499,1.3040624499,1.2525102831,1.2350784941,1.1027548559,0.9583205476
2026-05-11,1.3335858893,1.3335858893,1.3335858893,1.3335858893,1.3115221269,1.3115221269,1.3115221269,1.3115221269,1.2615730208,1.2447741561,1.1102396512,0.9740430387
2026-05-12,1.3409716001,1.3409716001,1.3409716001,1.3409716001,1.3090734760,1.3090734760,1.3090734760,1.3090734760,1.2657331163,1.2492275003,1.1016162107,0.9732975333
2026-05-13,1.3502803695,1.3502803695,1.3502803695,1.3502803695,1.3236017830,1.3236017830,1.3236017830,1.3236017830,1.2709647152,1.2548294426,1.1088046528,0.9831897400
2026-05-14,1.3375381447,1.3375381447,1.3375381447,1.3375381447,1.3064450551,1.3064450551,1.3064450551,1.3064450551,1.2638234624,1.2471799890,1.0886735466,0.9667178095
2026-05-15,1.3204355417,1.3204355417,1.3204355417,1.3204355417,1.2865478103,1.2865478103,1.2865478103,1.2865478103,1.2538398726,1.2365658570,1.0772955619,0.9558971635
2026-05-18,1.3304066245,1.3304066245,1.3304066245,1.3304066245,1.2910189878,1.2910189878,1.2910189878,1.2910189878,1.2621737211,1.2449247309,1.0723628151,0.9507691097
2026-05-19,1.3407298392,1.3407298392,1.3407298392,1.3407298392,1.2963365545,1.2963365545,1.2963365545,1.2963365545,1.2707941348,1.2535720017,1.0778590661,0.9545772847
2026-05-20,1.3453802392,1.3453802392,1.3453802392,1.3453802392,1.2987528897,1.2987528897,1.2987528897,1.2987528897,1.2746738750,1.2574642785,1.0713988999,0.9541484716
2026-05-21,1.2920767128,1.2920767128,1.2920767128,1.2920767128,1.2558525652,1.2558525652,1.2558525652,1.2558525652,1.2302221731,1.2128666302,1.0468746261,0.9408513317
2026-05-22,1.3286809436,1.3286809436,1.3286809436,1.3286809436,1.2923288229,1.2923288229,1.2923288229,1.2923288229,1.2608986123,1.2436248672,1.0580742700,0.9530469334
2026-05-25,1.3519455667,1.3519455667,1.3519455667,1.3519455667,1.3106470111,1.3106470111,1.3106470111,1.3106470111,1.2803313458,1.2631174827,1.0617658129,0.9680947323
2026-05-26,1.3375288139,1.3375288139,1.3375288139,1.3375288139,1.3072945105,1.3072945105,1.3072945105,1.3072945105,1.2683139867,1.2510599792,1.0565933998,0.9732581927
2026-05-27,1.3446449214,1.3446449214,1.3446449214,1.3446449214,1.2980791228,1.2980791228,1.2980791228,1.2980791228,1.2742534137,1.2570182864,1.0425754175,0.9654530076
2026-05-28,1.3667134363,1.3667134363,1.3667134363,1.3667134363,1.3166543184,1.3166543184,1.3166543184,1.3166543184,1.2926611214,1.2754859728,1.0440226553,0.9666410952
2026-05-29,1.3355257150,1.3355257150,1.3355257150,1.3355257150,1.2886365602,1.2886365602,1.2886365602,1.2886365602,1.2666972602,1.2494312011,1.0358145777,0.9622959204
2026-06-01,1.3328633177,1.3328633177,1.3328633177,1.3328633177,1.2825118369,1.2825118369,1.2825118369,1.2825118369,1.2644746062,1.2472015426,1.0412685769,0.9528817027
2026-06-02,1.3494624658,1.3494624658,1.3494624658,1.3494624658,1.2965923639,1.2965923639,1.2965923639,1.2965923639,1.2783354194,1.2611056216,1.0374609450,0.9667099414
