fold,date,segment,selected_name,strategy,equal_weight,benchmark
1,2021-12-13,train,ret60_ret5_top5_riskoff0,1.0000000000,1.0000000000,1.0000000000
1,2021-12-14,train,ret60_ret5_top5_riskoff0,1.0000000000,0.9954078109,0.9932924191
1,2021-12-15,train,ret60_ret5_top5_riskoff0,1.0000000000,0.9940787395,0.9846768166
1,2021-12-16,train,ret60_ret5_top5_riskoff0,1.0000000000,1.0042441620,0.9903477714
1,2021-12-17,train,ret60_ret5_top5_riskoff0,1.0000000000,0.9943271382,0.9746174122
1,2021-12-20,train,ret60_ret5_top5_riskoff0,1.0000000000,0.9811179554,0.9599944923
1,2021-12-21,train,ret60_ret5_top5_riskoff0,1.0000000000,0.9949953196,0.9664994689
1,2021-12-22,train,ret60_ret5_top5_riskoff0,1.0000000000,0.9972909842,0.9666883040
1,2021-12-23,train,ret60_ret5_top5_riskoff0,1.0000000000,0.9986314962,0.9734332586
1,2021-12-24,train,ret60_ret5_top5_riskoff0,1.0000000000,0.9881045494,0.9680435894
1,2021-12-27,train,ret60_ret5_top5_riskoff0,1.0000000000,0.9902205582,0.9676462489
1,2021-12-28,train,ret60_ret5_top5_riskoff0,1.0000000000,0.9944623309,0.9748534561
1,2021-12-29,train,ret60_ret5_top5_riskoff0,1.0000000000,0.9888371426,0.9605964043
1,2021-12-30,train,ret60_ret5_top5_riskoff0,1.0000000000,0.9963101665,0.9680770290
1,2021-12-31,train,ret60_ret5_top5_riskoff0,1.0000000000,1.0028824953,0.9717868524
1,2022-01-04,train,ret60_ret5_top5_riskoff0,1.0000000000,1.0086308634,0.9673413588
1,2022-01-05,train,ret60_ret5_top5_riskoff0,1.0000000000,0.9975294115,0.9575750423
1,2022-01-06,train,ret60_ret5_top5_riskoff0,1.0000000000,0.9982121335,0.9477615170
1,2022-01-07,train,ret60_ret5_top5_riskoff0,1.0000000000,0.9915944502,0.9485758684
1,2022-01-10,train,ret60_ret5_top5_riskoff0,1.0000000000,0.9974185071,0.9528384279
1,2022-01-11,train,ret60_ret5_top5_riskoff0,1.0000000000,0.9883696155,0.9437369684
1,2022-01-12,train,ret60_ret5_top5_riskoff0,1.0000000000,0.9971330704,0.9531413510
1,2022-01-13,train,ret60_ret5_top5_riskoff0,1.0000000000,0.9837862005,0.9374719698
1,2022-01-14,train,ret60_ret5_top5_riskoff0,1.0000000000,0.9750879564,0.9297631693
1,2022-01-17,train,ret60_ret5_top5_riskoff0,1.0000000000,0.9849388433,0.9377394862
1,2022-01-18,train,ret60_ret5_top5_riskoff0,1.0000000000,0.9867265668,0.9468016051
1,2022-01-19,train,ret60_ret5_top5_riskoff0,1.0000000000,0.9846745546,0.9403162988
1,2022-01-20,train,ret60_ret5_top5_riskoff0,1.0000000000,0.9769279485,0.9488001102
1,2022-01-21,train,ret60_ret5_top5_riskoff0,1.0000000000,0.9664382663,0.9401058264
1,2022-01-24,train,ret60_ret5_top5_riskoff0,1.0000000000,0.9670495406,0.9415673315
1,2022-01-25,train,ret60_ret5_top5_riskoff0,1.0000000000,0.9351999839,0.9202663362
1,2022-01-26,train,ret60_ret5_top5_riskoff0,1.0000000000,0.9410170992,0.9269267084
1,2022-01-27,train,ret60_ret5_top5_riskoff0,1.0000000000,0.9186589007,0.9087454266
1,2022-01-28,train,ret60_ret5_top5_riskoff0,1.0000000000,0.9183846936,0.8977084071
1,2022-02-07,train,ret60_ret5_top5_riskoff0,1.0000000000,0.9350338433,0.9115405799
1,2022-02-08,train,ret60_ret5_top5_riskoff0,1.0000000000,0.9451069282,0.9065600535
1,2022-02-09,train,ret60_ret5_top5_riskoff0,1.0000000000,0.9570239845,0.9150753373
1,2022-02-10,train,ret60_ret5_top5_riskoff0,1.0000000000,0.9587187938,0.9126755577
1,2022-02-11,train,ret60_ret5_top5_riskoff0,1.0000000000,0.9480777023,0.9051103505
1,2022-02-14,train,ret60_ret5_top5_riskoff0,1.0000000000,0.9410679948,0.8953322318
1,2022-02-15,train,ret60_ret5_top5_riskoff0,1.0000000000,0.9453901850,0.9048546363
1,2022-02-16,train,ret60_ret5_top5_riskoff0,1.0000000000,0.9532056518,0.9083736575
1,2022-02-17,train,ret60_ret5_top5_riskoff0,1.0000000000,0.9529759936,0.9105727999
1,2022-02-18,train,ret60_ret5_top5_riskoff0,1.0000000000,0.9613142958,0.9149140407
1,2022-02-21,train,ret60_ret5_top5_riskoff0,1.0000000000,0.9670453904,0.9115838546
1,2022-02-22,train,ret60_ret5_top5_riskoff0,1.0000000000,0.9554381996,0.8997501869
1,2022-02-23,train,ret60_ret5_top5_riskoff0,1.0000000000,0.9649246089,0.9093689760
1,2022-02-24,train,ret60_ret5_top5_riskoff0,1.0000000000,0.9434111565,0.8909319800
1,2022-02-25,train,ret60_ret5_top5_riskoff0,1.0000000000,0.9505378584,0.8996065935
1,2022-02-28,train,ret60_ret5_top5_riskoff0,1.0000000000,0.9527518156,0.9012254613
1,2022-03-01,train,ret60_ret5_top5_riskoff0,1.0000000000,0.9600453783,0.9087080530
1,2022-03-02,train,ret60_ret5_top5_riskoff0,1.0000000000,0.9583600882,0.9006255163
1,2022-03-04,train,ret60_ret5_top5_riskoff0,1.0000000000,0.9469759814,0.8844624100
1,2022-03-07,train,ret60_ret5_top5_riskoff0,1.0000000000,0.9273500124,0.8562059876
1,2022-03-08,train,ret60_ret5_top5_riskoff0,1.0000000000,0.8998391254,0.8390160903
1,2022-03-09,train,ret60_ret5_top5_riskoff0,1.0000000000,0.8888587966,0.8313367953
1,2022-03-10,train,ret60_ret5_top5_riskoff0,1.0000000000,0.9021121701,0.8444155946
1,2022-03-11,train,ret60_ret5_top5_riskoff0,1.0000000000,0.9051883632,0.8471064951
1,2022-03-14,train,ret60_ret5_top5_riskoff0,1.0000000000,0.8782877289,0.8211888745
1,2022-03-15,train,ret60_ret5_top5_riskoff0,1.0000000000,0.8319701930,0.7836283882
1,2022-03-16,train,ret60_ret5_top5_riskoff0,1.0000000000,0.8614050567,0.8175144577
1,2022-03-17,train,ret60_ret5_top5_riskoff0,1.0000000000,0.8782574053,0.8335693772
1,2022-03-18,train,ret60_ret5_top5_riskoff0,1.0000000000,0.8894070746,0.8391164090
1,2022-03-21,train,ret60_ret5_top5_riskoff0,1.0000000000,0.8941853258,0.8377099807
1,2022-03-22,train,ret60_ret5_top5_riskoff0,1.0000000000,0.8961038767,0.8370293875
1,2022-03-24,train,ret60_ret5_top5_riskoff0,1.0000000000,0.8913004370,0.8362465085
1,2022-03-25,train,ret60_ret5_top5_riskoff0,1.0000000000,0.8832936560,0.8211515008
1,2022-03-28,train,ret60_ret5_top5_riskoff0,1.0000000000,0.8819803914,0.8160175459
1,2022-03-29,train,ret60_ret5_top5_riskoff0,1.0000000000,0.8773267222,0.8131987883
1,2022-03-30,train,ret60_ret5_top5_riskoff0,1.0000000000,0.8956248137,0.8367953106
1,2022-04-01,train,ret60_ret5_top5_riskoff0,1.0000000000,0.8991790838,0.8411345844
1,2022-04-06,train,ret60_ret5_top5_riskoff0,1.0000000000,0.9035307345,0.8387112003
1,2022-04-07,train,ret60_ret5_top5_riskoff0,1.0000000000,0.8874241916,0.8279436642
1,2022-04-08,train,ret60_ret5_top5_riskoff0,1.0000000000,0.8884023583,0.8322062237
1,2022-04-11,train,ret60_ret5_top5_riskoff0,1.0000000000,0.8633521796,0.8064971085
1,2022-04-12,train,ret60_ret5_top5_riskoff0,1.0000000000,0.8790082649,0.8222136984
1,2022-04-13,train,ret60_ret5_top5_riskoff0,1.0000000000,0.8671117282,0.8143003265
1,2022-04-15,train,ret60_ret5_top5_riskoff0,1.0000000000,0.8690451921,0.8239407530
1,2022-04-18,train,ret60_ret5_top5_riskoff0,1.0000000000,0.8682063492,0.8195405012
1,2022-04-19,train,ret60_ret5_top5_riskoff0,1.0000000000,0.8701019869,0.8133482828
1,2022-04-20,train,ret60_ret5_top5_riskoff0,1.0000000000,0.8571781280,0.8007376372
1,2022-04-21,train,ret60_ret5_top5_riskoff0,1.0000000000,0.8309753152,0.7859927613
1,2022-04-22,train,ret60_ret5_top5_riskoff0,1.0000000000,0.8310058791,0.7894193320
1,2022-04-25,train,ret60_ret5_top5_riskoff0,1.0000000000,0.7804721008,0.7504052087
1,2022-04-26,train,ret60_ret5_top5_riskoff0,1.0000000000,0.7647928663,0.7443487155
1,2022-04-27,train,ret60_ret5_top5_riskoff0,1.0000000000,0.7893658142,0.7662653920
1,2022-04-28,train,ret60_ret5_top5_riskoff0,1.0000000000,0.7875759188,0.7712950942
1,2022-04-29,train,ret60_ret5_top5_riskoff0,1.0000000000,0.8139786582,0.7900074747
1,2022-05-06,train,ret60_ret5_top5_riskoff0,1.0000000000,0.8038883682,0.7688776112
1,2022-05-10,train,ret60_ret5_top5_riskoff0,1.0000000000,0.8169309863,0.7710511822
1,2022-05-11,train,ret60_ret5_top5_riskoff0,1.0000000000,0.8223092469,0.7821747512
1,2022-05-12,train,ret60_ret5_top5_riskoff0,1.0000000000,0.8223052884,0.7786970376
1,2022-05-13,train,ret60_ret5_top5_riskoff0,1.0000000000,0.8284440181,0.7845705968
1,2022-05-16,train,ret60_ret5_top5_riskoff0,1.0000000000,0.8305084880,0.7782642905
1,2022-05-17,train,ret60_ret5_top5_riskoff0,1.0000000000,0.8340249914,0.7879715961
1,2022-05-18,train,ret60_ret5_top5_riskoff0,1.0000000000,0.8334385263,0.7852216846
1,2022-05-19,train,ret60_ret5_top5_riskoff0,1.0000000000,0.8366119994,0.7867343326
1,2022-05-20,train,ret60_ret5_top5_riskoff0,1.0000000000,0.8505041461,0.8020771864
1,2022-05-23,train,ret60_ret5_top5_riskoff0,1.0000000000,0.8538632478,0.7974310555
1,2022-05-24,train,ret60_ret5_top5_riskoff0,1.0000000000,0.8260445785,0.7787776860
1,2022-05-25,train,ret60_ret5_top5_riskoff0,1.0000000000,0.8379265681,0.7835044652
1,2022-05-26,train,ret60_ret5_top5_riskoff0,1.0000000000,0.8449497937,0.7854439592
1,2022-05-27,train,ret60_ret5_top5_riskoff0,1.0000000000,0.8459575169,0.7870687281
1,2022-05-30,train,ret60_ret5_top5_riskoff0,1.0000000000,0.8530336674,0.7925213423
1,2022-05-31,train,ret60_ret5_top5_riskoff0,1.0000000000,0.8626479444,0.8048152956
1,2022-06-01,train,ret60_ret5_top5_riskoff0,1.0000000000,0.8631038867,0.8031747905
1,2022-06-02,train,ret60_ret5_top5_riskoff0,1.0000000000,0.8642042005,0.8044317243
1,2022-06-06,train,ret60_ret5_top5_riskoff0,1.0000000000,0.8772457162,0.8194834573
1,2022-06-07,train,ret60_ret5_top5_riskoff0,1.0000000000,0.8774671382,0.8220484677
1,2022-06-08,train,ret60_ret5_top5_riskoff0,1.0000000000,0.8825800826,0.8300503560
1,2022-06-09,train,ret60_ret5_top5_riskoff0,1.0000000000,0.8720374101,0.8213678744
1,2022-06-10,train,ret60_ret5_top5_riskoff0,1.0000000000,0.8844395604,0.8338231244
1,2022-06-13,train,ret60_ret5_top5_riskoff0,1.0000000000,0.8808097568,0.8240587749
1,2022-06-14,train,ret60_ret5_top5_riskoff0,1.0000000000,0.8864390550,0.8305421142
1,2022-06-15,train,ret60_ret5_top5_riskoff0,1.0000000000,0.8891282234,0.8415397931
1,2022-06-16,train,ret60_ret5_top5_riskoff0,1.0000000000,0.8887657461,0.8360006295
1,2022-06-17,train,ret60_ret5_top5_riskoff0,1.0000000000,0.8940299417,0.8476021873
1,2022-06-20,train,ret60_ret5_top5_riskoff0,1.0000000000,0.8998006044,0.8518096699
1,2022-06-21,train,ret60_ret5_top5_riskoff0,1.0000000000,0.8965707445,0.8508536921
1,2022-06-22,train,ret60_ret5_top5_riskoff0,1.0000000000,0.8835610099,0.8400448483
1,2022-06-23,train,ret60_ret5_top5_riskoff0,1.0000000000,0.8985962987,0.8544553287
1,2022-06-24,train,ret60_ret5_top5_riskoff0,1.0000000000,0.9073721870,0.8644655573
1,2022-06-27,train,ret60_ret5_top5_riskoff0,1.0000000000,0.9179558167,0.8742004013
1,2022-06-28,train,ret60_ret5_top5_riskoff0,1.0000000000,0.9283136492,0.8832998938
1,2022-06-29,train,ret60_ret5_top5_riskoff0,1.0000000000,0.9140149633,0.8696958968
1,2022-06-30,train,ret60_ret5_top5_riskoff0,1.0000000000,0.9246808064,0.8822160589
1,2022-07-01,train,ret60_ret5_top5_riskoff0,1.0000000000,0.9222930626,0.8786183563
1,2022-07-04,train,ret60_ret5_top5_riskoff0,1.0000000000,0.9298187170,0.8843837287
1,2022-07-05,train,ret60_ret5_top5_riskoff0,1.0000000000,0.9265882879,0.8831071246
1,2022-07-06,train,ret60_ret5_top5_riskoff0,1.0000000000,0.9120441486,0.8702092923
1,2022-07-07,train,ret60_ret5_top5_riskoff0,1.0000000000,0.9167201122,0.8740450057
1,2022-07-08,train,ret60_ret5_top5_riskoff0,1.0000000000,0.9144840952,0.8711554349
1,2022-07-11,train,ret60_ret5_top5_riskoff0,1.0000000000,0.9028029584,0.8565679216
1,2022-07-12,train,ret60_ret5_top5_riskoff0,1.0000000000,0.8946260426,0.8485030882
1,2022-07-13,train,ret60_ret5_top5_riskoff0,1.0000000000,0.9000653862,0.8500452417
1,2022-07-14,train,ret60_ret5_top5_riskoff0,1.0000000000,0.9005798300,0.8501652307
1,2022-07-15,train,ret60_ret5_top5_riskoff0,1.0000000000,0.8845031780,0.8356996735
1,2022-07-18,train,ret60_ret5_top5_riskoff0,1.0000000000,0.9012128256,0.8443664188
1,2022-07-19,train,ret60_ret5_top5_riskoff0,1.0000000000,0.9043320117,0.8397930682
1,2022-07-20,train,ret60_ret5_top5_riskoff0,1.0000000000,0.9116794640,0.8426373972
1,2022-07-21,train,ret60_ret5_top5_riskoff0,1.0000000000,0.9029487339,0.8332467839
1,2022-07-22,train,ret60_ret5_top5_riskoff0,1.0000000000,0.9007338706,0.8336736300
1,2022-07-25,train,ret60_ret5_top5_riskoff0,1.0000000000,0.8946124714,0.8286399937
1,2022-07-26,train,ret60_ret5_top5_riskoff0,1.0000000000,0.9053062233,0.8351980802
1,2022-07-27,train,ret60_ret5_top5_riskoff0,1.0000000000,0.9063817781,0.8310791140
1,2022-07-28,train,ret60_ret5_top5_riskoff0,1.0000000000,0.9089230951,0.8312030371
1,2022-07-29,train,ret60_ret5_top5_riskoff0,1.0000000000,0.9002977286,0.8202722373
1,2022-08-01,train,ret60_ret5_top5_riskoff0,1.0000000000,0.9029854986,0.8239269838
1,2022-08-02,train,ret60_ret5_top5_riskoff0,1.0000000000,0.8763212970,0.8078641961
1,2022-08-03,train,ret60_ret5_top5_riskoff0,1.0000000000,0.8682083903,0.7999881978
1,2022-08-04,train,ret60_ret5_top5_riskoff0,1.0000000000,0.8745730717,0.8067862622
1,2022-08-05,train,ret60_ret5_top5_riskoff0,1.0000000000,0.8846091749,0.8176777214
1,2022-08-08,train,ret60_ret5_top5_riskoff0,1.0000000000,0.8903552283,0.8159388646
1,2022-08-09,train,ret60_ret5_top5_riskoff0,1.0000000000,0.8930131657,0.8175557654
1,2022-08-10,train,ret60_ret5_top5_riskoff0,1.0000000000,0.8898115491,0.8083992289
1,2022-08-11,train,ret60_ret5_top5_riskoff0,1.0000000000,0.9035098369,0.8248829616
1,2022-08-12,train,ret60_ret5_top5_riskoff0,1.0000000000,0.9043943454,0.8244128408
1,2022-08-15,train,ret60_ret5_top5_riskoff0,1.0000000000,0.9056919193,0.8233368740
1,2022-08-16,train,ret60_ret5_top5_riskoff0,1.0000000000,0.9086783928,0.8217947205
1,2022-08-17,train,ret60_ret5_top5_riskoff0,1.0000000000,0.9133395596,0.8294897518
1,2022-08-18,train,ret60_ret5_top5_riskoff0,1.0000000000,0.9072117457,0.8222392698
1,2022-08-19,train,ret60_ret5_top5_riskoff0,1.0000000000,0.9034858539,0.8165289744
1,2022-08-22,train,ret60_ret5_top5_riskoff0,1.0000000000,0.9121578273,0.8224949841
1,2022-08-23,train,ret60_ret5_top5_riskoff0,1.0000000000,0.9117453470,0.8184979740
1,2022-08-24,train,ret60_ret5_top5_riskoff0,1.0000000000,0.8914200417,0.8030252960
1,2022-08-25,train,ret60_ret5_top5_riskoff0,1.0000000000,0.8972376246,0.8096778001
1,2022-08-26,train,ret60_ret5_top5_riskoff0,1.0000000000,0.8941232090,0.8079684488
1,2022-08-29,train,ret60_ret5_top5_riskoff0,1.0000000000,0.8968141795,0.8044218891
1,2022-08-30,train,ret60_ret5_top5_riskoff0,1.0000000000,0.8939685796,0.8017211535
1,2022-08-31,train,ret60_ret5_top5_riskoff0,1.0000000000,0.8811934387,0.8023210984
1,2022-09-01,train,ret60_ret5_top5_riskoff0,1.0000000000,0.8768099808,0.7954168142
1,2022-09-02,train,ret60_ret5_top5_riskoff0,1.0000000000,0.8799358000,0.7914571777
1,2022-09-05,train,ret60_ret5_top5_riskoff0,1.0000000000,0.8834020225,0.7898481451
1,2022-09-06,train,ret60_ret5_top5_riskoff0,1.0000000000,0.8944658211,0.7970966600
1,2022-09-07,train,ret60_ret5_top5_riskoff0,1.0000000000,0.8949620743,0.7976277588
1,2022-09-08,train,ret60_ret5_top5_riskoff0,1.0000000000,0.8909914602,0.7942247925
1,2022-09-09,train,ret60_ret5_top5_riskoff0,1.0000000000,0.8982719103,0.8052618120
1,2022-09-13,train,ret60_ret5_top5_riskoff0,1.0000000000,0.9000994942,0.8086687124
1,2022-09-14,train,ret60_ret5_top5_riskoff0,1.0000000000,0.8923887489,0.7996695385
1,2022-09-15,train,ret60_ret5_top5_riskoff0,1.0000000000,0.8792054121,0.7921476061
1,2022-09-16,train,ret60_ret5_top5_riskoff0,1.0000000000,0.8574553088,0.7735709509
1,2022-09-19,train,ret60_ret5_top5_riskoff0,1.0000000000,0.8506030987,0.7726503796
1,2022-09-20,train,ret60_ret5_top5_riskoff0,1.0000000000,0.8566433590,0.7736024234
1,2022-09-21,train,ret60_ret5_top5_riskoff0,1.0000000000,0.8559490471,0.7678763917
1,2022-09-22,train,ret60_ret5_top5_riskoff0,1.0000000000,0.8511894022,0.7611117668
1,2022-09-23,train,ret60_ret5_top5_riskoff0,1.0000000000,0.8411179010,0.7584916795
1,2022-09-26,train,ret60_ret5_top5_riskoff0,1.0000000000,0.8301052023,0.7546874385
1,2022-09-27,train,ret60_ret5_top5_riskoff0,1.0000000000,0.8458112873,0.7656280735
1,2022-09-28,train,ret60_ret5_top5_riskoff0,1.0000000000,0.8274831397,0.7531197136
1,2022-09-29,train,ret60_ret5_top5_riskoff0,1.0000000000,0.8242509033,0.7528108895
1,2022-09-30,train,ret60_ret5_top5_riskoff0,1.0000000000,0.8182662007,0.7484342421
1,2022-10-10,train,ret60_ret5_top5_riskoff0,1.0000000000,0.8062421414,0.7319210040
1,2022-10-11,train,ret60_ret5_top5_riskoff0,1.0000000000,0.8091996871,0.7332487509
1,2022-10-12,train,ret60_ret5_top5_riskoff0,1.0000000000,0.8243020485,0.7443860891
1,2022-10-13,train,ret60_ret5_top5_riskoff0,1.0000000000,0.8233283973,0.7381623982
1,2022-10-14,train,ret60_ret5_top5_riskoff0,1.0000000000,0.8389348390,0.7558263504
1,2022-10-17,train,ret60_ret5_top5_riskoff0,1.0000000000,0.8448285877,0.7566013612
1,2022-10-18,train,ret60_ret5_top5_riskoff0,1.0000000000,0.8452853263,0.7550001967
1,2022-10-19,train,ret60_ret5_top5_riskoff0,1.0000000000,0.8350373763,0.7428557378
1,2022-10-20,train,ret60_ret5_top5_riskoff0,1.0000000000,0.8311708860,0.7386069476
1,2022-10-21,train,ret60_ret5_top5_riskoff0,1.0000000000,0.8301177466,0.7362386404
1,2022-10-24,train,ret60_ret5_top5_riskoff0,1.0000000000,0.8130829530,0.7146957001
1,2022-10-25,train,ret60_ret5_top5_riskoff0,1.0000000000,0.8112782547,0.7135312168
1,2022-10-26,train,ret60_ret5_top5_riskoff0,1.0000000000,0.8212922373,0.7193241276
1,2022-10-27,train,ret60_ret5_top5_riskoff0,1.0000000000,0.8189482868,0.7142570518
1,2022-10-28,train,ret60_ret5_top5_riskoff0,1.0000000000,0.7941955797,0.6965911326
1,2022-10-31,train,ret60_ret5_top5_riskoff0,1.0000000000,0.7905878586,0.6901727055
1,2022-11-01,train,ret60_ret5_top5_riskoff0,1.0000000000,0.8136411416,0.7148530627
1,2022-11-02,train,ret60_ret5_top5_riskoff0,1.0000000000,0.8241298852,0.7234371927
1,2022-11-03,train,ret60_ret5_top5_riskoff0,1.0000000000,0.8225425298,0.7175537983
1,2022-11-04,train,ret60_ret5_top5_riskoff0,1.0000000000,0.8436733919,0.7410145954
1,2022-11-07,train,ret60_ret5_top5_riskoff0,1.0000000000,0.8487899171,0.7426137928
1,2022-11-08,train,ret60_ret5_top5_riskoff0,1.0000000000,0.8463786127,0.7375054093
1,2022-11-09,train,ret60_ret5_top5_riskoff0,1.0000000000,0.8442157542,0.7306089933
1,2022-11-10,train,ret60_ret5_top5_riskoff0,1.0000000000,0.8420766897,0.7249872143
1,2022-11-11,train,ret60_ret5_top5_riskoff0,1.0000000000,0.8555248756,0.7451984736
1,2022-11-14,train,ret60_ret5_top5_riskoff0,1.0000000000,0.8521296002,0.7462960777
1,2022-11-15,train,ret60_ret5_top5_riskoff0,1.0000000000,0.8657391380,0.7604488768
1,2022-11-16,train,ret60_ret5_top5_riskoff0,1.0000000000,0.8630549954,0.7542369881
1,2022-11-17,train,ret60_ret5_top5_riskoff0,1.0000000000,0.8620328283,0.7511428459
1,2022-11-18,train,ret60_ret5_top5_riskoff0,1.0000000000,0.8570510857,0.7477811873
1,2022-11-21,train,ret60_ret5_top5_riskoff0,1.0000000000,0.8529076948,0.7414001338
1,2022-11-22,train,ret60_ret5_top5_riskoff0,1.0000000000,0.8499333774,0.7414866832
1,2022-11-23,train,ret60_ret5_top5_riskoff0,1.0000000000,0.8488112940,0.7422656281
1,2022-11-24,train,ret60_ret5_top5_riskoff0,1.0000000000,0.8484499144,0.7389767497
1,2022-11-25,train,ret60_ret5_top5_riskoff0,1.0000000000,0.8498286395,0.7427082104
1,2022-11-28,train,ret60_ret5_top5_riskoff0,1.0000000000,0.8456529398,0.7343404540
1,2022-11-29,train,ret60_ret5_top5_riskoff0,1.0000000000,0.8661781603,0.7569967347
1,2022-11-30,train,ret60_ret5_top5_riskoff0,1.0000000000,0.8667604530,0.7579055038
1,2022-12-01,train,ret60_ret5_top5_riskoff0,1.0000000000,0.8738772397,0.7661139305
1,2022-12-02,train,ret60_ret5_top5_riskoff0,1.0000000000,0.8736832930,0.7614284590
1,2022-12-05,train,ret60_ret5_top5_riskoff0,1.0000000000,0.8871816964,0.7763641371
1,2022-12-06,train,ret60_ret5_top5_riskoff0,1.0000000000,0.8875580143,0.7805578504
1,2022-12-07,train,ret60_ret5_top5_riskoff0,1.0000000000,0.8869075506,0.7786380267
1,2022-12-08,train,ret60_ret5_top5_riskoff0,1.0000000000,0.8850640815,0.7787835871
1,2022-12-09,train,ret60_ret5_top5_riskoff0,1.0000000000,0.8879986280,0.7864668162
1,2022-12-12,train,ret60_ret5_top5_riskoff0,1.0000000000,0.8789607293,0.7776545104
1,2022-12-13,train,ret60_ret5_top5_riskoff0,1.0000000000,0.8799664091,0.7761280932
1,2022-12-14,train,ret60_ret5_top5_riskoff0,1.0000000000,0.8809657718,0.7779397301
1,2022-12-15,train,ret60_ret5_top5_riskoff0,1.0000000000,0.8783360493,0.7773692907
1,2022-12-16,train,ret60_ret5_top5_riskoff0,1.0000000000,0.8753812406,0.7778099060
1,2022-12-19,train,ret60_ret5_top5_riskoff0,1.0000000000,0.8587031226,0.7658090405
1,2022-12-20,train,ret60_ret5_top5_riskoff0,1.0000000000,0.8491022478,0.7531806916
1,2022-12-21,train,ret60_ret5_top5_riskoff0,1.0000000000,0.8476508007,0.7534796806
1,2022-12-22,train,ret60_ret5_top5_riskoff0,1.0000000000,0.8438591570,0.7545595814
1,2022-12-23,train,ret60_ret5_top5_riskoff0,1.0000000000,0.8415520456,0.7530233290
1,2022-12-26,train,ret60_ret5_top5_riskoff0,1.0000000000,0.8489882195,0.7560269877
1,2022-12-27,train,ret60_ret5_top5_riskoff0,1.0000000000,0.8575183466,0.7647527440
1,2022-12-28,train,ret60_ret5_top5_riskoff0,1.0000000000,0.8514658063,0.7614894370
1,2022-12-29,train,ret60_ret5_top5_riskoff0,1.0000000000,0.8463539829,0.7586254377
1,2022-12-30,train,ret60_ret5_top5_riskoff0,1.0000000000,0.8517296298,0.7615622172
1,2023-01-03,train,ret60_ret5_top5_riskoff0,1.0000000000,0.8613777533,0.7647625792
1,2023-01-04,train,ret60_ret5_top5_riskoff0,1.0000000000,0.8648446655,0.7657559306
1,2023-01-05,train,ret60_ret5_top5_riskoff0,1.0000000000,0.8735952082,0.7806325977
1,2023-01-06,train,ret60_ret5_top5_riskoff0,1.0000000000,0.8721922444,0.7830540147
1,2023-01-09,train,ret60_ret5_top5_riskoff0,1.0000000000,0.8772420638,0.7893937606
1,2023-01-10,train,ret60_ret5_top5_riskoff0,1.0000000000,0.8762537306,0.7902494197
1,2023-01-11,train,ret60_ret5_top5_riskoff0,1.0000000000,0.8734757736,0.7887859475
1,2023-01-12,train,ret60_ret5_top5_riskoff0,1.0000000000,0.8722769823,0.7903281010
1,2023-01-13,train,ret60_ret5_top5_riskoff0,1.0000000000,0.8799847808,0.8014438019
1,2023-01-16,train,ret60_ret5_top5_riskoff0,1.0000000000,0.8893300478,0.8139501947
1,2023-01-17,train,ret60_ret5_top5_riskoff0,0.9990000000,0.8876277254,0.8138085684
1,2023-01-18,train,ret60_ret5_top5_riskoff0,0.9942990053,0.8882487070,0.8124454148
1,2023-01-19,train,ret60_ret5_top5_riskoff0,0.9949175456,0.8922532126,0.8175006885
1,2023-01-20,train,ret60_ret5_top5_riskoff0,0.9957235553,0.9002295921,0.8225205555
1,2023-01-30,train,ret60_ret5_top5_riskoff0,1.0024899718,0.9044906100,0.8264192140
1,2023-01-31,train,ret60_ret5_top5_riskoff0,0.9944421410,0.9040786256,0.8176678862
1,2023-02-01,train,ret60_ret5_top5_riskoff0,1.0043997413,0.9144072127,0.8253530823
1,2023-02-02,train,ret60_ret5_top5_riskoff0,1.0082951550,0.9143997661,0.8224458083
1,2023-02-03,train,ret60_ret5_top5_riskoff0,1.0073744963,0.9094527818,0.8146720957
1,2023-02-06,train,ret60_ret5_top5_riskoff0,0.9990213647,0.9028715818,0.8039025925
1,2023-02-07,train,ret60_ret5_top5_riskoff0,1.0027746357,0.9074204207,0.8053483615
1,2023-02-08,train,ret60_ret5_top5_riskoff0,0.9947971103,0.9020165280,0.8017899996
1,2023-02-09,train,ret60_ret5_top5_riskoff0,1.0119285909,0.9128742783,0.8125536016
1,2023-02-10,train,ret60_ret5_top5_riskoff0,1.0198122018,0.9118701419,0.8077245368
1,2023-02-13,train,ret60_ret5_top5_riskoff0,1.0457117914,0.9218394457,0.8150537000
1,2023-02-14,train,ret60_ret5_top5_riskoff0,1.0429630437,0.9221865015,0.8153920296
1,2023-02-15,train,ret60_ret5_top5_riskoff0,1.0431042877,0.9189534744,0.8111432393
1,2023-02-16,train,ret60_ret5_top5_riskoff0,1.0343588373,0.9062915648,0.8052028011
1,2023-02-17,train,ret60_ret5_top5_riskoff0,1.0279994084,0.9004158028,0.7936012432
1,2023-02-20,train,ret60_ret5_top5_riskoff0,1.0494062543,0.9182118505,0.8130709312
1,2023-02-21,train,ret60_ret5_top5_riskoff0,1.0409517721,0.9226958684,0.8152071285
1,2023-02-22,train,ret60_ret5_top5_riskoff0,1.0382140619,0.9198914143,0.8078504268
1,2023-02-23,train,ret60_ret5_top5_riskoff0,1.0250724497,0.9180138571,0.8072013061
1,2023-02-24,train,ret60_ret5_top5_riskoff0,1.0219525268,0.9137911618,0.7988217475
1,2023-02-27,train,ret60_ret5_top5_riskoff0,1.0159941282,0.9082941894,0.7954364845
1,2023-02-28,train,ret60_ret5_top5_riskoff0,1.0270934287,0.9150621988,0.8004760219
1,2023-03-01,train,ret60_ret5_top5_riskoff0,1.0448941143,0.9242450278,0.8117825249
1,2023-03-02,train,ret60_ret5_top5_riskoff0,1.0499114789,0.9238542466,0.8099728550
1,2023-03-03,train,ret60_ret5_top5_riskoff0,1.0455807729,0.9258542620,0.8124926236
1,2023-03-06,train,ret60_ret5_top5_riskoff0,1.0446732071,0.9224268615,0.8082556355
1,2023-03-07,train,ret60_ret5_top5_riskoff0,1.0206786027,0.9072119530,0.7964219678
1,2023-03-08,train,ret60_ret5_top5_riskoff0,1.0270791681,0.9094188212,0.7935225619
1,2023-03-09,train,ret60_ret5_top5_riskoff0,1.0224819339,0.9067624151,0.7907175735
1,2023-03-10,train,ret60_ret5_top5_riskoff0,1.0084606104,0.8923332123,0.7803493450
1,2023-03-13,train,ret60_ret5_top5_riskoff0,1.0251087486,0.8999575181,0.7885223652
1,2023-03-14,train,ret60_ret5_top5_riskoff0,1.0148568964,0.8911603886,0.7838034541
1,2023-03-15,train,ret60_ret5_top5_riskoff0,1.0052997934,0.8954862254,0.7842362013
1,2023-03-16,train,ret60_ret5_top5_riskoff0,1.0021287750,0.8826078664,0.7748436209
1,2023-03-17,train,ret60_ret5_top5_riskoff0,1.0157895784,0.8890432828,0.7787127739
1,2023-03-20,train,ret60_ret5_top5_riskoff0,1.0101210608,0.8840874462,0.7748298517
1,2023-03-21,train,ret60_ret5_top5_riskoff0,1.0313812526,0.8948461074,0.7833471026
1,2023-03-22,train,ret60_ret5_top5_riskoff0,1.0313812526,0.8990470826,0.7867028601
1,2023-03-23,train,ret60_ret5_top5_riskoff0,1.0313812526,0.9018394854,0.7945021441
1,2023-03-24,train,ret60_ret5_top5_riskoff0,1.0313812526,0.9010331291,0.7921338369
1,2023-03-27,train,ret60_ret5_top5_riskoff0,1.0313812526,0.8987396741,0.7892678705
1,2023-03-28,train,ret60_ret5_top5_riskoff0,1.0313812526,0.8953848895,0.7867166293
1,2023-03-29,train,ret60_ret5_top5_riskoff0,1.0313812526,0.8925056943,0.7880207719
1,2023-03-30,train,ret60_ret5_top5_riskoff0,1.0313812526,0.8966590640,0.7943919902
1,2023-03-31,train,ret60_ret5_top5_riskoff0,1.0313812526,0.9027037450,0.7968311106
1,2023-04-03,train,ret60_ret5_top5_riskoff0,1.0313812526,0.9125264230,0.8046284276
1,2023-04-04,train,ret60_ret5_top5_riskoff0,1.0313812526,0.9103115019,0.8070950864
1,2023-04-06,train,ret60_ret5_top5_riskoff0,1.0313812526,0.9081883049,0.8058224163
1,2023-04-07,train,ret60_ret5_top5_riskoff0,1.0313812526,0.9152687188,0.8110625910
1,2023-04-10,train,ret60_ret5_top5_riskoff0,1.0313812526,0.9080150452,0.8074294819
1,2023-04-11,train,ret60_ret5_top5_riskoff0,1.0313812526,0.9105708339,0.8065128447
1,2023-04-12,train,ret60_ret5_top5_riskoff0,1.0313812526,0.9140526971,0.8059502734
1,2023-04-13,train,ret60_ret5_top5_riskoff0,1.0313812526,0.9099353937,0.8003816043
1,2023-04-14,train,ret60_ret5_top5_riskoff0,1.0313812526,0.9116183389,0.8049097132
1,2023-04-17,train,ret60_ret5_top5_riskoff0,1.0313812526,0.9175372065,0.8161965459
1,2023-04-18,train,ret60_ret5_top5_riskoff0,1.0313812526,0.9174057035,0.8186848420
1,2023-04-19,train,ret60_ret5_top5_riskoff0,1.0303498713,0.9111884333,0.8113143711
1,2023-04-20,train,ret60_ret5_top5_riskoff0,1.0495182872,0.9085121702,0.8090444156
1,2023-04-21,train,ret60_ret5_top5_riskoff0,1.0017337573,0.8890705019,0.7932196389
1,2023-04-24,train,ret60_ret5_top5_riskoff0,1.0055610866,0.8826729991,0.7833982454
1,2023-04-25,train,ret60_ret5_top5_riskoff0,0.9933285179,0.8737691003,0.7794700814
1,2023-04-26,train,ret60_ret5_top5_riskoff0,0.9780042177,0.8761393330,0.7787934222
1,2023-04-27,train,ret60_ret5_top5_riskoff0,0.9609137033,0.8782838291,0.7845351902
1,2023-04-28,train,ret60_ret5_top5_riskoff0,0.9975949920,0.8910574509,0.7925351115
1,2023-05-04,train,ret60_ret5_top5_riskoff0,0.9961912569,0.8934653091,0.7927632873
1,2023-05-05,train,ret60_ret5_top5_riskoff0,0.9863526951,0.8880487696,0.7901333648
1,2023-05-08,train,ret60_ret5_top5_riskoff0,0.9932798812,0.8945549182,0.7991384397
1,2023-05-09,train,ret60_ret5_top5_riskoff0,0.9775750344,0.8849325900,0.7922971006
1,2023-05-10,train,ret60_ret5_top5_riskoff0,0.9732066311,0.8828086746,0.7861973327
1,2023-05-11,train,ret60_ret5_top5_riskoff0,0.9764221593,0.8839684922,0.7849758055
1,2023-05-12,train,ret60_ret5_top5_riskoff0,0.9584627545,0.8737134619,0.7745702034
1,2023-05-15,train,ret60_ret5_top5_riskoff0,0.9609471820,0.8812278813,0.7865946733
1,2023-05-16,train,ret60_ret5_top5_riskoff0,0.9394426319,0.8723779566,0.7825268500
1,2023-05-17,train,ret60_ret5_top5_riskoff0,0.9441911432,0.8733836921,0.7789783233
1,2023-05-18,train,ret60_ret5_top5_riskoff0,0.9642184173,0.8745332298,0.7781718400
1,2023-05-19,train,ret60_ret5_top5_riskoff0,0.9612793090,0.8720708996,0.7759038514
1,2023-05-22,train,ret60_ret5_top5_riskoff0,0.9539497133,0.8754573008,0.7807801251
1,2023-05-23,train,ret60_ret5_top5_riskoff0,0.9539497133,0.8650860685,0.7697372045
1,2023-05-24,train,ret60_ret5_top5_riskoff0,0.9539497133,0.8572958851,0.7590955584
1,2023-05-25,train,ret60_ret5_top5_riskoff0,0.9539497133,0.8545858515,0.7574058775
1,2023-05-26,train,ret60_ret5_top5_riskoff0,0.9539497133,0.8571686322,0.7574943940
1,2023-05-29,train,ret60_ret5_top5_riskoff0,0.9539497133,0.8542628021,0.7541484716
1,2023-05-30,train,ret60_ret5_top5_riskoff0,0.9539497133,0.8572658436,0.7548979110
1,2023-05-31,train,ret60_ret5_top5_riskoff0,0.9539497133,0.8529147849,0.7471851764
1,2023-06-01,train,ret60_ret5_top5_riskoff0,0.9539497133,0.8542300956,0.7488237145
1,2023-06-02,train,ret60_ret5_top5_riskoff0,0.9539497133,0.8645202709,0.7596345254
1,2023-06-05,train,ret60_ret5_top5_riskoff0,0.9539497133,0.8649870004,0.7561764822
1,2023-06-06,train,ret60_ret5_top5_riskoff0,0.9539497133,0.8538730800,0.7490774617
1,2023-06-07,train,ret60_ret5_top5_riskoff0,0.9539497133,0.8546215194,0.7453755065
1,2023-06-08,train,ret60_ret5_top5_riskoff0,0.9539497133,0.8570277427,0.7514438019
1,2023-06-09,train,ret60_ret5_top5_riskoff0,0.9539497133,0.8599220372,0.7546913726
1,2023-06-12,train,ret60_ret5_top5_riskoff0,0.9539497133,0.8640950689,0.7562118887
1,2023-06-13,train,ret60_ret5_top5_riskoff0,0.9539497133,0.8658826589,0.7602403714
1,2023-06-14,train,ret60_ret5_top5_riskoff0,0.9539497133,0.8681409076,0.7600653055
1,2023-06-15,train,ret60_ret5_top5_riskoff0,0.9539497133,0.8752919962,0.7721586215
1,2023-06-16,train,ret60_ret5_top5_riskoff0,0.9539497133,0.8812457388,0.7796038396
1,2023-06-19,train,ret60_ret5_top5_riskoff0,0.9539497133,0.8762017956,0.7732227861
1,2023-06-20,train,ret60_ret5_top5_riskoff0,0.9539497133,0.8724094663,0.7719107754
1,2023-06-21,train,ret60_ret5_top5_riskoff0,0.9539497133,0.8590451486,0.7600672725
1,2023-06-26,train,ret60_ret5_top5_riskoff0,0.9539497133,0.8452182434,0.7493803848
1,2023-06-27,train,ret60_ret5_top5_riskoff0,0.9539497133,0.8597900033,0.7564085920
1,2023-06-28,train,ret60_ret5_top5_riskoff0,0.9539497133,0.8578450261,0.7554978559
1,2023-06-29,train,ret60_ret5_top5_riskoff0,0.9539497133,0.8573653090,0.7517683622
1,2023-06-30,train,ret60_ret5_top5_riskoff0,0.9539497133,0.8647718233,0.7558224163
1,2023-07-03,train,ret60_ret5_top5_riskoff0,0.9539497133,0.8729136087,0.7657421614
1,2023-07-04,train,ret60_ret5_top5_riskoff0,0.9539497133,0.8738265065,0.7669479523
1,2023-07-05,train,ret60_ret5_top5_riskoff0,0.9539497133,0.8681081879,0.7610075141
1,2023-07-06,train,ret60_ret5_top5_riskoff0,0.9539497133,0.8649218851,0.7558814273
1,2023-07-07,train,ret60_ret5_top5_riskoff0,0.9539497133,0.8623172467,0.7525276368
1,2023-07-10,train,ret60_ret5_top5_riskoff0,0.9539497133,0.8646356764,0.7561922184
1,2023-07-11,train,ret60_ret5_top5_riskoff0,0.9539497133,0.8690430092,0.7611412723
1,2023-07-12,train,ret60_ret5_top5_riskoff0,0.9539497133,0.8602193510,0.7560171525
1,2023-07-13,train,ret60_ret5_top5_riskoff0,0.9539497133,0.8699923374,0.7668318974
1,2023-07-14,train,ret60_ret5_top5_riskoff0,0.9539497133,0.8694921602,0.7669656556
1,2023-07-17,train,ret60_ret5_top5_riskoff0,0.9539497133,0.8648245161,0.7606849207
1,2023-07-18,train,ret60_ret5_top5_riskoff0,0.9539497133,0.8637218816,0.7582792399
1,2023-07-19,train,ret60_ret5_top5_riskoff0,0.9539497133,0.8652681640,0.7574786577
1,2023-07-20,train,ret60_ret5_top5_riskoff0,0.9539497133,0.8585911123,0.7521322633
1,2023-07-21,train,ret60_ret5_top5_riskoff0,0.9539497133,0.8585315435,0.7517821315
1,2023-07-24,train,ret60_ret5_top5_riskoff0,0.9539497133,0.8557364910,0.7484991542
1,2023-07-25,train,ret60_ret5_top5_riskoff0,0.9539497133,0.8746394483,0.7701168417
1,2023-07-26,train,ret60_ret5_top5_riskoff0,0.9539497133,0.8732865399,0.7685215783
1,2023-07-27,train,ret60_ret5_top5_riskoff0,0.9539497133,0.8701082198,0.7676049412
1,2023-07-28,train,ret60_ret5_top5_riskoff0,0.9539497133,0.8828207672,0.7853849483
1,2023-07-31,train,ret60_ret5_top5_riskoff0,0.9539497133,0.8917808388,0.7896907825
1,2023-08-01,train,ret60_ret5_top5_riskoff0,0.9539497133,0.8902362738,0.7864196074
1,2023-08-02,train,ret60_ret5_top5_riskoff0,0.9539497133,0.8858610255,0.7808922460
1,2023-08-03,train,ret60_ret5_top5_riskoff0,0.9539497133,0.8877353027,0.7877925961
1,2023-08-04,train,ret60_ret5_top5_riskoff0,0.9539497133,0.8894190472,0.7908611668
1,2023-08-07,train,ret60_ret5_top5_riskoff0,0.9539497133,0.8836557937,0.7848754868
1,2023-08-08,train,ret60_ret5_top5_riskoff0,0.9539497133,0.8806578180,0.7828258389
1,2023-08-09,train,ret60_ret5_top5_riskoff0,0.9539497133,0.8741523764,0.7804339274
1,2023-08-10,train,ret60_ret5_top5_riskoff0,0.9539497133,0.8765481198,0.7820370589
1,2023-08-11,train,ret60_ret5_top5_riskoff0,0.9539497133,0.8598981262,0.7640446123
1,2023-08-14,train,ret60_ret5_top5_riskoff0,0.9539497133,0.8606664918,0.7584700421
1,2023-08-15,train,ret60_ret5_top5_riskoff0,0.9539497133,0.8570617655,0.7566269326
1,2023-08-16,train,ret60_ret5_top5_riskoff0,0.9539497133,0.8509628403,0.7510779338
1,2023-08-17,train,ret60_ret5_top5_riskoff0,0.9539497133,0.8574625134,0.7535898344
1,2023-08-18,train,ret60_ret5_top5_riskoff0,0.9539497133,0.8449187838,0.7443251111
1,2023-08-21,train,ret60_ret5_top5_riskoff0,0.9539497133,0.8372329043,0.7336165860
1,2023-08-22,train,ret60_ret5_top5_riskoff0,0.9539497133,0.8413190018,0.7392560683
1,2023-08-23,train,ret60_ret5_top5_riskoff0,0.9539497133,0.8286568687,0.7271391479
1,2023-08-24,train,ret60_ret5_top5_riskoff0,0.9539497133,0.8300286112,0.7324107951
1,2023-08-25,train,ret60_ret5_top5_riskoff0,0.9539497133,0.8215270021,0.7296018726
1,2023-08-28,train,ret60_ret5_top5_riskoff0,0.9539497133,0.8319835989,0.7381525630
1,2023-08-29,train,ret60_ret5_top5_riskoff0,0.9539497133,0.8467774619,0.7455269680
1,2023-08-30,train,ret60_ret5_top5_riskoff0,0.9539497133,0.8470720771,0.7452122428
1,2023-08-31,train,ret60_ret5_top5_riskoff0,0.9539497133,0.8402404328,0.7406408592
1,2023-09-01,train,ret60_ret5_top5_riskoff0,0.9539497133,0.8460123586,0.7457984185
1,2023-09-04,train,ret60_ret5_top5_riskoff0,0.9539497133,0.8602722940,0.7571009875
1,2023-09-05,train,ret60_ret5_top5_riskoff0,0.9539497133,0.8542115449,0.7514693733
1,2023-09-06,train,ret60_ret5_top5_riskoff0,0.9539497133,0.8537998611,0.7498387033
1,2023-09-07,train,ret60_ret5_top5_riskoff0,0.9539497133,0.8427234964,0.7393032771
1,2023-09-11,train,ret60_ret5_top5_riskoff0,0.9539497133,0.8475368190,0.7410873756
1,2023-09-12,train,ret60_ret5_top5_riskoff0,0.9539497133,0.8463954643,0.7397222550
1,2023-09-13,train,ret60_ret5_top5_riskoff0,0.9539497133,0.8407295364,0.7350112121
1,2023-09-14,train,ret60_ret5_top5_riskoff0,0.9539497133,0.8384632625,0.7343935639
1,2023-09-15,train,ret60_ret5_top5_riskoff0,0.9539497133,0.8373807354,0.7295290924
1,2023-09-18,train,ret60_ret5_top5_riskoff0,0.9539497133,0.8408666107,0.7332526850
1,2023-09-19,train,ret60_ret5_top5_riskoff0,0.9539497133,0.8363439387,0.7318344545
1,2023-09-20,train,ret60_ret5_top5_riskoff0,0.9539497133,0.8319883219,0.7289212794
1,2023-09-21,train,ret60_ret5_top5_riskoff0,0.9539497133,0.8252830795,0.7223808962
1,2023-09-22,train,ret60_ret5_top5_riskoff0,0.9539497133,0.8371944117,0.7354596955
1,2023-09-25,train,ret60_ret5_top5_riskoff0,0.9539497133,0.8318720545,0.7306739053
1,2023-09-26,train,ret60_ret5_top5_riskoff0,0.9539497133,0.8280947193,0.7264034777
1,2023-09-27,train,ret60_ret5_top5_riskoff0,0.9539497133,0.8301137697,0.7279003895
1,2023-09-28,train,ret60_ret5_top5_riskoff0,0.9539497133,0.8328570290,0.7257405877
1,2023-10-09,train,ret60_ret5_top5_riskoff0,0.9539497133,0.8274820052,0.7247983792
1,2023-10-10,train,ret60_ret5_top5_riskoff0,0.9539497133,0.8228120089,0.7193693694
1,2023-10-11,train,ret60_ret5_top5_riskoff0,0.9539497133,0.8220729133,0.7214190173
1,2023-10-12,train,ret60_ret5_top5_riskoff0,0.9539497133,0.8277797290,0.7282701916
1,2023-10-13,train,ret60_ret5_top5_riskoff0,0.9539497133,0.8200358058,0.7206046658
1,2023-10-16,train,ret60_ret5_top5_riskoff0,0.9539497133,0.8155744480,0.7133640190
1,2023-10-17,train,ret60_ret5_top5_riskoff0,0.9539497133,0.8168650155,0.7158818207
1,2023-10-18,train,ret60_ret5_top5_riskoff0,0.9539497133,0.8059943204,0.7102128329
1,2023-10-19,train,ret60_ret5_top5_riskoff0,0.9539497133,0.7943636389,0.6950588143
1,2023-10-20,train,ret60_ret5_top5_riskoff0,0.9539497133,0.7884601299,0.6905444746
1,2023-10-23,train,ret60_ret5_top5_riskoff0,0.9539497133,0.7732450239,0.6833943113
1,2023-10-24,train,ret60_ret5_top5_riskoff0,0.9539497133,0.7838721088,0.6859298163
1,2023-10-25,train,ret60_ret5_top5_riskoff0,0.9539497133,0.7911218502,0.6893386837
1,2023-10-26,train,ret60_ret5_top5_riskoff0,0.9539497133,0.7926982568,0.6912427712
1,2023-10-27,train,ret60_ret5_top5_riskoff0,0.9539497133,0.8034556415,0.7007337031
1,2023-10-30,train,ret60_ret5_top5_riskoff0,0.9539497133,0.8087155178,0.7049392187
1,2023-10-31,train,ret60_ret5_top5_riskoff0,0.9539497133,0.8064865238,0.7027243401
1,2023-11-01,train,ret60_ret5_top5_riskoff0,0.9539497133,0.8060300002,0.7024332192
1,2023-11-02,train,ret60_ret5_top5_riskoff0,0.9539497133,0.8003643076,0.6991207365
1,2023-11-03,train,ret60_ret5_top5_riskoff0,0.9539497133,0.8062353390,0.7050119989
1,2023-11-06,train,ret60_ret5_top5_riskoff0,0.9539497133,0.8172239456,0.7145462056
1,2023-11-07,train,ret60_ret5_top5_riskoff0,0.9539497133,0.8184431194,0.7120185688
1,2023-11-08,train,ret60_ret5_top5_riskoff0,0.9539497133,0.8184184510,0.7103092175
1,2023-11-09,train,ret60_ret5_top5_riskoff0,0.9539497133,0.8168548768,0.7106554152
1,2023-11-10,train,ret60_ret5_top5_riskoff0,0.9539497133,0.8134490056,0.7054742515
1,2023-11-13,train,ret60_ret5_top5_riskoff0,0.9539497133,0.8180042745,0.7040815925
1,2023-11-14,train,ret60_ret5_top5_riskoff0,0.9539497133,0.8203961568,0.7046028561
1,2023-11-15,train,ret60_ret5_top5_riskoff0,0.9539497133,0.8252797024,0.7095578111
1,2023-11-16,train,ret60_ret5_top5_riskoff0,0.9539497133,0.8195586519,0.7026948346
1,2023-11-17,train,ret60_ret5_top5_riskoff0,0.9539497133,0.8215723357,0.7018509776
1,2023-11-20,train,ret60_ret5_top5_riskoff0,0.9539497133,0.8265506049,0.7034737795
1,2023-11-21,train,ret60_ret5_top5_riskoff0,0.9539497133,0.8261622885,0.7044081199
1,2023-11-22,train,ret60_ret5_top5_riskoff0,0.9539497133,0.8189492607,0.6971989457
1,2023-11-23,train,ret60_ret5_top5_riskoff0,0.9539497133,0.8249189893,0.7005625713
1,2023-11-24,train,ret60_ret5_top5_riskoff0,0.9539497133,0.8183894291,0.6959380778
1,2023-11-27,train,ret60_ret5_top5_riskoff0,0.9539497133,0.8150849979,0.6908100240
1,2023-11-28,train,ret60_ret5_top5_riskoff0,0.9539497133,0.8180455146,0.6921043314
1,2023-11-29,train,ret60_ret5_top5_riskoff0,0.9539497133,0.8124876844,0.6861619261
1,2023-11-30,train,ret60_ret5_top5_riskoff0,0.9539497133,0.8113044125,0.6877139148
1,2023-12-01,train,ret60_ret5_top5_riskoff0,0.9539497133,0.8141003442,0.6850938275
1,2023-12-04,train,ret60_ret5_top5_riskoff0,0.9539497133,0.8131980531,0.6806207955
1,2023-12-05,train,ret60_ret5_top5_riskoff0,0.9539497133,0.7983917251,0.6676619851
1,2023-12-06,train,ret60_ret5_top5_riskoff0,0.9539497133,0.8017220362,0.6687123805
1,2023-12-07,train,ret60_ret5_top5_riskoff0,0.9539497133,0.8005875236,0.6670758094
1,2023-12-08,train,ret60_ret5_top5_riskoff0,0.9539497133,0.7968683044,0.6686848420
1,2023-12-11,train,ret60_ret5_top5_riskoff0,0.9539497133,0.8040290956,0.6726169401
1,2023-12-12,train,ret60_ret5_top5_riskoff0,0.9539497133,0.8078156004,0.6740627090
1,2023-12-13,train,ret60_ret5_top5_riskoff0,0.9539497133,0.7982834320,0.6628132499
1,2023-12-14,train,ret60_ret5_top5_riskoff0,0.9539497133,0.7967499531,0.6593414375
1,2023-12-15,train,ret60_ret5_top5_riskoff0,0.9539497133,0.7948163551,0.6572937566
1,2023-12-18,train,ret60_ret5_top5_riskoff0,0.9539497133,0.7864790480,0.6548979110
1,2023-12-19,train,ret60_ret5_top5_riskoff0,0.9539497133,0.7856757265,0.6558165152
1,2023-12-20,train,ret60_ret5_top5_riskoff0,0.9539497133,0.7764278948,0.6486289783
1,2023-12-21,train,ret60_ret5_top5_riskoff0,0.9539497133,0.7829025139,0.6551929659
1,2023-12-22,train,ret60_ret5_top5_riskoff0,0.9539497133,0.7771866517,0.6564439986
1,2023-12-25,train,ret60_ret5_top5_riskoff0,0.9539497133,0.7760597563,0.6584543058
1,2023-12-26,train,ret60_ret5_top5_riskoff0,0.9539497133,0.7686329375,0.6539970101
1,2023-12-27,train,ret60_ret5_top5_riskoff0,0.9539497133,0.7721052304,0.6562728668
1,2023-12-28,train,ret60_ret5_top5_riskoff0,0.9539497133,0.7862093417,0.6716511271
1,2023-12-29,train,ret60_ret5_top5_riskoff0,0.9539497133,0.7931386147,0.6749105000
1,2024-01-02,train,ret60_ret5_top5_riskoff0,0.9539497133,0.7911563551,0.6661060624
1,2024-01-03,train,ret60_ret5_top5_riskoff0,0.9539497133,0.7903835863,0.6645226012
1,2024-01-04,train,ret60_ret5_top5_riskoff0,0.9539497133,0.7868862099,0.6583756245
1,2024-01-05,train,ret60_ret5_top5_riskoff0,0.9539497133,0.7779656860,0.6548467682
1,2024-01-08,train,ret60_ret5_top5_riskoff0,0.9539497133,0.7653849299,0.6463786931
1,2024-01-09,train,ret60_ret5_top5_riskoff0,0.9539497133,0.7693561635,0.6476454621
1,2024-01-10,train,ret60_ret5_top5_riskoff0,0.9539497133,0.7655254918,0.6446221331
1,2024-01-11,train,ret60_ret5_top5_riskoff0,0.9539497133,0.7731738422,0.6482690114
1,2024-01-12,train,ret60_ret5_top5_riskoff0,0.9539497133,0.7700959867,0.6460069240
1,2024-01-15,train,ret60_ret5_top5_riskoff0,0.9539497133,0.7700341007,0.6453676384
1,2024-01-16,train,ret60_ret5_top5_riskoff0,0.9539497133,0.7694888693,0.6492938353
1,2024-01-17,train,ret60_ret5_top5_riskoff0,0.9539497133,0.7521286588,0.6351705417
1,2024-01-18,test,ret60_ret5_top5_riskoff0,1.0000000000,1.0000000000,1.0000000000
1,2024-01-19,test,ret60_ret5_top5_riskoff0,1.0000000000,0.9935526183,0.9984884250
1,2024-01-22,test,ret60_ret5_top5_riskoff0,1.0000000000,0.9527570881,0.9829512662
1,2024-01-23,test,ret60_ret5_top5_riskoff0,1.0000000000,0.9602356556,0.9869302202
1,2024-01-24,test,ret60_ret5_top5_riskoff0,1.0000000000,0.9772632986,1.0007267775
1,2024-01-25,test,ret60_ret5_top5_riskoff0,1.0000000000,1.0067765340,1.0208230908
1,2024-01-26,test,ret60_ret5_top5_riskoff0,1.0000000000,1.0060869093,1.0180442357
1,2024-01-29,test,ret60_ret5_top5_riskoff0,1.0000000000,0.9878382097,1.0089259267
1,2024-01-30,test,ret60_ret5_top5_riskoff0,1.0000000000,0.9642097649,0.9909336037
1,2024-01-31,test,ret60_ret5_top5_riskoff0,1.0000000000,0.9383000826,0.9818672074
1,2024-02-01,test,ret60_ret5_top5_riskoff0,1.0000000000,0.9299476039,0.9825878775
1,2024-02-02,test,ret60_ret5_top5_riskoff0,1.0000000000,0.9082191650,0.9709594379
1,2024-02-05,test,ret60_ret5_top5_riskoff0,1.0000000000,0.8765805348,0.9773080529
1,2024-02-06,test,ret60_ret5_top5_riskoff0,1.0000000000,0.9096519055,1.0112864267
1,2024-02-07,test,ret60_ret5_top5_riskoff0,1.0000000000,0.9229717056,1.0210399025
1,2024-02-08,test,ret60_ret5_top5_riskoff0,1.0000000000,0.9487848089,1.0275442556
1,2024-02-19,test,ret60_ret5_top5_riskoff0,1.0000000000,0.9652751728,1.0394169901
1,2024-02-20,test,ret60_ret5_top5_riskoff0,1.0000000000,0.9705293752,1.0415667857
1,2024-02-21,test,ret60_ret5_top5_riskoff0,1.0000000000,0.9803421635,1.0556198526
1,2024-02-22,test,ret60_ret5_top5_riskoff0,1.0000000000,0.9932179774,1.0647198395
1,2024-02-23,test,ret60_ret5_top5_riskoff0,1.0000000000,1.0028124159,1.0656573214
1,2024-02-26,test,ret60_ret5_top5_riskoff0,1.0000000000,1.0025492705,1.0545480085
1,2024-02-27,test,ret60_ret5_top5_riskoff0,1.0000000000,1.0210386057,1.0671994332
1,2024-02-28,test,ret60_ret5_top5_riskoff0,1.0000000000,0.9892615118,1.0536013656
1,2024-02-29,test,ret60_ret5_top5_riskoff0,1.0000000000,1.0154152800,1.0737007326
1,2024-03-01,test,ret60_ret5_top5_riskoff0,1.0000000000,1.0213348264,1.0803333405
1,2024-03-04,test,ret60_ret5_top5_riskoff0,1.0000000000,1.0227229427,1.0812708223
1,2024-03-05,test,ret60_ret5_top5_riskoff0,1.0000000000,1.0182837951,1.0887951068
1,2024-03-06,test,ret60_ret5_top5_riskoff0,1.0000000000,1.0205768720,1.0843794756
1,2024-03-07,test,ret60_ret5_top5_riskoff0,1.0000000000,1.0152070990,1.0778659615
1,2024-03-08,test,ret60_ret5_top5_riskoff0,1.0000000000,1.0221332195,1.0825045118
1,2024-03-11,test,ret60_ret5_top5_riskoff0,1.0000000000,1.0355391852,1.0960476131
1,2024-03-12,test,ret60_ret5_top5_riskoff0,1.0000000000,1.0399947974,1.0985607974
1,2024-03-13,test,ret60_ret5_top5_riskoff0,1.0000000000,1.0374706245,1.0908868823
1,2024-03-14,test,ret60_ret5_top5_riskoff0,1.0000000000,1.0347845754,1.0877904438
1,2024-03-15,test,ret60_ret5_top5_riskoff0,1.0000000000,1.0432191912,1.0901631585
1,2024-03-18,test,ret60_ret5_top5_riskoff0,1.0000000000,1.0549102812,1.1004052242
1,2024-03-19,test,ret60_ret5_top5_riskoff0,0.9990000000,1.0503942036,1.0924961753
1,2024-03-20,test,ret60_ret5_top5_riskoff0,1.0027445587,1.0567734223,1.0948627826
1,2024-03-21,test,ret60_ret5_top5_riskoff0,1.0016843541,1.0567698853,1.0935527509
1,2024-03-22,test,ret60_ret5_top5_riskoff0,0.9957638155,1.0456606849,1.0825319950
1,2024-03-25,test,ret60_ret5_top5_riskoff0,0.9982538042,1.0325907942,1.0766567015
1,2024-03-26,test,ret60_ret5_top5_riskoff0,0.9952345455,1.0330571250,1.0821502841
1,2024-03-27,test,ret60_ret5_top5_riskoff0,0.9906933186,1.0107328084,1.0696423827
1,2024-03-28,test,ret60_ret5_top5_riskoff0,0.9990645339,1.0244385337,1.0751909318
1,2024-03-29,test,ret60_ret5_top5_riskoff0,1.0164235689,1.0352932649,1.0802356225
1,2024-04-01,test,ret60_ret5_top5_riskoff0,1.0256604594,1.0538630769,1.0979989190
1,2024-04-02,test,ret60_ret5_top5_riskoff0,1.0338651783,1.0518619902,1.0934275498
1,2024-04-03,test,ret60_ret5_top5_riskoff0,1.0474334196,1.0488283148,1.0894944011
1,2024-04-08,test,ret60_ret5_top5_riskoff0,1.0418581124,1.0338019138,1.0799088780
1,2024-04-09,test,ret60_ret5_top5_riskoff0,1.0377487326,1.0389690380,1.0790172014
1,2024-04-10,test,ret60_ret5_top5_riskoff0,1.0409094765,1.0256695393,1.0702286906
1,2024-04-11,test,ret60_ret5_top5_riskoff0,1.0442503669,1.0285503159,1.0700851673
1,2024-04-12,test,ret60_ret5_top5_riskoff0,1.0465866966,1.0214224230,1.0614126966
1,2024-04-15,test,ret60_ret5_top5_riskoff0,1.0606693399,1.0178121175,1.0837778992
1,2024-04-16,test,ret60_ret5_top5_riskoff0,1.0473891276,0.9849017217,1.0721830502
1,2024-04-17,test,ret60_ret5_top5_riskoff0,1.0654216834,1.0167085204,1.0887615162
1,2024-04-18,test,ret60_ret5_top5_riskoff0,1.0709036768,1.0163198327,1.0901051384
1,2024-04-19,test,ret60_ret5_top5_riskoff0,1.0731954498,1.0121425608,1.0815120636
1,2024-04-22,test,ret60_ret5_top5_riskoff0,1.0445423942,1.0051472884,1.0782262965
1,2024-04-23,test,ret60_ret5_top5_riskoff0,1.0277580388,0.9990088804,1.0706897973
1,2024-04-24,test,ret60_ret5_top5_riskoff0,1.0384982680,1.0090692160,1.0753924751
1,2024-04-25,test,ret60_ret5_top5_riskoff0,1.0431904460,1.0105270321,1.0780369679
1,2024-04-26,test,ret60_ret5_top5_riskoff0,1.0539875794,1.0253160091,1.0945238233
1,2024-04-29,test,ret60_ret5_top5_riskoff0,1.0568738485,1.0440658771,1.1066286381
1,2024-04-30,test,ret60_ret5_top5_riskoff0,1.0562806540,1.0373493599,1.1006678413
1,2024-05-06,test,ret60_ret5_top5_riskoff0,1.0606188452,1.0546572909,1.1170020124
1,2024-05-07,test,ret60_ret5_top5_riskoff0,1.0621907966,1.0570696831,1.1173470790
1,2024-05-08,test,ret60_ret5_top5_riskoff0,1.0617269175,1.0459938367,1.1085555145
1,2024-05-09,test,ret60_ret5_top5_riskoff0,1.0678854108,1.0588210877,1.1190418752
1,2024-05-10,test,ret60_ret5_top5_riskoff0,1.0714606297,1.0570947483,1.1195671093
1,2024-05-13,test,ret60_ret5_top5_riskoff0,1.0656519916,1.0506877668,1.1190815731
1,2024-05-14,test,ret60_ret5_top5_riskoff0,1.0617441940,1.0537192972,1.1167485564
1,2024-05-15,test,ret60_ret5_top5_riskoff0,1.0575551283,1.0467399855,1.1072851808
1,2024-05-16,test,ret60_ret5_top5_riskoff0,1.0593551431,1.0497447420,1.1116519530
1,2024-05-17,test,ret60_ret5_top5_riskoff0,1.0705904663,1.0625670888,1.1231368693
1,2024-05-20,test,ret60_ret5_top5_riskoff0,1.0901735018,1.0677128847,1.1271036085
1,2024-05-21,test,ret60_ret5_top5_riskoff0,1.0815087906,1.0602754451,1.1225841520
1,2024-05-22,test,ret60_ret5_top5_riskoff0,1.0765129085,1.0607866751,1.1251156584
1,2024-05-23,test,ret60_ret5_top5_riskoff0,1.0568328393,1.0417668552,1.1120886302
1,2024-05-24,test,ret60_ret5_top5_riskoff0,1.0503598247,1.0318599449,1.0997792184
1,2024-05-27,test,ret60_ret5_top5_riskoff0,1.0627040257,1.0400464576,1.1102319886
1,2024-05-28,test,ret60_ret5_top5_riskoff0,1.0519816519,1.0296304762,1.1021275036
1,2024-05-29,test,ret60_ret5_top5_riskoff0,1.0588913639,1.0313859306,1.1034558574
1,2024-05-30,test,ret60_ret5_top5_riskoff0,1.0507637817,1.0235300105,1.0975897250
1,2024-05-31,test,ret60_ret5_top5_riskoff0,1.0492131388,1.0235748810,1.0931954696
1,2024-06-03,test,ret60_ret5_top5_riskoff0,1.0406632971,1.0144502841,1.0958918751
1,2024-06-04,test,ret60_ret5_top5_riskoff0,1.0424635211,1.0188920348,1.1041124001
1,2024-06-05,test,ret60_ret5_top5_riskoff0,1.0262629763,1.0054475913,1.0977363019
1,2024-06-06,test,ret60_ret5_top5_riskoff0,1.0189328066,0.9897310646,1.0969606655
1,2024-06-07,test,ret60_ret5_top5_riskoff0,1.0210965366,0.9953986290,1.0914212775
1,2024-06-11,test,ret60_ret5_top5_riskoff0,1.0171532712,0.9915948909,1.0818846134
1,2024-06-12,test,ret60_ret5_top5_riskoff0,1.0243387010,0.9973733081,1.0822632706
1,2024-06-13,test,ret60_ret5_top5_riskoff0,1.0158856616,0.9882186641,1.0767696879
1,2024-06-14,test,ret60_ret5_top5_riskoff0,1.0176983058,0.9913880036,1.0814723657
1,2024-06-17,test,ret60_ret5_top5_riskoff0,1.0133683223,0.9846757387,1.0798447506
1,2024-06-18,test,ret60_ret5_top5_riskoff0,1.0248204419,0.9913304022,1.0827121625
1,2024-06-19,test,ret60_ret5_top5_riskoff0,1.0151339335,0.9839569652,1.0775697538
1,2024-06-20,test,ret60_ret5_top5_riskoff0,1.0151339335,0.9698397720,1.0697920134
1,2024-06-21,test,ret60_ret5_top5_riskoff0,1.0151339335,0.9685136366,1.0674528892
1,2024-06-24,test,ret60_ret5_top5_riskoff0,1.0151339335,0.9483126081,1.0617089042
1,2024-06-25,test,ret60_ret5_top5_riskoff0,1.0151339335,0.9467628843,1.0559343824
1,2024-06-26,test,ret60_ret5_top5_riskoff0,1.0151339335,0.9606747021,1.0627624262
1,2024-06-27,test,ret60_ret5_top5_riskoff0,1.0151339335,0.9459358284,1.0547800887
1,2024-06-28,test,ret60_ret5_top5_riskoff0,1.0151339335,0.9491742765,1.0570825686
1,2024-07-01,test,ret60_ret5_top5_riskoff0,1.0151339335,0.9603489318,1.0621272593
1,2024-07-02,test,ret60_ret5_top5_riskoff0,1.0151339335,0.9575535632,1.0601759534
1,2024-07-03,test,ret60_ret5_top5_riskoff0,1.0151339335,0.9534960900,1.0576169638
1,2024-07-04,test,ret60_ret5_top5_riskoff0,1.0151339335,0.9378293799,1.0522424750
1,2024-07-05,test,ret60_ret5_top5_riskoff0,1.0151339335,0.9416690672,1.0477382868
1,2024-07-08,test,ret60_ret5_top5_riskoff0,1.0151339335,0.9250644388,1.0387909843
1,2024-07-09,test,ret60_ret5_top5_riskoff0,1.0151339335,0.9354274106,1.0504102628
1,2024-07-10,test,ret60_ret5_top5_riskoff0,1.0151339335,0.9283186635,1.0471000663
1,2024-07-11,test,ret60_ret5_top5_riskoff0,1.0151339335,0.9472337470,1.0590705188
1,2024-07-12,test,ret60_ret5_top5_riskoff0,1.0151339335,0.9456299997,1.0603622283
1,2024-07-15,test,ret60_ret5_top5_riskoff0,1.0151339335,0.9402917723,1.0615378978
1,2024-07-16,test,ret60_ret5_top5_riskoff0,1.0151339335,0.9408653200,1.0682651700
1,2024-07-17,test,ret60_ret5_top5_riskoff0,1.0151339335,0.9374428410,1.0692728866
1,2024-07-18,test,ret60_ret5_top5_riskoff0,1.0151339335,0.9413175772,1.0751817707
1,2024-07-19,test,ret60_ret5_top5_riskoff0,1.0151339335,0.9413033269,1.0807058903
1,2024-07-22,test,ret60_ret5_top5_riskoff0,1.0151339335,0.9378782648,1.0733465049
1,2024-07-23,test,ret60_ret5_top5_riskoff0,1.0151339335,0.9175576234,1.0504316386
1,2024-07-24,test,ret60_ret5_top5_riskoff0,1.0151339335,0.9075281861,1.0438020844
1,2024-07-25,test,ret60_ret5_top5_riskoff0,1.0151339335,0.9075720159,1.0380306163
1,2024-07-26,test,ret60_ret5_top5_riskoff0,1.0151339335,0.9181824710,1.0410904105
1,2024-07-29,test,ret60_ret5_top5_riskoff0,1.0151339335,0.9160617189,1.0354258214
2,2022-07-01,train,ret60_ret5_top5_riskoff0,1.0000000000,1.0000000000,1.0000000000
2,2022-07-04,train,ret60_ret5_top5_riskoff0,1.0000000000,1.0081597213,1.0065618619
2,2022-07-05,train,ret60_ret5_top5_riskoff0,1.0000000000,1.0046571155,1.0051088942
2,2022-07-06,train,ret60_ret5_top5_riskoff0,1.0000000000,0.9888875734,0.9904292188
2,2022-07-07,train,ret60_ret5_top5_riskoff0,1.0000000000,0.9939575059,0.9947948383
2,2022-07-08,train,ret60_ret5_top5_riskoff0,1.0000000000,0.9915330954,0.9915060716
2,2022-07-11,train,ret60_ret5_top5_riskoff0,1.0000000000,0.9788677754,0.9749032847
2,2022-07-12,train,ret60_ret5_top5_riskoff0,1.0000000000,0.9700019212,0.9657242899
2,2022-07-13,train,ret60_ret5_top5_riskoff0,1.0000000000,0.9758995516,0.9674794928
2,2022-07-14,train,ret60_ret5_top5_riskoff0,1.0000000000,0.9764573393,0.9676160583
2,2022-07-15,train,ret60_ret5_top5_riskoff0,1.0000000000,0.9590261641,0.9511520758
2,2022-07-18,train,ret60_ret5_top5_riskoff0,1.0000000000,0.9771436674,0.9610161371
2,2022-07-19,train,ret60_ret5_top5_riskoff0,1.0000000000,0.9805256576,0.9558109754
2,2022-07-20,train,ret60_ret5_top5_riskoff0,1.0000000000,0.9884921626,0.9590482502
2,2022-07-21,train,ret60_ret5_top5_riskoff0,1.0000000000,0.9790258331,0.9483603181
2,2022-07-22,train,ret60_ret5_top5_riskoff0,1.0000000000,0.9766243586,0.9488461332
2,2022-07-25,train,ret60_ret5_top5_riskoff0,1.0000000000,0.9699872066,0.9431170971
2,2022-07-26,train,ret60_ret5_top5_riskoff0,1.0000000000,0.9815819505,0.9505811871
2,2022-07-27,train,ret60_ret5_top5_riskoff0,1.0000000000,0.9827481251,0.9458931834
2,2022-07-28,train,ret60_ret5_top5_riskoff0,1.0000000000,0.9855035584,0.9460342265
2,2022-07-29,train,ret60_ret5_top5_riskoff0,1.0000000000,0.9761514698,0.9335933302
2,2022-08-01,train,ret60_ret5_top5_riskoff0,1.0000000000,0.9790656953,0.9377529821
2,2022-08-02,train,ret60_ret5_top5_riskoff0,1.0000000000,0.9501549264,0.9194711108
2,2022-08-03,train,ret60_ret5_top5_riskoff0,1.0000000000,0.9413584744,0.9105070387
2,2022-08-04,train,ret60_ret5_top5_riskoff0,1.0000000000,0.9482594060,0.9182442598
2,2022-08-05,train,ret60_ret5_top5_riskoff0,1.0000000000,0.9591410917,0.9306403804
2,2022-08-08,train,ret60_ret5_top5_riskoff0,1.0000000000,0.9653712734,0.9286612996
2,2022-08-09,train,ret60_ret5_top5_riskoff0,1.0000000000,0.9682531529,0.9305015761
2,2022-08-10,train,ret60_ret5_top5_riskoff0,1.0000000000,0.9647817871,0.9200800587
2,2022-08-11,train,ret60_ret5_top5_riskoff0,1.0000000000,0.9796342113,0.9388410288
2,2022-08-12,train,ret60_ret5_top5_riskoff0,1.0000000000,0.9805932432,0.9383059605
2,2022-08-15,train,ret60_ret5_top5_riskoff0,1.0000000000,0.9820001430,0.9370813483
2,2022-08-16,train,ret60_ret5_top5_riskoff0,1.0000000000,0.9852382390,0.9353261454
2,2022-08-17,train,ret60_ret5_top5_riskoff0,1.0000000000,0.9902921280,0.9440842497
2,2022-08-18,train,ret60_ret5_top5_riskoff0,1.0000000000,0.9836480209,0.9358321095
2,2022-08-19,train,ret60_ret5_top5_riskoff0,1.0000000000,0.9796082076,0.9293329333
2,2022-08-22,train,ret60_ret5_top5_riskoff0,1.0000000000,0.9890108300,0.9361231508
2,2022-08-23,train,ret60_ret5_top5_riskoff0,1.0000000000,0.9885635965,0.9315739514
2,2022-08-24,train,ret60_ret5_top5_riskoff0,1.0000000000,0.9665258017,0.9139637139
2,2022-08-25,train,ret60_ret5_top5_riskoff0,1.0000000000,0.9728335396,0.9215352653
2,2022-08-26,train,ret60_ret5_top5_riskoff0,1.0000000000,0.9694567219,0.9195897661
2,2022-08-29,train,ret60_ret5_top5_riskoff0,1.0000000000,0.9723744175,0.9155532471
2,2022-08-30,train,ret60_ret5_top5_riskoff0,1.0000000000,0.9692890642,0.9124794032
2,2022-08-31,train,ret60_ret5_top5_riskoff0,1.0000000000,0.9554375658,0.9131622309
2,2022-09-01,train,ret60_ret5_top5_riskoff0,1.0000000000,0.9506847837,0.9053041158
2,2022-09-02,train,ret60_ret5_top5_riskoff0,1.0000000000,0.9540739659,0.9007974532
2,2022-09-05,train,ret60_ret5_top5_riskoff0,1.0000000000,0.9578322318,0.8989661317
2,2022-09-06,train,ret60_ret5_top5_riskoff0,1.0000000000,0.9698282004,0.9072160332
2,2022-09-07,train,ret60_ret5_top5_riskoff0,1.0000000000,0.9703662650,0.9078205036
2,2022-09-08,train,ret60_ret5_top5_riskoff0,1.0000000000,0.9660611105,0.9039474156
2,2022-09-09,train,ret60_ret5_top5_riskoff0,1.0000000000,0.9739549681,0.9165092059
2,2022-09-13,train,ret60_ret5_top5_riskoff0,1.0000000000,0.9759365334,0.9203867715
2,2022-09-14,train,ret60_ret5_top5_riskoff0,1.0000000000,0.9675761265,0.9101443565
2,2022-09-15,train,ret60_ret5_top5_riskoff0,1.0000000000,0.9532820400,0.9015832647
2,2022-09-16,train,ret60_ret5_top5_riskoff0,1.0000000000,0.9296994020,0.8804402335
2,2022-09-19,train,ret60_ret5_top5_riskoff0,1.0000000000,0.9222698654,0.8793924849
2,2022-09-20,train,ret60_ret5_top5_riskoff0,1.0000000000,0.9288190422,0.8804760540
2,2022-09-21,train,ret60_ret5_top5_riskoff0,1.0000000000,0.9280662317,0.8739589677
2,2022-09-22,train,ret60_ret5_top5_riskoff0,1.0000000000,0.9229055674,0.8662598059
2,2022-09-23,train,ret60_ret5_top5_riskoff0,1.0000000000,0.9119855013,0.8632777519
2,2022-09-26,train,ret60_ret5_top5_riskoff0,1.0000000000,0.9000449380,0.8589479529
2,2022-09-27,train,ret60_ret5_top5_riskoff0,1.0000000000,0.9170743244,0.8714000430
2,2022-09-28,train,ret60_ret5_top5_riskoff0,1.0000000000,0.8972019559,0.8571636458
2,2022-09-29,train,ret60_ret5_top5_riskoff0,1.0000000000,0.8936973905,0.8568121575
2,2022-09-30,train,ret60_ret5_top5_riskoff0,1.0000000000,0.8872084524,0.8518308737
2,2022-10-10,train,ret60_ret5_top5_riskoff0,1.0000000000,0.8741713173,0.8330363220
2,2022-10-11,train,ret60_ret5_top5_riskoff0,1.0000000000,0.8773780482,0.8345474979
2,2022-10-12,train,ret60_ret5_top5_riskoff0,1.0000000000,0.8937528449,0.8472234660
2,2022-10-13,train,ret60_ret5_top5_riskoff0,1.0000000000,0.8926971596,0.8401399685
2,2022-10-14,train,ret60_ret5_top5_riskoff0,1.0000000000,0.9096185075,0.8602442060
2,2022-10-17,train,ret60_ret5_top5_riskoff0,1.0000000000,0.9160088284,0.8611262851
2,2022-10-18,train,ret60_ret5_top5_riskoff0,1.0000000000,0.9165040491,0.8593039188
2,2022-10-19,train,ret60_ret5_top5_riskoff0,1.0000000000,0.9053926676,0.8454816957
2,2022-10-20,train,ret60_ret5_top5_riskoff0,1.0000000000,0.9012004098,0.8406459326
2,2022-10-21,train,ret60_ret5_top5_riskoff0,1.0000000000,0.9000585392,0.8379504424
2,2022-10-24,train,ret60_ret5_top5_riskoff0,1.0000000000,0.8815884950,0.8134313322
2,2022-10-25,train,ret60_ret5_top5_riskoff0,1.0000000000,0.8796317436,0.8121059749
2,2022-10-26,train,ret60_ret5_top5_riskoff0,1.0000000000,0.8904894449,0.8186991797
2,2022-10-27,train,ret60_ret5_top5_riskoff0,1.0000000000,0.8879480070,0.8129320844
2,2022-10-28,train,ret60_ret5_top5_riskoff0,1.0000000000,0.8611097838,0.7928256081
2,2022-10-31,train,ret60_ret5_top5_riskoff0,1.0000000000,0.8571980975,0.7855204714
2,2022-11-01,train,ret60_ret5_top5_riskoff0,1.0000000000,0.8821937132,0.8136104345
2,2022-11-02,train,ret60_ret5_top5_riskoff0,1.0000000000,0.8935661761,0.8233804671
2,2022-11-03,train,ret60_ret5_top5_riskoff0,1.0000000000,0.8918450796,0.8166842784
2,2022-11-04,train,ret60_ret5_top5_riskoff0,1.0000000000,0.9147563027,0.8433861984
2,2022-11-07,train,ret60_ret5_top5_riskoff0,1.0000000000,0.9203039159,0.8452063259
2,2022-11-08,train,ret60_ret5_top5_riskoff0,1.0000000000,0.9176894493,0.8393922162
2,2022-11-09,train,ret60_ret5_top5_riskoff0,1.0000000000,0.9153443612,0.8315430562
2,2022-11-10,train,ret60_ret5_top5_riskoff0,1.0000000000,0.9130250718,0.8251446251
2,2022-11-11,train,ret60_ret5_top5_riskoff0,1.0000000000,0.9276063220,0.8481480818
2,2022-11-14,train,ret60_ret5_top5_riskoff0,1.0000000000,0.9239249809,0.8493973206
2,2022-11-15,train,ret60_ret5_top5_riskoff0,1.0000000000,0.9386811775,0.8655053372
2,2022-11-16,train,ret60_ret5_top5_riskoff0,1.0000000000,0.9357708850,0.8584352724
2,2022-11-17,train,ret60_ret5_top5_riskoff0,1.0000000000,0.9346625962,0.8549136727
2,2022-11-18,train,ret60_ret5_top5_riskoff0,1.0000000000,0.9292611215,0.8510875990
2,2022-11-21,train,ret60_ret5_top5_riskoff0,1.0000000000,0.9247686331,0.8438249991
2,2022-11-22,train,ret60_ret5_top5_riskoff0,1.0000000000,0.9215437174,0.8439235054
2,2022-11-23,train,ret60_ret5_top5_riskoff0,1.0000000000,0.9203270939,0.8448100620
2,2022-11-24,train,ret60_ret5_top5_riskoff0,1.0000000000,0.9199352666,0.8410668231
2,2022-11-25,train,ret60_ret5_top5_riskoff0,1.0000000000,0.9214301549,0.8453137873
2,2022-11-28,train,ret60_ret5_top5_riskoff0,1.0000000000,0.9169026355,0.8357900204
2,2022-11-29,train,ret60_ret5_top5_riskoff0,1.0000000000,0.9391571892,0.8615762797
2,2022-11-30,train,ret60_ret5_top5_riskoff0,1.0000000000,0.9397885425,0.8626105957
2,2022-12-01,train,ret60_ret5_top5_riskoff0,1.0000000000,0.9475049474,0.8719530215
2,2022-12-02,train,ret60_ret5_top5_riskoff0,1.0000000000,0.9472946598,0.8666202493
2,2022-12-05,train,ret60_ret5_top5_riskoff0,1.0000000000,0.9619303586,0.8836193001
2,2022-12-06,train,ret60_ret5_top5_riskoff0,1.0000000000,0.9623383827,0.8883923774
2,2022-12-07,train,ret60_ret5_top5_riskoff0,1.0000000000,0.9616331148,0.8862073289
2,2022-12-08,train,ret60_ret5_top5_riskoff0,1.0000000000,0.9596343260,0.8863729985
2,2022-12-09,train,ret60_ret5_top5_riskoff0,1.0000000000,0.9628161200,0.8951176702
2,2022-12-12,train,ret60_ret5_top5_riskoff0,1.0000000000,0.9530167416,0.8850879392
2,2022-12-13,train,ret60_ret5_top5_riskoff0,1.0000000000,0.9541071541,0.8833506466
2,2022-12-14,train,ret60_ret5_top5_riskoff0,1.0000000000,0.9551907171,0.8854125622
2,2022-12-15,train,ret60_ret5_top5_riskoff0,1.0000000000,0.9523394298,0.8847633163
2,2022-12-16,train,ret60_ret5_top5_riskoff0,1.0000000000,0.9491356664,0.8852648028
2,2022-12-19,train,ret60_ret5_top5_riskoff0,1.0000000000,0.9310523493,0.8716060107
2,2022-12-20,train,ret60_ret5_top5_riskoff0,1.0000000000,0.9206425617,0.8572330480
2,2022-12-21,train,ret60_ret5_top5_riskoff0,1.0000000000,0.9190688243,0.8575733424
2,2022-12-22,train,ret60_ret5_top5_riskoff0,1.0000000000,0.9149577192,0.8588024322
2,2022-12-23,train,ret60_ret5_top5_riskoff0,1.0000000000,0.9124562243,0.8570539456
2,2022-12-26,train,ret60_ret5_top5_riskoff0,1.0000000000,0.9205189261,0.8604725615
2,2022-12-27,train,ret60_ret5_top5_riskoff0,1.0000000000,0.9297677510,0.8704037862
2,2022-12-28,train,ret60_ret5_top5_riskoff0,1.0000000000,0.9232052597,0.8666896515
2,2022-12-29,train,ret60_ret5_top5_riskoff0,1.0000000000,0.9176627444,0.8634299889
2,2022-12-30,train,ret60_ret5_top5_riskoff0,1.0000000000,0.9234913113,0.8667724863
2,2023-01-03,train,ret60_ret5_top5_riskoff0,1.0000000000,0.9339523284,0.8704149801
2,2023-01-04,train,ret60_ret5_top5_riskoff0,1.0000000000,0.9377113421,0.8715455636
2,2023-01-05,train,ret60_ret5_top5_riskoff0,1.0000000000,0.9471991535,0.8884774510
2,2023-01-06,train,ret60_ret5_top5_riskoff0,1.0000000000,0.9456779843,0.8912333883
2,2023-01-09,train,ret60_ret5_top5_riskoff0,1.0000000000,0.9511532716,0.8984489737
2,2023-01-10,train,ret60_ret5_top5_riskoff0,1.0000000000,0.9500816672,0.8994228427
2,2023-01-11,train,ret60_ret5_top5_riskoff0,1.0000000000,0.9470696561,0.8977571910
2,2023-01-12,train,ret60_ret5_top5_riskoff0,1.0000000000,0.9457698617,0.8995123939
2,2023-01-13,train,ret60_ret5_top5_riskoff0,1.0000000000,0.9541270736,0.9121637354
2,2023-01-16,train,ret60_ret5_top5_riskoff0,1.0000000000,0.9642597173,0.9263978938
2,2023-01-17,train,ret60_ret5_top5_riskoff0,0.9990000000,0.9624139674,0.9262367017
2,2023-01-18,train,ret60_ret5_top5_riskoff0,0.9942990053,0.9630872692,0.9246852276
2,2023-01-19,train,ret60_ret5_top5_riskoff0,0.9949175456,0.9674291706,0.9304388903
2,2023-01-20,train,ret60_ret5_top5_riskoff0,0.9957235553,0.9760775925,0.9361522549
2,2023-01-30,train,ret60_ret5_top5_riskoff0,1.0024899718,0.9806976184,0.9405895153
2,2023-01-31,train,ret60_ret5_top5_riskoff0,0.9944421410,0.9802509227,0.9306291865
2,2023-02-01,train,ret60_ret5_top5_riskoff0,1.0043997413,0.9914497353,0.9393760970
2,2023-02-02,train,ret60_ret5_top5_riskoff0,1.0082951550,0.9914416612,0.9360671813
2,2023-02-03,train,ret60_ret5_top5_riskoff0,1.0073744963,0.9860778734,0.9272195257
2,2023-02-06,train,ret60_ret5_top5_riskoff0,0.9990213647,0.9789421806,0.9149622094
2,2023-02-07,train,ret60_ret5_top5_riskoff0,1.0027746357,0.9838742777,0.9166077121
2,2023-02-08,train,ret60_ret5_top5_riskoff0,0.9947971103,0.9780150850,0.9125577605
2,2023-02-09,train,ret60_ret5_top5_riskoff0,1.0119285909,0.9897876449,0.9248083605
2,2023-02-10,train,ret60_ret5_top5_riskoff0,1.0198122018,0.9886989059,0.9193121575
2,2023-02-13,train,ret60_ret5_top5_riskoff0,1.0457117914,0.9995081640,0.9276538489
2,2023-02-14,train,ret60_ret5_top5_riskoff0,1.0429630437,0.9998844607,0.9280389189
2,2023-02-15,train,ret60_ret5_top5_riskoff0,1.0431042877,0.9963790379,0.9232031558
2,2023-02-16,train,ret60_ret5_top5_riskoff0,1.0343588373,0.9826503110,0.9164420425
2,2023-02-17,train,ret60_ret5_top5_riskoff0,1.0279994084,0.9762794922,0.9032377225
2,2023-02-20,train,ret60_ret5_top5_riskoff0,1.0494062543,0.9955749292,0.9253971594
2,2023-02-21,train,ret60_ret5_top5_riskoff0,1.0409517721,1.0004367438,0.9278284737
2,2023-02-22,train,ret60_ret5_top5_riskoff0,1.0382140619,0.9973960031,0.9194554393
2,2023-02-23,train,ret60_ret5_top5_riskoff0,1.0250724497,0.9953602540,0.9187166422
2,2023-02-24,train,ret60_ret5_top5_riskoff0,1.0219525268,0.9907817795,0.9091794426
2,2023-02-27,train,ret60_ret5_top5_riskoff0,1.0159941282,0.9848216649,0.9053265036
2,2023-02-28,train,ret60_ret5_top5_riskoff0,1.0270934287,0.9921599066,0.9110622560
2,2023-03-01,train,ret60_ret5_top5_riskoff0,1.0448941143,1.0021164263,0.9239307590
2,2023-03-02,train,ret60_ret5_top5_riskoff0,1.0499114789,1.0016927201,0.9218710821
2,2023-03-03,train,ret60_ret5_top5_riskoff0,1.0455807729,1.0038612449,0.9247389583
2,2023-03-06,train,ret60_ret5_top5_riskoff0,1.0446732071,1.0001450721,0.9199166279
2,2023-03-07,train,ret60_ret5_top5_riskoff0,1.0206786027,0.9836482457,0.9064481320
2,2023-03-08,train,ret60_ret5_top5_riskoff0,1.0270791681,0.9860410515,0.9031481714
2,2023-03-09,train,ret60_ret5_top5_riskoff0,1.0224819339,0.9831608324,0.8999556722
2,2023-03-10,train,ret60_ret5_top5_riskoff0,1.0084606104,0.9675159106,0.8881550668
2,2023-03-13,train,ret60_ret5_top5_riskoff0,1.0251087486,0.9757825952,0.8974571945
2,2023-03-14,train,ret60_ret5_top5_riskoff0,1.0148568964,0.9662442718,0.8920863631
2,2023-03-15,train,ret60_ret5_top5_riskoff0,1.0052997934,0.9709345778,0.8925788946
2,2023-03-16,train,ret60_ret5_top5_riskoff0,1.0021287750,0.9569711648,0.8818887237
2,2023-03-17,train,ret60_ret5_top5_riskoff0,1.0157895784,0.9639487912,0.8862924025
2,2023-03-20,train,ret60_ret5_top5_riskoff0,1.0101210608,0.9585754052,0.8818730523
2,2023-03-21,train,ret60_ret5_top5_riskoff0,1.0313812526,0.9702405274,0.8915669664
2,2023-03-22,train,ret60_ret5_top5_riskoff0,1.0313812526,0.9747954518,0.8953863237
2,2023-03-23,train,ret60_ret5_top5_riskoff0,1.0313812526,0.9778231258,0.9042630834
2,2023-03-24,train,ret60_ret5_top5_riskoff0,1.0313812526,0.9769488307,0.9015675932
2,2023-03-27,train,ret60_ret5_top5_riskoff0,1.0313812526,0.9744621428,0.8983056919
2,2023-03-28,train,ret60_ret5_top5_riskoff0,1.0313812526,0.9708247040,0.8954019952
2,2023-03-29,train,ret60_ret5_top5_riskoff0,1.0313812526,0.9677029249,0.8968863058
2,2023-03-30,train,ret60_ret5_top5_riskoff0,1.0313812526,0.9722062329,0.9041377118
2,2023-03-31,train,ret60_ret5_top5_riskoff0,1.0313812526,0.9787602029,0.9069137980
2,2023-04-03,train,ret60_ret5_top5_riskoff0,1.0313812526,0.9894104813,0.9157883189
2,2023-04-04,train,ret60_ret5_top5_riskoff0,1.0313812526,0.9870089442,0.9185957481
2,2023-04-06,train,ret60_ret5_top5_riskoff0,1.0313812526,0.9847068592,0.9171472579
2,2023-04-07,train,ret60_ret5_top5_riskoff0,1.0313812526,0.9923838267,0.9231113658
2,2023-04-10,train,ret60_ret5_top5_riskoff0,1.0313812526,0.9845190016,0.9189763406
2,2023-04-11,train,ret60_ret5_top5_riskoff0,1.0313812526,0.9872901259,0.9179330695
2,2023-04-12,train,ret60_ret5_top5_riskoff0,1.0313812526,0.9910653502,0.9172927786
2,2023-04-13,train,ret60_ret5_top5_riskoff0,1.0313812526,0.9866011473,0.9109547946
2,2023-04-14,train,ret60_ret5_top5_riskoff0,1.0313812526,0.9884258875,0.9161084644
2,2023-04-17,train,ret60_ret5_top5_riskoff0,1.0313812526,0.9948434437,0.9289545796
2,2023-04-18,train,ret60_ret5_top5_riskoff0,1.0313812526,0.9947008610,0.9317866354
2,2023-04-19,train,ret60_ret5_top5_riskoff0,1.0303498713,0.9879597606,0.9233979296
2,2023-04-20,train,ret60_ret5_top5_riskoff0,1.0495182872,0.9850580114,0.9208143783
2,2023-04-21,train,ret60_ret5_top5_riskoff0,1.0017337573,0.9639783036,0.9028033994
2,2023-04-24,train,ret60_ret5_top5_riskoff0,1.0055610866,0.9570417852,0.8916251746
2,2023-04-25,train,ret60_ret5_top5_riskoff0,0.9933285179,0.9473876968,0.8871543325
2,2023-04-26,train,ret60_ret5_top5_riskoff0,0.9780042177,0.9499576312,0.8863841924
2,2023-04-27,train,ret60_ret5_top5_riskoff0,0.9609137033,0.9522828098,0.8929191890
2,2023-04-28,train,ret60_ret5_top5_riskoff0,0.9975949920,0.9661326612,0.9020243042
2,2023-05-04,train,ret60_ret5_top5_riskoff0,0.9961912569,0.9687433912,0.9022840026
2,2023-05-05,train,ret60_ret5_top5_riskoff0,0.9863526951,0.9628704862,0.8992907547
2,2023-05-08,train,ret60_ret5_top5_riskoff0,0.9932798812,0.9699248042,0.9095398861
2,2023-05-09,train,ret60_ret5_top5_riskoff0,0.9775750344,0.9594917559,0.9017534119
2,2023-05-10,train,ret60_ret5_top5_riskoff0,0.9732066311,0.9571888919,0.8948109575
2,2023-05-11,train,ret60_ret5_top5_riskoff0,0.9764221593,0.9584464289,0.8934206756
2,2023-05-12,train,ret60_ret5_top5_riskoff0,0.9584627545,0.9473273706,0.8815775334
2,2023-05-15,train,ret60_ret5_top5_riskoff0,0.9609471820,0.9554749103,0.8952631909
2,2023-05-16,train,ret60_ret5_top5_riskoff0,0.9394426319,0.9458793436,0.8906333954
2,2023-05-17,train,ret60_ret5_top5_riskoff0,0.9441911432,0.9469698163,0.8865946377
2,2023-05-18,train,ret60_ret5_top5_riskoff0,0.9642184173,0.9482162073,0.8856767382
2,2023-05-19,train,ret60_ret5_top5_riskoff0,0.9612793090,0.9455464157,0.8830954257
2,2023-05-22,train,ret60_ret5_top5_riskoff0,0.9539497133,0.9492181350,0.8886453595
2,2023-05-23,train,ret60_ret5_top5_riskoff0,0.9539497133,0.9379730843,0.8760768528
2,2023-05-24,train,ret60_ret5_top5_riskoff0,0.9539497133,0.9295265463,0.8639650571
2,2023-05-25,train,ret60_ret5_top5_riskoff0,0.9539497133,0.9265881813,0.8620419458
2,2023-05-26,train,ret60_ret5_top5_riskoff0,0.9539497133,0.9293885718,0.8621426908
2,2023-05-29,train,ret60_ret5_top5_riskoff0,0.9539497133,0.9262379137,0.8583345273
2,2023-05-30,train,ret60_ret5_top5_riskoff0,0.9539497133,0.9294939736,0.8591875022
2,2023-05-31,train,ret60_ret5_top5_riskoff0,0.9539497133,0.9247763206,0.8504092488
2,2023-06-01,train,ret60_ret5_top5_riskoff0,0.9539497133,0.9262024515,0.8522741520
2,2023-06-02,train,ret60_ret5_top5_riskoff0,0.9539497133,0.9373596159,0.8645784826
2,2023-06-05,train,ret60_ret5_top5_riskoff0,0.9539497133,0.9378656693,0.8606427087
2,2023-06-06,train,ret60_ret5_top5_riskoff0,0.9539497133,0.9258153559,0.8525629545
2,2023-06-07,train,ret60_ret5_top5_riskoff0,0.9539497133,0.9266268544,0.8483495719
2,2023-06-08,train,ret60_ret5_top5_riskoff0,0.9539497133,0.9292358118,0.8552562059
2,2023-06-09,train,ret60_ret5_top5_riskoff0,0.9539497133,0.9323739624,0.8589524304
2,2023-06-12,train,ret60_ret5_top5_riskoff0,0.9539497133,0.9368985890,0.8606830068
2,2023-06-13,train,ret60_ret5_top5_riskoff0,0.9539497133,0.9388367907,0.8652680267
2,2023-06-14,train,ret60_ret5_top5_riskoff0,0.9539497133,0.9412853060,0.8650687753
2,2023-06-15,train,ret60_ret5_top5_riskoff0,0.9539497133,0.9490389028,0.8788327901
2,2023-06-16,train,ret60_ret5_top5_riskoff0,0.9539497133,0.9554942724,0.8873065695
2,2023-06-19,train,ret60_ret5_top5_riskoff0,0.9539497133,0.9500253566,0.8800439696
2,2023-06-20,train,ret60_ret5_top5_riskoff0,0.9539497133,0.9459135080,0.8785507039
2,2023-06-21,train,ret60_ret5_top5_riskoff0,0.9539497133,0.9314231923,0.8650710141
2,2023-06-26,train,ret60_ret5_top5_riskoff0,0.9539497133,0.9164313142,0.8529077265
2,2023-06-27,train,ret60_ret5_top5_riskoff0,0.9539497133,0.9322308041,0.8609068847
2,2023-06-28,train,ret60_ret5_top5_riskoff0,0.9539497133,0.9301219547,0.8598703299
2,2023-06-29,train,ret60_ret5_top5_riskoff0,0.9539497133,0.9296018195,0.8556256045
2,2023-06-30,train,ret60_ret5_top5_riskoff0,0.9539497133,0.9376323626,0.8602397285
2,2023-07-03,train,ret60_ret5_top5_riskoff0,0.9539497133,0.9464601266,0.8715298922
2,2023-07-04,train,ret60_ret5_top5_riskoff0,0.9539497133,0.9474499397,0.8729022639
2,2023-07-05,train,ret60_ret5_top5_riskoff0,0.9539497133,0.9412498295,0.8661411506
2,2023-07-06,train,ret60_ret5_top5_riskoff0,0.9539497133,0.9377950678,0.8603068919
2,2023-07-07,train,ret60_ret5_top5_riskoff0,0.9539497133,0.9349709780,0.8564897733
2,2023-07-10,train,ret60_ret5_top5_riskoff0,0.9539497133,0.9374847448,0.8606606190
2,2023-07-11,train,ret60_ret5_top5_riskoff0,0.9539497133,0.9422634133,0.8662933875
2,2023-07-12,train,ret60_ret5_top5_riskoff0,0.9539497133,0.9326963260,0.8604613676
2,2023-07-13,train,ret60_ret5_top5_riskoff0,0.9539497133,0.9432927262,0.8727701759
2,2023-07-14,train,ret60_ret5_top5_riskoff0,0.9539497133,0.9427504071,0.8729224129
2,2023-07-17,train,ret60_ret5_top5_riskoff0,0.9539497133,0.9376894951,0.8657739908
2,2023-07-18,train,ret60_ret5_top5_riskoff0,0.9539497133,0.9364939590,0.8630359637
2,2023-07-19,train,ret60_ret5_top5_riskoff0,0.9539497133,0.9381705220,0.8621247806
2,2023-07-20,train,ret60_ret5_top5_riskoff0,0.9539497133,0.9309309017,0.8560397786
2,2023-07-21,train,ret60_ret5_top5_riskoff0,0.9539497133,0.9308663139,0.8556412759
2,2023-07-24,train,ret60_ret5_top5_riskoff0,0.9539497133,0.9278357668,0.8519047534
2,2023-07-25,train,ret60_ret5_top5_riskoff0,0.9539497133,0.9483313751,0.8765089372
2,2023-07-26,train,ret60_ret5_top5_riskoff0,0.9539497133,0.9468644787,0.8746932872
2,2023-07-27,train,ret60_ret5_top5_riskoff0,0.9539497133,0.9434183722,0.8736500161
2,2023-07-28,train,ret60_ret5_top5_riskoff0,0.9539497133,0.9572020033,0.8938863417
2,2023-07-31,train,ret60_ret5_top5_riskoff0,0.9539497133,0.9669169974,0.8987870294
2,2023-08-01,train,ret60_ret5_top5_riskoff0,0.9539497133,0.9652422965,0.8950639395
2,2023-08-02,train,ret60_ret5_top5_riskoff0,0.9539497133,0.9604984158,0.8887729699
2,2023-08-03,train,ret60_ret5_top5_riskoff0,0.9539497133,0.9625306084,0.8966266074
2,2023-08-04,train,ret60_ret5_top5_riskoff0,0.9539497133,0.9643562152,0.9001191031
2,2023-08-07,train,ret60_ret5_top5_riskoff0,0.9539497133,0.9581073843,0.8933064978
2,2023-08-08,train,ret60_ret5_top5_riskoff0,0.9539497133,0.9548568169,0.8909736899
2,2023-08-09,train,ret60_ret5_top5_riskoff0,0.9539497133,0.9478032654,0.8882513343
2,2023-08-10,train,ret60_ret5_top5_riskoff0,0.9539497133,0.9504008600,0.8900759394
2,2023-08-11,train,ret60_ret5_top5_riskoff0,0.9539497133,0.9323480368,0.8695978257
2,2023-08-14,train,ret60_ret5_top5_riskoff0,0.9539497133,0.9331811403,0.8632531253
2,2023-08-15,train,ret60_ret5_top5_riskoff0,0.9539497133,0.9292727011,0.8611553892
2,2023-08-16,train,ret60_ret5_top5_riskoff0,0.9539497133,0.9226599167,0.8548397930
2,2023-08-17,train,ret60_ret5_top5_riskoff0,0.9539497133,0.9297072137,0.8576987140
2,2023-08-18,train,ret60_ret5_top5_riskoff0,0.9539497133,0.9161066239,0.8471540638
2,2023-08-21,train,ret60_ret5_top5_riskoff0,0.9539497133,0.9077731779,0.8349661497
2,2023-08-22,train,ret60_ret5_top5_riskoff0,0.9539497133,0.9122035456,0.8413847297
2,2023-08-23,train,ret60_ret5_top5_riskoff0,0.9539497133,0.8984745764,0.8275938496
2,2023-08-24,train,ret60_ret5_top5_riskoff0,0.9539497133,0.8999618938,0.8335937780
2,2023-08-25,train,ret60_ret5_top5_riskoff0,0.9539497133,0.8907439896,0.8303968012
2,2023-08-28,train,ret60_ret5_top5_riskoff0,0.9539497133,0.9020815971,0.8401287746
2,2023-08-29,train,ret60_ret5_top5_riskoff0,0.9539497133,0.9181219031,0.8485219579
2,2023-08-30,train,ret60_ret5_top5_riskoff0,0.9539497133,0.9184413409,0.8481637533
2,2023-08-31,train,ret60_ret5_top5_riskoff0,0.9539497133,0.9110341028,0.8429608303
2,2023-09-01,train,ret60_ret5_top5_riskoff0,0.9539497133,0.9172923369,0.8488309095
2,2023-09-04,train,ret60_ret5_top5_riskoff0,0.9539497133,0.9327537297,0.8616949350
2,2023-09-05,train,ret60_ret5_top5_riskoff0,0.9539497133,0.9261823379,0.8552853100
2,2023-09-06,train,ret60_ret5_top5_riskoff0,0.9539497133,0.9257359681,0.8534293620
2,2023-09-07,train,ret60_ret5_top5_riskoff0,0.9539497133,0.9137263746,0.8414384604
2,2023-09-11,train,ret60_ret5_top5_riskoff0,0.9539497133,0.9189452392,0.8434690332
2,2023-09-12,train,ret60_ret5_top5_riskoff0,0.9539497133,0.9177077207,0.8419153204
2,2023-09-13,train,ret60_ret5_top5_riskoff0,0.9539497133,0.9115644154,0.8365534441
2,2023-09-14,train,ret60_ret5_top5_riskoff0,0.9539497133,0.9091071987,0.8358504675
2,2023-09-15,train,ret60_ret5_top5_riskoff0,0.9539497133,0.9079334643,0.8303139664
2,2023-09-18,train,ret60_ret5_top5_riskoff0,0.9539497133,0.9117130388,0.8345519755
2,2023-09-19,train,ret60_ret5_top5_riskoff0,0.9539497133,0.9068093133,0.8329378157
2,2023-09-20,train,ret60_ret5_top5_riskoff0,0.9539497133,0.9020867181,0.8296221836
2,2023-09-21,train,ret60_ret5_top5_riskoff0,0.9539497133,0.8948165317,0.8221782426
2,2023-09-22,train,ret60_ret5_top5_riskoff0,0.9539497133,0.9077314421,0.8370638858
2,2023-09-25,train,ret60_ret5_top5_riskoff0,0.9539497133,0.9019606547,0.8316169359
2,2023-09-26,train,ret60_ret5_top5_riskoff0,0.9539497133,0.8978650636,0.8267565462
2,2023-09-27,train,ret60_ret5_top5_riskoff0,0.9539497133,0.9000542272,0.8284602572
2,2023-09-28,train,ret60_ret5_top5_riskoff0,0.9539497133,0.9030286172,0.8260020776
2,2023-10-09,train,ret60_ret5_top5_riskoff0,0.9539497133,0.8972007259,0.8249297023
2,2023-10-10,train,ret60_ret5_top5_riskoff0,0.9539497133,0.8921372634,0.8187506716
2,2023-10-11,train,ret60_ret5_top5_riskoff0,0.9539497133,0.8913358960,0.8210834796
2,2023-10-12,train,ret60_ret5_top5_riskoff0,0.9539497133,0.8975235341,0.8288811477
2,2023-10-13,train,ret60_ret5_top5_riskoff0,0.9539497133,0.8891271539,0.8201566250
2,2023-10-16,train,ret60_ret5_top5_riskoff0,0.9539497133,0.8842899086,0.8119156786
2,2023-10-17,train,ret60_ret5_top5_riskoff0,0.9539497133,0.8856892117,0.8147813160
2,2023-10-18,train,ret60_ret5_top5_riskoff0,0.9539497133,0.8739026163,0.8083291543
2,2023-10-19,train,ret60_ret5_top5_riskoff0,0.9539497133,0.8612920026,0.7910815990
2,2023-10-20,train,ret60_ret5_top5_riskoff0,0.9539497133,0.8548910991,0.7859436007
2,2023-10-23,train,ret60_ret5_top5_riskoff0,0.9539497133,0.8383940586,0.7778056381
2,2023-10-24,train,ret60_ret5_top5_riskoff0,0.9539497133,0.8499165185,0.7806914246
2,2023-10-25,train,ret60_ret5_top5_riskoff0,0.9539497133,0.8577770801,0.7845712290
2,2023-10-26,train,ret60_ret5_top5_riskoff0,0.9539497133,0.8594863053,0.7867383673
2,2023-10-27,train,ret60_ret5_top5_riskoff0,0.9539497133,0.8711500434,0.7975404771
2,2023-10-30,train,ret60_ret5_top5_riskoff0,0.9539497133,0.8768530857,0.8023269871
2,2023-10-31,train,ret60_ret5_top5_riskoff0,0.9539497133,0.8744362898,0.7998061217
2,2023-11-01,train,ret60_ret5_top5_riskoff0,0.9539497133,0.8739413022,0.7994747824
2,2023-11-02,train,ret60_ret5_top5_riskoff0,0.9539497133,0.8677982521,0.7957046782
2,2023-11-03,train,ret60_ret5_top5_riskoff0,0.9539497133,0.8741639417,0.8024098220
2,2023-11-06,train,ret60_ret5_top5_riskoff0,0.9539497133,0.8860783831,0.8132611849
2,2023-11-07,train,ret60_ret5_top5_riskoff0,0.9539497133,0.8874002772,0.8103843536
2,2023-11-08,train,ret60_ret5_top5_riskoff0,0.9539497133,0.8873735304,0.8084388545
2,2023-11-09,train,ret60_ret5_top5_riskoff0,0.9539497133,0.8856782187,0.8088328796
2,2023-11-10,train,ret60_ret5_top5_riskoff0,0.9539497133,0.8819853890,0.8029359351
2,2023-11-13,train,ret60_ret5_top5_riskoff0,0.9539497133,0.8869244579,0.8013508794
2,2023-11-14,train,ret60_ret5_top5_riskoff0,0.9539497133,0.8895178659,0.8019441559
2,2023-11-15,train,ret60_ret5_top5_riskoff0,0.9539497133,0.8948128701,0.8075836408
2,2023-11-16,train,ret60_ret5_top5_riskoff0,0.9539497133,0.8886097978,0.7997725400
2,2023-11-17,train,ret60_ret5_top5_riskoff0,0.9539497133,0.8907931427,0.7988121037
2,2023-11-20,train,ret60_ret5_top5_riskoff0,0.9539497133,0.8961908513,0.8006590966
2,2023-11-21,train,ret60_ret5_top5_riskoff0,0.9539497133,0.8957698177,0.8017225167
2,2023-11-22,train,ret60_ret5_top5_riskoff0,0.9539497133,0.8879490630,0.7935173908
2,2023-11-23,train,ret60_ret5_top5_riskoff0,0.9539497133,0.8944217655,0.7973457033
2,2023-11-24,train,ret60_ret5_top5_riskoff0,0.9539497133,0.8873420633,0.7920823333
2,2023-11-27,train,ret60_ret5_top5_riskoff0,0.9539497133,0.8837592203,0.7862458359
2,2023-11-28,train,ret60_ret5_top5_riskoff0,0.9539497133,0.8869691726,0.7877189526
2,2023-11-29,train,ret60_ret5_top5_riskoff0,0.9539497133,0.8809430727,0.7809556005
2,2023-11-30,train,ret60_ret5_top5_riskoff0,0.9539497133,0.8796601052,0.7827219973
2,2023-12-01,train,ret60_ret5_top5_riskoff0,0.9539497133,0.8826916055,0.7797399434
2,2023-12-04,train,ret60_ret5_top5_riskoff0,0.9539497133,0.8817132928,0.7746489594
2,2023-12-05,train,ret60_ret5_top5_riskoff0,0.9539497133,0.8656594714,0.7598998818
2,2023-12-06,train,ret60_ret5_top5_riskoff0,0.9539497133,0.8692703748,0.7610953899
2,2023-12-07,train,ret60_ret5_top5_riskoff0,0.9539497133,0.8680402749,0.7592327256
2,2023-12-08,train,ret60_ret5_top5_riskoff0,0.9539497133,0.8640076964,0.7610640470
2,2023-12-11,train,ret60_ret5_top5_riskoff0,0.9539497133,0.8717718134,0.7655393667
2,2023-12-12,train,ret60_ret5_top5_riskoff0,0.9539497133,0.8758773465,0.7671848694
2,2023-12-13,train,ret60_ret5_top5_riskoff0,0.9539497133,0.8655420542,0.7543812910
2,2023-12-14,train,ret60_ret5_top5_riskoff0,0.9539497133,0.8638793736,0.7504298456
2,2023-12-15,train,ret60_ret5_top5_riskoff0,0.9539497133,0.8617828620,0.7480992764
2,2023-12-18,train,ret60_ret5_top5_riskoff0,0.9539497133,0.8527431029,0.7453724433
2,2023-12-19,train,ret60_ret5_top5_riskoff0,0.9539497133,0.8518720984,0.7464179532
2,2023-12-20,train,ret60_ret5_top5_riskoff0,0.9539497133,0.8418450992,0.7382374539
2,2023-12-21,train,ret60_ret5_top5_riskoff0,0.9539497133,0.8488652313,0.7457082602
2,2023-12-22,train,ret60_ret5_top5_riskoff0,0.9539497133,0.8426677845,0.7471321238
2,2023-12-25,train,ret60_ret5_top5_riskoff0,0.9539497133,0.8414459436,0.7494201562
2,2023-12-26,train,ret60_ret5_top5_riskoff0,0.9539497133,0.8333933851,0.7443470824
2,2023-12-27,train,ret60_ret5_top5_riskoff0,0.9539497133,0.8371582328,0.7469373500
2,2023-12-28,train,ret60_ret5_top5_riskoff0,0.9539497133,0.8524506728,0.7644401261
2,2023-12-29,train,ret60_ret5_top5_riskoff0,0.9539497133,0.8599637652,0.7681497833
2,2024-01-02,train,ret60_ret5_top5_riskoff0,0.9539497133,0.8578144922,0.7581290074
2,2024-01-03,train,ret60_ret5_top5_riskoff0,0.9539497133,0.8569766144,0.7563267901
2,2024-01-04,train,ret60_ret5_top5_riskoff0,0.9539497133,0.8531845699,0.7493306050
2,2024-01-05,train,ret60_ret5_top5_riskoff0,0.9539497133,0.8435124556,0.7453142351
2,2024-01-08,train,ret60_ret5_top5_riskoff0,0.9539497133,0.8298717196,0.7356762904
2,2024-01-09,train,ret60_ret5_top5_riskoff0,0.9539497133,0.8341775458,0.7371180643
2,2024-01-10,train,ret60_ret5_top5_riskoff0,0.9539497133,0.8300241245,0.7336770606
2,2024-01-11,train,ret60_ret5_top5_riskoff0,0.9539497133,0.8383168795,0.7378277573
2,2024-01-12,train,ret60_ret5_top5_riskoff0,0.9539497133,0.8349797022,0.7352531612
2,2024-01-15,train,ret60_ret5_top5_riskoff0,0.9539497133,0.8349126020,0.7345255579
2,2024-01-16,train,ret60_ret5_top5_riskoff0,0.9539497133,0.8343214326,0.7389941613
2,2024-01-17,train,ret60_ret5_top5_riskoff0,0.9539497133,0.8154985539,0.7229197263
2,2024-01-18,train,ret60_ret5_top5_riskoff0,0.9539497133,0.8160288117,0.7331397536
2,2024-01-19,train,ret60_ret5_top5_riskoff0,0.9539497133,0.8107675625,0.7320315578
2,2024-01-22,train,ret60_ret5_top5_riskoff0,0.9539497133,0.7774772344,0.7206406491
2,2024-01-23,train,ret60_ret5_top5_riskoff0,0.9539497133,0.7835799610,0.7235577784
2,2024-01-24,train,ret60_ret5_top5_riskoff0,0.9539497133,0.7974750083,0.7336725830
2,2024-01-25,train,ret60_ret5_top5_riskoff0,0.9539497133,0.8215586587,0.7484059892
2,2024-01-26,train,ret60_ret5_top5_riskoff0,0.9539497133,0.8209959051,0.7463687001
2,2024-01-29,train,ret60_ret5_top5_riskoff0,0.9539497133,0.8061044404,0.7396837053
2,2024-01-30,train,ret60_ret5_top5_riskoff0,0.9539497133,0.7868229486,0.7264928180
2,2024-01-31,train,ret60_ret5_top5_riskoff0,0.9539497133,0.7656799014,0.7198458824
2,2024-02-01,train,ret60_ret5_top5_riskoff0,0.9539497133,0.7588640381,0.7203742343
2,2024-02-02,train,ret60_ret5_top5_riskoff0,0.9539497133,0.7411330060,0.7118489630
2,2024-02-05,train,ret60_ret5_top5_riskoff0,0.9539497133,0.7153149722,0.7165033850
2,2024-02-06,train,ret60_ret5_top5_riskoff0,0.9539497133,0.7423021635,0.7414142816
2,2024-02-07,train,ret60_ret5_top5_riskoff0,0.9539497133,0.7531715042,0.7485649425
2,2024-02-08,train,ret60_ret5_top5_riskoff0,0.9539497133,0.7742357402,0.7533335423
2,2024-02-19,train,ret60_ret5_top5_riskoff0,0.9539497133,0.7876923522,0.7620379160
2,2024-02-20,train,ret60_ret5_top5_riskoff0,0.9539497133,0.7919799328,0.7636140165
2,2024-02-21,train,ret60_ret5_top5_riskoff0,0.9539497133,0.7999874508,0.7739168786
2,2024-02-22,train,ret60_ret5_top5_riskoff0,0.9539497133,0.8104944858,0.7805884407
2,2024-02-23,train,ret60_ret5_top5_riskoff0,0.9539497133,0.8183238241,0.7812757460
2,2024-02-26,train,ret60_ret5_top5_riskoff0,0.9539497133,0.8181090899,0.7731310671
2,2024-02-27,train,ret60_ret5_top5_riskoff0,0.9539497133,0.8331969201,0.7824063295
2,2024-02-28,train,ret60_ret5_top5_riskoff0,0.9539497133,0.8072658960,0.7724370455
2,2024-02-29,train,ret60_ret5_top5_riskoff0,0.9539497133,0.8286081243,0.7871726905
2,2024-03-01,train,ret60_ret5_top5_riskoff0,0.9539497133,0.8334386448,0.7920353190
2,2024-03-04,train,ret60_ret5_top5_riskoff0,0.9539497133,0.8345713876,0.7927226242
2,2024-03-05,train,ret60_ret5_top5_riskoff0,0.9539497133,0.8309489153,0.7982389763
2,2024-03-06,train,ret60_ret5_top5_riskoff0,0.9539497133,0.8328201321,0.7950017015
2,2024-03-07,train,ret60_ret5_top5_riskoff0,0.9539497133,0.8284382426,0.7902263854
2,2024-03-08,train,ret60_ret5_top5_riskoff0,0.9539497133,0.8340901565,0.7936270910
2,2024-03-11,train,ret60_ret5_top5_riskoff0,0.9539497133,0.8450298108,0.8035560769
2,2024-03-12,train,ret60_ret5_top5_riskoff0,0.9539497133,0.8486657187,0.8053985923
2,2024-03-13,train,ret60_ret5_top5_riskoff0,0.9539497133,0.8466059209,0.7997725400
2,2024-03-14,train,ret60_ret5_top5_riskoff0,0.9539497133,0.8444140274,0.7975024179
2,2024-03-15,train,ret60_ret5_top5_riskoff0,0.9539497133,0.8512969169,0.7992419493
2,2024-03-18,train,ret60_ret5_top5_riskoff0,0.9539497133,0.8608371833,0.8067508149
2,2024-03-19,train,ret60_ret5_top5_riskoff0,0.9529957636,0.8571519338,0.8009523767
2,2024-03-20,train,ret60_ret5_top5_riskoff0,0.9565678843,0.8623575600,0.8026874306
2,2024-03-21,train,ret60_ret5_top5_riskoff0,0.9555565024,0.8623546737,0.8017269943
2,2024-03-22,train,ret60_ret5_top5_riskoff0,0.9499086063,0.8532892461,0.7936472400
2,2024-03-25,train,ret60_ret5_top5_riskoff0,0.9522839303,0.8426238388,0.7893398288
2,2024-03-26,train,ret60_ret5_top5_riskoff0,0.9494037093,0.8430043781,0.7933673926
2,2024-03-27,train,ret60_ret5_top5_riskoff0,0.9450716072,0.8247870926,0.7841973529
2,2024-03-28,train,ret60_ret5_top5_riskoff0,0.9530573257,0.8359713593,0.7882652147
2,2024-03-29,train,ret60_ret5_top5_riskoff0,0.9696169721,0.8448291327,0.7919636780
2,2024-04-01,train,ret60_ret5_top5_riskoff0,0.9784285012,0.8599826343,0.8049866569
2,2024-04-02,train,ret60_ret5_top5_riskoff0,0.9862553904,0.8583496900,0.8016352044
2,2024-04-03,train,ret60_ret5_top5_riskoff0,0.9991988104,0.8558741234,0.7987516567
2,2024-04-08,train,ret60_ret5_top5_riskoff0,0.9938802476,0.8436121473,0.7917241287
2,2024-04-09,train,ret60_ret5_top5_riskoff0,0.9899601060,0.8478286695,0.7910704051
2,2024-04-10,train,ret60_ret5_top5_riskoff0,0.9929752966,0.8369758953,0.7846271985
2,2024-04-11,train,ret60_ret5_top5_riskoff0,0.9961623381,0.8393266921,0.7845219759
2,2024-04-12,train,ret60_ret5_top5_riskoff0,0.9983910792,0.8335101261,0.7781638428
2,2024-04-15,train,ret60_ret5_top5_riskoff0,1.0118252127,0.8305640128,0.7945606620
2,2024-04-16,train,ret60_ret5_top5_riskoff0,0.9991565580,0.8037081816,0.7860600172
2,2024-04-17,train,ret60_ret5_top5_riskoff0,1.0163587094,0.8296634458,0.7982143497
2,2024-04-18,train,ret60_ret5_top5_riskoff0,1.0215882555,0.8293462654,0.7991994125
2,2024-04-19,train,ret60_ret5_top5_riskoff0,1.0237744917,0.8259374912,0.7928994878
2,2024-04-22,train,ret60_ret5_top5_riskoff0,0.9964409175,0.8202291473,0.7904905613
2,2024-04-23,train,ret60_ret5_top5_riskoff0,0.9804294865,0.8152200296,0.7849652541
2,2024-04-24,train,ret60_ret5_top5_riskoff0,0.9906751250,0.8234295533,0.7884129742
2,2024-04-25,train,ret60_ret5_top5_riskoff0,0.9951512269,0.8246191732,0.7903517570
2,2024-04-26,train,ret60_ret5_top5_riskoff0,1.0054511492,0.8366874045,0.8024389261
2,2024-04-29,train,ret60_ret5_top5_riskoff0,1.0082045048,0.8519878370,0.8113134470
2,2024-04-30,train,ret60_ret5_top5_riskoff0,1.0076386271,0.8465069655,0.8069433499
2,2024-05-06,train,ret60_ret5_top5_riskoff0,1.0117770433,0.8606307359,0.8189185801
2,2024-05-07,train,ret60_ret5_top5_riskoff0,1.0132766059,0.8625993174,0.8191715621
2,2024-05-08,train,ret60_ret5_top5_riskoff0,1.0128340885,0.8535611076,0.8127261167
2,2024-05-09,train,ret60_ret5_top5_riskoff0,1.0187089815,0.8640285140,0.8204140846
2,2024-05-10,train,ret60_ret5_top5_riskoff0,1.0221195605,0.8626197713,0.8207991546
2,2024-05-13,train,ret60_ret5_top5_riskoff0,1.0165784119,0.8573914898,0.8204431887
2,2024-05-14,train,ret60_ret5_top5_riskoff0,1.0128505694,0.8598653060,0.8187327614
2,2024-05-15,train,ret60_ret5_top5_riskoff0,1.0088544114,0.8541699865,0.8117947845
2,2024-05-16,train,ret60_ret5_top5_riskoff0,1.0105715350,0.8566219544,0.8149962389
2,2024-05-17,train,ret60_ret5_top5_riskoff0,1.0212894684,0.8670853588,0.8234162876
2,2024-05-20,train,ret60_ret5_top5_riskoff0,1.0399706995,0.8712844765,0.8263244618
2,2024-05-21,train,ret60_ret5_top5_riskoff0,1.0317050007,0.8652153115,0.8230110685
2,2024-05-22,train,ret60_ret5_top5_riskoff0,1.0269391804,0.8656324899,0.8248670165
2,2024-05-23,train,ret60_ret5_top5_riskoff0,1.0081653841,0.8501117689,0.8153163843
2,2024-05-24,train,ret60_ret5_top5_riskoff0,1.0019904536,0.8420274447,0.8062918652
2,2024-05-27,train,ret60_ret5_top5_riskoff0,1.0137662007,0.8487078749,0.8139552065
2,2024-05-28,train,ret60_ret5_top5_riskoff0,1.0035375953,0.8402081340,0.8080134864
2,2024-05-29,train,ret60_ret5_top5_riskoff0,1.0101291130,0.8416406353,0.8089873554
2,2024-05-30,train,ret60_ret5_top5_riskoff0,1.0023758083,0.8352299782,0.8046866605
2,2024-05-31,train,ret60_ret5_top5_riskoff0,1.0008965729,0.8352665938,0.8014650571
2,2024-06-03,train,ret60_ret5_top5_riskoff0,0.9927404539,0.8278206599,0.8034418992
2,2024-06-04,train,ret60_ret5_top5_riskoff0,0.9944577771,0.8314452564,0.8094686929
2,2024-06-05,train,ret60_ret5_top5_riskoff0,0.9790032720,0.8204742031,0.8047941219
2,2024-06-06,train,ret60_ret5_top5_riskoff0,0.9720106587,0.8076490645,0.8042254719
2,2024-06-07,train,ret60_ret5_top5_riskoff0,0.9740747483,0.8122739604,0.8001643264
2,2024-06-11,train,ret60_ret5_top5_riskoff0,0.9703130714,0.8091700005,0.7931726188
2,2024-06-12,train,ret60_ret5_top5_riskoff0,0.9771676101,0.8138853554,0.7934502275
2,2024-06-13,train,ret60_ret5_top5_riskoff0,0.9691038356,0.8064149022,0.7894226636
2,2024-06-14,train,ret60_ret5_top5_riskoff0,0.9708330070,0.8090011745,0.7928703836
2,2024-06-17,train,ret60_ret5_top5_riskoff0,0.9667024205,0.8035237729,0.7916771143
2,2024-06-18,train,ret60_ret5_top5_riskoff0,0.9776271668,0.8089541701,0.7937793280
2,2024-06-19,train,ret60_ret5_top5_riskoff0,0.9683867248,0.8029372331,0.7900092238
2,2024-06-20,train,ret60_ret5_top5_riskoff0,0.9683867248,0.7914171967,0.7843070531
2,2024-06-21,train,ret60_ret5_top5_riskoff0,0.9683867248,0.7903350320,0.7825921482
2,2024-06-24,train,ret60_ret5_top5_riskoff0,0.9683867248,0.7738504107,0.7783810044
2,2024-06-25,train,ret60_ret5_top5_riskoff0,0.9683867248,0.7725857915,0.7741474729
2,2024-06-26,train,ret60_ret5_top5_riskoff0,0.9683867248,0.7839382356,0.7791533832
2,2024-06-27,train,ret60_ret5_top5_riskoff0,0.9683867248,0.7719108900,0.7733012143
2,2024-06-28,train,ret60_ret5_top5_riskoff0,0.9683867248,0.7745535569,0.7749892539
2,2024-07-01,train,ret60_ret5_top5_riskoff0,0.9683867248,0.7836723976,0.7786877172
2,2024-07-02,train,ret60_ret5_top5_riskoff0,0.9683867248,0.7813912963,0.7772571372
2,2024-07-03,train,ret60_ret5_top5_riskoff0,0.9683867248,0.7780802813,0.7753810402
2,2024-07-04,train,ret60_ret5_top5_riskoff0,0.9683867248,0.7652957944,0.7714407888
2,2024-07-05,train,ret60_ret5_top5_riskoff0,0.9683867248,0.7684290899,0.7681385894
2,2024-07-08,train,ret60_ret5_top5_riskoff0,0.9683867248,0.7548792347,0.7615789662
2,2024-07-09,train,ret60_ret5_top5_riskoff0,0.9683867248,0.7633357183,0.7700975212
2,2024-07-10,train,ret60_ret5_top5_riskoff0,0.9683867248,0.7575347759,0.7676706845
2,2024-07-11,train,ret60_ret5_top5_riskoff0,0.9683867248,0.7729700290,0.7764466991
2,2024-07-12,train,ret60_ret5_top5_riskoff0,0.9683867248,0.7716613250,0.7773937028
2,2024-07-15,train,ret60_ret5_top5_riskoff0,0.9683867248,0.7673051776,0.7782556328
2,2024-07-16,train,ret60_ret5_top5_riskoff0,0.9683867248,0.7677732091,0.7831876634
2,2024-07-17,train,ret60_ret5_top5_riskoff0,0.9683867248,0.7649803676,0.7839264606
2,2024-07-18,train,ret60_ret5_top5_riskoff0,0.9683867248,0.7681422639,0.7882584984
2,2024-07-19,train,ret60_ret5_top5_riskoff0,0.9683867248,0.7681306353,0.7923084500
2,2024-07-22,train,ret60_ret5_top5_riskoff0,0.9683867248,0.7653356860,0.7869129921
2,2024-07-23,train,ret60_ret5_top5_riskoff0,0.9683867248,0.7487534571,0.7701131927
2,2024-07-24,train,ret60_ret5_top5_riskoff0,0.9683867248,0.7405691473,0.7652528030
2,2024-07-25,train,ret60_ret5_top5_riskoff0,0.9683867248,0.7406049136,0.7610215102
2,2024-07-26,train,ret60_ret5_top5_riskoff0,0.9683867248,0.7492633507,0.7632647670
2,2024-07-29,train,ret60_ret5_top5_riskoff0,0.9683867248,0.7475327559,0.7591118315
2,2024-07-30,test,ret60_ret5_top5_riskoff0,1.0000000000,1.0000000000,1.0000000000
2,2024-07-31,test,ret60_ret5_top5_riskoff0,1.0000000000,1.0300239582,1.0215766699
2,2024-08-01,test,ret60_ret5_top5_riskoff0,1.0000000000,1.0244034756,1.0148068784
2,2024-08-02,test,ret60_ret5_top5_riskoff0,1.0000000000,1.0147185988,1.0044548255
2,2024-08-05,test,ret60_ret5_top5_riskoff0,1.0000000000,0.9988909705,0.9922656394
2,2024-08-06,test,ret60_ret5_top5_riskoff0,1.0000000000,1.0089313090,0.9921647306
2,2024-08-07,test,ret60_ret5_top5_riskoff0,1.0000000000,1.0085885887,0.9917225127
2,2024-08-08,test,ret60_ret5_top5_riskoff0,1.0000000000,1.0093371058,0.9921528590
2,2024-08-09,test,ret60_ret5_top5_riskoff0,1.0000000000,1.0032199600,0.9887961583
2,2024-08-12,test,ret60_ret5_top5_riskoff0,1.0000000000,0.9978664972,0.9870836771
2,2024-08-13,test,ret60_ret5_top5_riskoff0,1.0000000000,1.0015628225,0.9896153001
2,2024-08-14,test,ret60_ret5_top5_riskoff0,1.0000000000,0.9931545894,0.9821510189
2,2024-08-15,test,ret60_ret5_top5_riskoff0,1.0000000000,1.0016217743,0.9918590364
2,2024-08-16,test,ret60_ret5_top5_riskoff0,1.0000000000,0.9965004027,0.9929512254
2,2024-08-19,test,ret60_ret5_top5_riskoff0,1.0000000000,0.9977820421,0.9963168298
2,2024-08-20,test,ret60_ret5_top5_riskoff0,1.0000000000,0.9833060497,0.9891137242
2,2024-08-21,test,ret60_ret5_top5_riskoff0,1.0000000000,0.9791777353,0.9858312212
2,2024-08-22,test,ret60_ret5_top5_riskoff0,1.0000000000,0.9693117582,0.9833085019
2,2024-08-23,test,ret60_ret5_top5_riskoff0,1.0000000000,0.9702439045,0.9874784085
2,2024-08-26,test,ret60_ret5_top5_riskoff0,1.0000000000,0.9734903193,0.9865969407
2,2024-08-27,test,ret60_ret5_top5_riskoff0,1.0000000000,0.9646026043,0.9809905680
2,2024-08-28,test,ret60_ret5_top5_riskoff0,1.0000000000,0.9641052222,0.9754020027
2,2024-08-29,test,ret60_ret5_top5_riskoff0,1.0000000000,0.9696390718,0.9727843105
2,2024-08-30,test,ret60_ret5_top5_riskoff0,1.0000000000,0.9857816735,0.9857688952
2,2024-09-02,test,ret60_ret5_top5_riskoff0,1.0000000000,0.9695094734,0.9690239747
2,2024-09-03,test,ret60_ret5_top5_riskoff0,1.0000000000,0.9750541608,0.9715229508
2,2024-09-04,test,ret60_ret5_top5_riskoff0,1.0000000000,0.9680025941,0.9652102167
2,2024-09-05,test,ret60_ret5_top5_riskoff0,1.0000000000,0.9735928022,0.9668722436
2,2024-09-06,test,ret60_ret5_top5_riskoff0,1.0000000000,0.9611084685,0.9590340063
2,2024-09-09,test,ret60_ret5_top5_riskoff0,1.0000000000,0.9530984651,0.9476372508
2,2024-09-10,test,ret60_ret5_top5_riskoff0,1.0000000000,0.9541347720,0.9484712321
2,2024-09-11,test,ret60_ret5_top5_riskoff0,1.0000000000,0.9505005349,0.9456131395
2,2024-09-12,test,ret60_ret5_top5_riskoff0,1.0000000000,0.9478233718,0.9415589812
2,2024-09-13,test,ret60_ret5_top5_riskoff0,1.0000000000,0.9416457366,0.9376354107
2,2024-09-18,test,ret60_ret5_top5_riskoff0,1.0000000000,0.9421347141,0.9411256670
2,2024-09-19,test,ret60_ret5_top5_riskoff0,1.0000000000,0.9575706908,0.9485543334
2,2024-09-20,test,ret60_ret5_top5_riskoff0,1.0000000000,0.9563252376,0.9500412539
2,2024-09-23,test,ret60_ret5_top5_riskoff0,1.0000000000,0.9593469798,0.9535166707
2,2024-09-24,test,ret60_ret5_top5_riskoff0,1.0000000000,0.9978699288,0.9948150698
2,2024-09-25,test,ret60_ret5_top5_riskoff0,1.0000000000,1.0112604775,1.0095418148
2,2024-09-26,test,ret60_ret5_top5_riskoff0,1.0000000000,1.0543244822,1.0522173219
2,2024-09-27,test,ret60_ret5_top5_riskoff0,1.0000000000,1.1024881192,1.0992170666
2,2024-09-30,test,ret60_ret5_top5_riskoff0,1.0000000000,1.2063024326,1.1924597404
2,2024-10-08,test,ret60_ret5_top5_riskoff0,1.0000000000,1.2763913741,1.2631700788
2,2024-10-09,test,ret60_ret5_top5_riskoff0,1.0000000000,1.1739256630,1.1740973117
2,2024-10-10,test,ret60_ret5_top5_riskoff0,1.0000000000,1.1836236966,1.1865061228
2,2024-10-11,test,ret60_ret5_top5_riskoff0,1.0000000000,1.1472247792,1.1536751569
2,2024-10-14,test,ret60_ret5_top5_riskoff0,1.0000000000,1.1755783716,1.1756881088
2,2024-10-15,test,ret60_ret5_top5_riskoff0,1.0000000000,1.1506963214,1.1444212288
2,2024-10-16,test,ret60_ret5_top5_riskoff0,1.0000000000,1.1524718618,1.1371795404
2,2024-10-17,test,ret60_ret5_top5_riskoff0,1.0000000000,1.1406144878,1.1243077361
2,2024-10-18,test,ret60_ret5_top5_riskoff0,0.9990000000,1.1742286119,1.1649710036
2,2024-10-21,test,ret60_ret5_top5_riskoff0,1.0084952018,1.1861508288,1.1679300049
2,2024-10-22,test,ret60_ret5_top5_riskoff0,1.0168240184,1.1990079633,1.1746315346
2,2024-10-23,test,ret60_ret5_top5_riskoff0,1.0217478435,1.2033559526,1.1792110121
2,2024-10-24,test,ret60_ret5_top5_riskoff0,1.0132329683,1.1949319740,1.1660394494
2,2024-10-25,test,ret60_ret5_top5_riskoff0,1.0365816619,1.2122907353,1.1742278995
2,2024-10-28,test,ret60_ret5_top5_riskoff0,1.0580661437,1.2357366789,1.1765250580
2,2024-10-29,test,ret60_ret5_top5_riskoff0,1.0506546293,1.2180271000,1.1647988651
2,2024-10-30,test,ret60_ret5_top5_riskoff0,1.0531076091,1.2186007353,1.1543518392
2,2024-10-31,test,ret60_ret5_top5_riskoff0,1.0640128270,1.2272730822,1.1548237361
2,2024-11-01,test,ret60_ret5_top5_riskoff0,1.0366831077,1.2124112095,1.1545210098
2,2024-11-04,test,ret60_ret5_top5_riskoff0,1.0541469279,1.2270601942,1.1707673222
2,2024-11-05,test,ret60_ret5_top5_riskoff0,1.0909607944,1.2590367329,1.2003899827
2,2024-11-06,test,ret60_ret5_top5_riskoff0,1.0913051951,1.2637280887,1.1943681033
2,2024-11-07,test,ret60_ret5_top5_riskoff0,1.1343267270,1.2967135301,1.2304044067
2,2024-11-08,test,ret60_ret5_top5_riskoff0,1.1262999462,1.2892586259,1.2180430821
2,2024-11-11,test,ret60_ret5_top5_riskoff0,1.1450498392,1.2998250512,1.2260801691
2,2024-11-12,test,ret60_ret5_top5_riskoff0,1.1311151325,1.2865464226,1.2126088479
2,2024-11-13,test,ret60_ret5_top5_riskoff0,1.1320958271,1.2889869227,1.2200731292
2,2024-11-14,test,ret60_ret5_top5_riskoff0,1.1083787750,1.2595942899,1.1989208697
2,2024-11-15,test,ret60_ret5_top5_riskoff0,1.0740709931,1.2371874789,1.1779110697
2,2024-11-18,test,ret60_ret5_top5_riskoff0,1.0482662804,1.2240278698,1.1724352848
2,2024-11-19,test,ret60_ret5_top5_riskoff0,1.0635744123,1.2397512247,1.1803032012
2,2024-11-20,test,ret60_ret5_top5_riskoff0,1.0849971580,1.2559330549,1.1829387009
2,2024-11-21,test,ret60_ret5_top5_riskoff0,1.0907562093,1.2570618083,1.1839863714
2,2024-11-22,test,ret60_ret5_top5_riskoff0,1.0581066722,1.2183579265,1.1473030647
2,2024-11-25,test,ret60_ret5_top5_riskoff0,1.0587072902,1.2225433456,1.1420765838
2,2024-11-26,test,ret60_ret5_top5_riskoff0,1.0523360630,1.2156214129,1.1397289709
2,2024-11-27,test,ret60_ret5_top5_riskoff0,1.0801214299,1.2359338760,1.1595723842
2,2024-11-28,test,ret60_ret5_top5_riskoff0,1.0803282565,1.2336735136,1.1493360796
2,2024-11-29,test,ret60_ret5_top5_riskoff0,1.1033714702,1.2493365023,1.1624037657
2,2024-12-02,test,ret60_ret5_top5_riskoff0,1.1267545109,1.2721175421,1.1716191109
2,2024-12-03,test,ret60_ret5_top5_riskoff0,1.1259943444,1.2741201207,1.1728834385
2,2024-12-04,test,ret60_ret5_top5_riskoff0,1.1054622376,1.2611319060,1.1665528970
2,2024-12-05,test,ret60_ret5_top5_riskoff0,1.1242841073,1.2678844589,1.1638906861
2,2024-12-06,test,ret60_ret5_top5_riskoff0,1.1416889765,1.2834561841,1.1791902368
2,2024-12-09,test,ret60_ret5_top5_riskoff0,1.1268502548,1.2779604085,1.1772403231
2,2024-12-10,test,ret60_ret5_top5_riskoff0,1.1426172242,1.2868256695,1.1858680232
2,2024-12-11,test,ret60_ret5_top5_riskoff0,1.1563747222,1.3012922149,1.1838468798
2,2024-12-12,test,ret60_ret5_top5_riskoff0,1.1745884286,1.3161295347,1.1956205593
2,2024-12-13,test,ret60_ret5_top5_riskoff0,1.1517219557,1.2908659865,1.1673304881
2,2024-12-16,test,ret60_ret5_top5_riskoff0,1.1413442772,1.2850109572,1.1609969787
2,2024-12-17,test,ret60_ret5_top5_riskoff0,1.1132699593,1.2606847294,1.1640212739
2,2024-12-18,test,ret60_ret5_top5_riskoff0,1.1150816385,1.2658080948,1.1699155334
2,2024-12-19,test,ret60_ret5_top5_riskoff0,1.1169745196,1.2626872591,1.1709750755
2,2024-12-20,test,ret60_ret5_top5_riskoff0,1.1214245566,1.2633132747,1.1657159477
2,2024-12-23,test,ret60_ret5_top5_riskoff0,1.0868982630,1.2371195309,1.1674462364
2,2024-12-24,test,ret60_ret5_top5_riskoff0,1.0999716291,1.2500898549,1.1823213766
2,2024-12-25,test,ret60_ret5_top5_riskoff0,1.0858837467,1.2386973653,1.1828971502
2,2024-12-26,test,ret60_ret5_top5_riskoff0,1.0984557115,1.2449031263,1.1834462127
2,2024-12-27,test,ret60_ret5_top5_riskoff0,1.1031931019,1.2500167488,1.1815319139
2,2024-12-30,test,ret60_ret5_top5_riskoff0,1.1007942050,1.2450409979,1.1868800788
2,2024-12-31,test,ret60_ret5_top5_riskoff0,1.0693831406,1.2213722091,1.1678439357
2,2025-01-02,test,ret60_ret5_top5_riskoff0,1.0417675868,1.1970988172,1.1338584547
2,2025-01-03,test,ret60_ret5_top5_riskoff0,1.0036609366,1.1669023390,1.1204316521
2,2025-01-06,test,ret60_ret5_top5_riskoff0,0.9987487398,1.1623875357,1.1185945189
2,2025-01-07,test,ret60_ret5_top5_riskoff0,1.0203593535,1.1765687233,1.1266494132
2,2025-01-08,test,ret60_ret5_top5_riskoff0,1.0227954666,1.1751758861,1.1246045266
2,2025-01-09,test,ret60_ret5_top5_riskoff0,1.0219392475,1.1725647151,1.1218325033
2,2025-01-10,test,ret60_ret5_top5_riskoff0,0.9979837098,1.1478173524,1.1077646333
2,2025-01-13,test,ret60_ret5_top5_riskoff0,1.0006664558,1.1487409991,1.1048056319
2,2025-01-14,test,ret60_ret5_top5_riskoff0,1.0006664558,1.1877370456,1.1339000053
2,2025-01-15,test,ret60_ret5_top5_riskoff0,1.0006664558,1.1813903105,1.1266256700
2,2025-01-16,test,ret60_ret5_top5_riskoff0,1.0006664558,1.1888743575,1.1279167087
2,2025-01-17,test,ret60_ret5_top5_riskoff0,1.0006664558,1.1898021684,1.1314663232
2,2025-01-20,test,ret60_ret5_top5_riskoff0,1.0006664558,1.1952111212,1.1366126706
2,2025-01-21,test,ret60_ret5_top5_riskoff0,1.0006664558,1.1931871112,1.1374822668
2,2025-01-22,test,ret60_ret5_top5_riskoff0,1.0006664558,1.1810377127,1.1269194926
2,2025-01-23,test,ret60_ret5_top5_riskoff0,1.0006664558,1.1807685318,1.1289139248
2,2025-01-24,test,ret60_ret5_top5_riskoff0,1.0006664558,1.1919453397,1.1375564644
2,2025-01-27,test,ret60_ret5_top5_riskoff0,1.0006664558,1.1863747903,1.1328731102
2,2025-02-05,test,ret60_ret5_top5_riskoff0,1.0006664558,1.1835286930,1.1263437190
2,2025-02-06,test,ret60_ret5_top5_riskoff0,1.0006664558,1.2011619887,1.1405154658
2,2025-02-07,test,ret60_ret5_top5_riskoff0,1.0006664558,1.2178472928,1.1553164084
2,2025-02-10,test,ret60_ret5_top5_riskoff0,1.0006664558,1.2300473353,1.1577975770
3,2023-01-04,train,ret60_ret5_top5_riskoff0,1.0000000000,1.0000000000,1.0000000000
3,2023-01-05,train,ret60_ret5_top5_riskoff0,1.0000000000,1.0101180513,1.0194274265
3,2023-01-06,train,ret60_ret5_top5_riskoff0,1.0000000000,1.0084958365,1.0225895529
3,2023-01-09,train,ret60_ret5_top5_riskoff0,1.0000000000,1.0143348266,1.0308686215
3,2023-01-10,train,ret60_ret5_top5_riskoff0,1.0000000000,1.0131920396,1.0319860260
3,2023-01-11,train,ret60_ret5_top5_riskoff0,1.0000000000,1.0099799518,1.0300748789
3,2023-01-12,train,ret60_ret5_top5_riskoff0,1.0000000000,1.0085938170,1.0320887759
3,2023-01-13,train,ret60_ret5_top5_riskoff0,1.0000000000,1.0175061672,1.0466047599
3,2023-01-16,train,ret60_ret5_top5_riskoff0,1.0000000000,1.0283118846,1.0629368474
3,2023-01-17,train,ret60_ret5_top5_riskoff0,0.9990000000,1.0263435283,1.0627518977
3,2023-01-18,train,ret60_ret5_top5_riskoff0,0.9942990053,1.0270615551,1.0609717566
3,2023-01-19,train,ret60_ret5_top5_riskoff0,0.9949175456,1.0316918727,1.0675734340
3,2023-01-20,train,ret60_ret5_top5_riskoff0,0.9957235553,1.0409147770,1.0741288740
3,2023-01-30,train,ret60_ret5_top5_riskoff0,1.0024899718,1.0458416940,1.0792201287
3,2023-01-31,train,ret60_ret5_top5_riskoff0,0.9944421410,1.0453653259,1.0677917774
3,2023-02-01,train,ret60_ret5_top5_riskoff0,1.0043997413,1.0573080337,1.0778278683
3,2023-02-02,train,ret60_ret5_top5_riskoff0,1.0082951550,1.0572994234,1.0740312616
3,2023-02-03,train,ret60_ret5_top5_riskoff0,1.0073744963,1.0515793392,1.0638795772
3,2023-02-06,train,ret60_ret5_top5_riskoff0,0.9990213647,1.0439696489,1.0498156925
3,2023-02-07,train,ret60_ret5_top5_riskoff0,1.0027746357,1.0492293668,1.0517037208
3,2023-02-08,train,ret60_ret5_top5_riskoff0,0.9947971103,1.0429809699,1.0470568592
3,2023-02-09,train,ret60_ret5_top5_riskoff0,1.0119285909,1.0555355369,1.0611130377
3,2023-02-10,train,ret60_ret5_top5_riskoff0,1.0198122018,1.0543744770,1.0548067661
3,2023-02-13,train,ret60_ret5_top5_riskoff0,1.0457117914,1.0659017538,1.0643779139
3,2023-02-14,train,ret60_ret5_top5_riskoff0,1.0429630437,1.0663030465,1.0648197382
3,2023-02-15,train,ret60_ret5_top5_riskoff0,1.0431042877,1.0625647715,1.0592712467
3,2023-02-16,train,ret60_ret5_top5_riskoff0,1.0343588373,1.0479240966,1.0515136336
3,2023-02-17,train,ret60_ret5_top5_riskoff0,1.0279994084,1.0411300881,1.0363631693
3,2023-02-20,train,ret60_ret5_top5_riskoff0,1.0494062543,1.0617072489,1.0617886179
3,2023-02-21,train,ret60_ret5_top5_riskoff0,1.0409517721,1.0668920157,1.0645782761
3,2023-02-22,train,ret60_ret5_top5_riskoff0,1.0382140619,1.0636492899,1.0549711658
3,2023-02-23,train,ret60_ret5_top5_riskoff0,1.0250724497,1.0614783136,1.0541234796
3,2023-02-24,train,ret60_ret5_top5_riskoff0,1.0219525268,1.0565957082,1.0431806214
3,2023-02-27,train,ret60_ret5_top5_riskoff0,1.0159941282,1.0502396854,1.0387598094
3,2023-02-28,train,ret60_ret5_top5_riskoff0,1.0270934287,1.0580653791,1.0453409368
3,2023-03-01,train,ret60_ret5_top5_riskoff0,1.0448941143,1.0686832731,1.0601060892
3,2023-03-02,train,ret60_ret5_top5_riskoff0,1.0499114789,1.0682314217,1.0577428428
3,2023-03-03,train,ret60_ret5_top5_riskoff0,1.0455807729,1.0705439935,1.0610334065
3,2023-03-06,train,ret60_ret5_top5_riskoff0,1.0446732071,1.0665809692,1.0555003275
3,2023-03-07,train,ret60_ret5_top5_riskoff0,1.0206786027,1.0489883204,1.0400467512
3,2023-03-08,train,ret60_ret5_top5_riskoff0,1.0270791681,1.0515400713,1.0362604195
3,2023-03-09,train,ret60_ret5_top5_riskoff0,1.0224819339,1.0484685300,1.0325973876
3,2023-03-10,train,ret60_ret5_top5_riskoff0,1.0084606104,1.0317843746,1.0190575271
3,2023-03-13,train,ret60_ret5_top5_riskoff0,1.0251087486,1.0406001841,1.0297306670
3,2023-03-14,train,ret60_ret5_top5_riskoff0,1.0148568964,1.0304282655,1.0235682452
3,2023-03-15,train,ret60_ret5_top5_riskoff0,1.0052997934,1.0354301311,1.0241333693
3,2023-03-16,train,ret60_ret5_top5_riskoff0,1.0021287750,1.0205391808,1.0118676068
3,2023-03-17,train,ret60_ret5_top5_riskoff0,1.0157895784,1.0279803047,1.0169203303
3,2023-03-20,train,ret60_ret5_top5_riskoff0,1.0101210608,1.0222499848,1.0118496256
3,2023-03-21,train,ret60_ret5_top5_riskoff0,1.0313812526,1.0346899774,1.0229722961
3,2023-03-22,train,ret60_ret5_top5_riskoff0,1.0313812526,1.0395474685,1.0273545769
3,2023-03-23,train,ret60_ret5_top5_riskoff0,1.0313812526,1.0427762596,1.0375396550
3,2023-03-24,train,ret60_ret5_top5_riskoff0,1.0313812526,1.0418438883,1.0344468848
3,2023-03-27,train,ret60_ret5_top5_riskoff0,1.0313812526,1.0391920190,1.0307042217
3,2023-03-28,train,ret60_ret5_top5_riskoff0,1.0313812526,1.0353129588,1.0273725581
3,2023-03-29,train,ret60_ret5_top5_riskoff0,1.0313812526,1.0319838115,1.0290756367
3,2023-03-30,train,ret60_ret5_top5_riskoff0,1.0313812526,1.0367862575,1.0373958052
3,2023-03-31,train,ret60_ret5_top5_riskoff0,1.0313812526,1.0437755832,1.0405810504
3,2023-04-03,train,ret60_ret5_top5_riskoff0,1.0313812526,1.0551333198,1.0507635598
3,2023-04-04,train,ret60_ret5_top5_riskoff0,1.0313812526,1.0525722575,1.0539847673
3,2023-04-06,train,ret60_ret5_top5_riskoff0,1.0313812526,1.0501172536,1.0523227886
3,2023-04-07,train,ret60_ret5_top5_riskoff0,1.0313812526,1.0583041734,1.0591659282
3,2023-04-10,train,ret60_ret5_top5_riskoff0,1.0313812526,1.0499169174,1.0544214542
3,2023-04-11,train,ret60_ret5_top5_riskoff0,1.0313812526,1.0528721171,1.0532244185
3,2023-04-12,train,ret60_ret5_top5_riskoff0,1.0313812526,1.0568981154,1.0524897571
3,2023-04-13,train,ret60_ret5_top5_riskoff0,1.0313812526,1.0521373722,1.0452176370
3,2023-04-14,train,ret60_ret5_top5_riskoff0,1.0313812526,1.0540833230,1.0511308905
3,2023-04-17,train,ret60_ret5_top5_riskoff0,1.0313812526,1.0609271735,1.0658703554
3,2023-04-18,train,ret60_ret5_top5_riskoff0,1.0313812526,1.0607751196,1.0691198192
3,2023-04-19,train,ret60_ret5_top5_riskoff0,1.0303498713,1.0535862331,1.0594947276
3,2023-04-20,train,ret60_ret5_top5_riskoff0,1.0495182872,1.0504917316,1.0565303947
3,2023-04-21,train,ret60_ret5_top5_riskoff0,1.0017337573,1.0280117776,1.0358648326
3,2023-04-24,train,ret60_ret5_top5_riskoff0,1.0055610866,1.0206144922,1.0230390835
3,2023-04-25,train,ret60_ret5_top5_riskoff0,0.9933285179,1.0103191188,1.0179092976
3,2023-04-26,train,ret60_ret5_top5_riskoff0,0.9780042177,1.0130597644,1.0170256489
3,2023-04-27,train,ret60_ret5_top5_riskoff0,0.9609137033,1.0155393959,1.0245238187
3,2023-04-28,train,ret60_ret5_top5_riskoff0,0.9975949920,1.0303092411,1.0349709090
3,2023-05-04,train,ret60_ret5_top5_riskoff0,0.9961912569,1.0330933921,1.0352688835
3,2023-05-05,train,ret60_ret5_top5_riskoff0,0.9863526951,1.0268303720,1.0318344700
3,2023-05-08,train,ret60_ret5_top5_riskoff0,0.9932798812,1.0343532820,1.0435941895
3,2023-05-09,train,ret60_ret5_top5_riskoff0,0.9775750344,1.0232272053,1.0346600907
3,2023-05-10,train,ret60_ret5_top5_riskoff0,0.9732066311,1.0207713707,1.0266944091
3,2023-05-11,train,ret60_ret5_top5_riskoff0,0.9764221593,1.0221124411,1.0250992178
3,2023-05-12,train,ret60_ret5_top5_riskoff0,0.9584627545,1.0102547854,1.0115105511
3,2023-05-15,train,ret60_ret5_top5_riskoff0,0.9609471820,1.0189435357,1.0272132958
3,2023-05-16,train,ret60_ret5_top5_riskoff0,0.9394426319,1.0087105713,1.0219011290
3,2023-05-17,train,ret60_ret5_top5_riskoff0,0.9441911432,1.0098734801,1.0172671111
3,2023-05-18,train,ret60_ret5_top5_riskoff0,0.9642184173,1.0112026642,1.0162139252
3,2023-05-19,train,ret60_ret5_top5_riskoff0,0.9612793090,1.0083555283,1.0132521610
3,2023-05-22,train,ret60_ret5_top5_riskoff0,0.9539497133,1.0122711462,1.0196200825
3,2023-05-23,train,ret60_ret5_top5_riskoff0,0.9539497133,1.0002791288,1.0051991420
3,2023-05-24,train,ret60_ret5_top5_riskoff0,0.9539497133,0.9912715188,0.9913022258
3,2023-05-25,train,ret60_ret5_top5_riskoff0,0.9539497133,0.9881379693,0.9890956729
3,2023-05-26,train,ret60_ret5_top5_riskoff0,0.9539497133,0.9911243792,0.9892112665
3,2023-05-29,train,ret60_ret5_top5_riskoff0,0.9539497133,0.9877644347,0.9848418295
3,2023-05-30,train,ret60_ret5_top5_riskoff0,0.9539497133,0.9912367825,0.9858205217
3,2023-05-31,train,ret60_ret5_top5_riskoff0,0.9539497133,0.9862057535,0.9757484684
3,2023-06-01,train,ret60_ret5_top5_riskoff0,0.9539497133,0.9877266169,0.9778882339
3,2023-06-02,train,ret60_ret5_top5_riskoff0,0.9539497133,0.9996249100,0.9920060622
3,2023-06-05,train,ret60_ret5_top5_riskoff0,0.9539497133,1.0001645786,0.9874902067
3,2023-06-06,train,ret60_ret5_top5_riskoff0,0.9539497133,0.9873138079,0.9782196021
3,2023-06-07,train,ret60_ret5_top5_riskoff0,0.9539497133,0.9881792113,0.9733852220
3,2023-06-08,train,ret60_ret5_top5_riskoff0,0.9539497133,0.9909614720,0.9813098036
3,2023-06-09,train,ret60_ret5_top5_riskoff0,0.9539497133,0.9943080781,0.9855508034
3,2023-06-12,train,ret60_ret5_top5_riskoff0,0.9539497133,0.9991332588,0.9875364441
3,2023-06-13,train,ret60_ret5_top5_riskoff0,0.9539497133,1.0012002080,0.9927972360
3,2023-06-14,train,ret60_ret5_top5_riskoff0,0.9539497133,1.0038113690,0.9925686176
3,2023-06-15,train,ret60_ret5_top5_riskoff0,0.9539497133,1.0120800083,1.0083612684
3,2023-06-16,train,ret60_ret5_top5_riskoff0,0.9539497133,1.0189641839,1.0180839723
3,2023-06-19,train,ret60_ret5_top5_riskoff0,0.9539497133,1.0131319885,1.0097509601
3,2023-06-20,train,ret60_ret5_top5_riskoff0,0.9539497133,1.0087470052,1.0080376064
3,2023-06-21,train,ret60_ret5_top5_riskoff0,0.9539497133,0.9932941520,0.9925711864
3,2023-06-26,train,ret60_ret5_top5_riskoff0,0.9539497133,0.9773064195,0.9786151890
3,2023-06-27,train,ret60_ret5_top5_riskoff0,0.9539497133,0.9941554104,0.9877933187
3,2023-06-28,train,ret60_ret5_top5_riskoff0,0.9539497133,0.9919064780,0.9866039893
3,2023-06-29,train,ret60_ret5_top5_riskoff0,0.9539497133,0.9913517921,0.9817336467
3,2023-06-30,train,ret60_ret5_top5_riskoff0,0.9539497133,0.9999157742,0.9870278324
3,2023-07-03,train,ret60_ret5_top5_riskoff0,0.9539497133,1.0093299335,0.9999820188
3,2023-07-04,train,ret60_ret5_top5_riskoff0,0.9539497133,1.0103854963,1.0015566601
3,2023-07-05,train,ret60_ret5_top5_riskoff0,0.9539497133,1.0037735360,0.9937990470
3,2023-07-06,train,ret60_ret5_top5_riskoff0,0.9539497133,1.0000892873,0.9871048947
3,2023-07-07,train,ret60_ret5_top5_riskoff0,0.9539497133,0.9970776038,0.9827251827
3,2023-07-10,train,ret60_ret5_top5_riskoff0,0.9539497133,0.9997583507,0.9875107566
3,2023-07-11,train,ret60_ret5_top5_riskoff0,0.9539497133,1.0048544483,0.9939737217
3,2023-07-12,train,ret60_ret5_top5_riskoff0,0.9539497133,0.9946518552,0.9872821382
3,2023-07-13,train,ret60_ret5_top5_riskoff0,0.9539497133,1.0059521346,1.0014051041
3,2023-07-14,train,ret60_ret5_top5_riskoff0,0.9539497133,1.0053737913,1.0015797788
3,2023-07-17,train,ret60_ret5_top5_riskoff0,0.9539497133,0.9999767018,0.9933777726
3,2023-07-18,train,ret60_ret5_top5_riskoff0,0.9539497133,0.9987017508,0.9902361962
3,2023-07-19,train,ret60_ret5_top5_riskoff0,0.9539497133,1.0004896816,0.9891907166
3,2023-07-20,train,ret60_ret5_top5_riskoff0,0.9539497133,0.9927691603,0.9822088647
3,2023-07-21,train,ret60_ret5_top5_riskoff0,0.9539497133,0.9927002822,0.9817516279
3,2023-07-24,train,ret60_ret5_top5_riskoff0,0.9539497133,0.9894684273,0.9774643908
3,2023-07-25,train,ret60_ret5_top5_riskoff0,0.9539497133,1.0113254822,1.0056949100
3,2023-07-26,train,ret60_ret5_top5_riskoff0,0.9539497133,1.0097611453,1.0036116570
3,2023-07-27,train,ret60_ret5_top5_riskoff0,0.9539497133,1.0060861268,1.0024146213
3,2023-07-28,train,ret60_ret5_top5_riskoff0,0.9539497133,1.0207853530,1.0256335170
3,2023-07-31,train,ret60_ret5_top5_riskoff0,0.9539497133,1.0311456778,1.0312565021
3,2023-08-01,train,ret60_ret5_top5_riskoff0,0.9539497133,1.0293597328,1.0269846774
3,2023-08-02,train,ret60_ret5_top5_riskoff0,0.9539497133,1.0243007339,1.0197665010
3,2023-08-03,train,ret60_ret5_top5_riskoff0,0.9539497133,1.0264679174,1.0287776622
3,2023-08-04,train,ret60_ret5_top5_riskoff0,0.9539497133,1.0284147925,1.0327849060
3,2023-08-07,train,ret60_ret5_top5_riskoff0,0.9539497133,1.0217508750,1.0249682118
3,2023-08-08,train,ret60_ret5_top5_riskoff0,0.9539497133,1.0182843846,1.0222915784
3,2023-08-09,train,ret60_ret5_top5_riskoff0,0.9539497133,1.0107622921,1.0191679831
3,2023-08-10,train,ret60_ret5_top5_riskoff0,0.9539497133,1.0135324351,1.0212615112
3,2023-08-11,train,ret60_ret5_top5_riskoff0,0.9539497133,0.9942804304,0.9977651909
3,2023-08-14,train,ret60_ret5_top5_riskoff0,0.9539497133,0.9951688739,0.9904853646
3,2023-08-15,train,ret60_ret5_top5_riskoff0,0.9539497133,0.9910008117,0.9880784495
3,2023-08-16,train,ret60_ret5_top5_riskoff0,0.9539497133,0.9839487647,0.9808320169
3,2023-08-17,train,ret60_ret5_top5_riskoff0,0.9539497133,0.9914641873,0.9841123056
3,2023-08-18,train,ret60_ret5_top5_riskoff0,0.9539497133,0.9769601612,0.9720135116
3,2023-08-21,train,ret60_ret5_top5_riskoff0,0.9539497133,0.9680731555,0.9580292580
3,2023-08-22,train,ret60_ret5_top5_riskoff0,0.9539497133,0.9727978161,0.9653938530
3,2023-08-23,train,ret60_ret5_top5_riskoff0,0.9539497133,0.9581568827,0.9495703772
3,2023-08-24,train,ret60_ret5_top5_riskoff0,0.9539497133,0.9597429970,0.9564546167
3,2023-08-25,train,ret60_ret5_top5_riskoff0,0.9539497133,0.9499127819,0.9527864473
3,2023-08-28,train,ret60_ret5_top5_riskoff0,0.9539497133,0.9620035043,0.9639527864
3,2023-08-29,train,ret60_ret5_top5_riskoff0,0.9539497133,0.9791093079,0.9735830155
3,2023-08-30,train,ret60_ret5_top5_riskoff0,0.9539497133,0.9794499647,0.9731720161
3,2023-08-31,train,ret60_ret5_top5_riskoff0,0.9539497133,0.9715506915,0.9672022502
3,2023-09-01,train,ret60_ret5_top5_riskoff0,0.9539497133,0.9782246367,0.9739375024
3,2023-09-04,train,ret60_ret5_top5_riskoff0,0.9539497133,0.9947130720,0.9886975173
3,2023-09-05,train,ret60_ret5_top5_riskoff0,0.9539497133,0.9877051672,0.9813431973
3,2023-09-06,train,ret60_ret5_top5_riskoff0,0.9539497133,0.9872291467,0.9792137068
3,2023-09-07,train,ret60_ret5_top5_riskoff0,0.9539497133,0.9744218009,0.9654555029
3,2023-09-11,train,ret60_ret5_top5_riskoff0,0.9539497133,0.9799873351,0.9677853556
3,2023-09-12,train,ret60_ret5_top5_riskoff0,0.9539497133,0.9786676129,0.9660026458
3,2023-09-13,train,ret60_ret5_top5_riskoff0,0.9539497133,0.9721162307,0.9598504990
3,2023-09-14,train,ret60_ret5_top5_riskoff0,0.9539497133,0.9694957904,0.9590439127
3,2023-09-15,train,ret60_ret5_top5_riskoff0,0.9539497133,0.9682440892,0.9526914037
3,2023-09-18,train,ret60_ret5_top5_riskoff0,0.9539497133,0.9722747266,0.9575540400
3,2023-09-19,train,ret60_ret5_top5_riskoff0,0.9539497133,0.9670452650,0.9557019741
3,2023-09-20,train,ret60_ret5_top5_riskoff0,0.9539497133,0.9620089655,0.9518976612
3,2023-09-21,train,ret60_ret5_top5_riskoff0,0.9539497133,0.9542558478,0.9433565805
3,2023-09-22,train,ret60_ret5_top5_riskoff0,0.9539497133,0.9680286474,0.9604361731
3,2023-09-25,train,ret60_ret5_top5_riskoff0,0.9539497133,0.9618745282,0.9541864139
3,2023-09-26,train,ret60_ret5_top5_riskoff0,0.9539497133,0.9575068823,0.9486096662
3,2023-09-27,train,ret60_ret5_top5_riskoff0,0.9539497133,0.9598414638,0.9505644819
3,2023-09-28,train,ret60_ret5_top5_riskoff0,0.9539497133,0.9630134315,0.9477439988
3,2023-10-09,train,ret60_ret5_top5_riskoff0,0.9539497133,0.9567984151,0.9465135694
3,2023-10-10,train,ret60_ret5_top5_riskoff0,0.9539497133,0.9513986057,0.9394238303
3,2023-10-11,train,ret60_ret5_top5_riskoff0,0.9539497133,0.9505440065,0.9421004637
3,2023-10-12,train,ret60_ret5_top5_riskoff0,0.9539497133,0.9571426662,0.9510474062
3,2023-10-13,train,ret60_ret5_top5_riskoff0,0.9539497133,0.9481885459,0.9410370028
3,2023-10-16,train,ret60_ret5_top5_riskoff0,0.9539497133,0.9430299804,0.9315814485
3,2023-10-17,train,ret60_ret5_top5_riskoff0,0.9539497133,0.9445222340,0.9348694435
3,2023-10-18,train,ret60_ret5_top5_riskoff0,0.9539497133,0.9319526992,0.9274663173
3,2023-10-19,train,ret60_ret5_top5_riskoff0,0.9539497133,0.9185044096,0.9076766976
3,2023-10-20,train,ret60_ret5_top5_riskoff0,0.9539497133,0.9116783180,0.9017814254
3,2023-10-23,train,ret60_ret5_top5_riskoff0,0.9539497133,0.8940854408,0.8924440334
3,2023-10-24,train,ret60_ret5_top5_riskoff0,0.9539497133,0.9063732946,0.8957551471
3,2023-10-25,train,ret60_ret5_top5_riskoff0,0.9539497133,0.9147560039,0.9002067841
3,2023-10-26,train,ret60_ret5_top5_riskoff0,0.9539497133,0.9165787666,0.9026933303
3,2023-10-27,train,ret60_ret5_top5_riskoff0,0.9539497133,0.9290172831,0.9150875300
3,2023-10-30,train,ret60_ret5_top5_riskoff0,0.9539497133,0.9350991572,0.9205795091
3,2023-10-31,train,ret60_ret5_top5_riskoff0,0.9539497133,0.9325218227,0.9176871010
3,2023-11-01,train,ret60_ret5_top5_riskoff0,0.9539497133,0.9319939549,0.9173069266
3,2023-11-02,train,ret60_ret5_top5_riskoff0,0.9539497133,0.9254428449,0.9129811582
3,2023-11-03,train,ret60_ret5_top5_riskoff0,0.9539497133,0.9322313835,0.9206745527
3,2023-11-06,train,ret60_ret5_top5_riskoff0,0.9539497133,0.9449372566,0.9331252649
3,2023-11-07,train,ret60_ret5_top5_riskoff0,0.9539497133,0.9463469593,0.9298244262
3,2023-11-08,train,ret60_ret5_top5_riskoff0,0.9539497133,0.9463184358,0.9275921859
3,2023-11-09,train,ret60_ret5_top5_riskoff0,0.9539497133,0.9445105109,0.9280442852
3,2023-11-10,train,ret60_ret5_top5_riskoff0,0.9539497133,0.9405723803,0.9212782080
3,2023-11-13,train,ret60_ret5_top5_riskoff0,0.9539497133,0.9458395330,0.9194595358
3,2023-11-14,train,ret60_ret5_top5_riskoff0,0.9539497133,0.9486052115,0.9201402535
3,2023-11-15,train,ret60_ret5_top5_riskoff0,0.9539497133,0.9542519430,0.9266109249
3,2023-11-16,train,ret60_ret5_top5_riskoff0,0.9539497133,0.9476368238,0.9176485699
3,2023-11-17,train,ret60_ret5_top5_riskoff0,0.9539497133,0.9499652001,0.9165465778
3,2023-11-20,train,ret60_ret5_top5_riskoff0,0.9539497133,0.9557214583,0.9186657933
3,2023-11-21,train,ret60_ret5_top5_riskoff0,0.9539497133,0.9552724570,0.9198859477
3,2023-11-22,train,ret60_ret5_top5_riskoff0,0.9539497133,0.9469321989,0.9104714933
3,2023-11-23,train,ret60_ret5_top5_riskoff0,0.9539497133,0.9538348587,0.9148640491
3,2023-11-24,train,ret60_ret5_top5_riskoff0,0.9539497133,0.9462848784,0.9088249271
3,2023-11-27,train,ret60_ret5_top5_riskoff0,0.9539497133,0.9424640406,0.9021282061
3,2023-11-28,train,ret60_ret5_top5_riskoff0,0.9539497133,0.9458872179,0.9038184410
3,2023-11-29,train,ret60_ret5_top5_riskoff0,0.9539497133,0.9394608268,0.8960582592
3,2023-11-30,train,ret60_ret5_top5_riskoff0,0.9539497133,0.9380926366,0.8980849998
3,2023-12-01,train,ret60_ret5_top5_riskoff0,0.9539497133,0.9413255081,0.8946634300
3,2023-12-04,train,ret60_ret5_top5_riskoff0,0.9539497133,0.9402822097,0.8888221015
3,2023-12-05,train,ret60_ret5_top5_riskoff0,0.9539497133,0.9231619931,0.8718992024
3,2023-12-06,train,ret60_ret5_top5_riskoff0,0.9539497133,0.9270127553,0.8732709128
3,2023-12-07,train,ret60_ret5_top5_riskoff0,0.9539497133,0.9257009444,0.8711337161
3,2023-12-08,train,ret60_ret5_top5_riskoff0,0.9539497133,0.9214004968,0.8732349504
3,2023-12-11,train,ret60_ret5_top5_riskoff0,0.9539497133,0.9296803550,0.8783698737
3,2023-12-12,train,ret60_ret5_top5_riskoff0,0.9539497133,0.9340586034,0.8802579021
3,2023-12-13,train,ret60_ret5_top5_riskoff0,0.9539497133,0.9230367763,0.8655672434
3,2023-12-14,train,ret60_ret5_top5_riskoff0,0.9539497133,0.9212636499,0.8610334065
3,2023-12-15,train,ret60_ret5_top5_riskoff0,0.9539497133,0.9190278750,0.8583593419
3,2023-12-18,train,ret60_ret5_top5_riskoff0,0.9539497133,0.9093876384,0.8552306092
3,2023-12-19,train,ret60_ret5_top5_riskoff0,0.9539497133,0.9084587763,0.8564302136
3,2023-12-20,train,ret60_ret5_top5_riskoff0,0.9539497133,0.8977657211,0.8470440155
3,2023-12-21,train,ret60_ret5_top5_riskoff0,0.9539497133,0.9052521744,0.8556159211
3,2023-12-22,train,ret60_ret5_top5_riskoff0,0.9539497133,0.8986430543,0.8572496436
3,2023-12-25,train,ret60_ret5_top5_riskoff0,0.9539497133,0.8973400511,0.8598749021
3,2023-12-26,train,ret60_ret5_top5_riskoff0,0.9539497133,0.8887525912,0.8540541235
3,2023-12-27,train,ret60_ret5_top5_riskoff0,0.9539497133,0.8927675237,0.8570261627
3,2023-12-28,train,ret60_ret5_top5_riskoff0,0.9539497133,0.9090757833,0.8771086194
3,2023-12-29,train,ret60_ret5_top5_riskoff0,0.9539497133,0.9170879423,0.8813650317
3,2024-01-02,train,ret60_ret5_top5_riskoff0,0.9539497133,0.9147959011,0.8698673243
3,2024-01-03,train,ret60_ret5_top5_riskoff0,0.9539497133,0.9139023663,0.8677994837
3,2024-01-04,train,ret60_ret5_top5_riskoff0,0.9539497133,0.9098584305,0.8597721522
3,2024-01-05,train,ret60_ret5_top5_riskoff0,0.9539497133,0.8995438337,0.8551638218
3,2024-01-08,train,ret60_ret5_top5_riskoff0,0.9539497133,0.8849969947,0.8441053700
3,2024-01-09,train,ret60_ret5_top5_riskoff0,0.9539497133,0.8895888409,0.8457596424
3,2024-01-10,train,ret60_ret5_top5_riskoff0,0.9539497133,0.8851595232,0.8418114797
3,2024-01-11,train,ret60_ret5_top5_riskoff0,0.9539497133,0.8940031350,0.8465739349
3,2024-01-12,train,ret60_ret5_top5_riskoff0,0.9539497133,0.8904442814,0.8436198770
3,2024-01-15,train,ret60_ret5_top5_riskoff0,0.9539497133,0.8903727241,0.8427850345
3,2024-01-16,train,ret60_ret5_top5_riskoff0,0.9539497133,0.8897422855,0.8479122516
3,2024-01-17,train,ret60_ret5_top5_riskoff0,0.9539497133,0.8696690733,0.8294686549
3,2024-01-18,train,ret60_ret5_top5_riskoff0,0.9539497133,0.8702345542,0.8411949807
3,2024-01-19,train,ret60_ret5_top5_riskoff0,0.9539497133,0.8646238199,0.8399234514
3,2024-01-22,train,ret60_ret5_top5_riskoff0,0.9539497133,0.8291221398,0.8268536714
3,2024-01-23,train,ret60_ret5_top5_riskoff0,0.9539497133,0.8356302476,0.8302007475
3,2024-01-24,train,ret60_ret5_top5_riskoff0,0.9539497133,0.8504482910,0.8418063422
3,2024-01-25,train,ret60_ret5_top5_riskoff0,0.9539497133,0.8761317283,0.8587112601
3,2024-01-26,train,ret60_ret5_top5_riskoff0,0.9539497133,0.8755315930,0.8563737012
3,2024-01-29,train,ret60_ret5_top5_riskoff0,0.9539497133,0.8596509440,0.8487034254
3,2024-01-30,train,ret60_ret5_top5_riskoff0,0.9539497133,0.8390886549,0.8335683736
3,2024-01-31,train,ret60_ret5_top5_riskoff0,0.9539497133,0.8165411540,0.8259417665
3,2024-02-01,train,ret60_ret5_top5_riskoff0,0.9539497133,0.8092725385,0.8265479906
3,2024-02-02,train,ret60_ret5_top5_riskoff0,0.9539497133,0.7903637001,0.8167662056
3,2024-02-05,train,ret60_ret5_top5_riskoff0,0.9539497133,0.7628306709,0.8221066286
3,2024-02-06,train,ret60_ret5_top5_riskoff0,0.9539497133,0.7916105205,0.8506890661
3,2024-02-07,train,ret60_ret5_top5_riskoff0,0.9539497133,0.8032018708,0.8588936411
3,2024-02-08,train,ret60_ret5_top5_riskoff0,0.9539497133,0.8256653252,0.8643650702
3,2024-02-19,train,ret60_ret5_top5_riskoff0,0.9539497133,0.8400158097,0.8743523549
3,2024-02-20,train,ret60_ret5_top5_riskoff0,0.9539497133,0.8445881982,0.8761607521
3,2024-02-21,train,ret60_ret5_top5_riskoff0,0.9539497133,0.8531276256,0.8879821215
3,2024-02-22,train,ret60_ret5_top5_riskoff0,0.9539497133,0.8643326038,0.8956369848
3,2024-02-23,train,ret60_ret5_top5_riskoff0,0.9539497133,0.8726820157,0.8964255898
3,2024-02-26,train,ret60_ret5_top5_riskoff0,0.9539497133,0.8724530174,0.8870804917
3,2024-02-27,train,ret60_ret5_top5_riskoff0,0.9539497133,0.8885430758,0.8977228066
3,2024-02-28,train,ret60_ret5_top5_riskoff0,0.9539497133,0.8608895507,0.8862841804
3,2024-02-29,train,ret60_ret5_top5_riskoff0,0.9539497133,0.8836494635,0.9031916670
3,2024-03-01,train,ret60_ret5_top5_riskoff0,0.9539497133,0.8888008574,0.9087709834
3,2024-03-04,train,ret60_ret5_top5_riskoff0,0.9539497133,0.8900088441,0.9095595885
3,2024-03-05,train,ret60_ret5_top5_riskoff0,0.9539497133,0.8861457445,0.9158889788
3,2024-03-06,train,ret60_ret5_top5_riskoff0,0.9539497133,0.8881412592,0.9121745720
3,2024-03-07,train,ret60_ret5_top5_riskoff0,0.9539497133,0.8834682972,0.9066954366
3,2024-03-08,train,ret60_ret5_top5_riskoff0,0.9539497133,0.8894956466,0.9105973619
3,2024-03-11,train,ret60_ret5_top5_riskoff0,0.9539497133,0.9011619812,0.9219897507
3,2024-03-12,train,ret60_ret5_top5_riskoff0,0.9539497133,0.9050394089,0.9241038287
3,2024-03-13,train,ret60_ret5_top5_riskoff0,0.9539497133,0.9028427864,0.9176485699
3,2024-03-14,train,ret60_ret5_top5_riskoff0,0.9539497133,0.9005052936,0.9150438613
3,2024-03-15,train,ret60_ret5_top5_riskoff0,0.9539497133,0.9078453878,0.9170397770
3,2024-03-18,train,ret60_ret5_top5_riskoff0,0.9539497133,0.9180193783,0.9256553513
3,2024-03-19,train,ret60_ret5_top5_riskoff0,0.9529957636,0.9140893315,0.9190022990
3,2024-03-20,train,ret60_ret5_top5_riskoff0,0.9565678843,0.9196407480,0.9209930772
3,2024-03-21,train,ret60_ret5_top5_riskoff0,0.9555565024,0.9196376700,0.9198910852
3,2024-03-22,train,ret60_ret5_top5_riskoff0,0.9499086063,0.9099700599,0.9106204806
3,2024-03-25,train,ret60_ret5_top5_riskoff0,0.9522839303,0.8985961894,0.9056782132
3,2024-03-26,train,ret60_ret5_top5_riskoff0,0.9494037093,0.8990020066,0.9102993874
3,2024-03-27,train,ret60_ret5_top5_riskoff0,0.9450716072,0.8795746149,0.8997778035
3,2024-03-28,train,ret60_ret5_top5_riskoff0,0.9530573257,0.8915018106,0.9044452151
3,2024-03-29,train,ret60_ret5_top5_riskoff0,0.9696169721,0.9009479728,0.9086887836
3,2024-04-01,train,ret60_ret5_top5_riskoff0,0.9784285012,0.9171080649,0.9236311794
3,2024-04-02,train,ret60_ret5_top5_riskoff0,0.9862553904,0.9153666501,0.9197857666
3,2024-04-03,train,ret60_ret5_top5_riskoff0,0.9991988104,0.9127266409,0.9164772216
3,2024-04-08,train,ret60_ret5_top5_riskoff0,0.9938802476,0.8996501476,0.9084139277
3,2024-04-09,train,ret60_ret5_top5_riskoff0,0.9899601060,0.9041467576,0.9076638539
3,2024-04-10,train,ret60_ret5_top5_riskoff0,0.9929752966,0.8925730742,0.9002710027
3,2024-04-11,train,ret60_ret5_top5_riskoff0,0.9961623381,0.8950800256,0.9001502716
3,2024-04-12,train,ret60_ret5_top5_riskoff0,0.9983910792,0.8888770869,0.8928550328
3,2024-04-15,train,ret60_ret5_top5_riskoff0,1.0118252127,0.8857352743,0.9116685290
3,2024-04-16,train,ret60_ret5_top5_riskoff0,0.9991565580,0.8570955107,0.9019150002
3,2024-04-17,train,ret60_ret5_top5_riskoff0,1.0163587094,0.8847748860,0.9158607226
3,2024-04-18,train,ret60_ret5_top5_riskoff0,1.0215882555,0.8844366365,0.9169909709
3,2024-04-19,train,ret60_ret5_top5_riskoff0,1.0237744917,0.8808014302,0.9097625194
3,2024-04-22,train,ret60_ret5_top5_riskoff0,0.9964409175,0.8747139024,0.9069985487
3,2024-04-23,train,ret60_ret5_top5_riskoff0,0.9804294865,0.8693720477,0.9006588834
3,2024-04-24,train,ret60_ret5_top5_riskoff0,0.9906751250,0.8781268993,0.9046147523
3,2024-04-25,train,ret60_ret5_top5_riskoff0,0.9951512269,0.8793955413,0.9068392864
3,2024-04-26,train,ret60_ret5_top5_riskoff0,1.0054511492,0.8922654200,0.9207079464
3,2024-04-29,train,ret60_ret5_top5_riskoff0,1.0082045048,0.9085822031,0.9308904558
3,2024-04-30,train,ret60_ret5_top5_riskoff0,1.0076386271,0.9027372578,0.9258762635
3,2024-05-06,train,ret60_ret5_top5_riskoff0,1.0117770433,0.9177992174,0.9396164862
3,2024-05-07,train,ret60_ret5_top5_riskoff0,1.0132766059,0.9198985644,0.9399067545
3,2024-05-08,train,ret60_ret5_top5_riskoff0,1.0128340885,0.9102599801,0.9325113346
3,2024-05-09,train,ret60_ret5_top5_riskoff0,1.0187089815,0.9214226972,0.9413324086
3,2024-05-10,train,ret60_ret5_top5_riskoff0,1.0221195605,0.9199203770,0.9417742329
3,2024-05-13,train,ret60_ret5_top5_riskoff0,1.0165784119,0.9143448003,0.9413658023
3,2024-05-14,train,ret60_ret5_top5_riskoff0,1.0128505694,0.9169829429,0.9394032803
3,2024-05-15,train,ret60_ret5_top5_riskoff0,1.0088544114,0.9109093046,0.9314427362
3,2024-05-16,train,ret60_ret5_top5_riskoff0,1.0105715350,0.9135241476,0.9351160431
3,2024-05-17,train,ret60_ret5_top5_riskoff0,1.0212894684,0.9246825968,0.9447770971
3,2024-05-20,train,ret60_ret5_top5_riskoff0,1.0399706995,0.9291606462,0.9481138982
3,2024-05-21,train,ret60_ret5_top5_riskoff0,1.0317050007,0.9226883293,0.9443121540
3,2024-05-22,train,ret60_ret5_top5_riskoff0,1.0269391804,0.9231332193,0.9464416445
3,2024-05-23,train,ret60_ret5_top5_riskoff0,1.0081653841,0.9065815148,0.9354833738
3,2024-05-24,train,ret60_ret5_top5_riskoff0,1.0019904536,0.8979601792,0.9251287584
3,2024-05-27,train,ret60_ret5_top5_riskoff0,1.0137662007,0.9050843653,0.9339215762
3,2024-05-28,train,ret60_ret5_top5_riskoff0,1.0035375953,0.8960200185,0.9271041241
3,2024-05-29,train,ret60_ret5_top5_riskoff0,1.0101291130,0.8975476755,0.9282215287
3,2024-05-30,train,ret60_ret5_top5_riskoff0,1.0023758083,0.8907111824,0.9232869675
3,2024-05-31,train,ret60_ret5_top5_riskoff0,1.0008965729,0.8907502303,0.9195905419
3,2024-06-03,train,ret60_ret5_top5_riskoff0,0.9927404539,0.8828096907,0.9218587447
3,2024-06-04,train,ret60_ret5_top5_riskoff0,0.9944577771,0.8866750556,0.9287738091
3,2024-06-05,train,ret60_ret5_top5_riskoff0,0.9790032720,0.8749752363,0.9234102673
3,2024-06-06,train,ret60_ret5_top5_riskoff0,0.9720106587,0.8612981717,0.9227578058
3,2024-06-07,train,ret60_ret5_top5_riskoff0,0.9740747483,0.8662302822,0.9180981004
3,2024-06-11,train,ret60_ret5_top5_riskoff0,0.9703130714,0.8629201378,0.9100759064
3,2024-06-12,train,ret60_ret5_top5_riskoff0,0.9771676101,0.8679487161,0.9103944310
3,2024-06-13,train,ret60_ret5_top5_riskoff0,0.9691038356,0.8599820286,0.9057732568
3,2024-06-14,train,ret60_ret5_top5_riskoff0,0.9708330070,0.8627400973,0.9097291257
3,2024-06-17,train,ret60_ret5_top5_riskoff0,0.9667024205,0.8568988525,0.9083599841
3,2024-06-18,train,ret60_ret5_top5_riskoff0,0.9776271668,0.8626899706,0.9107720366
3,2024-06-19,train,ret60_ret5_top5_riskoff0,0.9683867248,0.8562733509,0.9064462683
3,2024-06-20,train,ret60_ret5_top5_riskoff0,0.9683867248,0.8439880816,0.8999036720
3,2024-06-21,train,ret60_ret5_top5_riskoff0,0.9683867248,0.8428340328,0.8979360125
3,2024-06-24,train,ret60_ret5_top5_riskoff0,0.9683867248,0.8252543998,0.8931042012
3,2024-06-25,train,ret60_ret5_top5_riskoff0,0.9683867248,0.8239057766,0.8882467024
3,2024-06-26,train,ret60_ret5_top5_riskoff0,0.9683867248,0.8360123211,0.8939904186
3,2024-06-27,train,ret60_ret5_top5_riskoff0,0.9683867248,0.8231860439,0.8872757164
3,2024-06-28,train,ret60_ret5_top5_riskoff0,0.9683867248,0.8260042533,0.8892125509
3,2024-07-01,train,ret60_ret5_top5_riskoff0,0.9683867248,0.8357288245,0.8934561194
3,2024-07-02,train,ret60_ret5_top5_riskoff0,0.9683867248,0.8332961982,0.8918146907
3,2024-07-03,train,ret60_ret5_top5_riskoff0,0.9683867248,0.8297652448,0.8896620815
3,2024-07-04,train,ret60_ret5_top5_riskoff0,0.9683867248,0.8161315323,0.8851410884
3,2024-07-05,train,ret60_ret5_top5_riskoff0,0.9683867248,0.8194729609,0.8813521879
3,2024-07-08,train,ret60_ret5_top5_riskoff0,0.9683867248,0.8050230395,0.8738257620
3,2024-07-09,train,ret60_ret5_top5_riskoff0,0.9683867248,0.8140412556,0.8835998407
3,2024-07-10,train,ret60_ret5_top5_riskoff0,0.9683867248,0.8078549783,0.8808153200
3,2024-07-11,train,ret60_ret5_top5_riskoff0,0.9683867248,0.8243155376,0.8908848046
3,2024-07-12,train,ret60_ret5_top5_riskoff0,0.9683867248,0.8229199013,0.8919713842
3,2024-07-15,train,ret60_ret5_top5_riskoff0,0.9683867248,0.8182743913,0.8929603514
3,2024-07-16,train,ret60_ret5_top5_riskoff0,0.9683867248,0.8187735123,0.8986192990
3,2024-07-17,train,ret60_ret5_top5_riskoff0,0.9683867248,0.8157951528,0.8994669852
3,2024-07-18,train,ret60_ret5_top5_riskoff0,0.9683867248,0.8191670821,0.9044375088
3,2024-07-19,train,ret60_ret5_top5_riskoff0,0.9683867248,0.8191546810,0.9090843705
3,2024-07-22,train,ret60_ret5_top5_riskoff0,0.9683867248,0.8161740737,0.9028936924
3,2024-07-23,train,ret60_ret5_top5_riskoff0,0.9683867248,0.7984903494,0.8836178220
3,2024-07-24,train,ret60_ret5_top5_riskoff0,0.9683867248,0.7897623865,0.8780410742
3,2024-07-25,train,ret60_ret5_top5_riskoff0,0.9683867248,0.7898005286,0.8731861442
3,2024-07-26,train,ret60_ret5_top5_riskoff0,0.9683867248,0.7990341133,0.8757600277
3,2024-07-29,train,ret60_ret5_top5_riskoff0,0.9683867248,0.7971885615,0.8709950038
3,2024-07-30,train,ret60_ret5_top5_riskoff0,0.9683867248,0.7970009376,0.8655081622
3,2024-07-31,train,ret60_ret5_top5_riskoff0,0.9683867248,0.8209300604,0.8841829461
3,2024-08-01,train,ret60_ret5_top5_riskoff0,0.9683867248,0.8164505305,0.8783236363
3,2024-08-02,train,ret60_ret5_top5_riskoff0,0.9683867248,0.8087316746,0.8693638500
3,2024-08-05,train,ret60_ret5_top5_riskoff0,0.9683867248,0.7961170400,0.8588140099
3,2024-08-06,train,ret60_ret5_top5_riskoff0,0.9683867248,0.8041191992,0.8587266726
3,2024-08-07,train,ret60_ret5_top5_riskoff0,0.9683867248,0.8038460508,0.8583439294
3,2024-08-08,train,ret60_ret5_top5_riskoff0,0.9683867248,0.8044426197,0.8587163976
3,2024-08-09,train,ret60_ret5_top5_riskoff0,0.9683867248,0.7995672487,0.8558111458
3,2024-08-12,train,ret60_ret5_top5_riskoff0,0.9683867248,0.7953005339,0.8543289793
3,2024-08-13,train,ret60_ret5_top5_riskoff0,0.9683867248,0.7982465086,0.8565201197
3,2024-08-14,train,ret60_ret5_top5_riskoff0,0.9683867248,0.7915451389,0.8500597233
3,2024-08-15,train,ret60_ret5_top5_riskoff0,0.9683867248,0.7982934933,0.8584620917
3,2024-08-16,train,ret60_ret5_top5_riskoff0,0.9683867248,0.7942117553,0.8594073903
3,2024-08-19,train,ret60_ret5_top5_riskoff0,0.9683867248,0.7952332231,0.8623203483
3,2024-08-20,train,ret60_ret5_top5_riskoff0,0.9683867248,0.7836958435,0.8560860016
3,2024-08-21,train,ret60_ret5_top5_riskoff0,0.9683867248,0.7804055731,0.8532449685
3,2024-08-22,train,ret60_ret5_top5_riskoff0,0.9683867248,0.7725423801,0.8510615343
3,2024-08-23,train,ret60_ret5_top5_riskoff0,0.9683867248,0.7732853016,0.8546706225
3,2024-08-26,train,ret60_ret5_top5_riskoff0,0.9683867248,0.7758726972,0.8539077050
3,2024-08-27,train,ret60_ret5_top5_riskoff0,0.9683867248,0.7687891800,0.8490553436
3,2024-08-28,train,ret60_ret5_top5_riskoff0,0.9683867248,0.7683927660,0.8442183948
3,2024-08-29,train,ret60_ret5_top5_riskoff0,0.9683867248,0.7728032494,0.8419527608
3,2024-08-30,train,ret60_ret5_top5_riskoff0,0.9683867248,0.7856689181,0.8531910248
3,2024-09-02,train,ret60_ret5_top5_riskoff0,0.9683867248,0.7726999593,0.8386981595
3,2024-09-03,train,ret60_ret5_top5_riskoff0,0.9683867248,0.7771190803,0.8408610437
3,2024-09-04,train,ret60_ret5_top5_riskoff0,0.9683867248,0.7714989751,0.8353973208
3,2024-09-05,train,ret60_ret5_top5_riskoff0,0.9683867248,0.7759543762,0.8368358186
3,2024-09-06,train,ret60_ret5_top5_riskoff0,0.9683867248,0.7660043505,0.8300517602
3,2024-09-09,train,ret60_ret5_top5_riskoff0,0.9683867248,0.7596203703,0.8201877753
3,2024-09-10,train,ret60_ret5_top5_riskoff0,0.9683867248,0.7604463079,0.8209095930
3,2024-09-11,train,ret60_ret5_top5_riskoff0,0.9683867248,0.7575498175,0.8184358905
3,2024-09-12,train,ret60_ret5_top5_riskoff0,0.9683867248,0.7554161160,0.8149269834
3,2024-09-13,train,ret60_ret5_top5_riskoff0,0.9683867248,0.7504925350,0.8115311011
3,2024-09-18,train,ret60_ret5_top5_riskoff0,0.9683867248,0.7508822505,0.8145519465
3,2024-09-19,train,ret60_ret5_top5_riskoff0,0.9683867248,0.7631847384,0.8209815179
3,2024-09-20,train,ret60_ret5_top5_riskoff0,0.9683867248,0.7621921110,0.8222684597
3,2024-09-23,train,ret60_ret5_top5_riskoff0,0.9683867248,0.7646004424,0.8252764613
3,2024-09-24,train,ret60_ret5_top5_riskoff0,0.9683867248,0.7953032689,0.8610205628
3,2024-09-25,train,ret60_ret5_top5_riskoff0,0.9683867248,0.8059755487,0.8737666808
3,2024-09-26,train,ret60_ret5_top5_riskoff0,0.9683867248,0.8402976008,0.9107026805
3,2024-09-27,train,ret60_ret5_top5_riskoff0,0.9683867248,0.8786840647,0.9513813432
3,2024-09-30,train,ret60_ret5_top5_riskoff0,0.9683867248,0.9614241698,1.0320836384
3,2024-10-08,train,ret60_ret5_top5_riskoff0,0.9683867248,1.0172851219,1.0932840134
3,2024-10-09,train,ret60_ret5_top5_riskoff0,0.9683867248,0.9356198541,1.0161908065
3,2024-10-10,train,ret60_ret5_top5_riskoff0,0.9683867248,0.9433491959,1.0269307338
3,2024-10-11,train,ret60_ret5_top5_riskoff0,0.9683867248,0.9143392246,0.9985152648
3,2024-10-14,train,ret60_ret5_top5_riskoff0,0.9683867248,0.9369370643,1.0175676543
3,2024-10-15,train,ret60_ret5_top5_riskoff0,0.9683867248,0.9171060470,0.9905059145
3,2024-10-16,train,ret60_ret5_top5_riskoff0,0.9683867248,0.9185211544,0.9842381741
3,2024-10-17,train,ret60_ret5_top5_riskoff0,0.9683867248,0.9090708162,0.9730975224
3,2024-10-18,train,ret60_ret5_top5_riskoff0,0.9674183381,0.9358613046,1.0082919123
3,2024-10-21,train,ret60_ret5_top5_riskoff0,0.9766133655,0.9453633227,1.0108529521
3,2024-10-22,train,ret60_ret5_top5_riskoff0,0.9846788809,0.9556104710,1.0166531807
3,2024-10-23,train,ret60_ret5_top5_riskoff0,0.9894470478,0.9590758224,1.0206167559
3,2024-10-24,train,ret60_ret5_top5_riskoff0,0.9812013557,0.9523619037,1.0092166609
3,2024-10-25,train,ret60_ret5_top5_riskoff0,1.0038119206,0.9661968527,1.0163038313
3,2024-10-28,train,ret60_ret5_top5_riskoff0,1.0246172076,0.9848832917,1.0182920407
3,2024-10-29,train,ret60_ret5_top5_riskoff0,1.0174399955,0.9707687407,1.0081429250
3,2024-10-30,train,ret60_ret5_top5_riskoff0,1.0198154285,0.9712259286,0.9991009389
3,2024-10-31,train,ret60_ret5_top5_riskoff0,1.0303758967,0.9781377972,0.9995093695
3,2024-11-01,train,ret60_ret5_top5_riskoff0,1.0039101594,0.9662928707,0.9992473574
3,2024-11-04,train,ret60_ret5_top5_riskoff0,1.0208218910,0.9779681253,1.0133086734
3,2024-11-05,train,ret60_ret5_top5_riskoff0,1.0564719507,1.0034534566,1.0389473279
3,2024-11-06,train,ret60_ret5_top5_riskoff0,1.0568054637,1.0071924716,1.0337353421
3,2024-11-07,train,ret60_ret5_top5_riskoff0,1.0984669441,1.0334818993,1.0649250568
3,2024-11-08,train,ret60_ret5_top5_riskoff0,1.0906939161,1.0275403336,1.0542262295
3,2024-11-11,train,ret60_ret5_top5_riskoff0,1.1088510636,1.0359617845,1.0611823938
3,2024-11-12,train,ret60_ret5_top5_riskoff0,1.0953568786,1.0253787051,1.0495228554
3,2024-11-13,train,ret60_ret5_top5_riskoff0,1.0963065702,1.0273237860,1.0559832518
3,2024-11-14,train,ret60_ret5_top5_riskoff0,1.0733392918,1.0038978300,1.0376757986
3,2024-11-15,train,ret60_ret5_top5_riskoff0,1.0401160913,0.9860395807,1.0194916452
3,2024-11-18,train,ret60_ret5_top5_riskoff0,1.0151271501,0.9755513599,1.0147523087
3,2024-11-19,train,ret60_ret5_top5_riskoff0,1.0299513418,0.9880828885,1.0215620545
3,2024-11-20,train,ret60_ret5_top5_riskoff0,1.0506968443,1.0009798223,1.0238431010
3,2024-11-21,train,ret60_ret5_top5_riskoff0,1.0562738331,1.0018794398,1.0247498684
3,2024-11-22,train,ret60_ret5_top5_riskoff0,1.0246564548,0.9710324097,0.9930001670
3,2024-11-25,train,ret60_ret5_top5_riskoff0,1.0252380853,0.9743681927,0.9884766051
3,2024-11-26,train,ret60_ret5_top5_riskoff0,1.0190682735,0.9688514059,0.9864447270
3,2024-11-27,train,ret60_ret5_top5_riskoff0,1.0459752540,0.9850404580,1.0036193632
3,2024-11-28,train,ret60_ret5_top5_riskoff0,1.0461755421,0.9832389470,0.9947597580
3,2024-11-29,train,ret60_ret5_top5_riskoff0,1.0684902843,0.9957223637,1.0060699470
3,2024-12-02,train,ret60_ret5_top5_riskoff0,1.0911341105,1.0138788738,1.0140459035
3,2024-12-03,train,ret60_ret5_top5_riskoff0,1.0903979753,1.0154749308,1.0151401893
3,2024-12-04,train,ret60_ret5_top5_riskoff0,1.0705149557,1.0051233115,1.0096610540
3,2024-12-05,train,ret60_ret5_top5_riskoff0,1.0887418045,1.0105051025,1.0073568887
3,2024-12-06,train,ret60_ret5_top5_riskoff0,1.1055964487,1.0229157820,1.0205987747
3,2024-12-09,train,ret60_ret5_top5_riskoff0,1.0912268276,1.0185356438,1.0189111085
3,2024-12-10,train,ret60_ret5_top5_riskoff0,1.1064953515,1.0256012651,1.0263784534
3,2024-12-11,train,ret60_ret5_top5_riskoff0,1.1198179299,1.0371311154,1.0246291373
3,2024-12-12,train,ret60_ret5_top5_riskoff0,1.1374558414,1.0489564732,1.0348193529
3,2024-12-13,train,ret60_ret5_top5_riskoff0,1.1153122526,1.0288214015,1.0103340654
3,2024-12-16,train,ret60_ret5_top5_riskoff0,1.1052626465,1.0241549377,1.0048523613
3,2024-12-17,train,ret60_ret5_top5_riskoff0,1.0780758498,1.0047669113,1.0074699136
3,2024-12-18,train,ret60_ret5_top5_riskoff0,1.0798302558,1.0088502384,1.0125714432
3,2024-12-19,train,ret60_ret5_top5_riskoff0,1.0816632968,1.0063629294,1.0134884856
3,2024-12-20,train,ret60_ret5_top5_riskoff0,1.0859726536,1.0068618644,1.0089366676
3,2024-12-23,train,ret60_ret5_top5_riskoff0,1.0525378491,0.9859854260,1.0104342465
3,2024-12-24,train,ret60_ret5_top5_riskoff0,1.0651979233,0.9963227864,1.0233088018
3,2024-12-25,train,ret60_ret5_top5_riskoff0,1.0515554050,0.9872429615,1.0238071385
3,2024-12-26,train,ret60_ret5_top5_riskoff0,1.0637299288,0.9921889589,1.0242823566
3,2024-12-27,train,ret60_ret5_top5_riskoff0,1.0683175548,0.9962645208,1.0226255154
3,2024-12-30,train,ret60_ret5_top5_riskoff0,1.0659944949,0.9922988427,1.0272543958
3,2024-12-31,train,ret60_ret5_top5_riskoff0,1.0355764372,0.9734347958,1.0107784585
3,2025-01-02,train,ret60_ret5_top5_riskoff0,1.0088339014,0.9540888797,0.9813637473
3,2025-01-03,train,ret60_ret5_top5_riskoff0,0.9719319273,0.9300222583,0.9697427401
3,2025-01-06,train,ret60_ret5_top5_riskoff0,0.9671750211,0.9264239558,0.9681526863
3,2025-01-07,train,ret60_ret5_top5_riskoff0,0.9881024525,0.9377263756,0.9751242631
3,2025-01-08,train,ret60_ret5_top5_riskoff0,0.9904615521,0.9366162830,0.9733543971
3,2025-01-09,train,ret60_ret5_top5_riskoff0,0.9896324008,0.9345351773,0.9709551882
3,2025-01-10,train,ret60_ret5_top5_riskoff0,0.9664341762,0.9148115060,0.9587793319
3,2025-01-13,train,ret60_ret5_top5_riskoff0,0.9690321118,0.9155476533,0.9562182920
3,2025-01-14,train,ret60_ret5_top5_riskoff0,0.9690321118,0.9466275389,0.9813997097
3,2025-01-15,train,ret60_ret5_top5_riskoff0,0.9690321118,0.9415691851,0.9751037131
3,2025-01-16,train,ret60_ret5_top5_riskoff0,0.9690321118,0.9475339776,0.9762211177
3,2025-01-17,train,ret60_ret5_top5_riskoff0,0.9690321118,0.9482734437,0.9792933380
3,2025-01-20,train,ret60_ret5_top5_riskoff0,0.9690321118,0.9525843842,0.9837475436
3,2025-01-21,train,ret60_ret5_top5_riskoff0,0.9690321118,0.9509712464,0.9845001862
3,2025-01-22,train,ret60_ret5_top5_riskoff0,0.9690321118,0.9412881644,0.9753580190
3,2025-01-23,train,ret60_ret5_top5_riskoff0,0.9690321118,0.9410736269,0.9770842163
3,2025-01-24,train,ret60_ret5_top5_riskoff0,0.9690321118,0.9499815533,0.9845644049
3,2025-01-27,train,ret60_ret5_top5_riskoff0,0.9690321118,0.9455418202,0.9805109236
3,2025-02-05,train,ret60_ret5_top5_riskoff0,0.9690321118,0.9432734780,0.9748596822
3,2025-02-06,train,ret60_ret5_top5_riskoff0,0.9690321118,0.9573272312,0.9871254447
3,2025-02-07,train,ret60_ret5_top5_riskoff0,0.9690321118,0.9706254342,0.9999357813
3,2025-02-10,train,ret60_ret5_top5_riskoff0,0.9690321118,0.9803488796,1.0020832531
3,2025-02-11,test,ret60_ret5_top5_riskoff0,1.0000000000,1.0000000000,1.0000000000
3,2025-02-12,test,ret60_ret5_top5_riskoff0,1.0000000000,1.0087701476,1.0094562648
3,2025-02-13,test,ret60_ret5_top5_riskoff0,1.0000000000,1.0062229615,1.0056655181
3,2025-02-14,test,ret60_ret5_top5_riskoff0,1.0000000000,1.0081079886,1.0143878408
3,2025-02-17,test,ret60_ret5_top5_riskoff0,1.0000000000,1.0131018212,1.0165484634
3,2025-02-18,test,ret60_ret5_top5_riskoff0,1.0000000000,0.9941979826,1.0076329980
3,2025-02-19,test,ret60_ret5_top5_riskoff0,1.0000000000,1.0056057285,1.0146839929
3,2025-02-20,test,ret60_ret5_top5_riskoff0,1.0000000000,1.0083398434,1.0117842777
3,2025-02-21,test,ret60_ret5_top5_riskoff0,1.0000000000,1.0158395160,1.0245419944
3,2025-02-24,test,ret60_ret5_top5_riskoff0,1.0000000000,1.0187379479,1.0222963890
3,2025-02-25,test,ret60_ret5_top5_riskoff0,1.0000000000,1.0094736734,1.0109473261
3,2025-02-26,test,ret60_ret5_top5_riskoff0,1.0000000000,1.0208517186,1.0197778087
3,2025-02-27,test,ret60_ret5_top5_riskoff0,1.0000000000,1.0232822369,1.0218843513
3,2025-02-28,test,ret60_ret5_top5_riskoff0,1.0000000000,1.0001834943,1.0017794877
3,2025-03-03,test,ret60_ret5_top5_riskoff0,1.0000000000,1.0023427300,1.0013726005
3,2025-03-04,test,ret60_ret5_top5_riskoff0,1.0000000000,1.0064402677,1.0005356490
3,2025-03-05,test,ret60_ret5_top5_riskoff0,1.0000000000,1.0084954172,1.0050036826
3,2025-03-06,test,ret60_ret5_top5_riskoff0,1.0000000000,1.0232465856,1.0188249715
3,2025-03-07,test,ret60_ret5_top5_riskoff0,1.0000000000,1.0203848787,1.0156754585
3,2025-03-10,test,ret60_ret5_top5_riskoff0,1.0000000000,1.0217117805,1.0117585253
3,2025-03-11,test,ret60_ret5_top5_riskoff0,1.0000000000,1.0288421248,1.0150084725
3,2025-03-12,test,ret60_ret5_top5_riskoff0,1.0000000000,1.0284448876,1.0113542133
3,2025-03-13,test,ret60_ret5_top5_riskoff0,1.0000000000,1.0239232943,1.0073239698
3,2025-03-14,test,ret60_ret5_top5_riskoff0,1.0000000000,1.0419785503,1.0317835566
3,2025-03-17,test,ret60_ret5_top5_riskoff0,1.0000000000,1.0452194227,1.0292675515
3,2025-03-18,test,ret60_ret5_top5_riskoff0,1.0000000000,1.0469587343,1.0320822839
3,2025-03-19,test,ret60_ret5_top5_riskoff0,1.0000000000,1.0431258174,1.0327132166
3,2025-03-20,test,ret60_ret5_top5_riskoff0,1.0000000000,1.0388409537,1.0236535381
3,2025-03-21,test,ret60_ret5_top5_riskoff0,1.0000000000,1.0265720039,1.0081274433
3,2025-03-24,test,ret60_ret5_top5_riskoff0,1.0000000000,1.0217608588,1.0133165428
3,2025-03-25,test,ret60_ret5_top5_riskoff0,1.0000000000,1.0200292223,1.0126598577
3,2025-03-26,test,ret60_ret5_top5_riskoff0,1.0000000000,1.0230054245,1.0093275030
3,2025-03-27,test,ret60_ret5_top5_riskoff0,1.0000000000,1.0206074151,1.0126881853
3,2025-03-28,test,ret60_ret5_top5_riskoff0,1.0000000000,1.0114470726,1.0082484793
3,2025-03-31,test,ret60_ret5_top5_riskoff0,1.0000000000,1.0017914689,1.0010738732
3,2025-04-01,test,ret60_ret5_top5_riskoff0,1.0000000000,1.0070851964,1.0011691569
3,2025-04-02,test,ret60_ret5_top5_riskoff0,1.0000000000,1.0080324253,1.0003219044
3,2025-04-03,test,ret60_ret5_top5_riskoff0,1.0000000000,1.0045578832,0.9944271904
3,2025-04-07,test,ret60_ret5_top5_riskoff0,1.0000000000,0.9136362506,0.9243653332
3,2025-04-08,test,ret60_ret5_top5_riskoff0,1.0000000000,0.9271820661,0.9401566773
3,2025-04-09,test,ret60_ret5_top5_riskoff0,1.0000000000,0.9452316997,0.9494352509
3,2025-04-10,test,ret60_ret5_top5_riskoff0,1.0000000000,0.9638936278,0.9618813641
3,2025-04-11,test,ret60_ret5_top5_riskoff0,1.0000000000,0.9652246334,0.9658472267
3,2025-04-14,test,ret60_ret5_top5_riskoff0,1.0000000000,0.9763784895,0.9680670797
3,2025-04-15,test,ret60_ret5_top5_riskoff0,1.0000000000,0.9758906834,0.9686053040
3,2025-04-16,test,ret60_ret5_top5_riskoff0,1.0000000000,0.9708059263,0.9715900019
3,2025-04-17,test,ret60_ret5_top5_riskoff0,1.0000000000,0.9732964979,0.9714354878
3,2025-04-18,test,ret60_ret5_top5_riskoff0,1.0000000000,0.9712335930,0.9715127448
3,2025-04-21,test,ret60_ret5_top5_riskoff0,1.0000000000,0.9817239676,0.9746957359
3,2025-04-22,test,ret60_ret5_top5_riskoff0,1.0000000000,0.9823430174,0.9744562390
3,2025-04-23,test,ret60_ret5_top5_riskoff0,1.0000000000,0.9824947958,0.9752107830
3,2025-04-24,test,ret60_ret5_top5_riskoff0,1.0000000000,0.9792914340,0.9745618237
3,2025-04-25,test,ret60_ret5_top5_riskoff0,1.0000000000,0.9816440211,0.9752391106
3,2025-04-28,test,ret60_ret5_top5_riskoff0,1.0000000000,0.9731387265,0.9738562092
3,2025-04-29,test,ret60_ret5_top5_riskoff0,1.0000000000,0.9752025404,0.9721720051
3,2025-04-30,test,ret60_ret5_top5_riskoff0,1.0000000000,0.9776180759,0.9710105739
3,2025-05-06,test,ret60_ret5_top5_riskoff0,1.0000000000,0.9951763103,0.9807887431
3,2025-05-07,test,ret60_ret5_top5_riskoff0,1.0000000000,1.0011543577,0.9867349619
3,2025-05-08,test,ret60_ret5_top5_riskoff0,1.0000000000,1.0060762849,0.9922124878
3,2025-05-09,test,ret60_ret5_top5_riskoff0,1.0000000000,1.0002073000,0.9904767791
3,2025-05-12,test,ret60_ret5_top5_riskoff0,1.0000000000,1.0100897190,1.0019237009
3,2025-05-13,test,ret60_ret5_top5_riskoff0,1.0000000000,1.0099360448,1.0033787090
3,2025-05-14,test,ret60_ret5_top5_riskoff0,1.0000000000,1.0158263412,1.0154694397
3,2025-05-15,test,ret60_ret5_top5_riskoff0,1.0000000000,1.0075686397,1.0061960166
3,2025-05-16,test,ret60_ret5_top5_riskoff0,1.0000000000,1.0068643376,1.0015322651
3,2025-05-19,test,ret60_ret5_top5_riskoff0,1.0000000000,1.0120158050,0.9984574339
3,2025-05-20,test,ret60_ret5_top5_riskoff0,1.0000000000,1.0199617496,1.0038705790
3,2025-05-21,test,ret60_ret5_top5_riskoff0,1.0000000000,1.0201521998,1.0085600828
3,2025-05-22,test,ret60_ret5_top5_riskoff0,1.0000000000,1.0121473924,1.0079136987
3,2025-05-23,test,ret60_ret5_top5_riskoff0,1.0000000000,1.0016807935,0.9997759545
3,2025-05-26,test,ret60_ret5_top5_riskoff0,1.0000000000,1.0042343691,0.9940692326
3,2025-05-27,test,ret60_ret5_top5_riskoff0,1.0000000000,1.0031331122,0.9887359199
3,2025-05-28,test,ret60_ret5_top5_riskoff0,1.0000000000,1.0022330708,0.9879221455
3,2025-05-29,test,ret60_ret5_top5_riskoff0,1.0000000000,1.0112965361,0.9937061244
3,2025-05-30,test,ret60_ret5_top5_riskoff0,1.0000000000,1.0033648995,0.9889496644
3,2025-06-03,test,ret60_ret5_top5_riskoff0,1.0000000000,1.0087226275,0.9919832919
3,2025-06-04,test,ret60_ret5_top5_riskoff0,1.0000000000,1.0181363841,0.9962916609
3,2025-06-05,test,ret60_ret5_top5_riskoff0,1.0000000000,1.0174599388,0.9985630186
3,2025-06-06,test,ret60_ret5_top5_riskoff0,1.0000000000,1.0166980963,0.9976410843
3,2025-06-09,test,ret60_ret5_top5_riskoff0,1.0000000000,1.0241653743,1.0005433747
3,2025-06-10,test,ret60_ret5_top5_riskoff0,1.0000000000,1.0184048198,0.9954495589
3,2025-06-11,test,ret60_ret5_top5_riskoff0,1.0000000000,1.0251034537,1.0029589456
3,2025-06-12,test,ret60_ret5_top5_riskoff0,1.0000000000,1.0250042215,1.0023331634
3,2025-06-13,test,ret60_ret5_top5_riskoff0,1.0000000000,1.0131503145,0.9951173535
3,2025-06-16,test,ret60_ret5_top5_riskoff0,1.0000000000,1.0175407723,0.9975947300
3,2025-06-17,test,ret60_ret5_top5_riskoff0,1.0000000000,1.0169974264,0.9967139995
3,2025-06-18,test,ret60_ret5_top5_riskoff0,1.0000000000,1.0128913203,0.9978960326
3,2025-06-19,test,ret60_ret5_top5_riskoff0,1.0000000000,0.9994004365,0.9896861818
3,2025-06-20,test,ret60_ret5_top5_riskoff0,1.0000000000,0.9952127288,0.9906003904
3,2025-06-23,test,ret60_ret5_top5_riskoff0,1.0000000000,1.0027847062,0.9935001056
3,2025-06-24,test,ret60_ret5_top5_riskoff0,1.0000000000,1.0163796331,1.0053796670
3,2025-06-25,test,ret60_ret5_top5_riskoff0,1.0000000000,1.0265890240,1.0198112867
3,2025-06-26,test,ret60_ret5_top5_riskoff0,1.0000000000,1.0240174429,1.0161930809
3,2025-06-27,test,ret60_ret5_top5_riskoff0,1.0000000000,1.0251788795,1.0099455595
3,2025-06-30,test,ret60_ret5_top5_riskoff0,1.0000000000,1.0337529164,1.0136332968
3,2025-07-01,test,ret60_ret5_top5_riskoff0,1.0000000000,1.0371541338,1.0153535541
3,2025-07-02,test,ret60_ret5_top5_riskoff0,1.0000000000,1.0363888027,1.0155904757
3,2025-07-03,test,ret60_ret5_top5_riskoff0,1.0000000000,1.0405122514,1.0218714751
3,2025-07-04,test,ret60_ret5_top5_riskoff0,1.0000000000,1.0381209875,1.0255102829
3,2025-07-07,test,ret60_ret5_top5_riskoff0,1.0000000000,1.0406398774,1.0211246568
3,2025-07-08,test,ret60_ret5_top5_riskoff0,1.0000000000,1.0508730295,1.0296950406
3,2025-07-09,test,ret60_ret5_top5_riskoff0,1.0000000000,1.0502069235,1.0278794996
3,2025-07-10,test,ret60_ret5_top5_riskoff0,1.0000000000,1.0546979385,1.0326745881
3,2025-07-11,test,ret60_ret5_top5_riskoff0,1.0000000000,1.0577291927,1.0339081259
3,2025-07-14,test,ret60_ret5_top5_riskoff0,1.0000000000,1.0594807563,1.0346446433
3,2025-07-15,test,ret60_ret5_top5_riskoff0,0.9990000000,1.0535590801,1.0350026010
3,2025-07-16,test,ret60_ret5_top5_riskoff0,0.9986001004,1.0548263505,1.0319483717
3,2025-07-17,test,ret60_ret5_top5_riskoff0,1.0111949622,1.0623829161,1.0389761894
3,2025-07-18,test,ret60_ret5_top5_riskoff0,1.0118966349,1.0664179060,1.0451722060
3,2025-07-21,test,ret60_ret5_top5_riskoff0,1.0132760016,1.0796735181,1.0521407933
3,2025-07-22,test,ret60_ret5_top5_riskoff0,1.0103687947,1.0909044583,1.0607292037
3,2025-07-23,test,ret60_ret5_top5_riskoff0,1.0079203519,1.0868351082,1.0609377978
3,2025-07-24,test,ret60_ret5_top5_riskoff0,1.0134025537,1.1000753322,1.0684755121
3,2025-07-25,test,ret60_ret5_top5_riskoff0,1.0113962469,1.0958651795,1.0628408968
3,2025-07-28,test,ret60_ret5_top5_riskoff0,1.0201677719,1.0955500615,1.0650710507
3,2025-07-29,test,ret60_ret5_top5_riskoff0,1.0286891227,1.0982364327,1.0692429323
3,2025-07-30,test,ret60_ret5_top5_riskoff0,1.0259334558,1.0969180336,1.0690420639
3,2025-07-31,test,ret60_ret5_top5_riskoff0,1.0214853926,1.0795927158,1.0495604073
3,2025-08-01,test,ret60_ret5_top5_riskoff0,1.0164900380,1.0782223928,1.0442399707
3,2025-08-04,test,ret60_ret5_top5_riskoff0,1.0269757824,1.0846327305,1.0483011171
3,2025-08-05,test,ret60_ret5_top5_riskoff0,1.0408794141,1.0936332107,1.0567350134
3,2025-08-06,test,ret60_ret5_top5_riskoff0,1.0501151822,1.0997585529,1.0593205499
3,2025-08-07,test,ret60_ret5_top5_riskoff0,1.0503558324,1.1008426845,1.0596244277
3,2025-08-08,test,ret60_ret5_top5_riskoff0,1.0494253908,1.1015337639,1.0571264492
3,2025-08-11,test,ret60_ret5_top5_riskoff0,1.0569030466,1.1102417259,1.0616434123
3,2025-08-12,test,ret60_ret5_top5_riskoff0,1.0600544970,1.1125012529,1.0671338144
4,2023-07-14,train,ret60_ret5_top5_riskoff0,1.0000000000,1.0000000000,1.0000000000
4,2023-07-17,train,ret60_ret5_top5_riskoff0,1.0000000000,0.9946317583,0.9918109307
4,2023-07-18,train,ret60_ret5_top5_riskoff0,1.0000000000,0.9933636220,0.9886743095
4,2023-07-19,train,ret60_ret5_top5_riskoff0,1.0000000000,0.9951419961,0.9876304788
4,2023-07-20,train,ret60_ret5_top5_riskoff0,1.0000000000,0.9874627416,0.9806596394
4,2023-07-21,train,ret60_ret5_top5_riskoff0,1.0000000000,0.9873942317,0.9802031238
4,2023-07-24,train,ret60_ret5_top5_riskoff0,1.0000000000,0.9841796512,0.9759226488
4,2023-07-25,train,ret60_ret5_top5_riskoff0,1.0000000000,1.0059198786,1.0041086405
4,2023-07-26,train,ret60_ret5_top5_riskoff0,1.0000000000,1.0043639033,1.0020286733
4,2023-07-27,train,ret60_ret5_top5_riskoff0,1.0000000000,1.0007085280,1.0008335257
4,2023-07-28,train,ret60_ret5_top5_riskoff0,1.0000000000,1.0153291859,1.0240157985
4,2023-07-31,train,ret60_ret5_top5_riskoff0,1.0000000000,1.0256341340,1.0296299146
4,2023-08-01,train,ret60_ret5_top5_riskoff0,1.0000000000,1.0238577350,1.0253648278
4,2023-08-02,train,ret60_ret5_top5_riskoff0,1.0000000000,1.0188257768,1.0181580365
4,2023-08-03,train,ret60_ret5_top5_riskoff0,1.0000000000,1.0209813766,1.0271549845
4,2023-08-04,train,ret60_ret5_top5_riskoff0,1.0000000000,1.0229178454,1.0311559078
4,2023-08-07,train,ret60_ret5_top5_riskoff0,1.0000000000,1.0162895471,1.0233515427
4,2023-08-08,train,ret60_ret5_top5_riskoff0,1.0000000000,1.0128415853,1.0206791311
4,2023-08-09,train,ret60_ret5_top5_riskoff0,1.0000000000,1.0053596989,1.0175604627
4,2023-08-10,train,ret60_ret5_top5_riskoff0,1.0000000000,1.0081150353,1.0196506886
4,2023-08-11,train,ret60_ret5_top5_riskoff0,1.0000000000,0.9889659338,0.9961914288
4,2023-08-14,train,ret60_ret5_top5_riskoff0,1.0000000000,0.9898496285,0.9889230848
4,2023-08-15,train,ret60_ret5_top5_riskoff0,1.0000000000,0.9857038449,0.9865199661
4,2023-08-16,train,ret60_ret5_top5_riskoff0,1.0000000000,0.9786894916,0.9792849632
4,2023-08-17,train,ret60_ret5_top5_riskoff0,1.0000000000,0.9861647438,0.9825600780
4,2023-08-18,train,ret60_ret5_top5_riskoff0,1.0000000000,0.9717382427,0.9704803673
4,2023-08-21,train,ret60_ret5_top5_riskoff0,1.0000000000,0.9628987386,0.9565181709
4,2023-08-22,train,ret60_ret5_top5_riskoff0,1.0000000000,0.9675981455,0.9638711498
4,2023-08-23,train,ret60_ret5_top5_riskoff0,1.0000000000,0.9530354689,0.9480726321
4,2023-08-24,train,ret60_ret5_top5_riskoff0,1.0000000000,0.9546131054,0.9549460132
4,2023-08-25,train,ret60_ret5_top5_riskoff0,1.0000000000,0.9448354335,0.9512836296
4,2023-08-28,train,ret60_ret5_top5_riskoff0,1.0000000000,0.9568615301,0.9624323562
4,2023-08-29,train,ret60_ret5_top5_riskoff0,1.0000000000,0.9738759020,0.9720473956
4,2023-08-30,train,ret60_ret5_top5_riskoff0,1.0000000000,0.9742147380,0.9716370444
4,2023-08-31,train,ret60_ret5_top5_riskoff0,1.0000000000,0.9663576870,0.9656766946
4,2023-09-01,train,ret60_ret5_top5_riskoff0,1.0000000000,0.9729959594,0.9724013234
4,2023-09-04,train,ret60_ret5_top5_riskoff0,1.0000000000,0.9893962630,0.9871380575
4,2023-09-05,train,ret60_ret5_top5_riskoff0,1.0000000000,0.9824258159,0.9797953374
4,2023-09-06,train,ret60_ret5_top5_riskoff0,1.0000000000,0.9819523397,0.9776692057
4,2023-09-07,train,ret60_ret5_top5_riskoff0,1.0000000000,0.9692134501,0.9639327024
4,2023-09-11,train,ret60_ret5_top5_riskoff0,1.0000000000,0.9747492362,0.9662588803
4,2023-09-12,train,ret60_ret5_top5_riskoff0,1.0000000000,0.9734365679,0.9644789823
4,2023-09-13,train,ret60_ret5_top5_riskoff0,1.0000000000,0.9669202033,0.9583365392
4,2023-09-14,train,ret60_ret5_top5_riskoff0,1.0000000000,0.9643137694,0.9575312252
4,2023-09-15,train,ret60_ret5_top5_riskoff0,1.0000000000,0.9630687586,0.9511887359
4,2023-09-18,train,ret60_ret5_top5_riskoff0,1.0000000000,0.9670778521,0.9560437024
4,2023-09-19,train,ret60_ret5_top5_riskoff0,1.0000000000,0.9618763422,0.9541945577
4,2023-09-20,train,ret60_ret5_top5_riskoff0,1.0000000000,0.9568669621,0.9503962453
4,2023-09-21,train,ret60_ret5_top5_riskoff0,1.0000000000,0.9491552854,0.9418686364
4,2023-09-22,train,ret60_ret5_top5_riskoff0,1.0000000000,0.9628544684,0.9589212895
4,2023-09-25,train,ret60_ret5_top5_riskoff0,1.0000000000,0.9567332434,0.9526813880
4,2023-09-26,train,ret60_ret5_top5_riskoff0,1.0000000000,0.9523889429,0.9471134364
4,2023-09-27,train,ret60_ret5_top5_riskoff0,1.0000000000,0.9547110459,0.9490651689
4,2023-09-28,train,ret60_ret5_top5_riskoff0,1.0000000000,0.9578660592,0.9462491344
4,2023-10-09,train,ret60_ret5_top5_riskoff0,1.0000000000,0.9516842624,0.9450206458
4,2023-10-10,train,ret60_ret5_top5_riskoff0,1.0000000000,0.9463133155,0.9379420892
4,2023-10-11,train,ret60_ret5_top5_riskoff0,1.0000000000,0.9454632841,0.9406145008
4,2023-10-12,train,ret60_ret5_top5_riskoff0,1.0000000000,0.9520266736,0.9495473314
4,2023-10-13,train,ret60_ret5_top5_riskoff0,1.0000000000,0.9431204136,0.9395527173
4,2023-10-16,train,ret60_ret5_top5_riskoff0,1.0000000000,0.9379894210,0.9301120771
4,2023-10-17,train,ret60_ret5_top5_riskoff0,1.0000000000,0.9394736984,0.9333948860
4,2023-10-18,train,ret60_ret5_top5_riskoff0,1.0000000000,0.9269713486,0.9260034367
4,2023-10-19,train,ret60_ret5_top5_riskoff0,1.0000000000,0.9135949410,0.9062450309
4,2023-10-20,train,ret60_ret5_top5_riskoff0,1.0000000000,0.9068053353,0.9003590572
4,2023-10-23,train,ret60_ret5_top5_riskoff0,1.0000000000,0.8893064932,0.8910363930
4,2023-10-24,train,ret60_ret5_top5_riskoff0,1.0000000000,0.9015286677,0.8943422841
4,2023-10-25,train,ret60_ret5_top5_riskoff0,1.0000000000,0.9098665708,0.8987868995
4,2023-10-26,train,ret60_ret5_top5_riskoff0,1.0000000000,0.9116795907,0.9012695237
4,2023-10-27,train,ret60_ret5_top5_riskoff0,1.0000000000,0.9240516225,0.9136441743
4,2023-10-30,train,ret60_ret5_top5_riskoff0,1.0000000000,0.9301009886,0.9191274910
4,2023-10-31,train,ret60_ret5_top5_riskoff0,1.0000000000,0.9275374301,0.9162396450
4,2023-11-01,train,ret60_ret5_top5_riskoff0,1.0000000000,0.9270123838,0.9158600703
4,2023-11-02,train,ret60_ret5_top5_riskoff0,1.0000000000,0.9204962899,0.9115411249
4,2023-11-03,train,ret60_ret5_top5_riskoff0,1.0000000000,0.9272485433,0.9192223847
4,2023-11-06,train,ret60_ret5_top5_riskoff0,1.0000000000,0.9398865027,0.9316534585
4,2023-11-07,train,ret60_ret5_top5_riskoff0,1.0000000000,0.9412886704,0.9283578262
4,2023-11-08,train,ret60_ret5_top5_riskoff0,1.0000000000,0.9412602994,0.9261291067
4,2023-11-09,train,ret60_ret5_top5_riskoff0,1.0000000000,0.9394620379,0.9265804929
4,2023-11-10,train,ret60_ret5_top5_riskoff0,1.0000000000,0.9355449569,0.9198250878
4,2023-11-13,train,ret60_ret5_top5_riskoff0,1.0000000000,0.9407839563,0.9180092842
4,2023-11-14,train,ret60_ret5_top5_riskoff0,1.0000000000,0.9435348521,0.9186889282
4,2023-11-15,train,ret60_ret5_top5_riskoff0,1.0000000000,0.9491514014,0.9251493934
4,2023-11-16,train,ret60_ret5_top5_riskoff0,1.0000000000,0.9425716405,0.9162011746
4,2023-11-17,train,ret60_ret5_top5_riskoff0,1.0000000000,0.9448875715,0.9151009207
4,2023-11-20,train,ret60_ret5_top5_riskoff0,1.0000000000,0.9506130621,0.9172167936
4,2023-11-21,train,ret60_ret5_top5_riskoff0,1.0000000000,0.9501664608,0.9184350235
4,2023-11-22,train,ret60_ret5_top5_riskoff0,1.0000000000,0.9418707818,0.9090354184
4,2023-11-23,train,ret60_ret5_top5_riskoff0,1.0000000000,0.9487365465,0.9134210459
4,2023-11-24,train,ret60_ret5_top5_riskoff0,1.0000000000,0.9412269213,0.9073914493
4,2023-11-27,train,ret60_ret5_top5_riskoff0,1.0000000000,0.9374265061,0.9007052910
4,2023-11-28,train,ret60_ret5_top5_riskoff0,1.0000000000,0.9408313864,0.9023928599
4,2023-11-29,train,ret60_ret5_top5_riskoff0,1.0000000000,0.9344393447,0.8946449181
4,2023-11-30,train,ret60_ret5_top5_riskoff0,1.0000000000,0.9330784676,0.8966684620
4,2023-12-01,train,ret60_ret5_top5_riskoff0,1.0000000000,0.9362940592,0.8932522890
4,2023-12-04,train,ret60_ret5_top5_riskoff0,1.0000000000,0.9352563373,0.8874201739
4,2023-12-05,train,ret60_ret5_top5_riskoff0,1.0000000000,0.9182276294,0.8705239671
4,2023-12-06,train,ret60_ret5_top5_riskoff0,1.0000000000,0.9220578090,0.8718935139
4,2023-12-07,train,ret60_ret5_top5_riskoff0,1.0000000000,0.9207530099,0.8697596881
4,2023-12-08,train,ret60_ret5_top5_riskoff0,1.0000000000,0.9164755484,0.8718576082
4,2023-12-11,train,ret60_ret5_top5_riskoff0,1.0000000000,0.9247111503,0.8769844323
4,2023-12-12,train,ret60_ret5_top5_riskoff0,1.0000000000,0.9290659966,0.8788694827
4,2023-12-13,train,ret60_ret5_top5_riskoff0,1.0000000000,0.9181030819,0.8642019953
4,2023-12-14,train,ret60_ret5_top5_riskoff0,1.0000000000,0.9163394330,0.8596753097
4,2023-12-15,train,ret60_ret5_top5_riskoff0,1.0000000000,0.9141156085,0.8570054628
4,2023-12-18,train,ret60_ret5_top5_riskoff0,1.0000000000,0.9045268996,0.8538816650
4,2023-12-19,train,ret60_ret5_top5_riskoff0,1.0000000000,0.9036030024,0.8550793773
4,2023-12-20,train,ret60_ret5_top5_riskoff0,1.0000000000,0.8929671023,0.8457079839
4,2023-12-21,train,ret60_ret5_top5_riskoff0,1.0000000000,0.9004135399,0.8542663692
4,2023-12-22,train,ret60_ret5_top5_riskoff0,1.0000000000,0.8938397460,0.8558975148
4,2023-12-25,train,ret60_ret5_top5_riskoff0,1.0000000000,0.8925437075,0.8585186325
4,2023-12-26,train,ret60_ret5_top5_riskoff0,1.0000000000,0.8840021482,0.8527070350
4,2023-12-27,train,ret60_ret5_top5_riskoff0,1.0000000000,0.8879956205,0.8556743864
4,2023-12-28,train,ret60_ret5_top5_riskoff0,1.0000000000,0.9042167114,0.8757251673
4,2023-12-29,train,ret60_ret5_top5_riskoff0,1.0000000000,0.9121860449,0.8799748660
4,2024-01-02,train,ret60_ret5_top5_riskoff0,1.0000000000,0.9099062548,0.8684952938
4,2024-01-03,train,ret60_ret5_top5_riskoff0,1.0000000000,0.9090174960,0.8664307148
4,2024-01-04,train,ret60_ret5_top5_riskoff0,1.0000000000,0.9049951752,0.8584160447
4,2024-01-05,train,ret60_ret5_top5_riskoff0,1.0000000000,0.8947357107,0.8538149829
4,2024-01-08,train,ret60_ret5_top5_riskoff0,1.0000000000,0.8802666256,0.8427739735
4,2024-01-09,train,ret60_ret5_top5_riskoff0,1.0000000000,0.8848339280,0.8444256367
4,2024-01-10,train,ret60_ret5_top5_riskoff0,1.0000000000,0.8804282853,0.8404837014
4,2024-01-11,train,ret60_ret5_top5_riskoff0,1.0000000000,0.8892246274,0.8452386448
4,2024-01-12,train,ret60_ret5_top5_riskoff0,1.0000000000,0.8856847962,0.8422892462
4,2024-01-15,train,ret60_ret5_top5_riskoff0,1.0000000000,0.8856136213,0.8414557206
4,2024-01-16,train,ret60_ret5_top5_riskoff0,1.0000000000,0.8849865525,0.8465748506
4,2024-01-17,train,ret60_ret5_top5_riskoff0,1.0000000000,0.8650206329,0.8281603447
4,2024-01-18,train,ret60_ret5_top5_riskoff0,1.0000000000,0.8655830913,0.8398681747
4,2024-01-19,train,ret60_ret5_top5_riskoff0,1.0000000000,0.8600023467,0.8385986510
4,2024-01-22,train,ret60_ret5_top5_riskoff0,1.0000000000,0.8246904255,0.8255494858
4,2024-01-23,train,ret60_ret5_top5_riskoff0,1.0000000000,0.8311637471,0.8288912826
4,2024-01-24,train,ret60_ret5_top5_riskoff0,1.0000000000,0.8459025870,0.8404785720
4,2024-01-25,train,ret60_ret5_top5_riskoff0,1.0000000000,0.8714487446,0.8573568259
4,2024-01-26,train,ret60_ret5_top5_riskoff0,1.0000000000,0.8708518171,0.8550229540
4,2024-01-29,train,ret60_ret5_top5_riskoff0,1.0000000000,0.8550560513,0.8473647765
4,2024-01-30,train,ret60_ret5_top5_riskoff0,1.0000000000,0.8346036689,0.8322535970
4,2024-01-31,train,ret60_ret5_top5_riskoff0,1.0000000000,0.8121766860,0.8246390193
4,2024-02-01,train,ret60_ret5_top5_riskoff0,1.0000000000,0.8049469217,0.8252442871
4,2024-02-02,train,ret60_ret5_top5_riskoff0,1.0000000000,0.7861391524,0.8154779308
4,2024-02-05,train,ret60_ret5_top5_riskoff0,1.0000000000,0.7587532891,0.8208099305
4,2024-02-06,train,ret60_ret5_top5_riskoff0,1.0000000000,0.7873793084,0.8493472853
4,2024-02-07,train,ret60_ret5_top5_riskoff0,1.0000000000,0.7989087021,0.8575389192
4,2024-02-08,train,ret60_ret5_top5_riskoff0,1.0000000000,0.8212520879,0.8630017183
4,2024-02-19,train,ret60_ret5_top5_riskoff0,1.0000000000,0.8355258680,0.8729732502
4,2024-02-20,train,ret60_ret5_top5_riskoff0,1.0000000000,0.8400738168,0.8747787951
4,2024-02-21,train,ret60_ret5_top5_riskoff0,1.0000000000,0.8485676004,0.8865815188
4,2024-02-22,train,ret60_ret5_top5_riskoff0,1.0000000000,0.8597126872,0.8942243082
4,2024-02-23,train,ret60_ret5_top5_riskoff0,1.0000000000,0.8680174709,0.8950116694
4,2024-02-26,train,ret60_ret5_top5_riskoff0,1.0000000000,0.8677896967,0.8856813111
4,2024-02-27,train,ret60_ret5_top5_riskoff0,1.0000000000,0.8837937526,0.8963068400
4,2024-02-28,train,ret60_ret5_top5_riskoff0,1.0000000000,0.8562880375,0.8848862558
4,2024-02-29,train,ret60_ret5_top5_riskoff0,1.0000000000,0.8789262970,0.9017670745
4,2024-03-01,train,ret60_ret5_top5_riskoff0,1.0000000000,0.8840501563,0.9073375907
4,2024-03-04,train,ret60_ret5_top5_riskoff0,1.0000000000,0.8852516862,0.9081249519
4,2024-03-05,train,ret60_ret5_top5_riskoff0,1.0000000000,0.8814092352,0.9144443590
4,2024-03-06,train,ret60_ret5_top5_riskoff0,1.0000000000,0.8833940837,0.9107358108
4,2024-03-07,train,ret60_ret5_top5_riskoff0,1.0000000000,0.8787460990,0.9052653176
4,2024-03-08,train,ret60_ret5_top5_riskoff0,1.0000000000,0.8847412318,0.9091610885
4,2024-03-11,train,ret60_ret5_top5_riskoff0,1.0000000000,0.8963452091,0.9205355082
4,2024-03-12,train,ret60_ret5_top5_riskoff0,1.0000000000,0.9002019117,0.9226462517
4,2024-03-13,train,ret60_ret5_top5_riskoff0,1.0000000000,0.8980170302,0.9162011746
4,2024-03-14,train,ret60_ret5_top5_riskoff0,1.0000000000,0.8956920316,0.9136005745
4,2024-03-15,train,ret60_ret5_top5_riskoff0,1.0000000000,0.9029928924,0.9155933421
4,2024-03-18,train,ret60_ret5_top5_riskoff0,1.0000000000,0.9131125023,0.9241953271
4,2024-03-19,train,ret60_ret5_top5_riskoff0,0.9990000000,0.9092034618,0.9175527686
4,2024-03-20,train,ret60_ret5_top5_riskoff0,1.0027445587,0.9147252056,0.9195404068
4,2024-03-21,train,ret60_ret5_top5_riskoff0,1.0016843541,0.9147221441,0.9184401529
4,2024-03-22,train,ret60_ret5_top5_riskoff0,0.9957638155,0.9051062081,0.9091841707
4,2024-03-25,train,ret60_ret5_top5_riskoff0,0.9982538042,0.8937931317,0.9042496986
4,2024-03-26,train,ret60_ret5_top5_riskoff0,0.9952345455,0.8941967797,0.9088635839
4,2024-03-27,train,ret60_ret5_top5_riskoff0,0.9906933186,0.8748732287,0.8983585956
4,2024-03-28,train,ret60_ret5_top5_riskoff0,0.9990645339,0.8867366728,0.9030186453
4,2024-03-29,train,ret60_ret5_top5_riskoff0,1.0164235689,0.8961323446,0.9072555205
4,2024-04-01,train,ret60_ret5_top5_riskoff0,1.0256604594,0.9122060599,0.9221743479
4,2024-04-02,train,ret60_ret5_top5_riskoff0,1.0338651783,0.9104739531,0.9183350004
4,2024-04-03,train,ret60_ret5_top5_riskoff0,1.0474334196,0.9078480549,0.9150316740
4,2024-04-08,train,ret60_ret5_top5_riskoff0,1.0418581124,0.8948414563,0.9069810982
4,2024-04-09,train,ret60_ret5_top5_riskoff0,1.0377487326,0.8993140317,0.9062322074
4,2024-04-10,train,ret60_ret5_top5_riskoff0,1.0409094765,0.8878022104,0.8988510169
4,2024-04-11,train,ret60_ret5_top5_riskoff0,1.0442503669,0.8902957620,0.8987304763
4,2024-04-12,train,ret60_ret5_top5_riskoff0,1.0465866966,0.8841259784,0.8914467441
4,2024-04-15,train,ret60_ret5_top5_riskoff0,1.0606693399,0.8810009590,0.9102305660
4,2024-04-16,train,ret60_ret5_top5_riskoff0,1.0473891276,0.8525142769,0.9004924213
4,2024-04-17,train,ret60_ret5_top5_riskoff0,1.0654216834,0.8800457040,0.9144161473
4,2024-04-18,train,ret60_ret5_top5_riskoff0,1.0709036768,0.8797092625,0.9155446129
4,2024-04-19,train,ret60_ret5_top5_riskoff0,1.0731954498,0.8760934866,0.9083275628
4,2024-04-22,train,ret60_ret5_top5_riskoff0,1.0445423942,0.8700384971,0.9055679516
4,2024-04-23,train,ret60_ret5_top5_riskoff0,1.0277580388,0.8647251949,0.8992382858
4,2024-04-24,train,ret60_ret5_top5_riskoff0,1.0384982680,0.8734332513,0.9031879152
4,2024-04-25,train,ret60_ret5_top5_riskoff0,1.0431904460,0.8746951123,0.9054089405
4,2024-04-26,train,ret60_ret5_top5_riskoff0,1.0539875794,0.8874962007,0.9192557257
4,2024-04-29,train,ret60_ret5_top5_riskoff0,1.0568738485,0.9037257694,0.9294221743
4,2024-04-30,train,ret60_ret5_top5_riskoff0,1.0562806540,0.8979120657,0.9244158908
4,2024-05-06,train,ret60_ret5_top5_riskoff0,1.0606188452,0.9128935181,0.9381344413
4,2024-05-07,train,ret60_ret5_top5_riskoff0,1.0621907966,0.9149816440,0.9384242518
4,2024-05-08,train,ret60_ret5_top5_riskoff0,1.0617269175,0.9053945786,0.9310404965
4,2024-05-09,train,ret60_ret5_top5_riskoff0,1.0678854108,0.9164976302,0.9398476572
4,2024-05-10,train,ret60_ret5_top5_riskoff0,1.0714606297,0.9150033400,0.9402887846
4,2024-05-13,train,ret60_ret5_top5_riskoff0,1.0656519916,0.9094575652,0.9398809982
4,2024-05-14,train,ret60_ret5_top5_riskoff0,1.0617441940,0.9120816066,0.9379215716
4,2024-05-15,train,ret60_ret5_top5_riskoff0,1.0575551283,0.9060404324,0.9299735836
4,2024-05-16,train,ret60_ret5_top5_riskoff0,1.0593551431,0.9086412989,0.9336410967
4,2024-05-17,train,ret60_ret5_top5_riskoff0,1.0705904663,0.9197401054,0.9432869124
4,2024-05-20,train,ret60_ret5_top5_riskoff0,1.0901735018,0.9241942193,0.9466184504
4,2024-05-21,train,ret60_ret5_top5_riskoff0,1.0815087906,0.9177564974,0.9428227027
4,2024-05-22,train,ret60_ret5_top5_riskoff0,1.0765129085,0.9181990094,0.9449488343
4,2024-05-23,train,ret60_ret5_top5_riskoff0,1.0568328393,0.9017357749,0.9340078480
4,2024-05-24,train,ret60_ret5_top5_riskoff0,1.0503598247,0.8931605209,0.9236695648
4,2024-05-27,train,ret60_ret5_top5_riskoff0,1.0627040257,0.9002466278,0.9324485138
4,2024-05-28,train,ret60_ret5_top5_riskoff0,1.0519816519,0.8912307305,0.9256418148
4,2024-05-29,train,ret60_ret5_top5_riskoff0,1.0588913639,0.8927502221,0.9267574568
4,2024-05-30,train,ret60_ret5_top5_riskoff0,1.0507637817,0.8859502705,0.9218306789
4,2024-05-31,train,ret60_ret5_top5_riskoff0,1.0492131388,0.8859891097,0.9181400836
4,2024-06-03,train,ret60_ret5_top5_riskoff0,1.0406632971,0.8780910129,0.9204047088
4,2024-06-04,train,ret60_ret5_top5_riskoff0,1.0424635211,0.8819357171,0.9273088661
4,2024-06-05,train,ret60_ret5_top5_riskoff0,1.0262629763,0.8702984342,0.9219537842
4,2024-06-06,train,ret60_ret5_top5_riskoff0,1.0189328066,0.8566944744,0.9213023518
4,2024-06-07,train,ret60_ret5_top5_riskoff0,1.0210965366,0.8616002224,0.9166499962
4,2024-06-11,train,ret60_ret5_top5_riskoff0,1.0171532712,0.8583077710,0.9086404555
4,2024-06-12,train,ret60_ret5_top5_riskoff0,1.0243387010,0.8633094712,0.9089584776
4,2024-06-13,train,ret60_ret5_top5_riskoff0,1.0158856616,0.8553853661,0.9043445923
4,2024-06-14,train,ret60_ret5_top5_riskoff0,1.0176983058,0.8581286928,0.9082942217
4,2024-06-17,train,ret60_ret5_top5_riskoff0,1.0133683223,0.8523186698,0.9069272396
4,2024-06-18,train,ret60_ret5_top5_riskoff0,1.0248204419,0.8580788341,0.9093354877
4,2024-06-19,train,ret60_ret5_top5_riskoff0,1.0151339335,0.8516965116,0.9050165423
4,2024-06-20,train,ret60_ret5_top5_riskoff0,1.0151339335,0.8394769079,0.8984842656
4,2024-06-21,train,ret60_ret5_top5_riskoff0,1.0151339335,0.8383290275,0.8965197097
4,2024-06-24,train,ret60_ret5_top5_riskoff0,1.0151339335,0.8208433589,0.8916955195
4,2024-06-25,train,ret60_ret5_top5_riskoff0,1.0151339335,0.8195019441,0.8868456823
4,2024-06-26,train,ret60_ret5_top5_riskoff0,1.0151339335,0.8315437784,0.8925803391
4,2024-06-27,train,ret60_ret5_top5_riskoff0,1.0151339335,0.8187860585,0.8858762278
4,2024-06-28,train,ret60_ret5_top5_riskoff0,1.0151339335,0.8215892044,0.8878100074
4,2024-07-01,train,ret60_ret5_top5_riskoff0,1.0151339335,0.8312617971,0.8920468826
4,2024-07-02,train,ret60_ret5_top5_riskoff0,1.0151339335,0.8288421733,0.8904080429
4,2024-07-03,train,ret60_ret5_top5_riskoff0,1.0151339335,0.8253300931,0.8882588290
4,2024-07-04,train,ret60_ret5_top5_riskoff0,1.0151339335,0.8117692537,0.8837449668
4,2024-07-05,train,ret60_ret5_top5_riskoff0,1.0151339335,0.8150928222,0.8799620425
4,2024-07-08,train,ret60_ret5_top5_riskoff0,1.0151339335,0.8007201366,0.8724474879
4,2024-07-09,train,ret60_ret5_top5_riskoff0,1.0151339335,0.8096901497,0.8822061501
4,2024-07-10,train,ret60_ret5_top5_riskoff0,1.0151339335,0.8035369384,0.8794260214
4,2024-07-11,train,ret60_ret5_top5_riskoff0,1.0151339335,0.8199095149,0.8894796235
4,2024-07-12,train,ret60_ret5_top5_riskoff0,1.0151339335,0.8185213384,0.8905644892
4,2024-07-15,train,ret60_ret5_top5_riskoff0,1.0151339335,0.8139006590,0.8915518966
4,2024-07-16,train,ret60_ret5_top5_riskoff0,1.0151339335,0.8143971122,0.8972019184
4,2024-07-17,train,ret60_ret5_top5_riskoff0,1.0151339335,0.8114346722,0.8980482675
4,2024-07-18,train,ret60_ret5_top5_riskoff0,1.0151339335,0.8147885783,0.9030109512
4,2024-07-19,train,ret60_ret5_top5_riskoff0,1.0151339335,0.8147762435,0.9076504834
4,2024-07-22,train,ret60_ret5_top5_riskoff0,1.0151339335,0.8118115677,0.9014695699
4,2024-07-23,train,ret60_ret5_top5_riskoff0,1.0151339335,0.7942223641,0.8822241030
4,2024-07-24,train,ret60_ret5_top5_riskoff0,1.0151339335,0.7855410528,0.8766561514
4,2024-07-25,train,ret60_ret5_top5_riskoff0,1.0151339335,0.7855789910,0.8718088790
4,2024-07-26,train,ret60_ret5_top5_riskoff0,1.0151339335,0.7947632216,0.8743787028
4,2024-07-29,train,ret60_ret5_top5_riskoff0,1.0151339335,0.7929275344,0.8696211946
4,2024-07-30,train,ret60_ret5_top5_riskoff0,1.0151339335,0.7927409133,0.8641430074
4,2024-07-31,train,ret60_ret5_top5_riskoff0,1.0151339335,0.8165421334,0.8827883358
4,2024-08-01,train,ret60_ret5_top5_riskoff0,1.0151339335,0.8120865468,0.8769382678
4,2024-08-02,train,ret60_ret5_top5_riskoff0,1.0151339335,0.8044089488,0.8679926137
4,2024-08-05,train,ret60_ret5_top5_riskoff0,1.0151339335,0.7918617403,0.8574594137
4,2024-08-06,train,ret60_ret5_top5_riskoff0,1.0151339335,0.7998211274,0.8573722141
4,2024-08-07,train,ret60_ret5_top5_riskoff0,1.0151339335,0.7995494390,0.8569900746
4,2024-08-08,train,ret60_ret5_top5_riskoff0,1.0151339335,0.8001428192,0.8573619553
4,2024-08-09,train,ret60_ret5_top5_riskoff0,1.0151339335,0.7952935074,0.8544612859
4,2024-08-12,train,ret60_ret5_top5_riskoff0,1.0151339335,0.7910495984,0.8529814573
4,2024-08-13,train,ret60_ret5_top5_riskoff0,1.0151339335,0.7939798267,0.8551691416
4,2024-08-14,train,ret60_ret5_top5_riskoff0,1.0151339335,0.7873142763,0.8487189351
4,2024-08-15,train,ret60_ret5_top5_riskoff0,1.0151339335,0.7940265602,0.8571080506
4,2024-08-16,train,ret60_ret5_top5_riskoff0,1.0151339335,0.7899666394,0.8580518581
4,2024-08-19,train,ret60_ret5_top5_riskoff0,1.0151339335,0.7909826474,0.8609602216
4,2024-08-20,train,ret60_ret5_top5_riskoff0,1.0151339335,0.7795069359,0.8547357082
4,2024-08-21,train,ret60_ret5_top5_riskoff0,1.0151339335,0.7762342522,0.8518991562
4,2024-08-22,train,ret60_ret5_top5_riskoff0,1.0151339335,0.7684130885,0.8497191660
4,2024-08-23,train,ret60_ret5_top5_riskoff0,1.0151339335,0.7691520390,0.8533225616
4,2024-08-26,train,ret60_ret5_top5_riskoff0,1.0151339335,0.7717256048,0.8525608474
4,2024-08-27,train,ret60_ret5_top5_riskoff0,1.0151339335,0.7646799495,0.8477161396
4,2024-08-28,train,ret60_ret5_top5_riskoff0,1.0151339335,0.7642856544,0.8428868200
4,2024-08-29,train,ret60_ret5_top5_riskoff0,1.0151339335,0.7686725634,0.8406247596
4,2024-08-30,train,ret60_ret5_top5_riskoff0,1.0151339335,0.7814694642,0.8518452976
4,2024-09-02,train,ret60_ret5_top5_riskoff0,1.0151339335,0.7685698254,0.8373752917
4,2024-09-03,train,ret60_ret5_top5_riskoff0,1.0151339335,0.7729653260,0.8395347644
4,2024-09-04,train,ret60_ret5_top5_riskoff0,1.0151339335,0.7673752606,0.8340796594
4,2024-09-05,train,ret60_ret5_top5_riskoff0,1.0151339335,0.7718068472,0.8355158883
4,2024-09-06,train,ret60_ret5_top5_riskoff0,1.0151339335,0.7619100051,0.8287425303
4,2024-09-09,train,ret60_ret5_top5_riskoff0,1.0151339335,0.7555601477,0.8188941038
4,2024-09-10,train,ret60_ret5_top5_riskoff0,1.0151339335,0.7563816706,0.8196147829
4,2024-09-11,train,ret60_ret5_top5_riskoff0,1.0151339335,0.7535006622,0.8171449822
4,2024-09-12,train,ret60_ret5_top5_riskoff0,1.0151339335,0.7513783654,0.8136416096
4,2024-09-13,train,ret60_ret5_top5_riskoff0,1.0151339335,0.7464811013,0.8102510836
4,2024-09-18,train,ret60_ret5_top5_riskoff0,1.0151339335,0.7468687338,0.8132671642
4,2024-09-19,train,ret60_ret5_top5_riskoff0,1.0151339335,0.7591054641,0.8196865943
4,2024-09-20,train,ret60_ret5_top5_riskoff0,1.0151339335,0.7581181423,0.8209715062
4,2024-09-23,train,ret60_ret5_top5_riskoff0,1.0151339335,0.7605136010,0.8239747634
4,2024-09-24,train,ret60_ret5_top5_riskoff0,1.0151339335,0.7910523188,0.8596624862
4,2024-09-25,train,ret60_ret5_top5_riskoff0,1.0151339335,0.8016675545,0.8723884999
4,2024-09-26,train,ret60_ret5_top5_riskoff0,1.0151339335,0.8358061530,0.9092662409
4,2024-09-27,train,ret60_ret5_top5_riskoff0,1.0151339335,0.8739874386,0.9498807417
4,2024-09-30,train,ret60_ret5_top5_riskoff0,1.0151339335,0.9562852922,1.0304557462
4,2024-10-08,train,ret60_ret5_top5_riskoff0,1.0151339335,1.0118476637,1.0915595907
4,2024-10-09,train,ret60_ret5_top5_riskoff0,1.0151339335,0.9306189023,1.0145879818
4,2024-10-10,train,ret60_ret5_top5_riskoff0,1.0151339335,0.9383069303,1.0253109692
4,2024-10-11,train,ret60_ret5_top5_riskoff0,1.0151339335,0.9094520193,0.9969403196
4,2024-10-14,train,ret60_ret5_top5_riskoff0,1.0151339335,0.9319290720,1.0159626580
4,2024-10-15,train,ret60_ret5_top5_riskoff0,1.0151339335,0.9122040528,0.9889436024
4,2024-10-16,train,ret60_ret5_top5_riskoff0,1.0151339335,0.9136115963,0.9826857480
4,2024-10-17,train,ret60_ret5_top5_riskoff0,1.0151339335,0.9042117708,0.9715626683
4,2024-10-18,train,ret60_ret5_top5_riskoff0,1.0141187996,0.9308590622,1.0067015465
4,2024-10-21,train,ret60_ret5_top5_riskoff0,1.0237577012,0.9403102914,1.0092585468
4,2024-10-22,train,ret60_ret5_top5_riskoff0,1.0322125655,0.9505026680,1.0150496268
4,2024-10-23,train,ret60_ret5_top5_riskoff0,1.0372109075,0.9539494969,1.0190069503
4,2024-10-24,train,ret60_ret5_top5_riskoff0,1.0285671687,0.9472714645,1.0076248365
4,2024-10-25,train,ret60_ret5_top5_riskoff0,1.0522692198,0.9610324648,1.0147008284
4,2024-10-28,train,ret60_ret5_top5_riskoff0,1.0740788464,0.9796190235,1.0166859019
4,2024-10-29,train,ret60_ret5_top5_riskoff0,1.0665551667,0.9655799158,1.0065527942
4,2024-10-30,train,ret60_ret5_top5_riskoff0,1.0690452697,0.9660346599,0.9975250699
4,2024-10-31,train,ret60_ret5_top5_riskoff0,1.0801155264,0.9729095841,0.9979328563
4,2024-11-01,train,ret60_ret5_top5_riskoff0,1.0523722010,0.9611279695,0.9976712575
4,2024-11-04,train,ret60_ret5_top5_riskoff0,1.0701003174,0.9727408191,1.0117103947
4,2024-11-05,train,ret60_ret5_top5_riskoff0,1.1074713226,0.9980899296,1.0373086097
4,2024-11-06,train,ret60_ret5_top5_riskoff0,1.1078209354,1.0018089593,1.0321048447
4,2024-11-07,train,ret60_ret5_top5_riskoff0,1.1514935523,1.0279578682,1.0632453643
4,2024-11-08,train,ret60_ret5_top5_riskoff0,1.1433452947,1.0220480606,1.0525634121
4,2024-11-11,train,ret60_ret5_top5_riskoff0,1.1623789474,1.0304244983,1.0595086045
4,2024-11-12,train,ret60_ret5_top5_riskoff0,1.1482333537,1.0198979861,1.0478674566
4,2024-11-13,train,ret60_ret5_top5_riskoff0,1.1492288901,1.0218326704,1.0543176631
4,2024-11-14,train,ret60_ret5_top5_riskoff0,1.1251529057,0.9985319278,1.0360390859
4,2024-11-15,train,ret60_ret5_top5_riskoff0,1.0903259122,0.9807691320,1.0178836142
4,2024-11-18,train,ret60_ret5_top5_riskoff0,1.0641306727,0.9703369715,1.0131517530
4,2024-11-19,train,ret60_ret5_top5_riskoff0,1.0796704768,0.9828015182,1.0199507579
4,2024-11-20,train,ret60_ret5_top5_riskoff0,1.1014174329,0.9956295171,1.0222282065
4,2024-11-21,train,ret60_ret5_top5_riskoff0,1.1072636412,0.9965243260,1.0231335436
4,2024-11-22,train,ret60_ret5_top5_riskoff0,1.0741199882,0.9658421754,0.9914339206
4,2024-11-25,train,ret60_ret5_top5_riskoff0,1.0747296960,0.9691601284,0.9869174938
4,2024-11-26,train,ret60_ret5_top5_riskoff0,1.0682620470,0.9636728292,0.9848888205
4,2024-11-27,train,ret60_ret5_top5_riskoff0,1.0964679159,0.9797753497,1.0020363674
4,2024-11-28,train,ret60_ret5_top5_riskoff0,1.0966778725,0.9779834680,0.9931907363
4,2024-11-29,train,ret60_ret5_top5_riskoff0,1.1200698207,0.9904001599,1.0044830858
4,2024-12-02,train,ret60_ret5_top5_riskoff0,1.1438067388,1.0084596222,1.0124464620
4,2024-12-03,train,ret60_ret5_top5_riskoff0,1.1430350679,1.0100471482,1.0135390218
4,2024-12-04,train,ret60_ret5_top5_riskoff0,1.1221922296,0.9997508590,1.0080685286
4,2024-12-05,train,ret60_ret5_top5_riskoff0,1.1412989483,1.0051038840,1.0057679977
4,2024-12-06,train,ret60_ret5_top5_riskoff0,1.1589672216,1.0174482276,1.0189889975
4,2024-12-09,train,ret60_ret5_top5_riskoff0,1.1439039317,1.0130915015,1.0173039932
4,2024-12-10,train,ret60_ret5_top5_riskoff0,1.1599095173,1.0201193566,1.0247595599
4,2024-12-11,train,ret60_ret5_top5_riskoff0,1.1738752204,1.0315875790,1.0230130030
4,2024-12-12,train,ret60_ret5_top5_riskoff0,1.1923645718,1.0433497294,1.0331871458
4,2024-12-13,train,ret60_ret5_top5_riskoff0,1.1691520392,1.0233222811,1.0087404786
4,2024-12-16,train,ret60_ret5_top5_riskoff0,1.1586173056,1.0186807599,1.0032674207
4,2024-12-17,train,ret60_ret5_top5_riskoff0,1.1301181129,0.9993963638,1.0058808443
4,2024-12-18,train,ret60_ret5_top5_riskoff0,1.1319572099,1.0034578652,1.0109743274
4,2024-12-19,train,ret60_ret5_top5_riskoff0,1.1338787377,1.0009838511,1.0118899233
4,2024-12-20,train,ret60_ret5_top5_riskoff0,1.1383961213,1.0014801192,1.0073452848
4,2024-12-23,train,ret60_ret5_top5_riskoff0,1.1033473091,0.9807152669,1.0088405017
4,2024-12-24,train,ret60_ret5_top5_riskoff0,1.1166185266,0.9909973733,1.0216947501
4,2024-12-25,train,ret60_ret5_top5_riskoff0,1.1023174391,0.9819660807,1.0221923008
4,2024-12-26,train,ret60_ret5_top5_riskoff0,1.1150796672,0.9868856414,1.0226667693
4,2024-12-27,train,ret60_ret5_top5_riskoff0,1.1198887530,0.9909394192,1.0210125414
4,2024-12-30,train,ret60_ret5_top5_riskoff0,1.1174535514,0.9869949379,1.0256341207
4,2024-12-31,train,ret60_ret5_top5_riskoff0,1.0855671140,0.9682317206,1.0091841707
4,2025-01-02,train,ret60_ret5_top5_riskoff0,1.0575336282,0.9489892097,0.9798158549
4,2025-01-03,train,ret60_ret5_top5_riskoff0,1.0188502745,0.9250512260,0.9682131774
4,2025-01-06,train,ret60_ret5_top5_riskoff0,1.0138637369,0.9214721567,0.9666256316
4,2025-01-07,train,ret60_ret5_top5_riskoff0,1.0358014041,0.9327141643,0.9735862122
4,2025-01-08,train,ret60_ret5_top5_riskoff0,1.0382743852,0.9316100053,0.9718191377
4,2025-01-09,train,ret60_ret5_top5_riskoff0,1.0374052081,0.9295400232,0.9694237132
4,2025-01-10,train,ret60_ret5_top5_riskoff0,1.0130871289,0.9099217763,0.9572670616
4,2025-01-13,train,ret60_ret5_top5_riskoff0,1.0158104754,0.9106539888,0.9547100613
4,2025-01-14,train,ret60_ret5_top5_riskoff0,1.0158104754,0.9415677503,0.9798517607
4,2025-01-15,train,ret60_ret5_top5_riskoff0,1.0158104754,0.9365364338,0.9735656946
4,2025-01-16,train,ret60_ret5_top5_riskoff0,1.0158104754,0.9424693440,0.9746813367
4,2025-01-17,train,ret60_ret5_top5_riskoff0,1.0158104754,0.9432048577,0.9777487112
4,2025-01-20,train,ret60_ret5_top5_riskoff0,1.0158104754,0.9474927559,0.9821958914
4,2025-01-21,train,ret60_ret5_top5_riskoff0,1.0158104754,0.9458882403,0.9829473468
4,2025-01-22,train,ret60_ret5_top5_riskoff0,1.0158104754,0.9362569151,0.9738195994
4,2025-01-23,train,ret60_ret5_top5_riskoff0,1.0158104754,0.9360435243,0.9755430740
4,2025-01-24,train,ret60_ret5_top5_riskoff0,1.0158104754,0.9449038373,0.9830114642
4,2025-01-27,train,ret60_ret5_top5_riskoff0,1.0158104754,0.9404878348,0.9789643764
4,2025-02-05,train,ret60_ret5_top5_riskoff0,1.0158104754,0.9382316171,0.9733220487
4,2025-02-06,train,ret60_ret5_top5_riskoff0,1.0158104754,0.9522102520,0.9855684645
4,2025-02-07,train,ret60_ret5_top5_riskoff0,1.0158104754,0.9654373752,0.9983585956
4,2025-02-10,train,ret60_ret5_top5_riskoff0,1.0158104754,0.9751088481,1.0005026801
4,2025-02-11,train,ret60_ret5_top5_riskoff0,1.0158104754,0.9722548023,0.9959067477
4,2025-02-12,train,ret60_ret5_top5_riskoff0,1.0158104754,0.9807816204,1.0053243056
4,2025-02-13,train,ret60_ret5_top5_riskoff0,1.0158104754,0.9783051065,1.0015490754
4,2025-02-14,train,ret60_ret5_top5_riskoff0,1.0158104754,0.9801378332,1.0102356954
4,2025-02-17,train,ret60_ret5_top5_riskoff0,1.0158104754,0.9849931109,1.0123874740
4,2025-02-18,train,ret60_ret5_top5_riskoff0,1.0158104754,0.9666137630,1.0035085020
4,2025-02-19,train,ret60_ret5_top5_riskoff0,1.0158104754,0.9777049987,1.0105306353
4,2025-02-20,train,ret60_ret5_top5_riskoff0,1.0158104754,0.9803632551,1.0076427894
4,2025-02-21,train,ret60_ret5_top5_riskoff0,1.0158104754,0.9876548478,1.0203482855
4,2025-02-24,train,ret60_ret5_top5_riskoff0,1.0158104754,0.9904728621,1.0181118720
4,2025-02-25,train,ret60_ret5_top5_riskoff0,1.0158104754,0.9814656268,1.0068092637
4,2025-02-26,train,ret60_ret5_top5_riskoff0,1.0158104754,0.9925279858,1.0156036008
4,2025-02-27,train,ret60_ret5_top5_riskoff0,1.0158104754,0.9948910689,1.0177015209
4,2025-02-28,train,ret60_ret5_top5_riskoff0,1.0158104754,0.9724332055,0.9976789516
4,2025-03-03,train,ret60_ret5_top5_riskoff0,1.0158104754,0.9745325328,0.9972737298
4,2025-03-04,train,ret60_ret5_top5_riskoff0,1.0158104754,0.9785163835,0.9964402041
4,2025-03-05,train,ret60_ret5_top5_riskoff0,1.0158104754,0.9805145124,1.0008899490
4,2025-03-06,train,ret60_ret5_top5_riskoff0,1.0158104754,0.9948564067,1.0146546639
4,2025-03-07,train,ret60_ret5_top5_riskoff0,1.0158104754,0.9920740985,1.0115180426
4,2025-03-10,train,ret60_ret5_top5_riskoff0,1.0158104754,0.9933641851,1.0076171424
4,2025-03-11,train,ret60_ret5_top5_riskoff0,1.0158104754,1.0002966966,1.0108537868
4,2025-03-12,train,ret60_ret5_top5_riskoff0,1.0158104754,0.9999104809,1.0072144854
4,2025-03-13,train,ret60_ret5_top5_riskoff0,1.0158104754,0.9955143400,1.0032007386
4,2025-03-14,train,ret60_ret5_top5_riskoff0,1.0158104754,1.0130686495,1.0275602062
4,2025-03-17,train,ret60_ret5_top5_riskoff0,1.0158104754,1.0162196031,1.0250544998
4,2025-03-18,train,ret60_ret5_top5_riskoff0,1.0158104754,1.0179106573,1.0278577108
4,2025-03-19,train,ret60_ret5_top5_riskoff0,1.0158104754,1.0141840854,1.0284860609
4,2025-03-20,train,ret60_ret5_top5_riskoff0,1.0158104754,1.0100181061,1.0194634659
4,2025-03-21,train,ret60_ret5_top5_riskoff0,1.0158104754,0.9980895606,1.0040009233
4,2025-03-24,train,ret60_ret5_top5_riskoff0,1.0158104754,0.9934119018,1.0091687825
4,2025-03-25,train,ret60_ret5_top5_riskoff0,1.0158104754,0.9917283098,1.0085147855
4,2025-03-26,train,ret60_ret5_top5_riskoff0,1.0158104754,0.9946219367,1.0051960709
4,2025-03-27,train,ret60_ret5_top5_riskoff0,1.0158104754,0.9922904606,1.0085429971
4,2025-03-28,train,ret60_ret5_top5_riskoff0,1.0158104754,0.9833842736,1.0041214639
4,2025-03-31,train,ret60_ret5_top5_riskoff0,1.0158104754,0.9739965665,0.9969762253
4,2025-04-01,train,ret60_ret5_top5_riskoff0,1.0158104754,0.9791434186,0.9970711190
4,2025-04-02,train,ret60_ret5_top5_riskoff0,1.0158104754,0.9800643663,0.9962273345
4,2025-04-03,train,ret60_ret5_top5_riskoff0,1.0158104754,0.9766862261,0.9903567490
4,2025-04-07,train,ret60_ret5_top5_riskoff0,1.0158104754,0.8882872322,0.9205816727
4,2025-04-08,train,ret60_ret5_top5_riskoff0,1.0158104754,0.9014572163,0.9363083789
4,2025-04-09,train,ret60_ret5_top5_riskoff0,1.0158104754,0.9190060593,0.9455489728
4,2025-04-10,train,ret60_ret5_top5_riskoff0,1.0158104754,0.9371502086,0.9579441410
4,2025-04-11,train,ret60_ret5_top5_riskoff0,1.0158104754,0.9384442851,0.9618937704
4,2025-04-14,train,ret60_ret5_top5_riskoff0,1.0158104754,0.9492886753,0.9641045369
4,2025-04-15,train,ret60_ret5_top5_riskoff0,1.0158104754,0.9488144035,0.9646405581
4,2025-04-16,train,ret60_ret5_top5_riskoff0,1.0158104754,0.9438707239,0.9676130389
4,2025-04-17,train,ret60_ret5_top5_riskoff0,1.0158104754,0.9462921942,0.9674591572
4,2025-04-18,train,ret60_ret5_top5_riskoff0,1.0158104754,0.9442865249,0.9675360981
4,2025-04-21,train,ret60_ret5_top5_riskoff0,1.0158104754,0.9544858420,0.9707060604
4,2025-04-22,train,ret60_ret5_top5_riskoff0,1.0158104754,0.9550877162,0.9704675438
4,2025-04-23,train,ret60_ret5_top5_riskoff0,1.0158104754,0.9552352834,0.9712189993
4,2025-04-24,train,ret60_ret5_top5_riskoff0,1.0158104754,0.9521207995,0.9705726963
4,2025-04-25,train,ret60_ret5_top5_riskoff0,1.0158104754,0.9544081137,0.9712472109
4,2025-04-28,train,ret60_ret5_top5_riskoff0,1.0158104754,0.9461388001,0.9698699700
4,2025-04-29,train,ret60_ret5_top5_riskoff0,1.0158104754,0.9481453531,0.9681926598
4,2025-04-30,train,ret60_ret5_top5_riskoff0,1.0158104754,0.9504938691,0.9670359827
4,2025-05-06,train,ret60_ret5_top5_riskoff0,1.0158104754,0.9675649468,0.9767741274
4,2025-05-07,train,ret60_ret5_top5_riskoff0,1.0158104754,0.9733771321,0.9826960068
4,2025-05-08,train,ret60_ret5_top5_riskoff0,1.0158104754,0.9781624995,0.9881511118
4,2025-05-09,train,ret60_ret5_top5_riskoff0,1.0158104754,0.9724563507,0.9864225078
4,2025-05-12,train,ret60_ret5_top5_riskoff0,1.0158104754,0.9820645800,0.9978225744
4,2025-05-13,train,ret60_ret5_top5_riskoff0,1.0158104754,0.9819151696,0.9992716268
4,2025-05-14,train,ret60_ret5_top5_riskoff0,1.0158104754,0.9876420385,1.0113128671
4,2025-05-15,train,ret60_ret5_top5_riskoff0,1.0158104754,0.9796134486,1.0020774025
4,2025-05-16,train,ret60_ret5_top5_riskoff0,1.0158104754,0.9789286875,0.9974327409
4,2025-05-19,train,ret60_ret5_top5_riskoff0,1.0158104754,0.9839372264,0.9943704958
4,2025-05-20,train,ret60_ret5_top5_riskoff0,1.0158104754,0.9916627092,0.9997614834
4,2025-05-21,train,ret60_ret5_top5_riskoff0,1.0158104754,0.9918478753,1.0044317920
4,2025-05-22,train,ret60_ret5_top5_riskoff0,1.0158104754,0.9840651629,1.0037880537
4,2025-05-23,train,ret60_ret5_top5_riskoff0,1.0158104754,0.9738889618,0.9956836193
4,2025-05-26,train,ret60_ret5_top5_riskoff0,1.0158104754,0.9763716880,0.9900002565
4,2025-05-27,train,ret60_ret5_top5_riskoff0,1.0158104754,0.9753009856,0.9846887743
4,2025-05-28,train,ret60_ret5_top5_riskoff0,1.0158104754,0.9744259161,0.9838783309
4,2025-05-29,train,ret60_ret5_top5_riskoff0,1.0158104754,0.9832379138,0.9896386346
4,2025-05-30,train,ret60_ret5_top5_riskoff0,1.0158104754,0.9755263419,0.9849016440
4,2025-06-03,train,ret60_ret5_top5_riskoff0,1.0158104754,0.9807354188,0.9879228540
4,2025-06-04,train,ret60_ret5_top5_riskoff0,1.0158104754,0.9898879889,0.9922135878
4,2025-06-05,train,ret60_ret5_top5_riskoff0,1.0158104754,0.9892303117,0.9944756482
4,2025-06-06,train,ret60_ret5_top5_riskoff0,1.0158104754,0.9884896066,0.9935574876
4,2025-06-09,train,ret60_ret5_top5_riskoff0,1.0158104754,0.9957497035,0.9964478982
4,2025-06-10,train,ret60_ret5_top5_riskoff0,1.0158104754,0.9901489767,0.9913749327
4,2025-06-11,train,ret60_ret5_top5_riskoff0,1.0158104754,0.9966617557,0.9988535816
4,2025-06-12,train,ret60_ret5_top5_riskoff0,1.0158104754,0.9965652767,0.9982303609
4,2025-06-13,train,ret60_ret5_top5_riskoff0,1.0158104754,0.9850402587,0.9910440871
4,2025-06-16,train,ret60_ret5_top5_riskoff0,1.0158104754,0.9893089024,0.9935113231
4,2025-06-17,train,ret60_ret5_top5_riskoff0,1.0158104754,0.9887806317,0.9926341976
4,2025-06-18,train,ret60_ret5_top5_riskoff0,1.0158104754,0.9847884504,0.9938113924
4,2025-06-19,train,ret60_ret5_top5_riskoff0,1.0158104754,0.9716718738,0.9856351466
4,2025-06-20,train,ret60_ret5_top5_riskoff0,1.0158104754,0.9676003549,0.9865456131
4,2025-06-23,train,ret60_ret5_top5_riskoff0,1.0158104754,0.9749622462,0.9894334590
4,2025-06-24,train,ret60_ret5_top5_riskoff0,1.0158104754,0.9881799793,1.0012643943
4,2025-06-25,train,ret60_ret5_top5_riskoff0,1.0158104754,0.9981061086,1.0156369419
4,2025-06-26,train,ret60_ret5_top5_riskoff0,1.0158104754,0.9956058765,1.0120335462
4,2025-06-27,train,ret60_ret5_top5_riskoff0,1.0158104754,0.9967350888,1.0058115975
4,2025-06-30,train,ret60_ret5_top5_riskoff0,1.0158104754,1.0050712373,1.0094842400
4,2025-07-01,train,ret60_ret5_top5_riskoff0,1.0158104754,1.0083780873,1.0111974558
4,2025-07-02,train,ret60_ret5_top5_riskoff0,1.0158104754,1.0076339904,1.0114334077
4,2025-07-03,train,ret60_ret5_top5_riskoff0,1.0158104754,1.0116430333,1.0176886974
4,2025-07-04,train,ret60_ret5_top5_riskoff0,1.0158104754,1.0093181154,1.0213126106
4,2025-07-07,train,ret60_ret5_top5_riskoff0,1.0158104754,1.0117671182,1.0169449360
4,2025-07-08,train,ret60_ret5_top5_riskoff0,1.0158104754,1.0217163496,1.0254802390
4,2025-07-09,train,ret60_ret5_top5_riskoff0,1.0158104754,1.0210687248,1.0236721295
4,2025-07-10,train,ret60_ret5_top5_riskoff0,1.0158104754,1.0254351357,1.0284475905
4,2025-07-11,train,ret60_ret5_top5_riskoff0,1.0158104754,1.0283822872,1.0296760791
4,2025-07-14,train,ret60_ret5_top5_riskoff0,1.0158104754,1.0300852533,1.0304095817
4,2025-07-15,train,ret60_ret5_top5_riskoff0,1.0147946649,1.0243278751,1.0307660742
4,2025-07-16,train,ret60_ret5_top5_riskoff0,1.0143884427,1.0255599848,1.0277243466
4,2025-07-17,train,ret60_ret5_top5_riskoff0,1.0271824353,1.0329068920,1.0347233977
4,2025-07-18,train,ret60_ret5_top5_riskoff0,1.0278952018,1.0368299304,1.0408940525
4,2025-07-21,train,ret60_ret5_top5_riskoff0,1.0292963769,1.0497177629,1.0478341156
4,2025-07-22,train,ret60_ret5_top5_riskoff0,1.0263432057,1.0606370984,1.0563873714
4,2025-07-23,train,ret60_ret5_top5_riskoff0,1.0238560518,1.0566806533,1.0565951117
4,2025-07-24,train,ret60_ret5_top5_riskoff0,1.0294249299,1.0695535247,1.0641019723
4,2025-07-25,train,ret60_ret5_top5_riskoff0,1.0273869024,1.0654601834,1.0584904209
4,2025-07-28,train,ret60_ret5_top5_riskoff0,1.0362971094,1.0651538084,1.0607114462
4,2025-07-29,train,ret60_ret5_top5_riskoff0,1.0449531868,1.0677656457,1.0648662512
4,2025-07-30,train,ret60_ret5_top5_riskoff0,1.0421539515,1.0664838259,1.0646662050
4,2025-07-31,train,ret60_ret5_top5_riskoff0,1.0376355623,1.0496392024,1.0452642918
4,2025-08-01,train,ret60_ret5_top5_riskoff0,1.0325612287,1.0483068994,1.0399656331
4,2025-08-04,train,ret60_ret5_top5_riskoff0,1.0432127578,1.0545393809,1.0440101562
4,2025-08-05,train,ret60_ret5_top5_riskoff0,1.0573362124,1.0632901411,1.0524095304
4,2025-08-06,train,ret60_ret5_top5_riskoff0,1.0667180024,1.0692455344,1.0549844836
4,2025-08-07,train,ret60_ret5_top5_riskoff0,1.0669624575,1.0702995866,1.0552871175
4,2025-08-08,train,ret60_ret5_top5_riskoff0,1.0660173051,1.0709714919,1.0527993640
4,2025-08-11,train,ret60_ret5_top5_riskoff0,1.0736131863,1.0794378497,1.0572978380
4,2025-08-12,train,ret60_ret5_top5_riskoff0,1.0768144626,1.0816346857,1.0627657665
4,2025-08-13,test,ret60_ret5_top5_riskoff0,1.0000000000,1.0000000000,1.0000000000
4,2025-08-14,test,ret60_ret5_top5_riskoff0,0.9860449244,0.9890193720,0.9992170628
4,2025-08-15,test,ret60_ret5_top5_riskoff0,0.9975956280,1.0016297311,1.0061701201
4,2025-08-18,test,ret60_ret5_top5_riskoff0,1.0245364017,1.0135215999,1.0150434087
4,2025-08-19,test,ret60_ret5_top5_riskoff0,1.0234774737,1.0153495239,1.0112029460
4,2025-08-20,test,ret60_ret5_top5_riskoff0,1.0284680019,1.0244653900,1.0227027855
4,2025-08-21,test,ret60_ret5_top5_riskoff0,1.0290591622,1.0258350911,1.0266940894
4,2025-08-22,test,ret60_ret5_top5_riskoff0,1.0532502432,1.0364462079,1.0482260606
4,2025-08-25,test,ret60_ret5_top5_riskoff0,1.0774881492,1.0543272736,1.0700668968
4,2025-08-26,test,ret60_ret5_top5_riskoff0,1.0757600283,1.0567130348,1.0660851702
4,2025-08-27,test,ret60_ret5_top5_riskoff0,1.0612221199,1.0346317640,1.0501726293
4,2025-08-28,test,ret60_ret5_top5_riskoff0,1.0867297449,1.0440172718,1.0687643957
4,2025-08-29,test,ret60_ret5_top5_riskoff0,1.0867788430,1.0470292474,1.0766608086
4,2025-09-01,test,ret60_ret5_top5_riskoff0,1.1064682827,1.0548681022,1.0831134565
4,2025-09-02,test,ret60_ret5_top5_riskoff0,1.0724501278,1.0431867238,1.0751500031
4,2025-09-03,test,ret60_ret5_top5_riskoff0,1.0571306042,1.0295603137,1.0678186459
4,2025-09-04,test,ret60_ret5_top5_riskoff0,1.0162613766,1.0165753049,1.0451637464
4,2025-09-05,test,ret60_ret5_top5_riskoff0,1.0445718214,1.0366666340,1.0679359667
4,2025-09-08,test,ret60_ret5_top5_riskoff0,1.0482102701,1.0457273530,1.0696718368
4,2025-09-09,test,ret60_ret5_top5_riskoff0,1.0306917686,1.0409334925,1.0621752726
4,2025-09-10,test,ret60_ret5_top5_riskoff0,1.0390981697,1.0421124457,1.0643540888
4,2025-09-11,test,ret60_ret5_top5_riskoff0,1.0831068372,1.0586086831,1.0889364025
4,2025-09-12,test,ret60_ret5_top5_riskoff0,1.0815029992,1.0555005943,1.0827040306
4,2025-09-15,test,ret60_ret5_top5_riskoff0,1.0719638995,1.0560841564,1.0853521302
4,2025-09-16,test,ret60_ret5_top5_riskoff0,1.0864405813,1.0617834868,1.0830248672
4,2025-09-17,test,ret60_ret5_top5_riskoff0,1.0946255160,1.0659570967,1.0896522992
4,2025-09-18,test,ret60_ret5_top5_riskoff0,1.0803194522,1.0510135067,1.0769840396
4,2025-09-19,test,ret60_ret5_top5_riskoff0,1.0792754600,1.0510423839,1.0778962692
4,2025-09-22,test,ret60_ret5_top5_riskoff0,1.0944505888,1.0488443370,1.0828500831
4,2025-09-23,test,ret60_ret5_top5_riskoff0,1.0827257092,1.0396887326,1.0821724952
4,2025-09-24,test,ret60_ret5_top5_riskoff0,1.0977128511,1.0503123465,1.0932557260
4,2025-09-25,test,ret60_ret5_top5_riskoff0,1.1065937851,1.0487067616,1.0998209061
4,2025-09-26,test,ret60_ret5_top5_riskoff0,1.0837569857,1.0414715110,1.0894200518
4,2025-09-29,test,ret60_ret5_top5_riskoff0,1.1048685341,1.0514858272,1.1061801761
4,2025-09-30,test,ret60_ret5_top5_riskoff0,1.1107122123,1.0551651421,1.1111220185
4,2025-10-09,test,ret60_ret5_top5_riskoff0,1.1384627579,1.0652997554,1.1275924321
4,2025-10-10,test,ret60_ret5_top5_riskoff0,1.1057689140,1.0607161281,1.1054092104
4,2025-10-13,test,ret60_ret5_top5_riskoff0,1.1109474785,1.0566026435,1.0999382270
4,2025-10-14,test,ret60_ret5_top5_riskoff0,1.0740686172,1.0488147590,1.0867887123
4,2025-10-15,test,ret60_ret5_top5_riskoff0,1.0897570048,1.0606070367,1.1028856145
4,2025-10-16,test,ret60_ret5_top5_riskoff0,1.0825502771,1.0539105070,1.1057899047
4,2025-10-17,test,ret60_ret5_top5_riskoff0,1.0462783105,1.0331191316,1.0808436568
4,2025-10-20,test,ret60_ret5_top5_riskoff0,1.0572234894,1.0404077320,1.0865875908
4,2025-10-21,test,ret60_ret5_top5_riskoff0,1.0866720735,1.0546004030,1.1032639145
4,2025-10-22,test,ret60_ret5_top5_riskoff0,1.0786709367,1.0520174004,1.0996006302
4,2025-10-23,test,ret60_ret5_top5_riskoff0,1.0777281771,1.0545410746,1.1028975861
4,2025-10-24,test,ret60_ret5_top5_riskoff0,1.1074777908,1.0584666563,1.1159082311
4,2025-10-27,test,ret60_ret5_top5_riskoff0,1.1339955271,1.0682461051,1.1291583066
4,2025-10-28,test,ret60_ret5_top5_riskoff0,1.1314867275,1.0653974944,1.1234000067
4,2025-10-29,test,ret60_ret5_top5_riskoff0,1.1536349647,1.0730115174,1.1367769802
4,2025-10-30,test,ret60_ret5_top5_riskoff0,1.1388350061,1.0633152764,1.1276953871
4,2025-10-31,test,ret60_ret5_top5_riskoff0,1.1162084714,1.0636775121,1.1111172299
4,2025-11-03,test,ret60_ret5_top5_riskoff0,1.1157365531,1.0698567834,1.1141651782
4,2025-11-04,test,ret60_ret5_top5_riskoff0,1.0979140574,1.0619393277,1.1058569452
4,2025-11-05,test,ret60_ret5_top5_riskoff0,1.1073070150,1.0663222647,1.1079064689
4,2025-11-06,test,ret60_ret5_top5_riskoff0,1.1320185123,1.0735481207,1.1237423921
4,2025-11-07,test,ret60_ret5_top5_riskoff0,1.1348693155,1.0735720235,1.1202443147
4,2025-11-10,test,ret60_ret5_top5_riskoff0,1.1330442611,1.0825918807,1.1241374522
4,2025-11-11,test,ret60_ret5_top5_riskoff0,1.1214706180,1.0808641532,1.1138706789
4,2025-11-12,test,ret60_ret5_top5_riskoff0,1.1188159726,1.0784584032,1.1123718449
4,2025-11-13,test,ret60_ret5_top5_riskoff0,1.1414939978,1.0906701810,1.1258182532
4,2025-11-14,test,ret60_ret5_top5_riskoff0,1.1159238889,1.0823327463,1.1081171676
4,2025-11-17,test,ret60_ret5_top5_riskoff0,1.1193946893,1.0824767355,1.1009127085
4,2025-11-18,test,ret60_ret5_top5_riskoff0,1.1088271786,1.0710017587,1.0937633183
4,2025-11-19,test,ret60_ret5_top5_riskoff0,1.1097755750,1.0664464375,1.0985758683
4,2025-11-20,test,ret60_ret5_top5_riskoff0,1.1019748257,1.0603614019,1.0929875640
4,2025-11-21,test,ret60_ret5_top5_riskoff0,1.0523057455,1.0290569206,1.0663293891
4,2025-11-24,test,ret60_ret5_top5_riskoff0,1.0598396754,1.0356137078,1.0649981564
4,2025-11-25,test,ret60_ret5_top5_riskoff0,1.0827235472,1.0467867555,1.0751380316
4,2025-11-26,test,ret60_ret5_top5_riskoff0,1.0945153818,1.0471529902,1.0816577200
4,2025-11-27,test,ret60_ret5_top5_riskoff0,1.0936034115,1.0462005645,1.0811237903
4,2025-11-28,test,ret60_ret5_top5_riskoff0,1.1045452800,1.0540328911,1.0838197760
4,2025-12-01,test,ret60_ret5_top5_riskoff0,1.1232186931,1.0626026351,1.0957505902
4,2025-12-02,test,ret60_ret5_top5_riskoff0,1.1134274432,1.0584501233,1.0904448137
4,2025-12-03,test,ret60_ret5_top5_riskoff0,1.1029364222,1.0513606259,1.0848708752
4,2025-12-04,test,ret60_ret5_top5_riskoff0,1.1067473177,1.0465519173,1.0885868342
4,2025-12-05,test,ret60_ret5_top5_riskoff0,1.1233697626,1.0574954432,1.0976780045
4,2025-12-08,test,ret60_ret5_top5_riskoff0,1.1479310623,1.0645104736,1.1065872077
4,2025-12-09,test,ret60_ret5_top5_riskoff0,1.1446830913,1.0574713696,1.1009534116
4,2025-12-10,test,ret60_ret5_top5_riskoff0,1.1445859205,1.0620868536,1.0994234517
4,2025-12-11,test,ret60_ret5_top5_riskoff0,1.1301107160,1.0477913136,1.0899300385
4,2025-12-12,test,ret60_ret5_top5_riskoff0,1.1414791300,1.0514727469,1.0968184495
4,2025-12-15,test,ret60_ret5_top5_riskoff0,1.1357407349,1.0494399305,1.0899013068
4,2025-12-16,test,ret60_ret5_top5_riskoff0,1.1097693751,1.0365122523,1.0768499586
4,2025-12-17,test,ret60_ret5_top5_riskoff0,1.1349461174,1.0474914003,1.0965622591
4,2025-12-18,test,ret60_ret5_top5_riskoff0,1.1300011911,1.0468638761,1.0900760910
4,2025-12-19,test,ret60_ret5_top5_riskoff0,1.1414124674,1.0590228730,1.0937609240
4,2025-12-22,test,ret60_ret5_top5_riskoff0,1.1618812112,1.0666134967,1.1041617783
4,2025-12-23,test,ret60_ret5_top5_riskoff0,1.1626978439,1.0628978609,1.1063429888
4,2025-12-24,test,ret60_ret5_top5_riskoff0,1.1692368841,1.0708705361,1.1095345953
4,2025-12-25,test,ret60_ret5_top5_riskoff0,1.1691041266,1.0769551376,1.1115649646
4,2025-12-26,test,ret60_ret5_top5_riskoff0,1.1834027418,1.0803499346,1.1150845907
4,2025-12-29,test,ret60_ret5_top5_riskoff0,1.1745628727,1.0773044351,1.1108059704
4,2025-12-30,test,ret60_ret5_top5_riskoff0,1.1764574350,1.0771297378,1.1136575859
4,2025-12-31,test,ret60_ret5_top5_riskoff0,1.1726385236,1.0779918929,1.1085481423
4,2026-01-05,test,ret60_ret5_top5_riskoff0,1.1881893721,1.0931348914,1.1295725211
4,2026-01-06,test,ret60_ret5_top5_riskoff0,1.2093403591,1.1090529728,1.1470365706
4,2026-01-07,test,ret60_ret5_top5_riskoff0,1.2219583104,1.1107097769,1.1436797571
4,2026-01-08,test,ret60_ret5_top5_riskoff0,1.2171816235,1.1150316443,1.1343371850
4,2026-01-09,test,ret60_ret5_top5_riskoff0,1.2297215907,1.1290767760,1.1394298685
4,2026-01-12,test,ret60_ret5_top5_riskoff0,1.2519911257,1.1470252267,1.1468522092
4,2026-01-13,test,ret60_ret5_top5_riskoff0,1.2361638920,1.1363915737,1.1399350665
4,2026-01-14,test,ret60_ret5_top5_riskoff0,1.2422330131,1.1393191481,1.1353619469
4,2026-01-15,test,ret60_ret5_top5_riskoff0,1.2439997833,1.1334016556,1.1376365352
4,2026-01-16,test,ret60_ret5_top5_riskoff0,1.2306166401,1.1252238655,1.1329532776
4,2026-01-19,test,ret60_ret5_top5_riskoff0,1.2449194190,1.1340433193,1.1335734022
4,2026-01-20,test,ret60_ret5_top5_riskoff0,1.2376061563,1.1335158977,1.1298430774
4,2026-01-21,test,ret60_ret5_top5_riskoff0,1.2506549456,1.1361101734,1.1308462905
4,2026-01-22,test,ret60_ret5_top5_riskoff0,1.2755524664,1.1451574355,1.1309995259
4,2026-01-23,test,ret60_ret5_top5_riskoff0,1.2878615743,1.1544360322,1.1259212083
4,2026-01-26,test,ret60_ret5_top5_riskoff0,1.2959313534,1.1481112096,1.1269890676
4,2026-01-27,test,ret60_ret5_top5_riskoff0,1.3014432088,1.1442120260,1.1266849911
4,2026-01-28,test,ret60_ret5_top5_riskoff0,1.3276889361,1.1457311698,1.1296299843
4,2026-01-29,test,ret60_ret5_top5_riskoff0,1.3282496374,1.1500686444,1.1382207452
4,2026-01-30,test,ret60_ret5_top5_riskoff0,1.3102794832,1.1405038251,1.1268406208
4,2026-02-02,test,ret60_ret5_top5_riskoff0,1.2488499335,1.1099086846,1.1028113911
4,2026-02-03,test,ret60_ret5_top5_riskoff0,1.2826482944,1.1328398829,1.1157717558
4,2026-02-04,test,ret60_ret5_top5_riskoff0,1.2830625867,1.1445514546,1.1250065843
4,2026-02-05,test,ret60_ret5_top5_riskoff0,1.2542448327,1.1371047039,1.1182402827
4,2026-02-06,test,ret60_ret5_top5_riskoff0,1.2586930508,1.1338363507,1.1118187608
4,2026-02-09,test,ret60_ret5_top5_riskoff0,1.2904440119,1.1526991445,1.1298861748
4,2026-02-10,test,ret60_ret5_top5_riskoff0,1.3008934987,1.1538460314,1.1311407898
4,2026-02-11,test,ret60_ret5_top5_riskoff0,1.2996057865,1.1546623513,1.1286315598
4,2026-02-12,test,ret60_ret5_top5_riskoff0,1.3063435312,1.1559553044,1.1300106786
4,2026-02-13,test,ret60_ret5_top5_riskoff0,1.2829322942,1.1436248428,1.1158435849
4,2026-02-24,test,ret60_ret5_top5_riskoff0,1.3084476226,1.1565625633,1.1271279372
