date,农林牧渔,采掘,化工,黑色金属,有色金属,建筑建材,机械设备,电子,交运设备,信息设备,家用电器,食品饮料,纺织服装,轻工制造,医药生物,公用事业,交通运输,房地产,金融服务,商业贸易,餐饮旅游,信息服务,综合
2010-01-04,2058.2700,6531.0500,3136.4800,3786.6700,4211.5200,2889.4900,4155.0000,1518.9600,3703.7400,1485.8200,2417.3400,4764.7200,2113.1300,1960.6500,3719.4500,2290.6900,2672.2600,3536.0300,2951.2600,4406.3300,2804.7200,2064.5900,1772.7500
2010-01-05,2081.2800,6746.3300,3160.1700,3770.0800,4345.6300,2894.7200,4175.2200,1553.6400,3651.6200,1510.7800,2387.5100,4783.0800,2128.5400,1973.0500,3734.3000,2307.4800,2702.7500,3459.3300,2987.5100,4421.3200,2835.0900,2125.0300,1786.7700
2010-01-06,2048.7000,6759.8000,3119.8300,3802.4800,4362.9300,2902.6800,4190.5800,1554.4500,3627.9100,1496.9500,2334.9800,4719.2700,2126.5300,1965.6200,3734.6800,2305.2900,2691.8400,3465.8000,2946.7800,4388.4900,2815.9000,2101.0900,1783.5600
2010-01-07,1999.3100,6647.2300,3045.2500,3686.8600,4311.0300,2844.6800,4123.5500,1518.0600,3515.6900,1449.2200,2258.9500,4603.9700,2074.0600,1931.5000,3643.9000,2256.7400,2641.2700,3442.2900,2884.2000,4285.9600,2828.8600,2056.8500,1758.4300
2010-01-08,2018.8100,6558.0200,3037.1300,3698.0800,4265.3600,2866.9000,4126.0100,1554.5800,3482.8200,1475.3700,2297.5000,4605.0400,2085.1300,1951.4600,3666.9900,2273.2100,2661.9500,3491.6300,2898.6500,4335.2200,2869.8700,2096.3100,1783.4100
2010-01-11,2019.4500,6517.5100,3035.3600,3674.8400,4307.1200,2865.9900,4120.8900,1592.7200,3456.0500,1510.5900,2255.9200,4585.4900,2125.0700,1965.5300,3659.3400,2281.7400,2685.4400,3423.2400,2919.2000,4333.3100,2909.4200,2146.0300,1787.5900
2010-01-12,2086.1900,6592.5600,3105.7700,3699.2400,4354.4100,2914.9600,4203.7200,1609.5400,3552.7600,1557.7100,2308.7900,4699.1400,2179.7000,2017.7400,3764.1000,2321.2300,2784.3000,3471.8900,2943.7400,4417.5200,2964.2600,2200.2400,1816.9200
2010-01-13,2063.9900,6219.2200,3041.7200,3577.4700,4156.2000,2842.5800,4123.0400,1597.8300,3480.3200,1584.3800,2285.1100,4660.5200,2161.2200,2006.1300,3781.5500,2287.6000,2740.4300,3360.5900,2804.0800,4358.4000,2954.5200,2236.1700,1790.8200
2010-01-14,2107.7400,6295.9100,3081.4300,3620.6700,4196.7100,2883.4700,4233.7400,1641.5700,3551.9900,1624.7700,2384.2700,4833.9700,2210.7400,2055.6200,3891.7000,2323.8300,2815.5700,3400.1700,2822.3000,4494.0900,3007.9100,2291.5800,1825.2800
2010-01-15,2112.8900,6269.9200,3104.6900,3614.5100,4211.1600,2908.8400,4302.5200,1638.9700,3600.5100,1616.1900,2382.6400,4849.5800,2237.0800,2074.7800,3906.3100,2328.2700,2818.1800,3467.0700,2827.5000,4506.4300,3022.7700,2285.8800,1843.4100
2010-01-18,2156.6600,6249.8300,3115.2300,3629.1900,4214.9800,2941.9100,4355.3800,1657.8800,3627.3300,1646.1200,2396.1800,4925.9700,2269.1300,2104.4200,3978.8900,2351.2200,2905.8800,3518.3500,2809.3100,4622.0700,3146.5800,2309.4800,1876.9400
2010-01-19,2150.3200,6303.0300,3117.7700,3655.4100,4260.0200,2950.4300,4339.0400,1649.1400,3599.4400,1620.7000,2403.3300,4892.6400,2260.5500,2102.9100,3958.2500,2343.8600,2905.7400,3518.5600,2819.5700,4634.8800,3163.8200,2295.4500,1883.5000
2010-01-20,2073.3800,6065.3900,2982.0400,3513.9100,4107.5100,2849.4700,4220.0800,1559.9500,3467.3200,1532.1700,2318.9900,4750.8900,2193.7100,2018.5400,3825.8900,2287.9100,2838.4800,3403.4000,2746.5100,4464.0500,3060.6100,2187.8300,1843.0500
2010-01-21,2082.0200,5921.9400,2968.9000,3461.3300,4045.1600,2854.6100,4228.4800,1556.9400,3456.7500,1532.0100,2311.7500,4769.4200,2219.1900,2036.9000,3845.3600,2298.4800,2847.5900,3445.2300,2794.6900,4499.8700,3086.6600,2210.4500,1855.1700
2010-01-22,2030.0200,5747.8100,2911.1000,3356.5600,3918.6400,2799.4000,4101.9200,1513.7900,3394.0100,1490.4200,2269.9300,4656.6500,2156.2400,1984.9600,3772.6800,2253.8100,2792.7800,3361.2000,2821.9300,4372.4900,3005.0500,2168.0100,1812.5500
2010-01-25,2024.8900,5714.4100,2881.7000,3308.2200,3904.0200,2768.8200,4050.1000,1500.6500,3352.5700,1475.9000,2230.5800,4659.4600,2117.4200,1957.2800,3739.3600,2243.0800,2726.4200,3305.0800,2793.1000,4312.7400,2957.7000,2115.1100,1792.0700
2010-01-26,1948.6200,5487.6900,2771.9000,3213.4700,3760.7700,2675.7200,3894.3800,1444.9100,3268.5300,1437.1700,2192.1900,4582.4400,2031.0200,1880.1200,3637.9900,2172.7200,2639.7200,3150.4600,2763.8600,4164.9500,2843.6200,2055.5500,1718.2800
2010-01-27,1955.8000,5495.2100,2739.3800,3200.4800,3681.1900,2664.5800,3854.5200,1432.7600,3217.2100,1435.1600,2209.1100,4500.9300,2020.5900,1861.4500,3620.9900,2160.6800,2635.8000,3142.8500,2701.7100,4129.0200,2827.4800,2061.8600,1703.8300
2010-01-28,1981.2600,5535.4000,2759.2300,3226.4300,3657.7600,2686.9500,3898.6300,1458.8400,3245.8900,1457.2900,2241.7300,4591.2700,2048.3400,1880.3800,3700.2800,2173.9000,2671.9500,3173.4900,2677.1500,4185.9000,2893.5100,2103.4500,1730.6100
2010-01-29,2021.4800,5501.2000,2753.5900,3225.8200,3638.9600,2715.5700,3912.8000,1475.8600,3232.4000,1467.9400,2234.9100,4629.7800,2068.8600,1892.1500,3768.9200,2173.9000,2656.8100,3162.7600,2668.6700,4235.2400,2909.7300,2115.9100,1745.3900
2010-02-01,2004.8800,5257.7800,2690.7200,3155.6300,3509.6700,2698.6400,3829.6200,1427.1000,3174.5000,1423.8300,2250.1500,4642.9700,2044.7700,1862.5800,3797.4100,2137.0300,2610.6800,3190.9900,2636.8900,4207.0300,2941.3800,2055.1900,1741.0900
2010-02-02,1996.4500,5278.1000,2679.0100,3144.7500,3578.7700,2675.4300,3803.9000,1423.0700,3169.0500,1421.4400,2272.2300,4567.9500,2025.5900,1844.8200,3743.5700,2126.3200,2600.6700,3158.4400,2641.5700,4160.3200,2901.8200,2030.3500,1731.9700
2010-02-03,1996.1600,5628.2700,2729.4500,3220.9600,3714.9600,2704.1500,3872.0100,1443.0300,3244.8000,1432.5300,2292.6400,4569.1500,2064.6500,1880.0400,3732.3200,2171.9100,2672.9700,3229.0200,2718.6600,4205.8700,2971.3800,2038.4500,1771.1600
2010-02-04,2028.1300,5537.9000,2710.3300,3207.8800,3653.9000,2753.4600,3868.6300,1457.8500,3254.2100,1451.5100,2268.9700,4612.2500,2087.1900,1896.4300,3755.1000,2186.9900,2696.3400,3258.0000,2700.4600,4231.2500,3090.0800,2064.4900,1796.1700
2010-02-05,1994.8100,5323.0900,2648.4500,3133.6300,3532.2000,2686.9100,3797.4400,1428.1300,3186.2300,1431.8300,2204.4900,4586.5800,2053.7600,1849.8400,3689.9300,2167.5800,2649.1700,3163.0200,2662.0000,4179.2900,3012.0200,2014.8300,1767.7300
2010-02-08,2001.9600,5382.7000,2634.9500,3136.2900,3538.3800,2682.6900,3797.9600,1414.1500,3189.6600,1429.7600,2186.9200,4608.1400,2065.7200,1848.7300,3678.8500,2165.7900,2654.5100,3141.3500,2653.7200,4195.0500,3051.6400,2005.5200,1778.7200
2010-02-09,1989.3700,5428.5000,2644.6400,3156.2500,3615.4400,2686.6400,3801.1200,1421.7600,3179.9100,1416.4800,2178.5300,4601.3600,2063.7700,1852.1700,3669.9800,2183.9800,2678.5400,3129.6400,2667.9700,4186.4700,3021.2200,2006.3500,1769.4900
2010-02-10,2003.5300,5525.4900,2682.0100,3197.0000,3653.4500,2713.8400,3855.5900,1444.6600,3241.7600,1444.2800,2215.1600,4638.9100,2085.7300,1881.9600,3713.4600,2193.9000,2692.6800,3175.1600,2701.5300,4227.2100,3042.5900,2047.0200,1784.5100
2010-02-11,1985.1600,5516.1800,2687.1000,3288.5600,3682.8700,2706.0200,3857.8600,1440.4400,3254.3200,1438.7700,2246.8500,4662.4300,2075.4400,1879.2400,3725.0100,2187.3400,2670.1200,3197.9500,2697.6100,4217.6300,3005.8700,2051.0100,1770.0400
2010-02-12,2011.5200,5623.0600,2726.9800,3323.5300,3751.5000,2725.4300,3904.0300,1465.3700,3286.7600,1449.5000,2273.4800,4678.1100,2103.8100,1899.2200,3770.7500,2202.6600,2695.8000,3227.0500,2722.5100,4303.3300,3064.5300,2079.5500,1799.5500
2010-02-22,2041.3800,5564.6500,2716.0000,3313.7000,3738.6200,2747.2000,3903.0400,1462.2800,3271.9500,1445.8500,2265.1200,4608.6500,2119.0700,1899.7500,3769.2700,2199.7300,2707.6600,3192.8300,2703.4800,4285.2100,3043.8500,2058.1400,1819.5300
2010-02-23,2079.9700,5444.8300,2706.0500,3293.8600,3678.3900,2758.5700,3925.0700,1486.3100,3339.2200,1479.8500,2279.0500,4562.6100,2134.3900,1931.5400,3819.6000,2217.1200,2703.4100,3174.9500,2652.4000,4290.9900,3075.5900,2068.3100,1855.6900
2010-02-24,2105.8700,5510.3800,2758.7200,3381.7800,3726.8200,2811.6400,4017.0200,1520.9500,3392.7900,1517.5100,2337.5600,4634.6800,2176.2800,1959.5600,3927.3200,2266.7100,2754.9100,3230.6900,2666.8600,4373.8700,3103.5900,2108.0700,1888.0300
2010-02-25,2133.5300,5607.7700,2796.9400,3388.5200,3783.1800,2840.4400,4079.9000,1536.9800,3432.2800,1529.9800,2389.5300,4682.0900,2206.8800,1983.1600,3957.3600,2288.9700,2794.8900,3328.4400,2703.7100,4467.4300,3161.2100,2133.5700,1939.0300
2010-02-26,2132.2200,5541.2600,2794.8900,3341.2100,3738.3400,2831.7000,4076.1600,1536.6300,3479.9500,1536.8500,2399.9600,4646.0700,2207.5400,2000.7300,3991.3200,2284.1800,2787.4100,3314.9000,2694.8500,4459.0600,3146.0900,2146.1600,1949.9100
2010-03-01,2166.5400,5633.1600,2822.1700,3383.1000,3863.0600,2869.4400,4115.0500,1560.0900,3498.8300,1545.7800,2401.2700,4666.9300,2229.8700,2018.3300,4016.7700,2312.6700,2814.8100,3336.0400,2737.7100,4510.9100,3199.0000,2159.6400,1976.2100
2010-03-02,2160.9300,5520.5600,2808.9100,3346.4600,3785.0300,2869.9900,4125.0900,1580.4900,3474.1500,1562.9100,2399.6400,4655.9300,2250.2200,2018.9300,4000.5200,2311.8500,2797.7800,3358.8200,2734.2800,4490.7000,3169.1300,2148.4100,1979.7400
2010-03-03,2245.0900,5585.8700,2832.0100,3381.8400,3816.1500,2890.2900,4209.6200,1610.0100,3510.4400,1576.7600,2438.6600,4667.6900,2279.3600,2038.6900,4026.9400,2340.1700,2821.8600,3357.2600,2743.1500,4514.2000,3193.2000,2181.2100,2014.7300
2010-03-04,2129.5500,5455.2000,2751.3000,3304.5100,3695.9700,2802.4200,4068.3200,1538.0300,3426.3000,1513.6400,2362.9500,4582.0100,2198.4300,1967.9000,3911.1300,2264.8200,2767.9600,3276.4300,2692.6800,4383.4400,3063.3000,2104.1300,1940.9500
2010-03-05,2115.0800,5438.1300,2751.5800,3333.1400,3712.4700,2811.4200,4063.5900,1538.2100,3456.1600,1513.0700,2380.9000,4584.3900,2202.9500,1975.7700,3926.8500,2266.7000,2795.6400,3275.6100,2697.4100,4399.4100,3076.5900,2105.9700,1964.0100
2010-03-08,2130.1800,5495.2900,2774.7000,3396.8000,3738.6200,2834.0900,4122.5600,1559.3600,3487.5400,1520.1900,2399.0000,4576.3900,2225.8200,1996.7300,3963.7200,2280.2300,2807.2300,3329.2700,2713.1200,4429.6600,3122.6300,2118.8400,1980.8100
2010-03-09,2114.3200,5615.3400,2787.4100,3400.5100,3750.5600,2835.5900,4115.0100,1560.4600,3488.2900,1518.5900,2380.1600,4574.7200,2227.8000,1992.7900,3953.0700,2279.3500,2794.1100,3408.3500,2743.9800,4436.3300,3121.2800,2117.0600,1976.2000
2010-03-10,2086.9000,5551.6000,2780.0100,3411.8300,3757.0300,2809.3800,4067.3200,1540.2000,3421.0000,1503.6700,2347.8700,4545.6500,2221.7200,1988.9300,3893.1600,2257.7600,2761.1500,3351.1000,2730.8700,4386.1700,3074.8300,2096.2500,1956.9100
2010-03-11,2070.2900,5534.2900,2799.4100,3422.3300,3718.0700,2811.7700,4045.1400,1525.9400,3373.4600,1492.2500,2331.7200,4521.5300,2204.7700,1991.4700,3860.9900,2251.5200,2755.5300,3328.6500,2747.8600,4369.1500,3040.3600,2084.3700,1936.1000
2010-03-12,2042.1800,5456.0600,2759.9800,3361.8700,3669.8100,2770.1800,3990.4200,1500.5900,3334.1800,1464.6000,2309.3900,4476.0400,2176.9900,1962.3100,3810.6300,2221.3400,2701.7300,3268.8600,2720.7900,4294.8700,2996.5800,2056.3300,1901.1800
2010-03-15,2039.8200,5320.5600,2724.3600,3274.2000,3594.4300,2747.2700,3947.3800,1487.0000,3289.9500,1441.1700,2268.6800,4392.1100,2162.9800,1950.5800,3789.1100,2206.3100,2670.4300,3255.5600,2687.7200,4254.3900,2972.5600,2045.4200,1890.0800
2010-03-16,2054.1400,5287.9600,2756.6700,3289.2800,3617.6400,2758.8200,3970.7900,1508.0100,3301.4300,1455.3500,2285.7500,4410.0500,2183.8500,1963.7200,3800.1400,2218.6700,2700.8200,3290.6800,2707.3000,4280.7400,3013.1300,2056.5700,1905.3100
2010-03-17,2094.9900,5409.2800,2809.1900,3345.3600,3704.4900,2813.6500,4073.1100,1566.8000,3383.4900,1507.3400,2340.9800,4498.0700,2234.0200,2010.9100,3891.5100,2261.1500,2759.3500,3367.6800,2756.8000,4376.9400,3071.3300,2108.8200,1963.9900
2010-03-18,2091.1100,5442.4200,2812.9400,3328.0000,3693.4500,2820.0800,4075.9800,1577.9500,3367.3600,1512.7900,2348.7200,4478.6800,2249.6600,2018.7000,3873.2100,2255.4100,2753.1100,3408.5600,2740.9000,4387.5000,3076.7900,2115.1100,1969.1700
2010-03-19,2094.8600,5515.1700,2842.2600,3361.4600,3815.7000,2835.6000,4104.3400,1603.8500,3392.7200,1523.7100,2365.2900,4511.7600,2263.6900,2029.3600,3882.3900,2269.7100,2793.0500,3437.8400,2748.1500,4409.6100,3094.5800,2125.4800,1989.3600
2010-03-22,2104.5100,5549.4500,2854.1400,3341.8100,3786.2600,2844.8600,4147.4500,1629.0800,3409.2300,1537.2800,2392.1600,4511.8700,2281.9700,2035.0800,3893.2700,2279.2100,2803.9700,3430.3500,2753.2700,4414.5100,3132.4600,2151.6600,2005.5800
2010-03-23,2136.2300,5566.4400,2843.7100,3313.1100,3762.2400,2830.8900,4129.6000,1612.9100,3368.8300,1517.2900,2409.5300,4501.1400,2258.6000,2005.3900,3884.1400,2264.1300,2766.6900,3391.5900,2732.0600,4388.8800,3122.4900,2135.4100,1990.0800
2010-03-24,2148.0800,5545.1900,2844.3700,3280.2500,3745.0900,2864.4800,4161.4900,1625.0600,3388.4500,1521.0200,2419.9300,4546.6200,2254.5400,2012.0800,3893.0900,2273.5700,2768.5600,3391.0000,2742.9200,4395.7700,3106.0600,2136.8000,1989.5200
2010-03-25,2092.1400,5459.4400,2819.5700,3248.8900,3675.3300,2835.5700,4113.8900,1597.5500,3337.4400,1521.0000,2380.2500,4505.2900,2232.8000,1979.3400,3852.0100,2238.4400,2729.9100,3331.3700,2711.1700,4348.7900,3060.6500,2113.7300,1954.6400
2010-03-26,2099.6500,5533.9800,2877.9400,3264.5200,3718.9400,2865.5600,4157.2400,1632.5600,3385.1000,1542.1800,2417.5500,4551.6500,2265.5500,2014.7400,3878.7200,2267.2700,2782.6900,3382.6600,2747.1900,4404.7100,3154.2100,2128.8300,1983.9400
2010-03-29,2108.2700,5774.7200,2913.8100,3330.4000,3829.9600,2909.9500,4196.4900,1633.8900,3447.2400,1542.9700,2453.4500,4616.3400,2292.1800,2040.5500,3918.3900,2290.9900,2819.5000,3454.5000,2835.0500,4447.2500,3152.8900,2139.1800,2004.7300
2010-03-30,2109.9500,5826.5200,2911.2400,3323.4200,3862.9900,2908.0400,4215.6000,1660.0100,3474.0200,1545.6700,2456.3300,4606.2900,2299.8800,2055.8700,3919.2400,2290.9500,2814.2200,3463.2500,2843.5700,4467.6000,3179.0200,2152.5800,2015.2400
2010-03-31,2105.6800,5742.3200,2884.3600,3286.7800,3827.4200,2899.7000,4235.6100,1680.8600,3452.9500,1558.2300,2458.4800,4574.8100,2307.0300,2054.2200,3932.9700,2305.9100,2801.3000,3470.7400,2816.1500,4468.8900,3197.9300,2155.2400,2017.6400
2010-04-01,2130.4300,5823.2800,2920.3200,3322.1900,3905.6900,2941.4900,4325.9300,1701.3900,3518.8800,1572.6500,2489.2400,4635.2900,2334.8600,2083.2700,3982.6400,2333.7200,2831.8400,3564.0100,2841.2600,4517.3500,3242.1000,2182.9500,2054.6700
2010-04-02,2131.6500,5965.9300,2946.5300,3347.6700,3972.0800,2954.2100,4358.7700,1711.6400,3548.8900,1559.1500,2499.9200,4565.0600,2330.0800,2109.9100,4004.3700,2330.5900,2831.0900,3576.7200,2837.6200,4536.6300,3230.2000,2183.6000,2061.3300
2010-04-06,2155.4400,6053.1400,2933.2100,3353.7400,4002.9100,2951.8900,4384.0500,1709.3900,3544.1100,1558.2300,2456.1000,4556.6400,2333.4200,2109.2100,4028.6800,2327.5400,2850.2200,3513.8400,2834.6400,4533.4800,3236.5900,2182.1800,2078.9700
2010-04-07,2152.6800,6027.6400,2916.1400,3343.3600,4003.1800,2942.6300,4416.1800,1723.8300,3536.0900,1571.1100,2438.3100,4575.0600,2338.8700,2121.4100,4067.8200,2328.5400,2841.5400,3466.7200,2821.1800,4531.6700,3247.0400,2183.7700,2083.0500
2010-04-08,2140.4900,5845.6900,2885.5200,3279.5900,3950.7800,2932.7600,4387.5000,1731.6600,3494.1400,1572.0900,2429.3700,4552.6800,2331.2800,2139.3800,4124.8000,2315.1900,2844.4500,3408.3600,2789.0700,4535.4800,3256.3500,2183.2500,2080.7200
2010-04-09,2166.6000,5923.8200,2910.2000,3299.4600,4015.4900,2960.1700,4434.9700,1771.2600,3536.5500,1615.7200,2451.6200,4607.5900,2365.8800,2168.8300,4177.5200,2338.2600,2875.6000,3427.3800,2805.6500,4591.1900,3299.9600,2236.5900,2103.9600
2010-04-12,2179.2300,5858.7400,2882.7900,3248.1000,4061.3300,2949.7000,4457.6100,1799.6300,3499.0800,1672.7600,2460.8900,4612.6100,2393.0100,2185.5100,4289.1500,2352.0100,2897.4300,3318.2900,2767.3200,4610.9000,3341.2100,2260.7500,2104.6500
2010-04-13,2161.1700,5952.5800,2901.6100,3274.1000,4073.6600,2934.0700,4402.0000,1751.6400,3484.5200,1641.3300,2427.6000,4640.4500,2355.6300,2147.8900,4262.0200,2347.7600,2900.3200,3327.0000,2830.6400,4600.1700,3268.5700,2218.7500,2085.8000
2010-04-14,2220.0600,5975.2200,2912.7500,3294.2000,4162.7200,2951.8900,4439.6600,1770.9700,3540.3100,1637.2600,2433.9900,4718.0500,2378.2800,2179.3500,4327.3400,2359.7700,2906.9500,3328.2700,2816.1700,4636.0100,3328.2500,2226.9300,2107.1000
2010-04-15,2213.0200,6066.5800,2926.1300,3294.1400,4139.9200,2914.7200,4386.2100,1749.2600,3520.3100,1611.5700,2401.3900,4698.2000,2362.3600,2150.2200,4261.8900,2339.6200,2888.5700,3275.0700,2819.2000,4584.3400,3264.2300,2186.2300,2087.4900
2010-04-16,2199.8800,5935.3800,2891.6300,3256.0400,4092.9000,2889.3100,4381.8400,1751.0700,3499.1300,1622.1200,2411.2800,4709.6900,2345.7300,2160.2800,4252.5000,2327.6500,2881.4800,3252.9000,2774.5800,4580.3400,3250.1800,2182.4000,2085.3700
2010-04-19,2110.9400,5550.2900,2751.2500,3062.8000,3869.2700,2744.3400,4203.6400,1675.7900,3322.0900,1555.8700,2304.5300,4591.8000,2242.7000,2070.4600,4189.0800,2248.3400,2724.0600,2988.0900,2638.3100,4391.9800,3116.3700,2101.2900,1969.1300
2010-04-20,2150.3400,5560.0200,2731.3300,3005.3400,3947.2600,2736.0600,4240.3300,1725.3000,3308.2300,1592.5900,2268.1800,4651.9400,2265.3000,2085.7800,4352.5100,2251.2300,2734.2400,2882.2900,2628.7300,4403.0500,3134.8200,2123.4300,1983.7100
2010-04-21,2199.9200,5751.6300,2780.2400,3051.2600,4018.8300,2791.6100,4355.6000,1797.0700,3389.0100,1638.0200,2309.9100,4790.8600,2327.5500,2153.4100,4465.5700,2333.1700,2789.9700,2953.6700,2655.6600,4562.6700,3234.2600,2181.1800,2048.4100
2010-04-22,2231.2300,5730.0100,2754.9100,2999.1700,4063.2100,2777.1500,4352.8500,1826.5400,3361.4700,1635.8700,2340.4300,4802.9900,2328.2300,2157.7300,4480.6500,2336.6500,2762.1500,2903.1100,2602.6100,4583.5200,3279.1400,2184.1200,2055.0800
2010-04-23,2212.8600,5805.9500,2722.6500,2960.7100,4041.6800,2764.0600,4329.0700,1800.8200,3316.3700,1604.3900,2290.5300,4736.5200,2307.9700,2142.2100,4463.1500,2309.8400,2738.0100,2910.3100,2601.4200,4554.9100,3258.5000,2142.9800,2047.1700
2010-04-26,2211.7700,5768.0900,2704.9700,2928.7700,4022.8600,2744.5000,4331.8700,1810.6800,3342.8500,1613.4800,2247.5200,4604.8200,2295.4900,2130.9700,4491.8200,2293.2400,2736.8800,2881.3100,2581.3800,4579.0400,3291.2500,2182.8400,2041.5200
2010-04-27,2151.2700,5648.2800,2630.1400,2847.5600,3922.2200,2653.9300,4191.5700,1762.0300,3269.0800,1586.2500,2192.7600,4473.4700,2223.8500,2056.4300,4425.0000,2262.5800,2672.0000,2852.2200,2546.5800,4498.4100,3192.3000,2166.2700,1986.2400
2010-04-28,2150.3600,5641.8200,2623.2600,2875.8600,3907.7400,2629.2900,4165.2200,1763.2200,3269.6300,1566.7000,2193.9400,4445.6000,2211.0000,2034.3800,4444.1900,2235.8100,2646.0700,2845.8500,2544.1800,4426.4700,3164.3500,2129.7600,1971.3600
2010-04-29,2100.3000,5506.7700,2577.1600,2841.8300,3781.3600,2589.6600,4073.8200,1713.9800,3203.2000,1520.8800,2135.7300,4395.7800,2154.6800,1968.7700,4264.1000,2186.8400,2614.3900,2820.9600,2553.8000,4309.8900,3012.9500,2055.1100,1919.8100
2010-04-30,2034.3800,5563.5800,2557.7900,2918.1700,3748.5100,2565.3100,3989.2400,1640.6400,3168.4400,1475.4800,2096.3100,4304.4800,2072.3000,1925.8300,4151.1700,2168.6300,2586.9400,2805.4100,2593.8700,4203.4200,2926.3200,2014.3800,1846.0400
2010-05-04,2055.2600,5551.8000,2526.6900,2859.9400,3765.9300,2524.5000,3960.4400,1654.4000,3127.0000,1461.7800,2090.3500,4302.9100,2051.7400,1907.6300,4238.5100,2146.1000,2575.5100,2656.9200,2541.7200,4192.1500,2876.3200,2006.8100,1824.8600
2010-05-05,2139.9500,5525.8900,2549.1400,2868.5100,3743.1300,2560.9900,4059.4000,1718.6000,3179.6500,1489.2400,2125.6000,4409.9000,2113.1000,1964.8600,4356.4100,2171.8900,2637.3100,2702.0400,2540.1700,4296.6500,2944.7000,2031.9200,1874.5400
2010-05-06,2096.1600,5112.0500,2439.4800,2745.0200,3595.7400,2471.9500,3938.3200,1672.0400,3081.3600,1444.8800,2024.3300,4298.0000,2058.5900,1892.1800,4264.4500,2110.5700,2525.0900,2557.9200,2438.4500,4149.7500,2805.5900,1953.7300,1820.7700
2010-05-07,2140.9100,4828.2500,2369.7800,2673.9700,3519.0700,2425.3000,3857.3100,1642.2000,3019.5200,1409.6500,1929.2800,4268.6200,2037.7200,1838.4500,4192.4200,2058.4400,2442.6800,2537.6800,2418.8700,4077.5000,2775.9600,1911.3100,1802.8600
2010-05-10,2090.8000,4921.6300,2361.3600,2681.1200,3534.9800,2419.7800,3794.2700,1578.7900,3028.6400,1367.0000,1935.4700,4261.1600,2021.2600,1823.7200,4064.3800,2054.0300,2399.4600,2591.6600,2456.7500,4031.8500,2750.3700,1879.5900,1785.0900
2010-05-11,2011.7800,4860.3100,2307.4500,2689.6100,3531.9200,2365.5400,3701.0100,1518.6100,2945.4600,1340.8800,1906.5000,4186.7300,1987.6300,1772.7100,3950.2600,2010.4800,2340.0700,2534.4300,2406.5500,3926.0200,2671.3800,1831.7000,1730.2700
2010-05-12,1924.4400,4858.9200,2285.9300,2671.3300,3484.7100,2346.2500,3617.3400,1475.9500,2907.3200,1308.6900,1905.3300,4103.7300,1944.3700,1741.8800,3865.4200,1990.5100,2362.7600,2585.2800,2464.5300,3880.9500,2606.0700,1803.8900,1681.0200
2010-05-13,1951.2300,5040.3000,2352.2700,2711.8900,3598.2200,2385.4500,3742.1400,1533.4400,3012.5700,1345.9700,1968.6500,4215.3400,1978.1200,1780.2800,4017.8300,2020.2000,2409.6800,2599.7900,2506.4300,3982.2500,2675.1000,1851.1400,1716.2000
2010-05-14,1965.7000,4995.5100,2346.2800,2689.0800,3590.6200,2376.5400,3749.7100,1552.0900,2989.4700,1365.1700,1953.2500,4230.9800,1981.8100,1782.7600,4110.2300,2037.8500,2397.4100,2568.7400,2476.8200,3986.4800,2670.6600,1860.3200,1713.3800
2010-05-17,1866.9200,4673.2700,2215.4700,2516.4000,3419.0800,2235.6300,3515.8400,1456.3700,2795.9900,1282.4200,1848.7400,4023.3300,1852.0300,1656.2400,3925.2800,1938.9600,2251.0200,2387.1200,2371.7100,3757.3500,2503.9200,1757.8100,1601.3300
2010-05-18,1876.2200,4826.2500,2229.6100,2579.7500,3434.0000,2278.0000,3580.2100,1479.4500,2834.2000,1297.4900,1867.8400,4048.3200,1866.5300,1675.2100,3931.0800,1945.4400,2276.8500,2526.2500,2408.8400,3804.2200,2517.3100,1757.9400,1612.3500
2010-05-19,1881.3200,4854.8300,2243.5600,2564.0300,3431.1000,2272.6700,3613.2200,1491.9400,2830.9100,1313.1100,1874.7800,4061.6100,1858.2100,1665.9100,3927.9300,1944.6800,2275.1600,2492.7200,2394.4600,3817.6300,2519.9100,1759.0700,1602.6000
2010-05-20,1827.1300,4813.4500,2211.2200,2568.3400,3340.3700,2273.9700,3579.9300,1468.3800,2795.2900,1283.0500,1883.8900,4039.6100,1832.8900,1639.4500,3832.2400,1918.0900,2229.3500,2441.9100,2369.8400,3770.3700,2471.5400,1724.2700,1568.2700
2010-05-21,1859.7500,4883.9900,2238.1200,2634.4500,3385.5300,2316.3100,3682.6400,1507.8700,2857.4500,1306.0700,1918.1000,4127.7900,1860.4700,1663.6500,3864.2700,1930.9700,2243.3700,2538.5200,2395.3000,3847.4400,2508.6000,1746.8100,1596.4700
2010-05-24,1936.9800,5133.7800,2325.3400,2714.9200,3537.0500,2396.5700,3825.1100,1572.6900,2971.7600,1357.0400,2023.8000,4250.8600,1946.5600,1738.1800,4023.6700,1996.5000,2340.7600,2675.1300,2462.1000,3991.4400,2612.5800,1813.8400,1674.9400
2010-05-25,1919.6900,4985.8600,2283.4100,2647.1600,3529.1000,2353.2700,3779.9900,1572.0000,2944.0600,1343.2700,1976.7000,4159.8800,1941.5100,1716.3700,4055.6900,1961.9500,2304.1500,2605.7000,2405.7800,3933.4500,2588.3800,1796.8200,1659.9100
2010-05-26,1922.1600,4960.2700,2283.7500,2648.9000,3523.8300,2362.4000,3787.1600,1562.6400,2955.4500,1361.2800,1968.4400,4148.8200,1949.3100,1729.2900,4026.5500,1985.2000,2318.8600,2613.2500,2410.4300,3936.4500,2596.1200,1799.3500,1668.0400
2010-05-27,1969.1900,5086.3800,2320.7300,2681.1300,3661.3900,2400.0900,3858.7000,1595.4700,2983.4300,1391.6300,1992.5800,4204.9800,1981.7800,1760.0300,4103.3400,2013.6700,2355.6000,2637.0800,2431.9600,4015.4900,2638.1000,1830.3100,1692.7100
2010-05-28,1972.2700,5082.9700,2325.4500,2652.7500,3652.3000,2392.1300,3848.8900,1606.0200,2977.7600,1401.5400,1996.0400,4214.4400,1983.4300,1766.3400,4192.5300,2006.6000,2352.5600,2603.2800,2429.5200,4016.8800,2653.1400,1848.2400,1693.2600
2010-05-31,1923.0900,4908.7800,2259.9900,2576.5700,3499.4500,2342.2500,3713.9500,1551.5300,2880.2700,1348.9100,1970.8400,4156.3100,1924.4100,1706.9900,4153.7300,1952.2000,2275.9300,2513.1800,2391.7700,3907.9100,2605.3600,1782.9800,1632.4300
2010-06-01,1877.5800,4834.4100,2221.6100,2542.6300,3534.4500,2301.7800,3653.4800,1514.8700,2826.2600,1316.7000,1959.7800,4133.9300,1887.0900,1670.0000,4063.7000,1927.3100,2246.6500,2469.3300,2382.8200,3861.2600,2566.6600,1755.3900,1592.3200
2010-06-02,1895.8200,4903.0300,2231.6900,2563.8900,3516.6100,2325.1500,3716.8200,1546.7900,2875.4100,1346.4100,1989.9900,4148.1800,1912.5200,1696.7500,4064.6400,1938.3800,2257.4800,2536.9300,2353.0100,3913.7600,2606.7100,1780.4300,1617.1500
2010-06-03,1897.0600,4828.1400,2209.6400,2546.7900,3483.5100,2303.6700,3695.5700,1535.8900,2847.0700,1343.5200,1992.5600,4155.5300,1891.5300,1686.0000,4069.0600,1924.5700,2233.6100,2496.5800,2344.5700,3893.4600,2598.2100,1787.5800,1598.0600
2010-06-04,1907.1800,4836.8900,2213.1200,2529.7200,3479.7500,2312.4400,3717.6100,1558.9500,2854.6300,1349.3800,1995.9000,4220.2500,1916.8000,1693.0600,4118.8800,1928.1000,2237.4200,2530.0600,2340.3500,3940.1200,2615.5100,1805.7000,1612.6700
2010-06-07,1892.1700,4703.5400,2176.1700,2469.8700,3426.5400,2287.6200,3694.1500,1572.2600,2815.3000,1335.1400,1944.8100,4282.6500,1912.4200,1671.8900,4150.1600,1896.5600,2206.0300,2492.0700,2281.9500,3935.9200,2614.8200,1826.2100,1597.4200
2010-06-08,1909.9400,4697.9100,2184.7900,2472.1200,3440.5400,2301.9900,3740.0800,1594.5700,2853.2600,1350.3000,1958.7300,4306.7200,1926.2700,1691.2200,4172.5100,1902.1500,2212.5800,2500.9400,2262.1700,3971.1800,2638.6400,1841.8500,1625.9900
2010-06-09,1948.4100,4836.1400,2241.9600,2530.7000,3540.2400,2354.8900,3833.1500,1627.6500,2908.9500,1374.0400,2031.1200,4405.9100,1971.0900,1745.8200,4241.1300,1942.7800,2266.7100,2596.8900,2349.1300,4049.3700,2708.9700,1869.5700,1668.5500
2010-06-10,1974.9000,4765.8300,2226.3600,2489.8000,3511.4800,2353.0200,3839.8300,1627.1600,2893.9300,1395.0400,2049.1300,4419.4500,1985.7600,1744.7800,4240.2700,1942.4800,2263.8200,2557.3300,2303.7300,4073.4700,2712.4400,1879.4500,1664.3700
2010-06-11,1954.9900,4845.8700,2233.0000,2532.6600,3538.0500,2355.6500,3836.2400,1597.9700,2898.5300,1386.0000,2056.0200,4376.6600,1965.7700,1736.7100,4180.2200,1940.0000,2267.4100,2559.4700,2313.7600,4068.9900,2705.1900,1871.6500,1668.9200
2010-06-17,1931.0200,4806.1500,2226.0300,2502.7000,3513.0900,2346.4700,3800.7700,1574.5200,2892.8900,1374.1500,2048.4700,4298.8200,1947.4400,1721.2900,3966.4100,1937.3400,2260.9900,2571.5600,2325.5100,4030.5700,2676.6600,1839.8300,1666.0500
2010-06-18,1855.6800,4709.6600,2175.3200,2471.4700,3394.9600,2288.9000,3643.8500,1497.0800,2787.9700,1320.2600,1977.1700,4164.4000,1872.7200,1658.2400,3763.4700,1890.9100,2229.9900,2554.4600,2307.9500,3897.9100,2570.7600,1771.2600,1609.3900
2010-06-21,1916.7200,4858.7100,2228.6100,2542.1300,3488.2800,2353.0600,3735.5700,1542.4300,2847.7100,1356.6500,2028.1100,4285.3100,1928.0700,1722.6000,3803.1100,1931.5100,2309.2700,2672.9700,2388.7100,4001.5500,2657.7900,1827.7400,1662.1600
2010-06-22,1933.0900,4845.7200,2251.0800,2553.1500,3470.1800,2377.4000,3754.1100,1559.4100,2865.8400,1358.8500,2043.4900,4268.0600,1949.1800,1733.8200,3820.5700,1940.5500,2320.4800,2681.4600,2386.2800,4037.0100,2714.8700,1826.1700,1674.0600
2010-06-23,1932.2500,4738.3100,2227.1400,2505.0600,3430.7300,2367.0600,3717.8800,1557.9000,2853.1000,1355.2900,2034.7500,4276.4800,1949.3400,1718.5900,3828.5700,1923.6200,2291.7300,2663.5300,2373.7800,4012.0900,2692.3400,1828.2300,1662.8800
2010-06-24,1927.6400,4723.4400,2217.5600,2501.2800,3406.3000,2362.5700,3729.7400,1564.7500,2853.3100,1359.7200,2039.5900,4264.8000,1972.9800,1722.3000,3823.7700,1923.2300,2289.9900,2657.1700,2384.9000,4016.7100,2696.9200,1838.4900,1669.1000
2010-06-25,1900.0900,4659.6200,2195.0400,2477.0600,3371.8800,2335.5000,3656.7600,1541.4000,2831.4600,1338.5700,2011.8400,4256.8100,1949.0100,1696.3100,3729.1400,1912.1300,2276.2600,2618.2000,2387.7900,3974.4800,2662.8300,1823.9500,1648.1700
2010-06-28,1863.0100,4563.2200,2163.9600,2479.2800,3335.7500,2305.4400,3599.9100,1503.5600,2827.6500,1293.7100,1994.4100,4174.4100,1915.8600,1670.9500,3682.6800,1901.4200,2245.1900,2593.6700,2388.0900,3930.6900,2643.3100,1804.6200,1629.9800
2010-06-29,1755.5900,4347.5100,2071.5600,2376.8100,3129.7400,2200.4700,3401.9100,1416.6300,2709.1300,1217.6400,1870.6200,4025.6200,1803.4800,1584.2500,3526.1100,1835.4700,2132.0200,2432.5200,2298.7600,3728.3800,2494.5500,1718.4600,1524.7100
2010-06-30,1707.8200,4205.7500,2019.1800,2340.8700,3033.9700,2170.3500,3344.3600,1391.2900,2665.1700,1211.6900,1838.7100,4030.5600,1788.4600,1542.8600,3548.4100,1819.2800,2104.6800,2366.9700,2281.0700,3702.5200,2451.2800,1712.0000,1479.1800
2010-07-01,1675.6300,4123.8800,2002.2800,2315.3600,2963.9400,2140.8700,3281.1500,1374.9500,2644.4900,1198.3800,1801.9900,4008.0500,1776.8600,1524.2800,3424.0400,1800.6300,2084.2300,2351.5800,2270.9200,3626.5300,2422.9600,1692.1200,1454.4700
2010-07-02,1648.2200,4095.5000,2002.1600,2325.9300,2892.4900,2157.3400,3276.9000,1364.8000,2642.5500,1184.5400,1797.7900,3964.7400,1765.2200,1518.9600,3319.5900,1806.8600,2091.8000,2433.7900,2292.0800,3605.9300,2422.0100,1672.0000,1456.3100
2010-07-05,1631.0700,4005.5700,1983.9700,2330.5300,2828.5100,2149.3500,3260.0400,1364.2700,2634.7100,1155.9400,1787.9600,3952.1100,1763.0500,1511.1800,3315.1800,1800.8300,2080.1300,2435.1200,2276.7500,3587.1900,2446.4000,1655.0700,1438.3700
2010-07-06,1682.0100,4134.5100,2032.1800,2358.7900,2925.7600,2198.5700,3345.9500,1401.7400,2692.8600,1188.1900,1853.7400,4028.9000,1807.7700,1552.9600,3410.5100,1825.2500,2122.4300,2473.5500,2321.3500,3676.4300,2494.0300,1689.8100,1478.1500
2010-07-07,1714.7600,4158.5900,2051.2200,2372.5300,2938.9700,2229.0200,3409.4100,1418.8400,2731.2600,1211.6100,1934.3600,4059.7400,1828.3600,1573.7100,3459.6000,1826.7600,2145.8000,2485.5400,2319.5700,3731.8200,2521.9100,1707.3400,1500.0800
2010-07-08,1702.6300,4119.9100,2050.2800,2360.0200,2968.6900,2222.7900,3383.7600,1399.1100,2753.0700,1194.2700,1921.0400,4062.1200,1827.9700,1568.2200,3476.6100,1813.9500,2146.0400,2488.2600,2317.8200,3721.2400,2513.8800,1686.2300,1490.2900
2010-07-09,1748.7300,4364.3800,2098.5000,2456.8400,3046.2900,2278.3800,3491.2100,1447.4700,2842.2000,1228.9000,1974.3800,4193.4300,1868.3100,1606.9200,3560.9900,1849.7300,2193.2500,2559.7100,2353.2400,3833.6700,2595.8100,1731.4800,1531.5400
2010-07-12,1772.2500,4439.8900,2116.5800,2466.9300,3080.1400,2303.4300,3537.7300,1462.0900,2882.1800,1247.8400,1985.6900,4182.7800,1897.7400,1631.6500,3558.5300,1861.7700,2209.6300,2642.3300,2371.3900,3872.2500,2625.3300,1748.0100,1551.1400
2010-07-13,1758.4900,4361.0000,2077.5200,2406.9100,2998.3100,2261.7400,3509.0500,1441.0300,2869.0200,1242.9700,1932.7800,4161.6100,1882.5300,1607.1700,3493.6200,1847.9100,2172.2800,2555.6500,2338.3100,3831.9500,2591.2900,1727.8200,1549.0600
2010-07-14,1772.3700,4385.9600,2104.2500,2426.2900,3046.8100,2286.9100,3533.0100,1452.4300,2894.2600,1251.4100,1955.5200,4164.0200,1906.0200,1628.5100,3513.6700,1865.5500,2194.4700,2570.9500,2347.0400,3852.1700,2616.8100,1736.0300,1587.3900
2010-07-15,1724.4300,4271.8900,2053.1300,2396.8700,2960.8700,2243.3400,3441.3500,1414.6700,2860.9500,1216.9800,1940.7700,4141.8100,1855.9600,1593.3200,3466.7900,1829.1800,2153.3200,2550.6400,2300.4300,3770.6600,2561.9600,1693.5200,1553.5300
2010-07-16,1729.8700,4370.1200,2046.6500,2426.7100,2968.0500,2248.6500,3451.6700,1423.7200,2861.3300,1218.1400,1931.8600,4190.4600,1868.5800,1602.4700,3472.8000,1835.7000,2152.6400,2571.1300,2293.4900,3800.0800,2580.7600,1688.4800,1564.6800
2010-07-19,1763.3200,4601.1900,2103.0400,2483.8700,3047.1700,2299.5300,3549.9300,1457.6400,2934.1700,1245.8000,1999.4600,4263.5200,1906.3000,1634.7600,3528.4500,1864.9000,2210.6000,2637.5400,2334.0100,3887.3900,2632.9600,1719.9500,1603.0800
2010-07-20,1807.8700,4750.8400,2177.4400,2525.8700,3179.9100,2369.5600,3653.0400,1497.3600,2992.0400,1285.2400,2074.0900,4320.0300,1955.9000,1678.8800,3654.0700,1898.4000,2266.0400,2689.5100,2364.9300,3972.1700,2686.5400,1763.5200,1653.3100
2010-07-21,1815.9800,4737.4600,2187.6900,2562.7200,3171.9400,2393.5100,3678.3100,1491.1900,3014.1700,1285.8300,2070.1800,4328.5600,1961.6900,1679.6600,3663.6500,1937.1100,2291.1200,2678.2200,2360.8300,3967.5700,2683.0200,1776.3200,1667.7600
2010-07-22,1831.1300,4794.0200,2210.9500,2583.1200,3242.2200,2428.5300,3730.2400,1515.7300,3041.5100,1307.2400,2098.9900,4376.0800,1983.5200,1700.5000,3710.6800,1939.1200,2316.1400,2747.9500,2386.2000,4019.7100,2705.0400,1791.6100,1684.8300
2010-07-23,1838.7800,4829.1800,2212.4000,2580.8100,3245.1500,2440.7700,3739.7800,1514.7400,3023.6800,1315.9600,2093.2500,4416.6700,1979.7900,1710.6600,3741.9700,1927.6200,2308.9400,2746.5800,2408.3700,4020.9800,2691.2800,1795.8100,1682.1000
2010-07-26,1879.9100,4863.9000,2237.6600,2581.6500,3320.7000,2464.0900,3786.9600,1538.0500,3059.0900,1327.4200,2096.2500,4480.6500,1996.1600,1727.7900,3813.5400,1944.7100,2338.4500,2765.9100,2407.1400,4057.1000,2731.6300,1813.8200,1711.0000
2010-07-27,1886.3100,4828.1900,2230.1000,2569.4100,3288.6900,2451.1500,3776.8900,1543.2700,3040.6700,1317.7800,2090.6900,4548.8700,2012.6500,1719.4200,3822.7700,1933.4400,2324.7000,2755.7600,2389.1300,4067.5300,2746.7400,1804.5300,1701.0200
2010-07-28,1927.8100,4984.1500,2283.3800,2632.5800,3359.1100,2538.3300,3867.5900,1580.4900,3109.5400,1350.3700,2150.8200,4588.4100,2052.7600,1757.4000,3889.9400,1968.3300,2374.3800,2849.1200,2439.0000,4151.8600,2778.9500,1839.3100,1737.7000
2010-07-29,1937.6100,4998.0800,2304.2200,2685.9500,3411.7000,2559.8600,3888.2800,1592.7400,3178.1000,1356.0200,2147.3200,4537.4500,2062.4100,1775.6900,3877.9200,1988.9300,2376.7700,2866.7200,2445.1600,4161.8200,2789.4500,1847.2500,1756.4100
2010-07-30,1941.6600,4914.7100,2310.3500,2680.9400,3436.4000,2549.5100,3882.1400,1589.4800,3169.1800,1356.8100,2147.0600,4517.6700,2054.7600,1777.1600,3882.6400,1982.5300,2368.7800,2874.7000,2429.4000,4174.7900,2829.6800,1847.4000,1754.1300
2010-08-02,1978.7000,4992.5800,2342.1100,2713.1200,3492.5200,2595.7900,3948.8800,1614.1200,3221.7500,1377.3800,2192.8100,4665.9400,2096.8000,1807.3900,3975.1100,2006.4300,2402.5800,2916.4500,2464.0900,4256.8700,2864.6800,1877.5600,1784.0800
2010-08-03,1948.5400,4994.2900,2296.5700,2649.4900,3434.8900,2546.9200,3878.7800,1591.1200,3143.8500,1355.5200,2154.4400,4595.9500,2069.2300,1772.8000,3910.2600,1970.3000,2355.9400,2891.5300,2419.9600,4189.5700,2822.3600,1841.3800,1749.6900
2010-08-04,2002.2900,5018.1600,2310.1600,2636.5500,3457.3000,2563.8800,3920.5600,1614.2800,3187.2800,1373.1500,2152.2900,4668.1100,2089.3200,1783.4700,3933.2500,1976.6900,2362.6100,2889.6700,2418.3500,4234.4800,2882.2200,1853.6200,1768.9500
2010-08-05,2031.9300,4930.8000,2295.0500,2609.5600,3434.0500,2568.1800,3912.1300,1618.4600,3186.9700,1367.1800,2132.2200,4752.3400,2097.0800,1802.8900,4008.5700,1973.8300,2360.0000,2827.0300,2384.1500,4318.9600,2918.7800,1848.0200,1771.9500
2010-08-06,2120.5000,5008.9600,2336.7500,2649.7100,3503.3800,2616.9500,4009.8400,1647.0900,3238.9000,1405.1400,2163.8300,4798.4500,2139.5400,1836.9700,4078.1100,2005.8200,2409.9300,2843.4300,2410.3700,4381.4900,2999.4200,1879.6000,1800.7100
2010-08-09,2161.5900,5078.7900,2349.3300,2666.8800,3594.2000,2642.6400,4055.8500,1663.1300,3255.0100,1425.3800,2186.2600,4843.3500,2157.7800,1872.1200,4150.9100,2018.4200,2411.2100,2868.1300,2406.6900,4416.2100,3039.8800,1895.2300,1817.3600
2010-08-10,2095.9300,4897.8200,2257.7500,2640.2400,3476.7800,2548.8300,3901.0600,1592.4000,3164.5200,1382.3000,2108.4800,4674.6400,2077.9900,1799.0400,4055.3500,1967.2600,2328.1500,2782.7000,2351.5200,4251.0800,2938.4700,1826.5100,1751.1000
2010-08-11,2107.4500,4907.6400,2267.5600,2640.1300,3494.4400,2583.8200,3927.4000,1611.5900,3188.2900,1394.9400,2146.2300,4723.9000,2105.5700,1821.1600,4093.7900,1978.4200,2339.1200,2837.2800,2358.4100,4296.6500,3029.9400,1838.5100,1774.1400
2010-08-12,2080.6400,4813.2800,2234.8200,2596.1600,3456.2200,2553.7700,3890.9200,1587.2000,3140.2100,1365.5200,2107.5500,4729.1000,2077.6800,1789.3100,4058.8400,1953.1000,2294.2200,2840.5200,2327.7300,4270.2400,2970.6000,1821.5400,1748.9100
2010-08-13,2104.9200,4894.4900,2271.3900,2636.8200,3530.1000,2592.7400,3993.1000,1617.7100,3212.7600,1380.4600,2138.0300,4786.8700,2111.7000,1823.8900,4142.0600,1979.3600,2335.0300,2898.6900,2339.1100,4362.4300,3001.9200,1842.3500,1778.8900
2010-08-16,2144.6800,5045.9100,2327.7500,2692.6200,3617.5400,2646.0500,4096.7600,1652.7800,3289.8900,1409.8700,2184.4500,4881.1400,2156.1800,1858.8500,4273.7600,2019.7600,2414.3200,2931.2600,2380.0600,4469.2100,3052.7900,1879.6300,1812.3200
2010-08-17,2133.3400,5097.6900,2330.4000,2696.3800,3635.5000,2665.6500,4159.4600,1666.7300,3334.3400,1425.8900,2224.7000,4909.0100,2193.3900,1863.9600,4273.9900,2029.3900,2414.9800,2972.8600,2380.8900,4544.0800,3061.6100,1908.5300,1832.9700
2010-08-18,2130.6800,5108.7200,2325.2000,2685.7900,3715.3500,2678.7200,4159.7100,1677.6200,3367.9700,1420.5800,2231.3700,4858.5100,2187.3200,1859.3400,4268.6900,2023.5400,2393.2500,2939.4300,2375.5500,4533.5000,3044.0900,1899.9500,1829.2300
2010-08-19,2142.5900,5248.6100,2366.5200,2700.0700,3764.5700,2687.3700,4169.7000,1680.5300,3390.2600,1418.3800,2233.0500,4839.7200,2188.1600,1862.5700,4239.3000,2026.1200,2395.5700,2932.3400,2395.4600,4526.1600,3033.0900,1907.0100,1831.8700
2010-08-20,2085.3300,5072.4600,2318.0500,2643.0600,3652.2100,2645.3500,4092.7900,1651.8700,3312.9500,1380.8200,2177.4800,4735.0400,2145.8200,1815.0000,4101.1500,1997.9900,2369.8800,2876.0800,2376.9000,4415.6800,2955.3000,1858.0400,1811.5300
2010-08-23,2090.3500,5036.0900,2317.2100,2639.4300,3651.4700,2660.5200,4132.0900,1685.4700,3333.0800,1391.2400,2174.3400,4762.1100,2176.2800,1822.4400,4113.6800,2000.1800,2367.8500,2852.5400,2369.9800,4464.1600,2978.9400,1859.6300,1847.6100
2010-08-24,2123.2000,5060.2800,2325.7400,2705.4700,3658.6200,2695.7900,4167.9000,1701.9700,3360.2600,1418.2500,2209.2700,4804.2500,2206.9100,1845.9700,4167.7600,2017.1800,2385.2400,2901.0100,2362.9700,4523.1200,3019.4600,1870.0400,1866.0000
2010-08-25,2072.0900,4916.1500,2275.9400,2629.8800,3597.3700,2652.1500,4059.0300,1674.6900,3272.5000,1379.0300,2173.4000,4769.1900,2155.2000,1805.4600,4114.5800,1968.9700,2333.1400,2802.1900,2315.3400,4483.8600,2970.5100,1836.8800,1828.7300
2010-08-26,2090.4200,4976.7200,2280.5400,2620.4700,3598.6900,2669.8700,4083.5400,1698.2300,3283.1500,1392.0700,2211.8500,4776.3900,2170.1100,1814.9000,4149.3600,1979.1800,2357.1400,2806.5400,2312.9500,4515.5500,3009.3400,1842.7700,1832.9300
2010-08-27,2135.0300,4958.2400,2289.6500,2618.2600,3616.3600,2707.6600,4103.8300,1708.5900,3316.5000,1395.8000,2209.6000,4807.5000,2180.6500,1821.9400,4207.6900,1980.5300,2369.1100,2806.5800,2309.2000,4553.9200,3048.1300,1856.1200,1836.7500
2010-08-30,2188.8900,5056.7500,2335.2200,2661.8800,3769.7600,2794.2800,4199.0600,1759.1800,3418.5600,1433.5700,2259.4700,5024.1000,2231.1400,1861.3200,4339.2600,2006.1900,2406.5900,2836.1900,2324.9400,4674.8700,3145.5600,1892.6000,1881.0600
2010-08-31,2199.4600,5039.1400,2331.9900,2659.1900,3827.0800,2801.2800,4255.7600,1778.9600,3441.8900,1461.2200,2250.0700,5041.2700,2232.0700,1874.6300,4377.0500,1992.2200,2371.1800,2818.6200,2296.8700,4690.1900,3189.5900,1895.9000,1887.3400
2010-09-01,2176.3400,5037.4200,2313.8000,2683.8000,3795.7000,2770.4200,4194.7300,1759.5100,3390.2000,1448.5900,2205.4500,4979.1400,2185.9700,1866.8100,4307.0600,1969.0900,2323.0600,2785.3600,2301.5700,4633.7300,3167.0900,1878.8000,1860.5400
2010-09-02,2204.1700,5095.1000,2357.7800,2728.3000,3881.9200,2814.8700,4281.2600,1784.9800,3550.5300,1479.8200,2244.6300,5077.2400,2215.7200,1910.6700,4391.4300,1992.7500,2352.0400,2806.4400,2316.3800,4708.4100,3191.5300,1911.8400,1893.1100
2010-09-03,2216.5200,5066.2200,2357.8200,2706.0200,3898.4500,2795.4100,4356.4200,1812.8500,3588.2400,1503.1700,2275.1900,5133.8200,2226.1300,1929.2500,4395.1800,1993.1500,2377.6900,2794.1000,2304.8200,4758.9100,3206.6500,1920.9100,1921.1400
2010-09-06,2200.0100,5211.7800,2397.8200,2842.5200,3912.3700,2807.5300,4349.1400,1785.4800,3573.2200,1503.3000,2286.4500,5182.3000,2219.2100,1930.7600,4375.6000,2014.5000,2413.0100,2839.8200,2353.4900,4741.2400,3225.1500,1925.4900,1930.9600
2010-09-07,2246.7800,5217.1700,2408.0600,2885.2800,3963.1400,2854.4700,4363.3300,1798.8600,3614.6000,1520.3600,2272.3400,5146.8500,2230.0500,1951.0200,4389.0300,2015.0800,2436.2200,2855.3900,2343.5400,4746.3600,3256.8900,1933.6000,1951.0700
2010-09-08,2258.4500,5246.7700,2411.0900,2862.4400,4123.9700,2875.9500,4417.4300,1808.8000,3647.5300,1530.3100,2289.8700,5183.3600,2247.5100,1956.5500,4432.7600,2019.1900,2431.4700,2820.2900,2312.5000,4821.2500,3287.3900,1940.7100,1964.6000
2010-09-09,2221.6100,5100.1400,2377.0800,2771.7900,4048.6600,2805.7200,4340.8700,1788.1000,3566.3100,1520.4700,2220.9700,5153.1900,2223.4100,1921.3200,4454.5600,2002.8000,2393.8400,2743.2900,2281.6300,4759.7200,3224.5400,1918.3900,1939.1800
2010-09-10,2230.1100,5088.0900,2395.3200,2772.4000,4014.2700,2805.2600,4376.4500,1794.7200,3599.0400,1516.2600,2220.8600,5279.8900,2252.2500,1937.4500,4651.1800,2004.9700,2387.6500,2711.3000,2280.1100,4788.2900,3243.6100,1919.9200,1946.8200
2010-09-13,2285.5600,5124.6100,2428.6600,2787.1100,4077.7600,2837.6800,4481.7900,1827.0000,3658.9200,1558.8500,2260.1100,5303.8700,2297.8700,1972.7600,4674.7700,2025.3500,2414.9400,2772.8100,2287.6200,4899.3100,3345.5800,1968.8700,1969.5400
2010-09-14,2284.9100,5068.8700,2431.0500,2783.8600,4060.9500,2853.4100,4515.6500,1855.4200,3682.2900,1596.1800,2275.6200,5309.3300,2323.3400,1978.7800,4653.3200,2065.8200,2421.1800,2753.0400,2280.5700,4883.6200,3325.7100,1979.8500,1992.4600
2010-09-15,2259.5000,4954.3700,2397.9800,2750.0300,3971.3400,2803.6100,4408.1500,1821.1600,3583.0200,1560.6700,2239.0600,5195.0100,2294.9900,1983.0800,4602.0200,2041.6900,2387.2800,2727.7900,2245.7600,4792.2000,3240.5700,1971.9700,1960.0100
2010-09-16,2203.6800,4856.0300,2345.2500,2675.7400,3874.3000,2730.4700,4311.7700,1784.1000,3504.9200,1522.1700,2187.7100,5097.6600,2227.9600,1953.1000,4477.2500,2005.1400,2357.8700,2674.3300,2206.8100,4713.1600,3129.2900,1933.8600,1922.3200
2010-09-17,2203.3900,4848.3900,2337.4300,2670.2100,3919.4300,2724.2700,4303.4000,1773.6600,3491.3800,1522.8900,2175.8500,5214.6500,2222.2600,1945.3900,4540.0800,2004.4600,2346.4500,2681.0000,2200.7400,4709.0400,3151.5800,1936.5200,1925.9900
2010-09-20,2223.5700,4784.3200,2322.9800,2658.1100,3865.1600,2696.4100,4250.9800,1761.4700,3463.5000,1490.0100,2179.3200,5243.2900,2194.1800,1931.8900,4473.7200,1980.4800,2354.2600,2648.2300,2205.7600,4697.6000,3124.2700,1911.1400,1914.5800
2010-09-21,2215.0600,4792.9700,2335.8100,2656.3400,3838.2600,2695.9100,4252.7200,1741.4500,3496.2100,1477.6600,2196.1700,5238.6200,2193.4800,1940.2500,4509.6100,1967.8700,2350.1000,2650.1500,2209.7100,4727.9800,3089.8700,1909.6900,1902.7500
2010-09-27,2296.7400,4903.3400,2370.3800,2689.1500,4028.4200,2753.1200,4379.4200,1788.0200,3577.8100,1517.9000,2231.2400,5365.5500,2235.5300,1977.4700,4642.0300,1996.8700,2373.6600,2688.5400,2221.9200,4828.4400,3176.4100,1946.7800,1935.1000
2010-09-28,2296.2900,4818.8900,2342.8700,2646.9200,4117.9000,2742.3100,4345.5700,1780.6100,3548.3100,1502.9300,2213.5500,5467.8500,2208.3100,1964.3900,4642.2600,1976.8700,2335.4600,2645.1500,2199.6500,4826.4900,3132.5500,1948.0500,1930.3600
2010-09-29,2285.1600,4942.8200,2336.9400,2656.4100,4161.8900,2714.3500,4291.7000,1768.0200,3514.2000,1469.8500,2197.2200,5371.2700,2176.1100,1930.1900,4571.8000,1974.9400,2317.3600,2621.9000,2208.1000,4777.4100,3073.3500,1909.5100,1904.9000
2010-09-30,2329.6000,5044.7500,2378.8400,2692.8100,4310.8100,2756.9600,4362.5000,1788.3400,3568.9600,1482.3200,2224.4600,5426.8400,2208.3400,1956.3500,4626.5900,1993.5800,2342.7900,2723.0500,2244.4000,4840.6900,3121.3300,1932.6200,1930.4000
2010-10-08,2397.7000,5486.1200,2452.5800,2765.3600,4577.5800,2828.7400,4481.4000,1823.5200,3645.9700,1518.6400,2263.4900,5603.3500,2256.7700,2003.3600,4717.2300,2030.5100,2409.2300,2760.2100,2312.3000,4933.3900,3172.2100,1965.8400,1974.2700
2010-10-11,2528.1200,5826.1600,2504.6800,2882.0100,4704.6100,2893.9900,4528.1400,1811.5100,3684.5800,1498.6000,2280.8100,5444.9800,2275.3800,2015.0800,4623.4000,2107.7600,2476.1200,2843.2600,2392.6600,4865.1400,3136.8600,1958.4000,2000.5200
2010-10-12,2515.5600,6072.3400,2577.6500,2888.1700,4984.4900,2896.8700,4582.3200,1811.9600,3803.1400,1505.2000,2285.2400,5381.6200,2281.4300,2030.5800,4553.7200,2128.0200,2511.7300,2848.1600,2390.6400,4865.6600,3117.4000,1964.6200,2019.4100
2010-10-13,2521.8300,6014.4400,2567.7300,2922.6200,5003.6500,2944.7300,4610.7000,1813.8800,3864.8000,1513.4500,2409.5600,5261.3200,2296.9700,2035.8700,4516.0300,2123.3000,2527.2100,2992.9300,2434.6200,4900.0500,3139.0500,1960.3000,2041.9300
2010-10-14,2421.9900,6144.8300,2539.8800,2911.2100,5188.4200,2861.8500,4529.5100,1747.8700,3768.7200,1467.3100,2352.4900,5127.2800,2234.4100,1985.0400,4360.7100,2093.9100,2527.1900,2935.8500,2484.8500,4713.8800,3010.0600,1918.7800,1988.4000
2010-10-15,2384.1100,6309.2600,2595.7400,3000.5100,5317.3500,2863.5000,4632.7300,1742.5300,3830.7700,1469.2400,2377.1000,5161.0900,2228.1900,2010.9500,4339.8400,2129.0400,2632.3400,2965.3400,2624.3600,4706.5400,2957.5300,1924.2100,1993.9200
2010-10-18,2287.0100,6184.8600,2560.6100,3057.3600,4976.1800,2849.3200,4604.4900,1713.5200,3740.9900,1454.1500,2332.6100,5205.3400,2194.7600,1983.9200,4358.7300,2140.4600,2651.5400,3006.3700,2635.5200,4626.1500,2922.0900,1899.5100,1987.5300
2010-10-19,2367.1300,6450.6600,2601.6000,3050.1100,5158.7000,2913.7100,4790.5800,1782.6700,3928.3200,1519.5300,2413.7800,5309.0000,2257.0000,2038.4200,4469.6700,2165.6300,2688.2400,3011.4900,2652.9100,4752.9100,3022.7600,1981.4300,2039.9400
2010-10-20,2439.0900,6652.1200,2568.3300,2963.5000,5088.4100,2915.3700,4871.9300,1793.3200,4012.7200,1534.4100,2474.9300,5457.1600,2256.7300,2057.3200,4542.3900,2131.0200,2664.2600,2878.2400,2677.6600,4791.8700,3028.4800,1970.7200,2040.6800
2010-10-21,2439.3200,6626.3200,2596.9700,2979.5200,5262.9200,2933.5000,4867.3300,1822.7400,4018.3800,1536.8000,2476.4400,5428.7700,2274.6600,2045.5700,4590.0600,2131.6400,2645.5500,2880.6000,2620.0600,4815.2800,3059.7300,1963.0700,2075.0500
2010-10-22,2447.8900,6616.6300,2591.2100,2946.3000,5333.9000,2978.8700,4957.4000,1862.7800,4117.5300,1574.0300,2531.0200,5479.2400,2292.4600,2052.0100,4594.6500,2132.1100,2640.5300,2888.5400,2587.4300,4842.7600,3056.3300,1987.3300,2089.5400
2010-10-25,2538.4400,6898.7600,2659.2400,2997.3300,5708.5100,3055.7300,5074.3200,1903.3300,4196.8800,1619.3600,2611.5100,5642.5700,2352.8800,2094.8100,4658.5400,2167.2800,2711.2300,2937.6000,2641.9200,4936.6500,3100.6200,2038.8400,2148.7800
2010-10-26,2524.6700,6854.9200,2674.1100,2993.1300,5620.8300,3042.6900,5088.7900,1930.1100,4185.0500,1633.7400,2624.7600,5555.2400,2372.1000,2109.1000,4737.6300,2162.8000,2742.8100,2986.9200,2604.9700,4938.1800,3111.1800,2034.4300,2176.8600
2010-10-27,2501.0200,6654.5200,2632.7800,3003.3600,5464.9000,2998.0500,5040.8300,1921.2500,4099.9400,1598.4900,2551.6300,5491.5100,2358.8300,2083.7200,4691.3800,2142.3200,2702.2600,2998.5200,2571.4300,4895.1500,3126.7200,2016.6500,2154.3700
2010-10-28,2497.2900,6551.8700,2628.1700,2990.9700,5469.6700,2990.2800,5041.6000,1958.0600,4062.6100,1593.1900,2507.0400,5493.3200,2361.5900,2082.4200,4661.5400,2139.9200,2693.7200,3030.2800,2577.9100,4865.0000,3130.0200,2025.2400,2162.7600
2010-10-29,2517.7900,6526.8100,2625.4600,2964.6900,5548.6600,3030.8900,5128.2700,2004.2500,4107.0600,1606.7600,2521.5200,5522.0600,2362.3100,2096.3200,4701.6100,2143.0300,2679.5200,2984.5100,2528.0400,4885.8900,3121.8100,2082.7700,2186.3600
2010-11-01,2602.5800,6872.5400,2699.1300,3049.0500,5880.1500,3095.0200,5307.5700,2062.9300,4230.4900,1653.6700,2580.1000,5620.8900,2414.4200,2138.9100,4810.4100,2183.8500,2736.8500,3015.4800,2576.1800,5034.2100,3164.3400,2114.1500,2227.0000
2010-11-02,2584.6200,6684.4700,2691.6100,3119.1300,5863.4300,3083.2300,5353.4800,2032.2900,4197.2500,1631.6800,2532.7900,5595.4900,2401.0300,2135.4100,4765.5300,2192.4700,2719.4300,3041.0500,2564.6800,5007.9600,3149.2400,2080.1500,2230.6300
2010-11-03,2622.2000,6470.3300,2664.2400,3063.7500,5518.1300,3040.1400,5229.0200,1975.1800,4121.9600,1618.6700,2475.1100,5614.4000,2378.4300,2102.0300,4746.9600,2169.7700,2673.6700,3032.9200,2599.6000,4936.9200,3117.5100,2058.6000,2189.4000
2010-11-04,2684.6700,6637.4400,2718.1800,3087.8300,5672.2900,3100.8900,5325.3700,2040.6200,4242.1700,1693.0200,2522.5500,5703.3000,2414.1300,2141.6400,4846.5700,2196.5500,2738.3100,3051.9000,2620.8200,5060.0200,3152.4500,2111.3000,2253.1700
2010-11-05,2716.5300,6723.3500,2750.5000,3092.0700,5758.2500,3178.4700,5385.8000,2070.6500,4285.9700,1709.5600,2526.3400,5685.3000,2450.6800,2183.0500,4891.9100,2226.7400,2755.0300,3103.3900,2669.2000,5130.0500,3242.1500,2159.9800,2286.7500
2010-11-08,2834.4900,6777.6600,2794.0100,3171.7600,5723.2400,3221.0000,5453.3500,2112.2700,4387.1400,1728.5700,2593.3400,5705.9400,2504.4100,2232.0800,5026.6100,2267.8600,2789.1500,3172.9800,2670.1900,5200.5700,3350.9200,2199.9400,2325.3300
2010-11-09,2834.3600,6684.1100,2777.3700,3121.6900,5807.5800,3249.4200,5433.2000,2122.0900,4338.3200,1741.6700,2557.6900,5789.8000,2508.2800,2233.8000,5154.1200,2258.7700,2777.2800,3115.3300,2629.2800,5210.9400,3406.0500,2195.1100,2353.5800
2010-11-10,2828.2400,6659.5700,2770.7400,3081.2000,5897.4700,3228.0100,5409.3900,2138.8600,4282.6100,1734.7100,2530.3500,6022.2900,2524.5500,2250.0500,5245.2500,2244.9700,2748.4100,3042.5300,2593.4400,5336.8000,3390.0700,2181.6900,2359.6400
2010-11-11,2793.9400,7031.2500,2814.0100,3088.0200,5876.2000,3229.0700,5391.9500,2105.0900,4233.6800,1716.3300,2522.2300,5952.3300,2495.1500,2231.9100,5199.1600,2258.7200,2744.3900,3030.9600,2615.4800,5255.4700,3357.4500,2173.9700,2326.4600
2010-11-12,2599.7400,6799.2500,2662.6300,2906.5300,5474.2400,3008.9000,5014.9500,1974.5500,3915.3900,1614.7100,2386.5800,5767.6100,2346.3600,2083.5900,4950.7900,2141.8100,2559.7200,2824.9300,2496.8700,4950.5900,3177.0400,2055.4700,2179.1600
2010-11-15,2658.2100,6676.4300,2664.1300,2892.5400,5345.0400,3063.8800,5151.6400,2050.4300,3975.7600,1665.1700,2446.3700,6012.7000,2413.7000,2140.7500,5214.9500,2186.0400,2570.0500,2855.5700,2549.0800,5087.6600,3301.2200,2101.0800,2212.1200
2010-11-16,2591.9800,6227.2500,2534.3900,2801.8000,4933.5100,2990.5800,4984.8900,1974.7900,3821.2200,1616.8200,2376.2800,5860.9500,2332.5400,2102.4400,5133.9700,2109.5900,2479.9100,2737.8900,2469.9100,4910.7800,3159.8900,2027.0300,2118.1800
2010-11-17,2465.7000,6117.9200,2460.9300,2755.1800,4765.2900,2871.6300,4825.6000,1905.4900,3719.5100,1555.2200,2298.0600,5547.6100,2258.9500,2030.6100,4812.2700,2065.7400,2439.4900,2715.2500,2466.9600,4730.1300,3113.1400,1978.1500,2048.2900
2010-11-18,2489.2400,6178.9400,2489.9300,2777.1000,4938.5200,2918.9900,4885.9200,1968.0500,3801.8200,1575.8900,2360.2000,5607.4400,2285.0400,2045.1400,4864.2300,2071.4300,2462.7600,2753.5900,2484.4800,4774.1400,3126.4300,1998.0800,2078.4100
2010-11-19,2535.6300,6136.1000,2521.4300,2787.6400,4954.8500,2986.2800,5058.6500,2077.7800,3859.5900,1665.3200,2410.5700,5774.9200,2336.5600,2102.9300,5044.3600,2100.9700,2493.0400,2773.8300,2480.5400,4849.0900,3200.5800,2063.3100,2140.8200
2010-11-22,2561.8600,6079.8500,2526.5300,2780.2900,4994.0700,3022.0200,5116.7100,2126.8100,3858.4700,1732.3100,2423.5300,5853.9600,2371.6900,2121.4000,5133.0900,2106.8300,2471.3500,2776.7000,2455.4900,4890.4300,3214.4500,2108.2900,2165.6300
2010-11-23,2494.6400,5921.9400,2476.6600,2699.7100,4758.5300,2989.0000,5039.3600,2102.0800,3786.7100,1722.1100,2366.1400,5919.5700,2329.9000,2082.6700,5112.4700,2076.3600,2398.6800,2711.3800,2427.8200,4787.2300,3250.9900,2074.7300,2136.9700
2010-11-24,2549.4300,5997.0100,2523.5800,2742.2600,4890.0200,3056.9300,5226.8200,2159.2100,3909.3200,1754.2000,2437.5300,6146.5500,2394.8200,2132.2500,5323.8700,2118.1200,2443.2300,2759.1900,2386.6200,4846.2600,3298.6300,2112.7200,2185.4500
2010-11-25,2567.7700,6105.5800,2559.9200,2787.7900,4965.0800,3108.3200,5297.4300,2140.1200,3957.9500,1754.1300,2477.5300,6156.6500,2421.2200,2164.5800,5302.7200,2143.9800,2485.9700,2834.7400,2405.2800,4945.6000,3339.1000,2126.4900,2211.0900
2010-11-26,2554.5700,6059.1500,2551.3100,2761.9000,4857.5200,3084.6100,5294.7800,2135.1500,3905.9000,1727.0500,2450.8100,6275.7900,2414.5700,2158.3700,5286.4000,2132.3100,2456.1400,2778.5700,2376.4400,4894.7200,3298.0600,2112.0500,2209.2500
2010-11-29,2539.9700,6008.1500,2557.7000,2749.4000,4716.4600,3097.3400,5375.5400,2146.6000,3921.9400,1726.6400,2445.5200,6444.5500,2440.5200,2159.6700,5381.0800,2130.8200,2459.9800,2767.3000,2368.6500,4870.2800,3281.4100,2118.5500,2212.0500
2010-11-30,2483.5200,6020.8000,2510.6600,2703.0000,4765.3900,3099.7200,5244.9400,2081.7400,3844.5500,1675.1300,2398.4100,6196.1000,2363.7800,2079.8800,5208.8500,2081.2200,2392.0900,2713.4300,2324.2800,4755.3500,3182.0400,2071.2100,2136.7200
2010-12-01,2497.5600,5983.2800,2508.2700,2706.7400,4795.3400,3077.0600,5230.2900,2082.6700,3806.9100,1676.6500,2428.9600,6171.0800,2360.2000,2089.2400,5137.8700,2119.2100,2396.2300,2726.7100,2338.3300,4742.3400,3166.0300,2070.6800,2128.4000
2010-12-02,2525.2000,6047.7800,2522.0000,2714.5600,4857.7200,3098.0600,5246.9300,2089.0600,3821.3300,1695.2200,2422.7500,6122.0400,2374.6100,2107.1600,5118.8900,2120.5400,2413.7300,2743.7000,2366.5500,4763.3500,3201.0500,2072.1600,2136.4300
2010-12-03,2519.4900,6086.0600,2508.9600,2721.1500,4855.6500,3074.3600,5221.3200,2062.1400,3786.9100,1679.6700,2412.3900,6124.7400,2362.8500,2099.1600,5041.9700,2112.8500,2421.4400,2782.8300,2370.9300,4742.0700,3181.6400,2055.8400,2127.8900
2010-12-06,2477.1500,6292.7500,2514.7900,2714.7400,4872.7200,3088.2400,5132.7500,2009.9600,3742.8800,1650.4600,2391.9500,5991.7700,2336.0700,2075.0200,4973.8500,2090.3800,2416.2200,2765.3800,2398.8600,4694.3100,3136.3600,2019.8900,2094.7300
2010-12-07,2502.2400,6327.3900,2523.0700,2736.0200,4984.9100,3133.0300,5198.3600,2056.9000,3786.1300,1679.0000,2421.4500,6117.1800,2358.2200,2099.5800,5050.4900,2101.0200,2422.2700,2809.1800,2399.2600,4744.5500,3184.7700,2037.4100,2119.2900
2010-12-08,2475.2500,6218.8300,2503.5000,2723.2100,4918.0700,3132.7400,5244.4600,2059.2300,3784.8800,1677.6800,2402.3300,6136.9300,2340.1700,2080.0700,5045.2400,2086.6800,2409.2100,2774.6800,2361.3300,4751.5100,3198.4500,2031.3300,2108.1500
2010-12-09,2411.7800,6110.3700,2451.7100,2730.3100,4829.4200,3104.2400,5179.6000,2044.8700,3699.1000,1659.9700,2352.9200,6019.4900,2300.9100,2025.7300,4945.0200,2059.9500,2378.0200,2692.3100,2339.4900,4649.7400,3133.9300,2009.5800,2050.9100
2010-12-10,2421.8200,6167.0700,2477.6600,2746.1600,4940.9700,3150.1800,5254.2400,2085.9000,3719.3600,1696.9400,2359.2600,6037.0400,2326.7300,2047.0400,5004.3400,2084.6400,2394.1400,2700.3000,2363.2000,4718.6700,3198.7600,2057.1700,2077.5200
2010-12-13,2493.1000,6445.3700,2550.9700,2824.8200,5188.4700,3283.8700,5435.9300,2147.9500,3896.0100,1750.6800,2455.4700,6126.4600,2384.8200,2094.9300,5106.9800,2139.9600,2457.9200,2776.9700,2398.3700,4835.1000,3274.0200,2149.5600,2121.3900
2010-12-14,2608.7600,6402.4700,2556.9900,2831.6300,5222.0100,3345.0300,5509.1500,2171.7000,3929.2200,1775.2900,2496.9600,6154.1800,2402.6500,2108.4800,5102.9000,2153.3800,2471.4400,2802.7200,2388.9800,4850.0200,3305.9900,2190.2800,2155.1500
2010-12-15,2606.7700,6391.1500,2558.5200,2804.8300,5148.5200,3289.0500,5457.7000,2162.6400,3888.2500,1747.3600,2482.2600,6166.7200,2416.3900,2106.7700,5126.7500,2152.2000,2458.4500,2783.0100,2371.6000,4821.6900,3261.1500,2173.2100,2150.4400
2010-12-16,2601.7700,6382.7800,2546.8200,2797.9300,5068.2800,3274.6100,5436.8100,2164.8800,3859.5200,1754.3900,2476.6000,6227.7800,2403.0800,2105.2400,5137.2900,2145.5500,2442.7300,2810.2100,2353.1800,4794.4200,3262.2800,2180.3600,2152.9000
2010-12-17,2607.8800,6313.8800,2546.4900,2829.1900,5111.1000,3281.0400,5457.5800,2175.1400,3869.7200,1746.6200,2489.1900,6172.7000,2411.9400,2104.0500,5124.9800,2142.4400,2454.4000,2800.3600,2345.9300,4814.2600,3300.1300,2165.8600,2160.3400
2010-12-20,2671.9200,6186.0100,2513.0200,2794.0500,5049.7800,3243.0800,5412.3900,2148.2100,3858.8600,1722.5600,2490.9100,5990.5300,2358.5700,2068.0100,5019.7900,2107.7500,2401.8700,2761.8000,2311.2800,4775.1700,3216.6200,2159.6300,2134.9500
2010-12-21,2664.8000,6362.4500,2550.6000,2853.7900,5129.6700,3325.0700,5473.3300,2166.0600,3879.2000,1743.6300,2523.4500,5946.1100,2389.2900,2094.1000,5010.1000,2135.6400,2441.8500,2932.8100,2355.6800,4818.8900,3244.4200,2177.3600,2156.3000
2010-12-22,2626.4700,6300.7300,2547.0400,2870.8800,5116.2700,3304.9700,5406.4300,2149.2000,3864.3500,1728.1500,2500.2500,5880.0000,2367.3300,2084.7500,4963.3800,2123.2000,2444.4700,2898.8700,2323.5800,4757.2200,3227.3300,2149.1200,2130.2400
2010-12-23,2551.4900,6289.0900,2505.9200,2837.8700,5039.6300,3222.7000,5284.8000,2094.5000,3798.0600,1682.8700,2457.2200,5846.8100,2336.6000,2050.9900,4893.1300,2092.5200,2424.5500,2873.1900,2327.3600,4672.3800,3168.4900,2117.3300,2103.2700
2010-12-24,2486.5700,6255.9900,2480.8700,2814.8600,4953.7000,3146.8300,5179.0500,2058.9100,3705.7700,1642.5100,2436.3700,5757.5500,2304.3400,2018.0400,4818.8600,2069.7500,2406.8500,2903.7600,2329.9300,4639.3500,3110.1300,2088.2100,2073.5500
2010-12-27,2420.0800,6177.5400,2429.4700,2746.0900,4825.9300,3100.2800,5059.9900,2000.2000,3587.2800,1585.8400,2364.7400,5624.9300,2247.4300,1967.0700,4670.0400,2027.7200,2359.4300,2820.1100,2300.2000,4520.0300,3028.9800,2011.7900,2025.7800
2010-12-28,2373.3900,6082.8400,2389.9700,2692.7000,4744.1300,3043.5400,4952.2900,1945.6800,3488.7500,1557.0400,2338.3800,5637.7700,2186.5400,1921.6600,4603.3700,1986.4600,2309.3400,2704.9200,2269.1900,4411.3500,2959.4300,1975.9600,1988.8400
2010-12-29,2409.7000,6061.7600,2411.0100,2712.0000,4781.8000,3087.4100,5050.3300,2005.8200,3552.9100,1594.0700,2377.8000,5714.7000,2216.3800,1952.1400,4697.3400,1998.7600,2330.1900,2729.2400,2270.7300,4490.1700,3022.7300,2006.4800,2017.4500
2010-12-30,2410.5700,6099.4400,2414.7800,2715.4400,4875.4400,3113.9900,5091.0800,2023.4000,3526.5400,1603.9700,2398.3200,5658.1900,2224.6200,1959.4800,4753.1700,1991.9200,2346.6700,2691.7700,2277.9200,4491.0300,3008.0800,2007.9600,2008.5800
2010-12-31,2470.2100,6207.3000,2453.6400,2741.5700,5154.0400,3191.4900,5207.8000,2071.0100,3592.7100,1638.1800,2448.4600,5763.6300,2272.3500,1987.9000,4842.0000,2024.6100,2380.6300,2732.0100,2295.8400,4599.7000,3063.6500,2043.7500,2046.7800
2011-01-04,2519.2800,6375.8000,2487.0900,2818.0300,5284.4700,3269.3700,5272.5900,2103.1100,3693.7200,1647.0500,2459.9600,5794.3900,2310.3100,2014.3300,4874.0000,2046.6400,2412.4800,2871.1800,2332.4100,4631.0200,3091.3600,2056.2900,2074.2200
2011-01-05,2504.7100,6480.9100,2493.3100,2797.6500,5170.2900,3281.2200,5344.5200,2095.1300,3719.0600,1638.6600,2443.2000,5683.7800,2318.3900,2016.9900,4883.0700,2051.5800,2417.2700,2870.0000,2308.1900,4602.1000,3061.8700,2063.0800,2083.0600
2011-01-06,2478.6700,6390.0400,2489.0100,2802.1700,5172.5800,3272.7400,5300.6600,2080.6200,3710.3200,1632.6900,2456.5300,5625.1800,2313.2500,2006.9100,4848.4900,2053.7500,2401.4800,2885.9500,2287.7200,4628.0900,3030.6600,2036.9800,2074.3000
2011-01-07,2458.9200,6252.3800,2469.8000,2806.0100,5043.6900,3252.8600,5249.9800,2073.7800,3714.0400,1633.0700,2434.3600,5626.3300,2311.3100,1996.9800,4824.9100,2043.5500,2408.1400,2899.8100,2339.8900,4608.2000,3046.1000,2027.5600,2078.6300
2011-01-10,2403.1400,6169.4400,2416.0500,2770.5400,4939.0700,3182.5000,5129.8800,2008.8000,3639.2200,1590.9300,2390.8600,5469.4500,2254.2700,1945.6100,4658.8300,2006.8500,2361.2800,2832.0600,2297.5100,4501.0700,2981.3400,1974.5100,2044.8100
2011-01-11,2373.8000,6189.2300,2405.3800,2783.9100,4944.5200,3172.7400,5073.0900,1984.7900,3597.2900,1579.0500,2391.5000,5468.7400,2231.8600,1950.5400,4591.0600,2006.2500,2383.7100,2906.5900,2323.0300,4479.7500,2960.4700,1965.3200,2041.8300
2011-01-12,2397.8900,6190.0300,2424.3100,2832.6600,4932.0400,3192.7200,5082.5300,1990.9400,3633.1200,1581.8900,2400.4700,5454.8800,2247.4600,1966.9500,4595.4100,2012.5800,2401.1000,2939.2200,2350.7000,4496.3600,2970.9200,1977.6100,2066.7800
2011-01-13,2394.1100,6200.1300,2433.6300,2819.9200,4891.9500,3175.1700,5069.9600,1993.7600,3633.3500,1583.4900,2410.2600,5564.3500,2244.5300,1966.7500,4642.1300,2007.2900,2415.1200,2900.4100,2342.4200,4504.0400,2975.1200,1981.3300,2058.5800
2011-01-14,2345.0300,5986.6000,2387.9100,2773.3800,4672.3000,3115.8400,4955.0100,1937.9000,3596.0800,1537.8100,2395.4400,5537.5600,2217.7400,1945.7100,4600.1600,1979.9100,2380.3800,2884.2100,2309.0100,4436.9500,2927.9900,1942.6700,2025.2300
2011-01-17,2226.1900,5761.2700,2287.3100,2688.3700,4553.3400,2994.6300,4734.7200,1848.7900,3449.3300,1465.6100,2283.9200,5361.6200,2134.4900,1875.3300,4410.0000,1906.5300,2304.9700,2706.8900,2228.9700,4276.2000,2807.5500,1867.6000,1948.9100
2011-01-18,2231.3500,5721.4000,2288.4100,2688.1800,4568.9000,3009.6200,4739.9000,1851.0500,3454.4300,1472.1100,2302.1600,5467.7000,2134.7000,1892.9100,4434.9100,1904.3300,2305.4300,2697.7200,2233.1700,4317.8900,2810.1900,1870.3800,1954.5200
2011-01-19,2279.8200,5927.5300,2345.4700,2738.1500,4727.8400,3110.4300,4884.1900,1903.1200,3582.2200,1504.5700,2345.9600,5550.5900,2171.1700,1930.3900,4523.0800,1938.0700,2361.8900,2754.4200,2257.4400,4396.0400,2873.9500,1906.7300,1998.3700
2011-01-20,2211.2100,5641.0900,2262.9400,2672.6200,4513.2200,3023.2200,4722.1600,1826.0800,3480.0300,1437.1100,2269.2500,5394.9000,2104.2200,1870.3400,4372.1900,1894.2300,2291.3100,2656.0200,2193.5300,4248.9500,2758.1100,1840.7500,1924.8500
2011-01-21,2220.0900,5675.6300,2281.0600,2713.7500,4499.6700,3097.9200,4790.1700,1846.6800,3568.0500,1443.5200,2283.2600,5356.6700,2124.5500,1878.2900,4339.5900,1914.8000,2332.8100,2714.5700,2230.8500,4252.6100,2768.9100,1854.1500,1938.5600
2011-01-24,2153.4600,5500.5100,2229.6300,2700.4800,4369.5500,3102.6100,4715.4100,1785.2000,3512.4900,1423.8900,2273.8700,5256.5900,2091.4200,1840.4800,4205.5900,1881.4200,2326.3700,2714.3600,2211.3100,4144.7300,2817.4500,1823.1900,1908.8900
2011-01-25,2112.3600,5442.2600,2187.5200,2719.6300,4272.8100,3037.0400,4654.7200,1752.0900,3419.8600,1398.1800,2267.7700,5207.3300,2062.2300,1817.9700,4184.9200,1877.4000,2313.1800,2695.0700,2222.8000,4116.0900,2778.6800,1802.0700,1877.0200
2011-01-26,2152.3900,5522.8800,2220.3200,2747.9500,4320.2300,3114.5800,4764.8200,1802.0300,3504.7600,1428.4900,2289.4200,5253.0200,2090.5200,1840.0900,4237.5400,1904.1300,2356.2500,2721.4500,2236.8000,4197.3000,2806.1700,1831.6800,1906.2300
2011-01-27,2208.9500,5661.9900,2261.4500,2771.7700,4450.0600,3183.7200,4924.3200,1828.5100,3607.4600,1455.9800,2309.8800,5307.7800,2114.6600,1866.4900,4311.2300,1926.3500,2387.8400,2674.4100,2259.9800,4247.9300,2838.9600,1863.7300,1930.5900
2011-01-28,2248.9200,5683.8000,2286.4200,2782.7500,4485.1600,3217.9000,4992.1000,1846.0100,3680.9300,1472.7000,2326.4200,5366.2200,2133.2200,1875.2900,4365.2900,1936.7500,2386.4800,2677.2400,2243.9100,4289.0500,2862.6000,1880.6800,1946.6100
2011-01-31,2289.4100,5755.3800,2322.1600,2832.4800,4590.6400,3298.2000,5086.0100,1856.6100,3772.6000,1493.1800,2344.8200,5439.5200,2154.0400,1897.8700,4397.8500,1981.1200,2409.6700,2679.1700,2257.0800,4339.5800,2905.7800,1898.5000,1979.8700
2011-02-01,2294.7100,5842.2900,2332.1400,2822.7000,4681.4000,3266.5700,5051.2800,1869.1300,3733.1500,1492.8600,2338.8000,5454.2600,2161.6100,1895.1400,4408.3800,1975.6100,2397.0100,2691.6500,2264.3600,4348.7900,2896.3300,1898.2400,1985.6300
2011-02-09,2364.6400,5602.6400,2330.0800,2796.8300,4552.0200,3265.1300,5038.6300,1857.4700,3714.5800,1511.1600,2358.9700,5416.6100,2142.0000,1889.4100,4376.1200,1972.6300,2379.1300,2646.1600,2237.4900,4283.7000,2855.3600,1899.2000,1993.8300
2011-02-10,2440.2600,5751.5500,2393.3400,2850.1200,4655.7100,3290.7300,5158.9500,1912.0500,3821.8400,1551.6300,2491.2000,5585.9300,2197.7200,1933.2800,4540.1600,1999.7500,2425.4100,2703.9800,2273.7200,4384.8500,2915.4700,1945.0700,2048.3600
2011-02-11,2437.9100,5737.9800,2412.9000,2869.9600,4663.0300,3343.6400,5227.6700,1932.9800,3866.0000,1560.9100,2510.2800,5605.8000,2219.6600,1954.7000,4570.7600,2015.8300,2431.8100,2772.9600,2273.1900,4464.2300,2991.1100,1943.7300,2072.7400
2011-02-14,2467.1200,6013.2600,2452.1000,2958.0600,4847.7400,3434.9800,5311.2200,1966.3100,3918.6400,1593.8500,2558.5600,5690.3800,2252.6600,1984.3600,4626.2800,2047.2300,2501.4700,2837.0800,2375.6200,4553.5400,3016.3700,1976.8600,2100.2200
2011-02-15,2475.4800,6014.7200,2448.1700,2951.0200,4964.3500,3454.1900,5309.0800,1964.1600,3925.1400,1587.5200,2567.5300,5682.1000,2259.5600,1989.9400,4626.6800,2050.1400,2505.7500,2827.3700,2358.2600,4527.6500,3016.9000,1973.8700,2097.9200
2011-02-16,2505.0000,6153.6800,2491.1300,3026.0100,5089.7000,3499.6400,5458.7800,2010.4000,3985.0500,1619.6700,2612.7600,5685.1300,2293.5600,2020.1600,4666.5000,2070.4000,2538.6600,2841.1600,2360.2500,4561.3300,3071.1800,1984.4400,2140.3200
2011-02-17,2522.9200,6125.8300,2519.2700,3047.2000,5082.8300,3498.4800,5522.6300,2029.7600,4033.1800,1638.6900,2602.3200,5622.2600,2307.7800,2033.2600,4644.1100,2071.5300,2541.2300,2820.3200,2359.0700,4548.1000,3073.8300,1999.6800,2151.7400
2011-02-18,2463.3500,6000.3100,2491.6900,3004.9000,5039.6400,3469.5200,5437.8500,2005.4600,3973.2100,1607.1500,2539.8000,5695.0000,2296.9900,2010.8300,4625.8600,2054.2800,2515.3700,2815.1100,2348.2000,4493.7300,3042.8000,1978.4600,2127.6600
2011-02-21,2519.0600,6118.6600,2556.6100,3072.3500,5122.8400,3523.2600,5554.8000,2062.2600,4023.8100,1679.6200,2649.6300,5776.0200,2340.8400,2055.9900,4677.5800,2092.5100,2542.1100,2849.7600,2362.0900,4564.4800,3181.5500,2004.2400,2156.9300
2011-02-22,2529.4500,5982.6600,2501.4700,2992.1200,5009.9400,3414.6700,5370.7000,2007.5400,3866.7400,1641.3200,2591.3800,5642.0400,2281.7100,2001.5400,4554.4100,2045.9000,2459.2000,2762.2600,2286.1300,4451.5200,3074.3900,1948.4300,2104.3100
2011-02-23,2518.2200,5975.8400,2542.9800,2986.7800,5087.0600,3397.6700,5421.6700,2046.1600,3877.5300,1669.0100,2601.7300,5656.7300,2310.2900,2048.4900,4633.1000,2062.2900,2465.9500,2793.7600,2285.8100,4500.4500,3095.3300,1970.6000,2148.4700
2011-02-24,2515.5200,6059.3400,2567.5100,2988.0800,5110.9000,3422.5000,5443.3900,2047.9400,3907.6300,1658.3800,2609.8800,5666.5600,2332.9700,2079.0600,4648.5400,2071.2000,2483.8900,2816.2100,2301.9400,4553.2500,3101.5100,1982.4600,2162.4900
2011-02-25,2518.7300,6036.1600,2562.3000,2970.6700,5117.5500,3465.7600,5436.3700,2054.1400,3909.0300,1670.6600,2647.3100,5652.0100,2360.5700,2081.8500,4628.7400,2076.5100,2474.9800,2811.8600,2316.2800,4557.3500,3094.8000,1985.9700,2170.1300
2011-02-28,2551.6400,6132.5800,2593.7400,2995.6500,5150.8600,3526.1600,5555.7300,2077.8900,4004.8300,1699.7000,2773.9700,5671.2500,2385.7600,2112.2000,4654.1600,2091.7900,2505.3800,2836.9700,2334.8800,4634.3500,3178.5200,1999.5500,2226.7400
2011-03-01,2561.6700,6150.5100,2595.0200,3002.0900,5198.5900,3543.5400,5536.4200,2078.9400,3996.5900,1690.7300,2770.2500,5699.6800,2409.7700,2116.6100,4708.9300,2109.8100,2506.7500,2882.4000,2352.4400,4673.5700,3205.7400,2002.2500,2243.7800
2011-03-02,2548.2000,6128.7100,2586.4000,3003.9900,5157.1400,3486.9200,5500.8900,2062.1300,3970.2400,1676.4100,2784.4900,5703.6000,2402.6800,2118.0100,4730.8600,2103.8700,2492.4500,2870.9000,2359.7800,4690.7000,3195.4700,1992.5000,2255.5200
2011-03-03,2478.2700,6016.3400,2534.0100,3001.5600,5061.5400,3450.0700,5390.3800,2017.0200,3928.5500,1644.2700,2728.5400,5610.0500,2359.8000,2091.6000,4610.8700,2080.9900,2474.1600,2852.2200,2387.3500,4650.6300,3156.9300,1963.7700,2218.1400
2011-03-04,2502.3600,6162.6300,2567.2600,3056.4900,5132.1800,3500.8800,5457.3300,2040.2000,3989.2100,1662.1900,2781.4000,5634.1600,2390.8300,2123.5700,4626.6300,2100.6700,2516.1000,2912.1900,2422.4900,4712.4200,3193.0900,1980.5200,2249.3600
2011-03-07,2522.8600,6641.8900,2610.8500,3101.0500,5286.0000,3560.8800,5527.3900,2068.0200,4033.4600,1669.2000,2846.9600,5661.3600,2417.1000,2143.5500,4634.2300,2129.6000,2549.1600,2941.0100,2458.8500,4771.4300,3223.8500,1996.5600,2262.3500
2011-03-08,2520.7700,6612.2600,2615.8700,3100.2500,5319.2000,3553.0100,5543.5700,2081.7200,4045.3200,1684.1100,2845.6900,5680.1600,2440.3800,2173.0900,4653.5300,2136.8400,2551.6600,2966.8500,2454.3600,4807.9200,3238.6400,2006.4400,2279.8600
2011-03-09,2543.4200,6575.7700,2625.0000,3082.2500,5278.1000,3573.4700,5602.6300,2082.7300,4070.7200,1700.8200,2833.8100,5689.0200,2457.5700,2170.2100,4656.6800,2135.0500,2555.4000,2958.2400,2459.2800,4797.1700,3202.8900,2014.7100,2277.8000
2011-03-10,2511.5400,6362.0600,2602.7800,3033.3100,5144.1000,3540.8200,5529.0600,2075.1000,4010.1000,1691.3300,2806.9100,5774.0300,2441.6800,2145.1400,4687.7100,2110.7000,2515.6600,2947.9500,2393.4800,4772.3900,3181.0200,2003.9000,2250.9700
2011-03-11,2491.0800,6292.9200,2597.9600,3015.0100,5121.7200,3503.0200,5519.1600,2077.6400,3972.7300,1684.6100,2795.5500,5745.6300,2446.5500,2142.1900,4698.3500,2097.1100,2499.6000,2908.9500,2365.5700,4774.3800,3154.0100,2001.2700,2240.5200
2011-03-14,2490.0100,6323.9600,2623.1800,3060.5000,5075.9600,3533.7400,5561.1300,2104.6000,3981.8200,1718.6500,2813.4700,5812.5900,2480.2700,2164.1400,4833.8200,2109.1800,2501.4600,2921.3200,2368.6100,4791.1600,3137.9600,2011.8800,2259.1700
2011-03-15,2451.4800,6127.8200,2590.9300,3109.9300,5001.8000,3468.3700,5506.6600,2069.5600,3933.9300,1680.7800,2753.1400,5703.0500,2475.3000,2136.9500,4790.7200,2095.3000,2447.0100,2886.0400,2323.6200,4709.2200,3099.8200,1974.4900,2230.5000
2011-03-16,2474.5800,6262.2700,2632.9900,3179.3900,5191.1900,3512.8800,5557.7700,2103.4700,3955.4900,1714.1200,2823.6200,5789.2100,2504.2300,2161.5400,4782.6600,2112.2600,2469.9700,2904.5700,2351.8400,4766.2000,3118.8400,1999.8600,2260.5100
2011-03-17,2449.3400,6252.3900,2599.4300,3075.4500,5049.0600,3465.6700,5452.5300,2055.7300,3883.6900,1663.1500,2747.8200,5800.0200,2460.1100,2118.5000,4701.7600,2111.4600,2421.6600,2861.1000,2309.6900,4638.4600,3079.1300,1959.8600,2204.4000
2011-03-18,2459.1500,6288.9000,2604.5500,3080.3700,5069.0100,3476.5900,5538.8100,2063.6200,3919.6100,1665.7900,2769.3200,5807.6400,2470.1600,2135.1800,4701.3700,2119.5200,2440.4100,2904.9800,2322.1200,4657.2600,3088.5800,1967.5000,2236.5000
2011-03-21,2436.7600,6305.3400,2581.5600,3055.7500,5063.5900,3466.2900,5509.0600,2045.3200,3919.9400,1648.5200,2757.2000,5745.9800,2458.8200,2119.0500,4621.3400,2102.8400,2430.7400,2925.5500,2321.7700,4642.6700,3120.1100,1954.4900,2240.7500
2011-03-22,2434.9600,6302.2100,2577.0600,3060.0900,5107.1600,3506.6900,5482.9800,2039.9900,3930.4100,1649.6100,2771.7400,5721.4000,2473.8100,2128.0200,4594.4000,2104.4800,2441.5800,2921.0900,2353.3200,4637.4500,3157.4900,1958.7100,2239.4400
2011-03-23,2453.9800,6398.4000,2607.5400,3090.2300,5169.5000,3544.4400,5570.2300,2063.1500,3979.0800,1667.6000,2830.6800,5750.7900,2500.8200,2154.4700,4639.0700,2131.5900,2463.9400,3008.9000,2373.7400,4686.6100,3153.2100,1984.4200,2273.8400
2011-03-24,2460.0900,6359.5700,2628.2200,3072.7000,5139.7100,3564.7300,5565.7900,2057.9400,3967.3700,1667.0900,2822.6800,5718.6900,2519.2100,2156.0200,4669.6700,2128.4300,2456.5200,2999.9300,2363.7000,4672.4600,3139.2600,1984.8400,2290.8000
2011-03-25,2462.5800,6455.5400,2656.3200,3131.3200,5278.7500,3608.0000,5590.8200,2059.6300,3992.7400,1665.4900,2890.5200,5730.0000,2531.5900,2181.0100,4678.9000,2146.1500,2483.5300,3061.5900,2397.3200,4689.5300,3161.7300,1985.8500,2297.9700
2011-03-28,2426.7300,6528.0000,2664.6900,3201.7900,5345.6000,3580.6400,5552.0300,2036.9100,3963.6500,1643.6100,2896.0000,5661.7800,2529.7000,2169.1600,4610.6000,2152.7000,2487.9100,3070.6100,2405.7000,4645.6500,3146.2500,1963.6400,2280.1100
2011-03-29,2381.9800,6464.5600,2617.4300,3201.4800,5213.4600,3542.8000,5399.3500,2008.4500,3898.6200,1606.6300,2823.3400,5590.4900,2485.9900,2111.1600,4510.1500,2125.2200,2463.4300,3062.3600,2417.9300,4558.8400,3089.7800,1926.3300,2259.1100
2011-03-30,2354.6400,6419.1300,2593.5100,3234.9800,5324.3500,3542.3900,5369.4900,1986.5600,3854.8500,1592.6900,2805.5500,5582.0000,2476.9900,2084.8100,4494.6000,2099.7900,2454.2400,3027.8700,2407.5200,4532.6800,3100.4500,1909.3500,2247.9200
2011-03-31,2332.6300,6359.8600,2545.1000,3168.6700,5287.7000,3489.1600,5296.7800,1968.2000,3800.8400,1589.2500,2741.5200,5618.7300,2443.2200,2071.0100,4458.0000,2079.5000,2422.5200,2983.3100,2383.4800,4496.0300,3061.8800,1906.3800,2225.1700
2011-04-01,2355.7600,6567.6400,2579.7500,3212.3100,5302.3000,3516.8200,5379.1700,1983.8500,3825.8200,1600.2500,2764.9200,5616.7700,2473.7900,2097.1200,4488.0100,2101.0500,2450.6400,3049.4000,2445.2300,4541.6500,3124.8600,1925.0900,2248.1500
2011-04-06,2348.0300,6677.2900,2584.5000,3239.9700,5427.8100,3528.7800,5351.5800,1967.1000,3805.2300,1587.5100,2750.0100,5551.9500,2465.9400,2102.0600,4452.8200,2110.6400,2464.7100,3090.4900,2515.5300,4533.5100,3122.3100,1906.2200,2246.6300
2011-04-07,2383.7700,6674.0000,2619.6600,3260.5500,5427.6200,3602.6300,5413.6900,1975.5600,3819.3300,1593.2800,2828.9800,5531.6000,2470.5800,2117.5900,4470.6700,2119.7500,2470.8900,3095.9400,2510.7000,4565.5700,3140.5400,1911.9600,2250.9500
2011-04-08,2402.0800,6716.5600,2658.5000,3328.0400,5517.1700,3619.3000,5473.3600,2007.4300,3883.4100,1614.5700,2851.5400,5580.3200,2495.9400,2153.9300,4554.8000,2148.6200,2477.5100,3099.5800,2516.4300,4602.1300,3150.8200,1943.2500,2279.8000
2011-04-11,2396.6100,6772.2000,2645.1200,3375.7800,5508.2500,3588.6700,5406.1600,1979.1400,3860.1400,1589.3800,2800.3800,5593.7100,2479.5800,2127.9900,4536.3100,2146.3400,2456.1500,3034.5000,2497.4600,4566.9500,3140.2600,1929.8600,2282.9800
2011-04-12,2402.3900,6670.6100,2651.8200,3454.4800,5379.1600,3572.3000,5374.4700,1982.7600,3850.6600,1590.5000,2795.6400,5616.8400,2476.2600,2134.4200,4527.8900,2187.8400,2501.1200,3036.8000,2488.5200,4563.4300,3163.8300,1934.5700,2281.5900
2011-04-13,2420.8600,6762.0600,2675.1600,3442.0000,5353.3600,3596.0400,5423.0700,2004.7200,3876.6600,1614.6900,2835.4700,5666.6700,2504.3600,2155.4600,4612.5300,2195.7100,2526.9400,3078.1200,2550.1800,4636.7000,3241.8500,1958.0300,2290.4000
2011-04-14,2448.4100,6676.0400,2687.5700,3438.2500,5345.7400,3566.4700,5393.5200,1996.0300,3847.4400,1608.2600,2821.1700,5642.1700,2507.8400,2150.0100,4620.5700,2192.3700,2513.8000,3037.1400,2546.2400,4630.9000,3204.6500,1950.4800,2285.8900
2011-04-15,2430.4000,6628.1300,2729.8300,3445.0400,5337.8100,3561.3100,5365.3600,1980.9200,3819.3900,1607.7300,2789.9600,5603.7000,2506.1500,2132.6900,4604.8800,2197.2100,2516.3300,3098.9600,2572.9300,4635.0200,3196.9900,1947.4500,2291.5900
2011-04-18,2440.7500,6646.8500,2768.7900,3488.4000,5298.9500,3536.1500,5351.0200,1974.5400,3814.3200,1608.3300,2764.9100,5575.3600,2539.6400,2149.1500,4633.9300,2208.8800,2523.0000,3141.0400,2570.3400,4652.8900,3259.2400,1942.8500,2312.6900
2011-04-19,2432.6600,6467.0700,2751.5100,3455.7500,5159.2700,3480.8300,5275.1200,1952.4900,3754.3300,1580.0900,2780.2000,5556.6000,2528.1000,2126.4200,4616.3000,2171.5600,2479.9000,3084.4400,2503.8400,4635.5700,3196.5100,1916.8900,2287.4900
2011-04-20,2431.2100,6474.7600,2715.1600,3411.0000,5243.3500,3503.0600,5296.9700,1972.7100,3775.2600,1597.2200,2789.5700,5584.8100,2536.7600,2145.1300,4721.7500,2187.0200,2498.4400,3059.4700,2489.9800,4674.7200,3209.4000,1943.6600,2312.8200
2011-04-21,2425.2200,6606.8400,2717.5000,3523.1100,5297.0100,3555.3900,5331.2500,1983.2400,3801.3400,1598.9900,2810.1100,5576.1600,2544.5700,2182.3700,4708.3000,2195.0900,2510.9400,3074.0500,2504.4500,4700.8000,3211.1100,1957.1800,2331.9500
2011-04-22,2429.5700,6520.6900,2696.3800,3495.2800,5299.6300,3533.1700,5317.9600,1963.6800,3773.8500,1575.9600,2828.9000,5562.6900,2520.4800,2198.1900,4666.5500,2214.7600,2526.3600,3052.5400,2480.7300,4668.1700,3280.1500,1943.7800,2317.8000
2011-04-25,2372.6800,6302.6300,2624.0300,3384.2600,5128.4200,3454.1200,5187.8500,1905.3500,3702.7300,1546.1600,2783.7800,5610.7300,2464.9900,2175.8700,4597.3600,2172.7200,2485.4600,2991.1300,2466.1800,4665.5500,3247.4800,1908.0100,2271.4200
2011-04-26,2330.2600,6287.3900,2584.7000,3313.9300,5039.8400,3426.9300,5091.8300,1869.2700,3659.9700,1522.1800,2726.1000,5551.4600,2416.3900,2117.4100,4540.4800,2149.2200,2458.0700,2981.2400,2461.0600,4630.6500,3113.7600,1876.9200,2225.9800
2011-04-27,2306.9100,6261.4400,2546.0100,3263.1600,4962.5100,3425.8000,5029.7900,1839.6400,3594.0200,1505.9300,2723.6100,5539.6300,2392.9700,2116.9900,4484.6200,2144.5800,2444.3300,2915.4800,2458.3200,4581.2400,3106.4000,1859.4000,2217.7400
2011-04-28,2240.5400,6188.8600,2470.3200,3136.9400,4839.1900,3307.8200,4881.7500,1785.5100,3500.9400,1461.2900,2666.8000,5411.2500,2327.8100,2035.4300,4336.1800,2082.3800,2375.6800,2844.8100,2463.5300,4457.2900,2972.9300,1809.4800,2152.3000
2011-04-29,2263.5100,6313.1200,2518.7700,3207.5100,4938.7300,3352.2900,4956.3300,1814.2900,3549.1700,1479.2600,2709.6000,5507.1400,2359.5300,2067.9900,4390.6500,2157.4700,2414.3100,2893.8300,2445.6000,4501.7600,2984.0600,1829.2000,2173.3600
2011-05-03,2298.4900,6315.7100,2580.7600,3268.7400,4915.8700,3399.0500,5021.9500,1840.6000,3568.8200,1500.2600,2740.2700,5608.9600,2403.1700,2097.0600,4460.3700,2190.3000,2447.4600,2914.9100,2448.3200,4551.4500,3015.5800,1853.3000,2213.4700
2011-05-04,2246.1500,6024.2100,2506.8000,3208.6900,4776.0600,3322.2200,4905.4900,1804.1700,3472.5500,1456.4100,2683.6000,5554.1300,2364.2800,2051.8500,4412.5300,2148.6800,2423.5700,2854.9300,2383.2400,4464.4700,2954.9100,1815.8400,2170.6000
2011-05-05,2253.9100,5967.8400,2504.6900,3274.4000,4723.4400,3297.5500,4879.3400,1811.9600,3460.3800,1468.5100,2690.8000,5617.8200,2376.1100,2057.4800,4456.8800,2146.7000,2429.8900,2892.0900,2380.0700,4514.2300,2961.1600,1827.1700,2172.7500
2011-05-06,2248.9800,5854.0000,2520.1900,3218.6800,4704.2500,3315.5900,4886.6600,1829.9000,3475.0900,1489.0900,2740.2700,5646.4000,2389.3300,2051.3700,4509.3900,2177.4700,2442.7500,2891.1700,2362.5700,4556.8900,2964.7000,1838.4100,2174.4500
2011-05-09,2272.1200,5887.7300,2528.3400,3230.2800,4741.6000,3347.4400,4956.5400,1844.3000,3519.3900,1501.6100,2781.2700,5617.0000,2404.3900,2068.5100,4531.5100,2195.9200,2443.1000,2898.0100,2356.3200,4580.8200,2965.1200,1849.7400,2202.4500
2011-05-10,2290.7000,5980.6500,2570.1800,3239.4100,4844.0000,3360.0300,4969.1900,1850.9600,3533.0900,1505.8200,2791.7900,5609.1400,2422.1300,2083.6600,4519.8300,2231.2000,2441.4900,2912.7300,2382.9200,4596.6500,2968.9500,1858.0300,2212.5800
2011-05-11,2295.2800,5965.2600,2580.2200,3204.2100,4809.0900,3380.8200,4971.3400,1857.1100,3513.1800,1515.6300,2785.1800,5628.1200,2438.7300,2109.2900,4525.1300,2214.4600,2451.3400,2926.9000,2368.5200,4592.2600,2982.7300,1860.7800,2230.5000
2011-05-12,2253.6000,5866.4900,2550.2700,3106.0900,4657.3400,3326.5100,4864.9200,1830.0700,3454.7100,1478.5300,2773.4500,5643.3300,2394.7400,2080.3200,4472.5700,2216.4200,2415.7400,2909.7400,2344.0300,4537.6700,2959.8400,1832.5000,2200.9900
2011-05-13,2269.1100,5995.2600,2561.7500,3107.8600,4748.1900,3319.8000,4894.4900,1849.0400,3476.8000,1498.8200,2759.0000,5636.6000,2424.8700,2094.7900,4483.1800,2216.3100,2429.1300,2952.3700,2373.1200,4585.4200,2990.6800,1838.6800,2233.0400
2011-05-16,2263.0700,5933.3900,2570.3400,3035.7100,4671.6800,3280.0800,4880.7100,1849.0900,3462.9500,1499.2900,2763.8300,5639.5900,2434.6200,2081.8100,4466.3100,2210.5100,2413.4200,2973.4300,2341.1500,4555.6200,2981.3000,1843.2500,2245.4400
2011-05-17,2275.2000,6072.2000,2525.6400,3043.9900,4693.1500,3281.9400,4895.6100,1840.4300,3486.4500,1489.2500,2766.2500,5619.4400,2414.1200,2064.7500,4447.2700,2174.0000,2407.4900,2965.7800,2359.4500,4523.5700,2949.7900,1838.3100,2223.2100
2011-05-18,2293.0400,6100.4700,2540.8300,3086.2800,4706.9400,3309.6200,4899.3700,1848.4800,3509.5900,1502.0500,2784.2800,5719.3400,2425.4400,2076.6500,4474.4900,2183.9400,2417.4600,2981.3500,2383.3800,4548.4300,2993.1900,1844.3000,2232.4300
2011-05-19,2283.1300,6042.4200,2534.4000,3063.4500,4686.5300,3266.7500,4872.9700,1832.4900,3489.8300,1498.5300,2765.2400,5748.2900,2434.0300,2068.9800,4467.4800,2161.0100,2397.4100,2939.2400,2373.5000,4548.5100,2968.8300,1834.1800,2221.2300
2011-05-20,2270.7200,6047.5700,2538.1000,3052.0300,4748.9800,3234.0400,4839.2700,1831.6900,3467.2800,1481.8300,2791.2800,5740.8000,2418.2700,2065.8900,4465.2800,2140.5700,2382.3800,2929.5800,2381.2300,4549.5800,2947.4900,1831.2900,2222.8000
2011-05-23,2208.1900,5841.1400,2432.1200,2923.1900,4590.6100,3143.5100,4653.4200,1768.3800,3359.4000,1428.6200,2675.4800,5568.8400,2326.5600,1986.8800,4309.9300,2067.7700,2292.5300,2822.8300,2311.4400,4388.6300,2815.1300,1773.7500,2136.9400
2011-05-24,2197.0000,5866.1600,2439.7900,2949.0900,4670.1400,3162.9100,4644.2800,1759.2300,3343.4800,1424.1300,2652.0500,5535.7000,2337.1900,1985.1600,4283.4000,2074.4000,2291.2300,2824.6900,2307.6700,4396.3300,2789.8500,1781.8300,2127.8600
2011-05-25,2195.7800,5861.7300,2414.5000,2916.6800,4617.5300,3119.6600,4588.3400,1725.1400,3315.6100,1398.6800,2618.0300,5536.6300,2306.0300,1963.3300,4224.6200,2041.0200,2254.0500,2789.3600,2274.8600,4324.1100,2752.0700,1757.9600,2108.5300
2011-05-26,2220.5100,5819.5800,2408.1200,2877.0200,4595.9000,3072.2900,4532.0300,1710.6300,3280.1000,1389.9800,2570.6300,5552.0800,2286.7000,1933.3700,4149.9100,2026.3800,2246.0100,2774.0800,2283.5700,4268.9700,2729.1400,1736.8000,2117.4800
2011-05-27,2158.6800,5847.4500,2327.1600,2847.4900,4483.3900,3019.2300,4444.8100,1669.1500,3217.1300,1365.3300,2526.5700,5414.0000,2218.7800,1865.6400,4060.9300,1959.6300,2220.2800,2727.3900,2291.3100,4155.7600,2674.5400,1713.3300,2034.1200
2011-05-30,2146.2600,5761.4900,2289.9700,2822.6900,4420.8500,3016.5600,4398.9700,1632.1300,3177.2400,1336.6200,2508.9100,5480.0000,2158.4200,1831.8600,4025.5400,1940.2400,2199.9500,2652.1200,2298.4600,4118.9000,2606.0300,1699.0600,1987.4400
2011-05-31,2174.5400,5910.1800,2332.2800,2902.0400,4523.1000,3065.6300,4534.8400,1669.2300,3241.1200,1359.5000,2557.4600,5514.3200,2200.5100,1880.4200,4101.3500,1979.0200,2235.0800,2680.5700,2327.8500,4196.3400,2660.7500,1723.0800,2030.7600
2011-06-01,2213.5700,5921.3900,2361.6800,2906.0500,4547.5700,3095.3700,4555.7200,1693.1100,3288.2100,1371.8300,2565.5500,5609.3100,2233.0700,1899.4800,4127.1800,1987.3100,2245.2200,2693.0100,2309.4400,4222.3500,2683.4700,1736.3500,2062.6000
2011-06-02,2181.1700,5913.4900,2323.8700,2933.6200,4538.8000,3057.5300,4494.9500,1666.2300,3238.5800,1349.9000,2522.9700,5541.0200,2199.5000,1866.9100,4077.6700,1953.4800,2210.8300,2643.7300,2241.3000,4158.6300,2654.8100,1715.2700,2038.9800
2011-06-03,2208.3000,5946.0200,2358.0600,2960.8100,4595.2900,3104.6700,4577.6500,1700.2500,3287.0800,1376.1000,2559.4200,5651.0600,2230.4300,1893.2900,4156.1800,1982.9900,2237.9000,2690.4700,2253.5800,4215.6400,2687.7200,1737.9200,2066.9500
2011-06-07,2215.7100,5973.2700,2386.3600,3013.6900,4719.8100,3094.2700,4604.3500,1709.9100,3311.0800,1388.8600,2589.3400,5644.5200,2255.5700,1912.0200,4205.0000,1995.5500,2244.1100,2710.7600,2260.2900,4275.5300,2716.3400,1748.0700,2087.9800
2011-06-08,2236.8300,5948.5100,2397.6000,3014.3300,4748.2500,3097.6400,4620.4900,1717.3400,3340.0900,1389.7100,2625.9500,5688.1400,2272.4200,1927.8500,4198.1700,2005.9100,2247.8800,2771.7800,2245.5500,4270.2900,2736.7400,1749.2100,2107.1400
2011-06-09,2173.3100,5847.7200,2336.6000,2934.5900,4665.4300,3022.0000,4512.7700,1671.8300,3278.3900,1362.6700,2580.5600,5560.0600,2224.8100,1881.6900,4121.0000,1965.3200,2213.1600,2701.6600,2209.6900,4195.9900,2673.3200,1723.5100,2055.0300
2011-06-10,2172.4800,5822.2600,2349.7900,2928.7800,4628.0100,3027.4700,4527.6700,1678.5800,3317.1900,1362.8400,2558.5100,5626.3300,2236.6300,1883.6300,4128.3600,1965.9400,2212.5400,2729.1800,2216.3700,4190.7100,2682.3600,1725.1600,2057.6200
2011-06-13,2148.3800,5790.7300,2361.2800,2929.6000,4673.0500,3016.9700,4528.0300,1685.3000,3317.3700,1355.6900,2553.9300,5556.5100,2218.9600,1880.6300,4101.2500,1954.2900,2193.0700,2717.3800,2207.9300,4179.7300,2664.9300,1728.7000,2078.3500
2011-06-14,2178.7000,5900.3200,2401.5300,2971.7800,4731.1200,3126.9500,4593.8100,1710.2200,3363.4900,1380.0100,2607.8000,5595.9700,2250.0800,1907.7400,4137.0900,1975.6100,2212.2200,2801.5600,2228.8000,4224.9700,2694.6200,1741.1200,2105.9800
2011-06-15,2173.3700,5871.0700,2389.9400,2965.5400,4672.8400,3092.6500,4538.6400,1695.5800,3318.9100,1369.1700,2563.9300,5564.1000,2236.1900,1898.9400,4094.9300,1955.4100,2194.9200,2770.1600,2198.8500,4183.6600,2668.4200,1730.9200,2090.6600
2011-06-16,2125.5000,5750.3800,2333.0000,2921.2800,4586.0300,3049.9800,4442.8500,1665.4700,3259.8100,1334.7000,2533.6400,5485.7100,2185.9200,1857.4300,4003.7500,1908.6300,2157.2200,2718.7800,2172.6800,4096.6500,2596.5900,1693.5400,2039.2100
2011-06-17,2094.3000,5713.0900,2304.1000,2859.9100,4431.0200,3040.6100,4383.6600,1638.3600,3231.3900,1319.5700,2507.7800,5459.3300,2151.9900,1837.9400,3949.2600,1883.3000,2135.5300,2711.5200,2157.0600,4058.5800,2547.2600,1669.6500,2015.4900
2011-06-20,2049.9000,5739.5200,2277.1500,2827.6400,4380.7400,3028.9800,4325.5300,1609.8800,3191.7500,1285.8400,2485.1000,5388.0600,2116.6600,1814.7900,3889.8600,1866.4200,2105.1400,2716.4500,2156.1700,4001.7600,2514.2500,1636.0100,1992.5700
2011-06-21,2068.0100,5906.6900,2307.4700,2857.0700,4414.7100,3086.3500,4388.2000,1633.3300,3246.5100,1297.0900,2552.9500,5433.3000,2146.4600,1829.7100,3923.7600,1886.1300,2120.7400,2759.6100,2172.8600,4045.5000,2559.6000,1645.1200,2019.7600
2011-06-22,2062.3000,5875.4700,2301.8600,2857.3300,4399.6400,3082.9000,4386.2500,1632.5500,3239.5700,1293.2700,2563.9900,5507.5000,2144.5300,1826.0100,3920.8800,1877.8000,2117.6300,2748.3100,2173.0700,4053.2200,2554.7000,1636.3800,2018.0600
2011-06-23,2085.9700,5987.1100,2345.6900,2902.3200,4471.0700,3189.4400,4493.6500,1662.4600,3300.7400,1327.1200,2612.9600,5587.4700,2180.4900,1861.5800,3996.4200,1895.7000,2142.9900,2784.6000,2206.3200,4115.1100,2597.9400,1664.0000,2047.6800
2011-06-24,2142.9100,6034.2200,2401.8400,2972.9400,4572.2200,3246.8600,4606.3900,1708.6600,3405.9700,1359.7600,2687.5700,5636.8000,2229.4100,1901.6700,4090.6300,1935.9400,2200.8200,2829.8400,2281.6900,4210.2300,2658.8000,1701.1000,2084.4600
2011-06-27,2187.8200,6088.1800,2439.3400,2977.6500,4594.0700,3264.4500,4668.6500,1739.9300,3469.1700,1374.8200,2692.5100,5665.3900,2255.1400,1915.0500,4125.3800,1949.0900,2207.0400,2841.5300,2277.0000,4230.8600,2699.0900,1720.2100,2117.7800
2011-06-28,2183.9900,6097.0500,2435.8600,2975.0900,4666.2200,3295.3500,4682.0700,1741.4600,3454.4400,1383.8300,2705.3600,5724.0100,2254.3600,1920.5100,4145.4200,1953.0800,2209.4400,2855.7900,2268.1200,4231.1100,2688.0400,1724.6500,2119.5700
2011-06-29,2154.0000,6014.2800,2412.6500,2935.5200,4582.8100,3246.5700,4619.6300,1718.1400,3426.3500,1372.4900,2676.8900,5671.5200,2235.6400,1898.4600,4113.8000,1930.7000,2176.1000,2817.1600,2229.3700,4172.1600,2643.5100,1708.2900,2078.5400
2011-06-30,2183.3100,6139.8000,2451.7900,2981.0600,4672.9000,3293.2600,4679.4800,1747.0600,3467.0200,1392.9800,2706.5300,5715.0500,2266.7300,1925.1200,4160.0700,1950.6900,2202.0600,2868.0000,2260.2200,4234.8000,2696.1600,1731.1800,2121.7900
2011-07-01,2199.5700,6285.8100,2460.2200,2974.7400,4698.1400,3291.0700,4695.6600,1756.8900,3461.8700,1394.7900,2701.0700,5743.2600,2285.9800,1937.9000,4182.4000,1952.3800,2203.8700,2911.4800,2248.6900,4257.7900,2708.5200,1732.3900,2148.0200
2011-07-04,2262.8800,6387.1400,2521.6100,3043.0000,4895.1400,3367.8500,4814.6100,1800.7200,3572.5100,1422.1600,2749.5100,5826.1500,2344.1100,1977.6100,4269.3200,1993.2300,2245.0100,2957.1800,2305.6200,4346.8600,2773.3300,1765.1300,2193.6000
2011-07-05,2276.7500,6382.1300,2549.4600,3079.3600,4902.8100,3384.7100,4844.5700,1808.3700,3589.6400,1426.9800,2738.5700,5830.5600,2359.5700,1988.9500,4305.2400,2002.9900,2254.9900,2970.5900,2295.2800,4362.3000,2794.5400,1769.8700,2215.6300
2011-07-06,2282.4800,6340.4300,2552.2300,3060.7800,4937.4900,3390.5700,4848.9000,1831.1400,3591.0000,1436.3700,2725.9300,5887.4600,2362.1600,2002.0400,4327.0600,2014.1500,2258.4700,2951.7700,2275.7200,4364.9800,2798.4500,1783.2500,2207.1400
2011-07-07,2292.0800,6319.4900,2551.9100,3036.5300,4887.0700,3346.4800,4838.8400,1833.1600,3562.2800,1438.1800,2708.0800,5951.7500,2360.1400,2001.0500,4339.5000,2009.8700,2259.7400,2944.1600,2268.3700,4387.3400,2800.0200,1797.7900,2200.0800
2011-07-08,2295.9100,6342.0300,2549.4000,3052.0400,4876.6500,3330.9200,4827.7900,1827.7700,3557.3200,1437.3000,2715.2100,5938.8100,2370.1300,2003.3900,4329.7400,2009.7200,2251.8600,2956.2800,2285.7300,4369.9800,2805.7900,1796.4300,2195.2700
2011-07-11,2313.8700,6305.2000,2562.3400,3057.9400,4903.6200,3365.3800,4868.7500,1844.5300,3593.4000,1438.5000,2733.0400,6040.2400,2391.0900,2018.1700,4383.8000,2024.2400,2268.8200,2952.8100,2273.1100,4412.8900,2827.2000,1812.4500,2213.8200
2011-07-12,2303.1600,6154.7200,2525.1200,3035.9100,4791.6600,3330.9800,4780.8000,1818.0100,3518.2200,1418.7100,2722.3000,5991.8400,2354.7800,1981.9500,4324.9100,1989.6800,2238.2900,2880.7100,2226.1700,4363.0200,2781.5700,1783.9800,2170.5400
2011-07-13,2355.1200,6265.6000,2576.8500,3075.7200,4934.7600,3393.6400,4873.4000,1857.9700,3564.2000,1442.7500,2793.0800,6070.7900,2403.9600,2024.4900,4402.4900,2020.0300,2264.2300,2924.4100,2261.0700,4439.9400,2826.8000,1811.5700,2205.2200
2011-07-14,2384.1800,6356.8800,2595.3700,3080.4100,5030.7200,3424.0300,4917.1500,1872.3700,3577.0000,1454.1100,2794.0700,6034.7700,2430.8900,2042.4800,4447.8300,2028.9900,2269.9700,2927.3900,2260.3700,4457.5400,2869.7900,1827.2800,2237.9700
2011-07-15,2390.6300,6371.8500,2607.6800,3136.4100,5063.6200,3433.1400,4934.4700,1870.1500,3588.6500,1473.2000,2782.2500,6064.3500,2447.5300,2073.9800,4585.6600,2036.3500,2273.6900,2893.4000,2271.8400,4495.5200,2899.3900,1856.8900,2238.4900
2011-07-18,2400.2800,6335.7600,2601.8300,3121.7100,5035.7400,3382.3400,4935.1000,1877.8900,3611.0900,1484.3300,2776.0200,6126.4100,2449.2300,2080.6900,4586.9400,2048.3700,2268.5400,2904.7100,2259.8200,4543.6600,2892.5900,1848.7700,2245.8600
2011-07-19,2372.1500,6367.3400,2569.2400,3082.4400,5038.6300,3334.3000,4873.2600,1851.7400,3569.0800,1465.1900,2703.3600,6091.9500,2431.5600,2058.6000,4530.1400,2028.6400,2243.0100,2910.8100,2233.1700,4492.5700,2854.1800,1825.7100,2224.8900
2011-07-20,2382.8200,6322.8700,2574.3600,3048.4300,4993.0200,3337.3200,4871.5300,1854.0300,3563.2100,1458.8600,2711.2200,6155.8200,2430.5500,2061.6300,4531.7600,2028.0400,2231.4900,2900.6100,2237.9900,4497.8300,2858.4800,1832.9800,2243.2800
2011-07-21,2353.3500,6227.0200,2533.8800,2993.9700,4881.7600,3307.1900,4816.1500,1827.9500,3518.7100,1435.6900,2673.9700,6211.3100,2400.8700,2047.7900,4491.8900,1999.0300,2208.7300,2863.7400,2212.5600,4470.5900,2843.3100,1809.5200,2213.0100
2011-07-22,2355.8500,6252.7300,2544.5500,2994.9100,4885.9900,3338.2400,4823.5000,1838.2700,3530.3000,1444.3500,2713.8400,6256.1600,2412.6400,2052.2500,4523.1400,2001.1600,2208.8500,2869.3300,2215.4900,4468.9200,2880.9000,1819.7400,2220.1500
2011-07-25,2271.2400,6075.1800,2445.6600,2889.6800,4743.4800,3189.0400,4609.6900,1764.0100,3400.8400,1383.7500,2630.0900,6115.0700,2320.6700,1973.1200,4362.1000,1923.3100,2140.6300,2747.3800,2148.6300,4311.1500,2787.6000,1754.4700,2109.8600
2011-07-26,2277.1200,6099.6900,2458.0500,2914.2800,4810.2100,3177.7200,4616.6000,1776.6800,3422.8500,1386.3200,2652.1900,6097.8700,2331.2800,1989.1100,4380.9000,1923.7300,2181.8200,2756.5100,2153.6900,4323.5100,2794.2900,1750.5100,2122.8000
2011-07-27,2309.6700,6187.2400,2505.4700,2937.4200,4924.8300,3216.7200,4683.3300,1800.7400,3463.2700,1409.3100,2697.3000,6180.7300,2381.1200,2016.0200,4463.2200,1944.9500,2186.5900,2778.8700,2148.5900,4380.9300,2842.5700,1780.8500,2148.9300
2011-07-28,2291.9900,6270.0900,2492.6400,2949.5900,4925.0200,3171.2700,4656.9900,1792.7600,3425.5000,1411.4200,2677.1100,6215.1400,2367.2500,1999.9600,4452.7600,1933.5800,2168.1800,2769.2000,2114.8500,4359.2400,2842.0000,1772.8500,2129.6800
2011-07-29,2268.0700,6153.5100,2466.1600,2924.4000,4809.4800,3147.4000,4608.3700,1778.4700,3369.0800,1394.7300,2642.8600,6180.9900,2344.1400,1990.3800,4391.2100,1923.4500,2144.7200,2778.0000,2155.2800,4308.4200,2837.4500,1761.4600,2104.5500
2011-08-01,2272.8000,6242.0300,2478.8000,2918.6300,4841.7900,3160.5100,4640.8200,1786.4000,3367.9900,1400.3000,2643.9300,6129.1000,2357.3700,1998.0700,4401.0300,1936.6200,2152.4700,2801.9300,2149.5000,4315.8900,2839.9500,1776.4900,2133.0600
2011-08-02,2282.6500,6300.4200,2458.4700,2875.9000,4775.5500,3142.0500,4622.5900,1767.0500,3345.1900,1386.9700,2621.7000,6082.1100,2348.3800,1987.9100,4368.2300,1927.6200,2128.3700,2793.5000,2130.0000,4279.3300,2822.3400,1766.9500,2124.9900
2011-08-03,2305.2800,6287.4800,2458.2200,2888.3000,4800.2600,3161.1400,4625.9600,1771.3100,3344.0300,1389.5800,2593.6600,6148.2500,2352.1500,1991.6200,4375.1000,1927.8400,2118.5300,2805.7300,2125.9900,4289.6100,2813.6100,1773.7400,2127.1400
2011-08-04,2299.9900,6301.5100,2473.0700,2880.6800,4795.6200,3185.0700,4652.2500,1771.7100,3365.8300,1392.1400,2589.5500,6216.3000,2372.6500,1999.3400,4375.2700,1936.0400,2129.7600,2808.4100,2124.6500,4315.3900,2839.1700,1778.0400,2139.1800
2011-08-05,2266.8300,6149.7300,2422.3200,2797.4900,4674.9700,3120.9800,4544.6500,1733.1100,3296.7800,1360.6400,2543.3500,6147.3500,2320.1900,1955.5900,4324.0300,1891.3100,2087.3500,2751.1500,2070.8900,4250.3800,2811.0100,1745.8200,2077.0300
2011-08-08,2192.8400,5853.2200,2291.5000,2657.7600,4534.5200,2963.5200,4314.8400,1639.9300,3150.4500,1292.8400,2436.1500,6002.5400,2199.0100,1856.0800,4168.6000,1803.2500,1974.6600,2648.2800,2004.5800,4115.3100,2669.1900,1671.4400,1964.1800
2011-08-09,2185.4900,5830.9200,2286.8200,2645.4200,4534.9900,2966.7300,4283.7800,1628.5700,3155.6200,1281.0500,2438.3500,6035.4800,2193.1400,1845.8700,4165.4300,1787.0400,1967.5400,2679.2800,2010.2800,4113.9400,2654.4300,1670.7400,1954.7300
2011-08-10,2226.5100,5884.0700,2314.4300,2685.9000,4574.4900,3014.1400,4330.5900,1654.8400,3179.2600,1291.2000,2460.6900,6184.8900,2225.3600,1863.6900,4209.6200,1808.6600,1983.5400,2725.4500,2020.2500,4171.9800,2680.9500,1699.1300,1987.4000
2011-08-11,2274.6300,5958.2900,2345.9800,2700.9400,4625.3800,3028.3200,4378.6200,1676.0400,3195.1200,1292.8900,2495.0200,6396.1600,2279.6800,1910.5200,4328.3500,1832.9100,2028.8400,2775.4500,2057.3900,4264.7000,2800.8600,1723.2400,2026.6600
2011-08-12,2288.3900,5955.6600,2365.2200,2719.4600,4627.6700,3050.9200,4444.1400,1707.4000,3221.5000,1312.0700,2497.8500,6436.7800,2302.6600,1941.5300,4365.9900,1851.6000,2057.1300,2784.1200,2052.0100,4299.0800,2825.7400,1750.4200,2071.2500
2011-08-15,2313.5200,6016.2900,2412.0900,2754.0200,4677.0700,3089.4100,4541.9600,1735.3600,3262.2200,1331.6800,2507.3000,6413.1200,2347.9400,1964.6600,4412.4400,1877.7100,2076.6600,2820.8200,2105.2300,4342.2900,2867.4100,1768.7900,2095.0100
2011-08-16,2291.2700,6031.8000,2398.2500,2742.0900,4667.6600,3075.3600,4500.1700,1722.5200,3226.5800,1324.6100,2490.7600,6363.9000,2332.7000,1950.4300,4359.2300,1870.1800,2055.6400,2788.2000,2093.3400,4300.6300,2838.7200,1751.8400,2085.9800
2011-08-17,2286.4900,5962.7000,2393.0000,2715.1300,4623.4800,3052.7000,4489.0000,1716.9600,3205.5000,1318.1900,2474.7800,6358.4200,2336.0300,1948.4900,4345.6700,1866.0200,2053.8400,2773.1400,2098.7100,4289.5300,2846.5600,1748.6800,2076.9200
2011-08-18,2244.8400,5824.4800,2351.5200,2668.3000,4580.2600,2970.3500,4405.7100,1683.6100,3141.5800,1293.7900,2418.4500,6285.1400,2291.5900,1908.1700,4273.1000,1834.1200,2015.1500,2713.2800,2065.0000,4232.0200,2827.6700,1724.5000,2043.7000
2011-08-19,2210.2400,5707.0600,2325.1300,2632.0200,4532.9300,2915.2100,4354.9400,1669.5100,3107.3400,1280.6500,2396.3500,6308.6200,2269.7800,1894.3000,4263.7200,1817.0000,2005.3400,2704.4900,2043.2100,4206.4800,2827.3500,1718.5600,2020.2100
2011-08-22,2194.4300,5698.7200,2310.8400,2601.4200,4488.4200,2878.4900,4316.2900,1651.7600,3078.9600,1279.1500,2366.5800,6149.4900,2266.2300,1890.6100,4202.5200,1817.6500,1997.5600,2683.9400,2031.8500,4154.4600,2792.3400,1709.6200,2013.6100
2011-08-23,2223.3000,5771.9900,2349.9900,2657.3200,4536.7800,2943.5100,4387.8800,1678.5000,3124.8300,1305.9700,2398.7100,6189.9300,2307.7500,1926.6100,4254.4000,1841.4900,2028.2200,2734.7200,2073.4700,4201.4600,2831.2100,1745.0800,2051.6300
2011-08-24,2208.2300,5738.0200,2348.5100,2636.5300,4497.4700,2936.4800,4379.3300,1687.0100,3119.9000,1313.5400,2399.6200,6230.9200,2308.9000,1916.3400,4261.1400,1838.9300,2015.3100,2711.9400,2060.5300,4185.6300,2860.3700,1756.5700,2041.9100
2011-08-25,2255.0000,5962.4900,2399.6000,2717.3000,4612.6700,3005.4900,4469.3000,1711.2100,3196.9900,1335.7500,2469.0100,6293.5700,2344.8400,1953.5500,4324.9000,1879.8100,2075.7300,2797.8600,2154.2400,4272.4600,2878.6200,1785.5400,2093.5800
2011-08-26,2251.3800,5938.4000,2424.1800,2715.0700,4635.4300,3009.4000,4474.3200,1717.8600,3198.0200,1336.8300,2458.1800,6329.6000,2342.3400,1961.3000,4342.1400,1877.8000,2076.4900,2797.5800,2146.3600,4275.5300,2911.0000,1795.0900,2094.6600
2011-08-29,2274.2400,5852.1000,2415.2300,2670.6800,4561.8700,2958.9300,4414.9400,1709.2900,3145.6300,1326.7800,2414.0800,6375.8300,2324.6700,1948.7300,4337.9900,1854.7600,2043.5100,2745.2800,2088.4100,4237.5200,2929.6200,1787.8000,2074.2500
2011-08-30,2255.6700,5838.4100,2387.4300,2660.5900,4527.4900,2936.3600,4384.6800,1689.2300,3115.0700,1312.0200,2401.5800,6324.4000,2306.6200,1944.9600,4288.2800,1839.6400,2032.3900,2728.9500,2087.2000,4221.4600,2894.2400,1770.0800,2053.7400
2011-08-31,2247.1100,5860.7100,2374.6700,2648.8000,4526.3700,2931.4900,4370.6300,1678.8400,3105.2000,1304.3700,2416.7800,6337.1500,2312.0400,1934.2600,4267.9400,1832.6200,2031.0300,2717.4400,2098.2300,4206.4300,2907.0800,1750.6700,2043.0900
2011-09-01,2221.1800,5821.9200,2358.3600,2635.2900,4483.2600,2913.5200,4344.9700,1673.3200,3091.1700,1308.7900,2406.6500,6240.8700,2311.2500,1914.7300,4226.5900,1820.6000,2013.8100,2702.3500,2104.1500,4186.1600,2906.9400,1744.4800,2025.4600
2011-09-02,2183.2700,5737.1900,2328.3700,2613.0700,4441.2900,2880.9800,4298.6300,1664.1200,3058.0700,1287.9500,2388.9200,6195.2900,2269.3500,1890.5600,4174.3300,1800.4600,1988.1900,2672.7700,2081.3800,4135.4400,2875.8900,1728.2000,1994.8500
2011-09-05,2140.9400,5529.7000,2273.1000,2545.5000,4352.5000,2771.4300,4180.7100,1620.0300,2992.2400,1250.5300,2332.8500,6104.5900,2228.0900,1850.4500,4079.9400,1758.9300,1955.2200,2624.5700,2045.8700,4065.0800,2778.8200,1687.7400,1946.9600
2011-09-06,2131.5500,5497.9700,2259.4300,2529.2100,4352.3800,2726.6100,4136.0400,1597.3400,2948.3600,1236.9300,2279.7900,5998.9400,2220.0100,1833.3700,4038.5000,1754.1700,1954.4300,2613.6200,2042.4000,4025.3600,2774.4100,1676.1500,1938.9400
2011-09-07,2186.0500,5640.1400,2333.0700,2591.9800,4430.1400,2783.3500,4227.7000,1637.7000,3008.2400,1263.2000,2324.9800,6127.2700,2249.4100,1871.3800,4120.8100,1791.0000,1991.7400,2667.6700,2084.4200,4096.5400,2873.8700,1709.1700,1983.1000
2011-09-08,2167.9900,5613.4400,2305.1300,2568.1900,4396.4000,2741.6100,4172.1200,1626.4900,2968.8700,1250.0300,2316.1800,6071.9800,2226.0100,1851.3200,4116.6600,1784.3300,1972.9200,2638.7000,2069.2300,4047.5500,2849.1200,1691.3900,1962.3400
2011-09-09,2173.2400,5606.7000,2294.8500,2558.2200,4384.2000,2716.6800,4148.7100,1612.6600,2961.4400,1241.7000,2307.3300,6024.3800,2204.4900,1841.5700,4072.5100,1776.8400,1973.0800,2626.0800,2078.5600,4022.9300,2826.8400,1679.7400,1965.5300
2011-09-13,2135.6600,5557.4900,2258.7300,2520.8900,4266.1200,2703.3200,4065.1900,1586.9100,2911.2600,1230.4800,2271.4400,5935.7100,2173.4100,1810.4300,4000.0200,1758.1900,1953.9200,2594.7200,2065.5200,3961.6800,2776.4300,1658.8200,1949.0500
2011-09-14,2139.1800,5605.2500,2294.2100,2563.1900,4300.6500,2715.2900,4112.4200,1606.1600,2947.7700,1242.0100,2280.5800,5925.6600,2193.7700,1830.0400,4027.2500,1772.9400,1972.5400,2614.7800,2071.9900,3988.7500,2803.7000,1683.0800,1979.8800
2011-09-15,2141.2000,5576.5000,2294.5300,2567.1100,4292.5200,2720.4700,4112.1300,1607.6900,2963.2700,1249.8900,2277.8700,5942.4400,2194.1700,1835.4900,4027.9800,1774.1200,1968.6100,2621.7300,2060.9100,3994.1600,2795.2500,1693.8900,1985.2800
2011-09-16,2130.7000,5595.2800,2306.6100,2566.6300,4296.3500,2722.8700,4109.3700,1609.1600,2960.7200,1256.0000,2273.8400,5979.8500,2193.4300,1837.0000,4029.9100,1765.8700,1964.8700,2617.3900,2068.6800,3982.8500,2790.6000,1689.6500,1988.0900
2011-09-19,2098.9700,5449.8100,2262.3300,2506.0300,4193.9800,2664.7900,4028.3600,1569.0800,2905.8600,1233.6500,2234.2100,5922.5100,2160.4500,1801.4400,3972.6700,1730.9100,1927.0300,2538.6800,2026.4100,3911.2800,2736.1000,1662.5300,1945.7600
2011-09-20,2104.4200,5488.9600,2278.0600,2524.2600,4208.4000,2672.7000,4051.2900,1578.8800,2932.9100,1235.9900,2232.8900,5905.0100,2171.1600,1809.2500,3981.8300,1734.6500,1934.2300,2536.3600,2045.6800,3900.3100,2751.8200,1664.9400,1956.2400
2011-09-21,2162.3200,5719.7600,2340.3900,2592.4300,4364.0500,2776.6900,4203.4800,1626.1700,3032.9100,1275.8500,2297.9400,6019.4000,2224.0300,1859.9600,4085.4800,1781.9700,1984.3700,2598.8100,2096.8600,3994.8600,2827.4400,1709.2600,2009.7100
2011-09-22,2111.3600,5531.3200,2279.3300,2509.3300,4213.9400,2689.2900,4075.9700,1580.5700,2943.7800,1244.3900,2246.3300,5869.3100,2165.3000,1809.3200,3965.0700,1736.9700,1929.0000,2493.0000,2033.3000,3895.4900,2752.4300,1665.7800,1944.1600
2011-09-23,2091.0700,5554.7300,2253.1600,2485.5500,4153.8800,2698.3300,4042.2600,1566.8200,2928.6900,1237.3800,2234.5400,5755.4000,2151.2400,1788.1400,3933.0900,1728.5500,1919.0100,2470.1700,2024.7200,3847.8100,2724.7900,1665.4100,1925.9400
2011-09-26,2055.0100,5499.2900,2219.2200,2451.9900,4045.1600,2661.4700,3982.4500,1541.6200,2893.7300,1222.1800,2212.9100,5623.9400,2110.9400,1758.2700,3866.9600,1709.3800,1892.4200,2408.2200,1956.8300,3783.9500,2700.2300,1634.1600,1892.2600
2011-09-27,2052.2700,5601.6700,2225.0600,2477.7200,4074.0300,2671.0100,4012.1000,1542.0900,2941.8600,1234.1600,2241.5300,5642.0000,2117.0400,1758.5000,3875.2600,1721.4600,1900.4300,2405.7200,1979.8700,3819.2600,2680.5800,1644.0300,1907.5800
2011-09-28,2012.2400,5572.7200,2174.3500,2447.1600,4031.0500,2646.5100,3967.3600,1520.1100,2899.2800,1217.4400,2226.0800,5569.8500,2078.9500,1733.4900,3821.8500,1690.1500,1871.3200,2360.4600,1956.9600,3767.4700,2630.6900,1618.7900,1868.3800
2011-09-29,1939.1700,5556.5000,2102.9700,2392.3900,3887.9800,2582.1800,3881.5800,1463.8500,2829.0400,1183.3100,2173.0200,5508.1000,2009.1800,1682.0500,3724.5000,1649.9200,1834.1800,2327.6200,1951.7600,3677.2900,2529.1500,1577.8700,1813.9500
2011-09-30,1928.3900,5538.8700,2094.6000,2383.3800,3902.6000,2555.4300,3855.8100,1462.9000,2803.9300,1174.2500,2180.7600,5558.3700,2007.8100,1680.4700,3722.8500,1646.6600,1834.2600,2326.4300,1944.2200,3642.6400,2512.0000,1577.3200,1801.3900
2011-10-10,1918.3200,5493.1500,2080.4600,2364.3900,3868.6100,2535.5700,3836.7000,1458.5300,2758.4100,1163.8200,2172.0200,5500.3600,1992.7100,1677.2300,3720.7000,1640.8200,1834.6900,2282.3500,1931.3000,3586.3700,2483.0400,1579.3000,1799.9200
2011-10-11,1901.7300,5255.2900,2076.9700,2373.5600,3852.0300,2542.7100,3828.3800,1451.4700,2736.3300,1149.2100,2135.8700,5444.4100,1989.6000,1673.6600,3710.9900,1644.7600,1841.9700,2270.5300,1962.3300,3577.2800,2485.4700,1574.3700,1806.1000
2011-10-12,1963.0000,5395.4200,2155.5300,2445.5100,3977.5000,2638.5200,3972.8400,1500.4700,2830.4100,1182.7100,2201.7100,5594.5500,2063.0000,1732.6000,3827.1300,1691.3300,1898.7700,2356.2200,2049.2400,3703.2200,2571.9300,1635.4800,1866.0400
2011-10-13,1991.8100,5418.4900,2181.9700,2482.0300,4032.2100,2693.4200,4010.3100,1527.2200,2863.8200,1200.7000,2228.7600,5655.6500,2079.8600,1748.1700,3876.0500,1709.2500,1921.0700,2379.1200,2049.4400,3735.2300,2604.0600,1662.0000,1893.1200
2011-10-14,1984.9700,5422.8000,2181.2100,2445.7600,4020.3200,2688.5600,3975.0300,1520.4600,2842.7800,1190.2100,2218.6300,5614.8600,2072.2200,1737.4400,3852.0700,1702.7500,1908.2100,2370.9100,2051.1700,3716.7100,2600.8700,1654.8500,1884.9700
2011-10-17,1994.3400,5426.3800,2187.1800,2435.8300,4016.6600,2692.5300,3986.2000,1528.1900,2860.0400,1200.4800,2238.6700,5715.4600,2087.9700,1740.4000,3855.4800,1706.8300,1909.3600,2369.9800,2065.1900,3750.3700,2606.3500,1671.5000,1890.5000
2011-10-18,1953.0000,5246.5400,2109.4200,2346.2100,3841.1500,2601.0400,3850.9600,1477.4600,2789.3900,1168.5000,2190.0000,5648.3200,2034.9400,1684.7900,3752.0200,1659.5300,1861.1900,2292.1800,2010.2800,3649.3800,2547.0900,1639.2000,1831.9500
2011-10-19,1940.7800,5227.1000,2106.6300,2326.8200,3802.9600,2589.3900,3823.6700,1468.0700,2766.5200,1155.2400,2143.0900,5654.4500,2012.5500,1679.8800,3734.1800,1653.1200,1857.0100,2271.8100,2013.8000,3627.0600,2552.2500,1636.2400,1820.3600
2011-10-20,1884.9800,5050.6400,2043.8900,2281.4700,3696.5300,2508.1800,3708.5500,1418.7400,2671.3400,1117.1600,2057.1600,5502.5000,1961.5000,1631.5200,3636.2100,1616.6400,1812.1700,2211.3100,1984.5200,3522.2100,2499.9700,1598.4000,1770.1500
2011-10-21,1849.1900,4968.6000,1998.2700,2264.2500,3578.3900,2476.1600,3641.2400,1380.7700,2630.7900,1095.7900,2031.2800,5500.2200,1938.8600,1615.8900,3592.7500,1607.8100,1804.0300,2202.9700,1996.0500,3480.0800,2478.8400,1564.6600,1749.2700
2011-10-24,1872.1600,5088.6100,2036.8200,2301.2900,3665.4900,2526.5200,3707.7800,1394.1500,2683.3100,1110.1600,2088.0400,5636.6800,1974.6900,1640.7100,3655.7600,1629.1100,1844.0300,2257.2800,2061.4200,3543.0500,2512.5200,1615.8200,1775.2300
2011-10-25,1921.6100,5243.1700,2092.6900,2354.8100,3796.1400,2595.7800,3800.6500,1434.3800,2741.0400,1154.0300,2130.8900,5718.7100,2030.1300,1680.9400,3740.8200,1664.2400,1871.9100,2328.1100,2077.0600,3649.1600,2577.1200,1659.8800,1824.8000
2011-10-26,1939.4200,5269.7100,2103.5200,2368.3000,3844.2600,2633.1200,3841.7700,1446.3300,2776.9800,1179.2500,2171.1100,5765.2600,2041.9900,1693.5900,3776.8100,1680.6800,1878.5400,2376.1900,2083.8000,3688.9800,2600.4600,1694.7800,1841.4700
2011-10-27,1942.3700,5268.3400,2099.7800,2371.8800,3820.0900,2646.1000,3839.3100,1445.0000,2774.1500,1176.0300,2162.7100,5765.9500,2042.5400,1691.6800,3784.7200,1704.3400,1898.3600,2382.5400,2099.2200,3708.9100,2611.9200,1668.2100,1844.7300
2011-10-28,1980.0600,5442.5600,2145.1600,2423.6600,3922.7700,2703.6900,3926.3100,1476.6500,2832.2400,1198.1200,2199.9600,5857.4600,2079.8500,1722.1000,3846.5700,1746.2600,1922.6200,2456.1200,2127.4100,3784.9700,2653.4100,1706.1600,1883.5500
2011-10-31,2014.0000,5416.5900,2148.3100,2402.2700,3912.9100,2699.6300,3951.5700,1486.2700,2842.4600,1208.0500,2187.6000,5845.2700,2094.9000,1730.7800,3861.1000,1763.2800,1915.6100,2461.8100,2108.6200,3769.6700,2673.9700,1738.5000,1891.8900
2011-11-01,2016.3400,5393.6900,2150.7100,2388.9100,3881.3500,2700.8500,3950.7800,1502.4700,2862.0600,1217.3800,2173.3700,5895.5700,2102.5700,1728.7600,3886.2900,1764.2000,1910.3400,2429.6600,2118.5400,3769.9300,2682.0500,1738.6100,1885.5300
2011-11-02,2045.0900,5434.1300,2172.4100,2399.4600,3914.9200,2736.5900,4014.0400,1553.6700,2899.8700,1264.8700,2200.7800,5979.0600,2130.2700,1751.4400,3969.7800,1794.6000,1932.4000,2471.8800,2158.6900,3821.6300,2730.1200,1828.4800,1917.6300
2011-11-03,2071.4400,5447.4700,2185.7200,2427.2800,3965.1300,2744.8200,4055.9400,1565.8700,2909.8600,1270.9100,2234.7600,5969.2700,2128.8700,1764.6100,4001.4500,1782.8100,1945.5500,2461.1500,2145.1000,3833.6600,2735.4500,1822.1300,1934.5300
2011-11-04,2102.4900,5492.5800,2201.9000,2439.4200,4041.0500,2762.6900,4099.9500,1572.7500,2931.0600,1278.0500,2249.6400,5983.8500,2140.6800,1775.1200,4010.8100,1793.4200,1953.9300,2490.7700,2156.3200,3863.3700,2753.6100,1819.3800,1965.9700
2011-11-07,2095.9100,5498.6600,2204.5900,2458.5600,4015.9500,2719.4800,4058.8600,1570.2800,2906.0900,1274.4300,2224.6900,5960.8800,2144.9000,1779.4800,4006.2800,1789.1600,1942.5900,2456.1100,2123.2000,3842.0900,2719.8400,1813.3000,1960.5900
2011-11-08,2061.4800,5537.4300,2193.7100,2422.8400,3991.9100,2688.0700,4017.0600,1544.4400,2871.6800,1255.0400,2211.8000,5937.5900,2129.2800,1763.5000,3955.7100,1792.4600,1936.0000,2428.9500,2124.4400,3796.2200,2684.8900,1781.9400,1931.5600
2011-11-09,2095.3300,5579.5200,2217.1800,2430.1400,4041.0600,2717.4600,4090.0800,1581.1800,2913.0900,1276.1700,2223.5500,6012.3800,2148.0800,1784.1200,4010.4800,1806.3000,1947.4100,2451.4200,2145.1300,3829.1100,2744.0300,1829.5900,1952.2600
2011-11-10,2074.7700,5474.0100,2181.3000,2425.0200,3932.8100,2652.5900,4046.7400,1559.7100,2866.3500,1269.3400,2177.4500,5958.2000,2111.6600,1752.0000,3995.5700,1793.1300,1913.4000,2401.7900,2096.0300,3771.7100,2728.5300,1798.1800,1909.6200
2011-11-11,2073.8000,5471.0900,2180.1500,2405.5500,3944.5400,2646.2400,4020.3100,1562.3400,2857.8300,1267.1000,2167.6900,5943.5100,2120.0400,1752.3100,3994.4700,1789.3400,1913.7300,2411.5300,2092.8900,3779.9300,2742.8900,1797.7900,1917.4700
2011-11-14,2122.0000,5633.9500,2236.9200,2433.8700,4042.0900,2701.6300,4117.4400,1603.0400,2931.7700,1294.6200,2216.0800,6038.4300,2165.2100,1793.7400,4083.3900,1834.7500,1947.7600,2469.7700,2130.3700,3851.8700,2795.3600,1841.2500,1951.9600
2011-11-15,2141.4100,5641.3200,2248.3100,2449.5900,4056.7500,2706.2400,4147.2200,1612.9000,2943.9800,1310.0500,2195.1300,5995.4300,2174.0300,1808.7700,4106.8700,1868.9400,1955.7800,2467.2600,2113.1400,3863.1400,2816.4000,1856.4800,1980.0900
2011-11-16,2087.0400,5462.8800,2190.9700,2385.9300,3937.7400,2632.8300,4035.6500,1578.4300,2871.3500,1286.4600,2149.5000,5893.8000,2123.6900,1770.6600,4011.8200,1815.7700,1905.0900,2401.9900,2053.0100,3765.7700,2738.1700,1804.7400,1943.9700
2011-11-17,2084.5700,5462.2400,2192.4300,2386.4500,3920.5000,2620.8100,4036.5600,1581.6000,2873.7000,1286.3000,2141.7100,5914.0100,2124.0000,1769.1000,4023.2600,1826.0300,1892.0600,2394.6800,2043.2900,3754.0300,2737.6800,1803.1100,1939.3200
2011-11-18,2029.3300,5298.9800,2128.6800,2320.9300,3786.3000,2548.0800,3921.5000,1526.4700,2809.1100,1243.6000,2084.2700,5827.2000,2070.7100,1724.4100,3928.7000,1769.2800,1858.5300,2325.2200,2019.4200,3674.4300,2683.4100,1751.9300,1879.5400
2011-11-21,2031.8000,5269.3200,2137.9300,2313.1500,3804.0700,2554.3700,3924.2200,1518.8200,2815.1500,1247.0900,2050.3200,5856.2100,2074.0700,1729.9200,3921.9100,1767.1700,1857.8700,2330.0100,2021.0100,3665.2800,2691.0200,1756.9200,1878.3500
2011-11-22,2045.9000,5237.0200,2124.9100,2290.5800,3792.6900,2543.9500,3917.3400,1512.3700,2795.1900,1247.9600,2046.3300,5964.8600,2071.1400,1730.6800,3905.1700,1782.5700,1848.8400,2329.3300,2024.5400,3646.4500,2723.7000,1761.0100,1874.0500
2011-11-23,2048.4600,5153.5500,2108.6700,2269.7200,3753.8800,2513.5700,3902.8100,1503.7000,2770.1000,1239.1400,2034.1500,6021.7300,2063.1400,1725.2100,3894.9800,1783.4400,1839.0600,2306.6800,1995.1700,3623.1000,2737.8400,1759.2200,1876.5000
2011-11-24,2046.6000,5131.5900,2102.7600,2268.1800,3730.9300,2501.1900,3890.5600,1505.0600,2757.4900,1242.2600,2037.3200,6053.1200,2057.7900,1718.3700,3932.9900,1774.3700,1834.7100,2329.3800,2002.4400,3619.3000,2754.2800,1762.1500,1883.5500
2011-11-25,2028.5800,5096.7500,2087.6400,2245.2600,3722.7000,2489.0800,3850.9900,1489.7800,2724.6800,1225.3400,2024.9000,6105.6200,2049.8100,1716.8000,3910.4200,1764.1800,1825.1200,2296.5800,1983.5500,3596.0300,2715.8500,1755.4300,1876.3700
2011-11-28,2067.1000,5115.7700,2085.9900,2235.4300,3731.4700,2489.8500,3835.3400,1493.7100,2727.8600,1217.7400,2010.0600,6145.5700,2054.7700,1709.1000,3942.3100,1771.4200,1824.8400,2288.4700,1987.2800,3575.8500,2719.3500,1745.1200,1873.4100
2011-11-29,2101.5600,5223.5300,2129.9300,2259.6200,3800.0900,2527.5000,3896.3500,1519.7500,2793.1600,1232.3600,2033.6400,6144.1400,2079.8200,1731.4600,4001.9500,1791.0800,1849.4300,2327.9600,2011.8500,3622.1500,2759.5100,1764.0300,1895.6600
2011-11-30,2023.3800,5015.3900,2043.4500,2155.0900,3631.1400,2424.2400,3714.4400,1444.9600,2676.7100,1171.1600,1963.7700,6028.6500,1996.6200,1668.1200,3890.5900,1741.7600,1784.5400,2255.1800,1946.2400,3480.5000,2646.5700,1684.7000,1810.9600
2011-12-01,2054.8000,5129.7800,2082.4400,2194.9800,3751.7000,2481.5400,3785.6700,1467.0600,2737.9700,1191.6300,2002.2200,6081.5600,2036.9400,1697.1200,3983.1700,1759.4200,1810.4500,2332.3300,2010.7600,3533.2400,2683.0700,1703.4600,1861.6400
2011-12-02,1995.6300,5026.4500,2038.5600,2172.5000,3670.3400,2444.1100,3708.5100,1436.8000,2685.4000,1164.2200,1971.4600,6046.6300,2004.1000,1663.2100,3923.5700,1700.9400,1786.1800,2309.3900,2003.9700,3459.1300,2627.4800,1680.5600,1821.8100
2011-12-05,1937.9600,4914.6000,1976.7000,2128.4500,3563.6600,2382.0900,3590.2500,1380.5500,2605.1500,1132.1500,1944.3100,5877.9100,1944.2200,1612.6700,3798.8500,1649.3300,1751.3600,2280.6700,2003.0700,3354.2400,2553.0700,1620.4700,1774.3800
2011-12-06,1923.7100,4928.0300,1971.4600,2124.0500,3536.9700,2375.9800,3599.7100,1384.9900,2594.3700,1140.2700,1948.9000,5819.9100,1945.4200,1609.5900,3800.6800,1652.4100,1745.2600,2294.3500,1997.6400,3348.2100,2542.8300,1633.3100,1772.4000
2011-12-07,1936.7100,4936.3300,1973.8000,2122.3600,3539.2800,2376.5700,3612.6300,1392.0400,2613.8100,1153.3400,1950.0500,5842.5000,1958.4900,1610.2800,3812.7000,1651.7700,1751.4800,2298.3800,2015.5100,3348.7600,2538.5400,1638.5000,1777.2300
2011-12-08,1941.0000,4918.7700,1967.0400,2140.9900,3523.8900,2385.9800,3615.6500,1398.0400,2608.3900,1164.3400,1931.7900,5795.4700,1958.6100,1607.1500,3783.0100,1650.4100,1751.5600,2304.4700,2014.4400,3337.7100,2545.3300,1658.4500,1773.3500
2011-12-09,1922.0700,4877.7600,1942.8200,2109.7200,3475.4800,2364.6800,3582.8500,1374.7700,2581.6200,1154.7800,1905.5500,5671.4800,1937.6800,1585.3200,3750.6700,1653.3300,1743.2200,2312.5500,2000.8000,3293.6900,2525.2700,1639.8300,1754.0500
2011-12-12,1900.9000,4818.2400,1918.7500,2088.3500,3440.5200,2326.3700,3543.2800,1355.7500,2550.0300,1145.8900,1873.6300,5602.7900,1904.9000,1567.0200,3707.9400,1635.9000,1734.3300,2250.3500,1991.8000,3259.1900,2503.4100,1612.5500,1730.3500
2011-12-13,1836.3200,4691.3100,1840.4200,2023.0600,3304.8700,2252.8000,3437.2400,1306.9800,2452.3400,1109.3900,1831.8100,5491.4500,1844.8200,1513.1400,3602.4900,1594.7200,1690.4300,2183.5400,1954.6400,3187.3400,2410.5200,1582.2400,1661.7500
2011-12-14,1812.9000,4615.4700,1802.1800,1995.5100,3241.6400,2203.5600,3382.6000,1285.0200,2410.1100,1088.2400,1802.6300,5430.3200,1821.3900,1477.0700,3551.3800,1586.2000,1669.8100,2145.1000,1946.3800,3140.6000,2370.0400,1544.7200,1624.9400
2011-12-15,1760.6000,4401.5100,1748.8500,1926.6400,3047.7300,2146.0300,3278.9100,1257.1700,2353.4000,1070.1300,1780.1700,5373.7000,1784.6800,1434.3900,3482.3100,1568.1800,1624.1500,2129.5200,1905.4600,3085.9300,2335.7100,1518.7900,1571.5300
2011-12-16,1797.5900,4508.1500,1798.0900,1965.8400,3119.1600,2197.6900,3375.6400,1296.0000,2422.5900,1100.0700,1834.3600,5453.5700,1824.7800,1471.2100,3561.9300,1605.4300,1660.2700,2191.4500,1939.4700,3167.2300,2396.8600,1566.5500,1603.8500
2011-12-19,1805.8700,4479.0900,1790.6500,1952.2300,3083.5800,2190.0100,3373.9500,1309.3200,2450.9700,1112.1000,1836.2000,5415.9000,1815.3300,1465.4800,3567.0600,1620.2200,1650.7600,2193.7700,1937.2900,3169.8200,2409.6800,1591.3700,1600.8900
2011-12-20,1795.5600,4477.9100,1786.2100,1950.3600,3089.3500,2190.2500,3352.5100,1295.4700,2436.4800,1102.9600,1837.4800,5408.2700,1812.9100,1472.4200,3561.9400,1609.2300,1646.0300,2193.3200,1931.4900,3164.2600,2386.2300,1576.9800,1599.3200
2011-12-21,1756.0300,4400.3900,1739.6000,1925.8300,2999.6000,2144.5400,3256.9900,1258.4400,2382.3000,1083.9700,1829.0900,5332.5700,1767.5300,1439.8900,3497.1700,1570.9700,1627.4100,2134.2500,1906.2200,3095.2000,2344.3900,1556.1300,1555.4600
2011-12-22,1723.5800,4428.5800,1709.2600,1901.6200,2980.3700,2135.3300,3230.4400,1245.8300,2361.4400,1068.6400,1819.1400,5317.9900,1735.3200,1413.8500,3470.3200,1568.2300,1616.5800,2120.0300,1903.9100,3083.2200,2320.0100,1542.0700,1529.0900
2011-12-23,1731.0800,4476.3300,1727.7400,1919.5400,2993.6200,2177.2300,3267.5200,1248.8200,2393.5100,1078.1600,1834.9100,5329.2200,1743.1100,1424.3400,3478.6700,1592.3700,1628.6900,2156.1100,1907.7700,3102.7700,2345.7700,1552.4200,1538.1400
2011-12-26,1746.8900,4426.5600,1717.1200,1949.4000,2972.9600,2164.4200,3231.5600,1237.0700,2369.3600,1079.3300,1820.8000,5199.4100,1724.3200,1413.6300,3430.8800,1584.9500,1622.9800,2139.0600,1889.9200,3078.7500,2348.8000,1538.6900,1518.9600
2011-12-27,1696.5000,4374.7400,1669.3000,1929.6500,2915.7800,2119.4800,3150.6700,1199.0000,2321.8900,1046.3800,1796.6900,5034.6600,1675.8000,1371.5100,3335.4800,1549.4900,1596.0200,2097.2100,1887.8200,3015.1800,2269.8400,1490.8300,1474.1700
2011-12-28,1666.8200,4398.6700,1661.6000,1956.7800,2939.4400,2120.0200,3143.4600,1188.9100,2304.8600,1037.8500,1791.5900,5028.0400,1665.5100,1357.3400,3298.1900,1541.0100,1588.5800,2092.5200,1892.3100,3011.3100,2253.9200,1484.8100,1464.0000
2011-12-29,1663.2100,4414.5600,1659.1800,1948.9400,2918.8600,2119.4600,3153.1900,1189.7800,2330.2700,1039.8000,1809.7700,5086.3400,1666.4800,1355.9200,3307.0000,1544.9200,1583.5200,2086.8900,1887.1200,3014.2300,2282.5900,1492.0400,1465.5300
2011-12-30,1700.1200,4478.0800,1691.5300,1967.4100,2999.2300,2149.4100,3203.8900,1213.9400,2371.5500,1056.2800,1842.1300,5165.6600,1692.3800,1374.5700,3346.5100,1564.6200,1601.6400,2130.9500,1913.8500,3067.9800,2320.8300,1513.0200,1491.9000
2012-01-04,1659.4500,4365.0500,1655.2000,1942.0900,2942.5400,2092.8800,3114.1000,1174.5200,2323.9700,1031.4600,1826.1000,4967.0900,1649.4200,1349.4300,3244.5600,1538.5800,1575.0800,2086.0600,1889.9300,3008.5500,2279.8800,1473.4100,1456.6500
2012-01-05,1569.1300,4288.6200,1599.4200,1909.1500,2852.9900,2030.4900,2998.7000,1121.2200,2275.1200,987.0900,1817.1000,4878.2500,1583.8700,1296.4500,3101.7200,1495.6800,1554.6200,2038.6300,1904.4000,2913.4900,2183.1400,1413.1000,1396.7900
2012-01-06,1543.9000,4338.6800,1613.5700,1942.3700,2911.4200,2035.1200,3010.4400,1130.5100,2271.2000,993.0800,1817.9000,4922.1400,1596.9500,1296.4400,3093.3300,1505.8900,1559.8100,2039.4100,1920.8600,2919.4700,2155.6600,1411.0200,1410.1800
2012-01-09,1599.4100,4633.9000,1688.5100,1998.4200,3064.9900,2112.5400,3138.3700,1179.8500,2355.3100,1036.0600,1894.2000,5007.1800,1654.6900,1348.1400,3193.7900,1553.6000,1605.6600,2117.6100,1970.8200,3019.6800,2229.6600,1456.1400,1469.1500
2012-01-10,1684.1100,4850.1400,1755.6100,2068.1300,3223.0900,2221.9600,3281.2400,1227.7800,2447.9800,1072.3000,1959.8100,5179.8200,1716.4900,1398.1600,3306.7300,1593.7300,1659.6800,2178.3200,2010.0900,3141.7500,2312.4300,1512.7700,1528.1800
2012-01-11,1691.8500,4839.9500,1756.8100,2083.8500,3241.7700,2213.2100,3278.8400,1232.3400,2448.7200,1077.8200,1927.7900,5152.8800,1708.3100,1397.6000,3297.5900,1584.9800,1651.2000,2173.3900,1996.5000,3140.7700,2313.6500,1525.4100,1524.9900
2012-01-12,1676.9000,4810.0800,1760.3800,2068.1500,3279.7800,2212.4600,3270.1200,1232.4800,2448.7300,1075.5200,1910.5000,5125.8900,1704.5500,1391.4800,3290.4800,1588.1700,1648.0800,2186.8300,2004.6000,3113.1500,2303.8100,1498.9700,1525.4300
2012-01-13,1617.0800,4750.3800,1705.6000,2020.0200,3239.9600,2139.2500,3142.3300,1179.8800,2365.1900,1029.8100,1874.6500,5038.6900,1646.7200,1340.1100,3166.1800,1540.0600,1613.8900,2136.2600,1988.1200,3012.7600,2226.2000,1432.8600,1471.4500
2012-01-16,1561.9000,4648.0600,1651.7500,1988.1800,3083.8600,2079.9800,3050.5100,1131.2000,2315.8800,1000.8700,1849.0400,4792.8800,1587.6600,1296.8400,3045.6300,1505.7900,1593.5300,2085.2600,1974.9100,2910.3300,2154.9900,1388.6100,1429.1900
2012-01-17,1642.2000,4964.8200,1749.0600,2101.4900,3382.2400,2201.0000,3221.9700,1193.5200,2449.4300,1047.8300,1923.3400,4952.3600,1662.5400,1364.8100,3174.4900,1573.0700,1671.4100,2180.2400,2046.7400,3065.6000,2254.1200,1450.1000,1503.8100
2012-01-18,1597.1700,4863.4000,1719.0200,2078.9900,3374.2100,2184.3600,3153.3600,1157.1300,2413.7100,1009.0200,1894.9400,4799.0800,1620.5200,1332.2100,3047.5400,1541.6400,1653.6300,2148.4900,2023.3100,2993.9600,2205.8500,1398.5800,1482.4400
2012-01-19,1610.5100,4922.8700,1737.2600,2113.7000,3484.3500,2212.1200,3191.0700,1169.9400,2446.1300,995.0000,1947.8900,4873.2400,1633.8400,1348.5100,3076.9500,1553.4600,1674.4700,2198.6200,2066.4500,3051.3100,2221.7700,1393.2600,1487.5300
2012-01-20,1654.0700,4924.1000,1750.5100,2122.3200,3460.2500,2259.6800,3248.5600,1188.2000,2472.0700,1010.0300,1969.8300,5002.7600,1660.0100,1364.7100,3166.7300,1567.3600,1682.9900,2234.9300,2103.0300,3104.5400,2261.5000,1413.0100,1505.4800
2012-01-30,1651.7400,4840.8400,1740.7100,2094.7700,3448.0300,2220.4400,3231.0400,1184.6900,2447.0200,1009.2100,1932.7500,4945.4800,1648.0700,1363.6700,3146.3900,1552.3900,1655.5700,2182.2800,2061.2300,3065.8500,2255.5500,1410.5200,1499.0700
2012-01-31,1657.9500,4865.6200,1743.5000,2077.6600,3461.7600,2220.8300,3218.9900,1186.7000,2436.7400,1011.2600,1922.5300,5000.5900,1649.6800,1358.4300,3146.4300,1560.4700,1659.4300,2198.7200,2062.8600,3072.0900,2255.9900,1411.8800,1502.6300
2012-02-01,1659.1100,4768.7100,1732.5200,2053.6500,3355.9200,2188.1800,3188.4100,1180.9100,2414.6700,1007.9400,1920.9700,5005.9700,1645.9000,1349.6700,3148.3000,1552.2300,1646.6200,2170.2800,2027.4700,3060.7200,2233.0700,1397.5700,1491.2700
2012-02-02,1691.9700,4889.9100,1765.8900,2083.7400,3446.5900,2228.1600,3255.1200,1207.8400,2455.9300,1027.5400,1948.3600,5047.6000,1674.9300,1372.8000,3189.2500,1571.4500,1671.9800,2214.8400,2094.6600,3110.3900,2291.3400,1431.1100,1517.6500
2012-02-03,1704.6100,4912.7700,1807.1100,2094.8700,3472.8700,2247.0900,3303.7400,1246.8800,2485.7400,1049.1300,1960.3400,5076.9700,1703.6600,1397.8600,3241.9600,1583.2800,1686.3400,2242.6600,2110.4900,3147.9700,2305.9300,1456.6900,1543.7200
2012-02-06,1718.6800,4934.1000,1828.3800,2096.2600,3467.1400,2270.1100,3333.6700,1258.9200,2480.7900,1057.1400,1978.9900,5157.5500,1719.5300,1413.8200,3276.8500,1589.8300,1685.9900,2229.7500,2099.8700,3174.5100,2316.6500,1462.1800,1559.9500
2012-02-07,1685.9300,4863.3900,1790.7600,2069.2200,3417.8800,2224.6000,3265.5100,1238.5100,2446.0300,1041.5300,1938.3600,5093.1600,1693.7500,1387.8700,3216.9500,1556.4200,1655.2400,2178.2800,2058.9500,3126.5900,2298.6000,1444.5600,1529.3600
2012-02-08,1720.1400,5058.6800,1842.7300,2112.5000,3637.7000,2282.9200,3353.9000,1271.6300,2501.7000,1067.4200,1980.8700,5196.8100,1736.3700,1423.6300,3282.1400,1588.2800,1687.5600,2235.8600,2110.6400,3201.8100,2337.9100,1479.3800,1569.3700
2012-02-09,1732.1200,5053.4400,1845.7400,2120.3800,3608.0200,2292.9300,3371.0700,1284.9500,2510.8600,1066.8800,1988.6100,5222.4200,1752.3100,1437.3300,3326.5800,1592.9000,1694.1400,2276.3100,2106.0700,3216.4800,2347.4700,1488.9600,1582.0000
2012-02-10,1746.5300,5044.9300,1855.2300,2141.7600,3598.4600,2318.1600,3389.4300,1292.4500,2516.4500,1068.9200,1995.5800,5244.2500,1766.1900,1454.3500,3334.4200,1594.9700,1704.0300,2316.2900,2102.1100,3217.6400,2352.6000,1490.5100,1595.2900
2012-02-13,1759.0900,5050.2600,1867.6600,2136.7000,3610.9400,2317.9500,3426.0200,1330.2400,2543.1700,1087.2100,1990.8600,5317.4100,1787.5200,1470.1200,3389.3900,1606.4600,1712.6400,2285.8800,2088.7300,3235.8300,2367.9100,1513.6000,1619.8100
2012-02-14,1762.2700,5054.7700,1869.3200,2124.9700,3589.7400,2312.9100,3416.2100,1322.0500,2546.8200,1082.5400,1984.4100,5313.1900,1784.8200,1483.2300,3398.8400,1602.6700,1707.8000,2302.3700,2075.3900,3237.0900,2391.3800,1509.4800,1617.8000
2012-02-15,1785.0200,5105.5000,1896.6300,2155.4100,3650.0300,2344.2600,3468.3300,1351.3600,2588.3100,1112.0000,2020.6700,5358.5000,1811.3300,1503.2500,3432.9300,1627.3300,1737.4500,2325.7100,2091.3700,3276.1900,2419.1900,1543.8300,1656.6200
2012-02-16,1780.8300,5058.9900,1889.7000,2166.7300,3626.1500,2337.8100,3457.4100,1340.2900,2581.2300,1113.7000,2018.8800,5305.5300,1810.8400,1507.9900,3418.8400,1645.1400,1729.4400,2321.0300,2082.7700,3264.6100,2414.6900,1547.9900,1664.1300
2012-02-17,1766.2800,5038.7400,1880.8400,2162.7100,3622.4700,2327.1200,3452.9700,1331.6800,2577.5500,1109.1100,2020.6800,5306.6100,1802.7300,1506.9200,3405.0500,1631.4600,1728.9400,2324.5300,2091.8800,3255.1300,2448.3200,1543.7900,1655.2200
2012-02-20,1767.5600,5059.0700,1883.7300,2157.4500,3627.4200,2346.2900,3455.7300,1335.0500,2585.1400,1115.4400,2057.9900,5292.6000,1802.7800,1506.1300,3388.8400,1628.7900,1729.8700,2342.6400,2094.2600,3253.4800,2450.8200,1552.5500,1649.9700
2012-02-21,1781.9700,5119.9300,1898.4700,2163.0500,3657.6100,2368.4600,3503.3200,1354.6800,2607.3700,1133.8000,2100.0900,5365.7000,1819.7100,1517.5600,3416.7800,1640.1500,1734.2900,2377.9100,2108.5900,3267.3700,2463.0200,1590.0100,1679.5500
2012-02-22,1815.8500,5178.7700,1935.8400,2187.5300,3702.1400,2410.7900,3571.1600,1385.4100,2661.3300,1161.8400,2159.2700,5417.2900,1857.0500,1545.6000,3477.6100,1656.4600,1754.7500,2447.9400,2127.8200,3318.9500,2495.1100,1626.8700,1704.8900
2012-02-23,1824.7300,5236.0500,1942.4700,2215.8600,3740.0900,2418.8500,3581.7300,1381.3500,2667.2600,1159.1800,2154.8400,5466.2200,1863.0200,1559.8300,3496.1900,1656.6500,1762.2900,2448.2200,2124.2400,3340.6600,2485.0400,1620.6700,1703.5200
2012-02-24,1842.8500,5335.0500,1963.5700,2236.3600,3766.5600,2476.5800,3632.4800,1390.3300,2703.2500,1163.0200,2172.7500,5529.9000,1888.8700,1572.4900,3537.9700,1671.4200,1790.3100,2555.2600,2155.4300,3377.8800,2514.4700,1638.3800,1726.5000
2012-02-27,1850.3400,5331.3800,1973.7200,2249.5700,3793.8900,2478.0100,3634.5700,1401.1400,2717.5700,1166.7800,2221.2000,5542.6400,1885.5300,1573.2300,3543.2900,1677.1400,1804.2200,2555.5900,2156.7300,3392.1800,2522.0300,1642.3200,1719.3700
2012-02-28,1877.3600,5290.7000,1957.5500,2271.3900,3777.0100,2483.8700,3611.4000,1391.3000,2715.2400,1154.5400,2210.2900,5574.6300,1865.1100,1557.7600,3502.0300,1685.4500,1800.5000,2540.2300,2174.6900,3364.4600,2510.6600,1632.9600,1701.8300
2012-02-29,1845.2100,5238.7400,1936.9200,2240.9000,3790.8400,2432.7400,3563.4900,1363.0500,2680.8500,1141.3500,2188.7600,5606.4800,1842.4400,1548.1200,3479.9300,1664.8000,1775.3300,2468.7500,2150.5700,3320.4700,2501.6300,1604.3200,1686.0900
2012-03-01,1852.2300,5239.7800,1945.5600,2229.4200,3760.7000,2431.9500,3581.5300,1386.5200,2699.3300,1154.5000,2230.1000,5589.0300,1851.5000,1554.1900,3467.6600,1673.4600,1781.3100,2490.2000,2149.7700,3324.4600,2523.8600,1606.0400,1695.4000
2012-03-02,1885.4700,5341.3900,1983.4500,2261.7800,3820.4100,2484.6200,3653.8300,1410.3100,2760.6900,1173.1300,2306.0600,5615.0100,1887.9400,1577.3200,3518.8600,1698.3500,1806.2200,2588.5900,2183.1800,3386.3800,2553.7900,1635.0200,1726.0400
2012-03-05,1888.6600,5316.2300,1989.7100,2236.1400,3836.6700,2474.8000,3665.4400,1423.1600,2751.3500,1169.3400,2300.8400,5612.3200,1884.3700,1591.6800,3504.0900,1683.8900,1796.3900,2574.2500,2163.3900,3386.2200,2560.3200,1633.2900,1729.7500
2012-03-06,1852.9300,5196.7000,1971.2800,2194.5400,3754.8000,2428.1400,3611.4700,1422.7900,2737.9400,1162.2200,2306.4600,5562.5600,1863.4700,1588.9200,3454.7800,1668.0600,1773.8500,2556.1200,2131.5100,3350.3600,2549.6300,1612.7000,1708.7400
2012-03-07,1836.9100,5120.7800,1958.7200,2182.3800,3676.2300,2408.4900,3588.5100,1407.3000,2748.4100,1158.5200,2294.9400,5539.8400,1856.8400,1580.2100,3444.2400,1657.6100,1762.7200,2534.3300,2114.5700,3394.6400,2545.7700,1608.9100,1696.7500
2012-03-08,1861.2400,5193.7000,1987.7700,2197.5100,3774.5700,2445.8600,3634.9800,1429.7700,2766.3200,1169.6400,2314.8000,5592.7400,1889.2000,1598.0100,3476.3700,1675.2800,1785.9200,2577.3400,2143.7000,3442.3200,2577.9000,1627.8500,1724.0700
2012-03-09,1890.1500,5318.0400,2020.7600,2210.0700,3850.7300,2473.1800,3690.6500,1452.5800,2793.8800,1186.0400,2319.5100,5759.8600,1914.1000,1615.1400,3523.9000,1699.5300,1802.4100,2588.8700,2148.5400,3520.2300,2605.9100,1653.2500,1738.7900
2012-03-12,1897.0100,5287.7200,2028.8600,2211.7400,3889.6900,2468.8500,3705.4400,1452.5500,2792.8100,1197.0400,2304.7500,5786.2700,1937.6400,1615.8400,3610.8900,1698.3200,1796.1100,2548.1600,2130.3400,3544.0200,2651.4100,1669.7000,1742.3600
2012-03-13,1926.9000,5353.1900,2063.1500,2231.3300,3911.4700,2498.1800,3746.9200,1461.0900,2807.8400,1219.9500,2312.3900,5877.0000,1957.2300,1626.2100,3616.3100,1712.6700,1809.6200,2572.7600,2154.0000,3562.4000,2666.4600,1676.5800,1767.2600
2012-03-14,1859.3200,5140.3000,1977.2000,2197.3300,3783.4300,2402.4800,3580.5600,1393.6600,2685.9800,1161.1600,2210.8400,5742.3400,1879.3200,1552.9400,3494.8000,1646.2800,1750.7600,2454.3700,2111.6400,3426.1700,2559.3600,1596.8600,1691.2500
2012-03-15,1850.2900,5094.6100,1958.8000,2153.1800,3711.5500,2354.3000,3536.0300,1366.2200,2638.8400,1154.0200,2187.6600,5796.3500,1858.8700,1534.6400,3524.5300,1622.2700,1726.0600,2381.9400,2101.8600,3453.9600,2555.8300,1585.1600,1664.4500
2012-03-16,1899.6100,5152.4200,2001.4500,2176.4700,3812.9200,2396.1200,3608.2300,1396.3200,2683.5700,1175.5600,2223.7600,6033.7500,1921.3200,1576.8300,3613.8000,1654.8100,1751.2800,2420.4700,2118.3100,3569.2900,2640.8800,1615.6500,1698.9800
2012-03-19,1929.6900,5201.4900,2029.6100,2205.3400,3914.6200,2419.7200,3649.0800,1417.0700,2695.3900,1192.6500,2223.3200,5984.3300,1949.7100,1598.4200,3653.2400,1666.7300,1757.7500,2435.0100,2110.7800,3589.5600,2701.4700,1629.7100,1722.5200
2012-03-20,1871.3300,5136.7400,1980.7400,2225.0600,3837.0200,2373.6400,3561.2200,1380.6000,2628.8000,1156.6800,2189.5400,5897.6700,1904.3200,1556.9500,3552.9500,1653.5700,1722.5100,2426.1400,2073.3300,3494.1600,2648.8000,1586.5600,1684.7000
2012-03-21,1874.1200,5218.4200,1989.8900,2228.0500,3933.1600,2383.4100,3567.8000,1382.4500,2632.6700,1152.8800,2182.9100,5838.5600,1908.4600,1565.4400,3537.2100,1653.2700,1736.0700,2429.5000,2068.0600,3476.6000,2634.0400,1578.5800,1685.7000
2012-03-22,1869.9800,5167.3000,1970.0900,2212.2700,3853.7600,2387.1700,3560.8800,1375.2200,2635.0000,1145.9400,2198.0600,5826.0400,1906.9600,1568.5900,3520.5600,1648.0500,1736.2100,2451.6900,2078.1700,3449.4600,2615.9100,1579.1900,1678.6600
2012-03-23,1834.6600,5056.7700,1929.7200,2192.6000,3780.6500,2345.4600,3488.7900,1349.2100,2586.4700,1128.3800,2162.7400,5818.2600,1869.6900,1540.5400,3463.8200,1619.5400,1717.6900,2396.7800,2064.0900,3380.6800,2558.8500,1558.3000,1646.0300
2012-03-26,1830.4300,5059.8900,1926.7600,2194.2200,3772.7200,2333.5400,3477.6600,1343.7500,2575.3300,1124.9300,2170.7800,5903.5000,1871.7400,1532.6600,3481.7400,1613.7000,1713.3200,2380.1100,2068.1700,3401.1600,2575.8300,1552.9500,1632.8100
2012-03-27,1822.1200,5041.8000,1920.5200,2192.9400,3819.2800,2339.9400,3460.3600,1345.1900,2583.0200,1125.9100,2160.5300,5686.7200,1859.5500,1525.5800,3449.6700,1609.6000,1708.8100,2375.4200,2067.8500,3390.8100,2573.7200,1556.5500,1631.2000
2012-03-28,1728.3000,4826.0800,1833.7400,2098.5700,3641.5700,2247.4100,3304.7500,1277.9900,2483.7100,1080.3300,2062.3400,5556.8900,1780.2200,1457.7200,3312.2400,1554.2500,1657.1700,2326.8700,2026.6200,3253.2400,2479.3900,1489.4700,1561.8200
2012-03-29,1690.9100,4723.4800,1799.5800,2067.9700,3526.2800,2211.7900,3226.2400,1246.9600,2432.4300,1061.6500,2051.5200,5519.1000,1754.0800,1433.5400,3260.7900,1536.6300,1638.1000,2342.7200,1999.7800,3190.3900,2461.2300,1465.0300,1526.3500
2012-03-30,1682.6700,4723.8100,1785.9300,2052.4400,3488.7400,2220.1600,3216.9300,1243.0100,2454.5800,1063.5000,2068.1300,5413.5500,1750.9600,1421.5400,3243.5900,1538.3500,1648.9700,2370.9800,2028.0900,3189.4300,2439.4100,1453.6900,1526.2900
2012-04-05,1736.0100,4849.7100,1836.3100,2099.5000,3617.3800,2302.3500,3328.1300,1281.7300,2521.6700,1092.1700,2126.7500,5644.0200,1800.5300,1468.9100,3320.9500,1570.1200,1684.1800,2426.8200,2060.6600,3284.4400,2511.0300,1497.6200,1569.7300
2012-04-06,1753.4200,4871.6300,1847.5100,2116.5200,3626.3200,2318.2400,3333.7300,1296.5600,2529.1500,1096.6100,2123.7900,5737.1200,1803.5000,1479.8500,3327.6300,1573.4800,1684.2600,2448.9000,2066.4800,3299.4500,2525.9200,1508.0600,1587.1400
2012-04-09,1721.4000,4800.4200,1824.1400,2133.5700,3591.8300,2295.1900,3307.6700,1272.8100,2501.3300,1077.6500,2095.4100,5725.6000,1789.4700,1467.8600,3288.0100,1558.9700,1680.0200,2413.3200,2045.8000,3259.6200,2503.2600,1486.5000,1577.9100
2012-04-10,1734.3100,4864.2500,1838.8800,2137.1600,3616.6600,2315.0200,3344.7000,1287.9800,2530.4400,1088.3900,2130.2200,5735.2600,1806.4800,1484.5600,3319.0200,1575.3400,1692.7200,2469.1800,2067.4500,3290.6300,2537.1900,1506.7500,1601.5800
2012-04-11,1733.0600,4855.1200,1849.2100,2131.6400,3599.6800,2319.2000,3348.4900,1291.6800,2553.4500,1094.8000,2149.7400,5732.5400,1814.7800,1490.6400,3324.7800,1575.6700,1696.7300,2504.2800,2063.9100,3319.8800,2567.4500,1506.4800,1612.6300
2012-04-12,1767.8800,4996.5900,1884.0700,2152.6800,3667.7900,2358.0000,3402.8800,1320.4600,2601.9900,1116.1900,2178.0400,5820.6900,1847.6100,1518.3400,3391.5000,1599.4200,1718.8100,2559.5900,2117.3400,3395.4000,2619.2100,1530.9000,1648.6600
2012-04-13,1779.6600,5031.1100,1901.8600,2171.7500,3726.0600,2377.0600,3422.8800,1329.8000,2605.4700,1125.8700,2198.7300,5805.5300,1860.6200,1531.8000,3405.8500,1610.0300,1727.8200,2567.8000,2124.5900,3420.1400,2635.5500,1540.6300,1669.3300
2012-04-16,1780.2000,5019.8100,1896.3100,2169.2100,3690.0200,2381.1500,3415.8000,1333.0700,2609.7800,1124.5500,2189.9400,5792.3400,1869.9200,1523.7300,3395.3800,1612.1900,1731.7200,2598.4400,2121.1300,3438.9400,2640.8900,1537.6800,1714.0100
2012-04-17,1764.9200,4949.6600,1876.1600,2144.8400,3650.5000,2345.7000,3361.4300,1326.1800,2579.6700,1113.5300,2150.9600,5714.6700,1825.4900,1503.9200,3398.5100,1596.4400,1714.9700,2530.0900,2089.6500,3394.9500,2602.5700,1522.6600,1684.0300
2012-04-18,1799.2400,5087.1200,1916.5600,2187.8500,3732.9600,2400.8500,3459.1300,1355.2600,2641.7600,1141.3200,2205.7400,5771.3500,1861.2100,1530.7600,3432.3400,1622.8100,1745.9900,2604.4000,2142.8700,3477.3600,2655.9800,1551.9800,1724.2600
2012-04-19,1793.2800,5073.0000,1913.6200,2176.6000,3728.1000,2411.4100,3465.9500,1352.8600,2638.8600,1143.1100,2199.5600,5686.7900,1853.8900,1523.2100,3436.7400,1621.8900,1743.1700,2592.0600,2149.9100,3451.3900,2640.9300,1546.5000,1711.0600
2012-04-20,1812.2700,5115.4600,1922.5200,2200.2600,3752.0500,2434.6800,3488.8500,1362.2100,2662.2400,1153.2800,2208.6700,5738.4200,1867.7100,1531.6400,3447.0000,1629.1000,1768.1300,2619.0100,2196.1200,3477.0300,2648.9300,1556.1800,1726.5200
2012-04-23,1781.7100,5057.5900,1880.1200,2187.9400,3680.2200,2424.9200,3438.0300,1325.7300,2684.1100,1134.6100,2174.4000,5694.1000,1853.1900,1501.5800,3404.7400,1614.5800,1759.4200,2595.4400,2174.9300,3447.3900,2616.9600,1515.6400,1718.5600
2012-04-24,1767.7900,5057.0300,1856.7400,2151.8000,3649.8600,2405.3900,3398.3600,1308.7800,2646.0000,1126.5000,2123.4700,5673.9200,1851.7800,1490.5500,3364.3900,1602.3800,1761.6200,2620.0600,2198.3300,3428.1800,2589.2400,1492.7800,1705.5800
2012-04-25,1793.1500,5131.6200,1876.4700,2189.1400,3726.3900,2439.2200,3431.7500,1317.5900,2665.0900,1135.7700,2152.1400,5691.0800,1869.0400,1509.3400,3378.5200,1615.6300,1776.9800,2713.9400,2196.6200,3507.3300,2624.5000,1501.7400,1759.0300
2012-04-26,1802.6400,5155.2700,1872.8700,2180.1000,3755.3300,2432.8900,3433.5100,1310.0700,2665.3100,1124.6800,2154.2800,5752.7100,1852.9700,1508.7100,3360.4900,1613.5200,1761.7700,2695.0600,2196.2900,3485.1300,2608.1800,1493.5600,1737.5800
2012-04-27,1785.4200,5152.5500,1861.0900,2169.1800,3740.8200,2405.4000,3411.7200,1303.4500,2641.6200,1116.4900,2163.2200,5859.8200,1846.1800,1495.4000,3350.2400,1611.3500,1747.6300,2677.0700,2185.9900,3418.8200,2581.4400,1492.3700,1710.1500
2012-05-02,1799.7900,5356.8800,1889.8300,2211.4100,3896.2500,2441.9900,3468.2900,1318.6600,2687.7400,1124.9700,2198.8200,5898.3900,1862.1100,1502.4600,3415.6200,1638.6200,1777.7400,2715.3000,2223.1300,3441.7600,2576.2300,1513.7100,1706.8200
2012-05-03,1808.9500,5377.3800,1895.8600,2215.8900,3894.3400,2435.1500,3487.1100,1318.1300,2693.2800,1130.0600,2192.9500,5982.4700,1863.2500,1505.2100,3490.2100,1639.5400,1781.3600,2699.8500,2233.6200,3445.3400,2562.3400,1520.7100,1698.6800
2012-05-04,1830.4600,5397.7900,1919.1000,2249.3800,3962.8500,2442.0100,3517.4400,1334.5400,2715.2600,1146.0200,2227.6100,6112.5000,1871.8300,1517.1700,3515.4400,1646.2100,1787.0800,2716.2400,2240.9200,3467.9200,2603.0500,1541.6100,1713.6200
2012-05-07,1843.8300,5368.2600,1931.2500,2253.8700,4000.5100,2448.5500,3537.9100,1358.2000,2730.0500,1160.0900,2245.9200,6159.3000,1890.5100,1526.4900,3571.6400,1679.7300,1790.1000,2707.8800,2223.5700,3505.1600,2635.0600,1553.2300,1725.7300
2012-05-08,1841.8700,5337.0300,1936.5100,2241.3400,4019.4900,2458.1900,3549.6800,1359.0000,2728.7000,1161.8800,2237.3500,6111.3500,1889.3500,1531.6900,3554.0300,1681.6100,1787.1300,2699.3100,2209.8100,3508.1300,2647.1200,1553.2800,1725.6600
2012-05-09,1808.4800,5222.2900,1900.2800,2188.3600,3910.1500,2407.5200,3473.5800,1333.5000,2700.1100,1140.2900,2189.8500,6031.4200,1860.8300,1506.1000,3489.9800,1657.1700,1753.6000,2656.5100,2179.6900,3434.9800,2633.6000,1528.1000,1697.1200
2012-05-10,1804.4300,5239.5600,1909.2300,2223.7600,3952.3700,2399.2700,3482.9000,1342.7500,2684.6800,1143.0200,2198.2100,6023.2000,1854.7500,1509.3000,3537.8500,1661.4000,1750.1400,2652.6200,2178.2900,3419.4400,2638.1800,1534.7900,1693.8300
2012-05-11,1802.5200,5209.9900,1897.4500,2193.3200,3905.5100,2388.8300,3449.1400,1330.5800,2652.2300,1129.2600,2179.8500,6030.7800,1840.9700,1500.8800,3567.9800,1655.6200,1738.0700,2630.0700,2163.9400,3398.8100,2636.8200,1519.4700,1682.4400
2012-05-14,1796.7700,5139.9500,1883.3900,2166.2800,3831.9400,2387.3300,3438.7800,1323.1200,2632.5100,1120.0900,2155.4100,5912.3900,1835.3900,1500.1700,3606.9400,1659.9000,1731.7100,2646.4500,2150.7100,3382.8800,2656.4800,1508.5100,1682.2100
2012-05-15,1804.1300,5102.6000,1878.4800,2143.3600,3814.1600,2373.9200,3432.7500,1324.8100,2618.7100,1125.6100,2228.4400,5937.5400,1827.8300,1506.3100,3569.0500,1652.9100,1730.1900,2651.7600,2159.1800,3399.0500,2668.7000,1506.0800,1671.8500
2012-05-16,1776.1000,5029.7000,1852.3700,2127.1400,3779.6700,2331.2900,3374.9000,1311.6200,2580.4700,1108.6200,2208.1200,5855.4400,1808.9400,1494.6100,3542.6000,1636.4100,1717.9300,2593.6400,2123.5500,3356.9000,2628.9000,1482.7800,1650.3400
2012-05-17,1789.7600,5105.1400,1878.9400,2140.6900,3840.1000,2360.0800,3415.1600,1335.1900,2618.2600,1122.0900,2235.7400,5904.1200,1833.7500,1513.9800,3549.3200,1658.2100,1760.6800,2631.3600,2170.3400,3411.3300,2678.5000,1502.5300,1682.9400
2012-05-18,1759.1900,5009.0600,1848.6000,2117.4300,3800.4100,2318.2400,3357.0000,1309.4700,2567.4400,1100.4000,2206.9800,5824.9300,1819.5600,1486.2000,3480.3200,1651.5100,1762.3100,2580.8500,2135.7900,3360.5900,2638.1900,1480.0100,1653.9200
2012-05-21,1759.5200,5076.3600,1847.1100,2133.4200,3872.2100,2335.4500,3351.9100,1305.6400,2569.3200,1092.5700,2208.9500,5935.9100,1814.3800,1475.1600,3483.3400,1642.8600,1740.3000,2586.9800,2130.1600,3351.8200,2626.8900,1478.0800,1635.6600
2012-05-22,1783.1300,5157.1000,1876.2300,2144.7800,3894.1300,2391.2200,3413.5000,1324.7400,2603.1000,1102.4500,2230.2300,6058.2800,1837.8900,1494.2700,3535.7900,1655.5600,1747.8700,2659.5800,2161.2800,3385.5200,2679.3100,1494.9400,1655.1600
2012-05-23,1774.8100,5115.4900,1865.9300,2121.9700,3830.3800,2405.0500,3396.9200,1315.9600,2598.8100,1097.3000,2214.9700,6082.4800,1834.8400,1486.2300,3545.6100,1650.4300,1734.4400,2682.7300,2158.6600,3360.7100,2690.3200,1484.3400,1659.0600
2012-05-24,1758.6800,5088.9400,1844.8900,2107.3200,3820.5000,2404.0800,3405.0200,1311.1000,2588.4400,1101.9600,2193.9600,5880.2100,1825.8100,1470.5200,3501.2000,1629.9000,1727.2400,2658.8300,2139.8000,3297.0700,2668.9500,1484.7600,1646.8000
2012-05-25,1732.1700,5020.7400,1826.3400,2114.1600,3806.0800,2399.3300,3376.5100,1290.8100,2558.1000,1087.2300,2175.0600,5799.6600,1800.8900,1463.7800,3450.7700,1619.8300,1715.7800,2648.6400,2117.2400,3223.0000,2608.4900,1458.0700,1620.5000
2012-05-28,1747.2600,5108.6800,1845.1100,2164.8500,3842.5100,2510.2800,3449.8500,1297.9100,2619.3900,1086.4400,2193.3000,5890.0000,1815.7400,1475.6200,3469.4600,1635.6100,1740.3900,2715.8800,2137.9000,3267.2000,2621.9300,1465.1900,1642.5500
2012-05-29,1770.5700,5198.6200,1877.5300,2190.7700,3947.8200,2546.6900,3494.1700,1326.6000,2657.9900,1104.2400,2228.7500,5919.7500,1839.4200,1496.1700,3505.7900,1652.6500,1761.2000,2745.5100,2172.8900,3305.1200,2651.6300,1482.3300,1670.1800
2012-05-30,1771.2300,5149.1100,1875.1600,2177.4400,3922.4800,2541.3100,3499.3900,1332.4700,2648.9800,1105.5300,2224.2000,5907.2100,1845.0300,1505.6400,3512.0200,1660.1000,1756.9100,2769.2300,2166.5700,3318.9900,2637.8300,1482.6400,1671.6300
2012-05-31,1772.3900,5096.1200,1882.5700,2166.1600,3918.6800,2520.5500,3485.9200,1359.5200,2638.9300,1113.3000,2229.9100,5962.1200,1849.3900,1501.8100,3539.2000,1659.8900,1750.5600,2758.1700,2147.6200,3310.0900,2645.6800,1495.0700,1667.3600
2012-06-01,1771.5400,5057.9200,1882.2000,2157.9100,3943.7400,2492.0500,3467.9600,1353.3500,2623.6400,1107.4500,2216.6100,6028.2600,1845.2100,1501.0500,3566.3700,1658.2000,1749.5300,2750.8500,2155.0700,3307.8800,2660.3000,1489.8000,1664.5400
2012-06-04,1717.3800,4851.5800,1812.8300,2103.0300,3854.8800,2399.7200,3337.5500,1308.3400,2531.9300,1071.3300,2165.6300,5925.8900,1788.4200,1457.7300,3520.2400,1624.0700,1687.7000,2663.9300,2092.7000,3185.6400,2626.0100,1443.6400,1603.3400
2012-06-05,1708.8500,4842.5300,1806.5300,2102.8900,3825.7000,2395.8900,3325.6800,1305.0200,2522.6400,1065.3100,2155.8300,5951.7500,1792.8400,1446.4200,3575.1000,1645.3300,1693.4700,2669.6400,2088.1200,3172.1300,2615.2300,1442.7800,1593.5900
2012-06-06,1698.6100,4768.9500,1803.2500,2096.7900,3885.0900,2392.4800,3316.5500,1303.7900,2515.6000,1065.2900,2146.3700,5909.4700,1786.4300,1443.4100,3552.9700,1647.8200,1683.3600,2648.3400,2095.8500,3176.0700,2600.4900,1436.0000,1587.9900
2012-06-07,1700.3500,4724.2900,1791.6200,2092.4800,3846.6300,2376.4800,3294.5100,1295.7200,2492.2500,1058.9500,2120.8200,5907.7800,1785.4300,1433.1700,3522.6600,1648.1200,1673.9500,2660.7700,2083.9600,3165.7200,2576.5600,1424.3300,1577.6700
2012-06-08,1686.5900,4699.0100,1786.3800,2077.0000,3790.9600,2366.0600,3280.2600,1289.1000,2491.8100,1057.1900,2105.0200,5872.1700,1772.4700,1419.3200,3506.8200,1651.2000,1670.7900,2659.1200,2060.6400,3150.4300,2562.7500,1425.6900,1563.2600
2012-06-11,1706.6700,4774.6800,1815.3300,2063.0000,3872.1300,2410.5500,3346.4700,1318.9200,2538.2200,1076.7800,2136.5700,5868.9700,1787.3700,1437.8100,3565.0400,1681.3300,1685.1400,2736.6200,2082.4900,3202.5600,2605.4400,1454.4400,1584.8100
2012-06-12,1697.7500,4673.7400,1799.7300,2031.7400,3835.6200,2404.4400,3325.8700,1312.7300,2509.4500,1062.9100,2124.4800,5843.0000,1786.0100,1436.8400,3597.2400,1663.4900,1667.0700,2763.8900,2068.0600,3183.9600,2599.7300,1438.6900,1579.9200
2012-06-13,1728.5100,4701.8100,1833.7600,2049.3500,3883.6900,2442.9500,3376.5300,1329.9700,2544.4200,1076.9200,2155.9800,6002.4500,1832.5000,1454.6900,3683.2600,1712.2700,1687.4100,2788.5400,2112.2500,3243.0800,2653.0100,1460.6700,1604.1900
2012-06-14,1748.8400,4628.1100,1818.7700,2025.0300,3846.8100,2401.6800,3345.4500,1317.9600,2537.6700,1076.2800,2142.3900,6083.5300,1829.3700,1446.2700,3663.5000,1715.3200,1670.3300,2762.1800,2087.9600,3230.5500,2650.0300,1453.1300,1591.8500
2012-06-15,1743.1100,4644.1000,1816.1000,2027.3800,3858.3100,2399.5500,3340.4400,1313.8200,2534.7800,1077.7100,2157.3500,6013.0500,1830.5600,1443.6300,3707.8600,1726.5000,1670.5800,2717.0700,2117.7600,3229.2900,2657.9300,1452.6600,1596.9900
2012-06-18,1746.8600,4685.4900,1827.4800,2037.2200,3878.6900,2431.1200,3376.5800,1327.5400,2540.8800,1089.8700,2169.7900,6071.1700,1842.8800,1456.7200,3756.6400,1739.2400,1678.7900,2737.0900,2125.7700,3248.7200,2684.4400,1471.9200,1608.4600
2012-06-19,1737.2600,4635.8800,1815.6700,2017.5500,3825.7600,2406.9000,3344.6600,1319.9000,2510.4500,1087.3500,2134.2900,6017.3000,1828.5200,1443.2000,3770.1700,1721.0000,1671.2100,2691.1200,2117.3500,3217.6400,2659.2300,1470.1800,1599.8400
2012-06-20,1731.0500,4645.9300,1811.1300,2014.5600,3830.9100,2396.9900,3334.2900,1324.1300,2503.7000,1094.7100,2122.2300,5987.7700,1824.7800,1437.8200,3689.7200,1711.4300,1673.7200,2674.4700,2112.1500,3223.5800,2639.9300,1478.9800,1595.8300
2012-06-21,1701.5600,4504.1400,1781.4500,1985.2700,3765.1400,2363.7600,3283.4200,1302.8700,2464.7800,1078.0600,2107.1800,5913.2600,1797.0000,1417.1700,3659.5900,1699.6100,1657.7600,2675.5100,2070.8500,3179.8000,2610.9300,1456.4800,1562.9800
2012-06-25,1670.9400,4326.5700,1734.1100,1918.7100,3610.1300,2292.7800,3191.3300,1268.2700,2405.1200,1049.6600,2058.8500,5832.5400,1759.8200,1379.6200,3630.2200,1686.2400,1636.6400,2581.2400,2038.0000,3100.4300,2559.0400,1419.1300,1518.5700
2012-06-26,1676.4700,4334.8800,1733.0100,1910.2300,3604.1000,2287.8600,3176.8800,1264.1200,2402.4700,1046.9700,2058.1200,5801.4200,1767.7900,1381.2200,3614.3400,1675.3600,1648.3900,2609.3100,2034.5600,3104.2600,2567.8600,1412.0700,1520.6100
2012-06-27,1665.6800,4320.2300,1728.9500,1888.3600,3552.2800,2278.3700,3171.0800,1271.8900,2394.3600,1045.5900,2033.8000,5870.4200,1751.5600,1376.0700,3637.8600,1673.4100,1640.9200,2607.3900,2027.2200,3083.9000,2566.0300,1402.9400,1510.7900
2012-06-28,1645.3800,4261.0200,1704.6100,1864.2200,3475.4300,2248.6200,3111.3800,1258.0700,2353.0000,1029.8600,2025.6400,5832.6800,1730.0900,1353.1000,3645.4000,1660.6300,1618.5400,2574.4300,2019.0400,3055.2400,2536.8800,1378.9100,1485.0800
2012-06-29,1669.5100,4327.5100,1721.5100,1878.5200,3545.0900,2268.7300,3148.3100,1281.8700,2370.5600,1036.5900,2044.7600,5942.2400,1745.4800,1369.1700,3715.9000,1671.1700,1633.7400,2595.6300,2064.4200,3080.0100,2583.2300,1397.4300,1507.3900
2012-07-02,1712.7100,4336.9700,1738.5700,1882.1300,3587.4800,2267.0200,3168.0400,1297.0700,2327.0400,1047.9200,2050.7600,6044.9400,1765.3300,1375.9700,3788.3900,1687.5000,1632.1100,2622.1700,2062.7900,3103.9400,2626.7600,1410.5800,1521.0800
2012-07-03,1714.5500,4351.1000,1741.1100,1881.6700,3573.9700,2273.2000,3147.3200,1298.3000,2329.0100,1053.8400,2082.0900,6145.5000,1775.8200,1379.0000,3760.5600,1674.6000,1639.7700,2663.9200,2061.7900,3120.3600,2649.9500,1421.4800,1518.1100
2012-07-04,1725.6900,4386.5500,1737.3200,1878.7200,3593.7700,2256.9900,3117.6600,1287.1800,2325.8400,1045.3300,2063.9300,6162.4400,1760.8500,1370.7100,3716.1400,1669.3700,1633.9000,2650.3200,2061.2000,3105.7100,2656.0400,1417.9600,1517.7800
2012-07-05,1690.1700,4312.0300,1694.3400,1834.3100,3518.1700,2200.0400,3043.8800,1253.7800,2281.6800,1022.7000,2030.1200,6066.3300,1721.1900,1340.7900,3688.4300,1654.2500,1600.0200,2627.1300,2038.7100,3025.6500,2611.3800,1391.1700,1485.8800
2012-07-06,1723.2900,4379.6400,1722.3000,1861.2600,3617.9600,2242.9600,3093.9500,1274.3000,2320.5500,1037.5400,2048.1400,6315.5500,1748.7400,1358.2700,3804.0300,1679.2300,1619.1500,2715.8500,2047.2100,3073.4100,2673.1600,1409.4800,1514.3900
2012-07-09,1706.4100,4194.4900,1683.5800,1805.4200,3530.7400,2183.7600,3003.1600,1242.8100,2254.0100,1009.5100,1975.0800,6251.3400,1714.0400,1323.7200,3776.6300,1665.6200,1578.8800,2667.5000,1986.6900,3002.7200,2701.9000,1375.2400,1491.9800
2012-07-10,1699.8000,4175.4800,1674.3300,1796.5600,3515.8300,2171.0300,2985.2100,1227.0300,2244.3200,990.3900,1959.1300,6166.0900,1699.9300,1317.9000,3680.6600,1660.6000,1576.4600,2610.6600,1989.3200,2991.1000,2683.0300,1376.8300,1479.9200
2012-07-11,1709.4200,4224.5700,1698.0900,1825.1000,3537.8100,2211.0200,3019.2600,1234.5600,2262.9000,991.6900,1971.6200,6320.8100,1698.5200,1323.7500,3776.6600,1661.2600,1585.2700,2597.3100,1992.0000,2992.4500,2695.5900,1382.2300,1478.2300
2012-07-12,1752.1500,4401.1900,1720.8000,1831.6500,3608.2200,2231.5600,3051.9400,1255.3500,2281.8600,1007.7200,1986.0100,6362.1500,1712.5200,1337.6900,3811.7000,1664.7400,1597.7800,2655.2100,1997.5800,3001.5200,2731.2600,1395.7300,1495.0500
2012-07-13,1752.2000,4363.6500,1708.9100,1832.9400,3579.0900,2238.3400,3037.0100,1238.0200,2253.9900,995.5600,1997.1700,6413.8900,1694.4700,1329.0800,3839.5500,1657.1200,1590.9300,2649.7000,2005.1000,2978.5900,2724.0200,1384.4200,1481.0200
2012-07-16,1720.7800,4282.0900,1650.4600,1779.4300,3482.4900,2182.8600,2903.3100,1179.2000,2168.2000,944.2200,1935.1200,6285.8000,1628.9200,1278.3200,3737.2900,1616.6200,1552.5600,2555.3800,1976.5000,2849.4100,2650.9500,1326.4300,1431.2500
2012-07-17,1714.3400,4335.6500,1670.9800,1790.8700,3515.3100,2208.2900,2916.0700,1190.3400,2184.6800,952.3200,1948.1600,6158.7600,1641.0700,1294.0600,3708.2800,1623.1900,1560.6800,2591.5500,2005.1900,2863.1400,2647.6900,1334.9000,1446.0100
2012-07-18,1749.5500,4390.1200,1685.2400,1809.4200,3528.1300,2209.0400,2934.9000,1194.3400,2208.1900,952.2500,1966.3800,6081.6600,1662.1900,1306.2900,3702.7500,1640.5800,1568.8500,2532.6100,2013.4200,2894.8800,2656.9200,1344.4700,1462.2000
2012-07-19,1759.0100,4388.4500,1701.0700,1811.9400,3536.1300,2230.8800,2970.8100,1212.1800,2235.7800,964.4100,1974.3800,6085.6600,1684.9800,1325.9300,3724.3600,1645.4500,1578.4600,2540.5100,2031.6300,2932.8200,2703.5400,1365.7500,1487.2200
2012-07-20,1729.8200,4320.0200,1694.0700,1800.6200,3493.8300,2207.0100,2938.0900,1205.0300,2213.7100,964.4800,1958.4500,6012.1500,1691.0300,1320.5500,3732.8900,1637.9100,1562.0200,2516.9800,2013.9900,2884.4200,2708.0200,1363.5700,1475.0200
2012-07-23,1739.8900,4258.2000,1678.6700,1772.3400,3436.2900,2172.7400,2901.6500,1196.0000,2174.7200,956.7700,1930.6700,5928.8800,1673.1200,1302.1900,3724.0500,1629.4100,1547.3500,2483.2800,1976.9900,2852.9800,2685.9900,1359.1200,1471.2700
2012-07-24,1741.2300,4283.0900,1686.0200,1787.4300,3442.8300,2186.7700,2920.1500,1212.2900,2193.9200,963.8400,1933.0500,6021.7200,1690.9300,1310.8200,3743.3500,1629.7700,1550.7200,2518.4400,1977.5500,2876.2900,2709.2600,1366.9200,1486.7800
2012-07-25,1719.8900,4226.3200,1674.5500,1765.9600,3415.8400,2169.0300,2904.8300,1208.7800,2184.1800,959.1600,1922.2700,6029.8100,1672.0600,1302.9500,3734.6100,1618.1800,1541.8300,2467.2900,1966.9800,2851.0500,2673.0400,1365.0800,1476.5900
2012-07-26,1682.3800,4212.7700,1660.4700,1790.4300,3413.2700,2162.1400,2890.4000,1202.5400,2169.2700,955.8700,1912.2200,5948.6300,1650.9700,1292.2300,3687.3700,1607.9100,1529.3300,2414.4800,1963.4900,2806.3800,2649.4400,1363.9600,1470.6400
2012-07-27,1672.1100,4249.1500,1654.7500,1785.0700,3399.0500,2153.3700,2894.9400,1192.9000,2173.6900,956.0200,1904.0100,5919.4500,1642.6600,1286.2500,3611.1200,1595.0900,1528.9400,2414.2200,1968.3700,2805.9000,2618.1300,1368.0300,1457.0300
2012-07-30,1631.2800,4241.8100,1626.0900,1771.2400,3312.4300,2123.1100,2862.3900,1162.7200,2149.7900,934.6600,1886.1100,5882.0000,1612.4200,1261.6700,3548.8600,1571.6400,1512.1400,2388.2500,1956.6800,2757.3900,2554.5500,1338.8300,1415.0700
2012-07-31,1599.2500,4158.3100,1586.4700,1758.9700,3248.2500,2098.0400,2806.7300,1135.2100,2114.5300,923.6000,1897.0300,5756.3600,1600.8700,1239.8600,3516.1100,1555.1700,1496.3600,2406.6500,1980.5800,2726.6700,2541.0800,1318.3100,1392.5100
2012-08-01,1617.9400,4239.9900,1608.2800,1776.0800,3323.1600,2144.6400,2851.0400,1156.8600,2143.6400,935.0200,1911.7400,5788.5000,1617.4200,1258.4100,3574.2700,1573.2100,1511.6200,2431.4600,1995.3800,2753.8400,2576.9500,1343.5000,1404.9400
2012-08-02,1614.9800,4189.5200,1589.6100,1790.1400,3274.1100,2119.6200,2824.0700,1159.6800,2123.4100,932.6700,1882.3000,5746.1300,1603.2100,1248.8300,3624.1800,1571.4600,1504.3500,2315.3100,1985.4600,2723.5400,2565.5200,1345.6800,1384.5400
2012-08-03,1639.0300,4263.2300,1629.9300,1806.6100,3337.5600,2151.5400,2867.3400,1194.7700,2132.0600,949.3800,1897.5600,5853.4400,1640.0200,1269.8800,3695.1700,1595.6000,1517.9700,2345.9000,1986.9900,2763.7800,2627.5900,1374.2500,1419.0500
2012-08-06,1676.5800,4351.6200,1669.4800,1836.6500,3486.4900,2194.2700,2932.4600,1224.2800,2166.6500,972.1600,1925.1700,5941.5500,1671.8000,1295.5000,3759.4400,1613.0900,1534.7900,2393.1800,1999.4700,2816.7000,2690.7700,1408.1600,1459.0300
2012-08-07,1709.5400,4354.5700,1690.1600,1859.9000,3546.6600,2214.3800,2957.7400,1233.8500,2177.3600,983.2900,1930.1900,5977.1100,1685.1100,1313.7100,3766.8500,1609.2100,1545.6100,2414.2100,1987.1000,2843.7600,2709.6700,1420.0000,1481.7000
2012-08-08,1691.0900,4376.2800,1690.8100,1840.1000,3549.8400,2210.0200,2950.7800,1227.1600,2170.5300,979.5100,1914.3100,5939.4900,1686.2800,1315.1800,3724.3400,1600.8600,1542.2900,2422.8800,1999.6600,2833.6500,2684.4100,1417.1700,1483.0200
2012-08-09,1721.1300,4392.4700,1712.6100,1855.4300,3566.4400,2234.5200,2983.2400,1247.8800,2200.0600,996.0600,1939.6900,6147.0100,1700.3200,1327.1000,3821.0000,1612.6800,1550.7700,2457.5300,2004.4200,2866.0500,2739.5700,1429.9500,1497.4400
2012-08-10,1715.0200,4346.5200,1714.9000,1883.7800,3524.1500,2226.7400,2973.0900,1251.9800,2194.4800,997.9100,1927.1100,6017.9200,1698.2300,1328.5700,3835.6300,1624.6100,1543.7000,2426.8300,2004.4800,2863.5900,2707.2700,1424.2000,1495.2300
2012-08-13,1708.0400,4250.8000,1681.0300,1859.2400,3473.7100,2167.7200,2894.0100,1223.1200,2156.5700,981.0900,1891.2000,5969.4700,1660.2400,1300.8000,3808.1700,1601.6900,1513.3300,2348.5800,1944.7700,2814.6500,2671.7500,1398.3600,1470.0100
2012-08-14,1711.5700,4305.6400,1700.1500,1868.6100,3468.4000,2173.0300,2927.3900,1232.5700,2168.4700,983.5200,1894.4400,5983.1500,1668.9500,1311.1400,3828.2500,1611.5300,1514.4700,2377.6600,1946.4400,2809.8800,2681.8200,1413.5600,1479.5300
2012-08-15,1688.6400,4242.9800,1680.2600,1856.9800,3414.8200,2158.5700,2886.4800,1225.1400,2152.0300,976.0400,1883.8100,5913.6000,1653.6700,1303.1500,3803.9300,1597.2900,1498.2200,2359.6800,1919.0400,2818.3900,2651.2100,1399.6900,1460.7200
2012-08-16,1669.6100,4222.9000,1664.0600,1839.6900,3405.0200,2153.9400,2876.8000,1211.6000,2147.7400,967.6300,1882.2200,5804.6100,1641.3900,1295.5900,3748.9600,1593.2100,1491.0600,2356.2300,1915.1600,2792.1600,2628.1700,1389.1600,1456.7700
2012-08-17,1657.7400,4233.3700,1670.9000,1852.4100,3420.5100,2148.6800,2881.9700,1218.2500,2145.6400,963.5500,1884.1700,5663.6000,1643.7800,1296.9400,3707.2800,1588.5900,1487.6600,2353.2000,1920.4300,2789.6000,2616.7800,1393.9500,1466.3400
2012-08-20,1685.3700,4216.9700,1679.0900,1836.1500,3416.8900,2133.6400,2875.3200,1222.9300,2140.0600,965.6300,1864.4200,5732.8100,1642.6800,1298.9400,3728.1800,1590.7100,1480.6000,2326.4800,1906.5400,2782.9600,2627.1800,1405.4300,1469.4600
2012-08-21,1702.0100,4247.1200,1700.1700,1837.2100,3447.7200,2148.9300,2913.4500,1262.0800,2163.9800,989.1200,1873.7700,5826.9200,1657.1600,1312.9400,3815.9900,1609.5700,1492.4900,2320.1100,1906.8400,2814.8000,2657.9700,1436.8400,1489.8800
2012-08-22,1692.6300,4211.2500,1685.1100,1818.0800,3409.0800,2130.8400,2894.3700,1255.2500,2144.3000,985.1800,1853.7900,5743.3300,1641.8800,1307.4100,3799.5400,1613.6700,1477.7900,2282.6600,1903.1900,2795.6100,2633.2200,1430.6800,1488.0600
2012-08-23,1700.3500,4249.2100,1699.9100,1831.4000,3496.8900,2134.0200,2911.2800,1275.8000,2154.2500,996.2300,1868.4300,5699.8400,1646.5400,1323.9400,3802.5600,1616.7200,1486.2500,2290.1100,1905.8500,2810.2500,2627.3400,1439.8900,1498.3300
2012-08-24,1659.0500,4133.4300,1667.2800,1800.7000,3423.2000,2089.7500,2838.7800,1244.0300,2127.0500,974.7500,1854.8500,5697.6600,1614.8700,1296.7800,3751.2400,1592.2000,1464.4800,2270.1900,1893.0200,2751.1200,2586.3600,1414.4300,1455.9200
2012-08-27,1622.6000,4012.8000,1628.5500,1747.4500,3312.6400,2039.6100,2766.4600,1213.8800,2070.1100,942.7800,1840.1600,5625.3700,1570.0500,1276.1300,3691.4500,1569.8100,1436.1600,2243.8000,1851.7400,2694.5700,2529.3900,1388.1700,1422.5500
2012-08-28,1623.5800,4040.4600,1644.6400,1798.0700,3315.7800,2046.5200,2788.6000,1234.7100,2083.0500,944.8600,1850.8000,5582.6600,1573.6600,1281.6500,3687.7300,1572.6100,1443.2400,2230.9300,1873.2300,2713.3200,2523.0800,1403.1800,1430.0600
2012-08-29,1605.6300,3950.7500,1627.3900,1764.5300,3237.0800,2038.7800,2764.7900,1257.8500,2075.9500,945.8600,1846.2000,5476.7200,1558.7300,1271.8400,3678.4600,1560.9000,1433.2300,2214.5400,1862.4600,2693.7900,2525.1600,1397.9500,1416.1100
2012-08-30,1568.5800,3944.9900,1602.1300,1746.1400,3193.7300,2003.2800,2731.3900,1227.0500,2059.2700,939.4500,1833.3700,5357.9600,1534.5000,1255.6500,3572.6300,1541.6400,1421.0600,2205.2100,1885.0400,2670.5500,2481.8100,1378.5900,1396.5400
2012-08-31,1574.3400,3934.1200,1614.0500,1737.6800,3164.2400,2005.5600,2737.4000,1228.7400,2053.2000,943.5700,1852.6700,5390.6900,1537.7400,1261.0000,3577.3900,1544.4200,1419.8700,2223.2300,1875.6200,2661.7000,2504.9100,1383.5200,1403.2000
2012-09-03,1610.1000,3970.9400,1640.4400,1737.1500,3225.6600,2042.5000,2771.1000,1254.8700,2079.8000,957.8000,1882.7400,5503.6300,1558.0900,1282.5700,3655.2000,1556.5600,1423.7800,2291.3500,1882.1900,2686.2600,2555.2400,1407.6300,1420.1100
2012-09-04,1600.1900,3941.2100,1627.7300,1705.7900,3196.6100,2015.3300,2729.3900,1252.2400,2062.2700,954.0400,1867.9300,5516.9200,1538.4400,1273.7000,3629.2300,1541.8200,1406.7000,2260.1800,1857.7800,2676.9500,2543.8000,1397.6900,1401.1300
2012-09-05,1606.8400,3895.0900,1633.5300,1689.6700,3207.7200,2020.4800,2736.0400,1271.3000,2073.1800,971.7400,1881.9400,5510.2400,1543.0100,1276.5600,3642.2400,1558.4400,1398.5000,2287.4000,1841.3900,2700.4000,2548.4900,1414.2400,1405.1100
2012-09-06,1619.5400,3935.7600,1651.4900,1705.5500,3249.0300,2054.8200,2776.9500,1281.8900,2092.4500,983.2900,1894.9300,5515.5200,1557.3700,1294.6000,3662.1100,1570.5900,1413.2500,2297.6200,1859.8600,2719.2900,2585.4200,1424.7200,1417.6100
2012-09-07,1669.7300,4169.8700,1710.3200,1788.1700,3421.9400,2180.0100,2910.0400,1313.5200,2177.5900,1011.7600,1940.3200,5729.9700,1612.1800,1329.6300,3761.0200,1615.0500,1465.3600,2376.5600,1941.6700,2807.6400,2646.7200,1462.2500,1464.3600
2012-09-10,1684.5900,4209.5500,1732.9000,1802.6500,3480.0100,2225.5700,2952.3000,1322.1200,2211.6200,1023.6700,1953.3200,5717.3200,1626.6800,1339.1300,3769.8200,1613.9600,1464.1100,2384.7600,1936.5500,2827.5100,2649.1400,1472.5200,1476.9300
2012-09-11,1679.4200,4161.7500,1727.3100,1795.8500,3462.9100,2190.4500,2937.7700,1319.1600,2223.2500,1023.2100,1939.8200,5684.9700,1619.4400,1331.7000,3794.4000,1598.5400,1453.4300,2359.2100,1921.5800,2839.8200,2646.0000,1469.7400,1470.1500
2012-09-12,1690.1400,4217.6100,1741.7600,1812.4100,3518.8200,2215.3000,2959.2600,1324.1400,2238.3600,1029.6300,1933.3300,5715.0100,1638.0000,1337.8200,3805.4700,1598.7600,1462.3400,2369.3100,1918.8300,2860.8700,2665.6500,1469.0100,1482.7200
2012-09-13,1667.0200,4152.3500,1712.0400,1806.0200,3431.5500,2172.7000,2910.9100,1300.9600,2246.7400,1021.3400,1918.3200,5671.5900,1610.4900,1316.4000,3770.8400,1580.3600,1447.6700,2340.8800,1905.2400,2815.4200,2657.9400,1448.1600,1462.4900
2012-09-14,1665.3500,4213.2000,1721.0300,1816.2800,3520.9600,2180.6400,2906.5100,1302.1500,2246.0900,1017.9000,1932.8900,5709.7900,1609.4600,1320.7100,3762.5100,1576.9100,1447.9700,2338.9400,1922.1600,2815.3500,2636.5100,1450.4800,1468.6000
2012-09-17,1618.7700,4087.5100,1675.6800,1764.7800,3447.2800,2110.7000,2800.5400,1266.8000,2188.4200,985.0100,1893.6500,5585.3200,1556.2900,1285.7200,3680.3300,1540.7800,1407.7200,2248.9300,1878.9600,2735.9400,2584.1800,1413.0600,1419.4600
2012-09-18,1612.1200,4005.8700,1665.0100,1741.9600,3363.8300,2100.5400,2791.5700,1273.2700,2156.0300,982.6300,1886.7500,5543.5800,1549.1400,1284.6900,3683.0900,1533.7400,1396.6700,2243.4900,1862.5800,2720.2200,2604.7600,1408.4000,1415.5900
2012-09-19,1623.9700,4041.1500,1673.4100,1749.0600,3479.0500,2111.3100,2810.4400,1286.1100,2172.2500,1003.7800,1914.8400,5469.5700,1551.4200,1298.8300,3712.7100,1539.7300,1402.6800,2253.6300,1867.2100,2750.9200,2641.3200,1421.7500,1428.2300
2012-09-20,1581.6700,3901.7800,1622.7400,1708.0500,3352.2200,2056.5600,2717.0100,1232.0800,2118.2800,977.3500,1872.0000,5355.7600,1505.3400,1255.4000,3609.7300,1496.5800,1374.7700,2192.3200,1837.6800,2691.3900,2580.9600,1377.3300,1382.5400
2012-09-21,1568.2000,3940.1200,1615.9300,1711.6000,3409.9200,2049.7000,2700.3500,1213.9100,2083.1000,958.4900,1860.7900,5363.6900,1501.4100,1250.0500,3573.8300,1499.7000,1379.9600,2194.9700,1835.2600,2677.9400,2516.9500,1365.0700,1386.9300
2012-09-24,1573.0300,4007.6200,1626.8200,1704.0300,3428.1300,2084.9900,2728.3900,1225.4000,2093.2400,968.4700,1863.3800,5406.5400,1505.8400,1250.0800,3595.4900,1499.6800,1375.3000,2214.7200,1846.9400,2701.6400,2522.0400,1379.7800,1393.3800
2012-09-25,1569.1100,3990.5100,1617.6000,1709.9700,3356.2300,2078.1200,2703.9700,1208.7800,2084.7100,957.8100,1856.5200,5463.8900,1490.8900,1235.8700,3581.3700,1492.9400,1366.5900,2214.3000,1847.0000,2682.6300,2530.3300,1360.3700,1377.9200
2012-09-26,1527.0100,3943.7500,1582.3200,1679.8200,3272.0900,2044.6200,2640.9500,1175.4100,2036.8100,941.5100,1836.8600,5379.0200,1456.0900,1207.2800,3519.2800,1468.0900,1349.1000,2177.2000,1834.7500,2626.7900,2462.7600,1329.1500,1347.1100
2012-09-27,1556.8700,4106.4100,1623.5200,1715.8000,3371.9000,2098.8000,2706.6600,1204.3300,2084.5100,963.1800,1879.8900,5508.0500,1484.1700,1232.0200,3585.5300,1497.9000,1380.7400,2239.5300,1898.9500,2679.1200,2497.8400,1358.6100,1375.1800
2012-09-28,1586.7700,4171.6400,1654.7000,1736.7000,3471.2600,2142.3300,2760.0000,1226.2800,2130.6600,981.3500,1912.8900,5633.8500,1506.1400,1252.3600,3636.9900,1524.0900,1397.7100,2295.9000,1919.9100,2751.8900,2530.9500,1376.9000,1392.9400
2012-10-08,1591.1000,4111.2900,1662.9500,1726.5600,3411.3900,2127.5300,2751.7800,1225.7700,2132.1700,983.4000,1901.8600,5544.6300,1506.0900,1247.6100,3635.3800,1520.7400,1394.3600,2260.4700,1903.9800,2726.0500,2532.8000,1363.0900,1396.1100
2012-10-09,1628.8000,4205.3100,1702.6300,1763.1000,3478.7600,2188.3700,2831.9600,1263.3300,2180.8400,1003.5900,1952.9900,5654.0500,1544.5500,1275.5600,3737.2000,1553.2800,1423.8100,2317.8600,1946.3300,2793.7000,2566.5300,1402.9500,1427.8000
2012-10-10,1646.6800,4231.0400,1716.9400,1794.3800,3490.9100,2191.4700,2855.5700,1285.5800,2206.3900,1015.4900,1968.5100,5670.9800,1568.5600,1291.2000,3766.0000,1556.2300,1434.5500,2335.5600,1941.2900,2813.3800,2585.7200,1416.3700,1442.6300
2012-10-11,1616.2400,4156.3800,1704.9000,1765.7500,3458.2900,2163.5500,2805.3900,1257.1500,2164.6700,992.5500,1949.0700,5624.8100,1545.5600,1279.4400,3733.7800,1540.8700,1416.0400,2305.0600,1927.6500,2772.5900,2534.8800,1400.4400,1421.7400
2012-10-12,1610.9700,4181.6500,1716.0000,1759.0700,3426.4700,2150.8500,2796.6700,1250.7200,2164.8500,984.9100,1951.3100,5618.5800,1542.8500,1278.8500,3723.4100,1538.6400,1417.1400,2308.4800,1935.5100,2761.2000,2514.1200,1399.3200,1427.1700
2012-10-15,1588.9500,4127.8400,1701.0800,1744.4800,3349.5200,2135.2300,2768.2400,1244.0100,2144.9000,962.8800,1955.0700,5692.1000,1526.0400,1268.0200,3763.5700,1536.7200,1409.1500,2295.0100,1935.9000,2747.4600,2508.2500,1381.1100,1415.1800
2012-10-16,1599.0900,4128.4100,1702.8800,1738.3300,3340.2400,2139.6300,2774.5500,1245.5900,2148.1600,961.3200,1952.5000,5787.5800,1534.3400,1267.6900,3800.2800,1533.4900,1411.5200,2299.2100,1937.9800,2751.5000,2512.6600,1383.8700,1405.8900
2012-10-17,1604.7100,4140.2200,1716.4100,1741.2700,3366.2800,2153.3600,2780.4900,1248.1600,2156.4800,961.0000,1943.1800,5780.6900,1543.6700,1271.0400,3794.4500,1534.9500,1414.6500,2293.6600,1939.7400,2767.5700,2519.3800,1382.3300,1399.4400
2012-10-18,1620.5500,4212.9100,1739.2600,1772.0700,3409.2000,2199.5000,2834.4300,1270.3800,2197.0700,977.3300,1970.7800,5858.7500,1569.6900,1291.4900,3828.2700,1557.2900,1441.3800,2376.6600,1960.3800,2815.0600,2550.2900,1401.6600,1423.3700
2012-10-19,1617.1200,4192.0400,1727.2300,1775.7700,3383.1000,2205.1000,2836.7700,1272.6000,2203.2000,976.4800,1965.8300,5854.8000,1564.1500,1287.8000,3795.3100,1551.8900,1437.9600,2376.3700,1958.6700,2806.4700,2542.6400,1404.2900,1419.9900
2012-10-22,1619.9600,4212.8000,1739.6700,1779.3000,3357.8500,2205.9900,2852.7800,1277.0900,2211.9200,981.9300,1973.0700,5839.8500,1569.1300,1289.5200,3817.3400,1563.1300,1443.4900,2404.2400,1973.1300,2824.6900,2562.1300,1407.6900,1427.6500
2012-10-23,1612.2400,4153.1600,1715.8000,1798.2200,3341.2300,2167.7100,2828.7100,1259.0400,2196.7800,974.6000,1957.0100,5710.8200,1547.5200,1283.9300,3744.1000,1554.9200,1432.0300,2393.9300,1945.0800,2794.3600,2527.1900,1386.8200,1418.7800
2012-10-24,1601.4100,4126.2300,1715.5800,1810.9100,3308.5500,2173.4500,2825.7000,1257.1100,2204.7400,977.2900,1963.4700,5722.1100,1543.7900,1295.0900,3719.3900,1575.6400,1445.3700,2388.1600,1937.4600,2781.7300,2500.4500,1380.1200,1426.8700
2012-10-25,1585.2500,4070.9100,1690.5800,1833.7100,3297.2200,2154.3100,2800.0400,1235.7200,2169.2600,966.9800,1953.3500,5689.2100,1530.3300,1280.2300,3682.1800,1568.1700,1448.4500,2353.2000,1922.3100,2744.1200,2481.6100,1371.4900,1410.0300
2012-10-26,1543.7700,3986.6200,1656.7000,1773.7000,3175.6300,2111.7200,2719.4600,1213.7300,2120.1600,945.7600,1914.8400,5599.4900,1490.2900,1257.6600,3657.7400,1556.8700,1419.6400,2309.7400,1893.9400,2684.8300,2452.2700,1345.9200,1376.3700
2012-10-29,1537.0800,3967.1800,1648.2300,1760.5600,3140.9800,2110.1800,2711.8200,1212.9100,2112.9900,944.3700,1902.4700,5601.2800,1485.9500,1270.4200,3687.3400,1544.8200,1414.3900,2313.0200,1874.9500,2684.5800,2466.2800,1341.3000,1371.8300
2012-10-30,1532.3700,3983.6500,1647.2500,1781.0900,3143.2700,2118.3800,2714.3900,1210.3900,2116.1400,943.5700,1916.0600,5624.2400,1484.9400,1266.9600,3684.4700,1538.5800,1415.7000,2342.0600,1876.1500,2673.5300,2468.8300,1333.9200,1372.6800
2012-10-31,1532.7800,4007.8300,1657.7200,1779.0400,3162.0800,2133.8800,2720.0200,1217.7000,2131.1100,942.2000,1972.3400,5653.2100,1482.4600,1263.8500,3725.0200,1550.1300,1420.5200,2350.6100,1884.7600,2677.0400,2486.4400,1332.8500,1375.8100
2012-11-01,1560.1600,4068.1900,1688.2000,1793.2400,3255.1700,2182.9400,2767.7600,1233.6300,2171.4100,953.5400,1992.7900,5740.7100,1510.6900,1285.7600,3765.6800,1567.4600,1441.0500,2437.3100,1920.3600,2722.9700,2509.4000,1352.8400,1395.4500
2012-11-02,1565.4100,4074.3300,1693.9100,1791.1100,3244.6000,2197.9100,2775.0400,1230.8800,2180.3600,954.1100,1990.5200,5764.9500,1514.8000,1289.1300,3770.2400,1572.4800,1452.0800,2488.5200,1934.3500,2727.9700,2517.4200,1358.9900,1407.4000
2012-11-05,1562.8700,4115.7200,1682.5000,1790.4400,3224.1900,2191.0100,2779.0700,1216.5800,2183.8600,951.7300,1997.7700,5691.5500,1511.1900,1283.4800,3754.5600,1573.1400,1451.8200,2467.1500,1931.4200,2714.8100,2516.0600,1356.7700,1409.4200
2012-11-06,1559.5600,4075.7500,1664.3800,1773.4800,3228.2100,2170.4400,2763.8100,1211.7300,2181.1100,945.5300,2000.8100,5584.0200,1499.6700,1274.3400,3737.5700,1576.1400,1437.7300,2441.7900,1932.2700,2699.8300,2506.8800,1348.1600,1401.7800
2012-11-07,1558.9800,4075.9900,1664.3000,1778.0600,3288.3400,2161.2000,2753.7400,1211.0300,2194.1900,945.3500,1994.8600,5582.0000,1497.7500,1273.7200,3724.5700,1569.2900,1430.7400,2419.5800,1922.5700,2695.3300,2490.4200,1345.0200,1399.7300
2012-11-08,1519.3700,3942.9400,1618.6800,1734.8200,3187.4600,2117.6800,2675.0700,1177.6100,2149.6000,919.0500,1964.4900,5520.2300,1455.6600,1242.3800,3667.3900,1541.0600,1402.2500,2385.1100,1890.7400,2637.7300,2457.1200,1312.7400,1363.4300
2012-11-09,1514.7500,3933.8900,1615.5200,1734.0800,3174.4100,2119.1100,2667.3800,1174.2500,2156.4900,913.5500,1960.4600,5501.0800,1452.5200,1241.9000,3635.3700,1540.6600,1403.4500,2381.9800,1886.7300,2642.7200,2436.1000,1304.5300,1362.9200
2012-11-12,1528.5900,3962.9900,1622.8000,1741.8900,3206.8900,2127.1400,2687.1800,1176.7900,2184.9800,918.0000,1971.6400,5427.9100,1462.2800,1261.6400,3602.2200,1558.1500,1418.0600,2435.0900,1899.9800,2637.9300,2435.3900,1310.0400,1371.2200
2012-11-13,1499.4500,3884.0300,1590.7900,1726.0900,3142.2200,2090.9700,2634.8800,1155.7200,2136.6500,897.8700,1937.3100,5348.1900,1439.5200,1237.0300,3551.4900,1536.0600,1393.0500,2357.2000,1866.1900,2583.5400,2428.1900,1292.4600,1348.9300
2012-11-14,1497.4100,3905.9600,1593.4300,1730.4500,3190.0300,2092.0200,2642.2300,1161.0200,2139.3400,899.3300,1946.2800,5403.1400,1440.2500,1243.2900,3582.3300,1539.1200,1396.5100,2343.6900,1873.0600,2582.6000,2378.1200,1294.0500,1352.1800
2012-11-15,1474.8300,3825.1500,1565.1500,1706.5200,3116.3400,2065.4300,2591.8600,1134.2300,2096.5300,882.0600,1938.7500,5330.7600,1411.9900,1219.7500,3560.4300,1522.1700,1373.3400,2314.5200,1852.7500,2537.2500,2348.9800,1268.5100,1325.2400
2012-11-16,1463.0900,3770.7200,1556.3100,1699.3700,3082.4600,2061.9300,2583.4500,1123.2800,2086.8600,875.0800,1926.9400,5245.3500,1403.3500,1207.4100,3522.2400,1515.4800,1365.9100,2318.8600,1841.1500,2518.6000,2343.0500,1257.3200,1314.6100
2012-11-19,1469.0700,3788.6900,1568.4000,1702.4700,3110.5100,2079.3500,2596.9600,1128.4300,2099.5200,876.7700,1932.1100,5059.9600,1409.9600,1216.8100,3510.2900,1521.6500,1374.3000,2317.0900,1844.9000,2518.1800,2332.4700,1255.0000,1322.7800
2012-11-20,1477.8000,3755.7300,1559.0900,1697.8000,3100.9800,2076.9000,2590.0500,1125.8800,2091.2300,874.9200,1937.5600,5055.1800,1401.1700,1217.9000,3496.6000,1525.0500,1366.5900,2325.9300,1827.6900,2499.9200,2318.9500,1249.2200,1319.7300
2012-11-21,1485.6900,3824.2000,1580.6800,1717.3300,3134.8300,2099.3300,2621.7600,1138.2800,2122.4400,885.1800,1953.9500,5067.1000,1412.6400,1226.9200,3511.5900,1534.5900,1389.6900,2371.8900,1859.7300,2518.8500,2339.5200,1261.1800,1336.6100
2012-11-22,1493.4400,3776.3400,1563.6700,1703.5000,3093.9200,2072.5500,2591.6700,1124.3200,2105.2300,872.4100,1934.7000,4965.9600,1395.9200,1218.1700,3466.2800,1522.7900,1375.6600,2352.2000,1852.6900,2497.8400,2308.2600,1248.4900,1327.8600
2012-11-23,1503.0800,3798.7400,1570.1700,1709.0100,3113.8200,2080.9000,2597.4500,1124.1900,2122.5300,873.2400,1947.0000,5030.6700,1402.2500,1220.8100,3470.9100,1528.5700,1384.2400,2363.4200,1864.9600,2510.9700,2320.6300,1249.4100,1329.8700
2012-11-26,1470.4400,3754.3100,1549.3800,1709.2900,3114.5800,2055.4200,2561.2000,1106.9400,2112.1500,859.0000,1919.5500,4929.8000,1386.7900,1211.5200,3441.6200,1517.7100,1377.2400,2347.2100,1855.4800,2487.9700,2282.3100,1227.4800,1319.0300
2012-11-27,1406.8800,3674.8200,1494.3200,1701.7100,3019.9400,2006.1000,2471.3100,1067.9100,2054.4100,828.8300,1889.8900,4894.6000,1333.2300,1164.1900,3341.3900,1480.9300,1345.9600,2297.9700,1844.2100,2408.2400,2231.9900,1183.0900,1267.9900
2012-11-28,1384.5500,3639.7700,1461.8500,1661.9100,2928.1000,1977.8100,2426.6400,1044.4800,2015.7100,814.4000,1876.9900,4820.1900,1302.9000,1136.5700,3277.8800,1457.1900,1331.6800,2240.4700,1839.1300,2355.6100,2175.1000,1161.3100,1245.4800
2012-11-29,1371.3100,3603.8500,1443.1100,1685.7900,2878.4000,1965.4200,2411.7400,1031.4100,2012.2400,809.4800,1879.5900,4803.4500,1286.4300,1122.4700,3274.3600,1446.2700,1328.5500,2235.1700,1809.9400,2332.6800,2145.3000,1151.0800,1235.1700
2012-11-30,1377.6300,3632.3600,1462.8500,1701.6300,2919.9600,2029.5700,2432.8400,1045.9500,2052.7600,816.7500,1923.2600,4786.4400,1299.4900,1139.7900,3303.2100,1466.5600,1344.9600,2313.3000,1822.3800,2350.9800,2167.0300,1160.7100,1249.0800
2012-12-03,1348.5200,3507.2800,1430.0600,1668.0600,2845.6000,2029.2800,2360.0300,1013.3900,2034.4600,797.1400,1903.7200,4490.6900,1271.6100,1116.9700,3225.2200,1443.6000,1340.6200,2315.6700,1805.4100,2300.2600,2134.1100,1136.1800,1228.0900
2012-12-04,1350.0800,3549.3200,1446.6800,1681.8000,2873.5900,2059.4300,2392.0100,1030.9500,2068.2400,811.2700,1909.8100,4523.3100,1289.5800,1128.8900,3239.8000,1465.7600,1349.0600,2343.7700,1828.3700,2326.0500,2164.0800,1149.0800,1237.0500
2012-12-05,1395.9100,3685.7100,1499.6200,1724.4700,3000.7100,2155.6100,2494.1700,1074.8500,2137.7800,842.1200,1964.1500,4590.4100,1337.0500,1165.7300,3339.2100,1509.1200,1385.2000,2415.3700,1909.3600,2400.7400,2218.9100,1188.8000,1278.4100
2012-12-06,1396.7100,3663.7300,1495.6100,1721.3100,2965.0500,2157.6000,2489.8300,1073.1200,2125.3100,844.4800,1961.3300,4557.6000,1339.1700,1162.8500,3325.7500,1506.0500,1386.2800,2434.7000,1913.4600,2397.0600,2158.9500,1187.9800,1276.8500
2012-12-07,1461.0800,3772.8000,1537.2600,1750.9700,3029.7900,2205.0100,2550.7900,1095.6300,2164.6400,860.5500,1944.8400,4650.7400,1371.0800,1194.0300,3385.4400,1527.0400,1406.6300,2453.2800,1961.5400,2445.8900,2202.9100,1208.0500,1304.8100
2012-12-10,1505.9100,3818.3400,1565.6300,1773.3600,3082.3500,2236.3100,2599.3100,1119.4100,2192.2000,872.1100,1957.1300,4709.8500,1395.9500,1214.4300,3400.6700,1539.8100,1419.6000,2483.7500,1987.7000,2489.1100,2230.5200,1225.9300,1329.6600
2012-12-11,1493.4700,3832.0800,1552.4800,1762.9200,3070.3300,2207.3100,2573.8200,1110.8600,2180.5800,865.2500,1944.2700,4728.0300,1391.6300,1201.9800,3379.5400,1529.9000,1406.3000,2469.8200,1975.1300,2471.4100,2227.9700,1213.8200,1328.1500
2012-12-12,1490.3700,3816.4500,1551.3400,1764.1000,3101.8800,2225.2900,2578.5500,1109.6400,2178.3500,861.6900,1952.8900,4780.3900,1393.2300,1206.5900,3363.4500,1531.3700,1410.1200,2473.4900,1988.7000,2470.6600,2221.9100,1211.3700,1330.6800
2012-12-13,1477.4400,3759.0000,1530.2200,1737.3300,3027.3900,2205.1600,2538.0700,1095.0200,2150.2300,852.0000,1953.6800,4690.7200,1375.2200,1199.8000,3343.8900,1516.0800,1397.9500,2478.4200,1960.5300,2432.6100,2215.3100,1194.7200,1317.0300
2012-12-14,1551.8700,3928.6200,1590.1100,1804.1200,3157.3700,2314.6400,2650.1500,1136.1200,2237.3500,886.6400,2016.8600,4794.8000,1425.7300,1240.9100,3448.3400,1566.7000,1455.4200,2584.7300,2101.4000,2539.1500,2296.2700,1241.0300,1371.6800
2012-12-17,1556.3000,4029.9000,1602.8000,1822.4800,3201.0900,2322.1000,2668.8400,1126.5300,2249.6400,890.0400,2025.3600,4897.3900,1435.2300,1244.3000,3408.3000,1559.7500,1466.8600,2569.9900,2115.9800,2561.5500,2308.7500,1244.4900,1377.8900
2012-12-18,1557.1800,4018.2300,1594.6900,1825.3000,3245.4700,2314.2200,2661.1000,1123.4200,2252.8700,883.8200,2023.8100,4932.8300,1427.4600,1241.8400,3404.6000,1553.5300,1460.9700,2520.9800,2126.9300,2553.1300,2297.6100,1234.7900,1375.3800
2012-12-19,1546.5400,4052.6900,1600.4700,1820.1700,3223.7400,2308.9900,2693.8700,1129.0900,2287.0700,890.8600,2016.4700,5013.5600,1431.0800,1241.4000,3416.5100,1560.4000,1457.8500,2530.0000,2118.4000,2559.1800,2302.4400,1243.8300,1366.3900
2012-12-20,1557.2000,4089.1100,1610.9600,1839.5800,3302.8600,2325.5600,2703.5600,1134.6900,2286.8200,893.4400,2052.1600,4976.5600,1440.4600,1241.2800,3397.1100,1570.0900,1462.9000,2553.0100,2126.5600,2570.4400,2302.5100,1247.5000,1363.8600
2012-12-21,1558.5800,4076.0100,1609.8600,1814.1700,3261.3400,2312.1300,2696.0400,1139.1800,2299.0800,896.0600,2094.6600,4945.1800,1441.9800,1250.2000,3437.0800,1566.4000,1458.3000,2526.9700,2106.4600,2575.5200,2308.2700,1254.2400,1359.3300
2012-12-24,1563.5300,4074.3500,1622.6100,1807.5700,3262.5300,2320.0700,2706.3400,1157.6000,2319.4200,899.3100,2099.6500,4838.2900,1451.7500,1260.1500,3502.0000,1572.9700,1459.3600,2547.5900,2124.6300,2580.6200,2324.4600,1267.4600,1367.3200
2012-12-25,1595.8800,4189.7900,1655.8400,1840.4700,3311.6400,2380.0800,2776.1900,1179.3900,2373.8000,920.5400,2132.8400,4914.6800,1490.6800,1288.5100,3573.3400,1605.2300,1497.0100,2662.4300,2196.2600,2648.3700,2368.6200,1293.6200,1396.5300
2012-12-26,1616.8800,4207.2300,1681.0800,1848.3900,3352.4200,2402.5100,2816.8800,1204.2600,2381.2400,938.7600,2135.8800,4982.6100,1515.8600,1318.8300,3594.2400,1618.8700,1507.0700,2704.1900,2192.8900,2682.0500,2409.0300,1317.7600,1411.1500
2012-12-27,1595.2800,4190.1400,1669.2400,1861.0500,3333.7000,2376.8100,2782.1200,1191.8000,2367.1900,930.2000,2110.1200,5041.8500,1493.8900,1313.2300,3569.8400,1620.0300,1505.9400,2683.8000,2171.1000,2650.2400,2374.2400,1303.5300,1404.2700
2012-12-28,1601.7000,4225.6200,1679.7100,1859.2600,3366.1200,2404.4500,2808.9400,1200.2500,2400.0500,942.1800,2122.5800,5108.6000,1511.8800,1327.9000,3604.8100,1631.4200,1518.9800,2745.8400,2219.8600,2681.6100,2399.9600,1318.0600,1431.5000
2012-12-31,1614.2300,4276.4600,1696.2100,1873.2900,3408.1800,2433.0300,2824.9900,1204.9200,2447.9200,953.2200,2134.0000,5127.2300,1520.6700,1339.2900,3629.8600,1653.6100,1533.8900,2807.1000,2281.5400,2705.1100,2442.5000,1332.2200,1445.9500
2013-01-04,1598.1200,4267.1700,1685.6800,1907.6800,3420.8700,2432.8700,2821.2900,1198.5500,2428.4600,934.8700,2128.3600,5104.5300,1510.1500,1325.6200,3563.5300,1641.2500,1530.0600,2827.0500,2300.4900,2720.7200,2406.3300,1322.2900,1433.4400
2013-01-07,1619.4700,4294.6400,1703.4800,1905.6800,3386.5500,2457.2300,2853.5900,1206.1200,2446.0700,941.1400,2173.4300,5107.8800,1523.8700,1343.2700,3650.4300,1650.1000,1535.3600,2815.3000,2323.4500,2760.1000,2435.6800,1337.8700,1448.2800
2013-01-08,1637.6000,4265.7800,1726.8600,1911.1400,3408.9700,2448.0500,2886.7900,1230.9700,2461.4100,962.9800,2162.2900,5234.7900,1538.1900,1347.5500,3742.7300,1658.6700,1532.2300,2806.2900,2281.1400,2769.9000,2465.2300,1357.7200,1469.0100
2013-01-09,1665.6200,4355.5800,1734.7500,1908.8800,3386.6100,2435.8100,2888.7300,1236.5800,2460.4000,974.3100,2160.9100,5329.6000,1553.5000,1351.0100,3733.7000,1655.9500,1531.4700,2802.2600,2269.4900,2758.3900,2464.7900,1366.2400,1468.2400
2013-01-10,1667.6100,4326.8600,1739.7100,1926.9100,3405.9100,2437.9100,2917.4800,1246.3600,2465.5000,979.2300,2162.8500,5310.8700,1563.8700,1357.0900,3759.1500,1659.1200,1544.5200,2831.3800,2271.4400,2778.1100,2480.2700,1374.2900,1483.2200
2013-01-11,1627.2400,4214.8900,1697.8500,1882.2200,3322.1400,2370.7000,2859.3000,1231.5800,2454.0100,965.3300,2146.7000,5236.5200,1519.3800,1319.6700,3713.7100,1626.2700,1512.8100,2742.3400,2224.8200,2707.0900,2457.5500,1356.0600,1451.0000
2013-01-14,1683.1400,4334.0700,1758.9200,1927.3800,3416.8100,2449.6000,2965.0400,1281.1800,2570.6600,1000.8500,2220.0300,5321.2300,1566.3800,1353.3600,3858.4600,1673.1200,1552.3600,2823.6500,2338.5200,2786.0000,2544.7200,1401.6100,1496.1600
2013-01-15,1736.1200,4376.2800,1797.5500,1952.8200,3468.5900,2475.3800,3030.9100,1307.2300,2595.5900,1024.3500,2240.3100,5326.6500,1591.1900,1381.4800,3921.0300,1703.7100,1567.1300,2830.0500,2346.7700,2837.8100,2565.9000,1430.9700,1524.2400
2013-01-16,1729.2300,4374.9700,1801.1900,1940.1300,3518.2000,2451.9200,3028.7700,1309.4300,2611.8200,1026.5100,2239.9000,5296.9600,1585.0100,1388.1400,3949.7000,1694.1500,1558.4300,2787.4500,2311.1000,2824.4700,2549.6500,1423.6700,1526.7800
2013-01-17,1704.1800,4310.7300,1785.8100,1927.9000,3434.0800,2433.3100,2984.9900,1293.4800,2527.3000,1008.2900,2230.3800,5291.1800,1563.5300,1385.3000,3944.6600,1698.4400,1553.9400,2778.5500,2291.9000,2785.8600,2529.3000,1406.5600,1509.2100
2013-01-18,1737.4900,4392.3800,1813.3500,1942.5200,3471.7300,2466.8100,3028.1800,1312.2900,2582.3400,1015.4100,2310.5700,5297.2300,1581.2300,1399.8800,3999.7300,1735.5000,1579.5300,2861.9600,2333.0700,2821.8800,2559.6000,1427.4000,1532.4000
2013-01-21,1744.0200,4486.4300,1823.9100,1940.6400,3457.9300,2495.1100,3067.5500,1312.7700,2609.8300,1016.4400,2340.3200,5188.9300,1590.7500,1413.3700,4017.5300,1742.6500,1607.4900,2893.4200,2357.9100,2839.6000,2576.8100,1433.6500,1544.7700
2013-01-22,1746.7600,4403.6300,1800.7600,1914.2300,3408.7000,2470.5900,3009.2600,1282.8700,2556.7400,999.9100,2294.1200,5138.9300,1563.8600,1390.4300,3939.8000,1708.3600,1592.1100,2878.0100,2374.2400,2798.7300,2531.0800,1415.3200,1530.5800
2013-01-23,1725.3700,4386.2500,1799.8100,1933.9100,3416.0800,2451.8900,3009.8100,1285.3000,2586.8400,1010.8800,2303.0200,5174.3600,1555.9400,1388.1500,3961.4400,1707.4800,1598.2900,2883.7500,2394.3100,2815.0100,2525.2700,1421.4800,1541.2200
2013-01-24,1686.7300,4271.6700,1773.0400,1913.6500,3341.9100,2405.7500,2949.1300,1245.3400,2561.8700,984.1900,2264.2100,5075.1900,1518.1700,1360.3300,3903.2400,1681.5800,1568.3400,2848.6800,2393.6400,2737.8200,2464.7500,1390.3400,1507.4200
2013-01-25,1681.9900,4259.2800,1776.8800,1896.1100,3353.6200,2413.0800,2945.7400,1241.3300,2560.2500,984.1400,2272.2500,4981.5700,1510.3900,1359.7700,3985.0800,1685.5500,1562.1700,2799.9600,2370.2800,2726.7900,2460.1900,1395.1700,1501.7100
2013-01-28,1716.0800,4363.5300,1820.7200,1923.9700,3423.0100,2488.7300,3021.5500,1268.9400,2651.6700,1004.7600,2332.8600,4904.5000,1541.9300,1388.4200,4090.6100,1711.9300,1596.3900,2895.9300,2485.3900,2783.8300,2516.5200,1425.4800,1538.8400
2013-01-29,1730.5300,4422.4400,1837.5500,1923.0100,3463.0200,2503.0700,3043.0100,1286.6600,2656.7400,1017.1900,2343.4200,4933.3500,1556.7600,1404.7200,4090.7200,1720.9900,1603.5400,2912.9200,2530.5700,2787.2300,2527.1300,1434.5600,1545.6400
2013-01-30,1722.2000,4444.8800,1840.8200,1935.4900,3446.7500,2494.9300,3037.6500,1286.4000,2672.3300,1019.8800,2336.9200,4970.6800,1576.4500,1404.8700,4075.0800,1717.8000,1618.7400,2981.9100,2546.4400,2803.8800,2544.0700,1435.8700,1565.0400
2013-01-31,1720.0300,4464.4300,1839.4200,1919.3800,3516.2200,2477.1300,3036.1000,1269.4800,2654.2800,1007.4300,2327.8000,4920.0500,1561.8700,1402.4100,4050.6100,1747.2600,1614.6400,2864.8700,2558.8400,2804.5600,2532.9600,1429.7500,1566.8500
2013-02-01,1739.4900,4485.8800,1852.4100,1921.0600,3495.6800,2512.5600,3070.2600,1275.2400,2680.3800,1007.8500,2340.1900,4982.1100,1573.8900,1400.8000,4054.4300,1760.2100,1620.5100,2871.6800,2678.2500,2829.4400,2543.8900,1442.8500,1584.9500
2013-02-04,1693.4300,4619.0900,1847.8800,1951.0700,3544.6200,2513.8000,3053.3900,1264.0800,2696.7100,988.5100,2304.2100,4910.6500,1562.3800,1389.5100,3965.1900,1746.6700,1622.0500,2855.8600,2685.9000,2840.8300,2554.6100,1429.5500,1561.7500
2013-02-05,1710.1800,4664.9600,1861.0000,1969.7800,3552.0700,2580.5100,3094.0100,1276.3100,2724.1900,997.9500,2318.1400,5105.6500,1574.7500,1397.5100,4034.2400,1760.9400,1641.0900,2936.5200,2659.7100,2858.6300,2573.5500,1447.0500,1586.4700
2013-02-06,1719.2600,4618.2700,1871.3800,1961.8900,3557.5300,2571.3300,3104.4300,1289.4900,2723.5900,1002.6400,2308.9900,5085.8900,1587.2700,1405.2700,4101.1200,1758.3200,1626.3000,2902.3200,2692.4500,2875.3400,2581.3400,1458.9500,1600.5800
2013-02-07,1728.0700,4585.2700,1885.6300,1958.6800,3553.9100,2588.2600,3115.7700,1302.4800,2752.8600,1011.0200,2326.6600,5125.4800,1599.0500,1413.8700,4135.1300,1766.6700,1624.2000,2885.9000,2634.7400,2871.1100,2592.9000,1472.1500,1593.2200
2013-02-08,1748.9900,4604.2400,1914.0300,1972.4400,3586.8200,2621.6200,3147.3900,1323.4700,2825.5700,1030.2100,2366.7000,5161.6500,1614.7700,1432.0100,4226.7100,1781.4700,1639.4100,2909.1900,2611.2100,2906.4800,2626.9600,1492.8600,1608.5100
2013-02-18,1766.7900,4546.6900,1923.9900,1953.9400,3509.1500,2626.4800,3164.1400,1342.1500,2853.2000,1040.6300,2355.8700,5058.1400,1620.8600,1443.4100,4245.5900,1794.8700,1651.6300,2884.9600,2564.3600,2883.6500,2609.4600,1505.3900,1625.9000
2013-02-19,1741.8500,4398.4800,1893.1800,1919.7400,3439.4100,2533.3900,3108.6300,1330.8800,2771.4700,1021.0500,2305.8900,5039.9700,1595.5900,1427.4700,4218.1500,1765.5400,1635.0600,2774.8800,2535.7000,2827.8100,2570.7100,1479.3700,1606.8900
2013-02-20,1770.5600,4443.7300,1921.3700,1930.6900,3464.1500,2561.5400,3163.1500,1356.9100,2803.4700,1042.0200,2337.3300,5114.1500,1622.5000,1449.9600,4403.8200,1808.7900,1640.6900,2813.7600,2520.8400,2876.9500,2616.5400,1511.6400,1631.2600
2013-02-21,1743.2900,4250.9800,1877.0400,1879.6600,3328.2600,2485.2700,3078.2100,1331.6000,2710.3100,1032.5800,2288.4400,5139.5300,1594.7300,1420.5000,4336.2600,1779.6600,1594.4300,2763.6500,2407.0700,2819.3600,2571.1400,1485.5900,1594.2500
2013-02-22,1748.5300,4233.6500,1866.5700,1874.1500,3359.0500,2466.8900,3067.9200,1333.6700,2686.5100,1027.3600,2263.6300,5245.7000,1589.4400,1430.8900,4280.0100,1770.1600,1586.2100,2763.7600,2375.7400,2818.8300,2578.3700,1495.2100,1594.2500
2013-02-25,1780.1700,4239.5600,1890.1000,1871.5900,3355.6400,2485.3400,3108.6200,1352.0600,2700.0200,1039.0300,2293.6300,5181.1400,1596.5400,1435.9900,4318.3900,1813.6700,1597.4300,2738.3000,2396.8500,2829.4000,2587.0500,1505.4800,1611.2200
2013-02-26,1741.1800,4143.5400,1860.3300,1840.2700,3298.5800,2426.9900,3063.1400,1337.0400,2676.3100,1029.8700,2266.6400,5063.5200,1567.0100,1416.4500,4304.5900,1782.4500,1569.3400,2691.0700,2377.4200,2775.8400,2524.6100,1499.0400,1590.9700
2013-02-27,1731.3800,4189.3600,1870.0000,1862.2200,3325.2400,2439.6600,3071.0800,1333.2900,2695.9700,1030.3300,2280.9500,5032.8500,1560.5800,1429.2200,4247.8400,1781.8500,1572.4600,2759.9300,2420.1600,2780.5300,2504.1800,1491.7700,1612.4300
2013-02-28,1757.5700,4294.9500,1909.3800,1884.3600,3396.9200,2516.2400,3143.8100,1353.1600,2758.1600,1053.3500,2335.3700,5062.0600,1595.9500,1453.2400,4307.8400,1814.9600,1605.9800,2850.5700,2523.7100,2825.8900,2540.0500,1523.3000,1644.9200
2013-03-01,1769.9800,4256.9900,1941.4800,1881.1800,3386.1900,2523.1400,3177.7000,1377.1300,2771.6400,1077.2400,2365.0100,5069.3600,1606.9200,1463.8800,4406.6900,1849.2100,1607.4100,2841.3200,2507.9600,2825.1600,2557.6200,1545.5500,1678.1200
2013-03-04,1742.0800,4032.1400,1888.4400,1813.1500,3262.2700,2360.5000,3064.6700,1341.1000,2673.7300,1051.6600,2281.2900,5053.6400,1548.8200,1428.4800,4345.8600,1830.7400,1562.1300,2596.2300,2354.6100,2732.0700,2525.3800,1506.8500,1631.8200
2013-03-05,1770.0800,4079.1100,1935.1800,1833.0800,3317.3100,2397.1900,3116.7100,1393.2400,2715.7300,1080.6200,2306.7800,5163.3200,1580.4800,1455.5900,4489.9900,1864.0200,1582.3000,2607.8900,2488.2800,2765.3100,2585.6400,1543.0500,1665.3800
2013-03-06,1786.5500,4096.6300,1967.9800,1850.7400,3341.8700,2418.1500,3155.2600,1443.9200,2739.6900,1113.9200,2335.5900,5265.4300,1604.4600,1480.6300,4558.2600,1889.6200,1610.1800,2628.9000,2505.8100,2812.7100,2619.4500,1588.2100,1676.1900
2013-03-07,1760.6500,4151.1400,1950.3900,1848.2100,3343.3600,2407.8500,3119.8600,1418.8300,2689.0700,1097.6700,2310.4700,5308.7400,1593.5400,1472.7600,4444.0400,1862.4900,1602.7300,2644.4000,2448.5900,2790.9000,2617.3600,1554.4900,1664.0500
2013-03-08,1745.9900,4126.5100,1934.3900,1855.3900,3324.0400,2394.1100,3094.6500,1402.8800,2683.7800,1088.6300,2310.6700,5237.1500,1585.1500,1477.5000,4374.8500,1849.9600,1594.8700,2612.8800,2441.0300,2785.6500,2595.7100,1533.2800,1652.9500
2013-03-11,1743.4300,4083.7000,1930.1500,1834.4900,3317.8800,2388.3100,3097.9900,1403.9400,2677.1900,1100.5900,2316.7000,5207.8000,1589.5000,1483.5900,4398.9300,1852.9800,1594.9100,2636.7800,2406.6300,2780.5000,2620.5700,1528.4000,1650.4100
2013-03-12,1688.2900,4036.5600,1888.0600,1816.8800,3272.9900,2360.2000,3037.0500,1354.1300,2616.7000,1062.8800,2268.5600,5129.1000,1552.4100,1453.3900,4269.3600,1832.6600,1565.5900,2623.3600,2367.0500,2723.5100,2571.8200,1483.4500,1610.4600
2013-03-13,1657.4300,4047.2700,1872.1600,1802.2900,3288.4900,2313.9000,3008.2900,1349.6000,2560.5200,1054.6500,2232.0400,5121.8300,1541.8400,1443.1100,4238.7500,1805.3500,1543.7100,2574.6500,2344.4700,2691.1800,2533.5800,1464.6400,1612.0000
2013-03-14,1651.4400,4077.0300,1882.2900,1788.9100,3251.1000,2325.1600,3019.1300,1365.4800,2566.9300,1077.4500,2251.9700,5071.1500,1541.2000,1449.1800,4304.1900,1808.3500,1540.4100,2572.0900,2352.3800,2699.4700,2538.1600,1473.1200,1611.7300
2013-03-15,1650.1000,4053.7100,1889.0200,1790.4900,3236.8800,2316.6500,3031.8300,1370.6100,2577.0700,1089.7100,2275.5100,5040.7900,1540.8900,1440.6800,4340.0000,1817.5100,1564.2600,2531.2500,2361.8200,2702.7700,2555.1800,1483.9900,1623.5900
2013-03-18,1627.8700,3983.4600,1856.3200,1762.8000,3140.9300,2256.8000,2977.4500,1355.5600,2533.6300,1092.4500,2249.0300,4950.0600,1515.8400,1432.6500,4313.4300,1826.1800,1540.4100,2533.4400,2322.8400,2668.3800,2549.7600,1476.1400,1617.4100
2013-03-19,1630.9300,4006.2900,1865.6200,1766.9100,3156.8600,2297.8600,2980.0900,1354.7800,2541.2600,1086.1500,2253.8200,4908.7200,1524.4400,1429.9600,4271.1800,1845.6000,1549.0600,2598.8900,2355.7200,2683.4300,2556.7600,1475.6700,1625.0600
2013-03-20,1668.0300,4092.1700,1908.6900,1796.4600,3231.5300,2366.8600,3060.5300,1391.4600,2630.1400,1105.1800,2329.1300,5030.5400,1558.0700,1458.6000,4370.5200,1881.0600,1579.0500,2666.6900,2473.9500,2740.5100,2648.0300,1514.2600,1662.8000
2013-03-21,1684.4800,4095.3300,1939.1300,1809.2000,3232.1400,2369.7000,3091.1900,1421.1200,2651.9100,1131.2400,2362.1500,5034.4400,1561.4600,1472.8500,4432.6000,1913.2700,1587.1800,2647.8300,2469.1700,2757.4700,2665.7900,1535.5500,1675.5200
2013-03-22,1678.8300,4095.8300,1948.9500,1805.8700,3241.1900,2374.5500,3095.9000,1423.6200,2650.2500,1130.5300,2372.4600,5043.7900,1571.0700,1495.7200,4465.7400,1913.9900,1598.1500,2664.6200,2467.3400,2778.2300,2657.6200,1536.7200,1667.8700
2013-03-25,1677.6400,4090.1800,1951.8200,1848.0800,3276.8300,2373.2500,3089.1400,1429.0600,2628.6000,1120.9600,2356.3800,5050.7500,1580.7700,1496.5600,4450.8400,1917.9200,1592.5300,2678.9100,2453.3200,2781.4400,2663.5800,1526.3500,1676.3100
2013-03-26,1661.4400,4012.0000,1942.2800,1816.7700,3210.3200,2349.7900,3052.2500,1425.9600,2598.6800,1122.8000,2349.2800,5089.6700,1588.9000,1485.4700,4458.6000,1886.1300,1576.8700,2673.7400,2388.3300,2758.5000,2680.5300,1531.6100,1659.8100
2013-03-27,1663.4500,4004.4600,1945.9500,1821.0200,3214.1500,2362.3000,3054.6700,1429.0100,2618.1500,1121.4500,2375.8800,4994.6800,1590.7800,1481.0200,4518.9700,1891.9000,1583.3600,2687.5100,2401.7400,2759.6300,2652.9300,1536.0400,1661.3200
2013-03-28,1617.4700,3918.3800,1900.9500,1789.5500,3130.9100,2292.4700,2968.0200,1383.8000,2548.5900,1094.7400,2340.2600,4935.5100,1547.4300,1439.6300,4468.3500,1853.7300,1549.8000,2596.8100,2263.3500,2690.0800,2594.1200,1500.1300,1597.4400
2013-03-29,1620.3500,3903.4400,1897.3700,1775.6000,3100.2700,2312.6100,2963.5800,1399.3900,2530.0900,1093.2200,2329.2000,4909.2200,1551.1200,1444.2900,4447.3600,1850.1100,1549.5600,2591.3700,2268.5500,2689.0800,2609.0100,1500.3300,1593.8900
2013-04-01,1640.4800,3908.2900,1905.8000,1782.3900,3071.5400,2321.0800,2973.0800,1400.0100,2538.6800,1102.2700,2382.7700,4843.7100,1555.6500,1453.5600,4480.8900,1870.2500,1547.9700,2633.0400,2262.2600,2688.6400,2600.4800,1514.8100,1599.7800
2013-04-02,1637.2500,3904.9100,1875.9100,1790.3700,3067.5800,2328.6600,2937.1600,1359.1300,2521.0600,1081.2300,2383.2500,4781.5700,1541.0900,1436.2300,4312.9700,1853.1500,1540.8100,2663.8800,2264.5400,2670.2200,2545.2900,1488.1900,1582.8400
2013-04-03,1611.7900,3894.4300,1857.3300,1783.1600,3062.1500,2310.0300,2911.3300,1339.9500,2506.2800,1068.4800,2401.7400,4745.0600,1514.7800,1425.8100,4330.6900,1830.7700,1526.6500,2632.4000,2272.2100,2647.4800,2512.0000,1474.5500,1572.9700
2013-04-08,1606.7900,3822.2000,1863.6000,1770.7700,3047.5200,2316.5300,2914.0000,1368.2100,2522.4200,1086.8600,2441.5700,4788.3600,1507.9400,1419.9700,4402.9900,1832.2000,1511.1000,2599.0200,2246.9300,2638.5500,2454.2200,1492.0800,1578.3400
2013-04-09,1621.6800,3852.6500,1875.8900,1781.3600,3095.7100,2349.3300,2943.1000,1384.6700,2556.0000,1096.6900,2464.0600,4781.5400,1522.7000,1435.1700,4324.2300,1842.4700,1526.4200,2638.8200,2273.1600,2662.3200,2483.9400,1505.9800,1595.0800
2013-04-10,1609.1100,3895.3900,1861.6200,1784.9400,3114.1800,2353.8300,2936.1500,1376.0800,2568.6100,1089.6100,2421.3400,4890.5000,1519.3600,1436.1400,4260.8600,1825.2700,1521.4800,2638.4100,2259.1500,2672.0400,2471.2200,1496.7700,1586.1200
2013-04-11,1606.1200,3847.9900,1856.0700,1768.2000,3068.1200,2367.9400,2929.1400,1370.3700,2578.0100,1086.8000,2407.0100,4847.0600,1514.5700,1429.2500,4257.2700,1826.2600,1517.3000,2630.3900,2257.0100,2652.8700,2487.9500,1484.8600,1585.2600
2013-04-12,1582.4800,3819.1400,1845.4400,1755.4600,3038.8700,2343.2700,2907.9000,1362.2200,2552.8800,1072.9300,2381.9200,4905.2900,1502.5800,1419.1900,4230.2100,1807.4700,1503.1600,2620.3900,2238.8700,2634.6100,2466.5300,1478.1100,1562.8600
2013-04-15,1558.7500,3719.6900,1814.2400,1730.1200,2930.7600,2334.1400,2850.4300,1338.4700,2507.7900,1047.3100,2389.9100,4828.7000,1483.6600,1389.4600,4209.8200,1782.6700,1488.9000,2633.8500,2231.1000,2600.2700,2418.0000,1459.0100,1532.7400
2013-04-16,1561.3500,3728.5000,1826.3300,1737.4200,2919.8600,2370.3000,2876.7800,1358.5700,2545.8400,1060.8100,2405.1000,4805.2100,1493.6100,1405.1500,4222.4700,1788.7800,1500.8700,2730.9200,2252.3000,2620.4700,2449.4000,1472.1800,1544.2200
2013-04-17,1571.7200,3719.2300,1843.4200,1732.8900,2912.1000,2375.6100,2896.0300,1384.4900,2554.9200,1080.2500,2442.1200,4917.0800,1499.7100,1409.1500,4310.0500,1790.9700,1505.8200,2735.4400,2229.5200,2626.3000,2465.1300,1498.4200,1545.6800
2013-04-18,1573.8000,3716.3200,1852.1400,1726.8000,2902.1800,2371.7000,2901.3200,1393.7300,2561.7800,1083.9500,2455.4300,4890.3400,1500.9600,1425.3700,4295.8300,1804.7500,1509.8500,2735.9100,2247.4600,2632.7800,2470.2500,1510.5600,1555.5400
2013-04-19,1606.6100,3809.2300,1893.8600,1753.2500,2982.5600,2423.9100,2971.4500,1417.6400,2616.0700,1105.0600,2499.1900,4966.9800,1531.0600,1449.3200,4372.5300,1844.5000,1535.9700,2777.2900,2339.1400,2686.0600,2520.8700,1539.0000,1591.0100
2013-04-22,1616.3900,3805.1700,1892.9100,1758.3000,2981.4300,2434.7600,2997.2600,1438.2700,2639.4700,1122.6100,2487.7400,4897.8100,1530.2300,1455.6300,4434.8300,1847.9600,1537.6300,2735.2300,2336.8600,2685.6900,2515.7600,1572.4600,1608.1800
2013-04-23,1568.6900,3697.3000,1835.9500,1718.1800,2899.2200,2343.6900,2911.2100,1399.7700,2563.4500,1097.1600,2413.4300,4833.1700,1492.6100,1428.8600,4322.5800,1801.8100,1501.1600,2640.7700,2245.8700,2615.2500,2464.1000,1535.6200,1560.0800
2013-04-24,1594.6400,3747.3100,1873.3900,1737.3700,2950.8600,2379.1200,2963.9500,1445.2400,2608.3500,1142.2300,2473.8900,4856.1200,1520.5200,1455.9500,4409.6300,1831.0700,1524.8500,2671.4700,2299.3400,2644.1100,2504.9300,1603.6900,1588.7200
2013-04-25,1590.6800,3709.6800,1834.8100,1721.7400,2932.8200,2330.1000,2920.5700,1410.1600,2567.6000,1116.8900,2447.8000,4815.6700,1498.6700,1428.6800,4374.5500,1802.4100,1501.7500,2617.0800,2275.6900,2603.8600,2482.8000,1573.8800,1566.3400
2013-04-26,1559.4200,3665.2900,1800.6300,1712.0700,2915.3200,2296.0100,2865.8900,1369.2100,2523.1600,1086.9300,2427.5700,4731.8200,1476.3100,1411.2400,4297.6800,1770.9400,1480.5200,2606.7300,2264.3200,2584.2900,2430.8700,1550.8800,1545.2400
2013-05-02,1567.9500,3595.0100,1802.7600,1705.2000,2851.4600,2300.1600,2870.6000,1394.6300,2508.2100,1107.1000,2441.3700,4666.0300,1475.5000,1424.8900,4345.9300,1790.3000,1474.2300,2645.0500,2279.0000,2576.0800,2411.9600,1579.7200,1545.0800
2013-05-03,1588.2500,3629.0400,1832.0300,1724.5900,2896.1600,2338.9600,2916.6600,1429.4100,2569.7700,1122.8300,2483.4500,4729.8500,1506.6600,1454.1800,4451.5800,1823.6300,1489.3900,2683.8000,2330.6200,2617.5500,2446.0100,1613.1500,1570.8900
2013-05-06,1610.9800,3685.8800,1858.3900,1739.2000,2983.4800,2376.0900,2966.3000,1461.1700,2622.8300,1152.4800,2510.1600,4855.0200,1528.1900,1473.4000,4509.8000,1847.3600,1502.2800,2697.0800,2354.3800,2660.6800,2481.5700,1655.6200,1597.3200
2013-05-07,1606.7900,3723.7200,1855.4100,1745.8100,3021.6000,2391.6100,2965.5700,1453.8900,2657.1700,1144.1700,2500.1800,4941.7400,1535.3200,1482.8400,4495.9900,1873.9400,1505.7800,2726.2900,2338.8700,2659.7300,2491.4800,1651.0000,1606.2900
2013-05-08,1611.3200,3725.2900,1868.4500,1750.0300,3018.0200,2406.3800,3000.8600,1487.6300,2694.8000,1159.9100,2502.0400,4956.8400,1545.1800,1485.8900,4585.0100,1877.9000,1515.0800,2737.6900,2341.7600,2661.3900,2499.8600,1689.2600,1619.6400
2013-05-09,1614.5300,3660.8200,1863.2500,1734.6700,3024.0700,2374.7300,3009.5300,1498.4900,2708.7700,1165.0200,2476.5800,5010.5100,1539.3400,1474.5300,4562.9600,1883.7100,1504.3800,2697.8100,2324.6900,2672.5200,2483.0600,1712.6300,1631.3200
2013-05-10,1631.9200,3699.3500,1876.8500,1742.0700,3026.3000,2391.9400,3054.8400,1495.3000,2732.7500,1157.1600,2504.5600,5005.0500,1550.5400,1477.7900,4567.5600,1895.6800,1514.3800,2730.7400,2336.1700,2694.2800,2517.3300,1702.0600,1657.7300
2013-05-13,1650.0200,3682.8600,1874.5700,1745.7800,3021.0200,2389.1200,3067.2100,1524.0700,2751.8800,1177.2700,2486.5100,5013.9500,1556.8200,1475.8400,4562.9100,1898.1500,1515.2000,2712.2400,2318.6100,2693.5600,2521.0500,1719.2600,1650.9000
2013-05-14,1636.0500,3633.3900,1852.9300,1730.8100,2982.4900,2358.6200,3031.2000,1509.6700,2703.2900,1153.8800,2440.9200,4905.5100,1542.7600,1467.9000,4519.0800,1878.4900,1501.1200,2674.1300,2288.2400,2663.4700,2480.5400,1683.7600,1637.0500
2013-05-15,1649.6700,3628.4200,1859.1300,1730.9800,2984.9200,2367.4700,3076.9600,1571.4200,2727.6800,1180.9200,2453.3000,4958.5500,1560.3200,1476.1900,4597.0200,1900.4600,1503.5100,2686.8800,2295.0500,2683.2800,2508.9600,1732.3200,1647.1400
2013-05-16,1663.8300,3671.9000,1875.6900,1743.4700,3002.4700,2406.4200,3107.5400,1576.7100,2761.0100,1195.0900,2484.6600,4997.7600,1572.6700,1485.0600,4618.2500,1916.5700,1513.5600,2776.2300,2349.5500,2708.6400,2546.4200,1753.1400,1661.2500
2013-05-17,1686.0700,3800.0100,1898.0600,1763.9100,3048.5000,2477.0100,3154.6500,1619.4900,2773.3400,1214.0700,2506.4900,5063.8400,1590.4800,1500.2700,4639.1400,1942.6500,1532.2700,2853.2200,2371.4300,2741.3600,2565.4100,1794.0700,1677.9600
2013-05-20,1715.5900,3803.0900,1926.1300,1771.6900,3090.5800,2500.7000,3232.1500,1650.3400,2812.8000,1233.3800,2565.0100,5110.1700,1611.9600,1513.5900,4530.3700,1963.0300,1545.2000,2845.5500,2402.1700,2770.3700,2596.8700,1851.4500,1696.5300
2013-05-21,1720.7800,3815.7900,1935.9800,1775.7500,3104.3700,2525.9500,3271.0500,1695.9400,2847.6300,1269.4400,2586.7800,5078.9000,1624.4500,1526.3900,4577.0000,1985.2700,1550.9700,2873.8100,2390.4800,2809.7900,2597.8800,1902.4600,1728.8400
2013-05-22,1723.3700,3805.7600,1918.9600,1783.1200,3105.3400,2517.1500,3244.3600,1642.6600,2845.1900,1241.3500,2568.8700,5136.7300,1615.3600,1514.5300,4569.8500,1939.5400,1547.8600,2894.7200,2398.7400,2807.3500,2588.2100,1856.3600,1729.7200
2013-05-23,1712.0200,3744.0600,1908.5100,1775.6500,3047.7300,2487.5800,3226.4300,1655.3500,2808.5100,1237.4700,2543.2400,5107.2600,1584.9400,1502.6100,4567.0800,1914.2000,1534.5500,2866.1900,2349.8000,2780.0500,2551.9900,1850.0800,1713.7600
2013-05-24,1735.1700,3758.8500,1934.8100,1780.2600,3083.7100,2509.0100,3277.2300,1707.2100,2845.9000,1260.1300,2546.9200,5116.8400,1597.0300,1523.2100,4636.7400,1926.3600,1547.5300,2870.9500,2360.1400,2800.8000,2586.6900,1899.4100,1732.7200
2013-05-27,1762.4200,3749.5700,1957.5300,1770.6100,3071.6400,2515.3600,3309.1900,1725.0000,2875.6700,1261.5700,2541.4900,5127.9500,1615.4600,1550.8200,4704.8400,1950.9500,1554.3600,2867.5800,2363.8200,2813.6300,2594.1800,1914.5300,1741.5200
2013-05-28,1770.8900,3811.3800,1959.6900,1780.7200,3123.6100,2551.2200,3286.1100,1675.5400,2883.0800,1239.2000,2558.1300,5166.4900,1627.3000,1556.1600,4718.0800,1961.5100,1569.5900,2965.3600,2428.5900,2841.3500,2644.1100,1863.5100,1738.3300
2013-05-29,1779.0000,3793.3400,1977.3000,1783.6900,3120.5700,2563.9300,3301.9400,1694.5500,2937.2300,1242.8900,2552.8000,5175.8100,1645.2000,1556.7000,4753.4000,1975.3500,1574.8900,2979.1300,2409.9200,2841.6600,2691.6800,1879.4700,1749.9100
2013-05-30,1770.4200,3777.6800,1971.9500,1770.4400,3104.0500,2554.0200,3307.7000,1691.4700,2919.4900,1237.6600,2532.0100,5179.2600,1639.3300,1557.2200,4821.4400,1970.3700,1591.7300,2970.2000,2405.1700,2836.0600,2681.7400,1888.3000,1749.0000
2013-05-31,1759.1900,3755.5400,1962.0700,1758.1800,3075.4900,2519.2400,3292.6800,1661.7400,2877.0500,1240.9900,2517.9300,5099.8900,1630.6100,1551.9600,4835.6600,1967.5900,1576.3600,2911.2000,2384.7800,2823.0300,2673.0200,1870.0300,1733.8600
2013-06-03,1745.2600,3769.2800,1945.4800,1756.5200,3051.0800,2506.3700,3256.2400,1651.1900,2869.8900,1225.6600,2512.7200,5123.6100,1628.6700,1541.8100,4802.6800,1951.0400,1578.3600,2926.4900,2376.3300,2816.8500,2660.4200,1846.5200,1730.6800
2013-06-04,1704.6600,3699.7100,1913.9900,1729.2900,3008.8300,2457.5700,3197.3900,1607.5500,2810.8300,1198.2800,2447.2100,5064.1800,1593.6200,1524.5200,4701.9100,1923.1600,1554.6000,2884.2100,2350.5200,2774.9900,2599.5900,1795.7800,1706.3200
2013-06-05,1706.7300,3704.0000,1916.3900,1735.5800,3020.0200,2462.9300,3213.9600,1630.1100,2805.4800,1209.9800,2447.4200,5097.8400,1597.5500,1519.8400,4722.1900,1930.8300,1537.7500,2886.1400,2336.6600,2784.7200,2601.6100,1811.0900,1719.6500
2013-06-06,1692.8900,3680.3100,1886.4700,1715.3100,2980.8000,2424.0200,3163.1400,1600.2400,2788.6200,1194.1400,2418.9900,5054.6400,1568.5300,1489.4400,4627.4400,1901.9200,1524.9500,2816.1200,2302.6800,2744.7200,2566.1100,1790.8500,1689.9900
2013-06-07,1668.8900,3608.9600,1858.3300,1691.6100,2921.0500,2380.4200,3110.5500,1585.7900,2729.5300,1177.3800,2374.9400,4920.6800,1536.3600,1472.4300,4557.3500,1874.7500,1500.5200,2751.6800,2267.4500,2688.1700,2520.5500,1778.2200,1657.1400
2013-06-13,1618.3000,3469.6800,1799.4400,1629.5800,2799.0200,2298.8500,3018.1300,1564.3100,2616.5300,1150.8500,2303.0700,4833.5700,1482.7200,1437.7500,4486.2600,1817.8200,1451.4000,2638.1600,2188.0300,2606.9600,2449.0200,1762.7500,1601.4300
2013-06-14,1637.0600,3477.8600,1821.7300,1638.5000,2812.9700,2333.1400,3076.7400,1624.7900,2649.0200,1181.1400,2325.9600,4853.7100,1505.1700,1460.7600,4597.6100,1843.0400,1461.0300,2664.9400,2197.0200,2639.7200,2490.3300,1832.9100,1625.1800
2013-06-17,1635.6300,3451.8500,1829.2800,1633.1800,2796.2200,2317.7300,3087.9000,1629.2900,2655.9300,1183.6700,2304.7000,4820.5000,1516.0700,1467.0300,4674.6500,1837.9500,1454.8300,2633.2700,2187.6800,2629.5300,2483.5800,1847.2400,1625.6100
2013-06-18,1635.9900,3433.8700,1837.3200,1614.9200,2792.0200,2316.5100,3087.9600,1621.7300,2677.0300,1196.0400,2359.3800,4892.3100,1514.4300,1468.0800,4669.3200,1843.4800,1457.7900,2662.6100,2205.2000,2630.9400,2501.2500,1865.7000,1637.3000
2013-06-19,1628.8800,3427.2000,1828.9500,1625.5400,2797.1800,2306.3200,3074.2700,1623.1300,2655.1800,1186.8300,2356.4700,4984.4400,1508.5300,1462.3100,4636.4900,1819.2900,1455.8200,2636.5700,2173.7600,2600.6400,2488.0200,1851.3600,1620.3000
2013-06-20,1577.5000,3301.8600,1777.1000,1572.3000,2685.5400,2232.1000,2959.6400,1560.9300,2562.4000,1148.7900,2289.3200,4882.0300,1456.2500,1417.6000,4485.9800,1765.2700,1414.0400,2567.1600,2096.3900,2530.0600,2413.7900,1792.4800,1572.2900
2013-06-21,1571.7900,3264.9300,1761.6500,1563.0200,2661.8600,2222.6400,2938.7200,1547.2800,2547.5200,1143.0500,2278.6100,4878.6600,1440.5300,1406.6100,4490.4000,1761.3800,1407.4500,2556.0600,2101.9300,2515.0100,2401.3400,1790.8800,1559.2300
2013-06-24,1486.4500,3042.1400,1664.1100,1484.8300,2461.6400,2078.6600,2755.4900,1448.2100,2393.8100,1088.8700,2174.3600,4675.8500,1348.6800,1328.3200,4283.8900,1660.0000,1328.8400,2354.5100,1943.3100,2366.0800,2292.4400,1704.8800,1452.2000
2013-06-25,1466.9100,2994.9000,1651.1900,1451.7800,2419.3500,2054.5700,2752.5100,1463.6300,2416.1100,1115.0400,2169.1400,4697.5700,1334.4400,1316.3500,4260.2300,1670.2600,1313.9500,2313.5500,1943.0300,2349.1800,2282.1100,1720.1000,1435.8200
2013-06-26,1480.7000,2970.3300,1678.1000,1436.9500,2433.2100,2063.8500,2810.0800,1532.1000,2441.8500,1151.1300,2211.0100,4710.5900,1347.4600,1333.0800,4397.2900,1698.0300,1313.3700,2341.8000,1923.0600,2367.6700,2311.9700,1806.7900,1449.1700
2013-06-27,1461.3300,2918.6100,1654.6600,1454.8500,2388.5400,2063.0900,2758.3000,1492.7100,2391.2000,1127.7400,2196.4000,4640.9300,1319.8100,1308.4900,4359.2800,1695.4900,1298.5500,2353.6600,1922.0700,2338.9800,2270.4000,1772.0100,1421.2900
2013-06-28,1456.4100,2957.7200,1657.0900,1442.1700,2391.9600,2086.6700,2756.5800,1477.9400,2383.3900,1119.8800,2196.4400,4672.5500,1316.9200,1304.3000,4312.7800,1696.1800,1308.5800,2449.8800,1983.7500,2349.1300,2272.8900,1766.2700,1417.2000
2013-07-01,1470.1200,2964.5000,1690.7000,1441.6400,2413.8300,2107.4200,2813.6800,1524.0900,2417.5900,1147.5500,2200.1500,4776.4400,1336.4700,1326.0100,4439.6900,1724.8800,1318.5300,2461.6800,1978.0700,2375.0500,2317.0800,1839.0400,1450.0500
2013-07-02,1504.3100,2968.5500,1717.4600,1457.4200,2407.4200,2113.4300,2848.7400,1562.4600,2466.2800,1173.4000,2196.5800,4907.5200,1353.7900,1347.8700,4596.5900,1744.0100,1320.9200,2454.9300,1970.8200,2396.6400,2339.1300,1865.5500,1474.3100
2013-07-03,1501.9600,2958.2800,1704.1100,1453.3800,2373.0900,2081.8600,2845.9400,1584.2100,2440.6300,1191.5300,2226.1100,4943.6600,1350.4400,1351.4800,4637.1500,1733.2900,1307.8000,2406.2700,1941.2000,2386.9800,2334.4600,1914.7600,1475.0600
2013-07-04,1507.0800,3028.5500,1721.5600,1455.8900,2457.8500,2102.3300,2861.3800,1578.2700,2485.1100,1181.2500,2273.2900,4927.4500,1366.7200,1366.8200,4587.9800,1730.1900,1327.1000,2467.6600,1952.6900,2416.3600,2364.6100,1892.3600,1494.5200
2013-07-05,1500.7600,3010.8300,1706.7900,1460.6700,2487.8200,2114.5700,2823.4200,1543.4100,2480.5000,1163.5700,2270.0100,4919.4600,1367.2200,1372.8700,4527.8500,1719.2600,1326.8100,2527.2000,1962.7100,2415.7800,2349.3000,1856.0500,1493.6900
2013-07-08,1450.2700,2852.2200,1634.6800,1406.7800,2354.9300,2022.0400,2700.5900,1469.0200,2381.1700,1116.2700,2218.3600,4836.7800,1315.8200,1325.8700,4427.8700,1656.8100,1281.6900,2474.9500,1925.8400,2351.7800,2286.1300,1803.7900,1430.5600
2013-07-09,1447.5200,2875.5600,1631.4100,1414.1500,2370.3100,2021.4200,2716.9500,1467.1100,2381.3700,1122.6300,2215.4300,4808.4800,1320.9100,1330.7700,4477.3900,1667.5100,1286.8500,2434.7500,1928.2900,2358.5300,2299.3200,1847.6400,1431.9100
2013-07-10,1481.7700,2981.4600,1681.1900,1448.3400,2498.9500,2077.4900,2795.7800,1512.0400,2444.8600,1154.5600,2260.3200,4874.0800,1354.4100,1360.6900,4556.6600,1712.2300,1322.9700,2548.7500,1979.2900,2432.8500,2349.4800,1890.6900,1478.0400
2013-07-11,1521.5800,3096.0300,1722.1900,1495.1000,2620.2500,2167.3200,2879.5500,1548.4500,2506.7000,1178.5900,2290.0900,4968.6700,1393.9700,1393.0300,4639.2600,1763.0700,1361.7100,2654.4600,2114.1500,2498.5600,2401.0000,1930.1800,1517.1300
2013-07-12,1515.0200,3024.5700,1705.6000,1467.8900,2554.3500,2133.4100,2858.5600,1538.8100,2468.8400,1184.7900,2246.6700,4923.8700,1370.4400,1378.7200,4656.7700,1753.1600,1340.8800,2598.3500,2047.3100,2464.5600,2395.3400,1955.9600,1505.2600
2013-07-15,1533.9200,3048.3900,1721.4100,1480.6500,2576.3600,2162.9700,2917.4900,1584.5900,2521.0100,1225.1100,2264.3900,4979.8900,1388.2000,1399.4200,4789.0800,1783.3700,1350.7900,2621.0000,2081.4700,2504.8400,2428.2000,2037.3900,1535.8300
2013-07-16,1548.3500,3048.1300,1744.1600,1486.8900,2585.3700,2166.8800,2970.9800,1625.7200,2561.3900,1239.0100,2310.1700,5021.4600,1406.4500,1419.9100,4822.8100,1786.6100,1351.9100,2623.2100,2084.9600,2542.5700,2457.9500,2043.1500,1557.3300
2013-07-17,1525.9600,3033.4300,1709.8600,1477.1800,2534.3400,2149.1800,2916.3400,1594.7000,2508.4600,1232.8600,2289.9600,4892.3200,1380.0100,1402.1600,4726.2600,1757.0700,1335.5700,2628.3500,2048.9900,2514.6800,2427.2700,2037.3300,1525.0000
2013-07-18,1512.6200,2981.1100,1701.5400,1456.8000,2487.1300,2119.3100,2911.8400,1599.4200,2482.7200,1249.1500,2261.1700,4849.2500,1360.8100,1392.3100,4709.7200,1741.0200,1324.3500,2586.3000,2002.3100,2490.3100,2433.7600,2081.0100,1529.9200
2013-07-19,1470.7400,2914.9400,1660.0000,1427.1800,2393.2800,2057.7600,2863.7100,1569.5400,2410.6600,1229.7400,2190.2500,4720.4000,1326.4400,1364.6900,4629.7300,1705.4100,1299.1000,2472.8800,1957.8900,2466.0800,2409.1200,2060.9100,1496.9200
2013-07-22,1483.8500,2929.9200,1683.2800,1436.9200,2454.9600,2055.5000,2902.7300,1610.1100,2438.7800,1264.3000,2220.6700,4747.2500,1337.0400,1380.1800,4763.3900,1745.8800,1305.6600,2472.8600,1958.1000,2487.9600,2456.0900,2138.0000,1512.2000
2013-07-23,1516.4000,3005.9800,1723.7200,1466.5200,2550.2600,2121.4400,2980.9400,1654.1100,2506.3600,1314.1700,2278.6200,4870.2300,1368.6100,1409.9500,4862.1600,1779.4200,1334.1200,2549.6300,2010.4500,2539.5300,2514.0100,2194.1400,1548.2800
2013-07-24,1520.5600,2970.0900,1730.5000,1455.0200,2538.0300,2112.5500,2984.6500,1666.4500,2515.0600,1338.0900,2306.0500,4860.3500,1364.6000,1418.8300,4944.2600,1798.9200,1323.6200,2509.4500,1977.8000,2533.5500,2544.7700,2254.1100,1555.3500
2013-07-25,1512.4000,2970.5100,1709.3200,1463.8800,2497.0700,2106.4000,2926.2700,1603.0300,2487.6800,1286.1200,2287.5400,4891.7400,1354.1100,1399.7100,4849.5400,1759.1000,1325.8600,2499.1300,1973.3100,2501.8200,2491.9600,2160.7500,1529.6800
2013-07-26,1497.9200,2941.0300,1705.1100,1453.5000,2487.5800,2107.7900,2919.4100,1602.4500,2456.4200,1287.1600,2332.4100,4823.3300,1354.9700,1399.7900,4840.5000,1768.4700,1322.4600,2487.1600,1960.7500,2490.5800,2501.4900,2179.9600,1520.9900
2013-07-29,1475.5200,2883.9100,1678.8500,1421.6600,2439.7600,2047.3300,2861.3300,1593.5100,2390.8900,1260.3600,2303.4700,4723.7900,1338.1100,1381.6500,4795.3400,1727.0700,1304.8000,2420.2500,1910.7800,2433.6900,2497.1400,2149.6500,1494.3900
2013-07-30,1478.2000,2915.1300,1681.5700,1435.4600,2482.5300,2052.0000,2847.0000,1568.8100,2395.6600,1232.6800,2291.8100,4742.3200,1347.1700,1389.4700,4737.2300,1728.3800,1311.7100,2453.9000,1938.9700,2444.4800,2489.9200,2089.3600,1490.4600
2013-07-31,1484.0100,2927.0000,1684.5500,1438.7200,2468.3900,2066.9700,2863.5400,1569.8800,2405.7600,1241.8900,2327.8800,4690.4500,1353.9100,1389.2600,4721.9800,1743.4900,1312.1800,2506.6200,1939.5500,2454.5500,2483.7400,2105.0900,1497.6000
2013-08-01,1516.6000,2998.1400,1727.0100,1463.6600,2520.8500,2119.4000,2962.2300,1629.4900,2461.2600,1288.2400,2365.3600,4770.0700,1380.7800,1413.9800,4836.2400,1791.9200,1334.8000,2562.5900,1984.2500,2497.5900,2538.2900,2219.3500,1535.6700
2013-08-02,1527.7700,3027.3600,1725.7000,1462.3700,2517.6100,2137.7600,2962.2100,1651.4700,2464.1900,1295.1300,2357.8600,4827.5600,1382.2500,1419.4300,4838.7000,1783.7500,1340.7800,2605.9700,1974.0000,2515.8300,2555.2000,2219.4000,1537.3400
2013-08-05,1592.0400,3061.3100,1761.6000,1476.8300,2549.8800,2159.9900,2999.4900,1678.5700,2516.8900,1307.0700,2377.0700,4888.1100,1400.9800,1443.1700,4959.1700,1802.4000,1356.3100,2625.6500,1996.9500,2557.7200,2609.2700,2248.8400,1558.8500
2013-08-06,1608.3500,3078.4300,1785.2700,1482.8600,2580.6600,2156.6800,3025.7000,1696.2100,2578.7000,1326.9500,2418.3800,4898.5100,1419.5400,1458.9900,5010.0900,1826.7300,1364.9900,2622.1300,1994.9000,2624.7200,2697.6200,2278.9100,1577.7900
2013-08-07,1593.8500,3064.8500,1773.5800,1474.5400,2560.7400,2157.8800,2995.3000,1670.3500,2558.1000,1292.2100,2405.1100,4894.0700,1420.0100,1442.9000,4929.6300,1802.4300,1354.3800,2644.5200,1986.9900,2612.2700,2655.4000,2207.7600,1569.5500
2013-08-08,1614.2600,3046.1400,1778.9300,1475.5400,2580.8200,2152.8100,2988.8800,1692.7700,2554.9300,1298.5200,2427.6700,4871.6400,1419.7500,1447.7900,4998.4300,1797.5900,1352.7800,2621.1200,1977.3400,2639.1000,2663.4800,2218.0100,1559.7100
2013-08-09,1612.2600,3086.9400,1800.3200,1491.0300,2690.8900,2155.4900,2993.2500,1680.7400,2566.2200,1295.1200,2437.3400,4875.1000,1426.0400,1455.0400,5003.3700,1792.3000,1354.8800,2625.3100,1982.4300,2651.5400,2673.4200,2187.6300,1566.3500
2013-08-12,1637.9300,3269.1300,1832.9800,1526.4500,2794.6800,2210.4200,3064.0400,1686.2000,2613.6800,1298.3500,2472.3400,4969.9200,1447.6000,1475.3900,4999.0000,1824.4000,1384.2600,2698.0300,2056.4800,2693.7800,2683.1900,2164.6100,1592.0200
2013-08-13,1652.0400,3253.1700,1837.9500,1546.8000,2783.4400,2231.1600,3095.2500,1705.8600,2621.7700,1307.7800,2453.9100,4947.8600,1464.7100,1491.9500,4988.6300,1832.1300,1392.4600,2714.5400,2073.0800,2696.6100,2688.0300,2185.7400,1597.5200
2013-08-14,1648.7800,3234.8600,1831.2600,1528.0500,2746.0900,2212.4900,3075.3700,1688.9700,2626.2400,1331.6700,2455.9400,4899.2800,1452.9400,1483.9200,4973.3100,1811.2500,1394.8100,2707.9900,2062.8200,2696.6700,2690.3200,2223.4600,1592.6700
2013-08-15,1614.9900,3193.7500,1806.1700,1518.5700,2732.8900,2186.3200,3039.0400,1673.4500,2586.9400,1320.5400,2435.7600,4892.9300,1441.5400,1477.7300,4837.0600,1791.2700,1405.7600,2665.3900,2039.8800,2670.4100,2667.9500,2216.3500,1575.5300
2013-08-16,1582.6800,3156.1800,1768.4800,1505.4300,2682.0300,2149.3300,2975.3600,1623.7100,2551.3000,1290.1400,2403.4300,4816.8400,1412.0400,1459.7300,4717.7700,1774.9400,1385.6500,2643.9800,2047.8400,2614.4200,2610.0600,2149.5400,1545.9900
2013-08-19,1609.7500,3184.4800,1801.2300,1512.4200,2744.6300,2175.9100,3029.6300,1666.1500,2586.4100,1358.1700,2472.4600,4872.9500,1431.6800,1486.9300,4802.3000,1788.2900,1400.1500,2661.0500,2061.0100,2663.0400,2671.2400,2216.7900,1574.8900
2013-08-20,1604.8400,3139.0200,1798.9300,1495.8000,2693.1200,2172.0300,3025.3100,1674.2800,2575.1300,1377.1400,2457.8700,4863.5700,1432.6700,1487.9300,4769.1300,1777.6500,1403.4100,2622.8400,2049.6100,2673.0900,2687.5000,2232.1000,1569.3200
2013-08-21,1615.3700,3172.2900,1803.2200,1496.7400,2716.5200,2168.4400,3043.2200,1694.8800,2576.1400,1394.2100,2439.7000,4866.6000,1447.9400,1495.0100,4777.8700,1784.1200,1405.9000,2605.6700,2043.0700,2719.1100,2702.2200,2236.4800,1592.6400
2013-08-22,1609.9100,3148.3700,1805.4700,1489.4000,2680.8400,2158.5900,3056.9300,1703.4100,2575.8100,1412.4500,2429.5200,4859.4900,1454.0600,1495.8800,4819.5700,1770.0900,1399.6900,2598.9200,2037.4700,2708.5300,2711.1600,2279.9000,1594.8900
2013-08-23,1617.1200,3118.5900,1794.7200,1476.7200,2666.4100,2144.1600,3035.6800,1707.0700,2564.7200,1400.3900,2391.9400,4815.1000,1444.9600,1486.8100,4837.4400,1759.9700,1409.7200,2592.5900,2009.9200,2729.1800,2720.8900,2324.1400,1592.9100
2013-08-26,1638.7900,3185.7200,1823.6400,1503.0400,2719.0600,2185.6000,3087.9300,1740.4600,2621.2400,1443.9300,2425.9800,4877.6000,1474.8800,1513.9500,4912.5700,1787.9000,1456.3700,2648.1900,2064.4800,2791.6200,2800.9200,2364.5200,1628.5500
2013-08-27,1648.5500,3195.0700,1832.7100,1510.4900,2755.3900,2195.2600,3103.2400,1735.1900,2636.5600,1452.7600,2424.7500,4901.9900,1498.5000,1530.4100,4925.4500,1790.6700,1493.5800,2665.3400,2065.7400,2819.6800,2812.9900,2393.0100,1644.8800
2013-08-28,1625.6400,3234.1600,1814.4900,1521.2200,2828.5900,2177.1100,3072.7800,1701.2900,2643.4500,1409.8400,2403.9000,4834.7500,1484.6900,1522.8800,4809.0800,1770.4900,1528.7100,2647.4600,2048.1500,2816.9500,2784.6600,2368.9300,1637.7300
2013-08-29,1630.3500,3170.6200,1807.3800,1516.6500,2768.6100,2167.4400,3063.7900,1689.8100,2623.5100,1410.4500,2397.1500,4817.6400,1487.0200,1528.3400,4811.8000,1765.2100,1545.7200,2665.6000,2050.4200,2828.5600,2819.7200,2361.6500,1644.9100
2013-08-30,1601.2200,3121.1100,1782.1800,1528.3600,2704.7800,2170.8600,3032.3000,1642.5400,2608.5500,1356.7900,2394.9400,4791.5800,1489.7600,1514.0800,4719.5700,1756.3500,1604.8300,2679.6600,2068.9900,2871.1300,2813.8800,2238.9900,1636.9500
2013-09-02,1671.7800,3146.2100,1791.3900,1532.7700,2735.2500,2187.1900,3084.6500,1673.2900,2652.2600,1380.3800,2391.9900,4705.1100,1492.3300,1528.5800,4758.3600,1771.3300,1559.1300,2626.0500,2075.0900,2857.1800,2845.6600,2279.4800,1620.8100
2013-09-03,1729.4800,3184.1400,1812.9700,1545.2500,2739.4100,2217.9700,3129.4100,1697.9200,2682.5100,1405.4800,2425.2600,4769.7600,1520.1300,1559.3600,4826.8600,1787.9100,1563.3300,2704.5400,2106.3600,2872.6100,2911.9000,2333.5700,1659.3500
2013-09-04,1727.2900,3200.4100,1820.3800,1594.1400,2756.7500,2226.2000,3127.7300,1710.7200,2685.4400,1394.2300,2428.6200,4791.1500,1522.9800,1561.3400,4798.6700,1781.4600,1578.2600,2695.8300,2100.6600,2880.1200,2881.3000,2327.3300,1653.5500
2013-09-05,1711.1400,3155.3400,1819.9700,1564.1400,2707.2900,2210.7700,3126.9000,1718.6400,2666.6900,1403.5100,2409.5200,4863.2900,1529.0900,1574.3600,4814.4100,1774.6300,1570.3800,2689.2400,2095.5100,2868.0400,2877.4700,2408.1500,1650.3900
2013-09-06,1714.5600,3165.5700,1826.6800,1571.2100,2720.2300,2215.7000,3149.2100,1725.8800,2716.3200,1409.9300,2393.5900,4851.6900,1545.0700,1583.7700,4825.8100,1784.1100,1622.4000,2698.0800,2121.1000,2872.4900,2914.8800,2437.7000,1663.5600
2013-09-09,1740.1000,3226.7200,1835.1700,1600.8800,2775.7700,2254.9100,3177.4700,1722.3500,2767.7200,1411.1000,2412.5700,4890.7600,1566.1700,1583.9500,4796.5300,1806.8300,1663.8100,2772.4700,2271.2200,2902.5000,2918.3100,2439.3800,1674.0600
2013-09-10,1758.1700,3308.6600,1849.9100,1627.9600,2806.5600,2289.3900,3218.4000,1718.6700,2792.6300,1402.3800,2447.8300,4915.7700,1580.1000,1588.6600,4762.1000,1839.2500,1733.4900,2822.3400,2303.4300,2977.6500,2920.7600,2433.8400,1696.5200
2013-09-11,1772.7700,3347.2300,1850.6100,1672.9600,2833.9600,2320.2400,3220.2000,1663.2800,2804.2800,1353.0400,2467.6500,4916.4800,1594.8600,1573.5600,4719.1300,1833.3400,1729.4100,2831.8100,2293.9600,2971.8800,2873.6700,2339.4700,1683.5000
2013-09-12,1764.0000,3319.7900,1851.3500,1653.9600,2792.4200,2300.6900,3206.7200,1659.9800,2804.4500,1357.0800,2479.5100,4885.7000,1610.3500,1572.8000,4721.5600,1832.1600,1733.8100,2833.6300,2366.6100,3041.6500,2885.6200,2358.3800,1682.9800
2013-09-13,1760.1700,3268.3000,1854.2300,1629.4800,2783.8100,2273.1600,3201.3500,1669.8000,2798.7000,1378.8900,2483.2000,4973.2100,1613.6000,1574.1000,4767.2900,1825.8900,1714.1700,2827.9700,2321.9800,3064.7100,2932.1900,2413.3200,1684.5700
2013-09-16,1756.1000,3246.9600,1855.5400,1614.4300,2758.9800,2261.2900,3211.3500,1678.4000,2796.3900,1393.1000,2462.1600,4930.1500,1616.3900,1579.7000,4816.6600,1823.5000,1708.7000,2800.7700,2307.0100,3150.8300,3031.3100,2460.3400,1684.2900
2013-09-17,1700.2500,3170.4700,1828.1400,1582.2900,2691.5800,2226.4700,3163.1400,1644.5800,2772.2300,1376.8700,2442.1500,4833.1900,1567.2200,1556.4600,4758.7200,1801.5600,1644.4000,2710.6800,2257.2800,3113.1300,2996.5400,2441.8200,1655.6100
2013-09-18,1711.3000,3179.7500,1824.6600,1588.7900,2699.5600,2228.1600,3181.6500,1653.6000,2765.3500,1384.4700,2448.3500,4847.5100,1580.7000,1572.8100,4822.1000,1809.2700,1658.0700,2732.9800,2261.2700,3164.6400,3106.4400,2494.8100,1676.5400
2013-09-23,1750.0200,3225.2200,1846.0400,1598.0600,2740.1900,2259.1000,3258.8900,1696.3500,2819.3500,1441.9800,2496.5400,4912.1300,1603.9100,1597.3200,4932.4400,1835.3200,1688.1000,2770.2200,2276.2000,3263.9700,3122.4200,2598.2000,1697.1500
2013-09-24,1744.5800,3184.0600,1843.9400,1575.6900,2699.8500,2247.4300,3250.2700,1712.7700,2821.0100,1447.4800,2496.5200,4965.0400,1599.0300,1601.8600,4948.8900,1825.3400,1700.9900,2759.9300,2212.4000,3353.9300,3197.5300,2610.5700,1711.2600
2013-09-25,1768.3500,3173.7400,1826.3800,1564.0300,2690.3400,2215.6400,3226.5100,1701.2400,2785.3600,1452.1200,2565.3600,4926.6300,1601.8400,1593.5700,4921.8700,1799.7300,1675.8300,2736.2700,2199.2000,3372.5300,3139.5300,2622.0000,1704.8400
2013-09-26,1749.7200,3131.5600,1802.1900,1540.4100,2651.7700,2159.1600,3171.2500,1670.1100,2718.8500,1443.0300,2501.1200,4946.0600,1557.4100,1563.9200,4978.4300,1768.2800,1608.7600,2657.2000,2150.3200,3250.3100,3028.4500,2545.1200,1668.0500
2013-09-27,1716.1400,3147.5700,1797.5000,1539.7100,2663.3500,2149.4200,3186.3400,1682.8800,2710.5200,1440.3400,2503.9600,4952.8000,1550.0800,1576.4900,5072.1000,1769.4500,1597.6500,2640.4500,2169.7100,3232.5000,3022.4100,2589.4000,1675.6300
2013-09-30,1775.9800,3157.1200,1812.7200,1547.0600,2681.0900,2159.3400,3210.4300,1703.4200,2735.2700,1468.2300,2511.6800,4991.5700,1567.2800,1594.9600,5093.0800,1787.8900,1621.3500,2664.3500,2168.7900,3340.6500,3074.4500,2703.8200,1709.5400
2013-10-08,1824.2400,3186.6000,1847.8700,1564.8500,2689.7800,2194.2000,3279.7700,1733.5400,2781.7200,1520.4700,2551.9900,5020.1400,1591.7800,1614.6700,5101.0100,1829.2100,1644.6000,2750.8400,2185.6700,3386.9500,3089.2100,2757.6300,1735.4900
2013-10-09,1879.5500,3200.0700,1864.4300,1566.7700,2698.7200,2206.3800,3312.1900,1747.2000,2809.5500,1534.2000,2568.2500,5056.5200,1600.1900,1635.1400,5121.0300,1847.9000,1683.3400,2748.8600,2203.9200,3427.8800,3106.1900,2812.5700,1756.0900
2013-10-10,1869.7100,3167.7000,1852.1700,1562.4300,2683.8800,2189.3500,3308.4800,1728.9700,2785.0300,1532.9700,2629.4300,5047.7200,1586.4800,1634.0100,5059.6100,1826.2500,1662.3700,2757.0700,2157.2900,3520.5700,3110.6400,2723.4900,1751.3000
2013-10-11,1892.7200,3220.8700,1884.9700,1589.0700,2706.2600,2224.6900,3360.5200,1742.5100,2848.1500,1534.6900,2631.7100,5103.3800,1637.3700,1669.8900,5109.9200,1859.5700,1695.4000,2791.7400,2209.5900,3593.6100,3165.7600,2714.1600,1786.1500
2013-10-14,1975.6400,3258.8700,1898.5900,1598.5500,2685.0500,2270.5100,3409.0700,1749.4000,2889.9100,1539.3800,2665.7700,5171.1800,1663.1500,1693.7000,5093.9900,1893.1400,1706.7200,2768.3100,2190.4800,3657.5800,3247.4300,2753.5800,1789.2300
2013-10-15,1986.1600,3249.0300,1895.7000,1590.2100,2701.6500,2254.7100,3407.3100,1730.9400,2875.3600,1526.6900,2654.8500,5238.8400,1668.0600,1691.2000,5168.3600,1909.0200,1715.4700,2774.7400,2174.3300,3611.4400,3207.8800,2741.0500,1799.6800
2013-10-16,1907.3200,3183.4400,1858.8500,1574.8100,2643.9400,2217.9600,3317.6400,1692.9300,2800.8100,1476.9700,2588.1100,5172.7800,1624.4000,1641.9700,5063.6900,1887.2400,1656.6900,2692.6600,2137.4000,3505.8800,3153.3500,2612.6600,1751.2500
2013-10-17,1926.4400,3229.0600,1854.8400,1576.8200,2635.8500,2233.0000,3336.7000,1701.0700,2791.8200,1468.2200,2577.4800,5163.4400,1626.9000,1659.9300,5025.2800,1910.3200,1638.9800,2683.5500,2128.5900,3463.4700,3119.7900,2561.5100,1743.6400
2013-10-18,1919.0000,3226.4500,1850.1400,1577.3600,2641.4500,2228.9700,3337.8900,1704.8900,2821.9500,1495.6900,2600.7100,5203.1600,1652.1200,1661.2500,5032.5400,1901.0900,1643.7600,2697.4700,2142.7500,3505.9000,3146.9300,2633.2000,1756.7200
2013-10-21,1966.6800,3282.7200,1892.6800,1594.3100,2661.8500,2259.2600,3438.7000,1752.1100,2879.3900,1542.1900,2717.1100,5374.9200,1703.7300,1692.0900,5158.5900,1953.5000,1670.2700,2727.5600,2170.5200,3604.1200,3214.6800,2719.1600,1807.1900
2013-10-22,1968.1400,3316.8600,1885.1600,1583.4400,2654.4300,2264.0300,3432.6100,1738.5200,2863.8600,1495.7400,2714.9900,5329.3600,1702.2500,1683.0300,5119.1800,1946.2100,1658.8500,2703.8700,2138.7600,3495.1800,3139.6000,2575.6700,1804.7600
2013-10-23,1867.7000,3269.6300,1844.3800,1564.7300,2657.2100,2237.3200,3337.0400,1693.5500,2823.2400,1447.6400,2663.0700,5170.3500,1658.4000,1634.1400,5014.4800,1919.2100,1631.1600,2671.5500,2143.6700,3311.3700,3069.7700,2494.3500,1755.1300
2013-10-24,1855.0300,3198.0900,1828.0100,1551.3300,2618.3600,2219.5100,3316.1500,1680.2100,2835.2800,1439.1900,2700.7200,5113.8300,1651.6900,1633.1000,4990.4900,1888.6800,1618.6800,2648.8300,2121.4900,3282.0100,3049.0200,2494.7500,1738.8500
2013-10-25,1820.9800,3142.9300,1804.3200,1530.5400,2562.6000,2170.9100,3278.7600,1645.9200,2770.9100,1397.8300,2700.0500,4946.0700,1618.9700,1615.3800,4865.2000,1878.8400,1582.2700,2612.2500,2124.6700,3206.7700,2997.2100,2408.5600,1698.9100
2013-10-28,1860.6100,3105.3400,1808.8600,1534.4300,2538.2600,2158.6400,3290.5100,1653.4100,2756.6900,1403.2000,2764.7900,4842.2000,1603.0900,1600.4200,4829.5700,1878.4900,1593.7800,2589.8200,2126.1400,3210.7200,2971.0400,2412.0400,1697.2800
2013-10-29,1832.4600,3071.1700,1775.2600,1499.1500,2489.1200,2124.9900,3201.5800,1609.3800,2686.0100,1358.9700,2730.1800,4771.1200,1543.4500,1545.8800,4746.2900,1873.0900,1570.4400,2547.5900,2177.2800,3183.7300,2855.2500,2364.6600,1621.8900
2013-10-30,1855.9700,3131.8800,1800.1400,1525.7600,2515.0700,2161.7000,3253.3200,1623.1200,2764.6600,1375.9500,2823.7800,4834.6900,1569.6900,1570.1000,4809.2500,1928.7600,1608.8300,2585.8600,2196.5500,3243.1500,2879.0700,2387.6700,1645.3200
2013-10-31,1812.8000,3103.1100,1778.1300,1526.1000,2500.6700,2159.0600,3196.3400,1599.1200,2735.6700,1354.6300,2774.9500,4738.5000,1555.0500,1551.5800,4726.9600,1889.6400,1605.9400,2606.3800,2157.9300,3147.0400,2879.5000,2331.3500,1635.9300
2013-11-01,1791.9600,3116.9500,1763.6000,1522.9400,2531.3200,2157.3800,3184.7600,1598.6100,2750.1300,1346.5700,2746.7200,4697.1500,1557.3400,1546.5800,4742.8600,1868.9600,1612.3300,2622.4600,2182.6000,3098.1400,2890.8600,2294.0000,1628.8500
2013-11-04,1812.3500,3132.1800,1781.1100,1528.6000,2532.1600,2160.2100,3218.4600,1607.3400,2779.0700,1366.3800,2772.8400,4719.1700,1569.4500,1560.5600,4705.4500,1894.8500,1612.3900,2613.9800,2164.9700,3113.5500,2902.4000,2292.8600,1638.2800
2013-11-05,1870.4900,3142.7100,1801.1500,1535.6800,2557.1700,2168.8300,3252.2400,1622.8800,2794.5200,1393.1600,2754.6600,4732.4700,1594.9900,1583.4300,4718.9100,1916.3800,1625.7000,2629.1300,2153.9700,3210.8800,2964.0800,2366.1300,1658.9400
2013-11-06,1854.6900,3173.4400,1799.6700,1537.3400,2545.3600,2146.3400,3239.7800,1614.8800,2741.3000,1378.5800,2709.4700,4707.9500,1584.7100,1573.4300,4653.4100,1902.1300,1605.9300,2591.7600,2123.0100,3147.1700,2919.7200,2317.1600,1638.0800
2013-11-07,1840.9100,3162.1700,1782.8500,1521.9500,2522.5800,2133.5000,3205.1000,1580.4600,2698.9000,1354.0700,2654.3900,4611.8900,1564.1600,1556.7000,4573.7300,1899.1000,1591.8400,2576.8600,2123.3800,3123.2600,2876.5600,2283.6100,1609.8300
2013-11-08,1809.9500,3092.3200,1757.9400,1511.5600,2471.4700,2112.8300,3142.7700,1552.4600,2673.5400,1335.4000,2633.5300,4554.8300,1543.2500,1519.4100,4512.5300,1876.2700,1582.4400,2558.2500,2090.6900,3083.9600,2843.4100,2252.5300,1592.8100
2013-11-11,1784.7900,3085.4700,1766.4200,1517.3200,2453.3800,2126.8900,3181.3800,1572.8200,2704.3600,1350.1800,2645.6400,4667.5400,1543.7300,1529.0300,4628.9100,1879.5300,1568.3200,2524.9300,2094.6800,3078.3300,2867.5300,2237.7000,1601.1300
2013-11-12,1771.4600,3110.9400,1778.7000,1524.6700,2472.4800,2140.5100,3207.5000,1578.6800,2715.5600,1361.1700,2694.7000,4804.0300,1554.3200,1534.8400,4697.3900,1886.4900,1576.1000,2552.6800,2126.4200,3085.8100,2881.5200,2265.8500,1617.7300
2013-11-13,1767.5600,3042.1400,1740.2400,1503.3300,2428.7200,2104.5200,3133.8700,1557.9800,2672.0500,1348.5500,2643.0000,4723.4300,1518.8500,1505.2100,4620.6500,1827.0500,1550.6800,2516.3000,2060.3700,2999.3700,2812.0300,2255.7500,1589.3900
2013-11-14,1789.9300,3056.5600,1758.4900,1504.0400,2452.0600,2125.1000,3182.1800,1586.0300,2747.1200,1382.8600,2680.8500,4788.4900,1531.6000,1520.8100,4697.5300,1834.3100,1556.5100,2513.1000,2058.3300,3038.7200,2841.6000,2330.0100,1606.9900
2013-11-15,1827.4000,3102.7000,1791.6000,1522.1200,2494.3500,2170.7600,3246.2500,1611.9900,2799.5200,1412.9900,2721.1600,4851.5300,1561.0500,1555.4000,4743.2800,1872.3600,1580.8300,2567.2800,2112.0900,3107.9200,2886.1900,2389.8600,1638.6600
2013-11-18,1898.6300,3178.7200,1826.9400,1550.8200,2542.6600,2219.5000,3318.1000,1653.1100,2883.1800,1449.0400,2775.1300,4937.1100,1597.7100,1591.7400,4790.1400,1910.2700,1626.4400,2640.1300,2224.3000,3191.5600,2928.7300,2437.9900,1674.7200
2013-11-19,1899.1600,3181.8000,1829.9000,1551.1500,2534.0400,2223.9000,3322.3300,1665.8100,2877.7200,1444.3100,2769.7000,4874.4900,1607.0600,1606.3200,4773.4400,1915.2700,1632.9800,2638.8600,2200.3300,3195.7500,2934.9800,2458.7600,1684.2200
2013-11-20,1906.5600,3189.0100,1837.1200,1562.5000,2546.7000,2237.3800,3352.8100,1676.8400,2941.8900,1479.5300,2808.8300,4880.4700,1615.1100,1623.6900,4794.9100,1919.0600,1660.2400,2649.5000,2208.3700,3217.8200,2957.5700,2473.9300,1700.4800
2013-11-21,1926.7600,3224.7700,1837.6400,1555.4900,2519.7400,2222.2800,3328.2400,1666.1400,2894.5800,1480.4000,2816.3400,4811.0600,1602.6400,1623.7400,4781.2600,1906.3300,1676.8100,2610.1500,2189.6300,3268.7000,2933.0800,2480.3400,1692.6100
2013-11-22,1924.8400,3219.9200,1847.4600,1549.1400,2519.5200,2208.9600,3308.8100,1652.2000,2894.8200,1459.8000,2822.2000,4794.3700,1596.5600,1617.2100,4748.2500,1895.7600,1661.5900,2579.2500,2183.6000,3229.8300,2933.7100,2456.7400,1690.6300
2013-11-25,1916.1100,3176.1100,1831.1400,1554.0800,2496.9600,2214.2700,3315.5800,1665.4000,2932.2300,1458.8000,2832.1200,4782.0200,1605.4700,1616.7400,4760.4400,1885.9200,1672.9500,2578.1900,2169.9300,3209.1400,2931.0100,2435.5800,1689.2600
2013-11-26,1918.6800,3154.7800,1834.7400,1553.7800,2499.6700,2218.3300,3319.7800,1698.8700,2927.1300,1473.6100,2867.4400,4770.4700,1605.7100,1627.0900,4774.1000,1882.8600,1679.8800,2565.7100,2169.5600,3200.2500,2945.6500,2427.2000,1685.6200
2013-11-27,1924.1600,3203.3800,1852.4500,1568.5200,2519.9500,2239.5100,3367.2900,1729.4900,2982.7400,1513.8400,2855.7800,4804.6400,1618.4600,1640.3000,4807.1300,1902.0100,1689.7900,2574.6400,2198.8300,3236.3200,2966.5700,2503.9800,1696.8100
2013-11-28,1940.1400,3243.5200,1875.9600,1593.0200,2610.4400,2278.6100,3399.0900,1747.2800,3000.9900,1519.3900,2896.4000,4899.6800,1625.6000,1649.1300,4853.3500,1907.1500,1696.1600,2603.8500,2206.5500,3247.0900,2986.4200,2507.9600,1704.8500
2013-11-29,1949.3700,3228.0500,1887.3700,1593.3900,2588.7300,2281.0100,3427.5500,1773.6800,3031.4700,1536.2200,2906.9300,4898.8200,1638.9500,1652.2600,4908.5300,1914.4500,1694.4700,2603.2800,2204.8700,3256.6000,3018.9600,2556.8000,1709.8800
2013-12-02,1836.8700,3160.2600,1809.8900,1562.3800,2527.9600,2213.0700,3247.7500,1673.3900,2899.2200,1448.5700,2788.3500,4729.3000,1566.7700,1570.9900,4697.2900,1867.9500,1638.0900,2518.8200,2259.0900,3074.0500,2846.5700,2364.6800,1634.2500
2013-12-03,1891.8800,3208.3300,1841.4800,1588.0500,2570.6600,2267.3900,3319.4000,1702.9000,2967.9000,1484.3900,2850.7000,4822.1200,1604.0600,1597.6100,4797.3800,1900.2300,1660.5900,2556.3600,2250.9800,3127.8600,2891.8000,2366.2900,1646.2400
2013-12-04,1941.7300,3238.1900,1866.6300,1612.1000,2590.1200,2316.7800,3369.4400,1723.4200,3022.1000,1495.8000,2911.9300,4871.5600,1642.5900,1620.1500,4856.9900,1915.5400,1718.1900,2608.0900,2267.7200,3182.0700,2941.5100,2377.7400,1667.1100
2013-12-05,1951.8800,3241.1800,1865.9600,1612.8800,2581.2100,2303.6500,3364.9700,1701.0000,3035.0300,1464.0200,2947.5500,4840.3900,1652.2800,1622.7700,4852.3400,1905.4900,1707.6500,2607.6300,2262.0500,3173.4700,2909.7400,2323.7000,1673.9500
2013-12-06,1951.5800,3222.9700,1854.9600,1616.9700,2575.9700,2306.8300,3360.5100,1678.4600,3018.9100,1440.7400,2943.5600,4843.1900,1646.7400,1625.1000,4840.5500,1898.6100,1699.3700,2594.8900,2236.4500,3175.1900,2917.6200,2334.1300,1675.4000
2013-12-09,1995.3700,3222.4600,1868.5400,1616.6900,2574.4800,2319.8400,3383.7800,1696.4500,3039.0500,1455.2600,2994.2200,4865.9100,1672.4600,1643.3200,4859.1900,1913.3400,1701.5900,2593.9200,2226.6600,3183.3000,2940.6800,2386.0200,1680.2900
2013-12-10,1977.7700,3205.4200,1869.2700,1619.5600,2575.5900,2320.4200,3369.6600,1696.0400,3026.9800,1458.2000,3073.4100,4865.1100,1679.9900,1645.4200,4825.7500,1901.6100,1716.1500,2619.5500,2232.2200,3237.4100,2950.8000,2377.2700,1688.6900
2013-12-11,1980.6300,3148.8100,1859.3600,1590.1000,2541.5800,2273.6900,3327.9700,1681.8600,2988.3100,1442.3300,3043.7800,4820.0700,1656.0200,1622.3600,4788.3600,1885.6300,1689.7500,2594.9100,2180.2400,3190.2800,2953.2600,2378.3500,1674.8800
2013-12-12,1971.2500,3147.3000,1867.6500,1587.6700,2524.9200,2275.9200,3349.4600,1703.9000,2992.7200,1457.0400,3032.3400,4816.6700,1667.7400,1625.3900,4830.1900,1889.5800,1682.8600,2597.6500,2168.9800,3213.9600,2974.4000,2437.0400,1676.7200
2013-12-13,1962.8100,3128.6800,1868.3500,1582.3900,2521.1400,2281.6100,3365.2600,1708.2400,2991.2400,1460.0000,3092.8800,4815.9900,1670.6700,1627.4500,4850.3300,1888.2700,1690.9900,2607.1200,2168.3300,3201.0600,2990.9100,2427.1900,1681.0700
2013-12-16,1934.6000,3064.9800,1835.5600,1561.8200,2470.8400,2234.7500,3327.9600,1686.8700,2916.3600,1442.0500,3057.0300,4733.1200,1643.8000,1610.6800,4779.0700,1867.3200,1652.9500,2572.0500,2145.6700,3111.6600,2957.3200,2398.8100,1657.3300
2013-12-17,1903.9600,3053.2300,1821.8700,1553.4600,2459.3900,2219.0200,3311.3000,1677.5000,2907.7700,1434.2800,2966.4900,4726.7500,1630.2000,1600.5800,4810.6600,1853.2900,1644.0000,2543.0200,2142.0300,3091.0300,2942.1900,2362.6200,1643.4800
2013-12-18,1904.4700,3055.8900,1819.1200,1550.6100,2466.0800,2218.5200,3306.5100,1678.7000,2886.0500,1437.5500,2962.6900,4722.7300,1628.5900,1597.7400,4840.6900,1849.7300,1639.5900,2530.7800,2147.6900,3107.4400,2943.8700,2333.5200,1641.2300
2013-12-19,1876.6100,3039.9200,1802.7700,1545.2700,2451.7800,2195.6900,3278.2900,1662.4900,2852.5100,1431.1900,2946.3200,4680.7900,1611.2300,1580.0000,4803.9300,1835.4200,1628.0500,2491.2800,2121.6900,3061.2600,2913.6700,2315.1800,1620.3900
2013-12-20,1879.3400,2957.4800,1781.7500,1526.9000,2372.4700,2150.9200,3220.2000,1635.5300,2788.6200,1417.1900,2883.6300,4646.5800,1605.0100,1561.8900,4778.3800,1805.8800,1612.4300,2444.6200,2057.5300,3057.8000,2863.7500,2292.2700,1603.5800
2013-12-23,1871.5900,2941.7000,1776.7200,1525.0700,2360.1400,2146.4500,3214.2100,1628.5300,2813.7500,1408.5700,2933.1600,4620.2700,1599.3300,1552.4400,4910.9200,1797.9900,1603.6500,2417.7000,2063.9300,3027.5200,2848.4400,2258.8200,1590.2200
2013-12-24,1888.8800,2956.2500,1780.3600,1530.4000,2365.1200,2152.3900,3239.9600,1655.3300,2838.8200,1441.1400,2956.3400,4628.9900,1606.8200,1574.2900,4894.9500,1814.7600,1615.5200,2431.2200,2061.5300,3040.9900,2881.5700,2286.0100,1596.0300
2013-12-25,1900.9400,2966.3500,1802.0600,1535.9700,2385.3900,2173.5300,3300.2200,1699.8400,2864.7900,1464.1500,2985.6900,4674.4800,1631.8400,1598.6500,4912.2700,1829.8000,1617.9800,2451.1400,2074.7200,3060.1000,2910.0400,2353.3000,1606.8200
2013-12-26,1852.7500,2900.3500,1769.5600,1512.6000,2356.1400,2125.5100,3246.1200,1674.8200,2804.2500,1422.1000,2900.4300,4619.9600,1602.4100,1574.5000,4875.3500,1794.2000,1586.8100,2404.3800,2044.2200,2995.3900,2845.1600,2313.6000,1579.1300
2013-12-27,1879.0500,2924.1600,1799.0000,1527.3800,2378.9300,2157.7600,3313.7600,1721.3200,2869.7900,1450.2500,2955.6300,4673.9100,1629.2100,1606.2700,4915.3500,1820.8000,1606.4400,2444.3200,2083.8800,3038.0900,2892.6500,2355.4000,1600.7900
2013-12-30,1893.9600,2908.4500,1803.1300,1523.0300,2377.5100,2156.7100,3345.4100,1723.1500,2865.6000,1454.3000,2962.0700,4674.1100,1636.5900,1624.6000,4919.8600,1823.8900,1604.3900,2436.2300,2079.3400,3054.6500,2914.3100,2377.4000,1616.5300
2013-12-31,1893.3000,2942.8500,1807.0700,1549.8500,2398.1200,2169.8200,3348.5800,1720.4400,2871.7500,1445.7000,2973.2900,4749.6500,1644.7100,1626.9900,4956.7900,1831.9400,1614.7900,2471.9200,2119.1700,3062.8600,2918.0000,2377.3900,1624.6600
2014-01-02,1910.4900,2902.7800,1820.0300,1561.1600,2395.9900,2165.8300,3376.2800,1777.2500,2881.4500,1480.1600,2949.7500,4658.9600,1654.6200,1641.9700,5051.7300,1830.1800,1615.6600,2459.2800,2100.9800,3068.1100,2933.5200,2405.2100,1633.0700
2014-01-03,1896.4900,2867.7400,1803.5900,1562.5400,2396.3600,2122.1300,3369.8900,1787.5100,2841.5300,1488.0700,2881.5300,4615.0600,1633.7600,1638.4100,5028.6300,1814.6500,1600.5400,2421.8700,2058.7100,3047.1000,2931.6100,2435.3800,1608.1800
2014-01-06,1818.0700,2783.6900,1752.0000,1517.6800,2344.2100,2052.3400,3277.2100,1748.5800,2751.5000,1447.4900,2807.6500,4500.2100,1581.0400,1605.0000,4919.2600,1771.8900,1547.1400,2328.2400,2040.3600,2953.2900,2845.1800,2375.4600,1562.4300
2014-01-07,1818.7400,2787.3300,1759.8300,1508.7800,2345.5200,2048.7000,3328.4900,1775.5700,2754.7000,1450.7600,2813.3200,4521.7700,1587.1100,1611.9000,4970.1600,1777.6500,1549.8800,2321.9600,2031.4400,2966.8000,2873.6600,2407.1000,1569.9700
2014-01-08,1818.8100,2760.9600,1755.6800,1493.7000,2322.4900,2039.4900,3346.3900,1803.6100,2764.1400,1469.3200,2830.8300,4552.2100,1576.3700,1624.1700,5016.0000,1783.9200,1538.3500,2300.8900,2044.1900,2961.8600,2867.8800,2485.2800,1564.0900
2014-01-09,1792.0500,2763.3400,1725.6100,1466.9900,2277.4300,2010.9500,3295.9200,1761.2900,2713.5800,1444.8400,2805.7200,4502.2800,1548.3200,1599.7100,4970.1400,1763.6500,1526.3900,2297.3000,2028.3900,2925.7100,2846.3400,2469.8100,1536.4600
2014-01-10,1758.9300,2745.9900,1701.7100,1446.9700,2266.2100,1978.6300,3231.7400,1716.7400,2672.1600,1422.6600,2812.5700,4516.4400,1525.2500,1583.9300,4875.0900,1741.2900,1507.7300,2271.0600,2019.8700,2881.6600,2836.4800,2417.7300,1521.1800
2014-01-13,1756.9800,2737.3900,1685.2500,1443.0100,2294.3700,1972.8700,3221.4800,1711.0200,2662.0000,1410.6300,2760.0900,4515.3300,1521.5200,1581.2000,4854.5200,1729.2000,1503.3600,2241.9800,2014.6500,2868.6100,2831.1300,2419.7200,1511.1900
2014-01-14,1790.3500,2773.7600,1714.2000,1458.3200,2300.7900,1996.5800,3293.1300,1758.6600,2718.7000,1436.3800,2861.6900,4563.4000,1547.0000,1611.7200,4924.6900,1752.8100,1514.8000,2271.7000,2023.0000,2915.3200,2894.3600,2473.0000,1538.9700
2014-01-15,1812.7600,2762.5700,1717.5400,1445.0900,2283.7100,2008.3600,3327.1300,1795.2100,2737.8100,1459.3600,2885.6100,4557.7400,1551.8300,1617.6900,4995.0300,1739.1000,1516.6600,2261.7300,2006.4100,2936.7100,2911.6400,2504.4500,1544.5300
2014-01-16,1803.3000,2778.4900,1717.8700,1453.7000,2321.4100,2016.2100,3331.3300,1783.2800,2722.0200,1451.5800,2869.3700,4599.1300,1564.7700,1627.2800,4973.5200,1752.2500,1516.1500,2272.5400,2012.6100,2949.6100,2877.9400,2470.5900,1551.0200
2014-01-17,1755.4300,2733.0500,1694.8000,1433.3600,2273.2400,1992.3900,3292.0800,1767.5300,2669.9600,1442.7700,2816.3500,4508.2000,1549.3200,1618.1500,4909.9200,1726.1600,1491.9900,2245.5700,1993.4300,2905.6300,2837.7700,2478.4300,1528.8700
2014-01-20,1741.0100,2699.2900,1683.3500,1429.3200,2252.0800,1978.6800,3264.4800,1743.0100,2654.6200,1427.0500,2844.3900,4482.6300,1545.5600,1626.7500,4851.1600,1715.2500,1484.5500,2242.7100,1979.8500,2902.9300,2825.4800,2452.4700,1528.3700
2014-01-21,1750.5300,2722.6700,1699.9400,1432.2600,2270.9400,2006.8100,3316.0800,1778.4400,2685.7300,1456.7800,2858.5300,4492.5500,1562.5700,1658.6700,4884.6000,1731.3200,1502.2600,2271.1900,2001.5500,2945.7500,2871.9800,2537.9700,1556.2900
2014-01-22,1792.5000,2784.5500,1741.2700,1464.1000,2318.8300,2059.1600,3393.9100,1811.6200,2767.5200,1496.4800,2930.3800,4619.4400,1592.8900,1694.3500,4980.3500,1766.5300,1538.8400,2378.2900,2043.1000,3030.1100,2942.0000,2595.5500,1586.1500
2014-01-23,1790.1900,2767.1700,1740.6400,1452.0900,2303.2500,2057.4600,3426.2600,1823.4700,2776.1300,1525.9700,2942.6000,4633.2100,1590.3300,1712.7000,4988.1600,1775.0500,1535.5400,2363.9100,2018.3300,3037.9100,2990.8200,2675.1600,1598.0500
2014-01-24,1806.2400,2793.5000,1756.7300,1458.6100,2345.7100,2075.1600,3453.2800,1851.8500,2806.2100,1547.6400,2963.1100,4634.3500,1600.8900,1738.3700,5060.4000,1786.9700,1551.2600,2421.4900,2021.2100,3083.5200,3039.2100,2714.0900,1632.4300
2014-01-27,1788.6700,2774.4100,1747.9100,1442.1900,2337.2500,2033.5400,3437.7600,1853.9500,2787.0800,1539.3400,2949.0400,4607.1500,1606.2900,1729.8400,5020.2100,1763.9400,1536.8200,2393.2300,1986.9000,3103.2300,3032.9800,2724.2300,1629.9600
2014-01-28,1767.1200,2760.2100,1742.6100,1443.6500,2334.9100,2036.4300,3437.6600,1820.0100,2787.2400,1534.9900,2950.6200,4556.9500,1616.0100,1721.4600,5034.9900,1765.8200,1547.2100,2391.1300,2006.7500,3091.7200,3043.7600,2697.9100,1628.4900
2014-01-29,1760.2600,2755.5100,1750.9200,1443.8800,2336.1900,2040.6200,3455.9500,1832.4000,2811.2400,1558.7400,2950.1700,4507.8800,1626.5100,1750.0000,5080.7500,1775.0200,1549.0400,2387.9200,2025.4700,3129.9600,3068.8200,2788.0700,1651.6700
2014-01-30,1740.3800,2716.5800,1733.5800,1429.4100,2310.5600,2025.5200,3425.6100,1816.2700,2803.5900,1554.2300,2902.0800,4422.1000,1631.3300,1743.6900,5065.9500,1760.3600,1548.8300,2363.0500,2003.7400,3077.9200,3042.1600,2802.4100,1650.1800
2014-02-07,1775.1200,2739.0700,1760.2000,1434.8000,2326.2800,2050.7800,3495.8100,1882.7900,2855.4400,1601.3600,2958.5700,4469.7800,1650.4300,1770.9600,5097.7800,1778.9700,1559.1400,2378.4900,1996.8100,3100.9900,3101.5100,2869.4700,1684.8900
2014-02-10,1818.3900,2801.1900,1812.1300,1464.1900,2420.1300,2096.3700,3625.6000,1942.1100,2974.7200,1645.3600,3035.8400,4572.9900,1685.9500,1828.5900,5251.6100,1813.8900,1593.9200,2431.3900,2032.1800,3183.8500,3181.2400,2896.0700,1740.3800
2014-02-11,1828.4900,2847.1600,1818.0000,1468.2200,2449.1100,2101.2400,3631.3400,1936.1200,2966.8100,1640.0400,3023.5000,4596.6300,1692.5300,1830.4100,5269.3000,1839.7400,1615.1100,2451.2200,2066.5500,3179.5400,3236.8000,2830.8000,1742.7500
2014-02-12,1884.4900,2833.0700,1851.2500,1477.9800,2455.7000,2127.0100,3664.6200,1970.4200,2988.6100,1648.0700,3062.9200,4586.1900,1711.3100,1848.6300,5314.0100,1857.5600,1634.1100,2466.2200,2067.9200,3231.0600,3263.8200,2835.0700,1770.4900
2014-02-13,1844.3500,2796.3900,1825.4600,1466.6400,2457.3900,2099.8100,3605.8900,1935.7800,2951.0900,1600.1200,3042.9000,4569.7600,1688.9300,1813.4700,5205.9300,1833.1400,1622.4900,2433.2700,2078.3700,3181.9700,3203.8600,2760.5600,1758.6500
2014-02-14,1871.8000,2820.0500,1856.6000,1484.9800,2483.4300,2128.7400,3688.6700,1966.5900,2982.7800,1617.8600,3066.6700,4652.6400,1728.3800,1836.2700,5324.6600,1852.7000,1656.2800,2457.3600,2076.9000,3234.0300,3294.9400,2818.1400,1782.6100
2014-02-17,1889.5800,2852.0600,1881.1800,1506.2000,2515.1300,2159.5100,3776.0200,2007.3300,3065.2200,1671.4200,3109.6200,4729.5500,1756.7400,1875.4700,5408.2800,1869.9600,1661.7200,2466.3200,2077.7600,3286.7000,3349.7500,2889.7500,1819.8700
2014-02-18,1881.4700,2817.0200,1874.6200,1497.5900,2480.8300,2149.8900,3776.5900,2010.0000,3050.9100,1666.0300,3110.3000,4668.5600,1765.6100,1881.9100,5426.7300,1851.6500,1663.5700,2453.0400,2034.0600,3267.8500,3343.5600,2885.5300,1838.7600
2014-02-19,1885.1100,2835.2700,1887.6300,1508.2500,2489.4300,2157.3800,3772.4900,1992.1700,3041.2000,1678.5700,3126.1400,4697.0000,1766.0100,1874.7500,5450.9200,1859.0900,1669.0500,2482.0300,2075.1600,3320.4300,3355.7400,2867.2400,1838.6900
2014-02-20,1866.8800,2862.1500,1886.3900,1504.7000,2470.2500,2134.1200,3711.0600,1963.0600,2995.6500,1636.2900,3067.9200,4688.4500,1747.1400,1846.9900,5382.5000,1848.9800,1662.6400,2450.5000,2039.6200,3276.7400,3283.1100,2824.4100,1806.7700
