date,Agriculture,Coal,Petrochemical,Steel,Nonferrous,Electronics,HomeAppliance,FoodBeverage,Textile,LightManufacturing,Pharma,Utilities,Transportation,RealEstate,Retail,SocialService,Media,Bank,NonBankFinance,Automotive,Machinery,Defense,Computer,Communication,Chemical,BuildingMaterials,Construction,PowerEquipment,Environmental,BeautyCare,Integrated
2023-01-02,0.500000,0.500000,0.500000,0.500000,0.500000,0.500000,0.500000,0.500000,0.500000,0.500000,0.500000,0.500000,0.500000,0.500000,0.500000,0.500000,0.500000,0.500000,0.500000,0.500000,0.500000,0.500000,0.500000,0.500000,0.500000,0.500000,0.500000,0.500000,0.500000,0.500000,0.500000
2023-01-03,0.599163,0.672175,0.609657,0.682661,0.675760,0.517055,0.733708,0.571861,0.301008,0.396050,0.476177,0.461111,0.588165,0.484794,0.408360,0.389716,0.453034,0.479038,0.508098,0.496196,0.508703,0.351199,0.639667,0.526537,0.598736,0.515687,0.393875,0.489276,0.541575,0.447178,0.561936
2023-01-04,0.591210,0.526996,0.505199,0.594243,0.490625,0.592293,0.656182,0.534717,0.640267,0.455103,0.390509,0.311634,0.655140,0.312206,0.461773,0.390884,0.402452,0.426711,0.551350,0.521130,0.437837,0.518550,0.516786,0.672538,0.610548,0.499033,0.543564,0.631319,0.544960,0.446724,0.766658
2023-01-05,0.686395,0.567792,0.543022,0.580968,0.564607,0.497962,0.723705,0.608866,0.346237,0.489170,0.570044,0.487706,0.600499,0.438647,0.345177,0.428648,0.418155,0.513734,0.642345,0.575341,0.454798,0.568064,0.351729,0.467270,0.639780,0.530002,0.506079,0.517526,0.565325,0.385190,0.609832
2023-01-06,0.754891,0.576011,0.491301,0.554132,0.534059,0.595994,0.862704,0.576381,0.552643,0.386179,0.468851,0.233646,0.590940,0.510704,0.483820,0.391368,0.569154,0.366038,0.756691,0.630453,0.389124,0.411468,0.477865,0.540427,0.709474,0.484046,0.634313,0.518307,0.444710,0.292382,0.615423
2023-01-09,0.631588,0.587645,0.566196,0.590655,0.465874,0.582512,0.628019,0.544880,0.553222,0.324322,0.321276,0.297540,0.474058,0.357437,0.420850,0.396313,0.373674,0.391428,0.738161,0.556946,0.406758,0.503115,0.620167,0.375866,0.697175,0.418518,0.442761,0.682336,0.494611,0.551671,0.753985
2023-01-10,0.714060,0.553356,0.506824,0.610903,0.542940,0.679984,0.798133,0.472079,0.565139,0.299265,0.351443,0.323809,0.681662,0.271168,0.418072,0.447889,0.615714,0.470762,0.811074,0.619375,0.477537,0.384135,0.553152,0.352021,0.804124,0.454398,0.516869,0.409866,0.373329,0.425577,0.680573
2023-01-11,0.566128,0.660384,0.446705,0.520281,0.526602,0.592320,0.599225,0.566546,0.452813,0.511214,0.490405,0.502191,0.529426,0.425105,0.366452,0.470836,0.564001,0.532941,0.826669,0.523712,0.671911,0.646539,0.507327,0.567956,0.739463,0.504429,0.550819,0.516008,0.484140,0.469207,0.635810
2023-01-12,0.631148,0.556765,0.627818,0.715646,0.622611,0.538209,0.813830,0.468043,0.519635,0.379578,0.365344,0.285892,0.671569,0.370791,0.342986,0.361061,0.463373,0.449400,0.658495,0.555466,0.521562,0.564072,0.533327,0.523621,0.620898,0.411078,0.542574,0.436084,0.552006,0.438909,0.644163
2023-01-13,0.706752,0.453486,0.489824,0.568222,0.585498,0.511450,0.764932,0.508492,0.323725,0.412340,0.560067,0.491741,0.477661,0.360192,0.482605,0.348085,0.684180,0.465128,0.663054,0.492858,0.496437,0.535021,0.490216,0.533326,0.606027,0.512681,0.456425,0.398451,0.525949,0.429371,0.735595
2023-01-16,0.733621,0.474172,0.466927,0.598983,0.482660,0.649319,0.742477,0.558187,0.483006,0.486758,0.447062,0.323435,0.584566,0.321215,0.413248,0.441388,0.411804,0.452833,0.757573,0.632451,0.509275,0.470261,0.559973,0.422540,0.642911,0.427484,0.442039,0.475632,0.450780,0.591166,0.622088
2023-01-17,0.680021,0.668310,0.637108,0.573633,0.583818,0.586799,0.636924,0.528330,0.525627,0.314832,0.407862,0.370003,0.613698,0.385677,0.394778,0.467101,0.584274,0.483841,0.638660,0.575880,0.471210,0.539989,0.575389,0.521576,0.651568,0.498018,0.519741,0.352783,0.472172,0.477941,0.725677
2023-01-18,0.667161,0.433692,0.504395,0.534961,0.495341,0.557324,0.669066,0.536289,0.496961,0.300134,0.286057,0.339116,0.537499,0.296867,0.474969,0.518620,0.412758,0.539448,0.738333,0.394488,0.542232,0.588371,0.527266,0.482082,0.604004,0.429414,0.522926,0.482368,0.549718,0.468709,0.686109
2023-01-19,0.828633,0.660987,0.604818,0.543942,0.630549,0.510236,0.708096,0.360920,0.290096,0.484472,0.437241,0.533665,0.603361,0.413455,0.466440,0.332188,0.517145,0.473694,0.731786,0.515301,0.404444,0.410849,0.261098,0.439566,0.668233,0.489197,0.488240,0.453857,0.502990,0.703474,0.556689
2023-01-20,0.749084,0.583125,0.587183,0.549347,0.545916,0.419778,0.696931,0.335517,0.381705,0.396032,0.580540,0.378891,0.476259,0.383598,0.460953,0.436243,0.317145,0.520911,0.662674,0.565880,0.544975,0.539872,0.554728,0.504641,0.749503,0.433012,0.564920,0.619475,0.554156,0.494718,0.652647
2023-01-23,0.714437,0.584072,0.574523,0.632285,0.607586,0.456207,0.698400,0.486154,0.447817,0.421225,0.526434,0.275274,0.669571,0.384210,0.495572,0.409689,0.447180,0.434071,0.717796,0.407362,0.523730,0.472621,0.572998,0.501737,0.712772,0.322863,0.588457,0.576084,0.524374,0.513005,0.574991
2023-01-24,0.761556,0.533549,0.614680,0.631436,0.464034,0.532954,0.613816,0.590990,0.337005,0.483093,0.318723,0.346120,0.543770,0.490675,0.348781,0.500562,0.444105,0.433945,0.579344,0.443830,0.509686,0.562677,0.403923,0.509725,0.600574,0.510513,0.386179,0.559811,0.604062,0.493177,0.724884
2023-01-25,0.588486,0.602568,0.428345,0.550691,0.507401,0.559366,0.646468,0.458012,0.413606,0.350991,0.391136,0.566370,0.455896,0.591253,0.372382,0.425694,0.457945,0.397432,0.680290,0.470205,0.386162,0.455591,0.594552,0.537384,0.666729,0.479408,0.256769,0.428918,0.490656,0.443448,0.622004
2023-01-26,0.838707,0.513457,0.632909,0.553125,0.532632,0.525833,0.676554,0.526583,0.359355,0.476641,0.470675,0.452675,0.661304,0.401760,0.467289,0.478774,0.522378,0.636888,0.661785,0.602988,0.483233,0.499336,0.540405,0.428723,0.656065,0.490588,0.626345,0.451704,0.649368,0.470126,0.646611
2023-01-27,0.793899,0.638337,0.610648,0.416119,0.565656,0.490772,0.618611,0.630480,0.436684,0.458868,0.428173,0.318139,0.561410,0.454902,0.493780,0.416148,0.303426,0.501593,0.588618,0.602934,0.433624,0.465221,0.488224,0.501541,0.725024,0.467360,0.376585,0.424260,0.508756,0.510774,0.765061
2023-01-30,0.923336,0.802684,0.535160,0.524111,0.644888,0.398934,0.686582,0.445245,0.359886,0.480708,0.478703,0.335153,0.520669,0.523481,0.510337,0.520672,0.434539,0.331712,0.644463,0.550970,0.470552,0.498866,0.531422,0.504580,0.653672,0.506557,0.363267,0.444512,0.492669,0.470572,0.657587
2023-01-31,0.848810,0.519480,0.429010,0.540981,0.568890,0.434980,0.691548,0.381024,0.426951,0.366739,0.397038,0.354662,0.647347,0.488246,0.352271,0.611129,0.438190,0.469322,0.547059,0.558580,0.419899,0.487387,0.493633,0.454083,0.693051,0.448519,0.619814,0.482142,0.572178,0.454337,0.852327
2023-02-01,0.730459,0.538661,0.574665,0.564064,0.499740,0.424326,0.619830,0.307909,0.356704,0.334237,0.533163,0.523584,0.553837,0.416335,0.636415,0.473546,0.443707,0.466947,0.618796,0.455189,0.522204,0.475523,0.360752,0.472379,0.688024,0.403224,0.595753,0.384238,0.508963,0.465180,0.605994
2023-02-02,0.875019,0.642767,0.624447,0.554269,0.481460,0.483241,0.613872,0.486125,0.533179,0.381343,0.565266,0.522808,0.589937,0.303419,0.481406,0.542737,0.590548,0.477939,0.626208,0.468890,0.483885,0.429313,0.490900,0.486202,0.634576,0.505330,0.511839,0.563630,0.400375,0.442883,0.706292
2023-02-03,0.816433,0.551890,0.734653,0.511285,0.516568,0.500081,0.567714,0.482871,0.437693,0.257054,0.378273,0.592843,0.650476,0.355938,0.330174,0.439503,0.438600,0.364983,0.632875,0.364665,0.361908,0.596916,0.341362,0.397774,0.635708,0.504880,0.428975,0.517768,0.460345,0.431194,0.537190
2023-02-06,0.677588,0.373795,0.682065,0.529692,0.596785,0.512929,0.690640,0.328974,0.263173,0.435198,0.318054,0.356764,0.596366,0.442427,0.387337,0.526036,0.419948,0.495879,0.656281,0.481423,0.332549,0.479402,0.366167,0.450363,0.659747,0.451500,0.497554,0.488577,0.388444,0.440643,0.680867
2023-02-07,0.691018,0.562409,0.547427,0.669989,0.552012,0.562577,0.613139,0.470728,0.482157,0.491047,0.347696,0.454378,0.579293,0.491537,0.573621,0.585684,0.493955,0.497269,0.652306,0.639754,0.384677,0.462156,0.337290,0.471927,0.633148,0.530798,0.528200,0.532288,0.404878,0.402789,0.590429
2023-02-08,0.747466,0.548021,0.557082,0.530375,0.392823,0.469727,0.589088,0.438068,0.455633,0.328722,0.448852,0.355028,0.559945,0.504618,0.536043,0.500514,0.466882,0.426832,0.594239,0.267177,0.476938,0.329506,0.484243,0.341721,0.614522,0.408213,0.386600,0.541165,0.531063,0.524782,0.696595
2023-02-09,0.745974,0.506625,0.595568,0.380565,0.547627,0.505559,0.670694,0.470634,0.411356,0.317381,0.351151,0.522803,0.626450,0.532904,0.423323,0.429090,0.715281,0.566477,0.577461,0.398912,0.559718,0.526542,0.596546,0.536621,0.721041,0.422375,0.473238,0.500671,0.517784,0.645950,0.625799
2023-02-10,0.628739,0.526824,0.568744,0.468294,0.525497,0.484137,0.538558,0.440869,0.330882,0.312189,0.361081,0.314954,0.630486,0.392456,0.563065,0.483103,0.487482,0.423923,0.556884,0.589817,0.374550,0.619612,0.489304,0.520986,0.870575,0.488014,0.565083,0.461413,0.445914,0.587804,0.558175
2023-02-13,0.778309,0.569968,0.520711,0.500668,0.383226,0.492714,0.652077,0.529167,0.326869,0.403643,0.284215,0.489709,0.599050,0.418435,0.380503,0.510924,0.498891,0.464024,0.704005,0.512297,0.468345,0.461953,0.461254,0.447709,0.738761,0.503136,0.558506,0.435672,0.557520,0.522341,0.583785
2023-02-14,0.767269,0.475924,0.375476,0.446793,0.487101,0.471901,0.741815,0.484377,0.572303,0.320331,0.488412,0.552833,0.565983,0.569640,0.543607,0.560219,0.465832,0.473807,0.693873,0.484467,0.360069,0.536590,0.418602,0.438360,0.725122,0.509731,0.548685,0.421869,0.578192,0.482879,0.663245
2023-02-15,0.631232,0.632464,0.491108,0.510859,0.403695,0.487028,0.439631,0.420044,0.476490,0.320814,0.518549,0.499006,0.688478,0.590847,0.435153,0.385730,0.518625,0.456851,0.628374,0.511986,0.561796,0.487647,0.333436,0.570145,0.616855,0.381054,0.556826,0.545691,0.590131,0.487506,0.658551
2023-02-16,0.766286,0.617470,0.402247,0.442418,0.563528,0.500989,0.596597,0.428930,0.314519,0.466850,0.452478,0.396866,0.685289,0.502779,0.516643,0.421551,0.535932,0.339266,0.854760,0.568610,0.465423,0.489069,0.528487,0.592136,0.729178,0.469009,0.526912,0.589518,0.422548,0.383887,0.590748
2023-02-17,0.785018,0.567004,0.598638,0.570566,0.324074,0.335392,0.572055,0.275386,0.430923,0.409468,0.345937,0.426875,0.637275,0.422699,0.534210,0.343641,0.427849,0.572552,0.722027,0.472024,0.346633,0.488843,0.465616,0.640024,0.468106,0.406328,0.552563,0.492913,0.372356,0.493009,0.706007
2023-02-20,0.819017,0.469407,0.564827,0.480141,0.446283,0.384494,0.590014,0.351496,0.453080,0.353348,0.356653,0.429239,0.682169,0.539329,0.531393,0.397798,0.552835,0.470947,0.736663,0.489602,0.454907,0.376250,0.474445,0.508026,0.808282,0.549156,0.437078,0.386852,0.555318,0.489569,0.713230
2023-02-21,0.721562,0.531032,0.456504,0.547778,0.541403,0.414441,0.602007,0.573580,0.284198,0.374719,0.431123,0.510596,0.489392,0.468130,0.373151,0.282424,0.365090,0.446588,0.587828,0.433990,0.576782,0.384399,0.513340,0.476219,0.584262,0.448499,0.530834,0.431985,0.607439,0.454256,0.616855
2023-02-22,0.728706,0.519181,0.603717,0.561451,0.464153,0.525874,0.686095,0.517300,0.465580,0.428292,0.448492,0.455638,0.742767,0.470302,0.482087,0.454342,0.558140,0.531740,0.591756,0.506371,0.506411,0.557789,0.591149,0.567794,0.621976,0.618418,0.547645,0.550759,0.576685,0.322818,0.615982
2023-02-23,0.584056,0.481531,0.558029,0.543541,0.445072,0.608409,0.676014,0.538638,0.435879,0.422567,0.513427,0.426983,0.617563,0.410475,0.330355,0.341867,0.457493,0.424470,0.710810,0.473303,0.559084,0.464455,0.406327,0.475354,0.690654,0.425867,0.572017,0.653360,0.475031,0.472479,0.727573
2023-02-24,0.768742,0.436273,0.520216,0.342406,0.539505,0.306060,0.619116,0.388566,0.407381,0.484887,0.348803,0.575035,0.604505,0.444870,0.581229,0.494344,0.528116,0.399344,0.766045,0.407827,0.321056,0.491109,0.581330,0.511473,0.754883,0.464614,0.629838,0.567894,0.457534,0.413521,0.728484
2023-02-27,0.521799,0.752988,0.503955,0.543100,0.316444,0.449585,0.419465,0.657258,0.476475,0.421886,0.466199,0.438381,0.521268,0.588364,0.506674,0.357826,0.383406,0.432261,0.333087,0.646622,0.544616,0.448642,0.434150,0.534791,0.447694,0.685613,0.553025,0.496439,0.501447,0.565389,0.449568
2023-02-28,0.636295,0.655605,0.537822,0.361339,0.466454,0.500923,0.515353,0.682844,0.476796,0.373802,0.271872,0.568530,0.463569,0.619915,0.555527,0.475885,0.461093,0.491513,0.456068,0.500015,0.448694,0.477174,0.616118,0.514207,0.632143,0.635198,0.534912,0.457861,0.539387,0.431843,0.607143
2023-03-01,0.513850,0.638344,0.493685,0.402001,0.484939,0.532153,0.456885,0.607028,0.436436,0.381873,0.427477,0.422137,0.585668,0.600183,0.422432,0.468200,0.517758,0.498648,0.532273,0.576900,0.397411,0.497625,0.483796,0.561776,0.465260,0.746356,0.732313,0.532854,0.564215,0.559569,0.404245
2023-03-02,0.476625,0.645114,0.558387,0.577623,0.411460,0.376615,0.411086,0.650546,0.436009,0.477617,0.630614,0.457148,0.478641,0.600788,0.376618,0.419892,0.608907,0.492257,0.472228,0.634213,0.571734,0.648865,0.517950,0.572561,0.520153,0.612760,0.508668,0.550121,0.549206,0.443953,0.518330
2023-03-03,0.399995,0.642931,0.437428,0.467803,0.472741,0.454816,0.497085,0.614949,0.409714,0.436872,0.375163,0.415506,0.468232,0.722609,0.394733,0.428494,0.432012,0.434725,0.385009,0.630032,0.469223,0.555756,0.337966,0.410195,0.435874,0.778801,0.576568,0.489449,0.543153,0.396823,0.442710
2023-03-06,0.577023,0.644113,0.385968,0.395717,0.256020,0.483072,0.572629,0.577358,0.460889,0.575378,0.474048,0.559088,0.427988,0.560945,0.472699,0.427667,0.409091,0.462765,0.386932,0.467726,0.443805,0.569252,0.532140,0.448153,0.606316,0.727037,0.526182,0.544486,0.418698,0.339151,0.297732
2023-03-07,0.387738,0.645909,0.320186,0.562183,0.517593,0.491778,0.543898,0.743808,0.448883,0.528488,0.414137,0.452817,0.527072,0.683388,0.465652,0.503560,0.393904,0.416557,0.543859,0.635892,0.432728,0.557299,0.392688,0.595582,0.613989,0.714790,0.569526,0.439280,0.511699,0.475985,0.555390
2023-03-08,0.536422,0.614338,0.517804,0.413187,0.501679,0.386515,0.405358,0.733277,0.537549,0.381475,0.352459,0.422413,0.548091,0.724908,0.441985,0.448474,0.398854,0.508562,0.336625,0.585878,0.568786,0.509268,0.518259,0.442383,0.549845,0.717899,0.642091,0.585206,0.586971,0.556116,0.423223
2023-03-09,0.406388,0.746373,0.549274,0.335552,0.474164,0.596493,0.509408,0.646822,0.497905,0.417658,0.416647,0.498177,0.402948,0.468713,0.384656,0.414351,0.411036,0.384199,0.333729,0.620196,0.425273,0.496382,0.437423,0.603246,0.583566,0.654737,0.529320,0.472004,0.281251,0.355273,0.288409
2023-03-10,0.475585,0.625373,0.468831,0.465740,0.519549,0.705853,0.499399,0.739152,0.544800,0.516629,0.381782,0.500380,0.588500,0.661852,0.244435,0.499117,0.499978,0.356617,0.513335,0.733014,0.383350,0.614287,0.618509,0.506311,0.500359,0.630475,0.495447,0.441663,0.458444,0.449197,0.505976
2023-03-13,0.373890,0.660786,0.450831,0.465991,0.363334,0.459073,0.455523,0.561055,0.429189,0.431544,0.481281,0.343361,0.357677,0.753103,0.447964,0.470072,0.418927,0.410339,0.509956,0.796715,0.404054,0.574913,0.433908,0.425251,0.409687,0.698044,0.449937,0.369187,0.382778,0.389934,0.393698
2023-03-14,0.455682,0.583620,0.609979,0.490663,0.406117,0.526959,0.427943,0.614776,0.452622,0.483758,0.454341,0.594565,0.396765,0.635149,0.390315,0.297425,0.417814,0.472001,0.447796,0.588229,0.452612,0.518982,0.538967,0.529201,0.646776,0.632877,0.545631,0.562171,0.408878,0.472999,0.479710
2023-03-15,0.436842,0.607431,0.508341,0.640541,0.478309,0.351536,0.496136,0.539013,0.460283,0.499993,0.532137,0.412542,0.462781,0.680816,0.482735,0.516241,0.456203,0.413739,0.351829,0.744379,0.489914,0.537500,0.508644,0.493414,0.592663,0.693061,0.541870,0.460330,0.368603,0.614775,0.517117
2023-03-16,0.589831,0.590341,0.490429,0.558284,0.513704,0.409394,0.575116,0.677117,0.400773,0.481113,0.588534,0.396388,0.548406,0.750146,0.548378,0.486307,0.411219,0.479338,0.483644,0.624393,0.561264,0.580377,0.667919,0.540132,0.636646,0.806878,0.550922,0.452088,0.387813,0.467212,0.422393
2023-03-17,0.481958,0.594409,0.534705,0.397556,0.349309,0.618317,0.424759,0.627025,0.398360,0.572309,0.579902,0.420216,0.397472,0.564884,0.334150,0.369979,0.404285,0.441391,0.450231,0.742481,0.450520,0.568940,0.601105,0.518928,0.485274,0.711693,0.563202,0.397465,0.415078,0.524275,0.325393
2023-03-20,0.314455,0.619039,0.580616,0.422743,0.481387,0.429568,0.532199,0.653324,0.360525,0.394590,0.392082,0.514016,0.381691,0.641285,0.479904,0.426993,0.323605,0.576100,0.445096,0.691226,0.532748,0.497035,0.617879,0.505935,0.480860,0.712447,0.395992,0.531531,0.271580,0.404454,0.328338
2023-03-21,0.543142,0.678183,0.459081,0.530801,0.458733,0.424816,0.454275,0.743654,0.479854,0.570340,0.482367,0.472919,0.372071,0.530585,0.416985,0.470827,0.478483,0.472834,0.590423,0.624442,0.478871,0.580920,0.570098,0.422129,0.633993,0.680708,0.416550,0.510550,0.410330,0.371274,0.396091
2023-03-22,0.537784,0.629446,0.362121,0.501640,0.329454,0.391647,0.491010,0.537074,0.558574,0.445329,0.592119,0.392358,0.402563,0.657244,0.399373,0.421493,0.470633,0.325674,0.474635,0.653896,0.405601,0.605639,0.499923,0.508811,0.583967,0.779049,0.520476,0.527102,0.397788,0.439725,0.380344
2023-03-23,0.498601,0.754070,0.348824,0.357698,0.476503,0.404184,0.352869,0.674052,0.422768,0.426010,0.365790,0.465457,0.403346,0.526181,0.427951,0.493803,0.425054,0.298853,0.560326,0.629778,0.469624,0.609113,0.611992,0.493599,0.602793,0.675628,0.406830,0.401231,0.344728,0.457246,0.269517
2023-03-24,0.480009,0.622924,0.570745,0.371249,0.466645,0.371341,0.364171,0.598068,0.390858,0.470932,0.390498,0.367460,0.478517,0.682812,0.522177,0.297305,0.358655,0.371350,0.418404,0.718022,0.544086,0.577441,0.521654,0.560552,0.646363,0.753005,0.628938,0.543587,0.467566,0.328059,0.434457
2023-03-27,0.433639,0.554381,0.399059,0.424841,0.443934,0.531491,0.452655,0.706880,0.470836,0.374278,0.398569,0.497989,0.470667,0.691904,0.324195,0.450857,0.403901,0.344952,0.416345,0.768803,0.435122,0.612731,0.722887,0.580028,0.561809,0.657160,0.609264,0.421098,0.409743,0.383552,0.312820
2023-03-28,0.568993,0.633681,0.446459,0.460246,0.515530,0.542015,0.437084,0.634930,0.410872,0.418713,0.411232,0.419752,0.489194,0.590794,0.439786,0.363814,0.309781,0.365951,0.525845,0.663814,0.486406,0.572901,0.543980,0.585723,0.509845,0.724998,0.503275,0.542162,0.360637,0.425476,0.352098
2023-03-29,0.464199,0.747883,0.331002,0.507558,0.499157,0.564836,0.371728,0.627641,0.502863,0.455180,0.509715,0.399590,0.581063,0.610828,0.439841,0.406243,0.489001,0.497526,0.494302,0.751329,0.617497,0.686422,0.440673,0.543549,0.439826,0.665732,0.438183,0.446585,0.340732,0.433878,0.301121
2023-03-30,0.467627,0.593979,0.411957,0.488932,0.380381,0.410469,0.468967,0.617017,0.397728,0.432329,0.492941,0.327657,0.351409,0.687462,0.321381,0.268858,0.395956,0.428782,0.420334,0.729758,0.642884,0.552919,0.545468,0.596594,0.537556,0.698804,0.464591,0.324372,0.401378,0.447240,0.332386
2023-03-31,0.439051,0.712016,0.449332,0.527151,0.398783,0.414776,0.551045,0.663944,0.262116,0.429138,0.294325,0.443708,0.488925,0.638884,0.410036,0.544471,0.433528,0.434390,0.518623,0.790663,0.591558,0.697405,0.507882,0.495637,0.500496,0.784529,0.504190,0.508358,0.470408,0.372703,0.432427
2023-04-03,0.469668,0.608508,0.513361,0.428576,0.441264,0.493322,0.397424,0.645139,0.516793,0.451015,0.416282,0.411333,0.530471,0.611306,0.388518,0.381535,0.452515,0.604203,0.612206,0.787735,0.625515,0.552214,0.650468,0.523662,0.572371,0.684609,0.435306,0.349823,0.399114,0.250933,0.381273
2023-04-04,0.493009,0.630099,0.445044,0.524385,0.535617,0.515047,0.418264,0.676622,0.417817,0.506895,0.453449,0.450613,0.398735,0.595363,0.350525,0.420232,0.598101,0.476616,0.546946,0.656124,0.594527,0.506232,0.594023,0.642754,0.449286,0.790833,0.402369,0.451014,0.434468,0.395546,0.302653
2023-04-05,0.592688,0.553049,0.557275,0.389336,0.545986,0.439122,0.521608,0.679011,0.546475,0.534769,0.432984,0.342700,0.371896,0.624258,0.522291,0.522170,0.465631,0.447947,0.615156,0.662086,0.683405,0.556323,0.573295,0.697866,0.520135,0.648408,0.404527,0.406476,0.311094,0.464441,0.313525
2023-04-06,0.530567,0.784803,0.474795,0.553261,0.547673,0.362126,0.550750,0.484619,0.469149,0.381003,0.639187,0.448906,0.512696,0.537167,0.408531,0.442477,0.456499,0.526378,0.369355,0.710192,0.578135,0.507819,0.442016,0.650482,0.476770,0.761432,0.249097,0.483290,0.329037,0.288982,0.485697
2023-04-07,0.470893,0.639597,0.397980,0.414059,0.471818,0.489562,0.426056,0.580378,0.476600,0.585657,0.373855,0.314663,0.325734,0.723291,0.417184,0.399828,0.297664,0.458731,0.399435,0.655575,0.575302,0.726451,0.573059,0.652793,0.528008,0.685318,0.395051,0.454317,0.404695,0.385743,0.363997
2023-04-10,0.390750,0.681918,0.520103,0.436791,0.530242,0.560115,0.433697,0.696165,0.492172,0.511040,0.459411,0.442726,0.462954,0.553512,0.466136,0.371329,0.432423,0.474899,0.500796,0.828551,0.675027,0.600990,0.447269,0.577543,0.472275,0.633950,0.431738,0.381026,0.350410,0.271709,0.456844
2023-04-11,0.457181,0.646943,0.394752,0.514283,0.490432,0.503537,0.385643,0.603552,0.483886,0.520749,0.460654,0.407302,0.372108,0.633548,0.374640,0.424143,0.510037,0.524386,0.508332,0.759071,0.537278,0.615876,0.463637,0.524356,0.638590,0.703765,0.329417,0.410888,0.399236,0.482617,0.516106
2023-04-12,0.481347,0.664166,0.407402,0.519308,0.274022,0.535649,0.428418,0.602025,0.483518,0.483525,0.391727,0.382914,0.464478,0.667774,0.579149,0.306392,0.277202,0.532277,0.681234,0.668229,0.601971,0.668529,0.531622,0.547410,0.489936,0.552607,0.348829,0.428092,0.356398,0.465058,0.334227
2023-04-13,0.421425,0.569985,0.411521,0.430685,0.435547,0.395877,0.338215,0.613531,0.333765,0.398186,0.373734,0.346414,0.312367,0.623968,0.431429,0.447388,0.388367,0.583828,0.575627,0.717359,0.429521,0.565945,0.471165,0.477139,0.636935,0.590752,0.233796,0.369343,0.392370,0.274023,0.435911
2023-04-14,0.586911,0.756275,0.468151,0.394782,0.454650,0.533835,0.436577,0.641605,0.577853,0.234555,0.368267,0.452923,0.411172,0.624414,0.369611,0.666775,0.520390,0.414807,0.623726,0.695854,0.554021,0.574890,0.435614,0.631809,0.410083,0.577737,0.390789,0.200792,0.336038,0.249905,0.335880
2023-04-17,0.513464,0.505728,0.529622,0.478999,0.438521,0.498879,0.388860,0.558628,0.461338,0.395437,0.425121,0.370486,0.338369,0.694325,0.346900,0.596484,0.436706,0.549731,0.486706,0.802024,0.603479,0.547208,0.546102,0.496554,0.434041,0.673557,0.469053,0.363606,0.162650,0.487238,0.343698
2023-04-18,0.534705,0.636729,0.505340,0.449225,0.501048,0.509279,0.442712,0.665825,0.437618,0.605845,0.430526,0.310451,0.451632,0.662399,0.388628,0.539165,0.395996,0.434181,0.483745,0.950000,0.489730,0.471763,0.481787,0.503674,0.455979,0.592855,0.381085,0.441748,0.453085,0.404419,0.373263
2023-04-19,0.478844,0.603690,0.401586,0.308693,0.448566,0.590670,0.285803,0.645693,0.284072,0.288273,0.460808,0.510589,0.280647,0.695916,0.589264,0.392126,0.614310,0.575161,0.640094,0.582436,0.533471,0.630694,0.586338,0.625849,0.519648,0.634411,0.363498,0.281814,0.437273,0.276761,0.272926
2023-04-20,0.419534,0.781351,0.470609,0.493959,0.444529,0.410023,0.358911,0.681359,0.312864,0.355181,0.509906,0.460687,0.484088,0.586611,0.522807,0.582494,0.471477,0.583784,0.548190,0.752143,0.485916,0.603354,0.552022,0.424682,0.405050,0.648362,0.403661,0.322293,0.374717,0.434995,0.319139
2023-04-21,0.577802,0.695489,0.483229,0.327625,0.436922,0.505962,0.371850,0.629039,0.396740,0.445836,0.455667,0.331681,0.578792,0.604733,0.425088,0.470285,0.599895,0.478033,0.699821,0.779128,0.562228,0.650510,0.534920,0.411445,0.342968,0.684721,0.369139,0.375755,0.324986,0.291827,0.373087
2023-04-24,0.513689,0.433067,0.790848,0.515037,0.342953,0.383378,0.355176,0.421887,0.487152,0.461858,0.463096,0.623524,0.428277,0.495114,0.607563,0.464943,0.602742,0.517095,0.590197,0.483980,0.748325,0.709097,0.516396,0.484266,0.405562,0.400075,0.453774,0.163616,0.483688,0.303639,0.483695
2023-04-25,0.483312,0.538672,0.675950,0.490485,0.540559,0.441854,0.557477,0.480853,0.676479,0.457306,0.375243,0.387865,0.277383,0.351812,0.703992,0.490647,0.558169,0.527220,0.510160,0.538051,0.739901,0.610855,0.520846,0.562018,0.402906,0.425272,0.452936,0.414187,0.291960,0.322622,0.402093
2023-04-26,0.596322,0.513121,0.607728,0.412077,0.422097,0.533131,0.491812,0.442123,0.661398,0.374283,0.285469,0.442095,0.492957,0.542396,0.681092,0.500552,0.596585,0.600568,0.576155,0.478192,0.752866,0.547409,0.480251,0.488969,0.391527,0.342881,0.669228,0.212743,0.333655,0.313384,0.321547
2023-04-27,0.501029,0.415033,0.686334,0.534898,0.414231,0.331210,0.394222,0.400537,0.545388,0.259223,0.251648,0.359267,0.454398,0.421613,0.673231,0.444262,0.644076,0.622939,0.746137,0.549672,0.738152,0.529114,0.552342,0.507304,0.441148,0.293422,0.664452,0.354863,0.285052,0.334784,0.376181
2023-04-28,0.527017,0.441309,0.738811,0.355182,0.481490,0.309647,0.446180,0.398765,0.527116,0.365161,0.339925,0.357834,0.349903,0.304045,0.433578,0.595600,0.454843,0.612894,0.597970,0.562756,0.678289,0.515310,0.384720,0.385899,0.409281,0.305170,0.573390,0.319115,0.382210,0.302284,0.384459
2023-05-01,0.376160,0.496938,0.685052,0.748056,0.566452,0.542842,0.293654,0.388495,0.578395,0.343491,0.433661,0.453843,0.382092,0.432260,0.705400,0.634231,0.595624,0.543914,0.643440,0.595153,0.838508,0.576726,0.444537,0.416814,0.371599,0.318250,0.518124,0.311453,0.276037,0.417315,0.547435
2023-05-02,0.542750,0.495362,0.625748,0.386362,0.465408,0.428013,0.393257,0.389792,0.561675,0.389404,0.328792,0.440075,0.465409,0.464160,0.613715,0.467776,0.552409,0.579358,0.592335,0.564342,0.779140,0.535101,0.477158,0.489161,0.430598,0.382274,0.478105,0.384887,0.291412,0.380507,0.362903
2023-05-03,0.510360,0.515705,0.794601,0.516118,0.538231,0.464172,0.476017,0.336300,0.654427,0.464240,0.345217,0.415984,0.418226,0.493946,0.684945,0.601025,0.464473,0.529715,0.501577,0.591275,0.763722,0.535915,0.447434,0.370350,0.403214,0.353067,0.455417,0.323852,0.319702,0.381787,0.431790
2023-05-04,0.538401,0.427701,0.701058,0.526747,0.437218,0.497278,0.461492,0.340962,0.707329,0.494435,0.369631,0.498177,0.449332,0.593614,0.632281,0.489213,0.564922,0.614257,0.712267,0.552726,0.822469,0.559174,0.487030,0.385581,0.324849,0.450330,0.653122,0.446971,0.341156,0.318677,0.474501
2023-05-05,0.587455,0.470114,0.747248,0.623697,0.514128,0.323644,0.406808,0.428438,0.623567,0.432234,0.397792,0.397567,0.470611,0.425738,0.552538,0.492369,0.596698,0.533217,0.580995,0.626382,0.737904,0.560970,0.569739,0.373296,0.309017,0.350482,0.477231,0.306925,0.339973,0.312415,0.430583
2023-05-08,0.349046,0.566417,0.638735,0.435221,0.545316,0.430713,0.552099,0.329672,0.509708,0.489704,0.368424,0.451287,0.474419,0.423758,0.567968,0.556191,0.687720,0.468757,0.635254,0.670561,0.785257,0.405606,0.509041,0.429276,0.450292,0.456296,0.446213,0.355225,0.353829,0.405329,0.439087
2023-05-09,0.441201,0.486706,0.688932,0.360290,0.438716,0.301175,0.397422,0.546227,0.605274,0.353631,0.324008,0.426874,0.507753,0.617566,0.648918,0.476181,0.661987,0.583357,0.519369,0.495582,0.849114,0.522146,0.424448,0.436518,0.402652,0.313925,0.464017,0.379695,0.545244,0.402983,0.488923
2023-05-10,0.517471,0.383577,0.661637,0.490601,0.413386,0.440613,0.490457,0.429520,0.583572,0.353318,0.510043,0.415929,0.484181,0.569367,0.683565,0.604296,0.642098,0.496624,0.625896,0.617028,0.749034,0.550430,0.333968,0.379755,0.387471,0.429647,0.542292,0.420072,0.340360,0.468085,0.485471
2023-05-11,0.538221,0.491389,0.779180,0.466497,0.463102,0.359038,0.461701,0.448585,0.499284,0.423732,0.412882,0.528875,0.475091,0.506302,0.781199,0.542490,0.467975,0.533723,0.528194,0.691375,0.718557,0.489633,0.399632,0.396760,0.254653,0.318341,0.420373,0.442967,0.378900,0.349088,0.481805
2023-05-12,0.606500,0.572269,0.681339,0.433416,0.491209,0.497791,0.347738,0.489622,0.633574,0.566927,0.424642,0.541173,0.446765,0.550066,0.706234,0.636225,0.615027,0.685102,0.596529,0.490523,0.739883,0.435630,0.469160,0.380329,0.359465,0.478737,0.537844,0.397565,0.378422,0.389167,0.326033
2023-05-15,0.544286,0.536342,0.585963,0.399511,0.407447,0.300193,0.370731,0.359037,0.527706,0.455650,0.359113,0.408024,0.534855,0.566526,0.701406,0.666042,0.510092,0.639727,0.515767,0.563326,0.788569,0.413993,0.441222,0.484499,0.470484,0.209686,0.515538,0.369279,0.469478,0.530890,0.428222
2023-05-16,0.579438,0.489962,0.705464,0.520413,0.390396,0.443561,0.273234,0.511094,0.630661,0.407166,0.375564,0.311658,0.529030,0.583847,0.722336,0.515680,0.606790,0.560571,0.540358,0.567767,0.763910,0.499112,0.527708,0.311260,0.411126,0.272010,0.511906,0.282098,0.529459,0.457586,0.426638
2023-05-17,0.558386,0.489813,0.624558,0.432410,0.472207,0.446371,0.472801,0.405396,0.646981,0.360467,0.417867,0.442125,0.430315,0.450485,0.785429,0.517606,0.577125,0.466200,0.488562,0.539174,0.671908,0.437380,0.407790,0.353474,0.385779,0.400641,0.716049,0.416583,0.297633,0.498954,0.450064
2023-05-18,0.486270,0.465843,0.714529,0.489685,0.485151,0.451751,0.318137,0.284365,0.478611,0.454205,0.360646,0.473006,0.364353,0.573271,0.729650,0.482767,0.579825,0.617452,0.480726,0.690926,0.601761,0.423300,0.372813,0.287660,0.362828,0.502673,0.528751,0.406428,0.509526,0.497872,0.589640
2023-05-19,0.403813,0.547496,0.526273,0.427499,0.391397,0.397386,0.326677,0.395448,0.551604,0.459857,0.472824,0.506070,0.611913,0.566932,0.776458,0.578631,0.472438,0.584483,0.536447,0.602997,0.556211,0.333653,0.511916,0.546476,0.391566,0.299002,0.569854,0.397244,0.364865,0.388945,0.617592
2023-05-22,0.570545,0.394103,0.696375,0.417756,0.364505,0.457434,0.457325,0.410781,0.661177,0.417359,0.399483,0.514138,0.557331,0.548914,0.699444,0.583872,0.621268,0.487543,0.660823,0.449862,0.677254,0.430488,0.437307,0.377286,0.407074,0.454951,0.558609,0.327854,0.325858,0.501719,0.463782
2023-05-23,0.520980,0.462704,0.654737,0.541139,0.417014,0.380599,0.269261,0.332362,0.642354,0.425523,0.579489,0.440382,0.473615,0.437781,0.835199,0.618228,0.479869,0.764483,0.694134,0.447346,0.737140,0.587171,0.353466,0.306976,0.313482,0.232651,0.556579,0.393398,0.501583,0.474020,0.452874
2023-05-24,0.493892,0.485282,0.700291,0.377283,0.289865,0.354972,0.340674,0.405045,0.401219,0.492697,0.412649,0.502923,0.581484,0.595116,0.726497,0.577708,0.549084,0.497170,0.587097,0.490591,0.720714,0.428950,0.504711,0.352510,0.466899,0.312906,0.622818,0.343571,0.420465,0.591660,0.400823
2023-05-25,0.685581,0.423097,0.527379,0.334388,0.360028,0.480751,0.407118,0.450611,0.595267,0.340812,0.432340,0.562955,0.574653,0.513987,0.705428,0.555053,0.492763,0.612755,0.524224,0.482570,0.742975,0.559649,0.443847,0.343948,0.368577,0.365759,0.576474,0.610262,0.378307,0.553130,0.551791
2023-05-26,0.546612,0.425086,0.658604,0.371579,0.474964,0.383819,0.268015,0.261101,0.547007,0.575350,0.416717,0.412142,0.592615,0.565457,0.806581,0.489727,0.541077,0.578953,0.380065,0.576249,0.652806,0.466707,0.402232,0.327625,0.300670,0.397455,0.576017,0.354512,0.362050,0.457047,0.502751
2023-05-29,0.565757,0.474038,0.656394,0.458517,0.369239,0.417368,0.350586,0.371380,0.495849,0.443100,0.497713,0.440216,0.543109,0.450030,0.685301,0.707423,0.526690,0.644292,0.558181,0.443714,0.662979,0.459007,0.342717,0.289821,0.353375,0.235424,0.702072,0.421195,0.440217,0.461652,0.582918
2023-05-30,0.487051,0.602293,0.603364,0.309316,0.345110,0.399842,0.263376,0.328969,0.651879,0.377832,0.488207,0.581187,0.398258,0.584153,0.810038,0.461863,0.549733,0.501515,0.495641,0.378307,0.654060,0.298298,0.398109,0.494255,0.315171,0.295386,0.606329,0.404690,0.438262,0.483082,0.537553
2023-05-31,0.692134,0.407894,0.602232,0.373525,0.287904,0.282048,0.376475,0.289740,0.631029,0.354717,0.437459,0.501219,0.519231,0.537648,0.732748,0.605963,0.515547,0.572283,0.435686,0.413660,0.657287,0.569538,0.349381,0.407582,0.392451,0.513526,0.529136,0.401005,0.540663,0.528565,0.543660
2023-06-01,0.513227,0.582010,0.732944,0.420720,0.415157,0.427973,0.410253,0.442270,0.471031,0.347595,0.539102,0.453745,0.445412,0.531570,0.755635,0.529219,0.699549,0.532287,0.538411,0.462624,0.699843,0.398450,0.358707,0.411717,0.388151,0.344307,0.619401,0.395040,0.554234,0.389834,0.504040
2023-06-02,0.439482,0.470485,0.612951,0.353565,0.363764,0.451233,0.324643,0.421067,0.520867,0.358414,0.409765,0.594361,0.566447,0.463982,0.696457,0.526242,0.508197,0.561789,0.511984,0.459844,0.671362,0.381812,0.333813,0.539200,0.339920,0.423849,0.575841,0.531439,0.372304,0.483187,0.426404
2023-06-05,0.433541,0.435304,0.600619,0.401935,0.419320,0.377949,0.435626,0.364552,0.614193,0.559548,0.445607,0.449307,0.444493,0.706905,0.645736,0.557659,0.563887,0.553993,0.497151,0.385129,0.548835,0.432590,0.356660,0.268095,0.422700,0.339015,0.551103,0.537727,0.495574,0.561262,0.525322
2023-06-06,0.639695,0.445896,0.615095,0.460520,0.348794,0.487813,0.404169,0.493025,0.626203,0.479484,0.536500,0.389505,0.441243,0.689181,0.699083,0.583746,0.540260,0.475623,0.401181,0.403599,0.733581,0.458466,0.440695,0.455124,0.455822,0.318519,0.594921,0.371547,0.472434,0.481895,0.525879
2023-06-07,0.410483,0.270799,0.616124,0.348420,0.206902,0.512981,0.438093,0.333413,0.685191,0.534611,0.403993,0.515806,0.492787,0.675159,0.811927,0.669260,0.611731,0.523638,0.528721,0.391998,0.601605,0.367736,0.442440,0.377215,0.404786,0.418356,0.694499,0.638225,0.520075,0.458210,0.582881
2023-06-08,0.579224,0.474177,0.510199,0.374983,0.364633,0.432945,0.310671,0.345814,0.728901,0.374910,0.513339,0.560945,0.449552,0.493727,0.855716,0.558035,0.625182,0.445650,0.416441,0.488628,0.611343,0.450512,0.398634,0.362970,0.326817,0.372241,0.675238,0.483113,0.513825,0.486329,0.610816
2023-06-09,0.434432,0.414751,0.426807,0.492950,0.379134,0.352762,0.430239,0.417568,0.646552,0.388392,0.413005,0.568071,0.638839,0.652227,0.803565,0.522129,0.619470,0.488661,0.529563,0.444089,0.552766,0.342168,0.431477,0.347250,0.249426,0.549842,0.672300,0.486965,0.532585,0.497491,0.541450
2023-06-12,0.469763,0.425502,0.571559,0.364743,0.340930,0.445835,0.327127,0.438420,0.711288,0.454775,0.564011,0.512091,0.596652,0.525968,0.844725,0.578064,0.538257,0.392319,0.587587,0.508309,0.723632,0.419876,0.242716,0.383917,0.370719,0.366703,0.617458,0.498264,0.522006,0.492403,0.488938
2023-06-13,0.477149,0.432063,0.621876,0.386318,0.359741,0.341955,0.319347,0.509682,0.693963,0.471834,0.492818,0.454041,0.555473,0.535761,0.873200,0.602964,0.580021,0.432455,0.480986,0.539932,0.512110,0.402160,0.348537,0.309305,0.405920,0.387231,0.597865,0.455878,0.581266,0.374698,0.536004
2023-06-14,0.458512,0.382272,0.677309,0.345462,0.369070,0.356026,0.360736,0.512567,0.603378,0.534834,0.563486,0.432064,0.476324,0.556291,0.814444,0.475540,0.520836,0.595510,0.615186,0.524642,0.508714,0.443489,0.273193,0.433460,0.418536,0.419396,0.509269,0.514119,0.465213,0.499719,0.585322
2023-06-15,0.501783,0.355559,0.604190,0.323347,0.321548,0.335065,0.490288,0.390921,0.672434,0.409992,0.532924,0.542859,0.698641,0.499472,0.799938,0.517893,0.496795,0.534898,0.515497,0.414585,0.608515,0.458494,0.428752,0.360933,0.401532,0.512398,0.619523,0.534942,0.460633,0.469130,0.545318
2023-06-16,0.409008,0.494781,0.605570,0.463056,0.277457,0.219110,0.358280,0.435016,0.734304,0.449453,0.486508,0.579917,0.449983,0.666578,0.742885,0.547699,0.615672,0.545517,0.458684,0.435844,0.567415,0.368582,0.404146,0.386703,0.401169,0.460039,0.580244,0.514164,0.489369,0.495719,0.560605
2023-06-19,0.478617,0.271926,0.396312,0.453471,0.384895,0.409719,0.413560,0.322678,0.570110,0.742177,0.568388,0.613622,0.570912,0.629006,0.528553,0.843023,0.510984,0.461219,0.557632,0.436014,0.393852,0.547572,0.388784,0.426499,0.466650,0.487644,0.424258,0.590728,0.477642,0.546804,0.479259
2023-06-20,0.341758,0.383827,0.407289,0.528043,0.292293,0.379942,0.338835,0.523991,0.473241,0.652536,0.534702,0.556790,0.459095,0.504838,0.656263,0.711362,0.495349,0.582571,0.485673,0.403671,0.180867,0.624166,0.373681,0.367051,0.364634,0.429133,0.613019,0.573577,0.466980,0.560538,0.516431
2023-06-21,0.495470,0.342119,0.331737,0.553447,0.486260,0.343689,0.372952,0.491912,0.587465,0.752639,0.520021,0.429252,0.621842,0.627040,0.612483,0.821278,0.543554,0.583258,0.368171,0.441190,0.462624,0.687341,0.519962,0.269776,0.315051,0.480886,0.570106,0.781561,0.405885,0.365904,0.517732
2023-06-22,0.375599,0.423479,0.282618,0.608027,0.424897,0.321773,0.463948,0.492182,0.399342,0.783736,0.546549,0.530270,0.667997,0.577788,0.489750,0.863192,0.515980,0.447287,0.402946,0.579859,0.535306,0.425767,0.396869,0.373603,0.220122,0.450906,0.493182,0.608983,0.509776,0.470175,0.468965
2023-06-23,0.326247,0.346681,0.484665,0.551855,0.342618,0.365730,0.256273,0.338691,0.405470,0.660890,0.493035,0.586643,0.500712,0.500035,0.730064,0.692912,0.410072,0.447462,0.577794,0.332912,0.441424,0.607145,0.274515,0.431510,0.477576,0.435735,0.444677,0.719662,0.384695,0.588732,0.420053
2023-06-26,0.407055,0.399952,0.440427,0.578692,0.409456,0.328668,0.359013,0.460930,0.645700,0.615027,0.475737,0.548460,0.604301,0.611506,0.537183,0.624979,0.518591,0.496867,0.498217,0.574494,0.335377,0.555845,0.301525,0.331437,0.411252,0.418010,0.483406,0.623405,0.522204,0.506940,0.413280
2023-06-27,0.420982,0.456858,0.419165,0.593616,0.393657,0.516186,0.332807,0.483086,0.444071,0.587041,0.584606,0.657780,0.507953,0.629359,0.581732,0.642376,0.511885,0.346804,0.514134,0.561971,0.312440,0.659114,0.424991,0.317957,0.394199,0.388158,0.497259,0.581238,0.483994,0.503716,0.439966
2023-06-28,0.333511,0.429263,0.291709,0.544683,0.508298,0.506997,0.472959,0.473435,0.549852,0.711245,0.611948,0.542940,0.576841,0.701751,0.655363,0.690391,0.435272,0.459756,0.348588,0.348972,0.311628,0.503434,0.273295,0.390426,0.426084,0.472934,0.402431,0.690859,0.474379,0.745646,0.619618
2023-06-29,0.443866,0.365997,0.450028,0.535094,0.355144,0.473551,0.286675,0.515716,0.469411,0.606249,0.471838,0.542199,0.680302,0.657478,0.565650,0.703148,0.442940,0.428229,0.332490,0.347239,0.324367,0.522572,0.256137,0.448960,0.333214,0.476901,0.568477,0.684228,0.544539,0.529300,0.408089
2023-06-30,0.369022,0.495558,0.393551,0.641324,0.416467,0.420225,0.394536,0.480192,0.509578,0.750969,0.617114,0.498874,0.668613,0.577508,0.517163,0.697191,0.547651,0.449572,0.363553,0.274577,0.297809,0.623691,0.283592,0.479049,0.524101,0.360341,0.316205,0.850034,0.512244,0.476940,0.593349
2023-07-03,0.472555,0.341217,0.464455,0.602800,0.339875,0.375846,0.427100,0.544733,0.390944,0.693894,0.518437,0.710532,0.449640,0.500372,0.563681,0.656561,0.468549,0.408878,0.456839,0.273711,0.489968,0.496311,0.405104,0.459987,0.380512,0.444163,0.461339,0.703936,0.549009,0.457653,0.638713
2023-07-04,0.363327,0.265776,0.387733,0.522564,0.403123,0.509228,0.413171,0.455786,0.619229,0.720223,0.530314,0.585979,0.549022,0.497344,0.570356,0.584735,0.441275,0.372038,0.423551,0.357087,0.500212,0.575601,0.433666,0.407766,0.411260,0.470852,0.535182,0.819318,0.523975,0.424099,0.507057
2023-07-05,0.378812,0.315539,0.415109,0.620991,0.366274,0.450776,0.588475,0.490867,0.650439,0.726491,0.706614,0.535944,0.478041,0.507625,0.555340,0.592442,0.494198,0.429604,0.394560,0.456328,0.334663,0.588404,0.412190,0.404885,0.535148,0.448269,0.512248,0.792225,0.455367,0.507236,0.512029
2023-07-06,0.456416,0.450668,0.366951,0.446422,0.398582,0.414155,0.525676,0.670660,0.360314,0.600974,0.554450,0.558513,0.608760,0.469497,0.435487,0.698305,0.530928,0.415798,0.240421,0.319111,0.347321,0.618984,0.493022,0.428614,0.517329,0.602412,0.484682,0.663629,0.414030,0.442660,0.539979
2023-07-07,0.249273,0.299653,0.392215,0.552807,0.287161,0.436986,0.424719,0.511155,0.435334,0.807872,0.513151,0.588557,0.559618,0.495364,0.512336,0.567462,0.543645,0.278992,0.204136,0.366403,0.405456,0.518159,0.333427,0.530425,0.440232,0.524520,0.514772,0.736370,0.602016,0.485981,0.421096
2023-07-10,0.319159,0.295459,0.430431,0.565449,0.479129,0.427412,0.498082,0.489805,0.640053,0.638689,0.475181,0.528483,0.590878,0.471221,0.621267,0.585402,0.417841,0.436506,0.421122,0.318697,0.403905,0.508449,0.400983,0.366789,0.436640,0.370014,0.588459,0.708738,0.554910,0.496850,0.482079
2023-07-11,0.423797,0.476790,0.322529,0.618171,0.341218,0.427663,0.484508,0.489438,0.523436,0.724984,0.356893,0.552513,0.518117,0.567546,0.545585,0.620927,0.535103,0.341958,0.302361,0.337278,0.479623,0.511246,0.520929,0.354539,0.448210,0.430824,0.457217,0.724246,0.599514,0.408802,0.423692
2023-07-12,0.291493,0.436147,0.554983,0.613246,0.430271,0.469562,0.465487,0.486411,0.586890,0.742653,0.610397,0.556970,0.685133,0.414839,0.556003,0.694349,0.407004,0.383385,0.491799,0.273312,0.326446,0.639547,0.495791,0.345068,0.506836,0.578933,0.564856,0.667451,0.440544,0.385873,0.605453
2023-07-13,0.430983,0.387928,0.347819,0.654510,0.543487,0.374562,0.632025,0.507277,0.509204,0.681476,0.572222,0.501450,0.581356,0.568820,0.472464,0.503415,0.394520,0.502094,0.490663,0.411195,0.436866,0.738192,0.434237,0.523269,0.473302,0.551686,0.470690,0.527210,0.571387,0.526527,0.430231
2023-07-14,0.452008,0.256478,0.239620,0.534382,0.561656,0.560908,0.538792,0.518622,0.574368,0.717435,0.443728,0.535274,0.520371,0.477823,0.515559,0.740110,0.487714,0.286691,0.330339,0.374492,0.510898,0.591719,0.397329,0.451667,0.419869,0.485346,0.473308,0.693249,0.502439,0.733746,0.656232
2023-07-17,0.265509,0.407008,0.507898,0.690896,0.368309,0.555852,0.453356,0.619965,0.736123,0.724733,0.716896,0.619970,0.487605,0.475100,0.447869,0.675746,0.438668,0.348188,0.381829,0.492883,0.469962,0.350644,0.372248,0.654172,0.583039,0.583468,0.606704,0.732193,0.485528,0.480012,0.504543
2023-07-18,0.319921,0.346124,0.293004,0.626973,0.482957,0.341462,0.673277,0.500089,0.404076,0.932419,0.548566,0.380924,0.583184,0.452659,0.619056,0.661410,0.375662,0.308653,0.446305,0.492604,0.435138,0.696512,0.438037,0.377371,0.425511,0.469605,0.510989,0.585452,0.303325,0.612815,0.577037
2023-07-19,0.375823,0.343310,0.397046,0.559696,0.395703,0.392908,0.578490,0.532301,0.469201,0.761456,0.515832,0.689896,0.412166,0.442426,0.292844,0.707551,0.324121,0.488298,0.457063,0.425229,0.398019,0.573443,0.463133,0.438798,0.463640,0.533227,0.533508,0.769845,0.509932,0.495334,0.450321
2023-07-20,0.324179,0.329656,0.399529,0.582893,0.502433,0.502455,0.631142,0.528603,0.422165,0.778158,0.595633,0.540265,0.577319,0.564456,0.530055,0.657190,0.389750,0.363708,0.334446,0.326298,0.408960,0.480325,0.484568,0.364837,0.414067,0.471536,0.484977,0.876331,0.522774,0.537907,0.497812
2023-07-21,0.284182,0.420205,0.385045,0.766663,0.370518,0.603736,0.634946,0.494221,0.633803,0.535654,0.504379,0.591875,0.589343,0.441041,0.511151,0.573636,0.312844,0.348308,0.423766,0.251212,0.522094,0.542541,0.356090,0.524187,0.448676,0.524762,0.665368,0.632182,0.536721,0.630553,0.517606
2023-07-24,0.349512,0.380538,0.485787,0.460341,0.414791,0.483991,0.516173,0.600096,0.479689,0.776843,0.444638,0.584093,0.564101,0.487975,0.462189,0.561399,0.379639,0.544716,0.506778,0.431510,0.425026,0.531629,0.368692,0.276161,0.456210,0.484415,0.519233,0.640450,0.516464,0.555127,0.544072
2023-07-25,0.263142,0.388190,0.361883,0.667553,0.430696,0.359276,0.608407,0.494536,0.724633,0.667901,0.466102,0.466132,0.481099,0.502663,0.516381,0.624313,0.500895,0.347087,0.346095,0.417067,0.525470,0.518363,0.598001,0.527391,0.509464,0.461692,0.433904,0.734727,0.382115,0.291028,0.436985
2023-07-26,0.374127,0.311182,0.301777,0.745680,0.483463,0.605453,0.727439,0.586642,0.637519,0.731805,0.467922,0.534454,0.539370,0.370033,0.379269,0.713193,0.374753,0.483825,0.482364,0.427321,0.360656,0.686908,0.335993,0.547289,0.535258,0.431511,0.418761,0.691611,0.551453,0.481219,0.478286
2023-07-27,0.383772,0.305502,0.399393,0.595936,0.536731,0.450478,0.579166,0.590667,0.646881,0.771355,0.477385,0.544028,0.559922,0.451652,0.498512,0.580542,0.373578,0.333493,0.393078,0.469615,0.389598,0.602125,0.498767,0.509981,0.538241,0.338142,0.487738,0.547697,0.604280,0.457089,0.449541
2023-07-28,0.381331,0.439464,0.351306,0.778679,0.480453,0.654788,0.637693,0.623235,0.539184,0.702995,0.458429,0.568253,0.532485,0.471547,0.341635,0.531433,0.458026,0.365668,0.422386,0.504424,0.420385,0.758222,0.418183,0.442320,0.414263,0.470051,0.422481,0.573961,0.457436,0.333739,0.603576
2023-07-31,0.389676,0.351361,0.466070,0.451379,0.429800,0.500989,0.553702,0.555769,0.649523,0.742527,0.480377,0.484850,0.470980,0.443840,0.539003,0.669859,0.359364,0.577868,0.356939,0.404713,0.531321,0.628411,0.507163,0.548162,0.549595,0.385753,0.423743,0.533367,0.543002,0.490539,0.506529
2023-08-01,0.379617,0.524713,0.287852,0.670187,0.426934,0.589066,0.594294,0.557708,0.533263,0.819805,0.549783,0.480580,0.582016,0.360673,0.463405,0.725482,0.354237,0.115517,0.473845,0.479495,0.565299,0.555983,0.450238,0.440718,0.520434,0.541213,0.423310,0.709295,0.545339,0.616139,0.567258
2023-08-02,0.276855,0.455797,0.337557,0.609914,0.433220,0.451346,0.481395,0.616328,0.586256,0.794233,0.703399,0.635169,0.523202,0.377340,0.481963,0.619139,0.466809,0.511648,0.445287,0.351781,0.496245,0.686086,0.408271,0.573543,0.565632,0.484644,0.563385,0.745362,0.291791,0.521672,0.436415
2023-08-03,0.294001,0.308706,0.414848,0.700397,0.392727,0.375490,0.553511,0.561040,0.554035,0.764083,0.559244,0.500376,0.557379,0.405404,0.399799,0.627057,0.425226,0.502438,0.314932,0.480023,0.531143,0.701077,0.485838,0.454276,0.465656,0.499188,0.580284,0.607999,0.468604,0.416016,0.408973
2023-08-04,0.224243,0.445445,0.422732,0.535660,0.529115,0.571995,0.571089,0.478009,0.514737,0.653570,0.490980,0.440527,0.515239,0.350258,0.411742,0.579474,0.369585,0.387189,0.526527,0.539497,0.507051,0.581447,0.509296,0.385399,0.434889,0.480974,0.345982,0.699316,0.328568,0.539586,0.468666
2023-08-07,0.370009,0.425963,0.392713,0.629448,0.556603,0.585407,0.617246,0.630953,0.568145,0.726582,0.388259,0.428118,0.510465,0.293230,0.400768,0.599190,0.456757,0.371467,0.525729,0.411484,0.329770,0.744570,0.454506,0.399292,0.467020,0.708486,0.459901,0.576426,0.569617,0.488404,0.582625
2023-08-08,0.333657,0.282571,0.520986,0.680588,0.472206,0.681567,0.521835,0.576494,0.586732,0.717808,0.438492,0.499174,0.481964,0.367932,0.532768,0.636863,0.404484,0.536806,0.384592,0.441805,0.503318,0.666259,0.395055,0.469013,0.403673,0.460306,0.396429,0.677154,0.471579,0.451109,0.556137
2023-08-09,0.420943,0.439960,0.421608,0.615702,0.526206,0.575615,0.403925,0.454478,0.541388,0.793083,0.423680,0.423485,0.415566,0.496913,0.571308,0.705580,0.385026,0.474642,0.411210,0.367645,0.513410,0.566809,0.489843,0.552111,0.399655,0.510028,0.432654,0.805805,0.403894,0.432541,0.489710
2023-08-10,0.444210,0.400728,0.512075,0.680844,0.538577,0.638871,0.694528,0.552760,0.644541,0.771063,0.660955,0.415029,0.536193,0.314795,0.422297,0.407352,0.374973,0.434710,0.499892,0.424742,0.428332,0.679632,0.465908,0.459873,0.377992,0.443390,0.359943,0.614584,0.391186,0.588352,0.478259
2023-08-11,0.338158,0.359519,0.491108,0.619825,0.460087,0.653174,0.466321,0.400778,0.521065,0.638502,0.504490,0.409254,0.440968,0.392366,0.418875,0.659163,0.426662,0.313685,0.419922,0.458821,0.554911,0.678649,0.461904,0.432862,0.355901,0.451902,0.461981,0.576206,0.452770,0.478390,0.470037
2023-08-14,0.370140,0.365241,0.441600,0.620000,0.651303,0.532205,0.499527,0.445739,0.546446,0.539176,0.535685,0.461308,0.406965,0.451039,0.388084,0.405220,0.618769,0.495169,0.451769,0.490672,0.591692,0.377660,0.604446,0.444449,0.527262,0.571536,0.458687,0.358813,0.690471,0.418078,0.431135
2023-08-15,0.438906,0.398283,0.480122,0.512405,0.744686,0.570150,0.486519,0.569749,0.532669,0.544809,0.498159,0.466866,0.521116,0.385202,0.478949,0.414151,0.708535,0.528335,0.455480,0.515397,0.526629,0.353399,0.682268,0.327782,0.489458,0.397019,0.498465,0.292664,0.750878,0.453179,0.368885
2023-08-16,0.357656,0.473013,0.595972,0.489681,0.694794,0.486006,0.597287,0.502526,0.510000,0.458562,0.641136,0.531916,0.371162,0.379058,0.393901,0.453899,0.640120,0.401405,0.371683,0.511518,0.463906,0.461370,0.693220,0.389851,0.427747,0.382566,0.509736,0.434755,0.666523,0.458957,0.531899
2023-08-17,0.471972,0.334800,0.510254,0.458125,0.705995,0.565014,0.377682,0.432137,0.569654,0.531394,0.535062,0.544109,0.396525,0.323333,0.421285,0.445255,0.760268,0.340833,0.478958,0.484858,0.412923,0.542598,0.688803,0.291377,0.517192,0.503011,0.563931,0.475546,0.738305,0.493083,0.509858
2023-08-18,0.518204,0.454897,0.529647,0.677514,0.820338,0.501641,0.489463,0.567274,0.448074,0.529696,0.771332,0.439561,0.349699,0.469384,0.432191,0.439662,0.568604,0.373800,0.424938,0.467717,0.332037,0.342161,0.605627,0.460676,0.669563,0.313092,0.352420,0.420427,0.613834,0.509692,0.503955
2023-08-21,0.497140,0.439656,0.471176,0.514811,0.686042,0.584350,0.528595,0.544781,0.609949,0.666929,0.726285,0.447603,0.277533,0.453321,0.568036,0.607208,0.628562,0.504152,0.373525,0.419979,0.556287,0.467217,0.537637,0.540485,0.453238,0.359968,0.500183,0.397476,0.622855,0.403081,0.481140
2023-08-22,0.466558,0.602757,0.542218,0.628923,0.573326,0.527140,0.467329,0.453060,0.457148,0.462422,0.549091,0.416009,0.506802,0.365845,0.432812,0.444300,0.674588,0.476008,0.417539,0.405404,0.473060,0.592023,0.676697,0.437773,0.399713,0.583304,0.375367,0.581135,0.721515,0.497465,0.463041
2023-08-23,0.533936,0.529263,0.568990,0.490550,0.679145,0.691248,0.721748,0.352744,0.648506,0.397273,0.594410,0.457762,0.447195,0.398678,0.361932,0.473082,0.557522,0.441809,0.555795,0.540164,0.492581,0.368996,0.534465,0.469324,0.512124,0.428568,0.382613,0.379709,0.776838,0.461870,0.475300
2023-08-24,0.384497,0.365265,0.496028,0.489388,0.742803,0.558949,0.629135,0.524812,0.596697,0.378528,0.733148,0.366910,0.445360,0.406248,0.442769,0.463428,0.638695,0.409480,0.250405,0.466946,0.295570,0.466644,0.768108,0.575246,0.482370,0.536334,0.654042,0.441569,0.659721,0.407663,0.604872
2023-08-25,0.361640,0.410747,0.421290,0.585852,0.624483,0.561881,0.395726,0.563060,0.530357,0.497675,0.647910,0.416217,0.381068,0.493532,0.509194,0.434138,0.690977,0.549015,0.565956,0.471831,0.401889,0.518346,0.675064,0.488440,0.440201,0.510483,0.380535,0.474877,0.672994,0.553712,0.462139
2023-08-28,0.431986,0.404059,0.571002,0.549416,0.663412,0.587623,0.431787,0.452944,0.476764,0.454248,0.521889,0.404118,0.339601,0.583222,0.390950,0.411909,0.610938,0.589604,0.530528,0.475287,0.484903,0.473244,0.646520,0.539836,0.418085,0.375459,0.433190,0.458565,0.670321,0.542624,0.617504
2023-08-29,0.430049,0.492082,0.475228,0.535475,0.683925,0.508622,0.462542,0.557716,0.308026,0.467658,0.719232,0.457074,0.378551,0.360423,0.445127,0.450086,0.679320,0.411475,0.466742,0.259779,0.502811,0.437469,0.706186,0.448091,0.344516,0.478377,0.502517,0.477462,0.794553,0.510058,0.555017
2023-08-30,0.564760,0.393549,0.510176,0.461601,0.736084,0.603194,0.458840,0.525166,0.461736,0.388204,0.628459,0.380742,0.540110,0.435475,0.366002,0.619941,0.762108,0.249862,0.362703,0.314071,0.462896,0.366949,0.538807,0.570926,0.443775,0.467061,0.564464,0.557107,0.636363,0.531736,0.408203
2023-08-31,0.488777,0.602622,0.448999,0.469848,0.654981,0.513227,0.540778,0.393843,0.560285,0.457655,0.717757,0.414464,0.393985,0.524820,0.470575,0.459539,0.691672,0.423355,0.560825,0.476878,0.462832,0.442562,0.666976,0.463583,0.422265,0.405957,0.519760,0.542113,0.797095,0.548635,0.612806
2023-09-01,0.475064,0.580094,0.533235,0.616716,0.551779,0.542621,0.531511,0.543031,0.435738,0.478493,0.704536,0.523436,0.387804,0.349008,0.464872,0.479248,0.558409,0.532060,0.421171,0.506119,0.398755,0.394642,0.611108,0.312851,0.431367,0.403186,0.519162,0.494690,0.682449,0.557290,0.489645
2023-09-04,0.528299,0.645991,0.431908,0.520233,0.743050,0.541552,0.461822,0.447448,0.354194,0.421981,0.458850,0.328297,0.358336,0.498364,0.357958,0.389825,0.748176,0.541607,0.495949,0.333226,0.355559,0.394926,0.545743,0.389883,0.353814,0.453121,0.293305,0.514647,0.668515,0.517828,0.589559
2023-09-05,0.477999,0.645857,0.600789,0.656600,0.621469,0.571575,0.582752,0.574452,0.516449,0.404451,0.564553,0.489848,0.525027,0.324961,0.391873,0.287231,0.618209,0.410717,0.458711,0.456214,0.331903,0.341858,0.529935,0.532372,0.561484,0.481425,0.575774,0.521025,0.645726,0.462427,0.571006
2023-09-06,0.456677,0.434369,0.498429,0.493763,0.618655,0.552534,0.444165,0.438485,0.579329,0.478317,0.669593,0.578466,0.595765,0.603122,0.466645,0.427050,0.578635,0.493108,0.599777,0.274942,0.521069,0.466739,0.593189,0.522304,0.404170,0.650080,0.460961,0.485983,0.775159,0.500155,0.523345
2023-09-07,0.486261,0.439680,0.505648,0.501677,0.736349,0.493077,0.436118,0.359866,0.476040,0.428921,0.619522,0.470921,0.601250,0.394412,0.410288,0.436167,0.727077,0.490723,0.480210,0.520709,0.361240,0.444864,0.500109,0.384855,0.411746,0.452799,0.515943,0.448764,0.661663,0.536599,0.529854
2023-09-08,0.355164,0.479057,0.611308,0.614597,0.725915,0.456280,0.445598,0.496035,0.584281,0.411599,0.697184,0.498388,0.462934,0.616561,0.516740,0.381860,0.693707,0.459579,0.396475,0.434213,0.378595,0.408800,0.628467,0.340955,0.427307,0.381609,0.510166,0.572573,0.682127,0.437456,0.602282
2023-09-11,0.407152,0.558197,0.457561,0.532195,0.749235,0.455377,0.454292,0.452241,0.589723,0.486884,0.603230,0.330288,0.455056,0.437125,0.597600,0.503239,0.569264,0.367690,0.510840,0.482941,0.427508,0.459968,0.639490,0.488530,0.451788,0.447320,0.483315,0.459792,0.713753,0.462388,0.427459
2023-09-12,0.558034,0.483979,0.347175,0.517340,0.656150,0.555589,0.626488,0.466614,0.475276,0.480653,0.676740,0.405705,0.460723,0.459272,0.419902,0.625318,0.596894,0.409598,0.444109,0.529581,0.489084,0.318118,0.672955,0.423477,0.382303,0.486066,0.514302,0.497452,0.716417,0.561813,0.388968
2023-09-13,0.520642,0.474970,0.463696,0.560278,0.696976,0.476777,0.498046,0.535145,0.467437,0.355882,0.614036,0.421458,0.445831,0.392753,0.422532,0.458048,0.771431,0.569340,0.391667,0.571296,0.378849,0.454006,0.535070,0.510065,0.420956,0.400959,0.424771,0.448275,0.653997,0.503681,0.571237
2023-09-14,0.509302,0.599305,0.584000,0.612621,0.647097,0.501624,0.426907,0.403175,0.465885,0.498123,0.678404,0.500496,0.481421,0.372385,0.526005,0.359084,0.665723,0.557277,0.442967,0.430020,0.458174,0.364851,0.631552,0.563808,0.400269,0.476250,0.477011,0.404799,0.551907,0.621565,0.561307
2023-09-15,0.503412,0.392313,0.607661,0.549322,0.600037,0.413521,0.518418,0.617111,0.497797,0.442343,0.654723,0.442573,0.568210,0.444669,0.352139,0.481566,0.612627,0.509774,0.458903,0.395479,0.311765,0.362798,0.460618,0.478026,0.492782,0.431246,0.459753,0.511468,0.718310,0.599215,0.626182
2023-09-18,0.411909,0.508868,0.652071,0.620464,0.728487,0.675989,0.536628,0.576839,0.546293,0.346767,0.592488,0.501277,0.510610,0.367471,0.654526,0.498127,0.659600,0.434811,0.448200,0.349727,0.218998,0.464622,0.620626,0.527328,0.371970,0.570458,0.547292,0.468855,0.754516,0.555056,0.652536
2023-09-19,0.379190,0.610438,0.590214,0.647123,0.640238,0.540719,0.372201,0.455205,0.533215,0.565192,0.589174,0.484766,0.525609,0.411718,0.430908,0.390888,0.656987,0.386897,0.360498,0.364967,0.418079,0.312249,0.621986,0.409603,0.378660,0.549351,0.480152,0.403646,0.751750,0.561643,0.535597
2023-09-20,0.517309,0.423593,0.539584,0.561299,0.613074,0.461471,0.425633,0.500460,0.542374,0.442360,0.628605,0.578386,0.441982,0.366701,0.384150,0.464468,0.780127,0.430080,0.342466,0.501008,0.478511,0.394777,0.566849,0.416047,0.407081,0.469835,0.462511,0.549230,0.792075,0.629614,0.497721
2023-09-21,0.464931,0.388211,0.690057,0.494116,0.632529,0.508105,0.538163,0.483729,0.372400,0.499068,0.577236,0.543192,0.475931,0.581669,0.551443,0.302292,0.572340,0.386983,0.430591,0.472691,0.260453,0.353573,0.684487,0.372062,0.417944,0.521503,0.506902,0.500830,0.685241,0.633818,0.463730
2023-09-22,0.566019,0.506894,0.530172,0.542831,0.627542,0.556832,0.405434,0.452849,0.452557,0.499252,0.688878,0.530669,0.418326,0.581530,0.462597,0.557182,0.663804,0.326981,0.416743,0.442612,0.483386,0.485721,0.574564,0.478303,0.529825,0.421078,0.563989,0.717099,0.744564,0.624869,0.517951
2023-09-25,0.554821,0.370603,0.540936,0.453920,0.730792,0.393233,0.424349,0.456762,0.579729,0.425062,0.732913,0.438077,0.525240,0.477366,0.295018,0.442313,0.569887,0.346345,0.468795,0.401000,0.329854,0.462428,0.623348,0.455551,0.515561,0.546623,0.582627,0.489408,0.710149,0.648445,0.533919
2023-09-26,0.529408,0.508593,0.547397,0.475232,0.586236,0.292920,0.473192,0.421596,0.454844,0.459589,0.689549,0.585372,0.458816,0.499629,0.482304,0.504162,0.732027,0.358924,0.457637,0.374009,0.430109,0.285835,0.708231,0.353819,0.478798,0.494355,0.564723,0.516332,0.695707,0.594062,0.618624
2023-09-27,0.504304,0.515588,0.633432,0.533541,0.622660,0.577782,0.452943,0.514951,0.658673,0.425217,0.785964,0.424022,0.672624,0.548984,0.519135,0.358365,0.604508,0.363656,0.422972,0.426634,0.394679,0.531451,0.754646,0.491247,0.522112,0.560757,0.539313,0.520562,0.852101,0.547974,0.445313
2023-09-28,0.420848,0.496354,0.508185,0.427810,0.646748,0.537712,0.317233,0.458343,0.438809,0.629114,0.665134,0.483622,0.471259,0.518875,0.440643,0.446642,0.621662,0.409196,0.371933,0.345138,0.472445,0.381349,0.697542,0.346787,0.537236,0.493803,0.457848,0.550682,0.758998,0.541145,0.506802
2023-09-29,0.486596,0.343953,0.322213,0.526219,0.677084,0.491476,0.478013,0.395511,0.509732,0.438490,0.596669,0.585216,0.468920,0.371450,0.408694,0.558954,0.579003,0.445554,0.402964,0.327999,0.320072,0.324595,0.692478,0.578595,0.585079,0.545332,0.534273,0.573526,0.803556,0.504851,0.562670
2023-10-02,0.681173,0.534235,0.522656,0.485900,0.775508,0.547957,0.469169,0.376942,0.528604,0.581379,0.644273,0.570538,0.548356,0.466262,0.533175,0.308008,0.621039,0.374325,0.362541,0.427814,0.431542,0.428172,0.652537,0.501810,0.551261,0.505505,0.351992,0.539676,0.797568,0.529598,0.655277
2023-10-03,0.548820,0.437822,0.471125,0.434156,0.695530,0.464236,0.423492,0.594181,0.364064,0.441240,0.538325,0.506844,0.462182,0.407659,0.472651,0.361824,0.665483,0.393456,0.385890,0.302217,0.395597,0.472732,0.560594,0.523634,0.332723,0.587097,0.655291,0.559780,0.804265,0.531560,0.611616
2023-10-04,0.525387,0.457964,0.568954,0.594075,0.618752,0.452742,0.431855,0.486746,0.483895,0.356887,0.656718,0.517040,0.510189,0.490018,0.498642,0.454899,0.623142,0.374066,0.330006,0.412989,0.452068,0.388730,0.604314,0.519174,0.468899,0.621471,0.538111,0.723208,0.691884,0.691759,0.497359
2023-10-05,0.492851,0.542062,0.551877,0.549761,0.700444,0.450828,0.414131,0.437888,0.491330,0.632475,0.657552,0.503309,0.482386,0.469415,0.502128,0.468988,0.667859,0.487787,0.319373,0.424278,0.403523,0.410307,0.622376,0.512961,0.541350,0.568955,0.601561,0.613460,0.606467,0.633426,0.471395
2023-10-06,0.423335,0.634640,0.499735,0.308029,0.583705,0.439945,0.597898,0.477616,0.499290,0.513177,0.584872,0.434754,0.479080,0.499064,0.271989,0.580742,0.565420,0.458529,0.395345,0.492739,0.389026,0.440571,0.545893,0.451253,0.482719,0.474325,0.723102,0.572105,0.717057,0.475012,0.389278
2023-10-09,0.435856,0.527376,0.494887,0.536138,0.484046,0.678803,0.525677,0.412379,0.528548,0.579362,0.522642,0.606500,0.380895,0.413687,0.532834,0.523438,0.350594,0.602926,0.265734,0.359104,0.360097,0.411649,0.506785,0.671193,0.362807,0.514226,0.539900,0.638196,0.632250,0.669891,0.533669
2023-10-10,0.552179,0.412793,0.511237,0.411552,0.625296,0.688897,0.324199,0.543926,0.444736,0.449605,0.444977,0.697065,0.378198,0.560202,0.428014,0.460935,0.417656,0.523224,0.396001,0.334942,0.428326,0.514976,0.339908,0.772727,0.448709,0.475738,0.466911,0.584968,0.574935,0.716890,0.550921
2023-10-11,0.352366,0.394684,0.454429,0.511672,0.476117,0.714963,0.486149,0.447099,0.487935,0.493132,0.527747,0.740429,0.521129,0.429134,0.580356,0.477010,0.362113,0.490181,0.280725,0.262967,0.253234,0.355332,0.538671,0.633978,0.553513,0.589252,0.640109,0.524526,0.637335,0.764965,0.479085
2023-10-12,0.591482,0.463110,0.487125,0.339099,0.468824,0.784325,0.439213,0.479008,0.467254,0.364518,0.575407,0.692553,0.485786,0.535786,0.551072,0.344487,0.378001,0.551311,0.303718,0.387038,0.393908,0.390117,0.490226,0.619724,0.458772,0.558926,0.653184,0.560598,0.494821,0.633434,0.525178
2023-10-13,0.484630,0.420956,0.447378,0.431679,0.560187,0.663442,0.498735,0.502849,0.500786,0.455537,0.412110,0.786713,0.447133,0.590273,0.362702,0.421717,0.451682,0.572220,0.363087,0.366896,0.556833,0.453918,0.425593,0.632936,0.647628,0.357467,0.595662,0.456042,0.630086,0.621400,0.492054
2023-10-16,0.462246,0.492260,0.450138,0.417079,0.426254,0.714321,0.557862,0.550546,0.537057,0.589567,0.411217,0.682072,0.506554,0.461319,0.400824,0.467879,0.357794,0.501297,0.418976,0.433522,0.372627,0.436196,0.490288,0.641523,0.527123,0.596711,0.684928,0.402123,0.541661,0.759572,0.479799
2023-10-17,0.408881,0.709103,0.503325,0.440586,0.472520,0.662779,0.462269,0.491772,0.524433,0.457382,0.601049,0.726147,0.545419,0.571445,0.437250,0.529660,0.305070,0.684023,0.386728,0.465876,0.430478,0.409124,0.516831,0.615374,0.549705,0.496618,0.612451,0.641028,0.451136,0.685290,0.501509
2023-10-18,0.591071,0.547507,0.476364,0.435409,0.354924,0.596523,0.381867,0.503187,0.474288,0.486165,0.461089,0.660933,0.455633,0.434098,0.344147,0.347563,0.555008,0.627391,0.424082,0.369248,0.395470,0.309520,0.441313,0.716021,0.588649,0.574288,0.590521,0.537638,0.604936,0.739554,0.451771
2023-10-19,0.606570,0.446982,0.424606,0.528184,0.505238,0.665081,0.482457,0.442393,0.440277,0.402603,0.491395,0.679240,0.519149,0.394119,0.462834,0.486739,0.426592,0.564816,0.329987,0.482518,0.422843,0.353060,0.483801,0.681515,0.533502,0.650780,0.558563,0.557940,0.621443,0.761651,0.599986
2023-10-20,0.412489,0.397153,0.282818,0.342052,0.382010,0.626156,0.433726,0.447672,0.563342,0.605603,0.594349,0.714903,0.542869,0.256894,0.362251,0.244217,0.384549,0.616605,0.449938,0.404046,0.306832,0.511590,0.594290,0.606790,0.601426,0.518274,0.547883,0.592877,0.545796,0.741798,0.477107
2023-10-23,0.435812,0.387792,0.467978,0.368932,0.469336,0.642301,0.415331,0.587603,0.585629,0.543938,0.514665,0.585840,0.471299,0.458994,0.449344,0.366283,0.328009,0.500900,0.422598,0.354523,0.556902,0.474969,0.563577,0.705551,0.648554,0.610893,0.589442,0.625893,0.465800,0.591094,0.477140
2023-10-24,0.570148,0.548420,0.638318,0.503546,0.342538,0.680269,0.319437,0.402157,0.464984,0.455427,0.462138,0.732448,0.431354,0.434380,0.448007,0.478336,0.426548,0.525404,0.498012,0.393595,0.397599,0.507827,0.513486,0.693668,0.486959,0.662285,0.597346,0.494169,0.635324,0.656432,0.411613
2023-10-25,0.473548,0.519571,0.440981,0.415095,0.590563,0.763993,0.538743,0.445128,0.484981,0.533242,0.479578,0.514824,0.505106,0.438406,0.442933,0.320052,0.427033,0.594222,0.202984,0.511389,0.554035,0.542976,0.490053,0.736027,0.602082,0.675815,0.688412,0.564961,0.430975,0.693822,0.466792
2023-10-26,0.441273,0.576859,0.636389,0.560792,0.369990,0.737729,0.611725,0.580099,0.545115,0.478648,0.595389,0.769853,0.477344,0.476705,0.476357,0.358845,0.427235,0.622317,0.454240,0.408551,0.392184,0.435857,0.610833,0.785323,0.497643,0.553538,0.510544,0.577067,0.513179,0.762382,0.398115
2023-10-27,0.506370,0.443294,0.502444,0.509240,0.519413,0.801685,0.497460,0.410329,0.523909,0.454572,0.544270,0.698974,0.460754,0.425552,0.505433,0.409340,0.466492,0.587052,0.386339,0.451446,0.551731,0.404109,0.659691,0.674699,0.614899,0.540077,0.598635,0.503391,0.447807,0.670665,0.403211
2023-10-30,0.420044,0.615819,0.494010,0.292396,0.578459,0.678876,0.417859,0.480123,0.509638,0.379096,0.342565,0.592721,0.528195,0.470043,0.321918,0.406794,0.315080,0.604197,0.327003,0.503255,0.442606,0.478375,0.575306,0.725138,0.556028,0.561432,0.679128,0.631752,0.472821,0.654829,0.436325
2023-10-31,0.463399,0.592048,0.467382,0.380432,0.446433,0.869452,0.407053,0.455984,0.572252,0.441994,0.416945,0.673510,0.485493,0.453511,0.382383,0.471378,0.323020,0.592246,0.401628,0.417118,0.444551,0.535767,0.519809,0.692753,0.612211,0.632825,0.581634,0.558613,0.506416,0.696401,0.491777
2023-11-01,0.474646,0.503674,0.480014,0.462405,0.480608,0.726014,0.517288,0.492149,0.451198,0.367081,0.484384,0.722364,0.512611,0.467678,0.444178,0.524217,0.358435,0.558917,0.395827,0.517907,0.393335,0.466867,0.617331,0.748521,0.665291,0.561273,0.617446,0.490642,0.504149,0.583068,0.380778
2023-11-02,0.440477,0.494005,0.286496,0.449939,0.558762,0.738850,0.387353,0.455940,0.579175,0.509784,0.555126,0.686411,0.450788,0.423356,0.327404,0.443247,0.389127,0.671972,0.422411,0.455442,0.432581,0.481779,0.607597,0.769919,0.455337,0.614343,0.641027,0.563029,0.488482,0.688670,0.495129
2023-11-03,0.368766,0.285102,0.561022,0.530530,0.559056,0.707160,0.408136,0.472312,0.442952,0.525650,0.499471,0.575970,0.463137,0.441142,0.362725,0.353593,0.390136,0.443817,0.545405,0.527839,0.584695,0.503318,0.414618,0.768918,0.634516,0.532192,0.535639,0.630103,0.537793,0.452748,0.507977
2023-11-06,0.492641,0.462180,0.483640,0.395016,0.532992,0.811865,0.478828,0.501750,0.460248,0.526442,0.556931,0.610050,0.417592,0.273016,0.427419,0.431843,0.349669,0.462756,0.420162,0.471359,0.431984,0.502743,0.594300,0.869922,0.526480,0.459071,0.530304,0.428009,0.392427,0.648959,0.413464
2023-11-07,0.419184,0.483904,0.474047,0.566193,0.515494,0.622515,0.445167,0.603546,0.570551,0.480585,0.477231,0.515089,0.375696,0.310829,0.451664,0.354077,0.370530,0.531499,0.339558,0.399687,0.541740,0.587890,0.513083,0.820095,0.649157,0.523686,0.524381,0.539165,0.449579,0.611480,0.411463
2023-11-08,0.382256,0.486864,0.396257,0.525937,0.444456,0.682560,0.519295,0.634243,0.490800,0.515589,0.536946,0.671209,0.475146,0.402853,0.406622,0.254007,0.331747,0.684623,0.459526,0.518906,0.570429,0.443889,0.547930,0.646959,0.636175,0.569909,0.609332,0.353835,0.530128,0.665277,0.421823
2023-11-09,0.427489,0.488992,0.467187,0.587714,0.413435,0.714254,0.444239,0.408742,0.500340,0.503792,0.497977,0.621912,0.489118,0.485910,0.368088,0.447602,0.353538,0.578043,0.329064,0.398677,0.460453,0.660400,0.620578,0.761964,0.603883,0.504052,0.657106,0.434278,0.442181,0.500670,0.461356
2023-11-10,0.436592,0.495639,0.477512,0.647520,0.535155,0.670938,0.490512,0.550818,0.600171,0.422154,0.520425,0.555920,0.477710,0.309637,0.247976,0.393802,0.319288,0.646229,0.297805,0.432483,0.461742,0.502009,0.615293,0.810883,0.730613,0.517021,0.541943,0.479217,0.493561,0.548169,0.304317
2023-11-13,0.466426,0.586006,0.640254,0.502061,0.436435,0.694235,0.464905,0.519404,0.470267,0.473778,0.381101,0.697498,0.377645,0.461286,0.396656,0.432511,0.481164,0.639350,0.615064,0.522589,0.492748,0.537886,0.425846,0.771679,0.539556,0.569450,0.494286,0.535387,0.516910,0.525884,0.422701
2023-11-14,0.493103,0.476672,0.437662,0.395711,0.462432,0.669867,0.518143,0.567847,0.520209,0.371927,0.449249,0.682714,0.526169,0.358553,0.481597,0.364844,0.443145,0.529064,0.551319,0.498302,0.513321,0.470886,0.551739,0.827107,0.654136,0.664588,0.550481,0.525471,0.532679,0.666222,0.515568
2023-11-15,0.413584,0.474654,0.472751,0.615787,0.450877,0.834804,0.448062,0.529367,0.479544,0.488899,0.513273,0.657220,0.537882,0.334464,0.381987,0.404643,0.426961,0.713975,0.440430,0.452718,0.439043,0.465899,0.543525,0.836244,0.577889,0.646835,0.424599,0.478259,0.397344,0.615407,0.476423
2023-11-16,0.485761,0.614392,0.490596,0.598493,0.570315,0.620706,0.509251,0.580007,0.473944,0.441749,0.485162,0.632904,0.344643,0.346585,0.356936,0.373807,0.459860,0.438855,0.383625,0.521466,0.565787,0.520989,0.490386,0.672270,0.679595,0.439448,0.443714,0.480266,0.461811,0.573557,0.386800
2023-11-17,0.349216,0.502665,0.508159,0.538959,0.545741,0.681881,0.521074,0.616091,0.572587,0.527397,0.440381,0.603073,0.294739,0.505888,0.215566,0.374276,0.474125,0.537572,0.465925,0.537573,0.467760,0.489217,0.590274,0.875132,0.585829,0.617132,0.499727,0.440004,0.456587,0.512336,0.378260
2023-11-20,0.472468,0.519892,0.517256,0.481388,0.421053,0.758297,0.599483,0.457600,0.492759,0.580332,0.430242,0.508365,0.312762,0.402975,0.309226,0.337111,0.276594,0.706977,0.445348,0.401314,0.499429,0.498512,0.669781,0.802861,0.589032,0.488017,0.546668,0.452682,0.421454,0.485282,0.442784
2023-11-21,0.487212,0.561600,0.547801,0.446318,0.508746,0.645145,0.518953,0.374731,0.624970,0.500234,0.428866,0.492544,0.378397,0.470073,0.435293,0.491047,0.310022,0.667060,0.537020,0.472003,0.512344,0.582385,0.527061,0.731748,0.621169,0.522811,0.574739,0.438430,0.356357,0.620694,0.541904
2023-11-22,0.376811,0.517206,0.508403,0.412055,0.584521,0.675299,0.589501,0.439639,0.398489,0.393371,0.409907,0.628981,0.407143,0.336390,0.313926,0.356043,0.399489,0.692314,0.414422,0.436470,0.549200,0.555588,0.657012,0.757349,0.631857,0.389671,0.550027,0.411569,0.415174,0.624255,0.448845
2023-11-23,0.478386,0.505829,0.507184,0.609619,0.484641,0.710633,0.493795,0.475019,0.543097,0.457434,0.355506,0.586523,0.420708,0.277139,0.322529,0.480709,0.401477,0.612132,0.525484,0.618326,0.573837,0.535883,0.461817,0.811842,0.469885,0.707249,0.472150,0.359726,0.394625,0.687006,0.447125
2023-11-24,0.372692,0.512620,0.590917,0.435895,0.438793,0.667545,0.518857,0.551090,0.545825,0.426775,0.393484,0.562571,0.496007,0.311666,0.316880,0.370562,0.340784,0.632183,0.447622,0.492268,0.516207,0.632571,0.696580,0.756589,0.484821,0.566685,0.610991,0.206912,0.401691,0.639913,0.436577
2023-11-27,0.569366,0.382631,0.579147,0.608501,0.505769,0.700270,0.498807,0.340327,0.487289,0.572947,0.446012,0.366836,0.333633,0.343797,0.355239,0.441977,0.454696,0.535365,0.629241,0.521576,0.449690,0.595186,0.688792,0.856777,0.470423,0.525254,0.458266,0.393668,0.277512,0.449992,0.305353
2023-11-28,0.463871,0.518124,0.599491,0.460422,0.512983,0.789434,0.430867,0.517991,0.489736,0.365507,0.402951,0.595524,0.335525,0.434339,0.364186,0.394953,0.377000,0.621749,0.505579,0.580118,0.616589,0.555343,0.539724,0.787541,0.358505,0.403714,0.531190,0.466831,0.607580,0.597898,0.245618
2023-11-29,0.482801,0.576931,0.491777,0.422098,0.514116,0.615296,0.518501,0.445430,0.533646,0.521937,0.373257,0.552190,0.449628,0.334965,0.420738,0.364824,0.339449,0.610522,0.498366,0.688213,0.703525,0.582652,0.591864,0.690768,0.562217,0.405450,0.453526,0.451000,0.418367,0.544705,0.374904
2023-11-30,0.491587,0.529194,0.435808,0.489412,0.525880,0.701048,0.521026,0.478047,0.439682,0.392615,0.327629,0.581382,0.328914,0.456810,0.319209,0.485601,0.422709,0.609090,0.591838,0.530339,0.626469,0.436757,0.510174,0.768738,0.593785,0.491579,0.509844,0.407079,0.305584,0.504247,0.284190
2023-12-01,0.662030,0.441063,0.626152,0.429811,0.666516,0.754759,0.457484,0.522648,0.535101,0.510467,0.495945,0.667323,0.271106,0.352341,0.431494,0.458580,0.300468,0.555609,0.557186,0.501005,0.530750,0.553915,0.607199,0.687355,0.602282,0.378862,0.391690,0.432007,0.291819,0.561930,0.385036
2023-12-04,0.601644,0.575823,0.486873,0.606515,0.490042,0.524084,0.679530,0.488721,0.499348,0.448002,0.294814,0.366347,0.576516,0.434012,0.334385,0.397290,0.395732,0.444533,0.644166,0.648734,0.506851,0.604130,0.520350,0.567100,0.837719,0.502237,0.401393,0.475259,0.374036,0.516733,0.520119
2023-12-05,0.663152,0.511032,0.673377,0.497644,0.698866,0.594208,0.611112,0.516718,0.422841,0.389105,0.468313,0.345016,0.542008,0.322380,0.345422,0.509001,0.432686,0.427957,0.824582,0.643133,0.530144,0.599994,0.553762,0.494619,0.682165,0.561040,0.405448,0.405682,0.285104,0.409188,0.534037
2023-12-06,0.709246,0.594246,0.627811,0.529236,0.716908,0.610975,0.742273,0.383516,0.487316,0.486825,0.368261,0.397546,0.570931,0.416004,0.414159,0.421740,0.430963,0.468619,0.662883,0.594583,0.582522,0.613318,0.544558,0.655383,0.719606,0.480668,0.435119,0.320046,0.396754,0.438358,0.541159
2023-12-07,0.797120,0.522999,0.589850,0.549725,0.456576,0.473353,0.686115,0.331869,0.351341,0.409505,0.309238,0.381363,0.602339,0.288385,0.376753,0.300592,0.446248,0.389733,0.525874,0.643147,0.644953,0.550580,0.527012,0.524421,0.596555,0.418887,0.445667,0.364404,0.389233,0.379573,0.445851
2023-12-08,0.575331,0.615843,0.758324,0.591799,0.533680,0.514179,0.636556,0.477054,0.285739,0.337967,0.330239,0.298274,0.618946,0.292738,0.379222,0.294660,0.343172,0.427724,0.806521,0.597856,0.640175,0.575059,0.537927,0.549091,0.833911,0.357621,0.476428,0.369159,0.454284,0.313832,0.450880
2023-12-11,0.613815,0.548373,0.553039,0.471784,0.556465,0.506204,0.699412,0.411329,0.407533,0.439594,0.401022,0.476966,0.440164,0.336714,0.407841,0.441956,0.467977,0.462387,0.856243,0.576678,0.523070,0.430240,0.662066,0.512115,0.617197,0.450868,0.381722,0.387233,0.380470,0.389132,0.540395
2023-12-12,0.653775,0.506494,0.575056,0.434068,0.538243,0.515996,0.754918,0.431006,0.456454,0.412446,0.341207,0.325992,0.556181,0.283768,0.482545,0.512359,0.553060,0.463209,0.823729,0.567061,0.626121,0.632347,0.590769,0.472073,0.718987,0.499236,0.384583,0.385506,0.430580,0.398514,0.557238
2023-12-13,0.713786,0.629504,0.678702,0.493323,0.407631,0.419928,0.546083,0.261577,0.599146,0.479226,0.415435,0.313356,0.539150,0.444314,0.333716,0.579342,0.540080,0.419844,0.693794,0.583138,0.659350,0.510567,0.629504,0.494150,0.604319,0.479656,0.504985,0.389843,0.495095,0.350641,0.502316
2023-12-14,0.708439,0.568709,0.541042,0.654231,0.564320,0.533232,0.551270,0.393552,0.479409,0.230761,0.454952,0.361455,0.512115,0.446458,0.395919,0.438002,0.462140,0.529938,0.823941,0.489919,0.511694,0.551415,0.516296,0.507553,0.599355,0.617122,0.389100,0.373700,0.386204,0.416139,0.601526
2023-12-15,0.760313,0.402753,0.693932,0.614228,0.529719,0.518319,0.675548,0.502651,0.429587,0.375832,0.490758,0.221681,0.526446,0.310825,0.439107,0.599989,0.501270,0.520183,0.623737,0.459332,0.542581,0.643228,0.601638,0.558097,0.601147,0.547087,0.440370,0.473116,0.368330,0.452574,0.645612
2023-12-18,0.721928,0.580283,0.579474,0.618123,0.412722,0.551778,0.687852,0.472173,0.434893,0.357465,0.399169,0.347900,0.520391,0.398229,0.481136,0.440457,0.656058,0.541829,0.707530,0.551220,0.630839,0.618809,0.709673,0.312619,0.740523,0.442931,0.500852,0.472538,0.278023,0.340353,0.561678
2023-12-19,0.719040,0.551271,0.622620,0.467204,0.616007,0.534031,0.608771,0.326324,0.450645,0.360311,0.457811,0.383804,0.463444,0.377447,0.386000,0.557893,0.559039,0.480201,0.704682,0.468705,0.579562,0.612705,0.554486,0.533196,0.687550,0.456264,0.396676,0.410309,0.355967,0.483987,0.592612
2023-12-20,0.800332,0.710875,0.699921,0.344129,0.449577,0.484980,0.566930,0.556753,0.404773,0.387620,0.319777,0.438792,0.538674,0.510761,0.456083,0.551777,0.616750,0.593115,0.899559,0.556864,0.599216,0.534472,0.537531,0.362876,0.592692,0.463027,0.314524,0.452454,0.374069,0.391602,0.585724
2023-12-21,0.829902,0.525673,0.560763,0.536305,0.434330,0.503318,0.576111,0.435116,0.342619,0.318718,0.435457,0.505467,0.586115,0.348900,0.458272,0.517984,0.530114,0.456430,0.757920,0.516770,0.596476,0.603896,0.570123,0.435728,0.670178,0.413624,0.289537,0.443934,0.202976,0.387877,0.582879
2023-12-22,0.613918,0.547468,0.548461,0.556213,0.515434,0.504996,0.680404,0.522092,0.533387,0.506586,0.315572,0.233815,0.647671,0.559161,0.574532,0.434963,0.521279,0.500969,0.836506,0.559771,0.621326,0.661825,0.485050,0.529203,0.544813,0.486234,0.385725,0.452399,0.240333,0.410499,0.526741
2023-12-25,0.621939,0.607530,0.549681,0.519817,0.490038,0.340928,0.619965,0.475105,0.466649,0.264338,0.344881,0.578149,0.521201,0.386573,0.481606,0.449091,0.452879,0.580456,0.672644,0.487684,0.661176,0.564345,0.555639,0.376451,0.726868,0.312234,0.434652,0.354865,0.557069,0.372298,0.539181
2023-12-26,0.764819,0.625214,0.489240,0.502644,0.465357,0.436270,0.694911,0.371128,0.438438,0.408344,0.356493,0.364235,0.575252,0.355797,0.512006,0.510868,0.609415,0.592953,0.557324,0.631865,0.557609,0.454375,0.502875,0.492153,0.598035,0.403305,0.427123,0.294912,0.390457,0.389679,0.569381
2023-12-27,0.743621,0.671588,0.525419,0.505193,0.501313,0.471429,0.706032,0.412797,0.375006,0.380256,0.525098,0.354340,0.653387,0.362066,0.545392,0.569808,0.410672,0.455526,0.730961,0.379641,0.584204,0.549480,0.461974,0.510718,0.614922,0.420671,0.279672,0.391745,0.339039,0.413775,0.554390
2023-12-28,0.716140,0.616758,0.553119,0.590003,0.450930,0.446749,0.548981,0.491928,0.310074,0.458588,0.440662,0.383200,0.620383,0.447862,0.470984,0.444576,0.504756,0.609886,0.689442,0.487480,0.587867,0.374754,0.307724,0.500766,0.652173,0.490744,0.316844,0.390079,0.305574,0.377747,0.701753
2023-12-29,0.721356,0.564982,0.532424,0.517016,0.354793,0.451287,0.680587,0.313744,0.493497,0.370991,0.398510,0.368482,0.638879,0.343850,0.702389,0.419269,0.474415,0.559571,0.810362,0.544014,0.539741,0.525146,0.454864,0.492204,0.678186,0.390799,0.201888,0.397663,0.389553,0.425483,0.564484
2024-01-01,0.887231,0.532915,0.531439,0.465084,0.424237,0.453660,0.642946,0.368639,0.317463,0.417563,0.400080,0.348921,0.534099,0.398621,0.366149,0.507930,0.603441,0.498382,0.733362,0.513345,0.544343,0.476469,0.443751,0.428475,0.749907,0.370688,0.380119,0.452068,0.453693,0.427617,0.500564
2024-01-02,0.660714,0.507740,0.303817,0.571112,0.431694,0.435178,0.629188,0.465208,0.407194,0.343766,0.437326,0.284569,0.649957,0.459535,0.496340,0.485238,0.621703,0.618098,0.786278,0.563134,0.620559,0.585894,0.473976,0.406940,0.662525,0.430852,0.424047,0.490232,0.418115,0.553662,0.670047
2024-01-03,0.812811,0.700192,0.670483,0.533969,0.491511,0.309887,0.575519,0.395338,0.399399,0.497992,0.395233,0.435121,0.651722,0.425694,0.472279,0.566107,0.593377,0.841336,0.721507,0.778272,0.551890,0.570743,0.445537,0.385649,0.582546,0.449773,0.357349,0.446017,0.361792,0.362227,0.566514
2024-01-04,0.640728,0.514441,0.392985,0.547002,0.528223,0.449100,0.621578,0.354628,0.377645,0.227735,0.432872,0.345420,0.680748,0.455575,0.528135,0.598321,0.643678,0.524844,0.658862,0.601149,0.559282,0.381808,0.745146,0.433900,0.581823,0.414218,0.388025,0.515771,0.543456,0.417516,0.634799
2024-01-05,0.729220,0.538646,0.449063,0.519826,0.475530,0.613465,0.562409,0.424196,0.377192,0.389573,0.384713,0.293925,0.583619,0.515477,0.580705,0.572582,0.635603,0.569090,0.760734,0.580376,0.515783,0.548803,0.494765,0.405942,0.522065,0.451500,0.354708,0.619896,0.296300,0.509503,0.618426
2024-01-08,0.712638,0.472939,0.579560,0.552712,0.593288,0.405425,0.502763,0.355301,0.215212,0.263032,0.509176,0.629096,0.644111,0.420363,0.452051,0.631201,0.584101,0.550227,0.646934,0.527046,0.508426,0.513694,0.548787,0.415212,0.587594,0.350859,0.432487,0.392397,0.545496,0.511191,0.626059
2024-01-09,0.667015,0.541731,0.512191,0.442058,0.432534,0.405716,0.557154,0.390073,0.462976,0.362658,0.381201,0.328581,0.661445,0.515996,0.404500,0.464282,0.448079,0.562578,0.656201,0.595019,0.579029,0.524937,0.535193,0.436408,0.496627,0.467592,0.440892,0.469478,0.474615,0.410533,0.614597
2024-01-10,0.794166,0.494939,0.547931,0.479397,0.412129,0.399724,0.537262,0.150991,0.331468,0.392452,0.394030,0.406210,0.610605,0.444239,0.574935,0.521361,0.479465,0.573096,0.701270,0.562882,0.545450,0.509647,0.521983,0.427846,0.522513,0.425650,0.430644,0.440571,0.522877,0.402604,0.646894
2024-01-11,0.682343,0.519945,0.397369,0.314358,0.500816,0.453196,0.425412,0.406887,0.355922,0.422874,0.391132,0.477656,0.667253,0.478800,0.278742,0.548911,0.523367,0.489177,0.757132,0.542200,0.407330,0.438579,0.434567,0.357222,0.641704,0.354814,0.462731,0.398985,0.533817,0.324888,0.644726
2024-01-12,0.903067,0.488569,0.552463,0.388047,0.393167,0.427482,0.513309,0.251753,0.323953,0.298733,0.422081,0.270508,0.555262,0.313339,0.728511,0.622137,0.474548,0.505759,0.717837,0.552660,0.557759,0.534771,0.443289,0.460712,0.628463,0.337891,0.443403,0.271452,0.419274,0.483108,0.538740
2024-01-15,0.643459,0.469395,0.526649,0.430778,0.378802,0.486076,0.521721,0.252398,0.395080,0.337811,0.323572,0.437073,0.614545,0.537699,0.518101,0.558220,0.612971,0.567710,0.677964,0.470438,0.412366,0.408421,0.571520,0.342074,0.614397,0.408306,0.425543,0.464802,0.505626,0.512232,0.550106
2024-01-16,0.784517,0.421738,0.364256,0.476563,0.455579,0.490125,0.548903,0.419908,0.462076,0.388809,0.379512,0.445337,0.596627,0.423351,0.613716,0.689350,0.589873,0.491226,0.588269,0.435749,0.495769,0.280446,0.521330,0.486505,0.592804,0.414180,0.301330,0.297954,0.475010,0.385136,0.618916
2024-01-17,0.669328,0.532201,0.369210,0.474178,0.465859,0.491774,0.540082,0.398894,0.204889,0.332670,0.390514,0.525070,0.619798,0.652148,0.489020,0.645447,0.677172,0.549979,0.878594,0.490248,0.453424,0.558586,0.454818,0.339505,0.657927,0.335364,0.449883,0.533358,0.484808,0.395364,0.626844
2024-01-18,0.754690,0.592930,0.309474,0.461838,0.255826,0.471812,0.427934,0.305658,0.452337,0.404601,0.416567,0.534196,0.685927,0.473412,0.451391,0.561826,0.585270,0.617254,0.578582,0.454879,0.491666,0.343012,0.367922,0.396886,0.616879,0.483097,0.602076,0.475288,0.464122,0.477953,0.587388
2024-01-19,0.727117,0.582122,0.523253,0.391337,0.404964,0.324026,0.609293,0.524748,0.209473,0.436443,0.469252,0.521471,0.624000,0.576166,0.596917,0.403867,0.671334,0.581515,0.610195,0.465123,0.581116,0.452342,0.510988,0.479857,0.715061,0.419804,0.387822,0.389541,0.382912,0.486450,0.651766
2024-01-22,0.679732,0.483790,0.504503,0.433837,0.436699,0.438231,0.560532,0.471167,0.326290,0.373279,0.396839,0.570140,0.703362,0.606393,0.543268,0.677293,0.581841,0.543927,0.655237,0.590135,0.436940,0.400049,0.320236,0.406611,0.629673,0.365720,0.437833,0.274724,0.360982,0.386949,0.684613
2024-01-23,0.892861,0.431601,0.486286,0.329862,0.302127,0.520767,0.599076,0.205483,0.363580,0.396413,0.401701,0.472079,0.706115,0.409290,0.438331,0.628677,0.515515,0.510688,0.738824,0.513624,0.518775,0.353355,0.300367,0.314961,0.627333,0.376454,0.311817,0.401692,0.441218,0.419659,0.520901
2024-01-24,0.539717,0.401140,0.448771,0.442433,0.360322,0.561905,0.414412,0.400721,0.380708,0.306729,0.340281,0.525788,0.623081,0.486690,0.662598,0.723467,0.527300,0.564342,0.596886,0.530017,0.462442,0.304366,0.454651,0.481897,0.662945,0.479912,0.425957,0.376466,0.415584,0.381380,0.695736
2024-01-25,0.752875,0.417658,0.487630,0.477482,0.499976,0.415204,0.397849,0.318970,0.415049,0.407521,0.388753,0.507701,0.723176,0.470812,0.577608,0.606840,0.511042,0.584110,0.685783,0.543767,0.498892,0.494918,0.389483,0.418612,0.613202,0.312691,0.466518,0.349043,0.454030,0.488153,0.703699
2024-01-26,0.702132,0.480719,0.336777,0.370814,0.412583,0.354793,0.585346,0.362885,0.433416,0.413769,0.596872,0.534098,0.610748,0.550472,0.588192,0.625561,0.546897,0.600608,0.741411,0.602342,0.542275,0.332760,0.302340,0.421848,0.601562,0.290068,0.412055,0.293421,0.374796,0.519445,0.737791
2024-01-29,0.524722,0.704552,0.359112,0.540596,0.295222,0.331337,0.313539,0.544790,0.447082,0.337392,0.306143,0.686595,0.458650,0.790862,0.561988,0.491745,0.642463,0.530871,0.534591,0.828275,0.518192,0.478403,0.436545,0.513507,0.484575,0.705216,0.493441,0.393580,0.417646,0.453432,0.463157
2024-01-30,0.550703,0.793412,0.446010,0.308943,0.419199,0.406785,0.329320,0.538638,0.480127,0.459688,0.470028,0.402070,0.624820,0.698521,0.574621,0.580942,0.444294,0.500949,0.637546,0.681844,0.361016,0.489906,0.432345,0.490433,0.434471,0.512027,0.511646,0.424548,0.438538,0.567612,0.524475
2024-01-31,0.444080,0.653987,0.475506,0.371062,0.403442,0.282525,0.419702,0.518911,0.408326,0.553667,0.607809,0.482303,0.583242,0.921761,0.547458,0.546331,0.682617,0.416400,0.487533,0.623802,0.481613,0.467916,0.391100,0.248882,0.256969,0.539913,0.512841,0.487447,0.449511,0.490204,0.470004
2024-02-01,0.503466,0.615808,0.404553,0.330653,0.570430,0.428994,0.343557,0.535506,0.416736,0.458562,0.471317,0.444395,0.597301,0.749779,0.485399,0.498997,0.456320,0.485419,0.457935,0.647898,0.436546,0.464351,0.480120,0.351800,0.359743,0.726229,0.574962,0.458655,0.471677,0.551305,0.358190
2024-02-02,0.459831,0.530083,0.472868,0.425750,0.293680,0.474396,0.334152,0.600074,0.519406,0.489510,0.543659,0.352303,0.561073,0.661257,0.449082,0.580541,0.452550,0.496610,0.515989,0.696440,0.358618,0.311240,0.359638,0.319794,0.393406,0.589917,0.555005,0.399537,0.366609,0.487201,0.403981
2024-02-05,0.322200,0.653376,0.441442,0.358763,0.315813,0.392836,0.220204,0.526968,0.493135,0.510618,0.446351,0.577833,0.557367,0.701654,0.487954,0.596596,0.565320,0.444426,0.509354,0.720454,0.465505,0.428528,0.287168,0.350591,0.372009,0.603266,0.355925,0.449771,0.540984,0.339366,0.433285
2024-02-06,0.483267,0.653805,0.447133,0.385611,0.395176,0.419158,0.292601,0.549501,0.426405,0.523660,0.498499,0.613712,0.434448,0.809419,0.569616,0.599426,0.560596,0.505334,0.503269,0.651364,0.389608,0.398581,0.436054,0.559704,0.473651,0.591237,0.411521,0.361651,0.429437,0.502241,0.362484
2024-02-07,0.339095,0.528492,0.337169,0.294793,0.472131,0.374303,0.411876,0.572019,0.517987,0.499440,0.496398,0.509251,0.573469,0.781061,0.675954,0.554753,0.421656,0.378316,0.503967,0.494326,0.336528,0.521711,0.389691,0.419030,0.380028,0.571871,0.396457,0.348023,0.471633,0.419584,0.567056
2024-02-08,0.493550,0.594372,0.346916,0.472335,0.322726,0.352970,0.495493,0.594331,0.499624,0.473899,0.417611,0.395561,0.494611,0.671911,0.442107,0.567460,0.646882,0.427239,0.420110,0.692663,0.517756,0.388736,0.447872,0.341128,0.557585,0.783790,0.410652,0.559150,0.417650,0.577515,0.526635
2024-02-09,0.398241,0.678404,0.326155,0.424068,0.408713,0.347947,0.461784,0.655952,0.409377,0.551008,0.503057,0.525495,0.473080,0.676009,0.571297,0.355304,0.430087,0.637701,0.496055,0.633891,0.484450,0.573909,0.426476,0.444599,0.463565,0.533920,0.383551,0.462589,0.478455,0.445013,0.567948
2024-02-12,0.373822,0.578480,0.486729,0.344812,0.241926,0.379582,0.421781,0.466780,0.461544,0.266961,0.442807,0.495500,0.566087,0.594864,0.540954,0.593812,0.437691,0.372688,0.521772,0.670995,0.511686,0.455127,0.418756,0.570891,0.399392,0.569399,0.590596,0.576888,0.544741,0.542224,0.498152
2024-02-13,0.323479,0.716448,0.434368,0.375616,0.321935,0.426147,0.422352,0.532361,0.463183,0.455631,0.474647,0.582684,0.666333,0.750927,0.517358,0.537846,0.564520,0.343079,0.475615,0.643301,0.474651,0.408211,0.321697,0.377837,0.493698,0.588810,0.477350,0.449915,0.509091,0.531114,0.394582
2024-02-14,0.546888,0.512701,0.477106,0.442617,0.273988,0.273964,0.528060,0.620915,0.483475,0.397918,0.530209,0.472866,0.498590,0.616325,0.543789,0.578173,0.494801,0.403355,0.403812,0.752588,0.510783,0.482946,0.391489,0.479483,0.431480,0.575568,0.355207,0.384805,0.398156,0.418729,0.533359
2024-02-15,0.435095,0.605123,0.381344,0.313022,0.322982,0.394216,0.486636,0.613220,0.509407,0.486797,0.396684,0.478331,0.551370,0.612555,0.547969,0.563385,0.556388,0.357172,0.481857,0.542792,0.561045,0.403280,0.513772,0.329082,0.491841,0.603334,0.471361,0.413936,0.602314,0.534304,0.425002
2024-02-16,0.460421,0.606652,0.438634,0.320740,0.365444,0.398663,0.412597,0.608217,0.498882,0.536858,0.511678,0.474323,0.552367,0.816435,0.536483,0.506702,0.545583,0.505690,0.385656,0.773842,0.439659,0.490925,0.559009,0.463876,0.534524,0.658233,0.465906,0.544014,0.633822,0.475835,0.309960
2024-02-19,0.390340,0.402855,0.361529,0.379629,0.244019,0.326444,0.460010,0.743601,0.425709,0.513340,0.466628,0.668445,0.537442,0.819979,0.618690,0.569729,0.536267,0.480792,0.493917,0.827633,0.435715,0.331140,0.488401,0.552006,0.453948,0.549549,0.541907,0.502899,0.392358,0.500150,0.470412
2024-02-20,0.475988,0.458703,0.232697,0.321920,0.431343,0.360420,0.439973,0.810229,0.387601,0.398684,0.580728,0.547590,0.505730,0.786411,0.368073,0.468103,0.573032,0.472547,0.540873,0.638240,0.455763,0.442799,0.488878,0.352599,0.381293,0.640204,0.503095,0.495646,0.507942,0.492161,0.416938
2024-02-21,0.384130,0.700382,0.306985,0.261259,0.473255,0.413346,0.498140,0.651433,0.373020,0.578449,0.510723,0.489429,0.554772,0.649452,0.532446,0.676077,0.537222,0.452631,0.478097,0.685977,0.650303,0.509420,0.380862,0.371003,0.349213,0.544109,0.434195,0.384293,0.490079,0.516508,0.143223
2024-02-22,0.453507,0.436148,0.320760,0.355973,0.407592,0.303708,0.402111,0.554015,0.404074,0.485093,0.519146,0.500981,0.504953,0.637561,0.437046,0.470702,0.440573,0.441893,0.499087,0.523945,0.346570,0.552292,0.351933,0.456659,0.608171,0.631790,0.389030,0.460013,0.455568,0.333732,0.339026
2024-02-23,0.381355,0.496592,0.384358,0.456495,0.386301,0.296116,0.475713,0.603975,0.472372,0.365568,0.502674,0.430888,0.597012,0.699365,0.545294,0.559865,0.634986,0.404228,0.503825,0.737084,0.456476,0.613099,0.507951,0.540531,0.305846,0.641173,0.505341,0.404612,0.477841,0.499905,0.400049
2024-02-26,0.292851,0.552209,0.394148,0.291927,0.414263,0.506963,0.525317,0.790902,0.505791,0.526502,0.481938,0.520916,0.461643,0.720872,0.582799,0.406154,0.511762,0.545232,0.443219,0.621464,0.496817,0.436230,0.419715,0.443567,0.533648,0.687550,0.376955,0.434354,0.428317,0.373340,0.432976
2024-02-27,0.343251,0.541569,0.352921,0.389933,0.309512,0.374335,0.256956,0.682614,0.478640,0.569468,0.583339,0.559055,0.636231,0.574660,0.347002,0.395413,0.350014,0.415575,0.546476,0.685790,0.479805,0.323808,0.376705,0.353400,0.452308,0.687226,0.396868,0.482629,0.502979,0.500568,0.477048
2024-02-28,0.352010,0.554842,0.413408,0.525719,0.278536,0.427104,0.450396,0.450554,0.488839,0.419733,0.600275,0.496528,0.531531,0.599988,0.476626,0.556976,0.537580,0.491156,0.461579,0.666003,0.441006,0.618592,0.408551,0.539545,0.441423,0.659767,0.435395,0.656187,0.365933,0.613789,0.348874
2024-02-29,0.341622,0.567567,0.313834,0.298036,0.403852,0.352333,0.414435,0.578841,0.605752,0.556516,0.489507,0.485737,0.532802,0.670060,0.581308,0.325094,0.500030,0.484819,0.358992,0.699823,0.404748,0.512190,0.624006,0.452994,0.493801,0.633109,0.410645,0.311175,0.437319,0.496252,0.469993
2024-03-01,0.422249,0.672111,0.440463,0.342211,0.521949,0.416311,0.499923,0.629567,0.471694,0.444932,0.374648,0.566425,0.389047,0.755426,0.451667,0.531076,0.486286,0.478584,0.377359,0.640564,0.421761,0.428848,0.486868,0.578578,0.332247,0.714450,0.435184,0.369239,0.541155,0.292960,0.515593
2024-03-04,0.274599,0.515275,0.374724,0.398890,0.477938,0.467660,0.539775,0.605259,0.414158,0.709189,0.548038,0.513169,0.533198,0.698392,0.585185,0.405127,0.494560,0.599332,0.429532,0.672071,0.577598,0.356904,0.578086,0.382725,0.278791,0.478470,0.470161,0.413563,0.317538,0.674446,0.434401
2024-03-05,0.439964,0.632668,0.325846,0.361281,0.467797,0.385409,0.505750,0.608951,0.556001,0.604334,0.563890,0.595571,0.444980,0.577483,0.379946,0.449263,0.444608,0.424155,0.597894,0.645067,0.427864,0.476778,0.424671,0.466306,0.473634,0.713270,0.462768,0.359538,0.458415,0.398169,0.447916
2024-03-06,0.331853,0.513033,0.328437,0.435856,0.471335,0.386286,0.364612,0.763208,0.594847,0.584710,0.596325,0.565866,0.662996,0.558329,0.625217,0.442218,0.508715,0.494187,0.332789,0.753352,0.526164,0.448411,0.529620,0.365970,0.495979,0.550192,0.502805,0.335312,0.464085,0.337187,0.464080
2024-03-07,0.462988,0.657853,0.310973,0.359048,0.352398,0.342651,0.523294,0.880671,0.546594,0.453751,0.492508,0.431588,0.405796,0.569698,0.521688,0.458276,0.418633,0.477316,0.471936,0.724801,0.461683,0.575105,0.313638,0.301792,0.459120,0.627939,0.293939,0.442625,0.525531,0.394989,0.435420
2024-03-08,0.353865,0.404535,0.358611,0.369846,0.500168,0.415421,0.493112,0.651973,0.522620,0.535714,0.595611,0.433948,0.457080,0.550847,0.507947,0.392170,0.455776,0.567680,0.406589,0.681098,0.502727,0.423635,0.650483,0.384733,0.436071,0.670796,0.327636,0.329580,0.305498,0.505517,0.498417
2024-03-11,0.409786,0.563975,0.453270,0.357691,0.398944,0.569992,0.566823,0.673807,0.584837,0.604148,0.497601,0.589352,0.504876,0.662640,0.457651,0.529841,0.491825,0.408639,0.519939,0.672525,0.637252,0.484915,0.406629,0.456250,0.321212,0.608148,0.529808,0.537244,0.319645,0.535221,0.466067
2024-03-12,0.474135,0.504121,0.282397,0.390344,0.378668,0.496701,0.558499,0.782946,0.437997,0.392058,0.442939,0.711675,0.498732,0.665320,0.468590,0.529567,0.459194,0.479886,0.596495,0.669013,0.438574,0.558807,0.457010,0.382108,0.358855,0.653491,0.353022,0.355315,0.484151,0.292236,0.412040
2024-03-13,0.384984,0.653926,0.322384,0.430957,0.437864,0.449836,0.499401,0.627163,0.501458,0.578553,0.490324,0.511951,0.422832,0.654174,0.429634,0.548726,0.494528,0.554790,0.405323,0.589689,0.590319,0.437388,0.526564,0.384364,0.318613,0.757229,0.484464,0.506228,0.496380,0.457269,0.445712
2024-03-14,0.446506,0.596077,0.244900,0.328682,0.480904,0.466476,0.397462,0.713928,0.483477,0.488391,0.587461,0.383497,0.507976,0.660886,0.534812,0.391499,0.532509,0.473751,0.453879,0.692943,0.487267,0.519869,0.440872,0.389226,0.371602,0.663952,0.492772,0.479182,0.414891,0.460509,0.511424
2024-03-15,0.444568,0.611205,0.423290,0.492370,0.450257,0.501884,0.501080,0.659922,0.477727,0.458945,0.547753,0.559960,0.510136,0.668032,0.494919,0.401510,0.449724,0.422950,0.637228,0.831680,0.515207,0.384435,0.533759,0.390814,0.475821,0.683181,0.405196,0.426605,0.484715,0.477572,0.277847
2024-03-18,0.398675,0.515516,0.418482,0.334146,0.622118,0.286581,0.585300,0.660846,0.568252,0.520117,0.476074,0.598975,0.496813,0.691585,0.428288,0.364935,0.653795,0.450734,0.476663,0.716183,0.518225,0.360582,0.530344,0.396751,0.545367,0.554104,0.409455,0.332625,0.396167,0.404260,0.578772
2024-03-19,0.386446,0.569907,0.331397,0.403435,0.505010,0.649030,0.458916,0.615759,0.485466,0.536014,0.621893,0.387002,0.433841,0.734025,0.464416,0.506212,0.584693,0.377556,0.485656,0.732466,0.462256,0.425378,0.409229,0.288187,0.365259,0.560215,0.439035,0.526404,0.351136,0.561339,0.448341
2024-03-20,0.440510,0.483720,0.442845,0.423669,0.437287,0.495927,0.504238,0.810724,0.385615,0.543587,0.700716,0.506624,0.462123,0.640915,0.450101,0.376535,0.464518,0.443622,0.436374,0.748768,0.394687,0.354241,0.341109,0.513266,0.353658,0.621392,0.445918,0.404127,0.466888,0.497021,0.365242
2024-03-21,0.340728,0.578257,0.295517,0.379297,0.450585,0.466213,0.484523,0.758665,0.567417,0.601386,0.516196,0.440415,0.500923,0.819489,0.599346,0.547915,0.447676,0.391106,0.437268,0.655016,0.466156,0.497401,0.511773,0.417775,0.507895,0.437904,0.433454,0.524814,0.488499,0.432989,0.390049
2024-03-22,0.240768,0.601766,0.456422,0.506656,0.377255,0.545661,0.569740,0.615521,0.516294,0.455775,0.467467,0.478696,0.411848,0.732034,0.515225,0.542858,0.472108,0.490658,0.557183,0.630014,0.428122,0.439549,0.491720,0.454999,0.445536,0.510507,0.385197,0.389427,0.351918,0.467493,0.382739
2024-03-25,0.394722,0.368990,0.626321,0.521060,0.506976,0.467285,0.390751,0.552648,0.637315,0.380218,0.443881,0.560665,0.528224,0.401257,0.736829,0.474315,0.463283,0.645175,0.441852,0.574969,0.830697,0.560963,0.314349,0.443564,0.490133,0.385049,0.711968,0.571216,0.420666,0.421894,0.576521
2024-03-26,0.237268,0.267423,0.617413,0.565094,0.542028,0.521872,0.492663,0.522366,0.563519,0.482528,0.475521,0.439668,0.486321,0.444664,0.717027,0.434702,0.557032,0.449531,0.428746,0.556337,0.705658,0.513645,0.416540,0.463475,0.362306,0.421927,0.819689,0.457358,0.502474,0.323369,0.479731
2024-03-27,0.346441,0.424200,0.555221,0.440389,0.629216,0.657661,0.573305,0.555036,0.806584,0.489661,0.470895,0.473733,0.555510,0.505584,0.700032,0.564864,0.520900,0.599254,0.459171,0.434832,0.636370,0.391181,0.348854,0.506573,0.420024,0.474265,0.726475,0.422181,0.423185,0.441448,0.458129
2024-03-28,0.424700,0.363096,0.606151,0.393251,0.435527,0.529309,0.344776,0.516967,0.657625,0.505932,0.503840,0.472204,0.580356,0.459513,0.622669,0.524173,0.484214,0.605674,0.413640,0.603551,0.732394,0.466100,0.397286,0.563976,0.278158,0.457800,0.434891,0.447863,0.317078,0.405698,0.508231
2024-03-29,0.414559,0.510905,0.671565,0.402308,0.371573,0.359760,0.474962,0.598894,0.716780,0.469845,0.491536,0.485488,0.494184,0.480267,0.624384,0.513124,0.525379,0.502273,0.488549,0.451615,0.599960,0.368401,0.482465,0.553914,0.412760,0.448972,0.619285,0.442040,0.358058,0.586180,0.466954
2024-04-01,0.445414,0.436493,0.628734,0.423292,0.436002,0.422380,0.546352,0.506612,0.617046,0.518736,0.558118,0.554898,0.544403,0.508548,0.609856,0.552037,0.429254,0.479584,0.526606,0.390473,0.580064,0.304532,0.452557,0.439749,0.404325,0.533887,0.539308,0.525694,0.391145,0.368364,0.563540
2024-04-02,0.501999,0.333152,0.503001,0.433996,0.427489,0.420184,0.504547,0.559554,0.639951,0.530526,0.506304,0.575644,0.547748,0.541640,0.535426,0.428778,0.470256,0.656209,0.553094,0.474224,0.547295,0.545365,0.519947,0.305017,0.429138,0.295897,0.499566,0.372405,0.490727,0.399019,0.451718
2024-04-03,0.407765,0.384009,0.757785,0.465778,0.576334,0.405318,0.538218,0.468213,0.687939,0.550026,0.653337,0.454917,0.409797,0.493712,0.592439,0.365676,0.498773,0.366443,0.643466,0.464555,0.543478,0.425491,0.547225,0.386178,0.466266,0.326975,0.464764,0.392858,0.269685,0.466875,0.418566
2024-04-04,0.494123,0.427760,0.608878,0.632625,0.474585,0.539120,0.464955,0.410135,0.719646,0.375854,0.475387,0.469615,0.430039,0.510126,0.668828,0.518322,0.567219,0.456192,0.619290,0.491178,0.712913,0.303503,0.639481,0.419406,0.406252,0.415408,0.613420,0.324860,0.397838,0.434232,0.506165
2024-04-05,0.380106,0.442149,0.572483,0.488718,0.508327,0.543932,0.609996,0.505367,0.819043,0.482960,0.487559,0.419999,0.571820,0.298253,0.649068,0.417673,0.643280,0.416438,0.315044,0.412568,0.742265,0.556371,0.431757,0.473227,0.285260,0.422307,0.517616,0.426519,0.439512,0.390538,0.440309
2024-04-08,0.455462,0.466133,0.767146,0.546561,0.494234,0.460144,0.624242,0.396861,0.702970,0.473633,0.489872,0.495858,0.507521,0.336276,0.724207,0.522724,0.482933,0.497781,0.402715,0.491365,0.622961,0.453872,0.438996,0.408710,0.527383,0.376705,0.542117,0.533528,0.302984,0.437191,0.512955
2024-04-09,0.433119,0.435104,0.583108,0.436065,0.635068,0.334715,0.505709,0.461273,0.729812,0.407456,0.575488,0.421733,0.477073,0.554596,0.675493,0.438573,0.456623,0.414037,0.601490,0.562475,0.456409,0.449482,0.488135,0.415826,0.546786,0.361190,0.578725,0.470298,0.398539,0.380214,0.485205
2024-04-10,0.510585,0.505602,0.786395,0.513094,0.552829,0.483494,0.429279,0.506394,0.569176,0.565713,0.430132,0.417515,0.430030,0.547640,0.802180,0.581859,0.377208,0.585059,0.562947,0.542029,0.605657,0.502137,0.358635,0.404368,0.479374,0.372504,0.450896,0.467089,0.469515,0.583507,0.554668
2024-04-11,0.573356,0.254425,0.655011,0.539657,0.527133,0.768819,0.418481,0.464813,0.492673,0.490254,0.536445,0.368050,0.485449,0.389609,0.741296,0.472021,0.573341,0.499582,0.494698,0.387819,0.615605,0.501357,0.397427,0.290208,0.435262,0.411670,0.502763,0.294121,0.354689,0.568316,0.557057
2024-04-12,0.440470,0.437571,0.702971,0.384810,0.496420,0.520264,0.609164,0.366055,0.552199,0.410902,0.394678,0.498660,0.520914,0.571645,0.780566,0.438613,0.564107,0.593895,0.457694,0.521202,0.645725,0.459611,0.396395,0.442625,0.411645,0.369721,0.580253,0.411841,0.463537,0.505180,0.470051
2024-04-15,0.585242,0.464270,0.519786,0.635736,0.436171,0.504748,0.488110,0.574754,0.699511,0.402420,0.611989,0.479685,0.568286,0.495057,0.758816,0.511048,0.458711,0.478895,0.547137,0.397647,0.539519,0.382655,0.349249,0.366533,0.495926,0.457415,0.650511,0.436552,0.509506,0.527243,0.546493
2024-04-16,0.374012,0.374425,0.640977,0.515470,0.418411,0.520372,0.357309,0.369639,0.733945,0.448047,0.399500,0.536499,0.510519,0.671763,0.611063,0.631118,0.559688,0.456853,0.404275,0.282692,0.619545,0.393303,0.390219,0.344391,0.364555,0.423485,0.582159,0.529809,0.405930,0.371392,0.364071
2024-04-17,0.444102,0.549969,0.626223,0.541122,0.404513,0.418685,0.402336,0.508099,0.593127,0.463256,0.442318,0.566863,0.438099,0.593113,0.711132,0.460552,0.391786,0.578961,0.621539,0.398406,0.622496,0.338238,0.228593,0.471056,0.340885,0.473094,0.585961,0.291021,0.332074,0.460211,0.547841
2024-04-18,0.384781,0.453238,0.629458,0.376061,0.491596,0.443081,0.576081,0.401232,0.697661,0.379799,0.637243,0.558199,0.469686,0.508206,0.696117,0.529955,0.525801,0.429871,0.549977,0.549525,0.662887,0.436412,0.457777,0.312013,0.380863,0.325264,0.678244,0.334298,0.620587,0.495008,0.620841
2024-04-19,0.608506,0.501898,0.552293,0.335656,0.470366,0.620674,0.457638,0.441657,0.719967,0.473923,0.506595,0.612894,0.422160,0.401747,0.654014,0.448940,0.497162,0.530895,0.416862,0.391426,0.554848,0.303514,0.417918,0.429574,0.371862,0.313913,0.624094,0.581494,0.462540,0.614899,0.654170
2024-04-22,0.514592,0.478995,0.611294,0.340512,0.523254,0.432041,0.398229,0.488499,0.660608,0.390613,0.300912,0.488159,0.525367,0.515650,0.697430,0.595151,0.585363,0.372635,0.493735,0.407419,0.727053,0.372888,0.496190,0.355677,0.517808,0.435107,0.617318,0.473436,0.480708,0.577685,0.588357
2024-04-23,0.333943,0.376435,0.598500,0.353431,0.419743,0.414269,0.510183,0.500018,0.587034,0.441238,0.448670,0.430789,0.530455,0.493670,0.802500,0.523168,0.453020,0.467949,0.487454,0.435228,0.674294,0.302001,0.420852,0.376749,0.418006,0.467475,0.525188,0.376129,0.519795,0.408010,0.494039
2024-04-24,0.487833,0.408746,0.664134,0.374318,0.499732,0.422004,0.372313,0.452859,0.667242,0.496378,0.542381,0.647800,0.565337,0.543260,0.754490,0.586852,0.576026,0.375284,0.468517,0.358125,0.503201,0.373078,0.470088,0.457112,0.448187,0.389108,0.507855,0.420236,0.461351,0.633280,0.651550
2024-04-25,0.320342,0.363989,0.703859,0.431807,0.462244,0.574777,0.333878,0.508740,0.657921,0.329709,0.344039,0.581287,0.505556,0.516799,0.490768,0.594804,0.518679,0.419885,0.498980,0.475954,0.569156,0.412833,0.402369,0.290190,0.332323,0.376554,0.612128,0.500092,0.553411,0.529326,0.525188
2024-04-26,0.505647,0.582534,0.654016,0.517758,0.370140,0.500913,0.530454,0.494793,0.662565,0.419540,0.447854,0.452514,0.509484,0.471293,0.649179,0.392629,0.676338,0.571807,0.484616,0.393413,0.537404,0.255735,0.375022,0.390650,0.347714,0.463031,0.729418,0.452174,0.419992,0.563712,0.522814
2024-04-29,0.423506,0.456032,0.615711,0.429878,0.461473,0.406248,0.455230,0.376493,0.626830,0.456356,0.472509,0.529185,0.478016,0.416996,0.701245,0.460781,0.441098,0.432970,0.407068,0.460244,0.677494,0.368421,0.385652,0.377119,0.372402,0.496103,0.594979,0.550735,0.487819,0.736697,0.503387
2024-04-30,0.369585,0.464221,0.709009,0.580440,0.338857,0.626350,0.340652,0.429737,0.594036,0.527665,0.601376,0.595847,0.545810,0.552601,0.619164,0.610330,0.620769,0.453722,0.468297,0.386729,0.600319,0.292577,0.549674,0.315970,0.434778,0.412668,0.647356,0.561397,0.602112,0.467936,0.587379
2024-05-01,0.529848,0.463237,0.665905,0.511089,0.456357,0.484326,0.443629,0.471853,0.645058,0.462889,0.438449,0.533510,0.396666,0.564664,0.688970,0.557638,0.456390,0.513788,0.388873,0.398078,0.628088,0.369603,0.330162,0.355956,0.492250,0.341513,0.626765,0.517391,0.389674,0.626252,0.624446
2024-05-02,0.570743,0.607934,0.708270,0.480403,0.437896,0.404456,0.515800,0.523518,0.617430,0.477151,0.493648,0.514113,0.635174,0.536448,0.702494,0.530789,0.495523,0.537973,0.417873,0.501847,0.654368,0.276033,0.244826,0.295675,0.510703,0.379739,0.625421,0.544891,0.476796,0.578801,0.540115
2024-05-03,0.466555,0.508833,0.534812,0.424403,0.481499,0.469406,0.543329,0.253079,0.749634,0.434648,0.445103,0.492047,0.414487,0.671020,0.729397,0.557540,0.467171,0.544636,0.471429,0.416661,0.624468,0.371349,0.343629,0.369316,0.335427,0.437627,0.643206,0.542022,0.568578,0.513287,0.591109
2024-05-06,0.530122,0.565366,0.561087,0.524968,0.435741,0.547391,0.347422,0.321077,0.624714,0.415239,0.664481,0.579277,0.542582,0.612854,0.686023,0.497119,0.548091,0.655402,0.407899,0.355163,0.598532,0.294633,0.252012,0.434330,0.422403,0.461871,0.664520,0.499717,0.498768,0.590135,0.555899
2024-05-07,0.540114,0.467454,0.610029,0.432301,0.459404,0.491063,0.554785,0.556656,0.726936,0.542486,0.471163,0.470551,0.656160,0.462721,0.707008,0.534749,0.406274,0.477250,0.446305,0.388270,0.553763,0.438660,0.345380,0.283956,0.341406,0.391007,0.640252,0.587142,0.619106,0.625775,0.624838
2024-05-08,0.509897,0.427677,0.572784,0.536060,0.471850,0.448477,0.351684,0.430647,0.590948,0.531743,0.423914,0.591392,0.553230,0.439900,0.808388,0.569104,0.480311,0.534996,0.470807,0.438175,0.590098,0.409671,0.351842,0.357726,0.332290,0.492797,0.579034,0.448611,0.477352,0.490577,0.584737
2024-05-09,0.557178,0.490463,0.663032,0.266141,0.406632,0.420956,0.476457,0.526571,0.705486,0.389186,0.391673,0.670635,0.541284,0.553235,0.681653,0.489963,0.442853,0.344342,0.401396,0.364567,0.635887,0.305317,0.248582,0.342929,0.457756,0.527008,0.687799,0.543759,0.483967,0.460195,0.658186
2024-05-10,0.485415,0.536360,0.675632,0.378162,0.427177,0.504832,0.502662,0.449247,0.568570,0.565278,0.484440,0.583860,0.351778,0.505821,0.810765,0.490893,0.515768,0.536517,0.356730,0.393754,0.598622,0.359306,0.318875,0.339569,0.462017,0.441752,0.646927,0.578223,0.584377,0.630877,0.407632
2024-05-13,0.563079,0.449735,0.647158,0.388734,0.489968,0.630842,0.462846,0.434878,0.614528,0.535060,0.536964,0.576584,0.622116,0.508653,0.769306,0.344220,0.453694,0.472191,0.300403,0.430834,0.600526,0.340708,0.430666,0.413333,0.441481,0.427382,0.644317,0.469433,0.549958,0.537299,0.555343
2024-05-14,0.490059,0.540376,0.665927,0.528224,0.412746,0.527693,0.413785,0.443361,0.637693,0.551426,0.535713,0.571368,0.640821,0.498518,0.740153,0.519851,0.533269,0.430344,0.470027,0.432332,0.611887,0.355821,0.321686,0.351173,0.437883,0.583037,0.568002,0.533122,0.564086,0.643344,0.609695
2024-05-15,0.515336,0.395959,0.592973,0.525307,0.535436,0.377809,0.514827,0.474096,0.638427,0.592884,0.529294,0.572449,0.639422,0.605756,0.845227,0.413477,0.515863,0.440975,0.366643,0.307334,0.514232,0.414787,0.462574,0.334838,0.464010,0.572525,0.698137,0.603595,0.534336,0.618569,0.505675
2024-05-16,0.519633,0.431369,0.701137,0.387706,0.526041,0.433286,0.343337,0.355505,0.796344,0.525493,0.659677,0.571502,0.545304,0.560602,0.731711,0.544122,0.621778,0.429765,0.347832,0.268219,0.523806,0.386811,0.292719,0.344560,0.368701,0.437299,0.558826,0.501451,0.547852,0.585924,0.635235
2024-05-17,0.455063,0.402919,0.605314,0.401967,0.330649,0.472539,0.395417,0.390495,0.668562,0.360170,0.554899,0.509527,0.563941,0.542029,0.772108,0.537091,0.440177,0.444224,0.360995,0.351388,0.583975,0.318151,0.371420,0.551687,0.468076,0.440468,0.666439,0.438403,0.765993,0.579351,0.472071
2024-05-20,0.274504,0.521200,0.434242,0.673038,0.540911,0.441570,0.589343,0.444192,0.477740,0.806850,0.526365,0.529319,0.512375,0.540885,0.498916,0.691366,0.451868,0.433088,0.380036,0.382250,0.367042,0.417512,0.462911,0.416830,0.624308,0.455037,0.571728,0.752915,0.482696,0.568359,0.655365
2024-05-21,0.466927,0.422206,0.455018,0.592072,0.436762,0.449014,0.417168,0.501260,0.491056,0.625184,0.530023,0.528205,0.539064,0.556598,0.445907,0.688872,0.386170,0.407389,0.491890,0.299010,0.404276,0.511472,0.305443,0.378178,0.505438,0.445885,0.520769,0.797324,0.585042,0.482813,0.468575
2024-05-22,0.486685,0.371988,0.505213,0.575457,0.403258,0.573159,0.448042,0.459225,0.420525,0.694612,0.527024,0.562256,0.610157,0.670420,0.536914,0.583800,0.486223,0.397616,0.208167,0.316547,0.385432,0.669037,0.392426,0.396537,0.462307,0.405386,0.497969,0.747298,0.386993,0.429581,0.428620
2024-05-23,0.552437,0.422284,0.557741,0.684519,0.457773,0.658539,0.443693,0.489084,0.470114,0.801194,0.691290,0.542861,0.585885,0.628227,0.426343,0.684091,0.472132,0.466502,0.438897,0.341697,0.320527,0.488975,0.337492,0.438724,0.487182,0.501844,0.545509,0.673235,0.465484,0.669190,0.495317
2024-05-24,0.441739,0.294764,0.616209,0.727068,0.391825,0.508728,0.509368,0.426289,0.648283,0.765834,0.503881,0.605788,0.543976,0.584230,0.553297,0.742300,0.360405,0.376553,0.332510,0.377371,0.394518,0.638530,0.339473,0.534829,0.395128,0.549194,0.563941,0.717364,0.572774,0.555246,0.597366
2024-05-27,0.493072,0.358643,0.448101,0.693587,0.464785,0.439285,0.410752,0.462918,0.447441,0.686399,0.487625,0.417006,0.611778,0.603758,0.430776,0.756263,0.476162,0.421569,0.430683,0.290645,0.273811,0.509466,0.526824,0.392418,0.529317,0.647798,0.517145,0.702352,0.540488,0.575788,0.458894
2024-05-28,0.401210,0.448339,0.382381,0.599419,0.249714,0.537198,0.300935,0.457980,0.475882,0.735559,0.411514,0.474440,0.771949,0.534906,0.481976,0.473773,0.412911,0.385060,0.396160,0.322335,0.390892,0.552533,0.384381,0.554143,0.561977,0.531670,0.689668,0.651578,0.520468,0.777322,0.468884
2024-05-29,0.280479,0.280531,0.408718,0.433190,0.486662,0.376114,0.461736,0.594815,0.562750,0.698253,0.574028,0.517550,0.529749,0.517816,0.441261,0.751763,0.335593,0.397595,0.305692,0.389667,0.301634,0.652372,0.492791,0.479160,0.487635,0.484714,0.558016,0.773860,0.546290,0.637092,0.522823
2024-05-30,0.565657,0.500747,0.560207,0.549121,0.459807,0.493896,0.489499,0.502934,0.496915,0.862608,0.515629,0.532227,0.439409,0.494491,0.505893,0.706536,0.252864,0.302538,0.406793,0.416788,0.348385,0.517333,0.542483,0.620609,0.503786,0.675898,0.622763,0.646042,0.542174,0.595529,0.402667
2024-05-31,0.397712,0.436994,0.518297,0.549606,0.416492,0.483660,0.580106,0.511552,0.551044,0.673716,0.617974,0.664081,0.497464,0.564197,0.566883,0.569696,0.369742,0.366375,0.370633,0.336367,0.301852,0.519019,0.389891,0.406461,0.520234,0.544239,0.549136,0.783543,0.506510,0.605646,0.655975
2024-06-03,0.434663,0.280826,0.476983,0.623052,0.422043,0.382512,0.436805,0.550643,0.562052,0.717860,0.689798,0.500701,0.537478,0.496832,0.408777,0.634535,0.392905,0.417993,0.363150,0.263569,0.306745,0.578963,0.305989,0.467687,0.475390,0.394823,0.501371,0.847470,0.519987,0.428927,0.570582
2024-06-04,0.462522,0.453587,0.407124,0.619339,0.549602,0.560945,0.502667,0.461551,0.602687,0.677547,0.648830,0.517450,0.534059,0.466304,0.560439,0.562972,0.503275,0.474963,0.326873,0.303280,0.479963,0.554061,0.455675,0.394644,0.537945,0.450471,0.621189,0.784310,0.603437,0.567015,0.622768
2024-06-05,0.494538,0.344846,0.463648,0.593807,0.511379,0.511414,0.563604,0.592018,0.546914,0.707298,0.479009,0.597071,0.516589,0.564341,0.412818,0.640974,0.448243,0.448135,0.365456,0.377534,0.378525,0.572962,0.560341,0.574125,0.641890,0.544392,0.561210,0.722515,0.581498,0.476123,0.520613
2024-06-06,0.433360,0.469056,0.508572,0.616821,0.554487,0.495768,0.540529,0.475289,0.396116,0.851213,0.572942,0.479929,0.487399,0.459548,0.407375,0.657082,0.393071,0.387257,0.476104,0.380582,0.364182,0.695608,0.429494,0.470053,0.530098,0.556685,0.561673,0.663052,0.623239,0.551662,0.550844
2024-06-07,0.400606,0.433161,0.538949,0.706213,0.449044,0.534891,0.494689,0.499068,0.492966,0.697035,0.563276,0.362727,0.612807,0.347803,0.430474,0.683224,0.418037,0.268466,0.362735,0.387380,0.364231,0.584541,0.523170,0.550418,0.506823,0.498348,0.613484,0.871384,0.525082,0.520670,0.529306
2024-06-10,0.449184,0.426083,0.496672,0.609012,0.521790,0.541044,0.536967,0.591455,0.621243,0.799819,0.409713,0.484945,0.543006,0.527138,0.443386,0.654885,0.379235,0.409723,0.375048,0.388059,0.385979,0.565250,0.564773,0.501508,0.541753,0.518882,0.588290,0.950000,0.557132,0.570027,0.634660
2024-06-11,0.427999,0.444578,0.405945,0.762988,0.507619,0.464648,0.614179,0.643514,0.526013,0.800044,0.642603,0.588992,0.440843,0.560164,0.436726,0.663737,0.308042,0.354886,0.457499,0.437908,0.231535,0.602594,0.396230,0.568397,0.481445,0.557028,0.572812,0.746186,0.514564,0.488751,0.573845
2024-06-12,0.422687,0.460198,0.334622,0.631517,0.320847,0.467549,0.455114,0.476906,0.470063,0.730651,0.560196,0.505059,0.580278,0.463288,0.398554,0.573712,0.355158,0.435338,0.284002,0.333177,0.396039,0.553228,0.694397,0.549676,0.480155,0.541026,0.632834,0.760824,0.533368,0.633961,0.469458
2024-06-13,0.468944,0.403366,0.497579,0.583633,0.606484,0.605652,0.473794,0.529779,0.531732,0.752510,0.506266,0.533733,0.479366,0.420145,0.355104,0.652138,0.390883,0.345594,0.313688,0.467375,0.364493,0.655906,0.486022,0.484256,0.409304,0.618114,0.644480,0.710710,0.613320,0.463611,0.463467
2024-06-14,0.453134,0.436010,0.385622,0.575940,0.458748,0.499821,0.560451,0.437606,0.590144,0.690815,0.498803,0.501353,0.469245,0.436860,0.313752,0.548130,0.373867,0.326412,0.378329,0.286187,0.363702,0.617542,0.515259,0.604859,0.590924,0.652909,0.554430,0.884807,0.506533,0.513825,0.319011
2024-06-17,0.545099,0.363477,0.525372,0.542630,0.546811,0.571884,0.542001,0.497451,0.583985,0.734052,0.505869,0.477599,0.358676,0.436052,0.326142,0.661631,0.529832,0.298406,0.313150,0.247070,0.352269,0.580918,0.532932,0.592189,0.593888,0.622640,0.597841,0.802508,0.450924,0.502563,0.458370
2024-06-18,0.407022,0.485572,0.324165,0.721606,0.535183,0.420470,0.470773,0.689786,0.681082,0.579538,0.573900,0.576277,0.545601,0.457885,0.519980,0.479442,0.393370,0.366280,0.340900,0.463318,0.378110,0.641663,0.479662,0.576324,0.550248,0.436078,0.581570,0.737468,0.425266,0.543186,0.415740
2024-06-19,0.498965,0.508757,0.400396,0.756836,0.590945,0.521660,0.463749,0.498348,0.543745,0.770776,0.392366,0.493666,0.523238,0.421795,0.406264,0.417129,0.307981,0.382749,0.431113,0.435839,0.444541,0.550606,0.612552,0.501558,0.621157,0.679188,0.615684,0.741649,0.624304,0.431811,0.416102
2024-06-20,0.372173,0.464855,0.471368,0.526798,0.573016,0.675860,0.542890,0.429032,0.669222,0.711078,0.515811,0.581056,0.400114,0.416716,0.460939,0.395865,0.230839,0.229701,0.302491,0.497689,0.424781,0.699360,0.505292,0.602291,0.571693,0.498445,0.438339,0.857518,0.465246,0.427125,0.411749
2024-06-21,0.422236,0.513487,0.474660,0.669176,0.634195,0.446022,0.541942,0.597091,0.481699,0.927302,0.515317,0.585584,0.544545,0.467738,0.386808,0.498470,0.269729,0.318599,0.300891,0.364389,0.390459,0.754068,0.574790,0.622508,0.497014,0.680377,0.558124,0.694067,0.583150,0.499301,0.499291
2024-06-24,0.580803,0.467933,0.483445,0.618926,0.542807,0.458788,0.426976,0.554703,0.484442,0.777641,0.528523,0.604626,0.385143,0.242828,0.208066,0.501831,0.273810,0.313408,0.349010,0.371126,0.353726,0.578267,0.580662,0.440867,0.555921,0.518697,0.604498,0.676481,0.650542,0.463221,0.501303
2024-06-25,0.498411,0.454422,0.405790,0.716085,0.498688,0.532046,0.542525,0.540599,0.582189,0.629011,0.586555,0.574400,0.506625,0.494977,0.443561,0.630722,0.295794,0.324287,0.219343,0.289367,0.419938,0.888810,0.574441,0.467034,0.681513,0.472786,0.636825,0.640192,0.451734,0.426147,0.486942
2024-06-26,0.523173,0.441266,0.471687,0.566025,0.543162,0.523461,0.602233,0.571140,0.603430,0.804680,0.600926,0.490565,0.543845,0.497696,0.369627,0.570287,0.304519,0.386729,0.428534,0.479266,0.430300,0.778440,0.487773,0.587629,0.560499,0.689238,0.560621,0.729771,0.371254,0.517935,0.480532
2024-06-27,0.494944,0.383920,0.418808,0.646631,0.527197,0.621370,0.516838,0.584617,0.599440,0.792933,0.410366,0.405227,0.494648,0.339881,0.401801,0.585976,0.398664,0.363673,0.312152,0.362624,0.516844,0.610824,0.551675,0.647033,0.659220,0.564129,0.489993,0.702562,0.483242,0.541086,0.401541
2024-06-28,0.410138,0.457731,0.398047,0.625288,0.498652,0.618330,0.535341,0.520417,0.532393,0.717171,0.419359,0.368279,0.449123,0.476507,0.331871,0.509072,0.436414,0.437918,0.358313,0.389336,0.316081,0.763187,0.590640,0.511862,0.641979,0.642637,0.428942,0.649339,0.506234,0.459215,0.462741
2024-07-01,0.508402,0.491130,0.613830,0.674782,0.507131,0.597232,0.478109,0.484444,0.548222,0.743622,0.553056,0.438941,0.452267,0.346083,0.427292,0.625483,0.328771,0.428655,0.342567,0.501728,0.423034,0.703830,0.526672,0.589803,0.625006,0.541170,0.697390,0.731212,0.482671,0.437234,0.381075
2024-07-02,0.485387,0.528369,0.501718,0.730725,0.501814,0.605105,0.457671,0.672170,0.709972,0.712946,0.522913,0.581384,0.323444,0.356893,0.361774,0.562190,0.327582,0.241325,0.419434,0.351791,0.416514,0.661193,0.530854,0.562167,0.558880,0.493627,0.504559,0.700251,0.423678,0.439778,0.473264
2024-07-03,0.331657,0.494159,0.366607,0.709620,0.518183,0.532758,0.601481,0.605372,0.588891,0.715009,0.616254,0.410012,0.460997,0.545990,0.317482,0.535834,0.371680,0.324248,0.503330,0.421074,0.412375,0.761049,0.442723,0.603152,0.639598,0.573141,0.594184,0.627151,0.352572,0.609527,0.539327
2024-07-04,0.548817,0.448156,0.475480,0.651338,0.462390,0.485347,0.677974,0.681845,0.581600,0.642245,0.432869,0.306495,0.475132,0.352215,0.348624,0.582376,0.449802,0.332095,0.357193,0.436783,0.498052,0.633751,0.322117,0.643731,0.562205,0.493562,0.518651,0.667165,0.502834,0.380067,0.413163
2024-07-05,0.443943,0.568352,0.470722,0.731267,0.488505,0.553203,0.532887,0.619538,0.591276,0.618245,0.491629,0.407665,0.400474,0.330633,0.350923,0.610336,0.355306,0.329928,0.358592,0.462438,0.490664,0.630588,0.501209,0.631542,0.606711,0.663639,0.579972,0.663551,0.475013,0.469086,0.255285
2024-07-08,0.490108,0.435548,0.686150,0.690361,0.443268,0.470115,0.690821,0.433493,0.437765,0.614005,0.432587,0.417009,0.365653,0.367397,0.150730,0.690275,0.420625,0.447290,0.434632,0.464754,0.531465,0.625517,0.633948,0.632843,0.721383,0.515966,0.584789,0.667794,0.491080,0.377564,0.377201
2024-07-09,0.524823,0.399777,0.419071,0.772132,0.555107,0.548147,0.545247,0.536414,0.581416,0.808280,0.457024,0.492102,0.414720,0.494899,0.431409,0.573991,0.323212,0.302092,0.474593,0.492740,0.530925,0.654609,0.579376,0.538071,0.421230,0.582812,0.373501,0.602318,0.460746,0.476251,0.568109
2024-07-10,0.468703,0.328366,0.533740,0.639242,0.656103,0.602044,0.528913,0.523472,0.587992,0.592985,0.433182,0.458487,0.310901,0.466475,0.351435,0.610165,0.366294,0.459769,0.494966,0.435988,0.520984,0.721144,0.489519,0.588817,0.538174,0.633534,0.548542,0.576764,0.475974,0.363518,0.421513
2024-07-11,0.341235,0.547656,0.542297,0.679113,0.527453,0.735760,0.624624,0.509851,0.496366,0.514925,0.428605,0.410180,0.374855,0.298347,0.263724,0.612069,0.345369,0.414435,0.443960,0.415351,0.585644,0.671444,0.545544,0.537060,0.625781,0.555806,0.509489,0.692630,0.439095,0.288555,0.389041
2024-07-12,0.405921,0.554232,0.574339,0.616677,0.512015,0.520656,0.713130,0.582472,0.587087,0.666092,0.604139,0.245447,0.452174,0.331626,0.417888,0.488232,0.388100,0.420288,0.518357,0.483378,0.575226,0.853553,0.493014,0.531389,0.632167,0.489216,0.628539,0.572482,0.545184,0.442105,0.413278
2024-07-15,0.433615,0.459606,0.512772,0.601195,0.841847,0.602839,0.465121,0.579266,0.425640,0.585433,0.579404,0.382034,0.396229,0.320689,0.499309,0.354734,0.630806,0.372360,0.456007,0.530271,0.436617,0.568537,0.868528,0.561027,0.549040,0.513422,0.535542,0.533724,0.607169,0.496282,0.348068
2024-07-16,0.418936,0.422923,0.596017,0.497710,0.832567,0.582604,0.522593,0.378453,0.555077,0.533349,0.556814,0.535760,0.348686,0.246255,0.309314,0.399875,0.560628,0.389196,0.408607,0.553572,0.581779,0.516766,0.807285,0.455631,0.647533,0.629104,0.480842,0.662568,0.688858,0.395513,0.384768
2024-07-17,0.498042,0.491097,0.603145,0.571048,0.647462,0.650556,0.564920,0.606445,0.556558,0.445173,0.586145,0.288439,0.285902,0.369901,0.450485,0.294821,0.607105,0.473146,0.373738,0.364066,0.505084,0.636164,0.604487,0.621213,0.583982,0.610157,0.484939,0.525479,0.634460,0.420801,0.449617
2024-07-18,0.468960,0.423679,0.530348,0.636583,0.715078,0.486373,0.528812,0.538547,0.538299,0.474409,0.614328,0.427211,0.346305,0.319451,0.337450,0.484123,0.536034,0.421209,0.428099,0.473705,0.463756,0.625735,0.732206,0.469096,0.547000,0.558074,0.418770,0.501740,0.703655,0.527152,0.590376
2024-07-19,0.533906,0.586056,0.505011,0.555444,0.862035,0.453036,0.660963,0.427655,0.592763,0.502720,0.500706,0.551842,0.396877,0.403050,0.442828,0.360648,0.539593,0.446579,0.436131,0.478610,0.438881,0.584054,0.682174,0.576154,0.589441,0.469608,0.365312,0.358713,0.483635,0.363715,0.442623
2024-07-22,0.563992,0.494725,0.467161,0.543548,0.853210,0.446048,0.345835,0.445937,0.510328,0.409985,0.603615,0.355448,0.384915,0.412096,0.467909,0.477439,0.606777,0.368235,0.500972,0.544202,0.638676,0.450356,0.697569,0.702037,0.535325,0.577313,0.543203,0.426951,0.637302,0.565192,0.400102
2024-07-23,0.452714,0.506476,0.491866,0.532045,0.788941,0.623054,0.529332,0.468758,0.450361,0.449763,0.721396,0.422171,0.350950,0.468393,0.307653,0.275006,0.476741,0.386004,0.473018,0.484245,0.532815,0.640048,0.622229,0.581386,0.593245,0.636090,0.524061,0.362755,0.639204,0.463445,0.448012
2024-07-24,0.469475,0.556244,0.500984,0.523562,0.666707,0.559509,0.638008,0.592053,0.518070,0.389637,0.650811,0.422845,0.314723,0.350114,0.406616,0.522044,0.734904,0.431050,0.564784,0.557108,0.585988,0.616715,0.697574,0.472630,0.616214,0.556181,0.487607,0.492643,0.674982,0.406150,0.345530
2024-07-25,0.493385,0.557647,0.600136,0.560436,0.824631,0.534283,0.572661,0.434258,0.523885,0.582885,0.665739,0.301960,0.507454,0.502683,0.462656,0.455700,0.506926,0.365224,0.414110,0.516947,0.648535,0.545559,0.708526,0.440907,0.421511,0.474948,0.490159,0.296854,0.602899,0.484405,0.496194
2024-07-26,0.575556,0.541354,0.552498,0.490574,0.750076,0.717460,0.509081,0.576499,0.484349,0.436072,0.557982,0.399110,0.295858,0.206363,0.426204,0.352488,0.567032,0.418743,0.477858,0.436744,0.570213,0.485888,0.637329,0.429921,0.663900,0.470830,0.339338,0.476057,0.635523,0.460223,0.469910
2024-07-29,0.581826,0.445245,0.578236,0.697632,0.769312,0.587023,0.497568,0.444493,0.319506,0.353219,0.559969,0.309750,0.300310,0.395635,0.289720,0.267870,0.606942,0.514389,0.558917,0.506892,0.553145,0.489669,0.746650,0.554485,0.620820,0.500987,0.403710,0.556085,0.623740,0.497491,0.441696
2024-07-30,0.540096,0.499713,0.430821,0.444195,0.804992,0.570790,0.651381,0.560475,0.507884,0.376978,0.590599,0.292466,0.363187,0.385379,0.224938,0.404194,0.636173,0.474111,0.527362,0.604545,0.518724,0.590956,0.708978,0.528401,0.531093,0.566899,0.545481,0.418617,0.617307,0.464910,0.515564
2024-07-31,0.464619,0.517215,0.591563,0.601746,0.703361,0.588690,0.620576,0.586952,0.630673,0.408425,0.666998,0.365687,0.325766,0.335380,0.528232,0.473686,0.684611,0.545701,0.469821,0.480867,0.455001,0.575384,0.759079,0.552862,0.532888,0.520400,0.511829,0.577623,0.585286,0.595777,0.424522
2024-08-01,0.464667,0.531568,0.538310,0.517033,0.695419,0.550300,0.430958,0.545766,0.470035,0.562489,0.410538,0.344050,0.345579,0.432822,0.394245,0.405370,0.480910,0.425848,0.554933,0.450310,0.590517,0.518055,0.823182,0.547634,0.518367,0.487979,0.495440,0.426560,0.558155,0.406156,0.481913
2024-08-02,0.556358,0.441027,0.590871,0.552100,0.836136,0.495692,0.434816,0.377710,0.470855,0.344421,0.640940,0.383366,0.332657,0.276392,0.527305,0.483055,0.703038,0.418193,0.507307,0.529557,0.531126,0.456521,0.705667,0.608979,0.542258,0.426060,0.618266,0.500681,0.629257,0.305229,0.452889
2024-08-05,0.368220,0.552916,0.500490,0.468454,0.818163,0.522930,0.452235,0.410907,0.391928,0.399782,0.582060,0.306900,0.424022,0.431528,0.372539,0.367660,0.593671,0.444817,0.529664,0.599896,0.369480,0.514566,0.759610,0.368121,0.548100,0.362861,0.526911,0.370031,0.632607,0.376761,0.519187
2024-08-06,0.422096,0.689000,0.543003,0.560588,0.671497,0.505172,0.367092,0.447967,0.361226,0.455261,0.526679,0.548368,0.457664,0.438674,0.403620,0.396619,0.485242,0.539264,0.505136,0.602345,0.561052,0.471059,0.661337,0.388897,0.575835,0.473281,0.363864,0.464879,0.619245,0.544121,0.392657
2024-08-07,0.564205,0.577808,0.695502,0.667607,0.672990,0.599140,0.495874,0.377709,0.424320,0.421568,0.538472,0.463501,0.335924,0.525091,0.343392,0.456955,0.632193,0.415569,0.636298,0.638860,0.437848,0.636728,0.678621,0.485228,0.448776,0.467436,0.469201,0.478388,0.621053,0.520694,0.294107
2024-08-08,0.585365,0.581652,0.546999,0.581604,0.768571,0.480449,0.504618,0.495890,0.527879,0.400873,0.432197,0.319805,0.293443,0.330290,0.383294,0.461871,0.774767,0.489291,0.571455,0.513460,0.510887,0.581189,0.618930,0.594327,0.488630,0.349696,0.586529,0.453898,0.554429,0.447056,0.394835
2024-08-09,0.443895,0.515395,0.540220,0.554291,0.683245,0.621170,0.506857,0.363508,0.399595,0.448027,0.456641,0.282189,0.474418,0.486788,0.493055,0.342179,0.561195,0.458959,0.565349,0.503184,0.514158,0.461908,0.770158,0.538745,0.538398,0.560815,0.526402,0.450827,0.508595,0.576465,0.407178
2024-08-12,0.589528,0.603342,0.561999,0.452104,0.697236,0.465823,0.393967,0.378271,0.428534,0.245279,0.646988,0.489698,0.420845,0.429701,0.375881,0.471350,0.635766,0.517920,0.638169,0.564154,0.530434,0.486738,0.732926,0.371950,0.497568,0.378018,0.466522,0.582194,0.589502,0.477873,0.505918
2024-08-13,0.593216,0.600175,0.471885,0.553837,0.770064,0.497763,0.440414,0.412019,0.401450,0.411450,0.603853,0.291546,0.371353,0.291587,0.396746,0.498985,0.677182,0.407498,0.399991,0.497079,0.572947,0.508071,0.586002,0.426461,0.460443,0.367094,0.387978,0.443189,0.510675,0.516374,0.542902
2024-08-14,0.517683,0.618733,0.568734,0.483530,0.691166,0.474851,0.484899,0.364587,0.428543,0.410890,0.419327,0.373037,0.463444,0.385003,0.417239,0.510497,0.636304,0.611916,0.541413,0.557458,0.557349,0.585732,0.678257,0.521431,0.421051,0.435153,0.477986,0.480753,0.549273,0.305398,0.592919
2024-08-15,0.617832,0.557761,0.704900,0.656795,0.646121,0.594781,0.427305,0.445415,0.321806,0.383630,0.626254,0.370884,0.546293,0.515264,0.628777,0.511111,0.649046,0.454678,0.588709,0.566513,0.491140,0.459333,0.651138,0.565886,0.395572,0.479708,0.482088,0.491166,0.577573,0.432397,0.533713
2024-08-16,0.547346,0.521934,0.674893,0.541640,0.744599,0.501648,0.505229,0.371945,0.377561,0.415863,0.593963,0.437201,0.372739,0.403317,0.459614,0.378698,0.666327,0.543310,0.645599,0.506328,0.518556,0.410974,0.878296,0.438593,0.491219,0.391885,0.516687,0.510240,0.770452,0.478865,0.377535
2024-08-19,0.442275,0.568917,0.548041,0.503359,0.748062,0.623147,0.451949,0.427850,0.461553,0.298362,0.580414,0.397089,0.422307,0.490814,0.526664,0.457957,0.715192,0.353164,0.538315,0.516128,0.525150,0.540570,0.650857,0.608967,0.354079,0.525054,0.415120,0.407342,0.580858,0.370957,0.574839
2024-08-20,0.561197,0.571261,0.605519,0.584671,0.559627,0.431653,0.486255,0.316258,0.335239,0.400749,0.562296,0.445287,0.485895,0.345735,0.363404,0.494046,0.570854,0.559313,0.531169,0.477169,0.522824,0.463610,0.670993,0.567693,0.471520,0.409740,0.479960,0.393729,0.607319,0.350016,0.530629
2024-08-21,0.532091,0.587831,0.557064,0.573380,0.587039,0.422763,0.530776,0.415456,0.498274,0.284868,0.554751,0.313932,0.389676,0.434977,0.492561,0.504713,0.728535,0.658706,0.570292,0.509035,0.484793,0.492656,0.744626,0.516214,0.408278,0.520357,0.408149,0.415871,0.499460,0.376234,0.408652
2024-08-22,0.525352,0.597703,0.570217,0.606475,0.663351,0.488431,0.415500,0.541794,0.401487,0.319142,0.638508,0.463613,0.248692,0.535718,0.379494,0.413819,0.640434,0.471866,0.519412,0.518585,0.492214,0.646402,0.776086,0.493722,0.444371,0.442875,0.536589,0.600945,0.716712,0.452772,0.452655
2024-08-23,0.588747,0.526750,0.600726,0.604070,0.618522,0.539119,0.433241,0.288602,0.461926,0.419871,0.515672,0.464294,0.479606,0.377162,0.529371,0.428695,0.581874,0.526747,0.625882,0.575324,0.374232,0.565160,0.583182,0.572996,0.511732,0.440095,0.560475,0.487290,0.731582,0.393803,0.477999
2024-08-26,0.440254,0.597623,0.560576,0.583237,0.560500,0.634112,0.371304,0.475703,0.275037,0.511237,0.599677,0.405768,0.374040,0.418561,0.433417,0.528738,0.655638,0.479285,0.534879,0.408369,0.465145,0.457725,0.631765,0.332958,0.447423,0.385601,0.509649,0.421017,0.712462,0.596254,0.445857
2024-08-27,0.453950,0.601544,0.494079,0.460216,0.561061,0.339934,0.448495,0.506677,0.388790,0.482907,0.750268,0.430482,0.465485,0.504217,0.466497,0.455590,0.756072,0.572276,0.384103,0.582298,0.501069,0.417246,0.709517,0.524368,0.450098,0.512999,0.434048,0.463740,0.625959,0.507731,0.488736
2024-08-28,0.706426,0.640173,0.369222,0.575864,0.730531,0.358963,0.395017,0.344091,0.285823,0.387443,0.585078,0.471036,0.457885,0.419153,0.516633,0.420126,0.700710,0.495292,0.531144,0.379743,0.415567,0.561674,0.690395,0.525012,0.340491,0.482269,0.450154,0.454583,0.764854,0.370295,0.436983
2024-08-29,0.630142,0.525730,0.492545,0.376244,0.566686,0.479208,0.446744,0.431373,0.382047,0.367246,0.623741,0.449297,0.362541,0.434616,0.425039,0.572381,0.732614,0.536513,0.507609,0.448315,0.509231,0.428204,0.701290,0.478939,0.486877,0.576739,0.488997,0.361068,0.598045,0.499082,0.493075
2024-08-30,0.640700,0.564073,0.533289,0.520526,0.642889,0.444193,0.364884,0.400649,0.417269,0.358692,0.622895,0.439702,0.493714,0.450921,0.494942,0.438927,0.613231,0.657818,0.405853,0.378863,0.469692,0.455123,0.641344,0.496265,0.419830,0.523141,0.499777,0.427633,0.770154,0.575098,0.370101
2024-09-02,0.611685,0.610818,0.555720,0.444944,0.473015,0.340221,0.524047,0.452335,0.365044,0.402770,0.637969,0.509867,0.522661,0.438224,0.355943,0.511941,0.685805,0.551907,0.660472,0.574595,0.510061,0.521450,0.701662,0.511007,0.460111,0.561747,0.425483,0.541364,0.623343,0.534028,0.410002
2024-09-03,0.621398,0.505650,0.563837,0.586612,0.566653,0.391409,0.406200,0.440229,0.418509,0.380728,0.569368,0.435637,0.489656,0.543174,0.465012,0.591604,0.595303,0.498102,0.532407,0.682546,0.542922,0.456585,0.521611,0.529066,0.506366,0.473787,0.522121,0.398078,0.595439,0.448716,0.460672
2024-09-04,0.564909,0.585849,0.508613,0.473402,0.641877,0.400460,0.359384,0.514444,0.414322,0.403140,0.462642,0.428821,0.451627,0.435281,0.431301,0.374936,0.659636,0.450805,0.568978,0.382143,0.614171,0.344220,0.633777,0.344224,0.427040,0.417825,0.428183,0.451416,0.678277,0.403878,0.483917
2024-09-05,0.663478,0.478491,0.402046,0.387438,0.672920,0.462724,0.308578,0.404393,0.498001,0.334727,0.536320,0.339559,0.467415,0.454458,0.503960,0.529238,0.693927,0.577473,0.464496,0.550046,0.522991,0.485383,0.567722,0.461298,0.497160,0.493988,0.429183,0.635105,0.707012,0.518719,0.552532
2024-09-06,0.639461,0.649919,0.529122,0.543154,0.577339,0.350174,0.383022,0.437736,0.425202,0.451545,0.484011,0.477223,0.535894,0.490393,0.449653,0.593373,0.633310,0.478472,0.497929,0.529253,0.545062,0.528264,0.659683,0.556368,0.452879,0.511121,0.389696,0.545537,0.741697,0.448540,0.574165
2024-09-09,0.720299,0.540550,0.444766,0.479679,0.411133,0.621713,0.345081,0.464671,0.451173,0.442484,0.367761,0.526354,0.422662,0.519101,0.413988,0.583442,0.492424,0.635980,0.386604,0.510993,0.518635,0.551071,0.331078,0.762872,0.545306,0.480944,0.413079,0.433473,0.318593,0.612059,0.431193
2024-09-10,0.479535,0.535445,0.446299,0.455472,0.499919,0.607022,0.239098,0.327627,0.474011,0.308770,0.317702,0.500659,0.567519,0.593432,0.644100,0.607399,0.443193,0.668867,0.521365,0.595229,0.512694,0.475135,0.567345,0.719861,0.523054,0.439783,0.546197,0.451125,0.548676,0.614902,0.482017
2024-09-11,0.679844,0.528406,0.469197,0.468333,0.352750,0.670226,0.404010,0.414860,0.320358,0.446760,0.560406,0.629529,0.330726,0.483612,0.537432,0.445196,0.504397,0.776094,0.583087,0.474790,0.580268,0.540025,0.528941,0.695074,0.543503,0.461326,0.545170,0.457182,0.565400,0.713821,0.398453
2024-09-12,0.535139,0.517693,0.473716,0.569030,0.323830,0.757371,0.487741,0.366512,0.405751,0.462225,0.474678,0.652806,0.586038,0.556271,0.521934,0.484567,0.558246,0.618083,0.471978,0.684256,0.533356,0.409015,0.472922,0.557472,0.427327,0.390658,0.421378,0.615876,0.542481,0.588812,0.295312
2024-09-13,0.564660,0.624154,0.506257,0.311714,0.357679,0.719718,0.374432,0.344656,0.355351,0.313368,0.508752,0.626129,0.434484,0.503534,0.511126,0.285580,0.455856,0.663455,0.617903,0.534453,0.395374,0.528033,0.528877,0.620382,0.466268,0.436594,0.542564,0.514959,0.435121,0.659478,0.564704
2024-09-16,0.490843,0.554360,0.642443,0.365508,0.297183,0.567364,0.444542,0.301203,0.357217,0.481585,0.395999,0.670663,0.458523,0.476197,0.596878,0.467787,0.460181,0.678129,0.481704,0.545715,0.455667,0.460577,0.472122,0.752767,0.444406,0.491889,0.643772,0.494321,0.497694,0.733355,0.287260
2024-09-17,0.637242,0.523823,0.444111,0.418321,0.320637,0.573625,0.335537,0.406954,0.479599,0.416501,0.490599,0.687864,0.539529,0.394742,0.339211,0.595638,0.531155,0.515724,0.461303,0.356171,0.528809,0.472259,0.454070,0.783226,0.389940,0.410528,0.515311,0.469235,0.542045,0.642632,0.459086
2024-09-18,0.487900,0.572102,0.469879,0.423879,0.426343,0.634233,0.455872,0.358696,0.303225,0.547305,0.418812,0.578396,0.634538,0.462571,0.455354,0.511404,0.564512,0.635425,0.539287,0.527143,0.473357,0.497725,0.455475,0.721449,0.559270,0.558714,0.417337,0.344917,0.348513,0.687891,0.509331
2024-09-19,0.551422,0.483605,0.572195,0.539126,0.343733,0.599899,0.322951,0.378204,0.453469,0.419263,0.462319,0.622986,0.378988,0.387904,0.388668,0.459084,0.539661,0.737247,0.421579,0.688643,0.523149,0.451720,0.516194,0.668799,0.520440,0.468565,0.474060,0.462499,0.550358,0.666029,0.462040
2024-09-20,0.471315,0.411789,0.456733,0.322097,0.404430,0.588932,0.393002,0.373113,0.460126,0.409520,0.476375,0.800399,0.478211,0.418714,0.472481,0.563703,0.469635,0.571127,0.483177,0.570752,0.580000,0.403513,0.537791,0.618821,0.614600,0.467968,0.443102,0.475050,0.410941,0.645147,0.330872
2024-09-23,0.599684,0.548563,0.399344,0.470709,0.411602,0.448590,0.435441,0.453149,0.413680,0.471508,0.555691,0.721730,0.462063,0.453128,0.427336,0.402094,0.583824,0.786762,0.489227,0.511193,0.551341,0.505249,0.444912,0.643008,0.533478,0.518294,0.489637,0.549674,0.505178,0.558381,0.429255
2024-09-24,0.543406,0.408809,0.379858,0.459421,0.329842,0.618371,0.262723,0.480606,0.348812,0.412314,0.405257,0.688988,0.552967,0.470925,0.392562,0.519164,0.518773,0.788429,0.466404,0.503270,0.496303,0.600092,0.533707,0.782963,0.439175,0.566792,0.569977,0.417208,0.448097,0.614459,0.476101
2024-09-25,0.552988,0.504488,0.433119,0.413213,0.461529,0.617185,0.550315,0.409148,0.430460,0.406294,0.364702,0.595521,0.460111,0.542636,0.541118,0.505390,0.495356,0.553341,0.487857,0.514076,0.465902,0.579142,0.474309,0.708684,0.484902,0.420671,0.580777,0.412626,0.437539,0.613487,0.510136
2024-09-26,0.486305,0.461526,0.454770,0.476047,0.430338,0.551706,0.456904,0.510094,0.282790,0.639106,0.447036,0.629028,0.429979,0.483815,0.496702,0.472998,0.350446,0.688754,0.565478,0.503948,0.521932,0.491311,0.563990,0.623189,0.450003,0.529985,0.515658,0.384605,0.527317,0.657853,0.474067
2024-09-27,0.439187,0.432145,0.455920,0.337059,0.364476,0.556778,0.438380,0.503565,0.585029,0.383224,0.363941,0.596907,0.423665,0.579531,0.507894,0.504901,0.557158,0.607527,0.333362,0.541102,0.544448,0.471354,0.563232,0.787223,0.405284,0.436851,0.472715,0.547699,0.420139,0.532327,0.346907
2024-09-30,0.470391,0.519400,0.535573,0.311821,0.448017,0.566308,0.430541,0.387577,0.301367,0.549510,0.477298,0.651288,0.570460,0.558685,0.514177,0.519897,0.559965,0.589606,0.483757,0.466036,0.506441,0.503116,0.480649,0.736056,0.550877,0.418264,0.563919,0.374242,0.659321,0.613787,0.499204
2024-10-01,0.453246,0.507880,0.507774,0.432561,0.501422,0.639622,0.359612,0.460465,0.366822,0.480485,0.552978,0.635712,0.516530,0.529701,0.404534,0.530378,0.528387,0.720801,0.537037,0.557790,0.628654,0.431738,0.449338,0.631027,0.518374,0.536224,0.507630,0.344033,0.449131,0.504225,0.319760
2024-10-02,0.343844,0.277784,0.539656,0.358809,0.458479,0.607886,0.445663,0.443650,0.354600,0.467697,0.423532,0.733086,0.481195,0.590907,0.505900,0.503937,0.392202,0.734200,0.472292,0.508909,0.431319,0.577429,0.441044,0.639179,0.533762,0.632763,0.532649,0.318634,0.424967,0.580496,0.409202
2024-10-03,0.490697,0.385424,0.406417,0.518895,0.432438,0.617309,0.486098,0.469253,0.396648,0.511865,0.508234,0.597852,0.405384,0.453586,0.392969,0.520616,0.448744,0.694230,0.527455,0.453867,0.541553,0.450203,0.498795,0.698890,0.552837,0.452600,0.442825,0.271860,0.404085,0.600290,0.362320
2024-10-04,0.553775,0.391507,0.479055,0.386819,0.378640,0.798679,0.429237,0.451288,0.388273,0.438813,0.455704,0.585654,0.398005,0.484196,0.544034,0.461988,0.562100,0.623782,0.398776,0.522962,0.520472,0.368784,0.536073,0.746535,0.410433,0.489411,0.468226,0.403850,0.436712,0.546731,0.516598
2024-10-07,0.507176,0.508756,0.435065,0.316723,0.460354,0.681774,0.454294,0.354761,0.490662,0.401752,0.468285,0.754056,0.452094,0.561224,0.569162,0.547121,0.532965,0.698979,0.360459,0.558648,0.566193,0.503687,0.462320,0.634706,0.423562,0.419048,0.447998,0.465323,0.390833,0.559237,0.419487
2024-10-08,0.417095,0.537830,0.453698,0.389786,0.394737,0.570622,0.505086,0.490706,0.489603,0.421652,0.390670,0.775674,0.411129,0.409497,0.494567,0.463688,0.540740,0.656849,0.502751,0.404111,0.468019,0.529100,0.460085,0.583877,0.474704,0.523070,0.588241,0.482582,0.319525,0.583457,0.326548
2024-10-09,0.413529,0.481375,0.345440,0.347537,0.378572,0.593984,0.464795,0.377230,0.375064,0.602277,0.492222,0.512219,0.496788,0.477137,0.391510,0.462354,0.603308,0.754912,0.473577,0.551163,0.556854,0.589334,0.448602,0.665701,0.379973,0.574613,0.451248,0.334814,0.501017,0.537517,0.321135
2024-10-10,0.376255,0.500015,0.505518,0.532076,0.459438,0.816241,0.435293,0.339698,0.438110,0.486278,0.532913,0.709746,0.461966,0.269790,0.512158,0.566338,0.387023,0.720537,0.371143,0.524939,0.526128,0.545856,0.555699,0.690348,0.506917,0.527868,0.522637,0.505161,0.480329,0.667991,0.430598
2024-10-11,0.365191,0.416341,0.362948,0.425493,0.506144,0.633102,0.398317,0.433566,0.441456,0.511147,0.538604,0.646567,0.506572,0.472114,0.545054,0.431153,0.499723,0.680863,0.512189,0.555377,0.584403,0.494346,0.571322,0.632133,0.513191,0.483585,0.502807,0.429422,0.312311,0.736041,0.359699
2024-10-14,0.602209,0.511319,0.539422,0.469842,0.410510,0.469112,0.420667,0.605646,0.458731,0.538612,0.607524,0.712860,0.519678,0.378427,0.425670,0.468272,0.530892,0.595863,0.341695,0.432594,0.547003,0.465088,0.574906,0.635568,0.458182,0.530855,0.541505,0.517249,0.408335,0.466443,0.444483
2024-10-15,0.415730,0.438038,0.254297,0.513328,0.366190,0.666895,0.260296,0.479642,0.466098,0.467595,0.513109,0.740304,0.463992,0.580078,0.491757,0.392343,0.408410,0.649365,0.474832,0.609492,0.357092,0.610901,0.493539,0.659036,0.431542,0.649363,0.482525,0.454585,0.506815,0.532911,0.395286
2024-10-16,0.413615,0.411054,0.379377,0.451121,0.413304,0.590294,0.203372,0.593066,0.380583,0.518550,0.476667,0.693635,0.320660,0.323814,0.417275,0.358563,0.545221,0.728752,0.607529,0.438854,0.580620,0.614894,0.456181,0.687132,0.518995,0.433647,0.390099,0.284734,0.392347,0.627938,0.502713
2024-10-17,0.534476,0.394990,0.418446,0.473961,0.482749,0.653417,0.437537,0.561320,0.483177,0.520195,0.427900,0.673120,0.424765,0.470926,0.582514,0.425328,0.571712,0.742930,0.564061,0.410044,0.436935,0.496727,0.500117,0.532441,0.402133,0.560595,0.332172,0.436809,0.408143,0.610403,0.372255
2024-10-18,0.320225,0.436025,0.433232,0.473873,0.509910,0.679391,0.486232,0.596057,0.272767,0.563620,0.468763,0.641200,0.410179,0.483972,0.511585,0.427529,0.563201,0.753110,0.524334,0.575587,0.484030,0.402567,0.575447,0.644202,0.518120,0.491640,0.556279,0.294766,0.373061,0.629205,0.394947
2024-10-21,0.460994,0.370963,0.434252,0.521295,0.373855,0.686115,0.416256,0.401298,0.532523,0.508922,0.553520,0.675274,0.380801,0.431049,0.552355,0.561381,0.466282,0.678865,0.483697,0.526975,0.518283,0.655213,0.529009,0.683410,0.396662,0.374913,0.271988,0.461009,0.524260,0.542802,0.366135
2024-10-22,0.478006,0.450152,0.426612,0.348696,0.348520,0.724342,0.375885,0.547366,0.350170,0.426708,0.560043,0.638505,0.453894,0.303609,0.538937,0.339708,0.404175,0.663965,0.429017,0.442504,0.690716,0.434762,0.497762,0.691160,0.384433,0.343030,0.452873,0.420349,0.440290,0.573648,0.362907
2024-10-23,0.443001,0.378683,0.496718,0.533682,0.336727,0.719939,0.446729,0.567463,0.547962,0.431322,0.312827,0.693307,0.510983,0.495920,0.461170,0.569393,0.496010,0.602323,0.490362,0.578018,0.557892,0.487326,0.595257,0.664640,0.625522,0.455248,0.514320,0.286351,0.417354,0.543848,0.303514
2024-10-24,0.427881,0.409510,0.496281,0.609655,0.433799,0.617143,0.540895,0.428890,0.502644,0.463823,0.412522,0.507408,0.483107,0.410181,0.417803,0.474420,0.510748,0.603721,0.490038,0.440253,0.614144,0.566890,0.509725,0.774113,0.445697,0.463759,0.441404,0.278956,0.468067,0.629334,0.301625
2024-10-25,0.454432,0.559163,0.511086,0.477947,0.424759,0.643135,0.408456,0.457282,0.479655,0.366784,0.536020,0.718846,0.399992,0.521975,0.354133,0.507598,0.515491,0.813998,0.479130,0.663959,0.438231,0.443502,0.518432,0.805916,0.507969,0.332829,0.501900,0.450391,0.422003,0.476294,0.517682
2024-10-28,0.418023,0.384508,0.387432,0.541609,0.456957,0.634649,0.551605,0.498436,0.372473,0.393079,0.468317,0.614627,0.506461,0.459240,0.357158,0.386670,0.414590,0.632107,0.582680,0.494503,0.457969,0.590937,0.468933,0.647646,0.454225,0.405031,0.439584,0.291936,0.309064,0.554805,0.443173
2024-10-29,0.381817,0.448539,0.516312,0.443837,0.381490,0.616726,0.534140,0.489965,0.429770,0.458194,0.365176,0.785145,0.383090,0.421776,0.522581,0.471881,0.565516,0.725022,0.528103,0.626163,0.541962,0.579425,0.532015,0.673527,0.462427,0.297817,0.360822,0.305699,0.267144,0.620875,0.361879
2024-10-30,0.526901,0.430487,0.449171,0.398956,0.486876,0.471301,0.430087,0.528402,0.405106,0.450034,0.539499,0.720405,0.349127,0.476409,0.445632,0.400208,0.452417,0.675356,0.609545,0.548860,0.612055,0.553418,0.632448,0.694421,0.405901,0.330279,0.504590,0.249438,0.404806,0.656291,0.298098
2024-10-31,0.378535,0.507681,0.456040,0.500649,0.391939,0.672116,0.496556,0.372479,0.527693,0.428967,0.308694,0.601633,0.489269,0.398229,0.441707,0.479892,0.502519,0.674664,0.518655,0.506416,0.603264,0.502920,0.593441,0.721109,0.371993,0.457481,0.413101,0.261547,0.507091,0.567696,0.381379
2024-11-01,0.440992,0.410488,0.523969,0.505832,0.558595,0.488605,0.562754,0.409671,0.392263,0.487800,0.317109,0.588670,0.506843,0.369437,0.498811,0.528684,0.435857,0.671022,0.642209,0.691523,0.592479,0.558710,0.522062,0.657779,0.468586,0.446329,0.445697,0.318356,0.480135,0.508399,0.439738
2024-11-04,0.584537,0.404283,0.356853,0.351524,0.503756,0.519815,0.687126,0.376140,0.289968,0.464407,0.394189,0.457368,0.591730,0.424331,0.400841,0.520463,0.516879,0.538208,0.618179,0.552734,0.627877,0.431475,0.486520,0.518213,0.642922,0.480660,0.393532,0.333586,0.409317,0.333309,0.541893
2024-11-05,0.626974,0.495211,0.600463,0.549943,0.489610,0.395891,0.617358,0.415478,0.509869,0.419638,0.381573,0.385282,0.532716,0.489514,0.457043,0.341397,0.479858,0.505052,0.670752,0.602222,0.405398,0.631143,0.455456,0.407410,0.577635,0.325516,0.421294,0.173397,0.348174,0.428492,0.650405
2024-11-06,0.578384,0.407169,0.301561,0.480044,0.444437,0.486180,0.667883,0.309825,0.476582,0.502713,0.546807,0.482566,0.650887,0.406980,0.526326,0.536889,0.435398,0.480163,0.687825,0.501290,0.501952,0.518726,0.596282,0.545406,0.559667,0.427922,0.436822,0.391044,0.312587,0.355396,0.451703
2024-11-07,0.455363,0.577155,0.420274,0.344781,0.374534,0.409607,0.633994,0.432635,0.407649,0.475642,0.432861,0.367578,0.592193,0.547431,0.504376,0.462475,0.481721,0.486599,0.715177,0.501991,0.443154,0.604690,0.475063,0.513089,0.535946,0.367791,0.368826,0.341717,0.351885,0.287686,0.549259
2024-11-08,0.600824,0.566439,0.394888,0.398436,0.460316,0.387094,0.680068,0.418643,0.342835,0.514649,0.340845,0.472806,0.428185,0.462202,0.522091,0.412045,0.366834,0.513705,0.827319,0.498765,0.481429,0.572963,0.526170,0.307941,0.645986,0.353036,0.413068,0.222099,0.355384,0.420684,0.753095
2024-11-11,0.530253,0.356517,0.444137,0.475907,0.407735,0.475364,0.609893,0.546010,0.378849,0.301641,0.490045,0.402237,0.436797,0.473033,0.610650,0.443025,0.539407,0.523264,0.726339,0.543559,0.444477,0.563827,0.516111,0.417301,0.574813,0.430148,0.462001,0.372338,0.310816,0.306328,0.548784
2024-11-12,0.772729,0.449119,0.416710,0.473565,0.474258,0.475113,0.554799,0.375047,0.560375,0.336088,0.480079,0.568570,0.521810,0.522677,0.517267,0.398517,0.553693,0.454328,0.744571,0.484616,0.474424,0.484947,0.431855,0.438853,0.556520,0.555669,0.378903,0.358564,0.245571,0.459878,0.464987
2024-11-13,0.611676,0.461158,0.279370,0.417702,0.490484,0.362083,0.668288,0.310897,0.255950,0.461747,0.382572,0.405423,0.543688,0.454057,0.438843,0.579984,0.593324,0.596209,0.770722,0.468221,0.591411,0.533949,0.420552,0.549696,0.692093,0.392986,0.403352,0.535121,0.442932,0.332745,0.612919
2024-11-14,0.511693,0.475834,0.453720,0.412340,0.594020,0.499665,0.579394,0.412448,0.381616,0.350398,0.495847,0.473417,0.630658,0.487407,0.447426,0.496013,0.491427,0.483434,0.734723,0.547703,0.543571,0.543498,0.463195,0.424451,0.603473,0.387176,0.434288,0.438441,0.348595,0.352508,0.629819
2024-11-15,0.738333,0.502566,0.406794,0.527782,0.484772,0.636555,0.659845,0.524820,0.369673,0.545458,0.435799,0.456997,0.522276,0.552874,0.434129,0.439556,0.568224,0.435489,0.752371,0.682629,0.626761,0.520652,0.542064,0.510566,0.590369,0.239529,0.347788,0.340981,0.419298,0.415743,0.625826
2024-11-18,0.635189,0.444675,0.510721,0.489510,0.539946,0.461531,0.554889,0.380967,0.468647,0.391388,0.491809,0.423528,0.606585,0.541130,0.408476,0.529966,0.570653,0.554303,0.642827,0.620431,0.587095,0.460645,0.505843,0.411079,0.526804,0.356025,0.283735,0.258984,0.361503,0.264591,0.692341
2024-11-19,0.664656,0.536980,0.455769,0.468835,0.540100,0.513141,0.693548,0.432536,0.275757,0.575390,0.267665,0.394079,0.533026,0.592997,0.542892,0.511131,0.474420,0.588470,0.663358,0.747970,0.396241,0.550236,0.547724,0.633147,0.556444,0.302511,0.419810,0.350357,0.388842,0.309644,0.605618
2024-11-20,0.617656,0.404505,0.477372,0.416118,0.570847,0.434280,0.642979,0.438374,0.414770,0.438536,0.387847,0.412264,0.668467,0.440116,0.388499,0.397100,0.474581,0.554446,0.594011,0.565861,0.522114,0.425960,0.480929,0.422344,0.662430,0.309176,0.390980,0.426254,0.420385,0.359761,0.498349
2024-11-21,0.709326,0.511926,0.511458,0.463442,0.516144,0.455247,0.649348,0.460381,0.570743,0.343970,0.425472,0.363243,0.753928,0.467223,0.574529,0.605453,0.524544,0.454307,0.711404,0.634205,0.426985,0.471037,0.449720,0.385635,0.506340,0.309017,0.356234,0.319103,0.495437,0.266545,0.495122
2024-11-22,0.748010,0.489682,0.473379,0.481901,0.586520,0.517052,0.727460,0.361461,0.431906,0.415515,0.411907,0.367803,0.535541,0.414878,0.450974,0.613843,0.556933,0.503412,0.686240,0.652825,0.584464,0.443087,0.302840,0.502806,0.569183,0.397756,0.343320,0.284511,0.458614,0.373751,0.544057
2024-11-25,0.642729,0.486616,0.346044,0.514420,0.419991,0.354718,0.627157,0.479903,0.413631,0.438860,0.456766,0.458123,0.537741,0.545728,0.465353,0.466673,0.654690,0.503425,0.753944,0.583662,0.463425,0.399139,0.464571,0.452780,0.609806,0.428120,0.225924,0.309456,0.464999,0.460357,0.589576
2024-11-26,0.719008,0.509355,0.444372,0.466432,0.412621,0.325399,0.560290,0.419984,0.446695,0.452244,0.217378,0.466541,0.624207,0.472395,0.521084,0.428728,0.569906,0.487765,0.809260,0.502926,0.674601,0.430040,0.434856,0.499913,0.519786,0.407454,0.202935,0.393616,0.402160,0.397808,0.605674
2024-11-27,0.677588,0.439883,0.416467,0.335075,0.535939,0.371972,0.665174,0.400135,0.353833,0.387755,0.357645,0.397131,0.516176,0.568805,0.452412,0.557699,0.542849,0.539924,0.731571,0.492912,0.509040,0.373110,0.502492,0.375358,0.593986,0.296942,0.265502,0.354596,0.336367,0.407177,0.682111
2024-11-28,0.626531,0.443397,0.441466,0.427859,0.482774,0.332245,0.635673,0.522851,0.318073,0.315347,0.451602,0.326136,0.661850,0.484147,0.611561,0.648210,0.565200,0.549507,0.825781,0.514592,0.481013,0.459401,0.506291,0.414533,0.557427,0.351393,0.399855,0.478213,0.489488,0.442816,0.639248
2024-11-29,0.550592,0.572035,0.563713,0.414352,0.479584,0.472657,0.646622,0.479968,0.345662,0.532724,0.434659,0.454673,0.574773,0.519023,0.529203,0.620012,0.592552,0.527753,0.700272,0.502500,0.571823,0.487257,0.325871,0.248020,0.434413,0.416499,0.269606,0.383716,0.512998,0.485472,0.659056
2024-12-02,0.655331,0.562681,0.401121,0.436395,0.369236,0.404430,0.448131,0.355605,0.398813,0.473668,0.479828,0.385745,0.571804,0.548438,0.490083,0.606414,0.566726,0.542380,0.777159,0.383058,0.363372,0.493364,0.539625,0.389723,0.533767,0.419311,0.372721,0.369295,0.611570,0.327253,0.815805
2024-12-03,0.569543,0.422069,0.522706,0.482232,0.366481,0.234473,0.542628,0.380017,0.455436,0.438905,0.534139,0.383905,0.700737,0.565325,0.492517,0.541427,0.439871,0.546835,0.805537,0.496650,0.522628,0.425203,0.389389,0.385232,0.495705,0.306746,0.328927,0.247435,0.387057,0.495081,0.557961
2024-12-04,0.732858,0.445190,0.571520,0.416068,0.422118,0.522235,0.607972,0.410802,0.359769,0.344135,0.377987,0.470008,0.729322,0.477057,0.399100,0.563253,0.590949,0.711100,0.639771,0.590503,0.546316,0.433031,0.320508,0.379906,0.578893,0.474006,0.457068,0.256264,0.302482,0.500421,0.672505
2024-12-05,0.729683,0.421369,0.288819,0.467671,0.285550,0.351096,0.613774,0.436402,0.471639,0.414280,0.324684,0.382944,0.825589,0.449062,0.530915,0.506680,0.474306,0.588189,0.774703,0.524648,0.387742,0.453178,0.372883,0.362826,0.519723,0.346029,0.239898,0.442691,0.440739,0.479328,0.602263
2024-12-06,0.608397,0.483617,0.487469,0.457504,0.304855,0.495772,0.579504,0.490571,0.375930,0.404445,0.407319,0.392925,0.642893,0.515612,0.442105,0.567600,0.584882,0.581019,0.727934,0.557884,0.470985,0.491120,0.266451,0.410724,0.560883,0.307074,0.469734,0.273578,0.464401,0.406518,0.768851
2024-12-09,0.687595,0.310769,0.426424,0.522105,0.364721,0.335870,0.633229,0.520899,0.441808,0.430732,0.361682,0.439412,0.632779,0.453841,0.710591,0.516666,0.697630,0.588014,0.757902,0.640781,0.529260,0.418254,0.330311,0.388705,0.486111,0.267761,0.253314,0.284431,0.469951,0.579041,0.656211
2024-12-10,0.601204,0.524374,0.510312,0.394653,0.324823,0.534405,0.500004,0.428087,0.542629,0.350081,0.410513,0.493118,0.704338,0.392886,0.474006,0.556452,0.668537,0.553185,0.603514,0.555181,0.435071,0.416354,0.394013,0.402858,0.613933,0.466576,0.466828,0.357522,0.364158,0.547721,0.652354
2024-12-11,0.700270,0.505712,0.565765,0.474078,0.444938,0.370525,0.612056,0.392478,0.329559,0.521666,0.407103,0.539110,0.675776,0.375724,0.582705,0.342398,0.607719,0.517330,0.704534,0.428564,0.429831,0.515548,0.283488,0.489413,0.555709,0.381162,0.505068,0.493110,0.445528,0.407944,0.472635
2024-12-12,0.745619,0.486302,0.502205,0.486192,0.436490,0.456989,0.463198,0.417303,0.324391,0.608057,0.364265,0.474219,0.652508,0.520732,0.542969,0.582821,0.412313,0.610038,0.714242,0.409241,0.473771,0.459781,0.397512,0.365685,0.558620,0.468225,0.256853,0.356922,0.460853,0.450299,0.762827
2024-12-13,0.663209,0.357279,0.450648,0.505545,0.422818,0.248934,0.536628,0.393196,0.415478,0.376093,0.370094,0.532406,0.463641,0.487254,0.555068,0.602522,0.503129,0.562942,0.755730,0.535199,0.564670,0.413490,0.409435,0.397507,0.597806,0.467442,0.352133,0.406775,0.430970,0.461068,0.785079
2024-12-16,0.727162,0.333711,0.511718,0.378237,0.380975,0.366350,0.515854,0.301710,0.369710,0.415294,0.439530,0.374403,0.661768,0.542716,0.548269,0.533608,0.488018,0.444100,0.621846,0.509428,0.405283,0.399079,0.410919,0.295926,0.479398,0.430995,0.224349,0.324402,0.331406,0.513174,0.695123
2024-12-17,0.696593,0.443845,0.372604,0.502665,0.437343,0.291934,0.624659,0.428050,0.322347,0.546015,0.470058,0.428328,0.798597,0.666758,0.633787,0.546454,0.483335,0.509235,0.746883,0.574947,0.440383,0.424787,0.192239,0.318679,0.551671,0.354685,0.349024,0.474298,0.452386,0.532007,0.713785
2024-12-18,0.655403,0.552662,0.488883,0.491489,0.529089,0.395886,0.567472,0.451231,0.413744,0.458064,0.437049,0.466543,0.748184,0.573151,0.628805,0.604357,0.453208,0.509267,0.808334,0.477266,0.398257,0.435251,0.311702,0.365115,0.598823,0.375843,0.403127,0.459150,0.344452,0.581426,0.771128
2024-12-19,0.519379,0.400657,0.513238,0.412501,0.362005,0.367866,0.620784,0.408664,0.378239,0.444088,0.466256,0.463198,0.662335,0.606134,0.540794,0.543378,0.587487,0.605756,0.710728,0.471858,0.370419,0.394913,0.309334,0.302850,0.531717,0.294998,0.464083,0.434636,0.540202,0.429040,0.711305
2024-12-20,0.652088,0.517136,0.543156,0.434276,0.442679,0.371370,0.598064,0.412625,0.397915,0.460334,0.455091,0.412690,0.668246,0.584721,0.536800,0.564352,0.534154,0.514351,0.645172,0.456531,0.209316,0.353237,0.188337,0.456353,0.481001,0.298040,0.352367,0.298183,0.474783,0.577833,0.645097
2024-12-23,0.660171,0.446240,0.489318,0.467788,0.432236,0.393464,0.515398,0.338889,0.407230,0.445769,0.478671,0.324205,0.747558,0.532635,0.587183,0.569656,0.533623,0.329304,0.655983,0.596784,0.635553,0.390351,0.218229,0.360900,0.509183,0.387508,0.389003,0.340032,0.462995,0.548766,0.705912
2024-12-24,0.665322,0.479874,0.455413,0.456802,0.404542,0.416298,0.420193,0.354658,0.506814,0.446533,0.519752,0.495073,0.624057,0.491186,0.550260,0.579114,0.504539,0.538005,0.678957,0.459371,0.343911,0.284655,0.446308,0.489508,0.567697,0.409255,0.493318,0.529596,0.536471,0.579125,0.688060
2024-12-25,0.778080,0.480474,0.413009,0.265281,0.540734,0.455317,0.591521,0.351456,0.401787,0.393315,0.502286,0.442238,0.700035,0.604058,0.493576,0.559706,0.597976,0.520207,0.676750,0.389020,0.346847,0.377390,0.415700,0.290847,0.664170,0.465821,0.313494,0.508651,0.513447,0.585254,0.676891
2024-12-26,0.665618,0.420104,0.388898,0.460339,0.329802,0.350963,0.490022,0.397640,0.479175,0.498307,0.454890,0.507899,0.761471,0.620677,0.588046,0.719205,0.516629,0.574223,0.635159,0.323538,0.415601,0.347688,0.391767,0.323025,0.502350,0.497221,0.401832,0.448198,0.467430,0.562689,0.749274
2024-12-27,0.605901,0.544935,0.365742,0.403501,0.540700,0.405980,0.675332,0.215861,0.450455,0.463051,0.593268,0.573289,0.708033,0.542392,0.616278,0.604014,0.579446,0.372866,0.550283,0.390068,0.367722,0.364539,0.364558,0.275932,0.649155,0.292165,0.587782,0.547841,0.515539,0.522852,0.768804
