date,Agriculture,Coal,Petrochemical,Steel,Nonferrous,Electronics,HomeAppliance,FoodBeverage,Textile,LightManufacturing,Pharma,Utilities,Transportation,RealEstate,Retail,SocialService,Media,Bank,NonBankFinance,Automotive,Machinery,Defense,Computer,Communication,Chemical,BuildingMaterials,Construction,PowerEquipment,Environmental,BeautyCare,Integrated
2023-01-02,0.000000,0.000000,0.000000,0.000000,0.000000,0.000000,0.000000,0.000000,0.000000,0.000000,0.000000,0.000000,0.000000,0.000000,0.000000,0.000000,0.000000,0.000000,0.000000,0.000000,0.000000,0.000000,0.000000,0.000000,0.000000,0.000000,0.000000,0.000000,0.000000,0.000000,0.000000
2023-01-03,0.401296,0.059844,0.035399,0.169084,-0.007176,0.013454,0.505150,0.151456,-0.302201,-0.133734,-0.071172,-0.162626,0.306150,0.272402,0.269584,-0.118016,-0.111066,0.001679,0.130036,0.307697,0.020359,-0.268170,0.269282,-0.136031,0.109478,-0.057401,0.260902,0.124323,-0.021463,-0.280855,0.156237
2023-01-04,0.124591,0.314427,-0.246176,0.375273,-0.334031,0.106770,0.076924,0.198553,0.008303,0.234973,0.015988,-0.355596,0.475275,-0.359253,0.160076,0.007921,-0.265147,0.137886,0.432040,-0.004288,-0.151901,0.224259,-0.088261,0.254296,0.014701,-0.065739,0.327261,0.257225,-0.183836,0.178956,0.267189
2023-01-05,0.452185,0.074174,-0.031953,0.187361,0.099331,-0.110198,0.540954,0.057837,-0.437642,-0.007844,-0.115684,0.062229,0.172601,0.078398,-0.038626,-0.029875,-0.071361,-0.253794,0.556185,0.370011,-0.055708,0.164094,-0.457073,-0.299830,0.001994,0.205214,-0.001407,-0.029524,0.281857,-0.229833,-0.010693
2023-01-06,0.297146,0.057237,-0.120307,0.110163,-0.198835,0.233951,0.605367,-0.056800,0.145761,-0.159894,0.141732,-0.421715,0.181403,0.051512,0.282226,0.235257,0.323575,-0.129910,0.309842,0.285722,-0.336995,-0.237563,0.021672,-0.016257,0.218902,-0.068329,0.281861,-0.201246,-0.346342,-0.424424,-0.004886
2023-01-09,0.289258,0.069150,-0.005186,0.245170,-0.146425,0.275771,0.227815,0.172324,0.073099,-0.292549,-0.207557,-0.160020,0.111558,-0.025009,0.104382,0.046254,-0.336698,-0.111526,0.177160,-0.084146,0.192996,0.065260,0.125033,-0.371463,0.603441,-0.099845,-0.299239,0.546416,0.025618,-0.077296,0.471116
2023-01-10,0.407650,0.005058,-0.093750,0.263165,-0.152414,0.646451,0.450985,0.084987,0.303150,-0.127890,-0.427417,-0.035809,0.568033,-0.248499,0.059552,-0.093740,0.453358,-0.208638,0.708884,0.426450,-0.081932,-0.320028,-0.055828,-0.225400,0.344641,0.077798,-0.044386,-0.025403,-0.206210,-0.131863,0.193090
2023-01-11,0.123935,0.265561,-0.048648,-0.136523,-0.025321,0.156034,-0.100311,0.302194,-0.282699,-0.044276,-0.096985,0.011793,0.454999,0.213715,-0.181258,0.214068,0.218305,0.141569,0.899618,-0.071627,0.635237,0.154846,-0.028734,-0.020249,0.564893,-0.066370,0.058256,-0.028713,0.023841,-0.189734,0.019510
2023-01-12,0.183000,0.117443,0.036106,0.480791,0.221720,-0.022655,0.477743,-0.303627,0.021997,-0.375505,-0.205266,-0.173527,0.376437,0.330404,-0.226745,-0.170537,-0.025700,0.036966,0.093011,-0.110555,-0.032922,0.089798,-0.061920,-0.189964,0.044624,-0.273733,-0.001626,-0.120555,0.071046,-0.119478,0.238187
2023-01-13,0.443679,-0.165490,-0.143125,0.011166,0.025070,-0.190222,0.266846,-0.032137,-0.440659,-0.087771,0.317409,0.182542,0.527565,-0.049614,-0.197184,-0.220340,0.455451,-0.081963,0.316206,0.080679,0.089650,0.381595,-0.045673,-0.084785,0.045726,-0.136578,0.135979,-0.040860,0.124122,-0.029873,0.495906
2023-01-16,0.356980,-0.098583,-0.258439,0.363032,-0.264793,0.262810,0.304170,-0.044024,-0.020062,-0.145400,-0.058269,-0.271828,0.176156,0.174996,-0.071731,-0.120627,-0.026100,0.091454,0.166577,0.620852,-0.087230,-0.060625,-0.085734,-0.119886,-0.040160,-0.070648,-0.207900,-0.188871,0.109214,0.024124,0.031429
2023-01-17,0.247025,0.295456,0.252584,-0.072256,-0.074392,0.036168,0.187778,-0.073414,0.260002,-0.306214,-0.111618,0.052957,0.219577,-0.121205,-0.218511,0.050326,0.047445,0.508179,0.226506,0.056210,-0.171729,-0.073578,-0.117390,-0.006132,0.280838,0.225978,-0.137656,-0.191904,0.110193,-0.173674,0.234449
2023-01-18,0.208276,-0.164606,0.015948,-0.128411,-0.096865,0.073700,0.155811,0.059881,-0.033324,-0.082940,-0.230117,-0.221556,0.376869,-0.208129,0.182232,0.190312,0.003188,0.190219,0.716596,-0.114778,0.132032,0.235380,-0.025148,-0.175969,0.076159,-0.023210,-0.050200,0.046844,0.074374,-0.232206,0.351843
2023-01-19,0.444223,0.442328,0.218514,-0.019135,0.234076,-0.050938,0.299698,-0.116604,-0.426668,0.038264,-0.170400,0.250969,0.483513,0.074570,-0.136568,-0.035711,0.180006,-0.197153,0.398226,0.111680,-0.039834,-0.282594,-0.360808,-0.180969,0.464026,-0.052986,0.269645,0.041799,-0.058269,0.494977,-0.036479
2023-01-20,0.579010,-0.070788,0.097481,-0.226044,-0.102579,-0.113019,0.444501,-0.269811,-0.106718,-0.100196,0.104681,-0.194381,-0.139194,-0.084862,0.128320,0.134874,-0.328696,0.237397,0.519881,0.062736,0.251732,0.197545,0.046801,-0.111767,0.374074,-0.266800,0.017949,0.036665,-0.106710,-0.152811,0.501466
2023-01-23,0.253972,0.227572,-0.131421,-0.000328,0.099021,-0.164836,0.539763,-0.003393,0.398387,0.117246,0.050473,-0.434790,0.429002,-0.054631,0.027737,0.204949,0.247072,-0.074089,0.309913,-0.219385,0.200502,0.189900,0.043242,-0.126361,0.430606,-0.410129,0.070126,-0.228561,-0.038078,-0.186096,0.137689
2023-01-24,0.366149,-0.141736,0.058074,0.060302,-0.274342,0.043350,0.218096,0.172628,-0.068605,-0.089492,-0.298773,-0.128131,0.125918,-0.226961,-0.102123,0.334452,-0.166881,-0.077994,0.208760,-0.072200,0.160881,0.159851,-0.207809,-0.183485,0.247468,-0.147467,-0.161128,0.061535,0.419173,-0.133521,0.516554
2023-01-25,0.381679,-0.109096,-0.344095,0.103823,-0.128700,-0.180589,0.197353,-0.119895,0.044536,-0.127147,-0.053468,0.397717,-0.021371,0.391598,0.216915,-0.132579,-0.162733,-0.212983,0.692932,-0.169661,-0.109412,-0.089570,0.253512,-0.026631,0.222711,-0.164436,-0.294635,-0.166187,-0.046163,-0.124411,0.154796
2023-01-26,0.484242,0.024954,0.268789,0.112024,-0.003767,-0.094183,0.076904,0.272921,-0.084640,0.107293,0.155560,-0.237411,0.653129,-0.169415,-0.130397,0.404984,-0.046223,0.189465,0.177071,0.370029,0.251661,0.055177,-0.055624,-0.389838,0.338189,-0.128212,0.457140,0.008737,0.375745,-0.089902,0.273857
2023-01-27,0.521442,0.029043,0.281044,-0.288505,-0.206150,-0.085532,0.016319,0.252894,-0.157451,-0.115285,0.004648,-0.377986,0.137921,-0.108468,0.576184,-0.168286,-0.384319,0.014303,-0.012232,0.079456,-0.105496,0.252058,0.170748,0.010025,0.581054,0.059604,-0.079016,-0.234118,-0.322005,0.034978,0.670393
2023-01-30,0.819151,0.482303,0.106643,-0.026946,0.189004,-0.264546,0.171297,-0.052656,-0.097010,-0.171720,0.094466,-0.128414,0.143674,0.255247,0.199924,0.286125,-0.296733,-0.202779,0.152598,0.008337,-0.064065,0.070313,-0.048168,0.176205,-0.006880,0.054158,-0.210719,-0.035673,-0.092884,-0.145021,0.552293
2023-01-31,0.584967,-0.234394,-0.160310,0.099793,-0.119197,-0.098837,0.361750,-0.208815,0.226917,0.188255,-0.147732,-0.269370,0.504382,0.398828,-0.215950,0.197914,-0.185192,0.165286,0.181293,0.160147,-0.316236,0.015862,0.075294,-0.099328,0.391030,-0.128173,0.376392,0.095343,-0.092575,-0.260634,0.554864
2023-02-01,0.331471,-0.190302,-0.129568,-0.161720,0.080516,-0.226455,0.402158,-0.313956,-0.167907,-0.149323,-0.046985,0.187948,0.150082,-0.007439,0.222853,0.089222,-0.144840,-0.183434,0.193832,-0.226532,0.036524,-0.006592,-0.527752,0.217641,0.537791,0.239464,0.196246,-0.313314,-0.310295,0.039424,-0.037445
2023-02-02,0.735016,0.324779,0.538888,-0.001372,0.137680,-0.128630,0.437325,-0.005898,0.242125,-0.187638,0.213491,0.040972,0.667654,-0.206741,0.090509,0.595151,0.211564,-0.331739,0.326219,-0.110204,-0.195482,-0.189492,0.025260,-0.059610,0.267314,0.126531,0.237834,0.076762,-0.180361,-0.206413,0.478991
2023-02-03,0.575592,0.007449,0.637154,-0.153284,0.015305,-0.028531,0.225988,0.209350,0.035934,-0.355969,-0.179618,0.078488,0.485166,-0.197906,-0.253915,-0.113047,-0.091973,-0.148121,0.213729,-0.205849,-0.333530,0.294899,-0.323136,-0.204786,0.218696,0.089758,-0.230415,0.274442,-0.217264,-0.199524,0.127651
2023-02-06,0.344389,-0.173800,0.433139,0.182398,-0.113717,0.140989,0.352784,-0.183004,-0.161129,-0.147962,-0.076498,-0.235694,0.560715,0.361165,-0.169295,0.151893,-0.212213,0.025500,0.251321,-0.120491,-0.382693,-0.237187,-0.209234,-0.302660,0.178498,-0.218462,-0.132090,0.002880,-0.402136,-0.190593,0.034311
2023-02-07,0.260394,-0.080837,-0.224866,0.264293,0.032649,-0.006621,0.430132,0.130553,-0.366909,0.160407,-0.135105,-0.111968,0.352039,0.426628,0.449414,0.368127,-0.052967,-0.110468,0.281193,0.322713,-0.108459,-0.144573,-0.310744,-0.469764,0.276589,-0.007144,0.322337,-0.054135,-0.081359,0.135616,0.222242
2023-02-08,0.567535,0.189732,0.330809,0.177181,-0.220468,0.162728,0.148433,-0.164930,0.105469,-0.430257,0.189715,-0.076407,0.218709,0.175280,0.300000,-0.304972,-0.158654,-0.003938,0.443487,-0.308529,0.019942,-0.360990,-0.159435,-0.278262,-0.040785,0.124570,-0.148681,0.297392,-0.012591,-0.190198,0.323721
2023-02-09,0.475875,0.391746,-0.008652,-0.373613,0.032010,-0.284462,0.333193,-0.003699,-0.284213,-0.238633,0.012562,0.196402,0.705206,0.119960,-0.102811,-0.040107,0.646397,0.104462,0.165463,-0.035004,0.284447,0.136802,-0.105053,-0.026144,0.341366,-0.298717,-0.354874,0.074028,-0.167195,0.401456,0.311579
2023-02-10,0.002238,-0.178012,0.052029,-0.185980,-0.021958,0.141629,0.070824,-0.102446,-0.348880,-0.451926,-0.058268,-0.392538,0.234022,-0.088533,0.208922,0.106951,-0.036514,0.018199,0.229710,-0.141745,0.119035,0.388018,-0.362178,0.076741,0.654590,-0.139409,0.017325,-0.210592,-0.151496,0.024229,0.091142
2023-02-13,0.373382,0.153019,0.045582,0.041329,-0.234238,0.362196,0.675567,-0.131287,-0.226236,-0.171190,-0.344702,0.575235,0.497090,0.052139,-0.034168,-0.002690,-0.036837,-0.026099,0.479459,0.003130,0.037341,-0.201776,0.096318,-0.182249,0.381039,-0.131190,-0.031985,-0.217067,0.065719,-0.016586,0.280196
2023-02-14,0.304461,-0.126961,-0.248567,-0.048249,-0.126626,-0.163903,0.694350,-0.033915,0.162535,-0.058079,0.130854,0.269997,0.073729,0.338293,0.272987,0.110612,-0.091535,-0.113997,0.184346,-0.061075,0.026526,0.324778,-0.116510,-0.197698,0.348587,-0.134296,-0.045938,-0.280441,-0.067500,-0.092698,0.390534
2023-02-15,0.069550,0.173873,-0.099718,0.187054,-0.239702,0.008170,-0.057850,-0.078968,-0.045265,-0.461499,0.127214,0.217425,0.687660,0.615732,0.049123,-0.117144,-0.116835,-0.209949,0.410553,0.278914,0.160772,0.046562,-0.048432,-0.130835,0.194940,-0.396292,-0.128326,-0.192778,0.089534,-0.158971,0.525728
2023-02-16,0.288764,0.242651,-0.030321,0.023568,0.188305,0.138117,0.426237,-0.284704,-0.187358,0.293379,0.044151,-0.132472,0.559989,0.356306,0.263947,-0.070353,-0.206735,-0.150132,0.965058,0.289173,-0.000510,-0.275879,-0.031627,0.115492,0.456674,-0.057715,0.138410,0.282028,-0.291499,-0.237369,0.096831
2023-02-17,0.440633,0.105880,-0.010956,-0.083312,-0.467335,-0.311825,0.306204,-0.221316,-0.277564,-0.150262,-0.239732,-0.130638,0.526286,-0.181929,0.084735,0.136927,-0.139244,0.055247,0.604563,0.041207,-0.435310,-0.029872,-0.267012,0.298890,-0.268979,-0.166666,-0.101344,-0.227273,-0.255633,-0.086305,0.551200
2023-02-20,0.537753,-0.169512,-0.032796,0.066406,-0.078700,-0.186375,0.415663,-0.113004,-0.109840,-0.191066,-0.442202,-0.104197,0.539512,-0.016040,0.099002,-0.214171,0.537332,-0.156584,0.453807,0.226386,-0.089438,-0.260881,-0.171071,-0.005206,0.672271,-0.095995,-0.090886,0.072955,-0.160514,0.069452,0.252193
2023-02-21,0.420722,0.020875,-0.131929,0.034837,0.340087,-0.202895,0.063989,0.379090,-0.466632,-0.258195,-0.006989,0.453007,0.288421,0.133948,-0.322367,-0.377224,-0.123720,-0.032659,0.099938,-0.356959,-0.074942,-0.198660,0.060718,-0.091936,0.078186,-0.029249,0.316755,-0.110238,0.031559,-0.037274,0.210487
2023-02-22,0.614255,0.090481,-0.128661,0.065824,-0.131359,0.185169,0.644364,0.486429,-0.126500,-0.061656,-0.120551,-0.183681,0.541789,-0.042938,-0.063859,-0.052801,0.361917,0.132185,0.139028,-0.023758,0.290746,0.277907,0.123635,0.201000,0.457969,0.210259,0.205414,0.235641,-0.222260,-0.220860,0.419840
2023-02-23,0.251899,-0.176652,-0.088109,-0.035910,-0.169852,0.288696,0.179775,-0.048939,0.023619,-0.049598,0.194445,-0.071937,0.529573,-0.004686,-0.231533,-0.098476,0.133466,-0.068126,0.455934,0.068382,0.179387,-0.035325,-0.112991,-0.110726,0.299931,-0.109330,0.281315,0.318908,-0.097608,-0.197330,0.639141
2023-02-24,0.437576,-0.056197,-0.142900,-0.342179,0.159603,-0.066104,0.246917,-0.060323,-0.040826,0.059537,-0.258979,0.232255,0.383155,-0.002053,0.504314,0.185346,0.322654,-0.215319,0.576835,-0.206279,-0.398345,0.000617,0.034694,0.028003,0.690293,0.014349,0.233110,0.062117,-0.105912,-0.011148,0.535659
2023-02-27,0.219725,0.137660,-0.115916,0.193450,-0.352668,-0.173432,-0.045394,0.717992,-0.024664,0.085717,0.343918,0.237072,0.244133,0.248686,0.054001,-0.163386,-0.270883,-0.134713,-0.239074,0.423459,0.376769,-0.291267,0.018359,-0.072350,-0.108022,-0.045249,0.077674,-0.155157,-0.011805,0.201321,0.023528
2023-02-28,0.340101,0.274894,0.148469,-0.323478,-0.177295,0.164117,-0.131694,0.387962,0.177526,-0.147511,-0.314252,-0.097357,-0.016447,0.153536,0.276513,-0.125114,-0.189523,0.332674,0.002170,0.071045,0.043351,0.095559,0.076144,-0.093663,0.144237,0.159875,0.307838,0.014362,-0.159624,0.061711,0.261094
2023-03-01,-0.084381,0.205002,-0.411663,-0.315958,-0.076255,0.320785,0.274051,0.165052,0.212814,0.016493,-0.030579,0.009849,0.384957,0.428226,-0.115715,0.179534,0.123375,0.340505,0.084408,0.082168,-0.243149,0.060727,-0.128180,-0.056397,-0.037777,0.038984,0.396181,-0.134842,0.034529,0.140990,0.015457
2023-03-02,0.290762,0.636452,0.233796,-0.001165,-0.225619,-0.290926,-0.016252,0.307215,-0.003843,-0.074170,0.445886,-0.119269,0.047674,0.162982,-0.143703,-0.006561,0.440583,-0.062455,0.087476,0.253553,0.051673,-0.107883,-0.016711,0.162461,0.105372,0.179198,0.281623,0.253010,-0.165359,0.000306,-0.113968
2023-03-03,-0.188783,0.215314,0.057595,0.231244,-0.206421,-0.121323,-0.117566,0.087656,0.100575,-0.253703,-0.165158,0.029843,0.002847,0.870435,-0.194824,-0.215661,-0.125893,-0.141128,-0.171556,0.394952,0.117073,0.084790,-0.457332,-0.197353,-0.261033,0.692303,0.143979,-0.008957,0.014688,-0.070803,-0.095612
2023-03-06,-0.189050,0.119957,-0.551137,-0.101335,-0.318624,0.010721,0.207282,0.067886,-0.086523,0.317677,-0.128077,-0.068995,0.174111,0.384064,0.213692,-0.170933,-0.099161,-0.160543,-0.114265,0.095700,0.016530,-0.020019,-0.113025,-0.175175,-0.063589,0.256147,-0.127174,-0.202148,-0.304805,-0.151898,-0.457068
2023-03-07,-0.408628,0.285873,-0.356299,-0.117134,0.039141,-0.072822,0.047655,0.464708,-0.137944,0.157014,0.190789,-0.006366,0.016858,0.406128,0.212885,-0.198964,0.000093,-0.196958,0.169285,0.626130,-0.376776,0.160517,-0.335217,0.336332,0.089335,0.330145,-0.002563,-0.068679,-0.223780,0.001832,0.252309
2023-03-08,-0.153134,-0.014157,0.105944,-0.086374,0.234159,-0.156733,-0.220596,0.780551,0.274907,-0.084182,-0.394661,0.116531,0.482226,0.363433,0.277809,-0.069852,-0.172357,0.297316,-0.401352,0.231892,0.359496,-0.165387,-0.042470,0.102922,0.104289,0.781780,0.203082,0.136080,0.203555,0.293028,-0.028185
2023-03-09,0.185519,0.431307,0.177975,-0.178599,-0.102506,0.147745,-0.202518,0.200284,-0.136926,-0.128492,-0.126439,0.344222,-0.139232,-0.115675,-0.161888,-0.157799,-0.068715,-0.366744,-0.073377,0.163121,-0.022655,0.076423,0.056069,-0.051674,-0.078046,0.132846,0.402592,0.090675,-0.486452,-0.042634,0.000159
2023-03-10,-0.242987,0.226661,-0.265628,-0.247773,0.160302,0.478899,-0.009422,0.241317,0.060948,-0.122592,-0.063059,-0.106900,0.454078,0.339598,-0.389001,-0.165874,0.269928,-0.176444,0.051491,0.370340,-0.304738,-0.050870,0.518391,-0.149850,0.098235,0.225916,-0.158769,-0.170356,0.121452,-0.036615,0.249435
2023-03-13,-0.045606,0.089452,-0.038966,-0.280131,-0.016913,0.023452,-0.092116,0.129096,-0.145185,-0.236474,0.127134,-0.143486,0.097296,0.678918,-0.271902,-0.112913,-0.148601,-0.276091,0.200655,0.557611,-0.248298,0.036407,-0.292269,-0.126322,-0.271001,0.152654,-0.050501,-0.111650,-0.005400,0.026549,0.366000
2023-03-14,-0.044190,0.035401,0.022568,-0.324675,0.052318,0.121649,0.012194,0.193039,0.288177,0.075644,0.261263,0.222436,-0.157467,0.344055,-0.031367,-0.346525,-0.161544,-0.010256,-0.087725,0.327134,-0.183748,-0.177505,-0.134044,0.033204,0.053501,0.197192,0.286056,0.264983,-0.229365,0.087199,0.150368
2023-03-15,-0.072049,0.243513,-0.204706,0.216285,-0.003661,-0.115451,-0.034082,0.330432,0.067070,0.045426,0.146355,-0.173412,-0.003486,0.220256,0.233818,0.307558,-0.215056,-0.222063,-0.197244,0.417026,0.032708,0.180602,-0.059173,-0.180602,0.072355,0.594456,-0.088413,-0.085832,0.006126,0.603486,0.281767
2023-03-16,0.173675,0.059128,-0.108017,-0.062567,-0.259324,0.006663,0.477622,0.218721,-0.035455,-0.252971,0.527063,0.005468,0.238695,0.683131,0.303267,-0.035116,-0.147188,-0.116897,-0.258499,0.330574,0.072200,0.201688,0.158615,-0.065040,0.492235,0.725343,-0.156606,0.044193,-0.106140,-0.112320,0.172541
2023-03-17,-0.228723,0.285319,-0.090880,-0.035941,-0.327957,0.539201,-0.322680,0.015213,-0.074537,0.113946,0.253321,-0.101891,0.102936,0.153156,-0.326309,-0.146950,-0.162773,-0.088353,-0.249060,0.304492,0.047914,-0.019367,0.217870,0.001149,0.035864,0.280113,-0.090191,-0.045044,-0.326569,0.351524,-0.242854
2023-03-20,-0.379272,0.004876,0.188701,-0.299733,0.147543,0.002829,-0.087162,0.174022,-0.303492,-0.094468,-0.249290,-0.063589,-0.299731,0.138859,-0.104964,-0.136423,-0.164794,0.343863,0.060844,0.267020,-0.047273,-0.285307,0.301834,-0.201184,-0.121283,0.382277,-0.307848,0.137797,-0.286119,-0.050395,-0.090183
2023-03-21,-0.221247,0.128006,-0.273346,-0.224826,0.137071,-0.078605,-0.199642,0.563887,0.421304,0.098184,0.268436,0.103915,-0.225942,0.110566,0.115344,0.026163,-0.080058,-0.119272,0.173486,-0.064160,-0.100290,0.140302,0.266916,-0.214002,0.313048,0.544910,-0.389852,-0.226305,-0.127495,-0.280198,0.157984
2023-03-22,0.372663,0.425078,-0.192588,0.076203,-0.289930,-0.108376,0.065010,0.154014,0.181222,-0.019242,0.316966,-0.084263,-0.103364,0.206171,-0.142646,-0.323695,0.255320,-0.319115,0.016825,0.042794,-0.167938,0.191328,-0.069859,-0.025232,0.073109,0.487708,-0.183309,0.142025,-0.099803,0.175545,0.049064
2023-03-23,0.103746,0.368348,-0.374185,-0.234541,-0.064438,-0.004045,-0.270859,0.280240,-0.218293,-0.162473,-0.084887,0.032472,0.106688,0.041806,-0.136569,0.128747,-0.073923,-0.323006,0.078306,-0.028978,-0.227206,-0.036568,0.424432,-0.079319,0.111618,0.463804,-0.255329,-0.219496,0.037316,0.128288,-0.328516
2023-03-24,-0.243821,0.354664,0.318031,-0.356913,0.229102,-0.203373,-0.212121,-0.020411,-0.228874,0.340709,-0.171553,0.117448,-0.160009,0.437270,0.020549,-0.519462,-0.249990,-0.172814,-0.127879,0.262078,0.104548,0.104930,-0.059448,0.174961,0.104273,0.213066,0.271778,0.347027,0.347870,-0.183100,-0.036343
2023-03-27,-0.203867,0.017450,-0.246742,-0.268481,0.023947,0.392094,0.115407,0.350691,-0.118975,-0.256031,0.047883,-0.068356,-0.215701,0.420037,-0.291227,-0.053013,-0.057177,-0.308933,0.313700,0.735832,-0.155550,0.157704,0.483712,0.007483,0.061048,0.451717,0.138553,0.136591,-0.326790,0.020365,0.056385
2023-03-28,0.269128,0.364880,-0.270764,-0.072920,-0.020267,-0.033825,0.112730,0.368395,-0.378030,0.039176,-0.163963,-0.250586,-0.045610,0.542022,-0.091765,-0.335919,-0.065037,-0.257983,-0.005774,0.071944,0.010520,0.171199,-0.079984,0.226555,0.115414,0.427147,-0.223894,-0.066120,-0.099034,-0.028189,-0.288315
2023-03-29,-0.122470,0.585893,-0.160023,-0.001321,0.018662,0.028025,-0.169668,0.442235,0.433641,0.097743,0.085277,0.127571,0.292158,0.441482,-0.075142,-0.129575,0.227724,0.076219,0.118719,0.564867,0.404496,0.468154,-0.221729,-0.133488,-0.124135,0.360000,-0.191141,-0.115303,-0.081948,0.177544,-0.180206
2023-03-30,-0.141748,0.246263,-0.130629,0.017884,-0.293587,-0.093553,0.120824,0.205661,-0.288479,-0.006761,0.045264,-0.225972,-0.099341,0.450980,-0.411950,-0.407147,-0.262060,-0.128253,-0.376712,0.491688,0.418983,0.128708,0.175740,0.220814,0.150785,0.209731,-0.176707,-0.484560,-0.239921,0.207107,-0.104649
2023-03-31,-0.181496,0.313920,-0.020407,0.290468,-0.138975,-0.125417,0.135820,0.073665,-0.344204,-0.196767,-0.121449,0.116248,-0.068031,0.390731,-0.219044,0.056808,-0.156619,-0.125426,-0.124623,0.658932,-0.004355,0.357367,-0.175247,-0.117409,0.036792,0.407956,-0.132908,0.053847,0.327269,-0.089582,-0.038264
2023-04-03,0.168644,0.010660,-0.160077,-0.101408,-0.065611,-0.146706,-0.280901,0.190203,-0.033242,-0.047851,-0.195672,-0.099370,0.031813,0.220355,-0.285423,-0.120010,-0.063576,0.382501,0.233684,0.561142,0.201608,-0.074776,0.481373,0.277828,-0.104079,0.412637,0.066277,-0.174279,-0.151588,-0.360184,0.010174
2023-04-04,-0.375104,0.316422,-0.233941,-0.037983,0.002073,-0.097545,0.241456,0.479289,-0.057503,0.458472,0.127731,0.293678,-0.071533,0.298429,0.003780,0.134248,-0.091044,-0.224176,0.018373,0.256340,0.285278,0.004773,-0.043835,0.350235,-0.059543,0.315534,-0.211225,0.123430,0.300999,0.032693,0.034561
2023-04-05,0.269264,0.154613,0.006308,-0.004780,0.327399,-0.202059,0.135892,0.345057,0.302377,-0.094287,0.022598,-0.049646,-0.159400,0.221178,0.441508,0.073682,0.213630,-0.018751,0.320589,0.310912,0.244022,-0.071957,0.215446,0.449535,0.078692,0.226093,-0.125844,0.113295,-0.179985,0.178757,-0.323536
2023-04-06,0.134518,0.788927,-0.023866,-0.058172,0.479036,-0.172179,0.208278,0.164319,0.099175,-0.090101,0.148836,0.194343,0.396278,0.045979,-0.159590,-0.061842,-0.390128,0.301224,-0.241828,0.147602,0.219952,-0.130814,-0.008696,0.414666,0.039032,0.484455,-0.361081,0.016720,-0.056028,-0.166729,0.080749
2023-04-07,0.149316,0.281984,0.019631,0.114528,-0.090967,0.309654,-0.018369,0.300282,-0.111744,0.493332,-0.273049,-0.207841,-0.474894,0.606446,0.144906,-0.288358,-0.300882,-0.077753,0.060303,0.090377,-0.024531,0.336728,0.050492,0.398014,-0.015935,0.610068,-0.100704,0.171660,0.075577,-0.013854,-0.033618
2023-04-10,-0.310341,0.206267,-0.143114,-0.125561,0.286528,0.070744,-0.133007,0.283563,0.110314,0.293906,0.200171,0.091308,-0.072687,0.070155,-0.043565,-0.193459,-0.196622,-0.058404,-0.285267,0.697619,-0.003283,-0.133403,-0.204372,0.067595,-0.078991,0.359551,-0.075069,-0.277197,-0.052318,-0.201432,0.209567
2023-04-11,-0.007508,0.307250,-0.214944,-0.021734,0.162473,-0.034532,-0.226433,0.269703,0.065576,0.041747,-0.142499,0.247940,-0.350550,0.425291,-0.291743,-0.119048,0.013083,-0.080406,-0.094814,0.478101,-0.110589,0.234475,-0.148101,0.098408,0.286522,0.328811,-0.178891,-0.054851,0.151561,-0.164873,0.259324
2023-04-12,0.056674,0.362468,-0.078085,0.370858,-0.340502,-0.113258,-0.302052,0.263529,0.218118,0.357895,-0.063267,-0.059042,0.035842,0.395663,0.071809,-0.081103,-0.345008,0.160075,0.338082,-0.016558,0.178799,0.305811,-0.009477,-0.110987,-0.077492,0.331269,-0.236682,0.172089,-0.070086,0.157715,-0.130700
2023-04-13,-0.200424,0.097450,-0.118392,-0.031439,-0.132324,-0.244270,-0.085264,0.158501,-0.245409,0.114628,-0.054460,0.244439,-0.398612,0.434964,-0.034415,-0.099941,-0.171514,-0.023447,-0.141116,0.362719,-0.410178,0.331205,-0.056574,-0.104717,0.449494,0.198402,-0.260311,-0.167594,0.144973,-0.185729,0.054588
2023-04-14,0.249953,0.517428,-0.314188,-0.115363,-0.203790,0.019294,0.049473,0.374573,0.505514,-0.159879,-0.155675,-0.036385,-0.218282,0.280713,-0.264580,0.324560,0.204888,-0.009849,0.193805,0.328534,-0.211061,0.029176,-0.336061,0.463048,-0.354022,0.204243,-0.316668,-0.284049,-0.110240,-0.225280,-0.151263
2023-04-17,-0.104279,-0.043873,0.095172,-0.068999,-0.183635,0.228805,-0.289876,0.044225,0.415395,-0.014167,-0.036009,0.023799,-0.313894,0.422957,-0.531776,0.232578,0.078763,0.167798,-0.052784,0.464679,0.078068,0.375097,0.249287,0.243407,-0.030008,0.311836,-0.119389,-0.050254,-0.446460,0.023852,0.071023
2023-04-18,0.199954,0.228480,0.145088,-0.127969,0.204479,-0.147983,-0.263504,0.232175,0.104994,0.253526,-0.138934,-0.254423,-0.259038,0.281186,0.215664,0.161803,-0.175996,-0.278171,-0.201613,0.632253,-0.164449,-0.098107,0.102136,-0.111795,-0.316561,0.102456,-0.276647,0.137394,0.106573,0.404136,0.018052
2023-04-19,-0.007245,0.053108,-0.298715,-0.146908,0.255511,-0.007644,-0.367189,0.354179,-0.247002,-0.243531,-0.015381,-0.039456,-0.297385,0.329351,0.154848,-0.465085,0.470809,0.077182,0.137756,0.234344,-0.159936,0.222129,0.383946,0.074250,-0.152362,0.339514,-0.141397,-0.275094,0.115984,-0.188791,-0.175163
2023-04-20,-0.263951,0.654575,0.022377,0.417512,-0.173954,-0.292039,-0.392202,0.824607,-0.115303,-0.142538,0.319830,0.052140,0.288702,0.071700,-0.114339,0.192198,-0.173591,0.073319,0.337536,0.570876,-0.259147,-0.109444,0.145734,0.057316,-0.072994,0.393461,-0.096579,-0.150377,0.066567,-0.088076,-0.176956
2023-04-21,0.340203,0.060681,0.100018,-0.219759,0.127964,0.316979,-0.012330,0.193474,-0.099180,-0.036537,-0.131960,-0.187289,0.340533,0.255972,0.154780,-0.100455,0.038222,-0.223621,0.411975,0.403999,-0.083704,0.296301,0.170194,-0.083710,-0.240223,0.118405,-0.199169,-0.148298,-0.196546,-0.244027,0.263283
2023-04-24,-0.116118,-0.350316,0.817398,0.185910,-0.168268,0.012159,-0.227716,-0.101395,0.062125,-0.115905,0.181450,0.537579,0.110389,0.087380,0.092085,0.052972,0.068474,-0.119311,0.294785,-0.247621,0.194066,0.245274,-0.136254,-0.194766,-0.044058,-0.063861,0.050270,-0.193001,0.107673,-0.179468,0.321894
2023-04-25,-0.122386,0.062340,0.257290,-0.031753,0.257410,-0.140814,-0.063492,0.408062,0.667999,0.488158,-0.050980,-0.097190,-0.196497,-0.444284,0.500058,0.076917,0.221143,-0.192035,-0.109145,-0.126153,0.129542,0.459015,0.190765,0.099983,-0.270211,0.073754,0.097824,0.077787,-0.143474,0.044564,-0.197792
2023-04-26,0.163427,-0.060425,0.302337,-0.097732,-0.169604,0.234097,-0.041793,0.143436,0.637740,-0.197519,-0.411473,-0.108104,-0.189527,0.135799,0.071235,0.070871,0.151083,0.165330,0.221277,-0.037620,0.306932,-0.063215,-0.075445,-0.058231,-0.052675,-0.026227,0.278385,-0.295687,-0.150865,-0.136932,-0.244419
2023-04-27,-0.027894,0.054461,0.234032,0.129603,0.006614,-0.192070,-0.215893,-0.187345,0.313904,0.004727,-0.272289,-0.283428,0.006390,-0.189280,0.353680,-0.207358,0.223227,0.268995,0.567319,0.008552,0.568806,-0.135015,0.460850,-0.110738,0.141110,-0.131123,0.636878,-0.133873,-0.214955,-0.195463,-0.140639
2023-04-28,-0.042416,-0.183965,0.165790,-0.133335,-0.018373,-0.215457,-0.092210,-0.189879,0.397908,0.059527,-0.092790,-0.198313,-0.108287,-0.226972,0.013538,0.003671,-0.121068,-0.194326,-0.046178,0.083529,0.227194,-0.133084,-0.045505,-0.050905,0.143769,-0.345699,0.216341,-0.169746,0.012205,-0.232727,-0.087213
2023-05-01,-0.413378,-0.278815,0.422008,0.592163,0.100762,0.519311,-0.175054,-0.243475,0.371574,-0.100497,0.275670,0.029133,-0.214966,-0.094640,0.259114,0.161644,0.283884,-0.084977,0.012207,-0.143288,0.857799,-0.058894,-0.124134,0.003154,0.187749,-0.285302,0.263106,0.115486,0.260405,0.457831,0.427109
2023-05-02,-0.115207,0.091459,0.295155,-0.437468,0.178366,-0.000598,-0.049867,-0.179130,0.336225,-0.061627,-0.523353,0.130247,-0.105816,-0.012893,0.138427,-0.216220,-0.060901,0.132611,-0.223787,-0.211662,0.429572,-0.058841,-0.105043,-0.110588,0.094752,0.128658,0.083830,-0.235886,-0.198844,0.168282,-0.141659
2023-05-03,-0.229985,0.084483,0.770285,0.098446,0.237340,-0.021580,-0.096475,-0.220940,0.287499,0.234420,-0.166724,-0.151864,-0.204310,-0.166372,0.177849,-0.052539,0.120104,-0.216567,-0.191240,-0.046778,0.548878,-0.049988,0.220198,-0.128496,-0.117507,-0.152723,0.029727,-0.139661,-0.124415,-0.202943,0.016163
2023-05-04,-0.093145,0.077577,0.448496,0.236364,0.063639,-0.073376,0.017216,-0.127758,0.715612,0.239312,-0.053328,0.307905,-0.110795,0.332302,0.027557,0.010385,-0.030940,0.088012,0.171813,-0.115864,0.443901,-0.042543,0.024751,0.134789,-0.280624,0.287887,0.194574,-0.177080,-0.178751,-0.164416,-0.163377
2023-05-05,-0.156691,-0.006735,0.660470,0.317066,0.109951,-0.144451,0.068895,0.181439,0.290437,0.431136,-0.144796,-0.165065,-0.247157,-0.331444,0.001602,0.131278,0.008875,0.144641,-0.046055,0.443264,0.411373,0.292101,0.276143,-0.073826,-0.148591,-0.091500,0.244314,-0.254997,-0.092757,-0.218000,-0.207995
2023-05-08,-0.206095,0.331154,0.233057,-0.232998,0.347828,-0.059927,-0.150604,-0.034314,0.166041,-0.107731,-0.290529,-0.080495,-0.152649,-0.137582,0.158641,0.138346,0.423681,-0.337631,-0.132383,0.523024,0.173710,-0.232525,0.116387,0.030293,0.110606,-0.235690,-0.010214,-0.107286,0.016351,-0.277811,0.015092
2023-05-09,-0.207804,-0.145163,0.468392,-0.247203,0.331117,-0.218447,-0.012690,0.198703,0.431365,-0.100620,-0.209300,-0.164695,0.107795,0.127305,0.311215,0.112368,0.163660,-0.000218,-0.062884,-0.010099,0.446295,-0.019051,-0.169241,0.193663,-0.046713,-0.021421,0.168491,0.096469,0.060240,-0.075393,-0.180577
2023-05-10,-0.024562,-0.348949,0.261993,-0.010321,0.081003,-0.160135,0.188025,0.146342,0.405806,-0.011345,0.113580,-0.164500,-0.047191,-0.052721,0.308126,-0.043623,0.143167,-0.275060,0.039328,-0.056655,0.302916,-0.103736,-0.093075,-0.194832,-0.171940,0.237666,0.130062,0.143711,-0.286854,-0.133603,0.086681
2023-05-11,-0.073109,-0.083429,0.794854,-0.049236,-0.000698,-0.275057,0.166969,0.112097,0.211057,0.056324,0.160033,0.040439,-0.352269,-0.053764,0.235187,0.101968,-0.269887,-0.106556,-0.127977,0.542007,0.308156,-0.010987,-0.146898,-0.314753,-0.227034,-0.215417,0.073243,0.083709,-0.317712,-0.272815,0.092661
2023-05-12,-0.084226,0.179344,0.394941,-0.144812,-0.128242,-0.075278,-0.237158,0.464205,0.359777,0.131969,-0.097392,0.222839,-0.238928,-0.066574,0.480273,0.450627,0.286723,0.353786,0.142478,-0.277231,0.558658,-0.082855,0.067026,-0.334891,-0.315906,0.207706,0.049352,0.189067,0.140455,-0.166743,-0.134256
2023-05-15,-0.141435,0.118072,0.211417,0.198785,-0.090056,-0.364247,0.034325,-0.018001,0.091074,0.109445,-0.161291,-0.162649,0.027438,-0.090322,0.610277,0.224835,-0.148961,0.185054,0.041422,-0.188664,0.661006,0.049475,-0.007941,-0.082623,0.077817,-0.443208,0.026408,-0.040517,0.094484,-0.061246,-0.127039
2023-05-16,0.219462,0.050406,0.566787,0.476957,-0.034201,0.227055,-0.159276,0.182170,0.312129,-0.165107,-0.010369,-0.193627,0.175587,0.206765,0.368667,-0.219730,-0.034194,-0.175405,-0.109494,-0.148752,0.569761,-0.022389,-0.045883,-0.267736,-0.134801,-0.124301,0.012771,-0.156214,0.405854,0.155075,-0.195950
2023-05-17,0.306707,0.263859,-0.056770,0.015509,-0.030599,0.358227,0.181972,-0.056200,0.503234,0.157756,-0.249642,0.221504,-0.069027,-0.379754,0.855301,-0.116283,-0.043516,-0.072059,-0.304210,-0.210760,0.363301,-0.324462,0.261740,-0.374836,-0.192262,0.137223,0.631507,-0.151897,-0.249321,0.218617,-0.121054
2023-05-18,0.013856,-0.012685,0.510892,0.095548,0.235376,0.202783,0.100407,-0.227457,0.124541,0.101487,-0.066239,-0.237666,-0.251117,0.085265,0.269767,-0.024053,-0.040929,0.211431,-0.169704,0.479644,0.112764,0.074687,-0.068187,-0.409919,-0.040835,0.101349,0.074785,0.089327,0.151880,-0.004870,-0.107070
2023-05-19,-0.051594,0.082539,0.124061,-0.129374,-0.105209,-0.153650,-0.176749,-0.035904,0.084961,0.289465,0.321349,-0.103440,0.308252,-0.164099,0.230759,0.236610,-0.173631,-0.166262,0.049743,0.119570,0.196198,-0.043523,0.103836,0.388599,-0.188931,-0.065641,0.495810,0.176249,-0.100405,0.025677,0.304433
2023-05-22,-0.044522,-0.168010,0.374904,-0.169798,-0.281527,-0.057954,0.222628,-0.158252,0.505948,0.310343,-0.128525,-0.225970,0.027270,0.011838,0.295137,0.122174,-0.097067,-0.107934,0.338999,-0.217997,0.518524,-0.010239,0.197635,0.192383,-0.206460,-0.091520,0.231353,-0.253041,-0.320434,0.235876,0.032359
2023-05-23,-0.009885,-0.049218,0.184565,0.357541,-0.112528,-0.105362,-0.194654,-0.041874,0.683769,-0.320984,0.071516,-0.156505,-0.128085,-0.121895,0.454865,0.124025,-0.237730,0.318541,0.231968,0.107026,0.678737,0.484714,-0.145107,-0.348954,-0.217352,-0.242276,0.300605,0.132473,0.203312,0.055811,0.046374
2023-05-24,-0.036631,-0.022037,0.354476,-0.181421,-0.108528,-0.071917,-0.245600,0.027316,0.116814,0.320929,-0.139570,0.290529,0.277647,-0.070728,0.369610,-0.225395,0.118271,-0.387593,0.150794,0.145777,0.412632,-0.144239,0.001183,-0.336575,0.038141,-0.122997,0.438355,-0.320168,-0.177666,0.081096,-0.412819
2023-05-25,0.267695,-0.229529,0.285728,-0.107762,-0.272735,0.187231,0.147529,0.117444,0.634638,-0.031831,0.174710,-0.032654,0.130390,-0.188581,0.234523,-0.006740,-0.266459,-0.042119,-0.121253,-0.208298,0.424604,-0.103582,-0.053332,-0.176868,-0.003917,-0.264713,0.202933,0.265051,-0.052742,0.273936,0.345655
2023-05-26,0.299821,-0.212842,0.522571,-0.053025,0.144772,-0.132471,-0.292257,-0.288094,0.068110,0.125440,0.180706,-0.131685,-0.155771,0.182198,0.659057,-0.048086,-0.052525,-0.000414,-0.229375,0.076944,0.554436,0.068306,-0.081595,-0.188405,-0.330734,-0.344649,0.571120,-0.134052,-0.302585,-0.079700,-0.199140
2023-05-29,0.173052,0.216201,0.424729,-0.090260,-0.072025,0.067684,-0.128653,0.015686,-0.042189,0.201958,-0.007734,-0.248165,0.082520,-0.279139,0.355655,0.404560,-0.226609,0.197708,-0.070152,0.025910,0.452593,0.171368,-0.211950,-0.353500,-0.132045,-0.146659,0.860349,-0.064561,0.194074,-0.075523,0.120232
2023-05-30,-0.238978,0.168873,0.223268,-0.253203,-0.239397,0.034953,-0.150520,-0.152876,0.509678,-0.056942,-0.106369,-0.082145,-0.357436,0.004553,0.453334,-0.071685,0.073368,-0.172852,0.041885,-0.378751,0.323894,-0.281918,-0.236711,0.221598,-0.282823,-0.269044,0.318446,-0.180360,-0.040503,-0.039173,0.154105
2023-05-31,0.413790,-0.035136,0.513951,0.170182,-0.369308,-0.391246,-0.188392,-0.018089,0.601921,-0.229962,0.012533,-0.103775,-0.031503,-0.039925,0.240883,-0.107576,-0.098204,0.097409,-0.489065,-0.214561,0.516594,0.332269,0.015805,-0.086696,0.094307,0.029668,0.077709,-0.011408,-0.062996,0.208173,-0.019304
2023-06-01,0.146561,0.433144,0.531001,0.184419,-0.112100,-0.198653,-0.113819,-0.150881,0.153970,-0.158210,-0.013217,-0.152710,-0.160890,-0.193693,0.360253,-0.141115,0.330596,0.004441,0.037297,0.096796,0.755972,-0.116918,-0.161361,-0.209973,0.009328,-0.112045,0.318565,-0.117115,0.287354,-0.268861,-0.035989
2023-06-02,0.007374,-0.185937,0.115907,-0.226454,-0.223420,0.356412,-0.177875,0.071292,0.291670,-0.235918,-0.218903,0.140592,0.217392,0.013307,0.103997,-0.225386,0.004425,0.036382,-0.155171,-0.046597,0.566056,-0.170806,0.045515,0.533638,-0.341359,0.248907,0.308539,0.327196,-0.149800,-0.118481,-0.052374
2023-06-05,-0.094898,0.016161,0.121122,-0.072075,0.188194,0.056522,0.270686,-0.088124,0.249144,0.342830,-0.194866,-0.159547,-0.285206,0.387648,0.423927,0.141569,0.190468,0.454882,0.170917,0.035312,0.329903,-0.238851,-0.232538,-0.281372,-0.087082,-0.133771,0.184384,0.231353,-0.100354,0.306530,0.243525
2023-06-06,-0.023430,0.408178,0.327363,-0.143537,0.132025,0.208203,0.358592,0.134068,0.889926,-0.183085,0.089518,-0.493668,-0.043727,0.629917,0.271261,-0.011918,-0.111555,-0.095953,-0.166632,-0.132403,0.765020,-0.021444,-0.144559,0.094929,0.294118,-0.125328,0.318139,-0.209705,0.061716,0.021032,0.026828
2023-06-07,-0.147491,-0.455889,0.242274,0.067099,-0.343348,0.028382,0.221148,-0.152551,0.492609,0.059051,-0.217795,-0.043182,-0.026725,-0.006045,0.691774,-0.021156,-0.024810,-0.068212,-0.197753,-0.395117,0.334455,-0.119965,-0.046858,0.086980,-0.222900,0.080167,0.276870,0.060617,0.310263,-0.333996,0.306038
2023-06-08,-0.207472,0.255735,0.121386,-0.067250,-0.260077,0.161302,-0.155674,-0.065706,0.475030,-0.275334,0.297016,-0.086952,-0.066425,-0.283974,0.609822,-0.025420,0.197584,-0.272262,-0.146279,-0.070278,0.342168,-0.049706,-0.185762,-0.272767,-0.190354,-0.162953,0.787493,0.006761,0.471908,-0.080068,0.311863
2023-06-09,-0.002783,-0.153171,-0.163902,0.359597,-0.151362,-0.060186,0.131312,-0.153933,0.237112,-0.088569,-0.108034,0.553585,0.328678,0.224306,0.603644,0.174326,-0.032703,0.107230,0.188528,-0.164226,0.366115,-0.072902,0.112852,-0.150878,-0.491939,0.076597,0.445611,0.027109,-0.084700,0.129599,-0.095865
2023-06-12,0.029906,-0.244180,0.109606,0.066191,-0.448944,0.339963,-0.238318,0.153314,0.373033,0.045919,0.060656,-0.228978,0.305066,-0.179799,0.603409,0.092092,0.359461,-0.313397,0.165325,-0.002291,0.521025,-0.046354,-0.217396,-0.301676,-0.061515,-0.055734,0.464949,0.359121,0.056450,0.008239,0.254827
2023-06-13,-0.046787,-0.111691,0.184802,0.330543,-0.160451,0.089854,0.119300,0.114609,0.376328,-0.238228,0.129559,-0.204162,-0.208573,-0.074632,0.824957,0.359181,0.288699,0.058596,0.075542,0.167846,-0.033792,-0.131215,-0.101404,-0.169617,-0.150312,0.101310,0.197383,-0.322149,0.061133,-0.123155,0.015973
2023-06-14,0.114862,-0.167393,0.353375,-0.141804,-0.060513,-0.237777,0.133964,0.272473,0.247124,-0.086819,0.032492,-0.396460,-0.263927,-0.228570,0.200932,-0.124868,-0.095125,0.344752,0.321092,-0.057275,0.064886,-0.116030,-0.260279,-0.279166,-0.160395,0.007650,0.358204,0.080503,0.033696,0.226907,0.190087
2023-06-15,-0.032148,-0.365047,0.189261,-0.255166,-0.430622,0.065738,-0.010397,-0.126149,0.568606,-0.405521,-0.229398,-0.025264,0.547823,-0.212962,0.716507,-0.241704,-0.111718,-0.163060,0.104300,-0.104265,0.486955,0.021213,0.061360,-0.139413,-0.055277,0.135545,0.471737,0.260678,-0.032115,-0.071719,0.250291
2023-06-16,-0.209317,0.144207,0.254008,0.417098,-0.327136,-0.353301,-0.132087,0.129889,0.540821,0.170494,-0.169648,-0.036099,-0.200149,0.454378,0.175753,-0.081438,0.136472,0.311374,-0.128452,-0.083759,0.113802,0.042526,-0.144393,0.075907,-0.092059,-0.074345,0.210734,-0.032745,-0.090313,0.033799,0.094754
2023-06-19,-0.080844,-0.281737,0.070968,0.037821,0.040393,-0.032946,0.108434,-0.304065,0.444451,0.527916,-0.026984,0.208519,0.056202,0.199483,-0.229356,0.300822,0.099131,-0.107629,0.219244,0.163861,-0.065741,0.033198,-0.098396,0.019249,-0.141233,0.121631,0.125182,0.084637,-0.131960,-0.283227,-0.113591
2023-06-20,-0.236194,-0.129007,-0.181811,0.285154,-0.085578,0.184051,-0.188214,-0.132648,0.290173,0.218025,-0.214858,0.067534,-0.260746,-0.035302,0.103878,0.377925,-0.259627,0.016503,0.128868,-0.298043,-0.124667,0.407789,-0.114315,-0.288388,-0.158798,0.058762,0.260482,0.213164,-0.007031,0.255687,-0.050109
2023-06-21,-0.053681,-0.080861,-0.242838,0.461368,0.062122,0.035814,0.191274,0.131563,0.336973,0.081056,0.158743,0.055053,0.297032,-0.037794,0.260577,0.573909,0.043419,-0.158971,-0.094637,-0.129723,-0.211229,0.585612,0.332066,-0.439761,-0.123574,-0.073717,0.346950,0.591952,-0.112489,-0.113099,-0.119450
2023-06-22,-0.191834,0.169360,-0.165515,0.859931,0.299230,0.032377,0.021006,-0.065890,-0.241060,0.325618,-0.069378,-0.157889,0.403078,-0.097529,-0.195609,0.437500,-0.032998,0.131261,-0.125302,0.340952,0.395173,0.034959,-0.200332,-0.235652,-0.338721,0.211255,0.123342,0.104104,0.006645,-0.110227,0.290250
2023-06-23,-0.047986,-0.106556,0.416608,0.338522,-0.201092,-0.134896,-0.434114,0.026115,-0.147744,0.717444,0.062462,0.242242,-0.128665,-0.196248,0.299559,0.203682,0.027168,-0.158160,0.373078,-0.190743,0.077433,0.177005,-0.366990,0.063683,0.416474,0.076572,-0.022138,0.549081,-0.169133,0.049089,-0.218282
2023-06-26,-0.201657,-0.147651,-0.095582,0.396272,0.002422,-0.239403,-0.128858,0.082147,0.215177,0.338633,0.146532,-0.162932,0.126184,0.361276,0.102210,0.418061,0.060758,-0.003045,0.063636,0.584784,0.020356,0.163881,-0.122204,-0.293786,-0.124739,0.053419,-0.042781,0.178600,-0.148641,0.056554,-0.204274
2023-06-27,-0.020159,-0.043110,-0.172680,0.324038,-0.122403,0.154464,-0.115817,0.069674,-0.249701,0.178100,0.157299,0.137553,-0.043152,0.025352,-0.136535,0.111125,-0.059644,-0.163145,0.589142,0.357965,-0.061442,0.663019,0.054231,-0.208117,-0.090098,-0.121028,0.308330,0.006981,-0.074378,-0.078335,0.069027
2023-06-28,-0.081360,-0.010553,-0.179648,0.336530,0.289167,0.236673,-0.035201,-0.199978,0.136773,0.198323,-0.091653,-0.052989,-0.098805,0.162904,0.401674,0.119395,-0.194361,-0.010173,-0.176635,-0.123735,-0.099306,0.043707,-0.090191,-0.104819,-0.182948,-0.035505,-0.171367,0.592209,0.118440,0.332333,0.321426
2023-06-29,0.060109,-0.171545,0.238611,0.313233,-0.141432,0.494590,-0.183830,-0.167304,0.037303,0.033536,-0.153912,-0.008703,0.265892,0.321383,0.401676,0.291272,-0.039903,-0.235100,-0.407356,-0.288862,-0.173935,0.202029,-0.215812,-0.091931,-0.158127,0.279858,0.306690,0.524919,0.072585,0.090767,-0.119329
2023-06-30,-0.235670,0.381585,-0.013351,0.452584,-0.321861,-0.260207,0.068185,0.310763,-0.026590,0.432733,0.274175,-0.105252,0.294351,0.150518,-0.201952,0.614987,0.079102,-0.204235,-0.125109,-0.212610,-0.196733,0.347459,-0.397419,0.009729,0.185801,-0.146386,-0.223321,0.623506,0.198121,-0.130065,0.350789
2023-07-03,0.376814,-0.365895,0.452177,0.189126,-0.111797,0.007200,0.149363,0.248452,-0.185497,-0.155422,-0.004781,0.333520,-0.231711,0.072232,-0.019794,0.106406,-0.069981,-0.021456,0.091687,-0.161399,-0.106740,0.157652,-0.072095,-0.070014,-0.173393,-0.100449,-0.170750,0.290774,-0.219139,-0.077322,-0.021498
2023-07-04,-0.143212,-0.220873,0.150912,0.165493,-0.192632,-0.083231,-0.181614,-0.142387,0.115523,0.178598,-0.368993,-0.099919,-0.120279,-0.252470,0.068173,-0.242286,-0.120088,-0.282806,0.099997,-0.045723,0.409954,0.005155,-0.232257,-0.159461,-0.041055,-0.064897,0.045422,0.733890,-0.007853,-0.353434,0.510851
2023-07-05,0.203917,-0.142035,0.051175,0.625166,-0.129673,-0.057529,-0.078993,-0.037365,0.144382,0.106801,-0.109218,-0.112500,-0.126785,-0.028508,0.047425,0.150360,0.027603,-0.055850,-0.121013,0.227651,-0.388559,0.216165,-0.147374,-0.140160,0.206589,0.265874,-0.036218,0.393473,-0.206327,-0.040965,0.213857
2023-07-06,0.228633,0.046746,-0.184542,0.078323,0.122127,0.270863,-0.069122,0.436238,-0.303971,0.273662,0.004341,-0.040614,0.211843,-0.129694,0.099680,0.266018,0.185520,-0.170844,-0.311050,-0.167985,-0.132388,0.377615,0.425442,-0.128758,0.113069,0.243896,-0.131446,0.349879,-0.233172,-0.259276,0.102012
2023-07-07,-0.197383,-0.027243,-0.244418,0.213485,-0.342719,-0.093529,-0.266664,-0.144166,-0.274085,0.459380,-0.018152,0.030595,-0.090737,-0.141582,0.288592,0.079671,0.032539,-0.376926,-0.272079,0.051213,0.237910,0.094025,-0.442327,0.313042,0.037274,-0.065221,0.039336,0.444316,0.173147,-0.145569,-0.086243
2023-07-10,-0.078365,-0.356913,0.032366,0.108053,-0.136432,-0.131909,0.253127,-0.005398,-0.082377,0.189814,-0.222142,0.151029,0.034351,0.028405,0.421615,0.084951,-0.112641,0.118311,-0.116855,-0.224867,-0.209602,0.300492,-0.289955,-0.197364,0.159928,-0.153865,0.297366,0.408812,0.375004,-0.300240,0.002315
2023-07-11,0.404346,0.074414,-0.370794,0.533415,-0.282340,-0.109036,-0.209683,-0.016831,-0.004126,0.273501,-0.316156,0.122993,-0.105289,-0.090499,0.238700,0.182467,0.147417,-0.371681,-0.185411,-0.257822,0.424568,0.049855,-0.135852,-0.128508,-0.064332,-0.279100,-0.223552,0.634244,0.308652,-0.087868,-0.273882
2023-07-12,-0.119532,-0.114814,0.223880,0.117283,0.062644,0.218657,-0.334930,-0.169508,0.131260,0.257632,-0.085403,-0.143331,0.237746,-0.049651,0.135037,0.257416,-0.110305,-0.103581,-0.021274,-0.237945,-0.121711,0.171154,-0.148848,-0.123857,0.090205,0.165863,0.145259,0.265780,-0.088256,-0.262392,0.177473
2023-07-13,0.030478,0.023123,-0.127994,0.262442,0.460341,-0.286097,0.291469,0.027229,0.035464,0.336712,0.195764,-0.200856,0.084598,0.083095,0.208139,0.100877,-0.291784,-0.019266,-0.085122,0.112177,0.147846,0.705670,-0.102836,-0.059917,-0.104200,0.287886,-0.137472,-0.113320,0.189908,0.493484,-0.271858
2023-07-14,0.355617,-0.122665,-0.277688,0.052248,0.146081,0.038448,-0.020877,0.145923,0.090111,0.427245,-0.318918,-0.033551,-0.151877,-0.010103,0.097252,0.900393,0.272652,-0.324926,-0.046269,-0.177936,-0.029249,0.217896,-0.276856,0.110740,0.192890,-0.006641,-0.015932,0.592660,-0.083176,0.344374,0.332851
2023-07-17,-0.317942,0.135606,0.382438,0.214825,-0.172453,0.090582,-0.092711,0.086033,0.451556,0.281745,0.545788,-0.021418,0.026049,-0.239763,-0.002168,0.099863,0.005664,-0.151065,-0.079410,0.113560,0.206170,-0.087067,-0.043441,0.331451,0.489931,0.337578,0.275312,0.304990,-0.086034,-0.116946,0.133837
2023-07-18,0.087250,-0.208716,-0.416934,0.299129,-0.013531,-0.338100,0.390809,0.034576,-0.318152,0.993860,-0.174061,-0.326799,0.324445,-0.044947,0.116264,0.232012,-0.012316,-0.278373,0.230975,-0.052224,-0.051328,0.266207,-0.091134,0.041730,-0.050365,-0.157327,-0.074577,0.009663,-0.437558,0.213942,0.462822
2023-07-19,-0.148420,-0.383590,0.070436,0.014654,-0.196760,-0.040632,-0.071302,-0.140101,-0.325841,0.261514,-0.188536,0.329982,-0.276561,-0.109751,-0.267156,0.827407,-0.209435,0.155893,-0.169539,0.063799,-0.073752,0.162532,-0.083536,0.210555,-0.339827,0.204242,0.115741,0.219765,0.034247,-0.291544,-0.097467
2023-07-20,-0.233227,-0.004517,-0.205276,0.577751,0.370780,0.016961,0.147799,0.074851,-0.356836,0.247898,0.068754,0.082176,0.231990,-0.117075,0.038727,0.543554,-0.239785,0.013364,-0.195796,-0.092504,-0.053708,-0.027020,-0.059068,-0.643037,-0.119002,0.367338,-0.034726,1.083624,0.035943,0.316822,-0.134037
2023-07-21,-0.317219,0.250866,-0.198668,0.730428,-0.237091,0.277775,-0.014482,0.231138,-0.039225,0.083882,-0.173150,-0.101469,0.089352,-0.302726,0.005038,-0.017590,-0.102852,-0.234134,-0.182028,-0.293996,0.254659,0.086697,-0.282095,0.257456,0.060621,0.261286,0.325024,0.219432,-0.178584,0.246930,-0.099159
2023-07-24,-0.109370,0.083576,0.036908,-0.081307,-0.104435,-0.137929,-0.137167,-0.133112,-0.148306,0.052820,-0.372059,-0.045721,-0.187089,-0.226670,-0.186910,0.208052,-0.373678,0.135346,0.080576,0.206789,0.170530,0.016294,-0.214467,-0.366076,0.207532,0.178343,-0.178084,0.430982,-0.053994,0.202913,0.186220
2023-07-25,-0.117929,-0.136725,-0.094674,0.375731,-0.211407,-0.282378,0.628064,-0.108577,0.446757,0.238745,-0.188038,-0.343855,0.276069,-0.119040,-0.001626,0.171117,0.042394,-0.131480,-0.142784,-0.102224,0.266588,0.181638,0.224640,0.501903,-0.033232,-0.081290,0.178648,0.666603,-0.060969,-0.230721,-0.210294
2023-07-26,0.122603,0.050628,-0.498831,0.515413,0.089866,0.404109,0.293542,0.345157,-0.157458,0.229961,-0.208199,0.100055,0.161417,-0.289898,-0.228308,0.255886,0.070764,0.073790,0.410164,0.208964,0.036516,0.169796,-0.327568,0.102709,-0.069480,-0.145283,0.008176,0.434228,-0.185239,0.118672,0.040189
2023-07-27,-0.027453,-0.275698,-0.371936,0.172062,0.019977,-0.128831,0.525448,-0.119924,0.145547,0.243436,-0.307502,0.109502,0.052569,-0.109244,-0.043896,0.096129,-0.086143,-0.146350,0.070134,0.054408,0.101561,0.490528,0.132984,0.548424,0.311432,0.052679,0.001120,0.190629,0.287520,-0.241328,0.036161
2023-07-28,-0.067236,0.006515,-0.151770,0.750134,-0.164125,0.136095,0.598652,0.250809,0.026679,0.258955,-0.257711,0.319032,0.147381,-0.255772,-0.202819,-0.010601,-0.133210,-0.296313,0.085042,0.072869,0.190181,0.682316,-0.241272,0.232963,-0.173144,-0.075162,-0.022939,0.054036,-0.325996,-0.291696,0.324850
2023-07-31,0.036422,-0.177954,-0.162302,-0.110046,-0.091136,-0.027065,0.553351,-0.016710,0.088324,0.184808,-0.210409,-0.275863,0.189751,-0.271963,0.436865,0.129121,-0.074169,0.199541,0.079605,-0.111729,0.648066,0.051656,0.050512,0.214577,-0.019652,-0.232487,-0.084500,0.140015,-0.160912,-0.079469,-0.003261
2023-08-01,-0.267958,0.158466,-0.186490,0.485569,-0.190936,0.262146,-0.041544,-0.036892,-0.037125,0.601659,-0.094591,-0.037431,0.155197,-0.208535,-0.042766,0.525104,-0.280510,-0.437142,-0.096578,0.264604,0.340632,0.267902,-0.004232,-0.056151,0.178374,0.288022,-0.276358,0.502765,-0.163953,0.170726,-0.078363
2023-08-02,-0.339860,0.210377,-0.214806,0.156195,0.239059,-0.031515,0.023214,-0.056040,-0.034505,0.365378,0.229416,0.425430,-0.077270,-0.227980,-0.010503,0.388058,-0.149916,0.049251,0.306939,-0.190603,-0.019014,0.250315,-0.079852,0.233183,0.206547,-0.258297,0.232588,0.852090,-0.524229,-0.068966,-0.200917
2023-08-03,-0.168777,-0.218166,-0.181011,0.472274,-0.180883,-0.238367,0.057345,-0.065883,-0.191879,0.299816,0.054465,-0.107180,0.346248,-0.192010,-0.012458,0.105338,0.200029,0.292236,-0.219275,0.012006,-0.161292,0.474667,0.100174,-0.121462,-0.034559,-0.102279,0.136436,0.139939,-0.025009,-0.266206,-0.268031
2023-08-04,-0.453306,-0.018722,-0.193593,0.038684,0.272917,-0.106956,-0.017776,-0.043896,-0.177184,0.157616,-0.061687,-0.086413,-0.114393,-0.044509,-0.437493,0.304943,-0.012098,-0.244476,0.460755,0.161814,-0.058352,0.111782,0.137671,-0.033288,0.125855,0.026559,-0.158178,0.302114,-0.272804,-0.068797,-0.331531
2023-08-07,-0.278463,-0.036271,-0.218435,0.482793,0.109167,-0.041675,0.206438,0.209556,0.202054,0.306923,-0.213065,-0.058843,-0.117871,-0.204617,-0.202303,0.211791,-0.152535,-0.153500,0.208143,-0.115103,-0.186150,0.244465,-0.237180,-0.125331,-0.153717,0.661938,-0.310078,0.003671,0.299567,-0.159792,-0.002618
2023-08-08,0.146473,-0.389786,0.168872,0.301491,-0.121978,0.255571,-0.027688,0.071891,-0.175502,0.259272,-0.045797,-0.205155,-0.145294,-0.269916,0.018497,0.167710,-0.069850,0.462301,-0.114485,0.134649,0.276697,0.462804,-0.186032,0.058779,-0.087417,-0.088815,-0.187405,0.213821,-0.295401,0.117863,-0.134631
2023-08-09,-0.042533,-0.175942,-0.165954,0.198004,-0.052137,-0.059088,-0.129090,-0.227554,0.259016,0.300947,-0.160872,-0.110939,-0.113322,0.100893,0.122424,0.644392,-0.246793,0.060747,-0.100572,-0.234405,-0.187868,0.019305,-0.020428,0.057906,-0.206280,-0.032758,-0.177275,0.737015,-0.410818,-0.087741,0.120556
2023-08-10,-0.004415,0.069771,-0.095109,0.345832,0.005072,-0.124308,0.216729,0.076036,0.127716,0.176316,0.554927,-0.084108,-0.151804,-0.276716,-0.196006,-0.032223,-0.118295,-0.118013,0.089516,-0.364562,-0.080328,0.480093,-0.281472,-0.116976,-0.249877,-0.291411,-0.333939,0.090834,-0.217536,0.352365,-0.231703
2023-08-11,-0.145202,0.182370,0.049483,0.273206,-0.118643,0.272507,-0.194993,-0.504063,-0.297416,0.066529,-0.161990,-0.310848,-0.211698,0.030210,-0.212090,0.061644,-0.162730,-0.112962,0.067220,-0.119045,0.223118,0.211910,0.015430,-0.205192,-0.291637,0.126670,0.211766,0.119462,-0.135309,-0.148048,-0.098890
2023-08-14,-0.248109,-0.195649,-0.097620,0.470130,0.039916,0.280581,0.055054,-0.145509,-0.066082,0.173591,0.047002,-0.074657,-0.089967,0.049722,-0.220710,-0.200191,0.417551,0.290713,0.181675,0.023016,0.152110,-0.249150,0.245972,-0.082595,0.220377,0.060931,-0.070346,-0.229796,0.429682,-0.196813,-0.136666
2023-08-15,0.280315,-0.084061,-0.126776,0.157802,0.220084,0.116626,-0.299150,0.102396,-0.011055,-0.203995,-0.001154,-0.141212,0.191584,0.072086,-0.072295,-0.140143,0.607335,0.433470,-0.133241,0.117203,0.005256,-0.282550,0.488913,-0.356271,0.187029,0.269399,-0.161049,-0.227541,0.272421,-0.016046,-0.142854
2023-08-16,-0.313794,0.280827,0.226493,0.118144,0.288428,-0.142810,0.092352,-0.457474,-0.199817,-0.254037,0.238018,0.230466,0.079847,-0.194370,-0.402094,-0.007602,0.467245,-0.258660,-0.272750,-0.090259,-0.212197,-0.216163,0.379711,-0.043632,-0.110785,-0.111157,0.034502,-0.166356,0.486583,-0.174193,-0.087707
2023-08-17,0.020289,-0.050621,0.173063,-0.091507,0.361226,0.028432,-0.273326,-0.433628,0.392712,-0.170592,-0.143379,0.093094,-0.258027,-0.170856,-0.074983,0.417199,0.854895,-0.192140,-0.001015,0.296828,-0.207045,0.465069,0.326971,-0.188910,-0.180336,0.048891,0.018234,-0.190539,0.776507,-0.079320,-0.082257
2023-08-18,0.167783,-0.241834,0.066058,0.404354,0.955292,-0.117250,-0.301591,0.027163,-0.316546,0.133352,0.450139,-0.003916,-0.330858,0.032917,-0.379728,0.226217,0.214624,-0.016029,-0.044378,-0.101683,-0.068119,-0.103065,0.210749,-0.144351,0.224321,-0.245874,-0.422333,-0.235198,0.149714,-0.050772,-0.057654
2023-08-21,0.071766,0.206278,0.032116,0.182460,0.226383,-0.030044,-0.127833,-0.074442,-0.100781,0.397580,0.351458,0.083015,-0.485881,-0.051814,-0.075298,0.269043,0.204496,0.493109,-0.117202,0.051929,0.225489,-0.024350,0.268227,0.184321,-0.194512,-0.269650,0.247030,0.038931,0.155090,-0.212513,-0.032735
2023-08-22,-0.186027,0.309096,-0.144511,0.108085,0.232407,-0.007458,-0.097936,-0.206019,-0.053207,0.121950,0.118812,-0.310212,-0.048022,-0.451138,-0.143176,-0.074999,0.196252,-0.038350,-0.089910,-0.045703,0.107369,0.052905,0.563554,0.089889,-0.211991,0.487387,-0.197376,0.247535,0.645777,0.255027,-0.073241
2023-08-23,0.194207,0.017545,0.213625,-0.148330,0.419861,0.302275,0.475391,-0.408647,0.023607,0.075894,0.112953,-0.095796,-0.075657,-0.262801,-0.226177,0.219794,0.226237,0.188094,0.343906,-0.113572,-0.072102,-0.236412,0.254405,0.172295,0.218792,0.081759,-0.287547,-0.210904,0.489727,-0.293622,0.217095
2023-08-24,-0.116281,-0.170206,-0.170255,-0.027702,0.374306,-0.253427,0.129857,0.121790,0.362868,-0.335185,0.177983,-0.087955,-0.147166,-0.131349,0.025607,-0.090040,0.548660,-0.214340,-0.323479,-0.061221,-0.250798,-0.089217,0.395680,0.331421,-0.208582,-0.178597,0.271974,-0.194818,0.642713,-0.178274,0.200727
2023-08-25,-0.128720,-0.297523,-0.164626,0.375302,0.181856,-0.027454,-0.172104,0.155366,-0.019794,-0.226441,0.107590,-0.048751,-0.305145,0.041054,0.046389,-0.195792,0.534595,0.210239,0.124614,-0.129100,-0.091546,0.033550,0.317937,0.092333,0.248932,0.263959,-0.243066,0.016493,0.515341,-0.075779,-0.087008
2023-08-28,-0.130976,-0.249383,-0.178858,-0.016517,0.306953,0.124412,-0.159642,-0.347588,-0.503240,-0.153069,-0.026972,-0.210458,-0.221942,0.005476,-0.138522,-0.118534,0.306055,0.520958,0.140421,0.215643,0.208271,0.095500,0.312564,0.090330,-0.397484,-0.067212,-0.188542,-0.309936,0.313893,0.018106,0.089157
2023-08-29,-0.183260,-0.097929,-0.136269,-0.100196,0.203454,0.049361,-0.274769,-0.207618,-0.457183,0.273277,0.246262,0.041807,-0.093760,-0.373773,0.043812,-0.205221,0.340596,-0.104648,0.178417,-0.265575,0.122068,-0.101384,0.519794,-0.053350,-0.167598,0.017263,-0.005895,-0.211693,0.565292,0.207776,0.154546
2023-08-30,0.121108,-0.038964,-0.046182,0.108237,0.651111,-0.152723,-0.131609,-0.027082,-0.163397,-0.191572,0.124861,-0.104165,0.019737,-0.008335,-0.251613,0.573077,0.513025,-0.136303,-0.068648,-0.286872,0.022230,-0.147764,0.137946,0.326657,0.195518,-0.158139,0.252950,-0.130255,-0.015631,0.112052,0.044889
2023-08-31,0.313266,0.175703,-0.159662,0.083437,0.255026,-0.127595,-0.140695,-0.256503,-0.139695,-0.251522,0.603675,-0.156121,-0.274643,0.283360,-0.205423,0.212899,0.458413,-0.079443,0.074274,-0.019315,-0.108529,-0.113231,0.422195,-0.034064,-0.102892,-0.218117,0.117847,0.524084,0.601208,-0.096192,0.091202
2023-09-01,0.238588,0.033684,-0.072101,0.163198,0.004790,-0.030658,0.140772,-0.155106,-0.130075,-0.059209,0.526365,0.087816,-0.194842,-0.583128,0.178251,0.126119,0.333378,0.443655,-0.100224,0.157844,-0.187534,0.082464,0.206849,-0.338279,-0.154939,-0.154026,-0.111529,-0.169659,0.265374,0.011245,-0.159821
2023-09-04,0.081210,0.373968,-0.065078,-0.084386,0.323459,0.005857,-0.134845,-0.030076,-0.199449,-0.325693,-0.068591,-0.138796,-0.200762,0.343328,-0.197161,-0.162846,0.664341,0.139590,0.251578,-0.276518,-0.112746,-0.260514,0.076373,-0.283622,-0.299381,-0.065122,-0.388413,-0.017069,0.430155,-0.108583,0.139281
2023-09-05,0.135153,-0.029801,0.320385,0.290009,0.298147,0.074354,0.051722,0.235939,0.112104,-0.324164,0.209091,0.039847,0.217143,-0.330359,-0.062876,-0.322101,0.382266,-0.180891,-0.159959,0.319125,-0.215362,-0.162219,0.400168,0.538289,0.121288,-0.045418,0.072412,-0.020891,0.428298,-0.171633,0.009313
2023-09-06,-0.213000,-0.066393,0.012832,-0.074210,0.169924,0.112110,-0.026403,-0.270465,-0.047567,-0.142892,0.337776,0.240475,0.594112,0.301349,-0.300109,-0.019724,0.029334,-0.037932,0.053149,-0.050679,0.180576,0.025458,0.150272,0.004921,-0.341873,0.452405,-0.114056,-0.133594,0.747029,-0.100974,-0.048019
2023-09-07,-0.075452,-0.069416,-0.040663,0.119173,0.514546,-0.264489,-0.316885,-0.217133,-0.202101,-0.199807,0.126540,-0.015179,0.037683,-0.237562,0.026328,-0.100058,0.231829,-0.004757,0.015711,-0.149410,-0.198368,0.005852,0.097360,-0.206718,-0.201354,0.022279,-0.235488,-0.031531,0.481743,-0.086510,-0.002239
2023-09-08,-0.254115,0.276381,0.083545,0.150480,0.268407,-0.349683,-0.158529,-0.046390,-0.003169,-0.288413,0.364055,0.106589,-0.121164,0.211367,0.258405,0.017119,0.578870,-0.111536,-0.130508,-0.117311,-0.235733,-0.089058,0.307509,-0.232153,-0.090565,-0.161977,0.067164,-0.028786,0.199334,-0.194226,-0.003938
2023-09-11,-0.249958,0.485386,-0.110462,0.142004,0.412760,-0.123305,-0.063312,-0.254263,0.120190,-0.075827,0.119257,-0.401661,-0.034305,-0.128476,0.425616,0.139793,0.145521,-0.145109,0.088328,-0.043165,-0.157063,0.210487,0.217210,0.052664,-0.083490,-0.122571,-0.241417,-0.343911,0.333269,-0.190585,-0.207601
2023-09-12,0.097354,-0.267865,-0.173798,0.012675,0.186922,-0.046063,0.363790,0.122065,0.046843,0.036588,0.481027,-0.153395,-0.169072,-0.203384,-0.226571,0.532191,0.130203,-0.041126,-0.145627,-0.025231,0.320670,-0.394637,0.352951,-0.097415,0.080420,0.199154,0.062202,-0.026346,0.342584,0.049415,-0.349816
2023-09-13,0.019994,-0.279414,-0.081855,0.045704,0.251189,-0.287985,-0.183940,0.249151,-0.289894,-0.321448,0.133558,-0.181268,-0.017041,-0.177887,0.158465,0.215452,0.659971,0.315780,-0.114481,0.069113,-0.168875,0.086695,0.458952,0.260122,-0.068170,-0.188763,-0.038150,0.020771,0.351381,-0.015738,-0.046734
2023-09-14,-0.016252,0.022545,0.014402,0.116569,0.116099,0.221516,-0.037774,-0.090387,-0.051792,-0.045914,0.144667,-0.085763,-0.110498,-0.222678,0.086349,-0.094094,0.499040,0.455967,-0.005549,-0.217041,0.359575,0.229920,0.186303,0.173096,-0.338504,-0.201545,-0.106208,-0.141205,0.105444,0.610623,0.034102
2023-09-15,0.254818,-0.330550,0.175999,-0.061513,-0.059698,-0.311337,-0.004525,0.116455,-0.093691,-0.347447,0.156284,-0.351629,0.418916,-0.236520,-0.227120,-0.013004,0.345699,-0.020281,0.055600,-0.351349,-0.160571,-0.323837,0.137475,-0.189408,-0.046182,-0.211193,-0.068020,-0.247382,0.364075,-0.008326,-0.015939
2023-09-18,-0.366742,-0.118936,0.088738,0.325516,0.250609,0.435560,-0.295340,-0.043554,-0.222047,-0.444225,0.264123,0.028764,0.209658,-0.265787,0.310277,-0.096958,0.609859,-0.152369,-0.275961,-0.170363,-0.195149,0.055194,0.199981,0.443074,-0.108619,0.219773,-0.029837,-0.006894,0.772238,0.145588,-0.012416
2023-09-19,-0.324663,0.575788,0.219374,0.023016,0.490730,0.282424,-0.207637,0.190814,-0.109861,0.556324,0.313219,0.044958,0.013686,0.037079,-0.239488,0.078609,0.264932,-0.090114,-0.283656,-0.255394,-0.167013,-0.256382,0.632479,-0.137416,-0.273339,-0.079904,-0.179439,-0.577214,0.549704,0.000003,-0.313807
2023-09-20,0.013767,-0.299638,0.022210,0.480596,0.014417,0.224799,-0.110260,0.016313,-0.007186,-0.145003,0.156435,0.081344,-0.099131,-0.246718,-0.165875,0.037522,1.187332,-0.156230,-0.113662,0.092656,0.104642,-0.122799,0.310886,-0.114344,-0.114087,-0.040338,-0.047072,-0.044585,0.338290,0.213353,0.087302
2023-09-21,-0.053314,-0.230499,0.287190,0.123734,0.399442,-0.084722,-0.096286,0.034607,-0.415772,0.076978,0.342221,0.126173,-0.134053,0.314609,0.067711,-0.069076,0.089391,-0.202060,-0.292483,0.084676,-0.316113,0.030557,0.445945,-0.296813,-0.340830,0.062599,-0.005402,-0.073486,0.253942,0.315164,-0.353626
2023-09-22,0.251514,-0.053311,-0.005098,0.076615,0.056842,0.291976,-0.239230,0.007746,-0.051541,0.179999,0.515458,0.011466,-0.104546,0.119250,0.175877,0.324567,0.571805,-0.136066,0.041395,-0.182418,0.051488,0.302258,0.118313,0.225693,-0.057665,-0.153324,-0.030051,0.176767,0.358727,-0.036282,0.027745
2023-09-25,0.077475,-0.321322,0.186806,-0.168667,0.357525,-0.276248,-0.230108,0.108186,-0.142472,-0.206358,0.465451,-0.116746,-0.016379,-0.024925,-0.201173,-0.125937,0.221925,-0.219376,-0.111933,-0.153943,-0.129737,0.436444,0.151229,-0.066056,-0.227838,0.156216,-0.151553,0.022994,0.232394,0.403116,-0.135884
2023-09-26,-0.119669,0.248388,-0.211276,-0.238882,0.123068,-0.217825,-0.054528,-0.210537,-0.172196,-0.139696,0.560881,0.662272,-0.088608,0.154032,-0.059493,0.349730,0.493785,-0.151779,-0.159242,-0.138227,-0.169195,-0.536793,0.502310,-0.072730,-0.238957,-0.264606,-0.045154,0.087982,0.260146,0.255773,0.030104
2023-09-27,-0.181199,0.030368,0.441463,0.180390,0.243402,0.222534,-0.054312,-0.027667,0.258504,-0.185553,0.621106,-0.131556,0.252706,0.269898,-0.043062,-0.317122,0.127434,-0.174527,0.006404,-0.121596,0.254940,0.313673,0.361522,0.056116,0.033450,-0.092530,-0.057137,-0.051744,0.642528,-0.152001,-0.196890
2023-09-28,-0.176345,-0.027905,-0.017836,0.215020,0.275779,0.034268,-0.358279,0.034907,-0.117733,0.215097,0.410057,0.094686,-0.064761,-0.142442,-0.096666,-0.039063,0.447106,0.108814,-0.298633,-0.258504,0.158580,-0.060652,0.453948,-0.307915,0.194652,-0.099150,-0.194745,-0.055867,0.221766,-0.084093,-0.152530
2023-09-29,0.169850,-0.254461,-0.484192,0.030487,0.108223,0.037521,-0.241944,-0.185525,-0.050852,0.275901,0.274906,0.490164,0.392041,-0.413246,-0.110708,0.273378,0.345821,0.018042,-0.216120,-0.189505,-0.286816,-0.029069,0.363878,-0.182567,0.155238,-0.186837,-0.097245,-0.019601,0.491915,0.084991,0.024721
2023-10-02,0.581785,0.100013,-0.119498,0.191963,0.371080,0.223465,-0.188915,-0.302162,0.119695,0.041489,0.243054,0.214521,0.090787,-0.117264,0.204315,-0.324510,0.354672,-0.041378,-0.199176,-0.381770,0.054396,-0.087251,0.343109,0.056768,-0.026950,-0.065107,-0.232214,-0.172052,0.179533,0.024378,0.086632
2023-10-03,-0.066945,-0.087612,-0.003484,-0.006770,0.626775,-0.222771,-0.279654,0.253683,-0.397943,-0.058505,-0.063726,0.081354,0.144984,0.092073,-0.078548,-0.268618,0.534622,0.096840,-0.274096,-0.146601,-0.200768,0.291243,0.043523,0.219286,-0.475508,0.268431,0.632576,0.061213,0.258325,-0.117061,0.065815
2023-10-04,0.096680,-0.164315,0.116592,0.230205,0.177608,-0.044375,-0.208994,-0.178338,-0.159553,-0.094397,0.216992,0.293910,0.023198,0.192187,0.030471,-0.006177,0.353041,-0.142532,-0.235193,-0.099068,-0.177830,-0.133769,0.171716,-0.248676,-0.319201,0.731012,-0.129135,0.767943,0.138335,0.407774,-0.240265
2023-10-05,-0.087499,0.135699,0.010014,0.096483,0.296509,-0.217858,-0.070834,-0.093718,-0.083632,0.173561,0.171261,-0.117925,-0.135104,0.283196,0.028451,0.030555,0.368009,0.097296,-0.114661,-0.184604,-0.054264,-0.083345,0.532104,0.211096,0.204278,0.014131,-0.128524,-0.062451,0.153396,0.280233,-0.108088
2023-10-06,-0.224319,0.344643,-0.016218,-0.275570,0.064631,-0.327864,-0.194243,-0.204007,0.028894,-0.059177,-0.057534,-0.114584,-0.051859,-0.101570,-0.118801,0.516014,0.206275,0.015385,-0.015334,0.045490,0.135662,-0.102354,0.065192,0.189118,-0.238338,-0.243245,0.289428,-0.053062,0.530849,-0.310477,-0.355239
2023-10-09,-0.143745,-0.093255,-0.081017,0.105102,0.083711,0.346986,-0.099996,-0.035669,0.175114,0.297488,-0.020621,0.489102,-0.236141,-0.172915,0.465973,-0.020202,-0.150595,0.020088,-0.154312,-0.215005,-0.145937,-0.152830,0.224150,0.351975,-0.269391,0.283686,0.029878,0.022113,-0.082743,0.439049,0.114169
2023-10-10,0.039512,-0.096894,-0.117219,-0.193410,0.463212,0.534433,-0.614267,-0.125737,-0.188689,-0.105902,-0.102675,0.152050,-0.097893,0.258239,-0.036959,0.256144,-0.049403,0.292455,-0.205693,-0.271201,-0.256562,0.319479,-0.157915,0.574698,-0.242781,-0.129535,-0.128164,0.026049,-0.046940,0.406725,0.128941
2023-10-11,-0.378209,-0.261512,0.178812,-0.005910,-0.064844,0.507896,-0.213095,0.100075,0.024143,0.235337,-0.145870,0.454311,0.064676,-0.016770,0.104305,-0.115692,-0.157060,0.218152,-0.510594,-0.258991,-0.387507,-0.183246,0.169711,0.330833,-0.119322,0.098971,0.168730,0.082892,-0.082804,0.618294,-0.249720
2023-10-12,-0.116846,0.120695,-0.182605,-0.081415,-0.293535,0.374707,-0.309494,0.020960,0.041538,-0.430157,0.189734,0.306165,0.182452,-0.106416,0.210009,-0.461651,-0.174727,0.071134,-0.219846,0.050603,-0.368460,-0.289335,-0.060113,0.120061,-0.037865,-0.048749,0.206834,-0.013965,-0.060584,0.123383,-0.203572
2023-10-13,-0.096959,-0.045357,-0.126649,0.119345,-0.054482,0.039615,-0.107881,-0.220914,-0.122175,-0.248094,0.129408,0.762835,-0.068310,0.157717,-0.274280,-0.124508,0.097126,0.686823,-0.172375,-0.216495,0.267274,-0.005125,0.044141,0.067210,0.304701,-0.463839,0.026132,-0.001072,-0.043138,0.322790,-0.206075
2023-10-16,-0.246435,-0.121032,0.260611,-0.240488,-0.228327,0.337706,0.051088,0.304551,0.009725,0.346416,0.012824,0.216605,-0.234914,0.182205,-0.107983,0.286300,-0.092321,0.414907,0.011504,-0.045676,-0.271485,0.044439,-0.089361,0.290865,0.163624,0.142354,0.300214,-0.205762,0.073587,0.164429,-0.081289
2023-10-17,-0.173014,0.473059,0.212892,-0.134694,-0.155511,0.237269,-0.155662,-0.200804,0.004868,0.000196,-0.090308,0.793473,-0.008909,0.275083,-0.015495,0.347784,-0.083464,0.540345,-0.226401,0.000448,0.186788,-0.127282,0.191132,0.251835,-0.078373,-0.162503,0.308626,0.195352,-0.130504,0.066990,-0.074652
2023-10-18,0.374369,-0.080035,0.099024,-0.162948,-0.292089,-0.163622,-0.318199,0.108897,0.303250,-0.062376,-0.121576,0.290608,-0.115605,-0.036531,-0.192169,-0.060986,0.144612,0.102422,0.168120,-0.067654,-0.048758,-0.261618,0.155681,0.261842,0.088146,-0.069607,0.283864,-0.174925,0.234539,0.322315,0.085410
2023-10-19,0.116172,0.114100,-0.183681,0.284657,0.103062,0.129681,-0.191608,-0.160271,-0.285636,-0.157150,0.054307,0.509769,0.118341,-0.101324,-0.006587,0.082107,0.107661,0.221017,-0.220307,0.137957,-0.332478,-0.216915,-0.123761,0.115104,0.066134,0.285100,0.137180,-0.106544,0.495612,0.592253,0.286854
2023-10-20,-0.106638,-0.214507,-0.336406,-0.234569,-0.382749,0.159871,-0.370243,-0.305833,0.074015,0.319464,0.006680,0.445782,0.267128,-0.381825,0.107585,-0.183842,-0.217812,0.378432,0.109994,0.344946,-0.134871,-0.095717,0.270696,0.164038,0.210494,-0.153221,0.033750,0.338976,0.312420,0.417789,-0.043331
2023-10-23,0.041233,-0.389860,-0.066486,-0.214129,0.004771,-0.126637,-0.180216,0.305268,-0.031338,0.394866,0.032688,0.242704,-0.118303,0.376721,0.190837,-0.026206,-0.338294,0.290463,-0.180815,-0.008001,0.321479,0.250645,-0.077187,0.283688,0.549014,-0.046137,0.110208,0.144660,-0.030670,-0.067303,-0.145401
2023-10-24,0.253005,-0.025515,0.071118,0.084888,-0.317272,0.237290,-0.304968,-0.107747,-0.121685,-0.091937,-0.259458,0.413960,-0.147745,-0.146680,0.215066,0.090914,0.007381,0.040135,0.433612,0.166598,-0.096778,-0.023830,-0.124567,0.111220,-0.065332,0.089363,0.115476,0.059891,0.237498,0.307204,-0.141514
2023-10-25,-0.211317,0.102860,-0.201902,-0.271371,0.202641,0.629570,-0.009924,-0.052626,-0.220079,0.175264,-0.207700,0.159209,-0.088205,-0.277766,-0.058483,-0.224068,-0.102213,0.583611,-0.283754,-0.055222,0.173228,0.171665,-0.007098,0.455019,-0.123833,0.428054,0.457917,-0.012860,-0.154876,0.209624,-0.180218
2023-10-26,-0.106130,0.253208,0.573555,-0.014675,-0.414195,0.478630,0.551774,-0.051474,-0.021386,-0.071976,0.151983,0.407046,-0.033993,0.092945,0.308762,0.291347,0.020924,0.315174,0.243681,-0.043950,-0.164013,-0.205947,0.193373,0.469205,-0.106139,-0.054072,-0.149360,0.134802,0.322768,0.183038,-0.481123
2023-10-27,-0.150366,-0.160406,0.170624,0.096510,-0.137592,0.604390,0.089131,-0.302684,-0.045035,-0.079198,0.343340,0.641893,0.131118,-0.028053,-0.065108,-0.143284,0.245995,0.211256,-0.199423,-0.233202,0.124506,-0.125965,-0.040540,0.273439,-0.043452,0.123742,0.178525,0.052052,-0.224826,0.275340,-0.308513
2023-10-30,-0.069803,-0.023974,0.074439,-0.063086,0.037183,0.155634,-0.129484,-0.062055,-0.101271,-0.210044,-0.442736,0.203927,0.097999,0.215362,-0.058375,0.028804,-0.182760,0.211439,-0.378192,-0.049478,-0.121110,0.087714,-0.148473,0.457402,-0.133859,0.167405,0.224154,0.293693,-0.248825,0.206141,-0.087489
2023-10-31,0.130332,0.365214,-0.033175,-0.355678,-0.153306,0.817798,-0.264582,0.004012,0.241490,-0.183730,-0.152477,0.160646,0.509302,0.005341,0.147666,0.178859,0.095070,0.332766,-0.068569,-0.194229,0.305918,-0.029660,-0.058549,0.155829,0.086670,0.084130,0.256330,-0.041060,-0.179050,0.274925,0.126935
2023-11-01,-0.127918,-0.226232,-0.149341,-0.053869,-0.045391,0.575499,0.020249,0.050985,-0.063091,-0.138283,-0.030921,0.167174,0.130870,0.363445,-0.172157,0.137805,-0.146272,0.180372,-0.114247,-0.163636,-0.352762,-0.203871,0.101728,0.172589,0.182988,-0.121473,0.449026,0.189480,0.032025,0.023441,-0.182960
2023-11-02,0.076105,-0.045052,-0.357989,0.014108,0.101247,0.274785,-0.310089,-0.129439,-0.022824,-0.149960,-0.063130,0.352202,-0.037675,-0.021368,-0.175592,0.254103,-0.217294,0.611176,-0.168944,0.133694,-0.017906,-0.266164,0.154171,0.503582,-0.274215,0.201177,-0.067215,-0.044823,-0.017049,0.008175,0.083306
2023-11-03,0.029394,-0.464576,-0.151723,0.087842,0.009012,0.239907,-0.354654,-0.070748,-0.077882,-0.033678,0.327868,0.320330,0.030868,0.237836,-0.137489,-0.074566,0.251575,0.008307,0.119796,0.105891,0.193397,-0.083145,-0.054918,0.130914,0.161238,-0.234880,-0.072174,0.237612,0.016549,-0.163011,-0.087077
2023-11-06,-0.024978,0.098362,-0.124935,-0.232583,-0.147589,0.617907,-0.262449,-0.121925,-0.105590,0.038463,0.023453,0.131149,0.168672,-0.037045,0.270281,0.020164,-0.140985,-0.129048,-0.144712,0.070659,-0.075211,-0.156778,0.200507,0.792473,-0.169673,-0.178633,-0.039220,-0.185841,-0.165403,0.283239,0.108442
2023-11-07,0.003885,0.190018,-0.046328,0.526204,-0.027410,0.114898,-0.229234,0.277020,0.156794,0.077095,0.136609,0.416256,-0.131503,-0.233506,0.035733,0.032595,-0.080563,0.009266,-0.310647,-0.290758,0.131695,0.265787,0.040897,0.358695,-0.047945,-0.278249,-0.099982,-0.011815,-0.230427,0.178886,-0.298411
2023-11-08,-0.209304,0.029840,-0.048984,-0.042180,-0.076056,0.171614,-0.090673,-0.099944,0.189848,0.001637,-0.072912,0.364088,0.206106,0.168883,0.148062,-0.306717,-0.358818,0.335428,-0.246704,-0.251850,0.112675,-0.076660,-0.153409,0.056665,0.175901,0.094506,0.214279,-0.378310,-0.216749,0.552505,-0.125365
2023-11-09,-0.132173,-0.091453,-0.318512,0.356006,-0.115474,0.333347,-0.252636,-0.220936,0.067830,0.037959,0.213027,0.439566,0.108249,0.048613,-0.090032,0.374889,0.145228,0.433884,-0.092627,-0.026519,-0.199341,0.411620,-0.053010,0.204694,-0.036453,-0.099620,-0.017008,-0.295429,0.190474,0.205559,0.320975
2023-11-10,-0.071587,-0.043162,-0.046079,0.111209,-0.108931,0.092926,-0.139417,-0.102502,0.101267,-0.192784,0.040418,0.047770,0.215336,-0.209367,-0.351509,0.127089,-0.082400,0.082492,-0.175858,-0.118393,0.088454,-0.195168,-0.079974,0.437337,0.192284,-0.136436,-0.028352,0.147644,-0.041819,0.007064,-0.215140
2023-11-13,-0.090193,0.159302,-0.086559,-0.141740,-0.373803,0.078386,0.064451,-0.024198,-0.018437,-0.012889,-0.239181,0.612051,0.528073,0.193322,0.045345,0.094819,0.032183,0.332235,0.214965,0.052853,-0.055466,0.217111,-0.229671,0.216658,-0.022286,0.081813,-0.139173,-0.056508,-0.000137,0.079749,-0.067268
2023-11-14,-0.097165,-0.059156,-0.219621,-0.282296,-0.152616,0.108345,0.074673,0.300761,-0.020131,-0.237438,0.199846,1.003900,0.330411,-0.385302,0.321617,0.136656,0.005678,0.321724,0.183214,0.093115,-0.007006,-0.270476,-0.190069,0.437848,0.234492,0.170959,0.076811,-0.001884,0.292408,0.256620,0.069303
2023-11-15,-0.123977,-0.069296,-0.367160,-0.099381,-0.288088,0.708094,-0.334410,-0.015070,0.072999,0.043578,0.273796,0.335336,0.848044,-0.032131,-0.156541,-0.116431,-0.095419,0.484437,0.090010,-0.272686,-0.032950,-0.332147,0.184118,0.801038,0.127005,0.279013,-0.159405,-0.000625,-0.218401,0.389601,-0.080940
2023-11-16,0.011295,0.311513,0.070508,0.149381,-0.009017,-0.044545,-0.138132,0.154725,0.012413,-0.122165,0.437745,0.297634,-0.082011,0.010993,-0.197465,-0.021691,-0.109993,-0.056768,0.036322,-0.110873,0.072507,-0.046375,-0.159896,0.131810,0.374881,-0.215907,-0.030803,-0.268859,-0.116445,0.068813,-0.122435
2023-11-17,-0.440008,0.002785,0.106320,0.302863,-0.185806,0.209430,0.115483,-0.013373,-0.104897,0.049479,-0.022950,0.276139,-0.362364,0.332160,-0.284524,-0.104903,0.005163,0.121191,0.014346,0.022899,0.026015,-0.043884,-0.069235,0.408610,-0.120855,-0.166952,-0.072227,-0.089607,0.010203,-0.078814,-0.092935
2023-11-20,-0.162561,-0.070031,-0.186739,-0.043492,-0.237546,0.388387,0.383994,-0.144292,0.071153,0.312212,-0.025805,0.144689,0.087200,-0.046621,-0.024054,0.074393,-0.177345,0.821297,-0.191999,-0.436583,0.003041,-0.169706,0.019818,0.451087,-0.016534,-0.050778,-0.108004,-0.001326,-0.213051,0.033310,0.115794
2023-11-21,-0.076878,0.159630,0.067434,-0.359723,-0.190047,0.176197,-0.049451,-0.142613,0.334634,-0.156972,0.204336,0.244645,-0.168293,0.095037,-0.198261,0.081729,-0.105919,0.312187,0.300050,-0.105337,-0.073759,0.045234,-0.302062,0.262055,-0.057789,0.120200,0.089733,-0.402363,-0.214727,0.306134,0.239328
2023-11-22,-0.281605,0.100709,-0.172864,-0.421455,0.184726,0.342499,0.199388,-0.027966,-0.120984,0.117572,0.160972,0.515756,-0.155167,0.235371,-0.058481,-0.243886,-0.233059,0.163112,-0.095934,-0.113224,0.083197,0.032886,0.270180,0.249007,0.192019,-0.242264,0.063633,-0.125804,0.062701,0.312545,0.158364
2023-11-23,-0.289532,-0.096844,-0.057346,0.279781,-0.316541,-0.032357,-0.380582,-0.226549,0.434451,0.086086,-0.188826,0.119173,0.064697,-0.270529,0.035458,-0.016215,-0.082167,0.201245,-0.076492,0.426995,0.252638,-0.127098,-0.263017,0.413048,-0.041881,0.255808,-0.012447,-0.447850,0.022751,0.352546,-0.015193
2023-11-24,0.005175,0.276116,-0.192007,-0.249244,-0.115949,0.109561,-0.243652,0.336169,0.213798,-0.187622,-0.257855,0.281757,0.328888,-0.184252,-0.192649,-0.224053,-0.311103,0.072103,-0.041657,-0.035679,-0.080468,-0.010685,0.121935,0.160494,-0.100942,0.292956,0.232401,-0.233796,-0.089790,0.163547,0.114116
2023-11-27,-0.074455,-0.216268,0.322903,0.185663,-0.216875,0.230923,0.202395,-0.215002,0.013501,0.346316,-0.123316,-0.036580,-0.167578,-0.176400,-0.112815,-0.036999,-0.417885,0.135038,0.180728,0.123356,-0.044053,0.061617,0.416274,0.571643,-0.306317,0.065777,-0.157841,-0.113916,-0.350351,0.161325,-0.314046
2023-11-28,0.071163,-0.154807,0.146189,-0.266838,0.088732,0.859228,-0.240187,0.100240,0.033902,-0.157857,0.015049,0.367415,-0.163351,0.030133,-0.088166,-0.406516,-0.107376,0.197829,0.058457,-0.199847,0.419915,-0.097490,-0.024407,0.511823,-0.327501,-0.273453,0.248891,-0.006887,0.272132,0.507806,-0.158566
2023-11-29,-0.033262,-0.058471,-0.110870,-0.045661,-0.290540,0.278855,0.057838,-0.251710,0.117448,0.087483,-0.179457,0.247573,0.276227,-0.071252,-0.044715,-0.297604,-0.275881,0.231159,-0.140365,0.563825,0.545871,0.047219,0.065627,0.194620,0.169934,-0.169481,-0.067051,-0.010677,-0.291119,0.173775,-0.202882
2023-11-30,0.018829,0.272101,-0.371949,-0.157107,-0.083238,0.035086,0.039173,-0.010178,-0.145371,-0.123247,-0.241776,0.104258,-0.217748,0.400668,-0.228674,0.151885,-0.104880,0.074150,0.220188,-0.019038,0.010687,-0.188256,0.206509,0.186343,-0.087757,-0.091664,0.145294,-0.027327,-0.169235,0.011921,-0.226950
2023-12-01,0.551142,-0.209992,-0.020283,-0.191054,0.124435,0.329213,0.212337,0.184687,0.140588,0.447543,-0.003640,0.816139,-0.138645,-0.127657,-0.157479,0.129369,-0.283523,0.038590,0.274185,-0.030201,0.114078,-0.087695,-0.105763,0.056950,0.361858,-0.206992,-0.097811,-0.013565,-0.360052,0.542357,-0.197714
2023-12-04,0.169284,-0.109247,-0.233396,0.013471,-0.178048,0.041007,0.321124,-0.036632,0.071037,-0.207690,-0.209984,0.198937,0.289602,-0.041035,-0.220859,0.012130,-0.056901,-0.174806,0.112340,0.010234,-0.056863,-0.079596,-0.031103,-0.053803,0.615153,-0.050806,-0.007273,0.180339,-0.261263,0.113925,-0.041579
2023-12-05,0.039795,0.150820,0.271833,-0.010807,0.285525,0.132718,0.317052,0.125048,-0.164472,-0.075149,-0.033339,-0.074584,0.198645,-0.411664,-0.304694,0.486317,-0.073290,-0.216956,0.371230,0.126625,-0.149699,0.180907,0.120780,-0.020046,0.489430,0.099553,-0.033987,-0.284378,-0.268541,0.053292,0.556530
2023-12-06,0.375054,0.021801,0.354011,-0.066090,0.387096,0.497197,0.433292,-0.239497,0.088543,-0.021410,-0.459298,0.310184,0.410201,-0.172244,0.043064,-0.152153,-0.105210,-0.123185,0.231971,0.128305,0.129896,0.251013,-0.306021,0.123326,0.275096,0.092091,-0.053554,-0.063346,-0.006505,0.091442,0.300987
2023-12-07,0.757297,0.032490,0.127763,0.165180,-0.135668,0.163448,0.246453,-0.203128,-0.116950,0.280649,-0.179485,-0.105602,0.334421,-0.059961,-0.171204,-0.157629,-0.186721,-0.284489,0.039583,-0.032776,0.337371,-0.021395,0.258610,0.115428,0.143781,-0.145623,-0.028613,-0.277931,-0.211294,-0.019151,0.117479
2023-12-08,0.146451,-0.073138,0.485160,0.237975,0.030616,-0.069762,0.189648,-0.160354,-0.610364,-0.069808,-0.030667,0.052660,0.322993,-0.189331,-0.207621,-0.303039,-0.331923,0.005693,0.177615,0.260101,0.518629,0.143016,-0.059981,-0.075943,0.597407,-0.318545,-0.098188,-0.159964,-0.041812,-0.234637,0.207216
2023-12-11,0.005828,-0.113478,0.051647,-0.162626,-0.052610,0.274134,0.204722,-0.093409,-0.089360,-0.040129,0.039555,0.153431,-0.029579,-0.125355,0.116582,0.383441,-0.297323,-0.178991,0.749523,0.420332,0.128774,-0.329970,0.460214,-0.073176,0.242280,-0.203206,-0.414930,-0.272785,-0.468466,-0.275695,0.172796
2023-12-12,0.261950,-0.149337,0.068689,-0.249826,-0.052792,0.118032,0.357919,-0.018227,-0.165790,0.125144,-0.173875,-0.220658,0.475739,-0.238537,0.117840,0.069863,-0.076612,-0.211263,0.350282,0.024356,0.234604,0.081064,0.292576,0.042551,0.354451,-0.147420,-0.316478,-0.143697,0.105256,-0.219032,0.136498
2023-12-13,0.343285,0.187688,0.102274,0.240823,-0.096784,-0.060441,0.116681,-0.333669,0.270766,0.041324,0.265327,0.016898,0.002069,-0.075009,-0.084056,-0.185104,-0.148913,-0.250628,0.250042,-0.018028,0.073104,-0.259139,0.307527,-0.204920,0.382268,0.105402,0.324055,-0.101539,0.310741,-0.143317,-0.010716
2023-12-14,0.273239,0.226777,-0.123281,0.434511,0.068894,-0.150792,0.154257,-0.196206,-0.126375,-0.287508,0.069432,0.030124,0.539896,0.362411,-0.027581,-0.163876,-0.007265,-0.101637,0.864781,-0.162432,-0.200707,-0.147749,-0.042421,-0.072225,0.193801,0.127319,-0.278145,-0.118023,-0.187459,0.183756,0.350701
2023-12-15,0.458571,-0.309722,0.492167,0.066673,-0.056471,-0.095843,0.248448,0.077646,-0.094880,0.004716,0.526581,-0.218733,0.114527,-0.345045,-0.155570,0.348162,0.034805,-0.062202,-0.011237,-0.021583,0.016849,0.096440,0.144639,0.096765,0.427292,0.073528,-0.089698,0.278182,-0.354660,0.251665,0.341945
2023-12-18,0.210719,0.339924,0.050551,-0.154533,-0.171591,-0.018950,0.412111,-0.068529,-0.016374,-0.186988,0.259342,0.091237,0.328177,0.188521,0.153956,-0.220321,0.265098,-0.015519,0.256757,0.199171,-0.031997,0.075622,0.429396,-0.328777,0.512418,0.041058,-0.013192,0.230981,-0.236533,-0.205104,0.256368
2023-12-19,0.370727,-0.002293,0.123547,-0.290417,0.342069,0.290148,0.272631,-0.101529,-0.118002,0.069862,0.079408,0.204763,0.156968,-0.018005,-0.058490,0.483688,0.292700,-0.115259,0.184961,-0.092804,0.175026,0.061301,-0.078655,0.060072,0.551339,0.218159,-0.249901,0.105099,-0.170572,0.103601,0.342501
2023-12-20,0.431708,-0.074140,0.560402,-0.431190,-0.161389,0.269987,0.346195,0.199909,-0.199346,-0.244606,0.063143,0.405618,0.451760,-0.013509,0.059630,0.301361,0.158526,0.282154,0.508513,0.044983,0.166946,-0.122043,0.070074,-0.341219,0.119923,0.145371,-0.084266,-0.175394,-0.245445,-0.117088,0.533638
2023-12-21,0.541389,-0.106150,-0.101034,-0.168552,-0.359342,-0.018300,0.099935,0.130187,-0.220782,-0.186712,-0.014494,0.466744,0.186888,-0.365904,-0.018980,0.272200,-0.074447,-0.234707,0.295990,0.131586,-0.063312,0.492644,0.207236,-0.329056,0.244905,0.141895,-0.356148,0.272360,-0.291536,0.241144,0.495251
2023-12-22,0.246647,-0.140231,0.070792,-0.158048,0.206074,-0.029718,0.259372,0.115135,0.522409,0.422286,-0.207623,-0.151071,0.413421,0.504838,0.097840,-0.357334,-0.080551,0.191058,0.554942,0.145177,0.078667,0.099664,-0.174289,0.084363,0.148513,0.336696,-0.053922,0.248754,-0.104877,-0.008446,0.261397
2023-12-25,0.089960,0.193829,0.342596,-0.253187,-0.027305,-0.277825,0.293245,-0.039242,0.061940,-0.252988,0.104826,0.141305,0.539954,0.112920,-0.040657,-0.162137,-0.386294,0.163878,-0.033213,-0.045230,0.131422,0.067421,0.224294,-0.155084,0.274754,0.202998,-0.184004,-0.442014,-0.103833,-0.042207,0.093917
2023-12-26,0.474993,-0.011607,-0.175741,-0.108536,-0.175262,-0.155486,0.553082,-0.199077,0.033346,0.044981,-0.131928,-0.020808,0.128979,-0.307136,-0.040762,-0.045190,0.380584,0.228841,0.007100,0.298483,0.205838,0.027156,-0.155073,0.168560,0.154154,0.267454,0.096605,-0.284002,-0.037836,0.041626,0.190048
2023-12-27,0.369840,0.324670,-0.131430,0.174012,0.020247,0.169696,0.386216,0.176901,-0.209202,0.216104,0.356943,-0.187833,0.256725,-0.070696,-0.030140,-0.166623,-0.182201,-0.173427,0.311836,-0.342357,-0.248194,0.083590,-0.119639,-0.034247,0.176995,-0.093211,-0.462759,0.075278,-0.151014,-0.074942,0.443799
2023-12-28,0.102031,-0.170039,-0.248844,-0.017505,0.081214,-0.164791,0.551830,0.108885,-0.277233,-0.112626,-0.114618,-0.034753,0.359512,-0.054676,-0.116914,-0.287988,-0.040923,-0.054983,0.254444,-0.172790,-0.007102,-0.325609,-0.172073,-0.029867,0.392968,0.168476,-0.094967,-0.317608,-0.079067,-0.218979,0.614780
2023-12-29,0.290413,0.122685,-0.143860,0.205839,-0.014761,0.211520,0.872002,-0.221086,0.143564,-0.098447,-0.043112,-0.125671,0.713181,-0.180165,0.482632,0.228885,-0.157904,-0.037693,0.522984,0.076274,-0.180932,0.100321,-0.345137,0.104481,0.697779,0.007731,-0.337559,-0.170474,-0.190750,-0.158711,0.056756
2024-01-01,0.751217,-0.036522,-0.263502,-0.258847,0.035449,-0.031065,0.704671,-0.180667,-0.321359,0.443639,0.082856,-0.076576,0.200551,-0.271873,0.027111,-0.084001,0.037124,-0.026841,0.702239,-0.120468,0.073790,0.208642,-0.196183,-0.283704,0.822719,-0.279035,-0.020714,0.020532,-0.006845,-0.217924,0.092545
2024-01-02,0.337337,-0.081164,-0.388486,-0.182586,-0.013204,0.062593,0.472724,-0.031691,-0.264028,-0.183903,0.125495,-0.129664,0.841357,-0.008941,-0.037858,-0.081361,-0.049383,0.218464,0.259319,0.083130,0.010277,0.054541,-0.095065,-0.190776,0.499832,-0.042381,-0.174212,0.030624,0.046233,0.570705,0.754437
2024-01-03,0.613292,0.246935,0.184700,-0.027458,0.301228,-0.304264,0.410433,-0.089362,-0.201211,0.149799,-0.046608,-0.131201,0.252335,-0.117635,-0.123973,0.104611,-0.070334,0.298392,0.362827,0.524932,-0.088216,-0.018783,-0.140056,-0.171560,0.344472,-0.035989,0.011136,-0.070115,-0.188663,0.108508,0.044206
2024-01-04,0.172548,-0.069583,-0.090589,0.010744,0.097201,0.190488,0.653692,-0.137945,0.125584,-0.396533,0.238276,0.110408,0.739708,-0.150023,0.127584,0.297100,0.237455,0.250952,0.263914,0.075109,-0.036185,-0.292405,0.626948,-0.089049,0.035033,0.138616,-0.085778,0.059704,0.136902,0.216827,0.193129
2024-01-05,0.334395,-0.006218,-0.230216,-0.011066,-0.118929,0.496630,0.252655,0.116390,0.059028,-0.275108,-0.021282,-0.092523,0.053892,0.245920,0.128488,-0.115369,-0.013551,-0.006383,0.569424,-0.038785,-0.211856,0.071335,0.013294,-0.136562,0.622819,-0.067729,-0.211966,0.366316,-0.476706,-0.204157,0.298073
2024-01-08,0.500079,-0.227755,0.429294,0.024798,0.493946,0.011043,0.151928,-0.127197,-0.327643,-0.136744,0.441885,0.495044,0.394441,-0.325388,-0.085177,0.114166,-0.064493,0.118654,0.149926,0.230789,-0.088758,0.103473,0.147068,0.130604,0.184181,-0.094560,0.212752,-0.214557,0.311600,0.308963,0.266809
2024-01-09,0.027665,-0.251174,-0.130962,-0.194352,-0.168354,0.034500,0.382053,0.269366,0.001910,0.084517,-0.186903,-0.267094,0.270605,0.073667,-0.462033,0.061831,-0.114886,0.068570,0.361531,-0.118365,0.155501,-0.123586,-0.020667,0.210336,0.066958,-0.207800,-0.138324,-0.063700,0.222214,0.194049,0.539769
2024-01-10,0.634474,-0.162013,0.153317,0.190004,0.367361,-0.132108,0.238552,-0.486736,-0.328711,0.060259,-0.137552,0.148367,0.130125,-0.090298,0.097391,-0.001661,-0.078902,-0.120630,0.391530,-0.015948,0.204898,0.212235,0.151114,-0.020435,0.087229,-0.162336,-0.046094,-0.215926,0.405377,-0.041331,0.142881
2024-01-11,0.319039,-0.362017,-0.247605,-0.384234,0.157980,0.176127,0.399012,-0.153886,-0.237386,-0.086084,-0.211217,-0.087336,0.327212,0.090301,-0.240257,-0.081817,0.156376,-0.085313,0.431809,0.008774,-0.199624,-0.298666,-0.010536,-0.367366,0.286839,0.058450,-0.030408,0.002114,0.310586,-0.091506,0.340808
2024-01-12,0.755169,0.149446,0.145530,-0.216496,-0.068338,-0.087032,0.048704,-0.293798,-0.246235,-0.131071,-0.073711,-0.245635,0.165743,-0.480172,0.529642,0.234465,-0.253407,0.243690,0.295948,0.134571,-0.004183,0.348276,-0.104905,0.110146,0.322939,-0.259602,0.152579,-0.371920,0.040874,0.052498,0.294059
2024-01-15,0.059837,-0.032203,0.094486,-0.196331,-0.138473,0.404922,0.285267,-0.309081,-0.188747,0.076438,0.034781,0.129395,0.410940,-0.135785,-0.005689,-0.012797,-0.014759,0.050791,0.275898,0.102381,-0.150743,-0.231250,0.251468,-0.170628,0.444135,0.233110,0.095263,0.177403,0.288943,0.205862,0.222139
2024-01-16,0.485114,-0.223027,-0.260534,0.231887,-0.081190,-0.119954,0.225168,0.185837,0.477087,-0.116843,-0.157323,-0.088785,0.120005,-0.085701,-0.040185,0.164629,-0.009771,0.035458,0.046075,-0.163930,-0.088752,-0.288982,0.578071,0.358188,0.184858,-0.123185,-0.490668,-0.388205,-0.302479,-0.178990,0.467743
2024-01-17,0.541048,0.017800,-0.237199,-0.194714,-0.083465,0.141060,0.128827,0.086341,-0.386521,-0.203871,-0.293925,-0.135813,0.205272,-0.053881,-0.147303,0.586715,0.169521,-0.148932,0.983357,0.343226,-0.246481,-0.046161,-0.221130,-0.233944,0.520217,-0.251412,-0.051069,0.399376,0.245412,0.006297,0.570864
2024-01-18,0.285814,0.307245,-0.350519,0.133068,-0.503525,0.131717,0.079246,0.077822,0.271711,0.114429,0.001838,0.364618,0.171946,0.089415,-0.169384,0.064770,-0.026705,-0.013686,0.173438,-0.508976,0.105771,-0.147424,-0.150045,-0.042313,0.217481,0.059093,0.465598,0.040220,-0.101513,0.102772,0.259808
2024-01-19,0.690825,-0.002401,-0.018784,-0.462026,-0.302975,-0.046201,0.565351,0.452179,-0.216026,0.128532,-0.215929,0.122442,0.026606,-0.044955,0.164831,-0.328135,0.152340,-0.014127,0.192181,-0.281714,0.038900,-0.210664,0.046986,-0.054755,0.391604,-0.157794,-0.236494,-0.040230,-0.173713,-0.114211,0.267865
2024-01-22,0.223126,-0.176026,0.031002,-0.015305,0.099442,-0.044526,0.368539,-0.026708,-0.171191,-0.061150,-0.021945,0.006120,0.604560,-0.094101,0.311049,0.259494,0.167099,0.259032,0.445618,0.339456,-0.140513,-0.244341,-0.291080,-0.129799,0.222246,-0.316653,-0.109669,-0.255839,-0.021754,-0.060060,0.368027
2024-01-23,0.917217,-0.370792,0.194198,-0.268894,-0.212134,0.343678,0.598344,-0.385632,-0.146409,0.085547,-0.149915,-0.163255,0.240615,-0.254149,-0.195517,-0.079539,0.125640,-0.226462,0.416458,0.038125,0.093886,-0.109763,-0.164233,-0.418676,0.483218,-0.152242,-0.147729,-0.078433,-0.077418,-0.084671,0.304354
2024-01-24,-0.142003,-0.125365,-0.235755,0.045272,-0.308446,0.007664,-0.123603,0.028312,-0.269920,-0.200036,-0.149406,0.089428,0.154162,-0.148700,-0.044791,0.270679,-0.179952,-0.039291,-0.175812,0.062144,-0.294854,-0.224446,0.052293,-0.058791,0.521065,-0.198343,-0.187413,0.016796,-0.064809,0.075129,0.256653
2024-01-25,0.305576,-0.038003,0.103476,-0.111614,-0.051050,0.035158,0.023329,-0.160508,-0.070060,0.241105,-0.017392,0.192609,0.423729,-0.058055,-0.164621,0.000411,0.187872,0.142239,0.304610,0.182647,0.392633,0.123288,-0.150857,-0.131573,0.140797,-0.046167,-0.208520,-0.169478,-0.133785,-0.120742,0.223801
2024-01-26,0.181799,0.180187,-0.446877,-0.297562,-0.148890,-0.128743,0.408722,-0.233287,0.180468,0.090215,0.475858,0.333458,0.115169,-0.183045,-0.030953,0.150450,-0.092215,0.284764,0.570132,0.323403,0.319735,-0.229961,-0.216751,-0.159977,0.092060,-0.098283,-0.046322,-0.028000,-0.175169,-0.007132,0.897663
2024-01-29,-0.100064,0.370703,-0.303940,-0.154790,-0.196255,-0.216674,0.032211,0.117466,0.027637,-0.197538,-0.225887,0.543191,0.152791,0.453830,0.204611,-0.185552,0.147763,0.125212,-0.110106,0.762431,0.084087,-0.120433,-0.102433,0.088534,0.232558,0.390533,0.225429,-0.239111,0.043458,0.161959,-0.142768
2024-01-30,-0.234397,0.440296,-0.161868,-0.110790,0.128870,0.136990,0.037258,0.029770,0.217507,0.331682,-0.050484,-0.123175,-0.035884,0.166322,0.210586,0.085913,-0.109165,0.079467,0.719683,0.257375,-0.108975,-0.065543,-0.224757,0.377009,-0.205477,0.124002,0.016015,-0.098081,-0.066499,-0.018945,0.303057
2024-01-31,-0.074292,0.141181,0.034303,-0.051659,-0.238215,-0.111548,0.009578,-0.003061,0.090014,0.272101,0.479971,0.519375,0.112239,0.584946,0.046985,-0.053319,0.311277,-0.100079,-0.206148,0.314581,0.071841,-0.196552,-0.268455,-0.102583,-0.334866,0.185102,-0.092115,-0.061542,-0.113951,-0.013266,-0.072527
2024-02-01,-0.115634,-0.058527,0.079619,0.022105,0.184517,0.055955,-0.339916,0.184576,-0.164826,-0.111681,-0.186409,-0.264070,0.277689,0.306560,0.283414,0.041032,-0.194568,-0.089780,-0.098353,0.160499,-0.281744,-0.063908,-0.019342,-0.020421,-0.074606,0.397963,0.413855,0.103432,0.021433,0.398588,-0.226795
2024-02-02,-0.061383,0.034504,-0.125817,-0.129476,-0.137213,-0.134875,-0.400893,0.539271,0.043428,-0.025833,-0.047499,-0.298686,-0.162308,0.216136,-0.316013,-0.103428,-0.215663,-0.196538,-0.263269,0.293650,-0.276036,-0.323045,-0.320679,-0.195869,-0.096297,0.163656,0.120389,-0.207770,0.052354,-0.057608,-0.352709
2024-02-05,-0.208627,0.157255,-0.183553,-0.200241,-0.083418,-0.113583,-0.266762,0.141013,-0.078642,0.284477,0.014065,0.328782,-0.152833,0.315740,-0.103096,0.243690,0.061792,-0.184751,0.013597,0.195713,-0.052502,-0.145211,-0.325090,-0.119228,-0.137878,0.284588,-0.296423,-0.089970,0.131347,-0.128679,-0.201433
2024-02-06,-0.225892,0.393833,-0.101686,-0.220128,0.044824,0.126817,-0.213578,0.150450,-0.068900,0.082958,0.163962,0.362551,-0.114052,0.489671,0.215801,0.023065,-0.081174,0.178818,0.032582,0.043992,-0.267434,0.440824,-0.263243,0.313228,0.054638,0.399942,0.059115,-0.193093,0.060465,-0.041658,-0.304939
2024-02-07,-0.202262,0.155832,-0.050194,-0.262442,-0.077983,-0.113100,0.054383,0.442839,0.099447,0.105913,0.093173,0.002866,0.009725,0.414891,0.356751,0.316188,-0.187118,-0.183551,-0.143026,0.014507,-0.441925,0.023582,-0.117174,-0.134510,-0.199426,-0.061016,0.120961,-0.208057,0.319681,-0.034383,0.131263
2024-02-08,-0.176535,0.262488,-0.174987,0.337448,0.304564,-0.172393,-0.150758,0.527923,0.018590,-0.065765,-0.132628,-0.115242,0.033445,0.198466,-0.137656,0.153699,0.357191,-0.112346,-0.187185,0.364537,0.138938,-0.092586,-0.218499,-0.137292,0.193607,0.570375,0.026588,-0.048380,-0.065909,0.291160,0.256751
2024-02-09,-0.140256,0.391383,-0.301555,0.285361,-0.199916,-0.090998,0.248617,0.327374,-0.236799,0.374020,0.126314,0.169843,-0.075979,0.142635,-0.096345,-0.287879,-0.159231,0.250416,-0.167648,0.287280,0.089935,0.034229,-0.210406,0.349543,-0.153472,0.134865,-0.192466,0.039306,0.414767,-0.122400,0.503892
2024-02-12,-0.162652,0.112467,-0.140296,-0.131180,-0.406329,0.213807,0.018736,0.067462,0.152564,-0.134571,-0.231054,-0.027797,-0.010028,0.053349,-0.159323,0.312642,0.005302,-0.280123,0.169421,0.174607,0.020484,0.044084,-0.122279,0.110579,-0.152273,0.367952,0.366490,0.563903,0.180857,0.345508,-0.165423
2024-02-13,-0.243459,0.364466,0.090719,-0.208003,-0.252353,0.097264,-0.130219,0.154163,0.053483,0.273999,0.041281,0.261559,0.273368,0.546734,0.172009,-0.194820,-0.141599,-0.046260,0.100623,0.167988,0.218544,-0.222650,-0.259653,-0.096023,0.103056,-0.059950,0.131640,0.023052,0.140187,-0.078819,-0.108665
2024-02-14,-0.143221,0.178809,0.030341,0.313231,-0.366927,-0.288706,0.511964,0.170886,0.148646,-0.119162,0.173253,-0.176227,-0.313316,0.073899,-0.108405,-0.002704,0.044101,-0.354078,-0.204436,0.612876,0.115598,-0.112977,-0.308431,0.162023,-0.166703,0.137775,-0.228217,-0.121118,-0.049972,-0.317058,-0.013875
2024-02-15,-0.215723,0.254848,-0.121935,-0.091036,-0.041657,-0.055680,0.032874,0.408587,0.166667,-0.093547,-0.079430,-0.174320,-0.164956,0.117362,-0.084450,-0.182941,0.178476,-0.299225,0.197425,0.250095,0.298828,-0.196580,-0.013907,-0.099252,0.221389,0.359642,-0.186119,0.268998,0.360841,0.295953,-0.130646
2024-02-16,-0.137451,0.217495,-0.129255,-0.221641,-0.139884,0.438562,-0.057149,0.138392,0.082066,0.181913,-0.146979,-0.314228,-0.051405,0.499670,0.083166,-0.117315,-0.155737,0.053334,-0.130593,0.478176,0.016921,0.126184,0.255358,-0.093158,0.164540,0.713735,0.018576,-0.143021,0.104168,-0.112667,-0.371708
2024-02-19,-0.126500,0.044795,-0.074187,0.299649,-0.112800,-0.199655,0.213668,0.705935,-0.187146,0.098558,-0.215826,0.364162,-0.251492,0.708369,-0.067610,0.240915,0.232036,-0.009349,-0.045074,0.611250,-0.132406,-0.270559,-0.091291,-0.102331,-0.084009,0.053362,0.080209,0.125269,-0.204107,0.121771,0.124320
2024-02-20,0.166718,0.085488,-0.244055,0.003048,0.108586,0.123567,0.079349,0.635601,-0.097704,-0.092199,0.147774,0.309045,-0.139510,0.573261,-0.390836,0.018286,0.122037,-0.026140,0.392392,0.191466,0.020590,-0.078471,0.198312,-0.115278,-0.074282,0.352209,0.244272,0.149299,0.173736,0.032786,-0.108501
2024-02-21,-0.302386,0.759608,-0.226839,-0.187788,0.117570,-0.089877,0.107664,0.408430,-0.107135,-0.015491,0.306496,-0.027442,-0.114303,0.216181,0.281274,0.691746,-0.049508,-0.144993,-0.108025,0.212726,0.267156,0.423743,-0.245250,-0.171182,-0.365963,0.075155,0.243475,-0.204053,-0.010445,0.038657,-0.546920
2024-02-22,-0.258003,-0.034407,-0.336140,0.061401,0.030078,-0.268070,-0.195462,0.280304,0.005801,-0.061404,0.047488,-0.120823,-0.276237,-0.026972,0.020679,-0.001951,0.155805,-0.140664,0.137722,0.006819,-0.121154,0.488831,-0.389706,-0.094308,0.415320,0.478935,-0.134792,-0.073605,0.003704,-0.313430,-0.278457
2024-02-23,-0.203200,0.161054,0.212517,-0.172670,-0.245931,-0.089688,0.095067,0.550991,-0.164758,-0.384310,-0.041575,-0.192464,0.423557,0.421265,0.288158,0.210616,0.525477,-0.171987,0.209445,0.828401,-0.123194,0.206542,0.044616,-0.014631,-0.166822,0.352834,0.022665,-0.187263,-0.006856,-0.066074,-0.072629
2024-02-26,-0.202330,0.306390,0.092373,-0.239846,-0.237532,-0.096351,-0.261759,0.518026,-0.074606,0.014271,-0.172260,-0.067900,-0.125422,0.168730,-0.079361,-0.421194,-0.099371,0.226563,0.213677,0.362787,0.098861,-0.047811,0.009017,-0.007262,-0.149813,0.522175,-0.184831,0.004308,-0.084264,-0.104031,-0.248901
2024-02-27,-0.121103,0.116752,-0.356541,0.080308,-0.079111,-0.104889,-0.108875,0.222895,-0.016883,0.177588,0.310602,-0.013995,-0.023524,0.025821,-0.315645,-0.132758,-0.054681,-0.305528,-0.052723,0.291270,0.051852,-0.336705,-0.268407,-0.333026,0.042528,0.516883,-0.173406,0.192396,-0.035599,-0.088760,-0.037782
2024-02-28,-0.375933,0.443617,-0.149334,0.093053,-0.144725,0.104468,-0.104214,-0.148533,0.021175,-0.086975,0.308835,-0.223114,-0.103032,0.022679,-0.348611,0.253289,-0.061598,-0.057285,0.227610,0.470274,0.119211,0.530052,-0.110037,0.156969,0.037487,0.191123,-0.218253,0.538203,-0.090841,0.580211,-0.180674
2024-02-29,-0.293200,0.337694,-0.288217,-0.097643,0.213849,0.117656,-0.224220,0.029177,0.629318,0.124720,-0.029718,-0.024032,-0.259872,0.078436,-0.006866,-0.283666,-0.148728,-0.059397,-0.295682,0.393571,-0.006645,0.216345,0.347516,-0.014939,-0.201421,0.389010,0.147097,-0.399004,0.014686,0.192476,-0.089018
2024-03-01,0.270924,0.393192,0.253193,-0.203852,-0.026722,0.014640,-0.111857,0.299233,0.267170,0.077027,-0.361027,0.279873,-0.060596,0.174881,-0.060987,0.176532,0.157706,-0.157511,-0.336803,0.377850,-0.087487,-0.316650,-0.078598,0.131954,-0.174364,0.523420,-0.085265,-0.262577,-0.152260,-0.243848,0.242428
2024-03-04,-0.286949,-0.021351,0.006727,0.360079,-0.119913,-0.071253,0.325428,0.142733,-0.203651,0.553081,0.243927,-0.034491,0.197688,0.094344,0.474945,-0.231991,-0.054085,0.159846,-0.253527,0.012083,0.235962,-0.160492,0.003472,-0.004700,-0.514816,0.016310,-0.011429,-0.079103,-0.157103,0.513453,-0.238325
2024-03-05,-0.030717,0.272759,-0.084543,-0.061927,0.009766,-0.093689,0.291040,0.247205,0.125648,0.222134,0.102142,0.035259,-0.002172,-0.058984,-0.015693,-0.139263,-0.116554,-0.175223,0.200969,0.442950,-0.055533,0.128057,-0.092688,0.236532,0.097845,0.306180,-0.001923,-0.290064,0.020581,-0.172399,-0.152566
2024-03-06,-0.272049,0.167338,-0.098305,-0.079183,0.129441,-0.069901,-0.186787,0.637336,0.243397,0.167543,0.266472,-0.128111,0.004735,0.083336,0.420886,-0.176337,-0.184826,-0.122028,-0.490979,0.630088,-0.137132,-0.104398,0.062403,-0.221198,-0.014944,0.056962,0.105056,-0.474943,0.312508,-0.256350,-0.210341
2024-03-07,0.257978,0.379288,-0.215440,-0.282973,-0.258624,-0.348784,0.110068,0.872905,0.152481,-0.072444,0.127128,-0.336294,-0.280667,-0.067839,-0.057423,-0.112922,0.020912,-0.071824,-0.178530,0.573192,-0.001842,0.310477,-0.240803,-0.322229,-0.057607,0.190606,-0.293831,-0.141170,0.190741,-0.195521,0.136446
2024-03-08,-0.207091,0.120114,-0.107178,0.214405,0.602523,-0.135500,-0.024286,0.259494,0.147434,-0.003965,0.359379,-0.111162,-0.132542,0.133970,0.050481,-0.176900,-0.039940,0.444434,0.131047,0.387533,0.061484,-0.034669,0.765227,-0.244021,0.139944,0.351223,-0.137136,-0.307770,-0.119768,0.027317,0.179672
2024-03-11,-0.250033,0.111368,-0.146171,-0.141844,-0.167702,0.251971,0.174987,0.481054,0.191533,0.451412,-0.093555,0.213069,-0.167584,0.068774,-0.086139,-0.086332,-0.074888,-0.333335,0.049703,0.712022,0.080902,0.085178,-0.005339,-0.008724,-0.458785,0.291020,-0.039417,0.322777,-0.379162,0.440885,-0.236859
2024-03-12,0.011433,0.357266,-0.241421,0.044244,-0.248529,-0.027614,0.002426,0.687123,-0.061866,-0.175261,-0.120074,0.291878,-0.160196,0.438693,-0.160356,0.312258,-0.060976,-0.076854,0.312556,0.520350,0.137731,0.426637,-0.198229,-0.119414,-0.279961,0.386528,0.081653,-0.012513,0.397035,-0.287395,-0.043329
2024-03-13,-0.075892,0.475228,-0.150781,-0.080169,0.009017,0.038181,0.076109,0.212609,0.212175,0.030343,0.062650,-0.144957,-0.287579,0.137949,-0.232357,0.237746,-0.006309,0.421790,-0.209541,0.239586,0.384504,-0.043491,0.194430,-0.107973,-0.302065,0.320690,-0.077306,0.210451,0.453479,-0.114682,0.246677
2024-03-14,0.098501,0.207023,-0.218338,-0.150247,0.069699,-0.099102,0.061508,0.339196,-0.098215,0.071383,0.268691,-0.320963,-0.042701,0.124383,0.154986,-0.138728,-0.064431,-0.148755,-0.025279,0.407283,0.101691,-0.070660,-0.159970,-0.135634,-0.233688,0.393432,0.192435,0.104173,-0.166643,-0.067892,0.024595
2024-03-15,0.246858,0.294263,-0.042844,0.104803,-0.059472,0.034029,0.167553,0.340432,-0.092843,-0.115872,-0.131770,0.062193,-0.277075,0.234928,0.041811,-0.283515,-0.207838,-0.113418,0.503497,0.867006,-0.071086,-0.210484,0.191470,-0.109012,-0.110720,0.521774,0.365119,0.031221,0.240544,0.184807,-0.447349
2024-03-18,0.247462,0.285519,-0.087183,-0.215177,0.089206,-0.174004,0.208985,0.246403,0.357448,0.046230,-0.078135,0.018941,-0.075479,0.237782,0.045008,-0.095355,0.299544,-0.029705,-0.012369,0.620199,0.130666,-0.203672,0.392229,0.045440,0.201090,0.044037,-0.199948,-0.277370,-0.155535,-0.108885,0.278290
2024-03-19,0.216507,0.278219,-0.292810,0.082643,-0.087629,0.487510,-0.037974,0.184656,-0.242877,-0.289662,0.239379,-0.304345,-0.009792,0.320177,-0.103569,0.227464,0.134999,-0.113457,0.062167,0.137157,-0.020123,0.095514,0.076976,-0.233552,-0.449917,0.136669,0.279018,0.254276,-0.053502,0.539166,-0.169987
2024-03-20,-0.058090,0.129254,0.002509,-0.101106,0.027812,0.093568,0.181223,0.601913,0.049177,0.100541,0.360402,-0.054786,0.091959,0.398762,-0.049578,-0.326055,0.095373,-0.277636,-0.139324,0.439874,-0.122475,-0.217248,-0.109507,0.063132,-0.156980,0.680285,-0.019853,-0.063114,0.166485,-0.265886,-0.255161
2024-03-21,-0.183210,0.484591,-0.043290,0.062831,0.169665,-0.147275,-0.128906,0.531762,0.457409,0.090066,-0.095322,-0.102023,-0.083178,0.563377,0.237465,0.383916,0.060541,-0.208383,-0.056427,0.322597,-0.026545,-0.082609,0.194851,-0.099363,-0.066592,0.115713,0.205736,-0.085902,0.013783,-0.081844,-0.030467
2024-03-22,-0.461979,0.203466,0.166983,-0.039871,-0.051828,-0.052217,0.263674,0.275462,0.306100,-0.163975,-0.012666,-0.281009,-0.043396,0.626915,-0.085117,-0.067692,-0.229540,-0.109493,0.135327,0.113088,-0.176527,-0.272254,-0.016479,-0.154056,0.073764,0.228036,0.020518,-0.237412,-0.284213,0.002348,-0.287511
2024-03-25,0.102275,0.391020,0.289373,0.242165,0.078651,-0.091770,-0.054208,0.050890,0.395457,-0.226355,-0.178751,0.028790,0.062678,-0.250505,0.585198,0.127091,-0.189043,0.215330,-0.155014,0.209757,0.556342,0.151904,-0.142207,-0.126996,0.271875,-0.135536,0.462666,0.362125,-0.128721,0.215230,0.034939
2024-03-26,-0.362826,-0.140712,0.293639,0.151648,0.462351,-0.011529,0.387295,-0.044449,-0.004261,-0.055907,-0.215759,-0.236786,0.334394,-0.082313,0.319923,-0.060543,-0.119626,0.095758,-0.162257,0.220419,0.670848,-0.110786,-0.116019,0.162952,-0.129454,0.260630,0.906760,-0.152473,0.410937,0.038868,-0.040500
2024-03-27,-0.132146,-0.048693,0.057857,-0.027496,0.295707,0.544230,0.458511,0.091649,0.580272,-0.100862,0.154787,-0.191482,-0.106474,0.026593,0.312159,-0.111682,-0.083218,0.384441,-0.117026,-0.065582,0.553514,-0.247002,-0.213160,0.081426,-0.287840,0.011809,0.618156,-0.091968,0.062646,0.001009,-0.060200
2024-03-28,-0.089843,-0.245636,0.100158,-0.073512,0.002984,0.050791,-0.208712,-0.017374,0.440562,-0.090576,-0.063830,-0.125685,0.062642,0.067095,0.173313,0.105402,0.107827,0.298020,-0.371403,0.031972,0.569290,0.078379,-0.238397,0.208506,-0.510383,-0.155836,-0.018996,-0.057272,-0.342883,-0.148185,0.016413
2024-03-29,-0.149749,0.173103,0.696114,-0.190049,-0.354548,-0.313765,-0.221925,0.351249,0.238004,-0.165185,-0.165575,-0.294042,-0.066639,-0.093153,0.057373,0.048696,-0.032139,-0.085009,-0.072330,-0.083856,0.304943,-0.181641,0.088551,0.414570,0.001023,0.054183,0.430872,-0.005813,-0.267727,0.206859,-0.088830
2024-04-01,-0.125723,0.026581,0.470878,-0.309090,0.113851,-0.137083,-0.179166,0.348335,0.193371,0.106904,0.007535,-0.119132,0.139898,0.151374,0.158883,0.205068,-0.136750,-0.396197,-0.045955,-0.083886,0.495232,-0.269075,0.112830,-0.194360,-0.236311,0.338635,0.188210,0.208689,0.175902,-0.192696,0.111798
2024-04-02,0.009043,-0.196520,-0.037498,-0.092243,-0.009360,-0.315752,0.163446,0.214075,0.392236,0.075031,-0.305366,0.439881,0.207356,0.357935,0.104750,-0.056919,-0.199051,0.502793,0.169868,-0.107995,0.313832,-0.138474,0.127409,-0.326452,-0.002711,-0.197034,0.152019,-0.181986,-0.086680,-0.281308,0.097486
2024-04-03,-0.130727,-0.023200,0.584105,0.004264,-0.043143,-0.140204,0.292463,0.013902,0.668676,-0.105488,0.420359,-0.202305,-0.159288,-0.098190,0.026323,-0.406616,-0.021116,-0.189807,0.366554,-0.144652,0.091729,-0.265196,0.110108,-0.008959,0.119846,-0.170568,0.225579,-0.080680,-0.321668,0.002330,-0.138465
2024-04-04,0.101867,-0.073197,0.306359,0.418913,0.154353,-0.020332,-0.182018,0.008640,0.680959,-0.191929,-0.073237,0.057306,-0.203558,0.285834,0.218476,0.092383,-0.139158,-0.110723,0.438572,-0.089733,0.582717,-0.234103,0.622756,-0.227216,-0.118671,0.099547,0.266911,-0.159923,-0.112341,-0.215905,-0.314904
2024-04-05,-0.043126,0.115448,0.081134,0.146996,0.315426,0.381134,0.404488,-0.021179,0.734668,-0.166990,-0.160521,-0.340021,0.130235,-0.193268,0.413883,-0.076816,0.266586,-0.201201,-0.211170,-0.274929,0.512507,0.097684,-0.069561,0.052483,-0.193472,-0.103805,0.195813,0.057956,-0.012252,-0.244354,-0.286661
2024-04-08,0.043778,-0.012614,0.764416,0.036416,0.062041,-0.187072,0.416317,-0.201987,0.329596,-0.223607,0.119230,-0.212823,-0.222860,-0.182912,0.261419,0.384117,0.122955,-0.114465,-0.174205,-0.042308,-0.012943,-0.108378,0.014596,0.109737,-0.223642,-0.100276,0.159342,0.310973,-0.152792,-0.299645,-0.117983
2024-04-09,0.069694,0.058244,0.306381,-0.064171,0.020216,-0.343821,0.137483,-0.264371,0.644258,-0.171766,-0.171662,-0.269131,-0.047465,0.065571,0.426259,-0.275484,-0.246354,-0.031603,0.382407,0.545172,0.052911,0.005167,-0.007091,-0.016163,0.159351,0.180117,0.150665,0.143140,0.261536,-0.299846,-0.183253
2024-04-10,0.137869,0.184807,0.647559,0.028643,0.040521,-0.203154,-0.317137,-0.201369,0.146143,0.143921,-0.177787,-0.091086,-0.314366,0.157792,0.657252,0.319641,-0.252610,0.598169,-0.093100,0.207266,0.271041,0.219168,-0.038227,-0.184028,0.128904,0.042662,0.008201,-0.176480,0.082256,0.186379,0.212300
2024-04-11,0.156402,-0.284800,0.052006,0.139316,-0.051976,0.228286,0.025952,-0.110343,-0.037729,-0.133782,-0.103333,-0.234356,-0.228051,-0.351480,0.395153,-0.042510,-0.029491,0.271029,-0.033432,-0.135664,0.361945,0.377495,-0.036342,-0.301921,-0.123823,0.077216,0.260506,-0.288601,-0.311694,0.141908,0.450127
2024-04-12,-0.084529,0.043141,0.322435,-0.095777,0.032905,0.066710,0.337253,-0.252355,0.148281,-0.464819,-0.264770,0.133375,0.279999,-0.132494,0.833102,0.045128,0.228426,-0.089179,0.017551,0.067621,0.702346,0.040868,-0.181451,0.183948,0.216263,0.060680,0.414408,-0.205925,-0.223537,-0.020203,-0.169085
2024-04-15,0.461278,-0.119949,0.229522,0.165508,-0.108253,-0.144139,-0.191865,0.378021,0.533792,-0.069715,0.299441,-0.145465,0.064793,-0.150476,0.467800,-0.055414,0.016151,-0.049451,0.107561,-0.165625,0.121613,-0.300812,-0.057132,-0.255930,0.190574,0.057934,0.527382,0.094347,0.025350,-0.138541,0.063534
2024-04-16,0.108171,-0.127219,0.349324,0.262503,-0.209815,-0.068923,-0.113743,-0.334723,0.338046,0.039357,-0.310904,-0.104842,0.080461,0.732688,0.323394,0.010318,0.240406,0.105755,-0.356060,-0.296272,0.354248,-0.041246,0.066397,-0.164317,-0.317639,0.229508,0.453007,0.240345,-0.061634,-0.444564,-0.128175
2024-04-17,-0.011586,0.410851,0.365037,0.180706,-0.269051,-0.218710,-0.183741,0.433857,0.173499,-0.164411,-0.173796,0.268646,-0.293237,-0.177393,0.462682,-0.018366,-0.200629,0.357428,0.515558,-0.303452,0.369279,-0.331552,-0.356691,0.076098,-0.148227,-0.150170,0.654288,-0.326732,-0.486971,-0.213265,0.162678
2024-04-18,-0.090606,0.102620,0.167828,-0.165315,-0.270888,0.058840,0.428295,-0.095448,0.279664,-0.212449,0.162341,0.087162,-0.104312,-0.177820,0.406991,0.158301,0.111273,-0.287149,0.459095,0.127960,0.171039,0.116961,0.121635,-0.111622,-0.253937,-0.314074,0.531318,-0.427142,0.154352,-0.167122,0.191960
2024-04-19,0.514531,-0.069083,0.258599,-0.312003,-0.178717,0.017288,-0.070605,-0.106559,0.451290,-0.093077,-0.206364,0.299579,-0.093770,-0.353103,0.162982,-0.061725,0.205964,0.246466,-0.186963,0.203377,0.458201,-0.156144,0.051501,0.074976,0.004491,-0.270845,0.255918,0.323566,-0.103739,0.101428,0.229955
2024-04-22,0.380007,-0.042799,0.071417,-0.139968,0.051914,-0.050740,0.044433,-0.129450,0.276800,-0.140956,-0.467269,-0.560153,-0.043521,-0.090174,0.196944,0.197124,0.201092,-0.071086,0.247423,-0.124358,0.503448,-0.154390,-0.080239,0.125547,0.102927,-0.174965,0.212110,0.260442,-0.217314,0.238757,0.144269
2024-04-23,-0.110292,0.035924,0.209672,-0.112708,-0.161900,-0.401887,0.404475,-0.141419,0.004898,0.164040,0.193176,-0.349299,0.092097,-0.059403,0.914799,-0.182016,-0.132169,-0.091572,-0.146702,0.379208,0.244009,0.104431,-0.200777,0.114213,0.008249,0.151352,0.339963,-0.312270,0.220609,-0.301836,-0.212278
2024-04-24,0.053378,-0.195871,0.468398,-0.194513,-0.023645,-0.009501,-0.020485,0.127330,0.231932,0.268929,-0.041457,0.035228,-0.028367,0.127268,0.507153,0.236350,0.248580,-0.075104,0.296917,0.121509,0.030367,-0.079237,0.365643,0.048868,0.244187,-0.181594,0.011273,-0.152047,-0.111270,0.408654,0.100761
2024-04-25,-0.131816,-0.285212,0.651652,-0.035605,-0.231733,0.695387,-0.322269,-0.053725,0.589889,-0.202557,-0.240587,0.272375,-0.084534,-0.061110,-0.073077,-0.191373,0.219015,-0.423454,-0.079488,0.192035,0.141193,-0.089912,0.095249,-0.290487,-0.092552,-0.052977,0.311763,0.045878,-0.194415,-0.081279,-0.071766
2024-04-26,0.012058,0.434236,0.391032,0.126123,-0.170755,0.257748,0.177716,-0.240748,0.201211,-0.240039,0.070879,-0.166784,-0.156181,-0.289703,0.192756,-0.084948,0.745236,0.182687,0.178333,-0.114806,0.082726,-0.533264,-0.223476,0.025432,-0.240682,0.365759,0.830463,-0.126878,0.013340,-0.107231,-0.228285
2024-04-29,-0.018754,0.241269,0.226360,-0.218221,0.477421,-0.242841,0.003108,-0.410460,0.157754,-0.301515,-0.045014,-0.044694,-0.086975,-0.200377,0.259881,-0.048036,-0.051699,0.022173,-0.283897,-0.092058,0.236985,-0.127481,0.100553,0.112100,0.015554,0.088837,0.085120,0.381650,-0.216149,0.453862,-0.095626
2024-04-30,-0.281419,-0.002296,0.471532,-0.262441,-0.146599,0.009614,-0.065711,-0.083355,0.155366,0.072980,0.142912,0.167559,0.094404,0.059365,0.118879,0.215747,-0.113263,-0.043625,0.034384,-0.231282,0.214286,-0.264474,0.393922,-0.128029,-0.063241,-0.163157,0.169367,0.389035,0.222081,-0.160953,-0.233124
2024-05-01,0.047833,0.021132,0.461178,0.164661,-0.178829,0.149373,0.116803,-0.179072,0.119018,-0.201212,0.332464,0.076040,-0.310313,0.119861,0.425279,0.050388,0.309190,0.145507,-0.158902,-0.144090,0.210730,-0.149830,-0.264611,0.136872,0.160735,-0.153165,0.309886,0.173182,-0.339265,0.326814,0.068184
2024-05-02,0.633449,0.162325,0.475563,0.078222,-0.115830,-0.113278,-0.192088,0.204029,0.039038,-0.301530,-0.019540,-0.105606,0.219875,0.066280,0.251593,0.085502,-0.071149,0.051270,-0.035198,-0.081605,0.348801,-0.175761,-0.327048,-0.215194,0.323736,-0.028685,0.289726,-0.074382,0.075014,-0.041875,0.109991
2024-05-03,-0.117685,0.101583,0.058022,-0.183721,0.072826,-0.069323,0.363082,-0.438585,0.250370,-0.198286,-0.142798,-0.175404,-0.158063,0.246465,0.269704,0.240314,-0.158438,0.021450,-0.008255,0.088558,0.291328,-0.177514,-0.250990,-0.265073,0.024037,0.225050,0.405233,0.256198,-0.148460,-0.189109,-0.134474
2024-05-06,0.032501,0.287522,0.016870,0.223064,-0.285214,-0.015975,-0.220859,-0.338172,0.371508,-0.286307,0.320182,-0.021676,0.230872,-0.016612,0.428686,-0.147323,-0.083698,0.523943,-0.232748,-0.105518,0.559345,-0.297981,-0.370968,0.083135,0.280312,-0.040998,0.152368,-0.069432,-0.183795,-0.110723,-0.029288
2024-05-07,0.729641,0.306676,0.279469,-0.131477,0.063755,-0.149947,0.296783,-0.058203,0.267106,-0.109141,-0.332189,-0.097236,0.341556,-0.152173,0.310579,-0.167064,-0.187219,0.097793,0.175994,-0.052034,0.430486,0.165877,-0.150493,-0.146889,-0.213672,-0.196700,0.355481,0.029115,0.314429,0.106154,0.166458
2024-05-08,0.335458,0.024577,0.192664,0.027407,-0.199600,-0.155653,-0.350296,-0.231412,0.312941,-0.057703,-0.291055,0.116783,0.333408,-0.272778,0.817193,-0.004787,-0.031368,-0.149147,0.020939,-0.075543,0.290514,0.004716,-0.102074,-0.277403,-0.036208,0.182381,0.040527,-0.152250,-0.286689,-0.330445,0.335216
2024-05-09,0.317034,-0.163993,0.129174,-0.431288,-0.348062,0.038575,-0.127759,0.014519,0.374317,-0.332528,-0.322971,0.416352,-0.122162,-0.035312,0.334999,-0.270504,-0.033366,-0.252980,-0.097908,-0.072247,0.775793,-0.190360,-0.402885,-0.199053,0.131947,0.104741,0.268872,-0.271075,-0.188191,-0.150902,0.081576
2024-05-10,0.208713,0.293657,0.628552,-0.071055,-0.155133,0.229389,-0.145311,-0.102117,-0.078240,0.147236,0.178853,-0.025538,-0.058781,-0.042785,0.661230,-0.112851,-0.092987,-0.053266,-0.058226,-0.085258,0.183139,0.049716,-0.123577,-0.203771,-0.118621,0.085516,0.636707,0.236089,0.012483,-0.042242,-0.423528
2024-05-13,0.290255,0.034927,0.128839,0.004501,-0.090003,0.243016,-0.088434,-0.329050,0.206072,-0.124672,0.203299,0.037981,0.099102,0.125943,0.562263,-0.296542,-0.148112,0.164156,-0.333014,0.042589,0.342027,0.119505,0.108637,-0.073880,-0.155861,0.124292,0.250384,0.171939,-0.100295,-0.146547,-0.070548
2024-05-14,0.129761,0.134266,0.310303,0.200355,0.195178,0.097997,-0.354106,-0.307781,0.370871,-0.134204,0.149015,-0.027102,0.381200,-0.028291,0.179728,0.313980,-0.064383,-0.093802,0.145311,0.217122,0.522609,-0.209396,-0.211162,-0.129044,-0.168795,0.332192,0.024597,-0.019884,0.023580,0.100054,0.035717
2024-05-15,0.096052,-0.108525,0.287820,0.426223,0.218172,-0.144260,0.034039,0.028592,0.223722,-0.152483,-0.195001,0.031794,0.215867,0.021806,0.805915,-0.213416,-0.191808,-0.059909,0.179926,-0.135543,0.125107,0.228003,-0.107570,-0.260940,-0.152259,0.037009,0.367068,0.295405,-0.022473,0.016775,-0.088097
2024-05-16,0.303139,-0.086598,0.711425,-0.096040,0.025767,0.200617,-0.310641,-0.224948,0.669710,-0.092709,0.332950,0.196706,0.108744,0.114040,0.241773,0.155862,0.454604,0.204012,-0.123191,-0.160759,0.177252,0.246336,-0.218568,-0.111992,-0.183129,-0.066325,0.134767,-0.024544,-0.017984,-0.068753,-0.057402
2024-05-17,0.113616,-0.141848,0.299905,-0.148361,-0.210405,-0.096447,-0.406771,-0.173856,-0.028105,-0.292766,-0.021303,0.129509,-0.095929,0.135523,0.803689,0.011640,-0.132902,0.089575,-0.141812,0.053377,0.196205,-0.150821,-0.113243,0.470442,0.043306,-0.220780,0.326196,-0.096345,0.512902,0.095758,-0.306018
2024-05-20,-0.249695,-0.152415,-0.098396,0.162036,-0.021229,-0.007687,0.195780,-0.322719,-0.377594,0.479114,-0.019398,-0.064678,0.262274,0.013859,0.059637,0.346065,-0.001516,-0.001416,-0.022087,-0.170517,-0.174273,0.037718,0.110525,0.120306,0.350682,-0.212079,0.084376,0.475441,-0.267346,-0.110880,0.367060
2024-05-21,0.228119,-0.173493,-0.068433,0.322324,0.095090,0.102850,-0.310454,0.007075,-0.070831,0.078205,-0.225051,0.134596,-0.133758,-0.083142,-0.106021,0.886899,-0.258149,0.227375,0.072927,-0.188946,-0.104589,0.333937,-0.314164,-0.077306,-0.323538,-0.031269,0.036005,0.594926,0.027101,-0.339060,-0.109487
2024-05-22,-0.085721,-0.275265,0.143414,0.131683,-0.150788,0.451742,0.011482,-0.128135,-0.236121,0.154057,-0.174179,0.141143,0.350881,0.588937,0.265610,0.073446,-0.291962,-0.107270,-0.190809,-0.125548,0.027413,0.532491,-0.161894,-0.225963,-0.014800,-0.377312,0.244033,0.436970,-0.538281,-0.188473,-0.245667
2024-05-23,0.662539,-0.119781,0.192993,0.345694,-0.239730,0.327585,-0.262214,-0.101804,-0.178424,0.402547,0.359523,0.052204,0.139638,0.235746,-0.154069,0.237303,0.195860,0.187277,0.112249,0.363915,0.115671,-0.099881,-0.325502,-0.093759,-0.063668,0.074414,0.230998,0.229817,-0.060827,-0.045503,-0.125999
2024-05-24,0.085069,-0.142868,0.403180,0.733865,-0.147542,-0.093881,-0.189408,-0.056906,0.007776,0.312317,0.127131,0.220075,-0.142108,0.186867,-0.132614,0.645526,-0.176671,-0.158038,-0.210121,0.043780,0.197910,0.323920,-0.326344,-0.166490,0.069907,0.322084,-0.058151,0.294528,0.095087,-0.148233,-0.177324
2024-05-27,-0.157319,-0.135558,-0.153258,0.283750,-0.078650,-0.040644,0.058027,-0.191944,0.033464,0.224232,-0.181464,-0.238162,0.167043,0.063670,-0.177170,0.512776,-0.096532,0.093761,0.149304,0.010312,-0.208895,0.074323,0.430873,0.123275,0.387433,0.331649,0.205053,0.262606,-0.220915,-0.060828,-0.013127
2024-05-28,-0.112566,-0.130711,-0.103687,0.071087,-0.365710,-0.134723,-0.317653,-0.165348,-0.170771,0.496574,-0.304282,-0.140093,0.275585,-0.142171,-0.089331,0.221479,0.004108,0.115717,0.192745,-0.290443,-0.158870,0.310775,0.287057,0.140115,0.144933,-0.146930,0.178571,0.183668,0.266074,0.587826,-0.236596
2024-05-29,-0.283346,-0.396440,-0.309832,0.203421,0.203600,-0.240483,-0.042514,0.081741,-0.219318,0.173885,-0.147776,-0.259530,0.006875,-0.026990,-0.085455,0.373931,-0.238201,-0.142817,-0.280520,0.396463,-0.326198,0.684105,0.113272,0.046838,-0.016924,-0.036235,-0.160986,0.256265,-0.155163,0.328801,0.174315
2024-05-30,0.366377,0.088681,-0.064737,0.099081,0.008235,0.083503,-0.089633,-0.209202,-0.126921,0.326511,-0.143098,-0.109195,0.016641,-0.025354,-0.103663,0.120845,-0.117720,-0.414604,-0.057992,-0.055430,-0.312760,0.317488,0.381517,0.087727,0.200450,0.433417,0.037723,0.094504,-0.110828,-0.089051,-0.208080
2024-05-31,0.039830,-0.192284,0.051735,0.121721,-0.223804,-0.078013,-0.059054,-0.158088,0.039423,0.107230,-0.074789,0.623387,0.144539,0.168266,0.253808,0.274346,-0.213802,-0.141121,-0.083750,0.012527,-0.091104,0.060313,-0.329060,-0.109477,-0.112710,-0.098553,-0.043927,0.174615,0.090425,0.164547,0.398132
2024-06-03,-0.210238,-0.321766,0.043643,0.148075,-0.346441,-0.199496,-0.193187,-0.150582,0.064302,0.272585,0.122293,-0.011202,-0.042897,-0.059148,-0.303404,0.493726,-0.018415,-0.110926,0.217771,-0.209146,-0.213898,0.200020,-0.216646,0.301952,-0.180893,-0.217115,-0.124255,0.737315,0.058081,-0.073948,0.035894
2024-06-04,0.167027,0.021922,-0.181094,0.422723,0.260827,-0.001930,-0.199720,-0.141211,-0.224054,0.334267,0.359334,-0.014509,-0.018653,-0.113223,0.419906,0.067637,0.264375,0.342849,-0.106959,-0.171736,-0.028237,0.358142,-0.125813,0.000456,-0.006929,-0.040299,0.253620,0.191341,-0.130406,-0.063940,0.286428
2024-06-05,0.021394,-0.348863,-0.164029,0.027575,0.017457,-0.158217,-0.054119,0.130964,-0.094173,0.190821,-0.041240,0.218478,0.056915,0.011136,-0.100560,0.529918,0.235762,0.485667,0.058609,-0.034880,-0.032846,0.216998,0.142501,-0.111988,0.367612,-0.066998,0.067467,0.226146,-0.049999,-0.325371,-0.122441
2024-06-06,-0.126439,0.305187,-0.044434,0.157206,0.105436,0.131992,-0.200175,-0.038746,-0.357925,0.304587,0.432397,0.100289,-0.081562,-0.010400,-0.053316,0.794932,0.055007,0.089184,0.248954,-0.045285,-0.272843,0.253699,-0.047742,-0.065155,0.087410,-0.076913,-0.277378,0.266981,0.073050,0.164782,0.103066
2024-06-07,-0.126804,0.288627,0.239790,0.618715,-0.073564,0.118847,-0.120196,-0.206724,-0.239592,0.341341,0.425356,-0.192317,0.047585,-0.192617,-0.023420,0.675071,-0.172698,-0.276219,-0.138409,0.151062,-0.222934,0.252341,0.276728,0.306197,-0.081767,-0.124709,0.115677,0.369477,0.052823,-0.211110,0.169805
2024-06-10,-0.081269,0.078957,-0.056620,0.205983,-0.220213,0.146698,-0.145714,0.224192,0.108789,0.397101,-0.322134,0.002383,-0.118157,-0.017376,0.048243,0.405673,-0.012061,0.139579,-0.145895,0.110569,-0.319296,0.107974,0.439646,-0.052468,-0.055236,-0.229252,-0.079820,0.889424,-0.005445,0.013048,0.686408
2024-06-11,-0.240880,-0.076026,-0.145231,0.385783,0.113837,-0.173570,-0.098161,0.334772,-0.122350,0.727390,0.224924,0.007305,0.027217,0.091247,0.288952,0.430636,-0.429222,0.084747,0.460212,-0.003966,-0.232737,-0.013955,0.069681,0.193844,-0.260262,-0.078410,-0.137134,0.284735,-0.126195,-0.231829,-0.121006
2024-06-12,-0.061138,0.184304,-0.135018,0.136631,-0.357017,-0.171405,-0.122116,-0.019316,-0.259953,0.211362,0.249799,0.181770,0.215480,0.105876,-0.041302,0.155664,-0.069472,0.382375,-0.228409,-0.267625,-0.247194,0.239189,0.577792,-0.011919,-0.044265,-0.273605,-0.142577,0.404075,0.161767,-0.043755,-0.271102
2024-06-13,0.008814,0.019450,-0.238982,0.119516,0.403367,0.401480,0.008800,-0.052337,0.257000,0.060562,-0.102821,0.242385,-0.063544,-0.162956,-0.185377,0.429124,0.201514,-0.093909,0.072512,0.382517,-0.210760,0.220652,0.123016,-0.154023,-0.247509,0.036288,0.246119,0.101291,0.310474,-0.039354,-0.171196
2024-06-14,0.386981,0.023314,-0.184947,-0.052414,-0.225531,-0.008188,-0.176922,-0.200640,-0.013809,0.649973,-0.163277,-0.135932,-0.084983,-0.062246,-0.214436,0.197958,-0.052100,-0.097568,-0.027601,-0.216281,-0.094975,0.124278,0.109283,0.184409,0.368127,-0.026318,-0.258522,0.470438,-0.214629,0.076693,-0.360561
2024-06-17,0.488862,-0.039726,0.277517,0.188178,0.067942,-0.292085,-0.145029,-0.315745,-0.000753,0.310117,0.010692,-0.153802,-0.142082,-0.002921,-0.235875,0.457374,0.221465,-0.234071,-0.171329,-0.026750,-0.082947,0.252241,-0.035585,0.219272,0.215145,-0.094910,-0.084155,0.413049,-0.173975,-0.171990,0.119243
2024-06-18,0.051434,0.038958,-0.160997,0.284183,-0.094260,-0.227163,0.127495,0.183732,0.101309,0.101801,0.015661,0.305081,0.308648,-0.092710,0.499726,-0.153125,-0.126331,-0.168905,-0.186114,0.460338,-0.289213,0.188390,-0.109830,0.099927,-0.123450,-0.159260,0.020345,0.459937,-0.198454,0.095996,-0.263780
2024-06-19,0.088555,-0.013602,-0.208882,0.470519,0.013490,0.199966,-0.292876,-0.124524,0.407506,0.678020,-0.068013,0.024596,0.420552,-0.100071,-0.273680,0.119441,-0.142085,0.181871,0.074161,0.117265,0.235602,0.039535,0.589834,0.020847,0.003122,0.289018,-0.099630,0.523542,0.308986,-0.227399,-0.120826
2024-06-20,-0.179001,-0.061653,0.109902,0.040103,0.045411,0.078629,-0.163152,-0.399347,0.077505,0.648841,0.025656,-0.008005,-0.434756,0.232343,0.009962,-0.013705,-0.299333,-0.246163,-0.269460,0.026633,-0.024720,0.321928,0.110054,0.489839,0.006127,-0.134702,-0.226331,0.505525,-0.175656,-0.168504,-0.191913
2024-06-21,0.074325,0.398232,0.066376,0.427448,-0.057803,-0.155805,0.043856,0.011923,-0.231820,1.032103,0.013645,0.064714,0.014302,0.295248,-0.021955,0.384457,-0.134524,-0.267739,0.076268,0.069003,-0.000867,0.661000,0.091412,0.431156,-0.096932,0.056972,-0.148487,0.192493,0.300872,0.049916,-0.143001
2024-06-24,0.224642,0.043910,-0.177216,0.371748,-0.150872,-0.156278,-0.177516,-0.147886,-0.006914,0.517103,-0.148404,0.274435,-0.153871,-0.343516,-0.312399,-0.001087,-0.121553,-0.105611,-0.203548,-0.190250,-0.118891,0.039092,0.242686,-0.067776,-0.013614,-0.155552,0.480053,0.222818,0.192118,-0.108502,0.023189
2024-06-25,-0.051378,-0.111846,-0.137853,0.597498,0.041304,0.104528,-0.274897,-0.040557,0.373556,0.135994,0.008908,0.336591,-0.209319,0.235205,0.164060,0.368702,-0.014727,-0.177500,-0.559676,-0.111500,-0.009263,0.878222,0.193024,-0.237104,-0.066604,-0.367111,0.257987,0.057529,0.012204,-0.139766,-0.132484
2024-06-26,0.054870,-0.183179,-0.179543,0.317974,0.056869,0.101797,-0.098953,0.243634,-0.004594,0.510976,0.210186,0.029401,0.123375,0.212092,-0.102254,0.512141,-0.108371,-0.095683,0.051375,0.002834,-0.203972,0.287601,-0.120248,0.014413,0.078493,0.306573,0.010876,0.332643,-0.319666,0.334600,-0.099670
2024-06-27,-0.087090,-0.227282,-0.072096,0.085388,-0.188683,0.180437,-0.207543,-0.013549,0.231476,0.511671,-0.124113,-0.133512,0.043111,-0.139534,-0.225508,0.560613,-0.045752,-0.224997,-0.173625,-0.237548,0.331604,0.178062,0.492635,-0.073827,0.244129,-0.023571,-0.219865,0.202089,-0.123703,0.372731,-0.062579
2024-06-28,-0.134386,-0.055076,-0.149170,0.228512,-0.060977,0.301106,-0.251582,-0.184957,-0.256817,0.278550,0.022990,-0.251871,0.054968,0.005610,-0.226648,0.219864,0.081440,0.177442,-0.042363,-0.257536,-0.388730,0.857317,0.315609,-0.039751,-0.119262,0.160494,-0.415405,0.169961,0.131408,0.004871,-0.069260
2024-07-01,-0.003103,0.069993,0.506303,0.344177,0.117556,0.192682,-0.222938,-0.131284,0.025447,0.601948,0.315612,-0.126117,-0.061538,-0.364840,-0.070178,0.573046,-0.203634,0.166016,0.024526,0.438612,-0.126746,0.052537,-0.148147,0.040308,0.234280,-0.216588,0.284158,0.239211,-0.194306,-0.174203,-0.190389
2024-07-02,0.212895,0.124730,-0.124159,0.263725,-0.273602,0.084417,-0.147387,0.354143,0.608958,0.216438,-0.113611,0.528471,-0.135790,0.017812,-0.189020,0.196508,-0.122997,-0.246594,-0.027816,-0.274175,-0.041168,0.160543,0.040191,-0.130849,-0.099344,-0.213322,-0.108235,0.209187,-0.241677,-0.076932,0.020964
2024-07-03,-0.252222,0.073100,-0.107003,0.612437,-0.197482,-0.091550,-0.142885,-0.001706,0.026289,0.178194,0.612180,0.121549,-0.280480,0.095936,-0.240828,0.031546,0.157650,-0.093572,0.109302,-0.291585,0.180182,0.388503,-0.155956,0.086361,0.457450,-0.148809,0.222372,0.365333,-0.431553,0.335950,-0.001079
2024-07-04,0.519270,-0.255736,-0.020895,0.248591,-0.018745,-0.188608,0.066289,0.361315,0.266025,0.215141,0.212631,-0.271379,0.321395,0.325309,-0.119407,0.436556,0.204175,-0.054587,0.072763,0.075133,-0.023518,0.271286,-0.247621,0.391523,-0.016335,0.152287,-0.065109,0.495326,-0.139113,-0.056868,-0.143876
2024-07-05,-0.166318,-0.039370,-0.171864,0.427817,-0.177916,-0.276423,-0.059389,-0.019427,0.047112,0.127106,0.065253,-0.044748,-0.136572,-0.098121,-0.139231,0.818439,-0.140321,-0.093909,-0.110256,-0.201654,-0.130246,0.114099,-0.209734,0.354110,-0.246277,0.277330,-0.096876,0.133304,0.030607,0.122664,-0.346960
2024-07-08,-0.069498,-0.229275,0.451180,0.354024,-0.338983,-0.030607,0.215819,-0.302773,-0.226546,0.213681,-0.022320,0.017603,0.025185,-0.083031,-0.363401,0.632026,0.078508,-0.120800,-0.129666,-0.070208,0.061820,0.066848,0.099633,0.017944,0.518573,-0.151723,-0.096779,-0.016761,-0.000508,0.057135,-0.201713
2024-07-09,0.087189,-0.123096,-0.315410,0.614243,-0.068396,0.290809,-0.022186,-0.024520,-0.000617,0.329136,-0.103893,-0.025890,-0.238018,0.183082,0.491050,0.706832,-0.454570,-0.106929,-0.292522,0.134737,-0.089706,0.089802,0.367422,0.013257,-0.161893,-0.196345,-0.156788,0.133052,0.116050,-0.136568,0.121584
2024-07-10,-0.101016,-0.233458,-0.074891,0.070976,0.275417,-0.128608,-0.043206,-0.041943,0.253002,0.105705,-0.138168,0.020388,-0.335634,0.091834,-0.177431,0.137835,-0.149980,-0.031435,-0.035830,-0.212650,-0.069771,0.503369,-0.061886,0.059166,-0.099397,0.415253,-0.107870,0.088902,0.002794,0.018269,-0.024473
2024-07-11,-0.212503,0.097302,-0.037232,0.162618,-0.080081,0.409074,0.258688,0.080146,0.122876,0.128942,-0.144589,-0.151651,-0.108675,-0.380324,-0.126818,0.411995,-0.182497,0.067355,0.083229,-0.130727,0.300487,0.157102,-0.000274,-0.166316,0.224808,0.010424,-0.188772,0.344581,-0.055590,-0.374808,-0.160417
2024-07-12,-0.298766,0.146471,0.114012,0.177862,-0.185544,-0.177187,0.316010,-0.333106,-0.162896,0.103493,-0.014144,-0.205043,-0.034121,-0.162438,0.161038,0.171377,0.064219,0.239518,0.024722,-0.205016,-0.025946,0.750557,0.425318,-0.122809,0.238126,-0.096288,-0.092107,-0.105640,0.129011,-0.052130,-0.102628
2024-07-15,-0.281331,-0.158169,-0.007261,0.547358,0.307007,-0.016178,-0.031487,0.080111,-0.172625,0.248101,0.229071,-0.199995,-0.050574,-0.218960,-0.055011,-0.170367,0.322177,-0.085809,-0.032840,0.016593,-0.181441,0.115401,0.606185,-0.148883,0.053567,-0.022699,0.022639,-0.122765,0.191205,-0.115402,-0.372251
2024-07-16,-0.399120,-0.161184,0.221012,-0.037746,0.809634,-0.181243,-0.071227,-0.189976,-0.098158,0.431916,0.145858,-0.052276,-0.303933,-0.260977,0.179391,0.026496,0.455293,0.035239,-0.259786,-0.052600,-0.055249,-0.189792,0.687129,-0.186761,0.382611,-0.003493,0.002603,0.450371,0.682274,-0.168081,-0.155933
2024-07-17,-0.194836,-0.276039,0.360796,-0.035825,0.125698,0.007030,-0.051700,0.396426,0.051181,0.042854,0.095718,-0.176640,-0.113240,-0.116292,0.251454,-0.308251,0.572026,0.261255,-0.131532,-0.262054,-0.013552,0.032178,0.195326,0.356515,-0.080741,-0.100423,-0.501306,0.246168,0.207387,-0.179754,0.140474
2024-07-18,0.030872,-0.096394,0.002368,0.285866,0.124912,-0.149796,-0.019459,-0.105736,0.074390,0.010454,0.504965,-0.078947,-0.337039,-0.145739,-0.113056,0.331090,0.203275,-0.297769,-0.122811,-0.192055,-0.039797,0.152861,0.296309,0.144864,-0.089347,-0.089367,-0.249996,-0.141108,0.022045,0.011543,0.286717
2024-07-19,0.025994,0.142864,-0.288617,-0.085513,0.703296,-0.280545,0.103019,-0.384348,0.459034,0.373646,0.146522,0.249206,0.019794,-0.013153,0.309179,-0.081725,0.173730,-0.101337,0.161057,0.052239,-0.086922,-0.047418,0.169252,0.051093,0.252728,-0.194776,-0.476668,-0.220365,0.035389,-0.256978,-0.189719
2024-07-22,0.087915,-0.235134,0.037745,0.032368,0.811618,-0.193302,-0.237755,-0.340004,0.128771,-0.168220,0.676245,-0.110324,-0.065811,-0.190783,0.192161,0.373609,0.180072,-0.123959,0.087734,0.004804,0.305031,-0.066386,0.299971,0.279974,-0.028587,-0.113551,0.232092,-0.034483,0.168741,0.161879,0.034329
2024-07-23,0.289684,-0.161356,-0.016471,-0.035335,0.692195,0.028433,-0.158048,-0.069348,-0.265491,-0.061820,0.213521,-0.035556,-0.173971,-0.092563,-0.019059,-0.210035,0.037167,-0.137864,-0.054513,-0.269328,0.075127,0.137498,0.120526,-0.085076,-0.040990,0.148145,0.089059,-0.209917,0.401898,-0.264778,-0.269480
2024-07-24,-0.047384,-0.084215,0.191229,0.125798,-0.005008,-0.315272,0.203899,0.041514,-0.110100,-0.171214,0.451919,0.402663,-0.304663,-0.261661,0.201555,0.281536,0.596130,-0.115154,0.262109,-0.102926,0.076704,0.243195,0.126889,-0.087667,0.335358,0.179882,-0.154445,-0.025497,0.461650,-0.219323,-0.277265
2024-07-25,0.040193,-0.065742,0.112132,-0.034776,0.606579,-0.108572,-0.025318,-0.121135,-0.144745,0.154156,0.693180,-0.057050,0.259725,-0.006443,0.290719,-0.183263,0.074126,-0.337586,-0.081444,-0.015175,-0.053635,-0.021918,0.198023,-0.325126,-0.156751,0.176318,-0.107450,-0.318167,0.115628,0.339551,0.198738
2024-07-26,-0.091548,0.117817,-0.125563,-0.028687,0.251281,0.291137,-0.150407,0.307412,0.048904,-0.086074,0.259144,0.061769,-0.124207,-0.191957,-0.059796,0.298343,0.275948,-0.281653,-0.335387,-0.296251,0.570317,-0.184391,0.278230,-0.251030,0.267244,-0.269134,-0.291032,-0.050113,0.406857,-0.114059,0.232499
2024-07-29,0.034118,-0.185752,0.110123,0.393863,0.668718,-0.091167,0.082749,-0.160819,-0.246068,-0.177484,0.578584,0.182353,-0.460820,-0.292645,-0.302547,-0.395151,0.206106,-0.009748,0.111277,-0.195339,0.265362,-0.050254,0.246506,0.095108,0.091988,-0.187787,-0.115934,0.085313,0.336918,0.216784,0.120473
2024-07-30,0.138135,-0.072023,-0.295408,-0.306098,0.208520,0.000709,0.186728,0.186383,-0.113879,-0.055199,0.318091,-0.208867,-0.272181,-0.105988,-0.463210,-0.036765,0.401591,-0.185402,-0.075367,0.272738,-0.190925,0.571374,0.395162,0.126475,-0.233501,0.056825,-0.078511,-0.070236,0.430121,0.298118,0.033258
2024-07-31,-0.281784,-0.160912,0.071144,0.179905,0.317930,-0.130403,0.074012,-0.162868,0.547364,-0.017839,0.311043,-0.112555,-0.118590,-0.164213,0.189808,0.427913,0.226549,0.081082,-0.248123,0.077180,-0.075140,-0.070402,0.481200,-0.045379,0.092313,0.001003,0.116773,0.470607,0.104747,0.312864,-0.095275
2024-08-01,-0.243362,-0.137026,-0.045207,-0.086877,0.293130,0.074593,-0.054567,-0.023761,-0.063923,0.427988,0.110001,-0.240299,-0.104501,0.117247,0.230063,-0.199984,0.020781,-0.169708,0.097799,-0.082922,0.200721,0.311713,0.241347,-0.095090,0.090472,-0.229060,0.085566,-0.065536,0.139663,-0.142384,0.019229
2024-08-02,-0.068269,-0.219962,-0.101974,0.062712,0.420582,-0.261868,-0.163901,-0.320346,-0.120228,-0.191046,0.487237,0.186648,-0.044017,0.016424,0.445216,-0.108957,0.433624,-0.241959,-0.137995,0.065971,-0.011410,-0.220144,0.250095,-0.038404,-0.038054,-0.165168,0.486354,-0.229016,0.657790,-0.296043,0.135354
2024-08-05,-0.272111,-0.062109,-0.316091,-0.202497,0.513269,0.010735,-0.197493,-0.109436,-0.151672,-0.137900,0.282929,0.004700,0.190902,0.266943,-0.063065,0.148959,0.227463,-0.150633,0.460167,0.502941,-0.391781,-0.189110,0.770470,-0.498574,-0.127060,-0.291162,-0.149288,-0.044005,0.249605,0.037301,0.198502
2024-08-06,-0.078792,0.321553,-0.007867,-0.005867,0.194038,-0.171054,-0.236434,-0.009021,0.066558,0.320801,0.159172,0.246993,-0.035446,0.112543,-0.168314,0.288434,0.013884,0.103402,0.179487,0.317804,0.212701,-0.195014,0.352187,-0.278213,0.193994,0.303580,-0.231385,0.282860,0.100749,0.141472,-0.177889
2024-08-07,-0.038118,0.007746,0.433083,0.487473,0.142850,0.206202,-0.032867,-0.236390,-0.029760,-0.144628,0.159600,-0.278420,-0.310730,0.102690,-0.204542,-0.084626,0.144341,-0.049692,0.073977,0.203135,0.030718,0.310306,0.063107,-0.182346,-0.364699,-0.090379,-0.248941,-0.118324,0.586555,-0.144981,-0.423306
2024-08-08,0.178164,-0.033583,-0.073934,0.260701,0.412510,-0.072536,-0.019063,-0.144144,0.181394,-0.090101,0.038797,-0.139927,-0.263471,-0.178339,-0.378986,-0.169880,0.365596,-0.073878,-0.075461,-0.122042,0.008428,0.311105,0.014328,0.487506,-0.131413,-0.237099,0.181600,0.041330,0.135397,-0.403019,-0.138555
2024-08-09,-0.195302,-0.239346,-0.103906,-0.027746,0.311097,0.144492,-0.010251,-0.098266,0.264982,-0.154655,0.061407,-0.326091,0.183575,0.401752,0.202015,-0.262856,0.233892,-0.202117,0.101132,0.117716,0.173285,-0.277615,0.226277,0.295612,0.098053,0.053979,-0.154567,0.055228,0.077570,0.484479,-0.180984
2024-08-12,0.221901,-0.065818,-0.172367,-0.306781,0.060850,-0.035886,-0.094573,-0.182808,0.139842,0.029716,0.319766,0.425518,0.127121,-0.255732,-0.376045,-0.090578,0.359837,-0.198655,0.274742,0.159750,0.124126,-0.129483,0.384957,-0.288730,0.063718,-0.193287,-0.133823,0.488871,0.278277,0.227186,0.316289
2024-08-13,0.115757,0.090445,-0.266286,0.029299,0.299255,-0.052687,-0.176047,0.181399,0.058687,0.015024,0.422172,-0.099154,0.060069,-0.323972,0.163267,0.093492,0.451817,-0.063431,-0.209671,-0.111948,0.299528,0.037324,0.160905,-0.454745,-0.173825,-0.202026,-0.137437,-0.080866,0.270432,-0.241202,-0.009640
2024-08-14,0.069444,-0.007044,-0.222063,-0.055888,0.130580,-0.039144,0.195911,-0.326494,-0.051560,-0.148208,0.119737,-0.141539,0.172235,0.063326,-0.057313,-0.033553,0.288147,0.260833,-0.228689,-0.072701,0.258398,0.187557,0.070724,-0.168174,-0.286042,0.027775,0.087026,0.226007,0.371361,-0.234904,0.352355
2024-08-15,0.049403,-0.074533,0.414080,0.383743,0.044952,0.186519,0.063007,0.073971,-0.080148,-0.095530,0.234873,0.220574,0.139794,0.218930,0.378115,0.379822,0.400840,-0.058787,-0.044353,0.073659,-0.008959,-0.159434,0.419433,-0.095019,-0.191536,0.091857,-0.071095,0.220368,0.551546,-0.038036,0.189488
2024-08-16,-0.111516,-0.389413,0.012357,-0.149019,0.211183,-0.028448,0.160691,-0.152310,-0.433538,0.410976,0.004172,-0.016353,-0.066794,-0.001546,-0.075310,-0.062081,0.220992,0.047936,0.366676,-0.023018,0.019006,-0.084299,1.060485,-0.321784,-0.015309,-0.270446,0.465125,0.224880,0.589371,0.216903,-0.085322
2024-08-19,-0.251824,0.118481,0.067171,-0.157020,0.467376,0.485385,-0.275935,-0.009697,0.367121,-0.064157,0.344786,-0.123134,0.242317,-0.159881,0.086718,-0.063973,0.434677,-0.261871,-0.023708,0.110134,0.186514,-0.089093,0.405377,0.177527,-0.286076,0.127567,-0.116774,-0.199817,0.100801,-0.140034,0.138159
2024-08-20,-0.262485,0.156215,0.359237,-0.038803,0.028572,-0.282732,-0.154606,-0.239885,0.116012,-0.207714,0.590953,0.040365,0.161750,-0.163984,-0.176779,-0.290722,0.247571,-0.128207,0.073697,0.420821,-0.092518,-0.120697,0.315123,0.211358,0.004784,-0.253244,-0.123050,-0.173170,0.449433,-0.170756,-0.115277
2024-08-21,0.128496,-0.050336,-0.246698,0.040016,0.143169,-0.090788,0.019468,-0.016261,0.053003,-0.095728,0.336720,-0.297195,-0.038271,-0.319056,0.093929,0.029948,0.219327,-0.018358,0.480737,-0.040391,-0.104558,-0.220369,0.378415,-0.092384,0.032959,-0.156687,-0.088046,-0.078551,0.180327,-0.189742,-0.298517
2024-08-22,-0.176417,-0.027401,-0.077076,-0.036067,0.108661,0.124191,-0.130809,0.438407,0.019569,0.198682,0.413989,-0.170213,-0.407709,-0.096231,-0.032412,0.127032,0.311164,0.228616,-0.006060,-0.266451,-0.108321,-0.075427,0.443521,-0.107795,-0.269125,-0.399259,0.054950,0.238627,0.371359,-0.157972,-0.050781
2024-08-23,0.214043,-0.275605,0.285849,0.063396,0.242059,-0.046355,-0.163586,-0.320297,0.229012,0.323553,0.106487,-0.160212,0.174819,-0.090801,0.027270,-0.014936,0.149670,-0.154364,0.026669,0.138611,-0.313649,0.340086,-0.053014,0.307666,-0.000767,-0.166590,0.180178,0.227789,0.425921,0.000275,-0.056886
2024-08-26,-0.103242,0.144237,0.146747,-0.026204,0.119436,-0.055911,-0.283994,0.178827,-0.168489,0.269039,0.089106,0.308416,-0.225562,-0.239741,-0.077407,0.338204,0.124282,-0.335465,0.156992,-0.144167,-0.236866,-0.263927,0.236059,-0.235404,-0.244554,-0.357051,-0.123350,-0.038520,0.290976,0.369536,-0.057474
2024-08-27,-0.250617,0.016203,-0.163597,-0.326003,0.239962,-0.386957,0.364214,0.213639,-0.067242,-0.093604,1.000525,0.183784,0.239968,-0.099758,-0.159651,-0.054490,0.435482,0.397683,-0.199584,0.105246,-0.016011,-0.387186,0.681071,0.030699,-0.009099,-0.100094,-0.276428,-0.155472,0.296052,0.645491,0.405638
2024-08-28,0.217036,0.098437,-0.367219,0.038883,0.274649,-0.144989,-0.133860,-0.132395,-0.372346,-0.001997,0.045092,0.003969,0.194933,0.038899,0.358895,-0.113653,0.167025,-0.194699,-0.116100,-0.333060,-0.217796,0.396491,0.596694,0.080824,-0.551302,-0.058291,-0.006063,0.146020,0.151635,-0.282740,0.035157
2024-08-29,0.124798,-0.266856,-0.259772,-0.207297,-0.074858,-0.046824,0.318181,-0.073024,-0.104846,-0.073288,0.128112,0.117563,-0.128046,-0.017600,-0.105798,0.390229,0.716256,-0.110357,-0.137858,-0.250718,-0.179385,-0.171587,0.262918,0.128911,-0.169779,0.118662,-0.145744,-0.264829,0.244367,-0.076601,-0.179470
2024-08-30,0.543278,-0.067323,0.120317,-0.328927,0.292816,-0.258300,0.020397,0.250138,0.130493,-0.291114,0.583889,-0.306437,0.110736,0.008473,-0.058143,-0.115401,0.310595,0.469345,-0.034785,-0.239915,-0.196182,-0.182987,0.279036,-0.051459,0.186183,-0.077425,-0.248585,-0.235632,0.538666,0.334354,-0.087379
2024-09-02,0.194692,-0.084881,0.270280,-0.194620,-0.090073,-0.109702,0.443434,0.163712,-0.056195,-0.096511,0.121515,0.078354,0.320346,-0.046347,-0.242765,0.174783,0.238350,-0.143543,0.341950,0.135322,-0.017041,-0.103823,0.084786,0.038741,-0.014183,-0.105495,-0.365716,0.322224,0.113187,0.257216,0.018023
2024-09-03,-0.010245,-0.027267,-0.134088,0.146634,0.236667,-0.193596,0.132338,-0.080973,0.034476,0.097356,0.176566,-0.280314,0.268403,0.084038,0.002088,0.131584,0.000742,0.227797,0.237692,0.334278,0.240345,-0.279184,0.132815,-0.134137,-0.067274,-0.248462,0.047631,0.043947,0.364955,0.104217,0.162641
2024-09-04,-0.147311,0.097345,-0.103265,-0.279631,0.572695,-0.074688,-0.160648,0.252123,-0.039751,-0.127654,0.040472,0.210506,-0.055570,-0.059914,0.090458,-0.213446,0.337160,-0.153698,-0.141935,-0.173629,0.288516,-0.148095,0.149547,-0.275143,-0.161682,-0.205104,-0.134637,-0.138817,0.410753,-0.139536,-0.078945
2024-09-05,0.219157,0.033890,-0.087887,-0.163841,0.550042,-0.214939,-0.095283,0.147663,0.295763,0.101177,0.412623,-0.093850,0.119266,-0.063872,-0.011773,-0.125263,0.274875,0.318829,-0.259200,0.173132,0.016578,-0.135875,-0.021013,-0.206903,-0.150990,-0.162134,-0.082398,0.478025,0.457740,-0.041971,0.037775
2024-09-06,0.274628,0.011191,-0.164633,-0.081248,0.096355,-0.303210,-0.161556,0.066659,-0.198772,-0.095810,0.237278,0.089606,0.147153,0.097031,-0.048367,0.099670,0.037168,-0.197902,0.085765,0.265019,0.133790,0.003075,0.529950,0.194755,-0.146036,-0.080058,-0.256416,0.200183,0.405711,0.067026,0.236877
2024-09-09,0.425027,-0.082397,-0.087229,-0.228886,-0.267369,0.191881,-0.107028,0.261875,0.144997,-0.160368,-0.086933,0.251748,-0.151868,0.242838,-0.198548,0.206360,0.165018,0.010713,-0.099627,-0.097251,0.282295,-0.154557,-0.196367,0.233985,-0.012926,-0.123883,-0.084442,-0.203980,-0.291570,0.172817,0.142779
2024-09-10,-0.084168,0.243381,-0.184769,-0.208273,0.058337,0.237891,-0.477994,-0.160549,0.034838,-0.018681,-0.440415,0.219603,-0.161661,0.411614,0.484528,0.090401,-0.130852,0.078676,0.141089,0.295703,0.111216,-0.017426,0.291831,0.192754,0.013214,-0.196085,0.272260,0.168732,0.365226,0.226935,-0.155135
2024-09-11,0.010182,-0.128875,-0.282984,0.011690,-0.143874,0.300662,-0.133253,0.111760,-0.296690,-0.150676,0.156417,0.366029,-0.362588,-0.182099,-0.067422,-0.252915,-0.067609,0.766805,0.333871,-0.191633,0.160687,-0.099118,-0.078790,0.337271,0.276510,-0.152499,-0.068015,0.007809,0.303603,0.233307,-0.115376
2024-09-12,-0.047538,-0.038127,0.038943,0.140651,-0.306499,0.398766,0.046146,0.201323,0.138847,0.251933,0.058638,0.200552,0.230097,0.258401,0.198700,-0.160797,0.108478,0.057182,0.011009,0.475347,0.041260,-0.201236,0.039656,-0.024927,0.115957,-0.400462,-0.190465,0.314612,0.207575,-0.022644,-0.229612
2024-09-13,-0.114090,-0.189116,0.054868,-0.457345,-0.282697,0.798820,-0.074440,-0.488127,-0.198071,-0.372346,-0.007550,0.339231,-0.067824,-0.070370,0.192679,-0.309056,0.268612,0.142688,0.178914,-0.010606,-0.135717,0.099007,0.038536,0.021624,0.032162,-0.040298,0.022247,-0.095836,0.123632,0.373031,0.202932
2024-09-16,0.168734,-0.141217,0.324990,-0.200816,-0.429006,0.366261,0.093894,-0.186369,-0.063202,0.077896,-0.309385,0.317424,0.121351,-0.105762,0.041229,-0.346546,-0.314663,0.536033,0.191684,-0.259365,0.145305,-0.195262,-0.162441,0.291825,-0.247776,0.191139,0.390346,0.111614,0.207123,0.542770,-0.136747
2024-09-17,0.023139,0.046293,-0.337703,-0.209806,-0.389482,0.165483,0.156401,0.029942,-0.086992,-0.265859,0.208419,0.501874,0.221139,-0.298430,-0.325943,0.427657,0.110603,0.008406,-0.090932,-0.377438,-0.002207,-0.308599,-0.184309,0.459997,-0.068924,-0.218385,-0.118811,-0.220222,0.124698,0.412548,0.146495
2024-09-18,-0.131768,-0.112583,-0.107565,0.113006,-0.156016,0.037129,0.156475,0.054287,-0.240147,-0.026276,0.149343,0.127480,0.397265,-0.192824,-0.107586,-0.099083,0.311213,0.309331,0.033382,-0.052712,0.412807,-0.096299,-0.097558,0.578587,0.262515,0.101301,-0.277619,-0.233598,-0.358594,0.406953,0.277602
2024-09-19,-0.112668,-0.090336,0.255480,-0.092932,-0.374436,0.316948,-0.078718,-0.050748,-0.073113,-0.264787,0.034020,0.508203,-0.366339,-0.127213,-0.240758,-0.051494,0.028193,0.423082,0.112870,0.549768,0.377268,-0.378281,0.185487,0.235466,-0.087545,-0.036639,-0.058182,0.141403,0.075980,0.445472,-0.140624
2024-09-20,-0.153131,-0.286834,0.020419,-0.478432,-0.107852,0.456201,0.058036,-0.035313,-0.016069,-0.029220,-0.108017,0.651603,0.121239,-0.156608,0.034792,0.405847,0.126675,0.101872,0.172303,0.071922,0.223680,-0.278952,-0.063947,0.282218,0.066627,-0.287848,-0.177154,-0.068690,-0.099166,0.532440,-0.150768
2024-09-23,0.506900,-0.099579,-0.235459,0.000532,0.089662,-0.051802,0.244396,0.416810,-0.049365,-0.096171,0.132855,0.592829,-0.219624,-0.035165,-0.255518,-0.331901,0.271989,0.310132,-0.072231,-0.115417,-0.093632,-0.189704,-0.100189,0.145894,-0.080315,-0.091342,-0.108678,0.312169,-0.090139,0.140188,0.077158
2024-09-24,0.005632,-0.150396,-0.409562,0.034992,-0.263459,0.377444,-0.167201,0.277326,-0.197991,0.086742,-0.119537,0.331716,0.077365,0.268174,-0.250626,-0.122306,0.101166,0.668298,-0.318037,-0.109341,-0.172685,0.018987,-0.187418,0.428117,-0.088485,0.195768,0.159554,-0.183377,-0.244153,0.606983,0.091388
2024-09-25,-0.024181,-0.029903,-0.102057,0.182817,-0.351589,0.212057,0.101562,-0.095666,0.363625,-0.036328,-0.314025,0.152960,0.005476,0.062547,0.364689,-0.082361,0.050521,-0.113410,0.187628,-0.003590,-0.309848,0.034253,-0.272999,0.245405,0.014418,0.043109,0.400705,-0.138679,-0.116154,0.293394,0.155316
2024-09-26,-0.124131,-0.110066,-0.223049,-0.115684,-0.077854,0.006256,0.303392,0.053918,-0.296006,0.478940,-0.131495,0.303501,-0.056402,0.284640,-0.028123,-0.111816,-0.263890,0.653953,0.055934,0.210700,0.193096,-0.278156,-0.096937,0.302233,0.018740,-0.024789,-0.077654,-0.295416,0.104658,0.532029,0.064414
2024-09-27,-0.203970,-0.298581,-0.216889,-0.373496,-0.218412,0.279677,-0.025448,0.152134,0.619725,-0.034678,-0.109428,0.147966,-0.046211,0.132097,0.031242,-0.096601,0.184951,0.158814,0.055161,0.393567,0.067365,-0.271064,0.029919,0.110081,-0.153538,-0.322692,-0.390161,0.290211,-0.054944,0.206851,-0.116687
2024-09-30,-0.115650,0.224294,0.160575,-0.285723,-0.095169,0.602450,0.164730,-0.143722,-0.248339,0.482805,-0.142856,0.463204,0.369636,0.230892,-0.088196,0.094896,0.202130,-0.017762,-0.115027,0.089282,-0.013495,-0.236614,-0.236237,0.223558,-0.049802,-0.130636,-0.143980,-0.367214,0.369706,0.217559,0.472644
2024-10-01,-0.103834,0.001285,0.261055,-0.171723,0.119491,0.138607,0.035150,0.147924,-0.175615,-0.002750,0.281261,0.231670,0.115594,-0.041955,-0.183570,0.232558,-0.150774,0.432965,0.058433,0.040904,0.071121,0.015715,-0.071980,0.121835,-0.034150,0.181024,0.033381,-0.217229,0.043432,0.000925,-0.201024
2024-10-02,-0.057841,-0.304068,0.010424,-0.269687,-0.151603,0.402445,-0.088341,0.044450,-0.359176,-0.113540,-0.214049,0.493501,0.049243,0.503516,0.069541,0.114023,0.051595,0.214420,-0.060597,0.100188,0.014727,-0.031719,-0.299328,-0.094968,0.151191,0.376045,-0.194120,-0.319183,-0.110332,0.262026,-0.079978
2024-10-03,-0.067476,-0.248316,-0.301657,0.235480,-0.159266,0.597656,-0.163688,0.185469,-0.031163,-0.109344,-0.123302,0.037197,-0.207840,-0.046598,-0.123977,0.074763,0.051289,0.531739,0.207974,-0.078832,-0.055408,-0.008872,0.323313,0.370515,-0.030412,-0.167786,-0.237371,-0.288323,0.115224,0.525043,-0.025496
2024-10-04,-0.059254,-0.100296,-0.017663,-0.239811,-0.249519,0.672397,-0.035284,0.045047,0.091363,0.185066,-0.158442,0.241240,-0.113810,0.084518,-0.084713,-0.303620,0.368188,0.069892,-0.254337,-0.082790,0.211376,-0.080818,0.161672,0.626078,-0.254469,-0.073856,-0.195526,-0.261632,-0.150932,0.397861,0.590923
2024-10-07,-0.049381,-0.103547,-0.168404,-0.315928,0.270513,0.080087,0.341481,-0.167963,0.392026,-0.200579,-0.120730,0.474483,0.279922,0.367795,0.374791,0.168189,0.109859,0.697961,-0.252647,0.233323,0.229917,-0.200023,-0.151321,0.262675,0.006412,0.067497,0.062208,0.282834,0.070371,0.132688,0.155190
2024-10-08,-0.141623,0.144301,-0.244749,-0.045921,-0.215750,0.161541,0.195227,0.299879,0.095599,0.062536,-0.201636,0.420106,-0.134142,-0.216811,0.097518,-0.323765,-0.051775,0.403007,-0.038312,-0.417004,-0.053903,-0.125801,-0.111604,0.112708,-0.203556,0.464178,0.156036,-0.292573,-0.202914,0.108253,-0.044968
2024-10-09,-0.191268,0.274421,-0.331489,-0.302043,-0.019444,0.479858,0.125277,0.028297,-0.137056,0.457358,-0.103853,0.245577,0.067095,-0.021393,-0.141645,0.221278,0.478659,0.753655,-0.057753,0.024560,0.244894,0.038365,-0.159617,0.061051,-0.137597,0.213882,-0.179268,-0.232244,0.172022,0.529388,-0.136088
2024-10-10,-0.246849,0.222191,-0.080474,-0.065922,-0.071084,0.979035,-0.089309,-0.288626,0.164083,-0.019015,-0.025100,0.513277,-0.129740,-0.356289,0.320907,-0.044189,-0.286063,0.523428,-0.217331,0.069418,0.131179,0.240305,0.486385,0.520873,0.070930,0.193155,0.135578,0.368291,0.210517,0.691538,0.119447
2024-10-11,-0.264855,-0.130655,-0.226100,-0.147893,0.173928,0.157674,-0.249667,-0.066417,0.100204,0.275986,0.055719,0.143121,0.297716,-0.216968,-0.064576,-0.118672,0.022277,0.258050,0.147366,0.104336,0.343126,0.132993,-0.129110,-0.029701,-0.034390,-0.038465,0.160995,-0.053045,-0.304513,0.787292,-0.242770
2024-10-14,0.343380,0.208599,0.236868,-0.399479,-0.153245,0.150446,-0.220974,0.398663,-0.246655,-0.125282,0.213524,0.308802,0.137583,0.031680,-0.427287,0.057864,0.048572,0.070825,-0.101535,-0.125947,-0.156274,-0.028356,-0.095522,0.244174,-0.137664,0.182193,0.298104,0.146443,-0.038634,0.039901,0.152708
2024-10-15,-0.161098,0.011599,-0.465890,0.258939,-0.303115,0.423743,-0.209661,0.239037,-0.017731,0.201515,0.149489,0.890606,0.393328,0.386004,0.096140,-0.157013,-0.124518,0.392409,-0.000837,0.256178,-0.271141,-0.118464,-0.104548,0.295541,-0.165022,0.177803,0.018927,0.063457,0.162632,-0.025120,-0.043986
2024-10-16,-0.415645,0.024056,-0.076979,0.089043,-0.294720,0.058860,-0.132497,0.320488,-0.169500,-0.185396,0.035831,0.350684,-0.169707,-0.348857,0.065868,-0.356133,-0.173459,0.125245,0.405124,-0.158771,0.085627,0.404355,-0.102789,0.201829,0.248156,0.103963,-0.160465,-0.281053,-0.241875,0.258904,0.401749
2024-10-17,0.060583,-0.105696,0.018427,-0.038807,0.125606,0.382441,-0.128452,0.406300,0.280285,0.286101,-0.214185,0.472908,-0.056414,-0.215674,0.232642,0.074713,-0.078890,0.451226,0.216396,-0.165337,-0.028609,-0.280004,-0.280926,0.123615,0.012330,0.043331,-0.272629,-0.121282,-0.277790,0.523609,0.028234
2024-10-18,-0.290898,-0.179181,-0.199642,0.006860,0.510381,0.324699,-0.124002,0.157397,-0.230390,0.511788,0.058870,0.225261,-0.227481,-0.152319,-0.102539,-0.030775,-0.071108,0.409501,-0.115667,0.242582,-0.154790,-0.181778,0.138007,0.449938,0.409160,0.053133,0.215271,-0.245625,-0.142780,0.654851,0.165524
2024-10-21,0.190673,-0.265277,0.051960,0.124718,-0.270002,0.607353,-0.229624,-0.143587,0.354725,-0.081091,0.164283,0.449813,0.188343,0.067524,-0.215869,0.405701,-0.109514,0.536713,-0.185759,-0.173891,-0.183218,0.216650,-0.201700,0.323693,0.063845,-0.140666,-0.307614,-0.228337,0.073172,0.185793,-0.116106
2024-10-22,-0.138509,-0.006362,0.013446,-0.210812,-0.243533,0.282986,-0.127669,0.100897,-0.349484,-0.034445,0.262827,0.244636,0.068628,-0.332402,-0.078881,-0.359892,-0.128774,0.352518,-0.207126,-0.369952,0.220943,-0.327353,0.205077,0.238885,-0.152239,-0.487672,0.034894,-0.001177,-0.062226,0.483152,-0.010645
2024-10-23,-0.371643,-0.216508,-0.087043,-0.079714,-0.069338,0.744231,0.290375,0.322423,0.126536,-0.142566,-0.100265,0.623990,-0.084959,0.183987,-0.177664,0.131009,-0.155890,0.270429,0.060319,0.213783,0.027263,-0.477772,0.205960,0.465546,0.271344,-0.032490,0.057328,-0.325783,0.245162,0.228456,0.093477
2024-10-24,-0.022933,0.053589,0.130173,0.276781,-0.017115,0.388182,0.385534,0.011095,-0.057761,-0.059246,-0.026757,0.260533,-0.139242,-0.192890,-0.015390,0.054691,-0.131807,0.527798,0.100264,-0.095639,-0.049380,-0.129549,0.100268,0.493959,-0.291376,-0.180731,0.015308,-0.267730,-0.063795,0.479923,-0.050367
2024-10-25,0.017128,-0.100666,-0.120817,-0.069578,0.154351,0.454106,-0.030679,0.168721,0.012212,-0.060124,0.273195,0.293355,-0.185133,-0.033198,-0.275497,-0.146481,0.152742,0.450551,-0.044155,0.275227,0.208353,-0.184159,0.048813,0.598064,0.275831,-0.158886,0.057115,-0.298003,0.130674,0.084041,0.036911
2024-10-28,-0.030527,-0.014853,-0.167612,0.086440,-0.047953,0.557395,0.266283,0.254615,-0.088862,-0.143413,-0.084657,0.467159,0.146808,0.237106,-0.272633,0.000157,-0.239629,0.209739,0.090900,-0.381322,-0.262899,-0.083460,0.070607,0.118097,-0.115570,-0.215922,0.089478,-0.304505,-0.212241,0.001450,-0.075167
2024-10-29,0.009812,-0.115809,0.305381,0.225317,-0.239743,0.305744,0.331951,0.169757,-0.303969,0.069367,-0.225100,0.433896,-0.270499,-0.009501,0.189583,-0.077320,0.249741,0.122052,-0.039036,0.383098,0.211741,0.044255,0.420430,0.405029,-0.099932,-0.246472,-0.158072,-0.035532,-0.304644,0.251391,-0.264763
2024-10-30,0.184267,-0.117809,-0.159358,-0.072272,0.082338,0.269386,-0.021321,0.154385,-0.071314,-0.027769,0.028501,0.589107,-0.241903,0.134033,-0.175115,-0.186165,0.082294,0.485567,0.239214,-0.031027,0.410826,0.004654,0.210037,0.211477,0.043998,-0.192164,0.353712,-0.299423,-0.151857,0.322093,-0.230613
2024-10-31,-0.049191,-0.021754,-0.042633,-0.054014,-0.059223,0.973286,0.392440,-0.044900,-0.072819,-0.026874,-0.401840,0.305388,-0.029083,0.237004,-0.202802,-0.269920,-0.126096,0.165828,-0.095201,0.063106,0.208956,0.039839,0.205060,0.483481,-0.203145,0.142158,0.250310,-0.353030,0.116355,0.169637,0.219780
2024-11-01,-0.145215,-0.216877,0.277187,0.222747,0.243123,0.058765,-0.063184,-0.070824,-0.122164,0.081527,-0.436903,0.201736,0.252948,-0.045041,0.015743,-0.184879,-0.144478,0.081332,0.077184,0.455693,0.155810,-0.020685,0.042611,0.308832,0.156365,0.028693,0.178567,-0.192681,0.386081,0.472893,-0.091035
2024-11-04,0.255133,-0.164699,-0.308692,-0.320634,-0.018972,0.327119,0.476937,-0.189333,-0.056986,0.001733,-0.202292,0.045844,0.503900,-0.101091,-0.192100,-0.102457,0.127896,0.062674,0.202490,-0.153866,0.249876,-0.192877,-0.047324,0.206201,0.382278,-0.090034,-0.006653,-0.111834,0.145573,-0.096403,0.452906
2024-11-05,0.147739,-0.127061,0.153111,0.115077,0.334659,-0.089175,0.388387,-0.102136,0.133946,-0.039330,-0.192580,-0.307761,0.092359,-0.095816,-0.252960,-0.453080,-0.104328,-0.233018,0.149251,0.005843,-0.228205,0.326221,0.009542,-0.068137,0.166858,-0.245122,0.263383,-0.334513,-0.103359,-0.029320,0.609691
2024-11-06,0.242470,-0.135543,-0.363674,0.042481,-0.288151,0.173285,0.332003,-0.272108,0.211507,0.226547,0.189090,0.035823,0.080754,-0.216455,0.172138,-0.149339,-0.019657,-0.154958,0.232068,-0.109136,0.001141,-0.109513,0.328924,-0.001139,0.063456,0.006355,-0.071699,-0.144889,-0.210144,0.085404,0.205716
2024-11-07,-0.115714,0.541564,-0.099797,-0.106110,0.074870,-0.037012,0.279450,-0.023010,-0.138957,0.077887,-0.163457,-0.206764,0.449720,0.049891,0.149192,0.111833,-0.117637,-0.124229,0.537682,-0.155178,-0.253165,0.027831,-0.057420,0.246545,0.133457,-0.167678,-0.322482,0.085865,-0.102439,-0.203749,0.245349
2024-11-08,0.056507,0.080429,-0.286990,-0.110890,0.235409,0.035779,0.415324,-0.158034,-0.091331,0.034966,-0.287263,-0.185519,-0.136454,0.215891,-0.281759,-0.304950,-0.366938,-0.050220,0.572850,-0.206548,-0.049801,0.081262,-0.150660,-0.215944,0.240974,-0.464487,0.062721,-0.176493,-0.099832,-0.097367,0.441042
2024-11-11,0.002864,-0.154411,-0.046870,-0.174015,0.223968,0.223350,0.335318,0.375709,-0.361626,0.124314,0.025865,0.037590,-0.124797,-0.097156,0.396597,-0.204362,-0.038355,0.217124,0.432415,-0.027746,-0.139900,0.145174,-0.041422,-0.136855,0.233107,0.246164,0.290846,-0.022531,-0.270396,-0.221798,0.084134
2024-11-12,0.351342,0.079791,-0.067660,0.163675,-0.001395,0.166892,0.081302,-0.106765,0.260202,0.008950,0.281688,0.286136,-0.250549,-0.265684,-0.029609,-0.365512,0.263941,-0.027233,0.411094,-0.152467,-0.167271,-0.141108,-0.122663,0.127375,0.327239,0.096978,0.193217,0.042873,-0.213261,0.082769,-0.051317
2024-11-13,0.146093,-0.031554,-0.388998,0.033055,-0.093479,-0.260402,0.420129,-0.188112,-0.520204,0.321822,-0.135354,0.023604,0.042538,-0.360983,-0.115708,0.091186,0.127971,0.228980,0.388268,0.009395,-0.029967,0.365635,-0.166931,0.227425,0.539308,-0.075120,-0.124075,0.250206,-0.077430,-0.046167,0.443366
2024-11-14,0.033541,-0.258734,0.027760,-0.085701,0.446047,0.085967,0.385172,-0.189908,-0.377767,-0.111273,0.141371,-0.084221,0.370626,0.046674,-0.096475,-0.197985,-0.176577,0.036015,0.304358,0.129205,-0.135331,0.007229,0.117704,0.183515,0.465113,-0.230989,-0.051883,0.004764,-0.162831,-0.382484,0.325748
2024-11-15,0.608151,-0.061095,-0.223136,0.194512,0.048535,0.477134,0.181492,0.250779,-0.252754,0.218623,0.022310,-0.094212,0.272457,-0.088765,-0.288702,-0.209876,0.037963,-0.274070,0.433373,0.102335,0.320675,0.097149,0.119143,0.005507,0.304561,-0.367191,-0.265156,-0.201897,0.023872,-0.218116,0.485091
2024-11-18,0.373335,0.200895,-0.024248,0.307066,0.055833,-0.020990,0.153283,-0.087729,-0.092062,-0.071987,-0.114204,-0.108953,-0.011970,-0.058563,-0.244611,-0.087711,0.108282,-0.264304,0.280525,-0.078996,-0.136762,-0.182611,-0.048634,0.066194,0.247305,-0.036952,-0.440694,-0.378658,-0.051188,-0.246769,0.429363
2024-11-19,0.162893,0.151184,-0.076568,0.092302,0.165283,0.147860,0.553745,-0.105220,-0.361855,0.394505,-0.405265,-0.158833,0.001546,0.277127,0.134327,-0.139728,-0.199056,-0.081706,0.125973,0.378579,-0.222914,-0.034903,0.353113,0.205300,0.306781,-0.034127,-0.224245,-0.214196,-0.091988,-0.001610,0.729597
2024-11-20,0.296602,-0.080083,-0.287308,-0.221499,0.662127,-0.008384,0.151401,-0.097203,0.351430,-0.110114,-0.144753,-0.183446,0.485386,-0.232048,-0.376088,-0.304637,-0.111364,0.094662,0.168689,0.146897,-0.057449,-0.331985,-0.131405,-0.021591,0.321008,-0.092096,-0.174078,0.333529,-0.070740,-0.105411,0.339762
2024-11-21,0.438444,0.457373,-0.077236,-0.117298,0.042033,-0.010984,0.459230,0.099711,0.016533,-0.129928,-0.117510,-0.071722,0.348439,-0.111622,-0.303563,0.182202,0.091200,-0.061481,0.767077,0.150241,-0.261945,0.084734,-0.186351,-0.052696,0.098451,0.023714,-0.004153,-0.196310,0.047475,-0.118438,0.169535
2024-11-22,0.460618,0.168073,-0.208182,0.172268,-0.056470,0.292562,0.515176,-0.169223,-0.158750,-0.172059,-0.187671,-0.300917,0.132213,0.016438,-0.076485,0.108772,-0.053165,0.032384,0.107612,0.214487,0.206768,-0.027266,-0.064900,-0.012402,0.282550,-0.113591,-0.028805,-0.233581,0.212387,0.004584,0.315534
2024-11-25,0.334556,0.222467,-0.381906,-0.059980,-0.185845,-0.193170,0.576933,0.029099,-0.022262,0.248870,-0.036979,0.003029,0.001261,-0.174121,-0.175316,-0.127901,0.536311,-0.064429,0.511506,0.216396,-0.237811,-0.085914,0.392859,-0.103942,0.304458,-0.032516,-0.424106,-0.367349,0.081144,0.157589,0.176054
2024-11-26,0.397659,0.271512,-0.243653,0.024826,-0.008470,-0.224148,0.053738,-0.069943,-0.142927,-0.039731,-0.635873,0.093708,0.099038,-0.187653,0.010797,-0.250379,-0.021779,-0.219111,0.617929,0.044993,0.375624,-0.144297,-0.000391,0.204222,0.521114,-0.248894,-0.511816,-0.144899,-0.029362,0.122975,0.169727
2024-11-27,0.284903,-0.089812,-0.076782,-0.180540,0.271514,-0.052476,0.342009,0.006054,-0.183276,-0.127901,-0.262809,-0.182315,0.196814,-0.088976,-0.274212,-0.206513,-0.088509,0.291572,0.112531,0.264613,-0.171464,-0.122320,0.222760,0.030554,0.296005,0.132157,-0.160341,-0.106763,0.048332,-0.038196,0.525419
2024-11-28,0.272422,0.046896,-0.056243,-0.053948,0.126990,-0.101044,0.110471,0.332961,-0.166751,-0.320957,-0.067065,-0.105683,0.358493,0.237201,0.188762,0.027082,0.085688,0.001264,0.476709,-0.093098,-0.125471,0.214491,-0.019226,0.014944,0.130954,-0.347725,0.309194,0.289096,-0.031289,0.133643,0.242088
2024-11-29,0.162498,0.361744,0.213198,0.077781,0.268407,0.221026,0.522503,0.168324,-0.084763,0.298922,0.655963,-0.014444,0.318626,-0.062597,-0.055184,0.176529,0.127788,0.171518,0.205350,-0.125904,-0.114451,-0.111727,-0.096702,-0.314233,0.117762,0.125366,-0.412366,0.207684,0.097294,-0.144337,0.285626
2024-12-02,0.069340,0.115942,0.125286,0.153230,-0.017202,0.045010,-0.142521,-0.264210,-0.181762,0.102706,0.040900,-0.225412,0.300026,-0.100862,-0.124952,-0.076097,-0.018122,0.228134,0.371374,-0.159451,-0.254001,-0.055824,0.196800,-0.031736,0.217583,0.014436,-0.208609,0.136560,0.316627,-0.172047,0.616682
2024-12-03,0.011941,-0.227956,-0.049366,-0.028715,-0.075545,-0.224211,0.031274,0.047615,0.124888,-0.114057,0.455829,-0.415927,0.387692,-0.052634,-0.178540,-0.045036,-0.137179,0.020288,0.266812,-0.158153,-0.039281,0.098927,-0.123699,-0.115923,0.257157,-0.177752,-0.354563,-0.415940,-0.106754,-0.093074,0.212761
2024-12-04,0.692148,-0.039552,0.354725,-0.029280,0.006431,0.483353,0.234074,-0.125216,0.047762,-0.408367,-0.132840,-0.000765,0.497172,-0.265247,-0.201388,0.212805,0.166852,0.189558,0.188731,0.178578,0.329312,0.219163,-0.119528,-0.218334,0.392537,-0.073958,0.127797,-0.164734,-0.265605,0.037882,0.238817
2024-12-05,0.805488,-0.177181,-0.135796,-0.103164,-0.071212,-0.041115,0.359097,-0.083041,0.433540,-0.156773,-0.269176,-0.136638,0.744221,-0.293089,0.265143,-0.147405,-0.086360,0.336013,0.481335,-0.115695,-0.262231,-0.140725,0.072345,0.233408,0.209464,-0.271634,-0.262508,0.218744,0.169702,0.001735,0.033910
2024-12-06,0.452201,-0.098681,0.096467,-0.183697,0.014585,0.124580,0.219939,-0.372812,-0.342249,-0.012014,-0.279973,0.006882,0.017393,-0.328941,-0.195638,-0.057825,0.293435,-0.190901,0.756598,0.103300,0.143237,-0.084473,-0.348068,0.034793,0.293806,-0.253818,0.109091,-0.285936,0.173364,-0.116887,0.679131
2024-12-09,0.311022,-0.223123,0.156239,0.130019,0.027276,-0.063966,0.306699,0.223566,-0.020105,-0.038039,-0.247768,-0.458657,0.015789,-0.084420,0.326744,-0.054077,0.163016,0.115029,0.526163,0.316751,0.066694,-0.193618,-0.167876,-0.135827,-0.013168,-0.273658,-0.162348,-0.122953,-0.072211,0.348463,0.339332
2024-12-10,0.102502,0.287565,0.160697,-0.112980,-0.149302,0.429223,0.146231,-0.058717,0.298887,-0.339693,-0.162561,-0.011180,0.305519,-0.032071,-0.187844,0.059927,0.306095,-0.145399,0.146777,-0.035305,0.231678,-0.022697,-0.166367,-0.139985,0.657847,-0.149741,-0.064191,0.035984,0.074563,0.380790,0.541853
2024-12-11,0.236339,0.080389,0.237343,0.007571,0.031477,-0.228091,0.195749,-0.119454,-0.293723,0.231632,-0.056495,-0.015403,0.286467,-0.092322,0.246383,-0.395407,0.270240,0.287207,0.398133,-0.155375,-0.016836,0.346102,-0.294125,0.454613,0.238728,-0.157475,0.209064,0.236933,0.167232,-0.127425,-0.033623
2024-12-12,0.464931,-0.010106,-0.028135,0.073630,-0.077545,-0.055448,0.182695,-0.061133,-0.229043,0.389055,-0.255683,-0.168444,0.155755,0.044182,-0.153302,-0.011121,-0.172954,0.318744,0.378272,-0.169886,0.157513,-0.120567,-0.086887,-0.186469,0.070832,0.406884,-0.386237,-0.216141,0.112737,-0.168341,0.215942
2024-12-13,0.017382,-0.290021,0.077091,0.346052,-0.277730,-0.239546,0.057958,-0.207717,-0.265373,-0.011702,-0.283252,-0.129275,-0.051288,-0.205356,-0.086788,-0.127302,-0.148101,-0.142426,0.532355,0.101694,-0.153099,-0.126626,0.075127,0.036340,0.344707,-0.055162,-0.063105,-0.239553,-0.129957,-0.072265,0.445714
2024-12-16,0.158235,0.104249,0.075664,0.203871,-0.180405,-0.044271,0.348645,-0.117713,-0.211849,-0.201833,-0.214525,-0.281763,0.126349,0.005961,-0.090556,-0.121239,-0.279873,-0.077785,0.320465,-0.138645,-0.021618,0.128587,-0.030721,-0.039276,-0.145721,0.140161,-0.193071,-0.122366,-0.178913,0.002486,0.604538
2024-12-17,0.392277,0.079347,-0.213848,-0.103262,-0.018858,-0.202086,0.215472,0.274602,-0.244595,0.352511,0.100031,-0.205609,0.717844,0.019386,0.275340,-0.012706,-0.045840,-0.099166,0.525873,0.078273,-0.122281,-0.147980,-0.336077,-0.209477,0.407019,-0.258741,-0.125021,0.278366,-0.047624,0.035955,0.436071
2024-12-18,0.225652,0.161371,-0.163806,-0.054111,0.229628,-0.237636,0.314055,-0.101126,0.062113,-0.155373,-0.069509,-0.086180,0.154793,-0.118960,0.453129,0.091927,-0.334146,0.165023,0.604496,0.137711,-0.150803,0.035942,-0.138729,0.053899,0.376836,0.063550,-0.156694,-0.120392,-0.247738,-0.129835,0.207445
2024-12-19,0.308366,-0.089348,0.216512,-0.034201,-0.209269,0.054775,0.522238,-0.175215,-0.446719,-0.052304,-0.079287,-0.208230,0.164031,-0.197131,-0.097528,-0.039775,0.063029,0.218608,0.339709,-0.018468,-0.100150,-0.003619,-0.253070,0.071500,0.162670,-0.275413,-0.129667,-0.080313,-0.009148,-0.353030,0.498419
2024-12-20,0.374816,0.329748,0.580207,-0.098112,-0.144616,-0.018307,0.109084,-0.026428,-0.238364,0.272817,-0.214546,-0.073431,0.150482,-0.065650,-0.129737,0.217533,-0.047748,0.131722,-0.000439,-0.193058,-0.389095,-0.176729,-0.487723,0.045263,0.022639,-0.251247,-0.228459,-0.170494,-0.013605,0.054278,0.216866
2024-12-23,0.168097,0.243800,0.300438,0.198719,0.092434,-0.281756,0.394606,-0.305517,-0.005652,-0.235770,-0.243304,-0.323682,0.362574,-0.309910,0.260378,-0.021193,-0.162789,-0.542909,0.294387,0.186839,0.141483,0.271098,-0.257170,-0.034226,-0.064629,0.062300,-0.021329,-0.177227,0.130647,0.009058,0.451160
2024-12-24,0.123883,0.085116,0.230591,-0.027925,0.299497,0.005780,-0.046311,-0.211605,-0.179050,-0.096102,0.115216,-0.277056,-0.083542,-0.061766,-0.050801,0.118509,-0.123208,0.092638,0.449007,-0.014149,-0.091444,0.047135,-0.009357,-0.106866,0.125853,0.245963,0.225204,0.072544,0.377568,-0.027434,0.174404
2024-12-25,0.405702,-0.019503,-0.107982,-0.186989,0.129655,0.061049,0.339898,-0.283984,-0.082403,-0.122753,-0.304550,-0.139522,0.319101,0.126930,-0.122171,0.115505,-0.043279,-0.021449,0.347583,-0.238651,-0.227752,0.357229,-0.233990,-0.324741,0.100720,-0.009634,-0.137605,0.132330,0.005312,0.128963,0.205911
2024-12-26,0.323505,0.030103,-0.101046,-0.134107,-0.121099,-0.137093,0.026907,-0.196821,-0.150423,0.126620,0.051107,-0.114175,0.301903,0.067969,0.482401,0.529089,0.028827,0.404557,0.077557,-0.352788,0.150075,-0.104743,-0.064285,-0.101310,0.448024,-0.168653,-0.181488,0.138572,0.073824,0.062552,0.346450
2024-12-27,0.206203,0.174475,0.112020,0.088503,0.293340,0.027590,0.390635,-0.420858,-0.150172,-0.101451,0.237143,-0.188537,0.241857,-0.183556,0.105253,-0.044321,-0.028949,-0.298723,0.011250,-0.452981,-0.117701,-0.225561,-0.224188,0.131442,0.607848,-0.226705,0.354063,0.170041,-0.002561,0.027847,0.195926
