date,Agriculture,Coal,Petrochemical,Steel,Nonferrous,Electronics,HomeAppliance,FoodBeverage,Textile,LightManufacturing,Pharma,Utilities,Transportation,RealEstate,Retail,SocialService,Media,Bank,NonBankFinance,Automotive,Machinery,Defense,Computer,Communication,Chemical,BuildingMaterials,Construction,PowerEquipment,Environmental,BeautyCare,Integrated
2023-01-02,0.500000,0.500000,0.500000,0.500000,0.500000,0.500000,0.500000,0.500000,0.500000,0.500000,0.500000,0.500000,0.500000,0.500000,0.500000,0.500000,0.500000,0.500000,0.500000,0.500000,0.500000,0.500000,0.500000,0.500000,0.500000,0.500000,0.500000,0.500000,0.500000,0.500000,0.500000
2023-01-03,0.718992,0.636031,0.561920,0.618458,0.417159,0.507904,0.808507,0.613764,0.287098,0.380584,0.454126,0.409689,0.600570,0.325452,0.472778,0.397978,0.346857,0.481207,0.695773,0.669602,0.472668,0.305687,0.559211,0.381862,0.610180,0.394856,0.602351,0.316702,0.325214,0.307888,0.697523
2023-01-04,0.630598,0.546954,0.289527,0.624849,0.304437,0.615445,0.595552,0.478730,0.447399,0.400597,0.427144,0.235077,0.699105,0.202776,0.402713,0.523360,0.301427,0.620553,0.908555,0.501708,0.355156,0.551608,0.551268,0.486955,0.543446,0.407740,0.511249,0.445945,0.328476,0.488700,0.628780
2023-01-05,0.778617,0.476309,0.372711,0.606532,0.588797,0.435148,0.846286,0.483353,0.200156,0.453823,0.290726,0.451836,0.648631,0.462349,0.384829,0.418745,0.499343,0.340196,0.904261,0.680284,0.470098,0.595704,0.228160,0.300481,0.539457,0.406774,0.355207,0.335397,0.459093,0.213811,0.496199
2023-01-06,0.653516,0.463147,0.534442,0.451637,0.387247,0.516003,0.761839,0.401592,0.510216,0.421596,0.486079,0.189223,0.539365,0.393839,0.385681,0.467043,0.581493,0.485265,0.761245,0.549353,0.330322,0.435349,0.473538,0.531689,0.553652,0.364034,0.395048,0.227405,0.249544,0.182535,0.522594
2023-01-09,0.693176,0.478339,0.408045,0.559884,0.529179,0.662574,0.763713,0.542052,0.365279,0.238310,0.325520,0.393750,0.577950,0.439983,0.476303,0.421944,0.302675,0.429911,0.759648,0.464430,0.599466,0.526202,0.537569,0.292243,0.800801,0.399971,0.246839,0.555940,0.310521,0.463102,0.796464
2023-01-10,0.786569,0.457545,0.488161,0.635747,0.442204,0.755581,0.783426,0.445340,0.464578,0.327272,0.176970,0.386154,0.714747,0.283201,0.422009,0.392242,0.582044,0.430228,0.905441,0.656429,0.519952,0.347377,0.460733,0.297648,0.637286,0.368004,0.434591,0.385453,0.272671,0.364224,0.619969
2023-01-11,0.665974,0.532415,0.413656,0.451007,0.469112,0.566633,0.552097,0.491081,0.258422,0.295430,0.348945,0.330549,0.770569,0.471036,0.328202,0.588137,0.542261,0.506660,0.943399,0.435978,0.728453,0.491643,0.498287,0.449349,0.789582,0.326505,0.334194,0.380671,0.318168,0.360673,0.608879
2023-01-12,0.659430,0.439195,0.578064,0.696951,0.543433,0.554595,0.777324,0.313210,0.341120,0.219033,0.330518,0.236621,0.609604,0.486702,0.290396,0.386300,0.521205,0.470211,0.670325,0.359920,0.453516,0.437629,0.458762,0.255100,0.505520,0.272935,0.368429,0.303707,0.491319,0.376910,0.752364
2023-01-13,0.838090,0.413276,0.351833,0.555517,0.548351,0.292414,0.773408,0.414175,0.167619,0.320375,0.314421,0.425480,0.765606,0.398246,0.300556,0.291069,0.597569,0.426843,0.798914,0.591819,0.423284,0.586005,0.464932,0.494365,0.451576,0.323120,0.410498,0.389658,0.464337,0.429376,0.755288
2023-01-16,0.782315,0.398784,0.338019,0.658348,0.368781,0.600923,0.765938,0.443908,0.474321,0.306209,0.312621,0.244016,0.621708,0.467402,0.413735,0.460648,0.391754,0.542731,0.697648,0.646941,0.442630,0.366129,0.447619,0.312789,0.519958,0.319586,0.274328,0.262097,0.465908,0.457929,0.615900
2023-01-17,0.736087,0.692591,0.671405,0.501638,0.456445,0.501769,0.696256,0.368892,0.483923,0.337705,0.406518,0.516015,0.619643,0.345301,0.318714,0.450843,0.479975,0.693979,0.798435,0.437686,0.413498,0.309972,0.384540,0.369255,0.702434,0.471166,0.272413,0.280436,0.470836,0.349684,0.618470
2023-01-18,0.690484,0.370549,0.463192,0.401489,0.440044,0.510534,0.633762,0.316718,0.365610,0.314850,0.297502,0.280080,0.760731,0.312541,0.538937,0.604578,0.484880,0.592201,0.924580,0.377845,0.462730,0.626286,0.512833,0.339099,0.483264,0.386402,0.394746,0.377254,0.441367,0.392159,0.732287
2023-01-19,0.804282,0.644455,0.523028,0.526475,0.619505,0.515668,0.703600,0.359508,0.155849,0.400504,0.344155,0.424655,0.745845,0.544728,0.347061,0.453680,0.472442,0.350539,0.769245,0.553837,0.483153,0.312039,0.201840,0.339508,0.683672,0.448959,0.342113,0.419085,0.349456,0.596937,0.597180
2023-01-20,0.819215,0.376880,0.593388,0.333450,0.372155,0.396088,0.829821,0.179076,0.339499,0.381473,0.343720,0.350208,0.416604,0.435848,0.475984,0.570818,0.320844,0.581828,0.875502,0.471304,0.501454,0.578571,0.376604,0.378000,0.667177,0.201159,0.391967,0.392135,0.371903,0.392413,0.846500
2023-01-23,0.745590,0.613419,0.478996,0.447500,0.449101,0.314512,0.684651,0.352955,0.425292,0.357754,0.380150,0.246707,0.723590,0.479018,0.457324,0.560316,0.592948,0.398373,0.743175,0.435640,0.614172,0.571154,0.399509,0.386939,0.661355,0.189949,0.379549,0.265374,0.479488,0.342641,0.680033
2023-01-24,0.719763,0.502752,0.454651,0.552982,0.254494,0.429546,0.674247,0.380242,0.401422,0.322982,0.235846,0.428408,0.637909,0.287780,0.474897,0.610580,0.409405,0.389931,0.741328,0.466696,0.544929,0.501014,0.242100,0.275347,0.657805,0.258494,0.350308,0.413745,0.570717,0.393294,0.836154
2023-01-25,0.755818,0.314717,0.296403,0.572881,0.444721,0.310866,0.668421,0.290002,0.355210,0.347003,0.430760,0.526309,0.512824,0.573576,0.539220,0.421983,0.453457,0.382068,0.776928,0.337926,0.450415,0.389550,0.540485,0.405266,0.658345,0.294690,0.345499,0.348862,0.465950,0.340126,0.691069
2023-01-26,0.809076,0.517926,0.613365,0.457443,0.469228,0.482742,0.504995,0.450210,0.375275,0.350445,0.422312,0.231021,0.778487,0.304905,0.361028,0.701285,0.480215,0.497365,0.679506,0.606029,0.518731,0.455344,0.299816,0.118424,0.662469,0.285235,0.538805,0.396157,0.554125,0.439893,0.768191
2023-01-27,0.880635,0.379908,0.459006,0.372598,0.337476,0.454724,0.465068,0.462006,0.278901,0.388537,0.318330,0.310143,0.598404,0.367981,0.701682,0.443128,0.338066,0.477394,0.573563,0.442868,0.386631,0.508151,0.490102,0.479841,0.667130,0.370776,0.277403,0.341941,0.284453,0.479001,0.950000
2023-01-30,0.917746,0.554201,0.473227,0.406135,0.514472,0.297223,0.625924,0.294004,0.356183,0.349110,0.467954,0.361347,0.549254,0.462065,0.514108,0.672106,0.343794,0.376368,0.642879,0.434398,0.311653,0.428599,0.391063,0.422594,0.527040,0.356402,0.287927,0.483012,0.435967,0.403008,0.848373
2023-01-31,0.848574,0.352452,0.342824,0.500562,0.400112,0.386313,0.563288,0.257601,0.450101,0.525331,0.371169,0.315839,0.756891,0.562728,0.356524,0.542325,0.493115,0.594067,0.655812,0.524254,0.289323,0.400415,0.367511,0.372180,0.627480,0.270557,0.572415,0.472811,0.445761,0.325660,0.759694
2023-02-01,0.771208,0.388802,0.351179,0.405119,0.390082,0.384468,0.586586,0.221141,0.359805,0.376201,0.398989,0.519232,0.574204,0.539385,0.553501,0.575486,0.417851,0.424487,0.724859,0.290221,0.373951,0.472330,0.125633,0.471714,0.761293,0.451313,0.421754,0.250123,0.290679,0.471800,0.585668
2023-02-02,0.893147,0.638198,0.731157,0.436103,0.441905,0.273403,0.703675,0.287755,0.410437,0.325451,0.311570,0.419711,0.853434,0.326691,0.537258,0.686747,0.551587,0.285976,0.738230,0.330646,0.313891,0.326847,0.403116,0.303263,0.594607,0.388444,0.489539,0.437166,0.409473,0.381928,0.866171
2023-02-03,0.700777,0.492349,0.749670,0.361060,0.420910,0.421040,0.677239,0.377805,0.250960,0.193460,0.443165,0.476437,0.795324,0.400137,0.396576,0.486447,0.396351,0.363976,0.719050,0.351466,0.279793,0.387653,0.220152,0.351930,0.724322,0.449605,0.231987,0.534730,0.373862,0.492999,0.705996
2023-02-06,0.773612,0.414853,0.662171,0.564765,0.407606,0.414648,0.602462,0.320318,0.430267,0.316339,0.450411,0.366265,0.833753,0.617383,0.437895,0.672651,0.355930,0.529153,0.649253,0.406095,0.105088,0.263245,0.365344,0.228396,0.627386,0.239651,0.324356,0.447112,0.276890,0.397977,0.615370
2023-02-07,0.684691,0.407853,0.393181,0.579505,0.436740,0.346338,0.614162,0.410605,0.264707,0.467185,0.396229,0.388615,0.692867,0.646349,0.606760,0.589033,0.441894,0.389065,0.734988,0.506903,0.407982,0.302012,0.208094,0.109209,0.636422,0.425134,0.522164,0.378111,0.558373,0.489638,0.718647
2023-02-08,0.766651,0.581994,0.584500,0.470403,0.303635,0.408103,0.585593,0.280397,0.395747,0.144237,0.465972,0.419140,0.652561,0.412949,0.637212,0.248675,0.441547,0.551604,0.776979,0.306345,0.385245,0.256327,0.341204,0.302888,0.491924,0.527676,0.325293,0.504741,0.627246,0.422581,0.757553
2023-02-09,0.847120,0.594448,0.448696,0.243422,0.280020,0.259231,0.694951,0.290553,0.202405,0.338204,0.508028,0.485373,0.950000,0.596097,0.462610,0.528421,0.675531,0.481844,0.654032,0.384020,0.460804,0.408428,0.357163,0.382018,0.622880,0.272777,0.289265,0.569382,0.446773,0.662042,0.807057
2023-02-10,0.527737,0.321660,0.530806,0.353672,0.413023,0.449108,0.568438,0.383819,0.219787,0.205163,0.370855,0.239472,0.724107,0.472187,0.669640,0.563581,0.495643,0.401472,0.660181,0.367077,0.561706,0.423132,0.201760,0.329735,0.812175,0.425838,0.408400,0.365123,0.395851,0.524949,0.640891
2023-02-13,0.803088,0.567146,0.415589,0.416747,0.300781,0.426221,0.681321,0.347561,0.307245,0.277782,0.315421,0.688401,0.739867,0.426883,0.474031,0.490240,0.404584,0.498188,0.843221,0.370398,0.384212,0.287544,0.450836,0.218595,0.655369,0.389889,0.453722,0.389875,0.544908,0.531885,0.762565
2023-02-14,0.760105,0.413222,0.405598,0.461827,0.439592,0.328348,0.807771,0.319029,0.517488,0.464314,0.630285,0.562151,0.636198,0.530818,0.580845,0.486568,0.479602,0.363157,0.542614,0.418927,0.428963,0.472234,0.296790,0.276917,0.676623,0.318900,0.497828,0.272150,0.433831,0.403365,0.736479
2023-02-15,0.599075,0.486770,0.338546,0.498893,0.268861,0.304366,0.458237,0.344915,0.474159,0.239470,0.496518,0.578786,0.915016,0.735061,0.589220,0.481923,0.440321,0.373874,0.736754,0.405171,0.352496,0.363196,0.376897,0.370313,0.576775,0.156095,0.371641,0.415064,0.486797,0.384044,0.805495
2023-02-16,0.730044,0.495219,0.506959,0.461725,0.533928,0.512990,0.714629,0.232834,0.346764,0.565890,0.499489,0.385089,0.845335,0.657575,0.661672,0.416045,0.312617,0.350374,0.887408,0.442398,0.423242,0.210923,0.339953,0.472408,0.759120,0.432153,0.471450,0.643992,0.316675,0.353300,0.717237
2023-02-17,0.762601,0.492257,0.478426,0.356710,0.189518,0.124942,0.581990,0.274456,0.268602,0.333975,0.294978,0.371159,0.871837,0.346337,0.539915,0.528395,0.397937,0.377759,0.899181,0.355464,0.121421,0.386275,0.274726,0.470289,0.337967,0.386044,0.398283,0.317487,0.409423,0.520966,0.914380
2023-02-20,0.791545,0.364431,0.536721,0.489932,0.406909,0.238511,0.657081,0.375983,0.379972,0.412290,0.261550,0.419127,0.808306,0.448658,0.480861,0.378526,0.638170,0.298496,0.669903,0.407447,0.370297,0.303268,0.351197,0.459115,0.789811,0.415129,0.434734,0.562113,0.396819,0.585280,0.728913
2023-02-21,0.799298,0.466603,0.348488,0.481394,0.525014,0.294993,0.500427,0.519555,0.146978,0.356254,0.505208,0.623558,0.835444,0.568427,0.337618,0.362009,0.343406,0.505324,0.528251,0.196479,0.396171,0.281287,0.339633,0.420974,0.485768,0.467412,0.595459,0.460338,0.562630,0.496288,0.689882
2023-02-22,0.732082,0.479246,0.404438,0.435599,0.409005,0.393295,0.712701,0.574493,0.349534,0.403076,0.455910,0.289494,0.861289,0.483539,0.492934,0.504374,0.622120,0.440332,0.524500,0.378947,0.433355,0.573014,0.452258,0.505041,0.792797,0.585231,0.472639,0.649446,0.372417,0.419643,0.736437
2023-02-23,0.710142,0.423991,0.439506,0.298981,0.314435,0.443487,0.563440,0.366974,0.499522,0.546223,0.557971,0.417277,0.789089,0.503580,0.388141,0.407827,0.508623,0.421953,0.705833,0.384851,0.375747,0.287406,0.315875,0.358121,0.644106,0.280129,0.666434,0.660782,0.445046,0.349461,0.816659
2023-02-24,0.697405,0.450241,0.353659,0.275636,0.375697,0.437783,0.696066,0.324067,0.381059,0.491417,0.328631,0.591775,0.814288,0.551052,0.727505,0.554866,0.590230,0.235742,0.755867,0.260194,0.181381,0.353766,0.390239,0.402957,0.806656,0.420018,0.579076,0.535824,0.391077,0.554885,0.865731
2023-02-27,0.505897,0.576555,0.371360,0.451422,0.205618,0.273270,0.423357,0.906018,0.376454,0.515412,0.654396,0.554878,0.573865,0.684576,0.488798,0.451077,0.323732,0.279402,0.312409,0.711027,0.504219,0.260910,0.379012,0.424925,0.301633,0.565150,0.579328,0.419361,0.575990,0.554156,0.475570
2023-02-28,0.529063,0.682605,0.478860,0.286031,0.275974,0.440224,0.339302,0.783076,0.544771,0.376219,0.333845,0.348901,0.483323,0.706360,0.589510,0.420986,0.352483,0.517704,0.481090,0.532362,0.352453,0.376477,0.425075,0.391079,0.538704,0.619714,0.619885,0.459854,0.331707,0.649007,0.522467
2023-03-01,0.380700,0.643566,0.168343,0.277192,0.388288,0.520946,0.478809,0.642131,0.516727,0.556877,0.415981,0.420919,0.635271,0.840618,0.398300,0.525192,0.477993,0.520599,0.373791,0.543064,0.260812,0.405516,0.338480,0.369377,0.454866,0.578119,0.625843,0.411110,0.534218,0.572197,0.486837
2023-03-02,0.550155,0.886528,0.432749,0.417498,0.286775,0.297016,0.493858,0.610391,0.578227,0.478639,0.684945,0.414338,0.478779,0.654020,0.485564,0.427064,0.623397,0.437959,0.373920,0.551037,0.422030,0.332217,0.410237,0.475604,0.562394,0.641213,0.627712,0.589970,0.375025,0.549930,0.415274
2023-03-03,0.311387,0.718482,0.444943,0.467127,0.259788,0.296507,0.418894,0.600466,0.459266,0.354760,0.387714,0.470791,0.520250,0.950000,0.406230,0.340720,0.281231,0.314617,0.223576,0.598168,0.337610,0.498454,0.193017,0.323936,0.326559,0.950000,0.570859,0.578802,0.487014,0.452997,0.427883
2023-03-06,0.361901,0.548480,0.053377,0.421495,0.309658,0.372865,0.493897,0.574223,0.485742,0.587707,0.426650,0.486232,0.611680,0.699843,0.577382,0.359427,0.371398,0.336611,0.297508,0.598450,0.438113,0.338521,0.402535,0.340779,0.399956,0.748089,0.421181,0.374737,0.349275,0.427009,0.187676
2023-03-07,0.185718,0.652652,0.195250,0.291320,0.342666,0.365669,0.431593,0.676184,0.444766,0.506153,0.687107,0.474904,0.414733,0.840858,0.520587,0.338454,0.445944,0.342096,0.361880,0.846834,0.184762,0.396048,0.275571,0.572161,0.548363,0.767713,0.521014,0.452904,0.363533,0.460216,0.562082
2023-03-08,0.312772,0.565618,0.425755,0.329234,0.488262,0.337628,0.309477,0.919742,0.592966,0.492572,0.246530,0.556952,0.673085,0.767938,0.584808,0.336401,0.316653,0.381928,0.158448,0.624782,0.561090,0.308157,0.421926,0.554984,0.482422,0.878557,0.638555,0.566235,0.472146,0.606346,0.442526
2023-03-09,0.496495,0.749934,0.439686,0.247234,0.339160,0.369794,0.359807,0.633149,0.437603,0.549538,0.461194,0.639418,0.344679,0.457590,0.420740,0.386611,0.405697,0.185229,0.375699,0.627035,0.452242,0.323713,0.492142,0.431731,0.461190,0.644324,0.691185,0.512005,0.216257,0.420918,0.500155
2023-03-10,0.230981,0.671318,0.237238,0.276166,0.325912,0.596673,0.428793,0.731780,0.490691,0.428150,0.408592,0.385988,0.665516,0.652413,0.225453,0.323309,0.588983,0.277994,0.381529,0.660791,0.226519,0.396696,0.669101,0.389876,0.525661,0.721310,0.441560,0.306679,0.577564,0.431698,0.501247
2023-03-13,0.435770,0.464435,0.406280,0.290523,0.383320,0.430784,0.399950,0.674221,0.353065,0.346117,0.563419,0.377694,0.406451,0.836581,0.278709,0.411699,0.269054,0.227394,0.382149,0.726149,0.317807,0.397263,0.375680,0.440900,0.322713,0.633784,0.520799,0.499394,0.510462,0.400208,0.567982
2023-03-14,0.290171,0.557612,0.412923,0.172355,0.433832,0.504686,0.556421,0.698206,0.718804,0.620454,0.649252,0.565406,0.373132,0.824641,0.419794,0.206804,0.365816,0.392726,0.386872,0.696731,0.320222,0.351527,0.381277,0.393904,0.598171,0.634830,0.452362,0.540582,0.399556,0.457138,0.515551
2023-03-15,0.403942,0.537777,0.296266,0.530568,0.385470,0.425606,0.507146,0.731862,0.479188,0.471176,0.526643,0.374763,0.479371,0.660710,0.475359,0.479002,0.187875,0.247336,0.249151,0.680828,0.496769,0.544220,0.434252,0.331772,0.497402,0.906350,0.440833,0.483431,0.513369,0.555072,0.592982
2023-03-16,0.460500,0.583328,0.408696,0.366099,0.176790,0.429876,0.655369,0.784247,0.534427,0.365555,0.679259,0.509401,0.539972,0.823278,0.552299,0.393091,0.302129,0.398740,0.156547,0.707536,0.379984,0.538200,0.477145,0.438654,0.578883,0.877435,0.448617,0.564205,0.441086,0.306187,0.531176
2023-03-17,0.269825,0.591901,0.340747,0.436026,0.315928,0.634714,0.288720,0.566728,0.354397,0.556173,0.547858,0.421423,0.523964,0.642036,0.266152,0.325993,0.233059,0.255267,0.271056,0.621480,0.486379,0.439589,0.514076,0.528465,0.493543,0.773883,0.474473,0.450382,0.226681,0.521793,0.268635
2023-03-20,0.228033,0.537335,0.419341,0.273688,0.473806,0.354269,0.442318,0.695210,0.418796,0.533425,0.316039,0.443389,0.236486,0.613540,0.449973,0.358373,0.300137,0.448884,0.389287,0.616257,0.426467,0.302394,0.612651,0.370507,0.376092,0.787601,0.320709,0.450107,0.333384,0.412855,0.309016
2023-03-21,0.274709,0.558652,0.294854,0.246639,0.525246,0.426756,0.363528,0.865182,0.674043,0.564668,0.593128,0.485596,0.387413,0.626037,0.378705,0.397554,0.298856,0.289208,0.438563,0.463023,0.367939,0.398457,0.662779,0.381445,0.598468,0.721415,0.328640,0.367376,0.453140,0.283873,0.419961
2023-03-22,0.409999,0.731541,0.440333,0.486569,0.174111,0.362648,0.501149,0.675383,0.507792,0.511981,0.633333,0.417750,0.459851,0.678685,0.363810,0.253366,0.372500,0.204476,0.338185,0.487549,0.428788,0.522546,0.440375,0.526335,0.478156,0.732985,0.354816,0.581690,0.418650,0.484890,0.400325
2023-03-23,0.398246,0.645875,0.232994,0.324795,0.431037,0.492926,0.320799,0.746114,0.449287,0.375805,0.409375,0.467288,0.446568,0.605541,0.351462,0.400616,0.384714,0.209632,0.425400,0.503622,0.346331,0.387148,0.668242,0.414938,0.547513,0.746448,0.352765,0.395509,0.418085,0.404823,0.264456
2023-03-24,0.294915,0.580047,0.443503,0.238633,0.495123,0.367395,0.408182,0.597268,0.466049,0.691393,0.400800,0.502911,0.421586,0.752483,0.467902,0.087104,0.240328,0.255821,0.427001,0.670122,0.511418,0.553730,0.491867,0.579384,0.487479,0.754844,0.682885,0.607536,0.526442,0.390092,0.301802
2023-03-27,0.213430,0.507235,0.281950,0.296758,0.455484,0.586519,0.458097,0.738720,0.448443,0.321258,0.599514,0.397089,0.235895,0.770512,0.261840,0.299554,0.342408,0.214432,0.497936,0.766565,0.331972,0.561706,0.604153,0.515536,0.608549,0.757974,0.544781,0.640621,0.204402,0.412880,0.451800
2023-03-28,0.469700,0.673949,0.249790,0.305110,0.357393,0.541866,0.502585,0.804132,0.320854,0.600316,0.345538,0.339880,0.357319,0.728878,0.391257,0.245984,0.387824,0.182343,0.375708,0.665559,0.510953,0.549538,0.436583,0.546145,0.508444,0.853408,0.414133,0.437735,0.426133,0.389304,0.232829
2023-03-29,0.383636,0.775663,0.326172,0.457812,0.505889,0.425232,0.457856,0.886606,0.683494,0.543032,0.529705,0.557980,0.548311,0.772348,0.416282,0.320142,0.384466,0.398095,0.514689,0.728948,0.651257,0.635947,0.405327,0.478933,0.547450,0.759263,0.400571,0.397294,0.392399,0.508706,0.256410
2023-03-30,0.380293,0.586068,0.357560,0.438534,0.338380,0.420746,0.560384,0.762253,0.359946,0.503609,0.424590,0.290266,0.357400,0.766738,0.180231,0.156971,0.228321,0.313158,0.176469,0.785882,0.511861,0.523173,0.454346,0.571317,0.533541,0.661879,0.409737,0.231306,0.254019,0.503754,0.262997
2023-03-31,0.361503,0.667170,0.397352,0.523518,0.353972,0.452291,0.606906,0.686454,0.365094,0.490969,0.416176,0.432517,0.488608,0.653921,0.310920,0.499883,0.341407,0.279915,0.296813,0.855018,0.457451,0.629411,0.386599,0.484228,0.585422,0.906033,0.424522,0.377872,0.599848,0.377432,0.345219
2023-04-03,0.468791,0.482401,0.349950,0.407966,0.424166,0.376769,0.324715,0.761321,0.458659,0.466886,0.309477,0.385237,0.430563,0.668380,0.269318,0.219517,0.348126,0.526674,0.513433,0.737425,0.553222,0.376534,0.664197,0.592749,0.445635,0.735153,0.501905,0.432694,0.299928,0.148130,0.418249
2023-04-04,0.152073,0.642432,0.246540,0.415112,0.424146,0.486186,0.585112,0.873639,0.442240,0.654245,0.542091,0.556439,0.362276,0.608254,0.352057,0.450950,0.352456,0.253861,0.415652,0.788027,0.635478,0.469270,0.518052,0.668259,0.408663,0.760718,0.434834,0.419535,0.526879,0.338437,0.362546
2023-04-05,0.524931,0.588699,0.470830,0.446610,0.550856,0.386556,0.504321,0.790723,0.662579,0.346640,0.404687,0.470453,0.348028,0.638030,0.476355,0.363155,0.462967,0.429876,0.532776,0.772883,0.573330,0.493068,0.621829,0.620797,0.482000,0.711929,0.413507,0.582036,0.304697,0.406659,0.230482
2023-04-06,0.421702,0.888344,0.456953,0.447780,0.671524,0.422559,0.569697,0.707406,0.499329,0.455871,0.443742,0.567570,0.544968,0.472881,0.344157,0.416376,0.081734,0.525622,0.247113,0.691211,0.514510,0.400110,0.519075,0.577519,0.532686,0.878820,0.354694,0.408804,0.436033,0.353821,0.456874
2023-04-07,0.520798,0.690942,0.377248,0.509917,0.426996,0.662560,0.456329,0.768015,0.434366,0.664943,0.314182,0.307923,0.149843,0.755990,0.589291,0.251299,0.274341,0.429879,0.602030,0.577297,0.465811,0.587453,0.518820,0.596054,0.484766,0.790659,0.436783,0.521345,0.328022,0.429446,0.378011
2023-04-10,0.198439,0.650348,0.309641,0.406713,0.622588,0.478515,0.396109,0.797577,0.522328,0.579363,0.576933,0.404334,0.373798,0.538325,0.357754,0.266742,0.240696,0.409510,0.319450,0.901290,0.462155,0.445007,0.398160,0.481581,0.452229,0.755383,0.388071,0.165877,0.348586,0.242437,0.403007
2023-04-11,0.460421,0.800025,0.317036,0.428808,0.523658,0.497886,0.390955,0.853883,0.474651,0.491033,0.307958,0.530159,0.223640,0.731445,0.243441,0.381098,0.401472,0.271212,0.416337,0.780299,0.454706,0.639983,0.392925,0.441845,0.515626,0.751530,0.376079,0.397996,0.417021,0.287155,0.413445
2023-04-12,0.447124,0.703756,0.419238,0.585085,0.359514,0.458424,0.321570,0.721527,0.582859,0.568678,0.410699,0.366808,0.392509,0.769989,0.438567,0.453434,0.184144,0.497076,0.535015,0.554861,0.532521,0.629279,0.449000,0.394006,0.451833,0.739978,0.398275,0.429064,0.367136,0.402898,0.310622
2023-04-13,0.329628,0.602451,0.411620,0.492416,0.425770,0.406120,0.492332,0.678429,0.325519,0.427488,0.413179,0.369587,0.202836,0.714937,0.357352,0.294423,0.320339,0.416608,0.413662,0.777747,0.245045,0.583782,0.486572,0.465490,0.656938,0.687287,0.312188,0.279892,0.407015,0.260620,0.330249
2023-04-14,0.426337,0.689004,0.244279,0.372659,0.488985,0.509714,0.564703,0.816860,0.569416,0.344730,0.277705,0.310490,0.303227,0.582972,0.375629,0.569887,0.421179,0.435733,0.502476,0.758047,0.435311,0.490603,0.255120,0.565417,0.334235,0.759127,0.255361,0.270325,0.313100,0.277618,0.315691
2023-04-17,0.345270,0.499567,0.438905,0.392255,0.425843,0.513068,0.363108,0.640195,0.558091,0.461399,0.457323,0.444939,0.260412,0.705079,0.112584,0.434771,0.416219,0.506732,0.560831,0.830593,0.528861,0.741934,0.503157,0.544075,0.406486,0.784621,0.436423,0.355474,0.167891,0.334854,0.472269
2023-04-18,0.492893,0.676553,0.462824,0.436639,0.577604,0.426232,0.364631,0.717391,0.466013,0.506981,0.443465,0.282355,0.272597,0.689435,0.451325,0.519380,0.401241,0.274274,0.320410,0.881641,0.404346,0.503428,0.553629,0.407508,0.241836,0.628147,0.266566,0.519100,0.468398,0.605774,0.372786
2023-04-19,0.437271,0.666390,0.236286,0.372627,0.552842,0.452669,0.289321,0.746379,0.288071,0.315801,0.369235,0.356314,0.281775,0.711751,0.409018,0.123172,0.591688,0.516521,0.527983,0.786391,0.353587,0.664869,0.649951,0.443723,0.313888,0.643942,0.431062,0.222106,0.406581,0.275630,0.321086
2023-04-20,0.305503,0.757203,0.483067,0.628595,0.442732,0.301933,0.273591,0.898280,0.419422,0.305059,0.478067,0.420592,0.527492,0.552814,0.375370,0.495920,0.336187,0.521597,0.601870,0.872015,0.430279,0.451435,0.555365,0.550421,0.432286,0.711382,0.436448,0.303571,0.278815,0.350613,0.282048
2023-04-21,0.578567,0.608879,0.510069,0.404565,0.569325,0.623237,0.523615,0.715779,0.377370,0.391898,0.319102,0.309498,0.511214,0.634124,0.488776,0.365607,0.492071,0.416597,0.586993,0.751036,0.461078,0.589500,0.556424,0.430348,0.258041,0.583020,0.372594,0.329396,0.309933,0.208485,0.513194
2023-04-24,0.355206,0.271284,0.880553,0.564038,0.396318,0.491672,0.383870,0.389825,0.616161,0.338651,0.499491,0.474290,0.459843,0.402753,0.584740,0.387342,0.425126,0.473826,0.555023,0.411718,0.734226,0.536976,0.375969,0.296375,0.444297,0.448548,0.500878,0.281325,0.415221,0.338629,0.540280
2023-04-25,0.357898,0.557831,0.723190,0.455061,0.608231,0.493867,0.439717,0.654531,0.837361,0.562478,0.374475,0.380739,0.282742,0.251892,0.755114,0.466844,0.510135,0.350392,0.367200,0.421043,0.694007,0.670178,0.581865,0.495707,0.250811,0.383259,0.572995,0.452968,0.223666,0.440984,0.305541
2023-04-26,0.510745,0.579621,0.719634,0.499576,0.430433,0.555338,0.439849,0.507101,0.835212,0.237587,0.164784,0.300727,0.287938,0.361040,0.486745,0.479611,0.484165,0.544830,0.542861,0.532847,0.731204,0.469321,0.420314,0.439061,0.447671,0.504093,0.716904,0.226388,0.291844,0.307345,0.317946
2023-04-27,0.421964,0.463193,0.666923,0.504097,0.527134,0.410384,0.333247,0.345978,0.656853,0.409555,0.244009,0.256084,0.424751,0.330206,0.761765,0.284837,0.459207,0.589823,0.582818,0.534572,0.857743,0.425743,0.665289,0.395627,0.458352,0.360224,0.824840,0.286994,0.279644,0.328600,0.323843
2023-04-28,0.340886,0.392390,0.679632,0.375735,0.531846,0.372908,0.471944,0.347096,0.767811,0.442843,0.270526,0.352899,0.430849,0.262494,0.581125,0.440055,0.383514,0.380078,0.487618,0.615548,0.784884,0.417180,0.377912,0.446890,0.406040,0.211744,0.560573,0.262501,0.346096,0.254333,0.397851
2023-05-01,0.216220,0.358540,0.815651,0.691227,0.532621,0.709081,0.394774,0.419213,0.682633,0.450004,0.412546,0.435434,0.272856,0.376750,0.656529,0.372566,0.551809,0.464313,0.498014,0.392895,0.950000,0.431298,0.366043,0.422562,0.455353,0.218397,0.555670,0.394495,0.368474,0.607467,0.569343
2023-05-02,0.400922,0.531282,0.790602,0.267961,0.534637,0.502182,0.354355,0.390098,0.667589,0.345752,0.085304,0.418501,0.385378,0.438062,0.632685,0.269252,0.460516,0.552435,0.376332,0.427857,0.726040,0.463125,0.458874,0.331650,0.420368,0.449663,0.590988,0.263517,0.229136,0.461387,0.368222
2023-05-03,0.395446,0.585328,0.948043,0.519596,0.560306,0.489481,0.469077,0.330297,0.586527,0.381169,0.314123,0.344942,0.289185,0.287677,0.595164,0.372488,0.497219,0.358870,0.436074,0.520728,0.885319,0.499808,0.550036,0.353123,0.440323,0.354406,0.529180,0.410256,0.357232,0.335088,0.466367
2023-05-04,0.491505,0.535029,0.735789,0.627885,0.536730,0.506960,0.431170,0.373006,0.793229,0.463234,0.277967,0.496342,0.399244,0.499454,0.536819,0.406712,0.515696,0.603861,0.557069,0.395598,0.799641,0.447007,0.456277,0.430488,0.297564,0.538419,0.620104,0.271421,0.338119,0.308688,0.348926
2023-05-05,0.392443,0.545772,0.833905,0.569843,0.588131,0.475358,0.350765,0.449435,0.619873,0.517534,0.305029,0.317025,0.293991,0.229813,0.554046,0.545088,0.558664,0.576034,0.472779,0.601790,0.737993,0.527100,0.572904,0.441646,0.323056,0.361975,0.587745,0.292596,0.347105,0.267058,0.296494
2023-05-08,0.347621,0.672316,0.671977,0.379037,0.625184,0.386578,0.282602,0.438744,0.613453,0.320306,0.193444,0.419755,0.305718,0.368526,0.628802,0.518386,0.688526,0.304384,0.449921,0.668332,0.713214,0.337386,0.469034,0.422736,0.509412,0.299576,0.483748,0.303551,0.416082,0.267999,0.484457
2023-05-09,0.386157,0.455300,0.809903,0.359520,0.655525,0.411158,0.478127,0.417351,0.715200,0.406332,0.269430,0.352893,0.396553,0.464125,0.681326,0.551068,0.549944,0.442061,0.469828,0.557601,0.826155,0.455297,0.456465,0.506442,0.343007,0.471800,0.654062,0.464515,0.386199,0.393812,0.367144
2023-05-10,0.567859,0.302861,0.765389,0.507664,0.548720,0.380871,0.542891,0.467200,0.621952,0.377777,0.479930,0.360998,0.344927,0.476511,0.704975,0.423421,0.426169,0.357562,0.505930,0.520443,0.719829,0.391254,0.453572,0.323731,0.321431,0.483034,0.627141,0.447041,0.268134,0.404390,0.447833
2023-05-11,0.483131,0.411247,0.950000,0.504987,0.550239,0.303688,0.504214,0.437768,0.627400,0.393871,0.466748,0.374081,0.184378,0.423170,0.698863,0.538064,0.318723,0.510551,0.425317,0.665636,0.811954,0.432429,0.335285,0.274188,0.316999,0.306284,0.594068,0.338244,0.258275,0.250854,0.501201
2023-05-12,0.459785,0.544019,0.783703,0.426639,0.365382,0.463122,0.301121,0.602914,0.749371,0.413135,0.308809,0.497516,0.352308,0.441264,0.727583,0.572480,0.538246,0.613529,0.592506,0.359234,0.869684,0.319941,0.389208,0.236673,0.199988,0.400337,0.491161,0.534236,0.474519,0.329667,0.473404
2023-05-15,0.435913,0.621006,0.755484,0.570665,0.522897,0.284596,0.463606,0.430618,0.524191,0.411881,0.300215,0.291109,0.463153,0.369638,0.831685,0.554055,0.495420,0.567019,0.593532,0.363827,0.863521,0.530147,0.414661,0.335045,0.428321,0.256555,0.508019,0.435750,0.463991,0.452084,0.364337
2023-05-16,0.491226,0.479616,0.843755,0.662432,0.488561,0.597437,0.336959,0.448659,0.644354,0.274401,0.438984,0.334602,0.492356,0.550958,0.777051,0.333352,0.529043,0.388774,0.516455,0.383041,0.822961,0.304018,0.375717,0.273081,0.338501,0.297601,0.519616,0.325134,0.611738,0.519283,0.379407
2023-05-17,0.581256,0.603855,0.543316,0.527983,0.472118,0.627031,0.590089,0.424243,0.811639,0.490230,0.300730,0.516861,0.468044,0.189215,0.902816,0.414693,0.438353,0.499011,0.332420,0.407503,0.795904,0.241150,0.452467,0.217941,0.311915,0.398875,0.816819,0.306432,0.305171,0.459748,0.491272
2023-05-18,0.534202,0.429218,0.845038,0.552366,0.448277,0.486307,0.477056,0.280253,0.554785,0.295234,0.350232,0.216571,0.422772,0.478124,0.744765,0.463269,0.518640,0.585012,0.433410,0.599919,0.611791,0.392238,0.375955,0.144203,0.325622,0.370578,0.639495,0.382569,0.388033,0.538667,0.442389
2023-05-19,0.480170,0.550284,0.646533,0.383814,0.392006,0.427281,0.367192,0.401611,0.595318,0.479632,0.498015,0.313069,0.540783,0.337062,0.643705,0.674159,0.394460,0.344750,0.491352,0.518200,0.630104,0.402522,0.378342,0.517109,0.386428,0.357338,0.715696,0.477973,0.357581,0.479485,0.550384
2023-05-22,0.406972,0.444385,0.732740,0.359867,0.363943,0.332743,0.506764,0.275328,0.594660,0.425300,0.401257,0.299085,0.557138,0.429808,0.783573,0.560932,0.457943,0.475493,0.607936,0.383354,0.776034,0.338773,0.464826,0.493240,0.256924,0.368845,0.739164,0.217162,0.224318,0.579818,0.529490
2023-05-23,0.570267,0.481870,0.703870,0.574796,0.459170,0.369883,0.319496,0.376700,0.784114,0.158146,0.439899,0.409515,0.409159,0.452266,0.701353,0.544563,0.345210,0.598430,0.541167,0.542564,0.893330,0.574800,0.304756,0.232896,0.260878,0.285451,0.716493,0.511941,0.522457,0.504504,0.550273
2023-05-24,0.450608,0.541113,0.708034,0.381573,0.447436,0.347203,0.327976,0.381068,0.531285,0.528049,0.347419,0.432050,0.547866,0.398871,0.683654,0.374163,0.561472,0.339449,0.579345,0.459189,0.694109,0.318710,0.465675,0.235515,0.508593,0.329798,0.688613,0.288689,0.448595,0.466616,0.237558
2023-05-25,0.568778,0.412279,0.775252,0.357132,0.371470,0.399679,0.457217,0.433323,0.797051,0.277125,0.409343,0.460096,0.488478,0.380371,0.705062,0.510507,0.343803,0.503253,0.422307,0.321979,0.780203,0.348124,0.366338,0.266538,0.412334,0.259255,0.636331,0.511153,0.381326,0.560856,0.598941
2023-05-26,0.559844,0.348435,0.865501,0.388038,0.564340,0.345326,0.266768,0.314288,0.502499,0.432040,0.535435,0.384130,0.342303,0.521020,0.950000,0.455846,0.537219,0.415223,0.402546,0.444804,0.806724,0.395297,0.327359,0.290280,0.198233,0.186203,0.760764,0.381863,0.269312,0.479055,0.367618
2023-05-29,0.677390,0.644255,0.799757,0.385121,0.379824,0.439548,0.392800,0.406591,0.395976,0.430623,0.407959,0.363264,0.464693,0.353349,0.755802,0.598131,0.410290,0.579261,0.443306,0.462837,0.697927,0.489660,0.326961,0.220972,0.418580,0.403815,0.908676,0.462382,0.508628,0.473191,0.492219
2023-05-30,0.334042,0.524462,0.684883,0.302984,0.249169,0.437623,0.358639,0.282074,0.651785,0.375832,0.408339,0.284883,0.315841,0.440786,0.829207,0.469554,0.643321,0.435757,0.471246,0.190997,0.687257,0.246281,0.210664,0.498538,0.273517,0.299612,0.697180,0.304182,0.438578,0.515738,0.544047
2023-05-31,0.646296,0.497362,0.816915,0.530918,0.227432,0.233308,0.254673,0.343377,0.730243,0.299941,0.450615,0.436843,0.439877,0.475464,0.715662,0.458321,0.464734,0.574284,0.149254,0.327919,0.748369,0.518856,0.426526,0.252670,0.458372,0.411794,0.550367,0.469773,0.454583,0.651686,0.520910
2023-06-01,0.495407,0.649236,0.834489,0.580596,0.331418,0.306961,0.343555,0.321547,0.525336,0.296097,0.378238,0.393526,0.463271,0.361039,0.780040,0.465634,0.595054,0.504892,0.465703,0.428118,0.859828,0.350778,0.329317,0.302280,0.417731,0.395381,0.711017,0.391111,0.620886,0.391318,0.573515
2023-06-02,0.577887,0.288404,0.602773,0.379608,0.229456,0.447479,0.344493,0.439513,0.638422,0.286137,0.239660,0.603816,0.544017,0.449476,0.629466,0.375500,0.577949,0.587410,0.360682,0.465099,0.752341,0.355527,0.376235,0.662379,0.258468,0.464214,0.676179,0.506388,0.427138,0.459536,0.541394
2023-06-05,0.412985,0.431790,0.589602,0.268962,0.388095,0.469836,0.556018,0.364042,0.679066,0.520513,0.400978,0.393732,0.348839,0.682283,0.875871,0.533173,0.614273,0.676120,0.564536,0.504446,0.713256,0.208623,0.235178,0.215138,0.463777,0.353242,0.686504,0.504664,0.418460,0.596697,0.553707
2023-06-06,0.482295,0.674084,0.801634,0.280269,0.413189,0.466064,0.453394,0.398080,0.860564,0.361924,0.547059,0.240316,0.522088,0.732209,0.794842,0.411540,0.393875,0.451604,0.435163,0.368269,0.810763,0.394052,0.336142,0.425826,0.575872,0.387155,0.809527,0.269710,0.491195,0.565628,0.399250
2023-06-07,0.413664,0.212004,0.689618,0.475671,0.298145,0.365004,0.431013,0.274417,0.640369,0.449803,0.341817,0.360640,0.539060,0.519582,0.941401,0.461688,0.479508,0.458095,0.294847,0.217804,0.668375,0.302795,0.404947,0.448388,0.272866,0.510319,0.749272,0.522425,0.648264,0.348589,0.594845
2023-06-08,0.313371,0.625206,0.652691,0.343615,0.230014,0.455324,0.341222,0.320389,0.728949,0.240389,0.549478,0.433127,0.517953,0.314259,0.950000,0.477303,0.508313,0.332419,0.379207,0.318542,0.631594,0.319227,0.313533,0.258162,0.287431,0.405763,0.950000,0.484333,0.674171,0.374306,0.604523
2023-06-09,0.470002,0.422363,0.460927,0.504142,0.326704,0.362304,0.441772,0.286177,0.615051,0.391962,0.472069,0.688538,0.625775,0.561593,0.817850,0.601437,0.431543,0.567131,0.458153,0.314319,0.649867,0.366896,0.395092,0.254020,0.184937,0.561901,0.818725,0.527388,0.443089,0.627405,0.459849
2023-06-12,0.582831,0.280222,0.591015,0.372512,0.141970,0.488098,0.307729,0.443676,0.700347,0.415557,0.510397,0.436207,0.568075,0.421686,0.799732,0.510474,0.606593,0.314097,0.536828,0.447296,0.617819,0.318038,0.295438,0.223286,0.467241,0.471644,0.871515,0.606018,0.548994,0.534034,0.617384
2023-06-13,0.446690,0.388437,0.665092,0.476086,0.299465,0.423613,0.350792,0.442956,0.641266,0.336076,0.576639,0.428493,0.358907,0.426362,0.950000,0.651740,0.509901,0.477032,0.400507,0.457648,0.430491,0.280865,0.446934,0.357458,0.260357,0.533934,0.719507,0.273609,0.608890,0.439204,0.528399
2023-06-14,0.588008,0.381234,0.706101,0.430822,0.429764,0.214407,0.397176,0.430873,0.615680,0.432885,0.429031,0.347016,0.307642,0.359793,0.692283,0.430916,0.468025,0.522313,0.501848,0.311059,0.577283,0.342239,0.239322,0.289731,0.363628,0.487895,0.716165,0.465880,0.550306,0.585429,0.503645
2023-06-15,0.429767,0.311629,0.604144,0.231742,0.131888,0.443492,0.339805,0.372995,0.758713,0.232108,0.326633,0.398272,0.669370,0.366320,0.919676,0.279894,0.442689,0.358779,0.465518,0.305443,0.812765,0.385755,0.357489,0.246619,0.446106,0.517935,0.842813,0.631986,0.456328,0.480875,0.579610
2023-06-16,0.307361,0.445319,0.628790,0.505844,0.203219,0.135037,0.312503,0.426901,0.862518,0.502810,0.380837,0.495566,0.414623,0.704196,0.681155,0.387216,0.531464,0.487697,0.331162,0.323393,0.507811,0.343180,0.350730,0.485463,0.408857,0.438250,0.767925,0.494543,0.460213,0.537072,0.510893
2023-06-19,0.392197,0.241899,0.305791,0.509188,0.390021,0.350804,0.400373,0.239568,0.574308,0.715425,0.533324,0.509941,0.502380,0.564896,0.365725,0.707378,0.465878,0.399353,0.402637,0.387989,0.377537,0.500197,0.378243,0.484767,0.371817,0.557828,0.605379,0.669202,0.427746,0.394413,0.477007
2023-06-20,0.361979,0.375367,0.297465,0.677206,0.374595,0.413420,0.338718,0.337076,0.577414,0.667931,0.434240,0.525566,0.432239,0.505793,0.500406,0.788505,0.256112,0.375209,0.436892,0.215462,0.301941,0.673479,0.308344,0.282370,0.436037,0.571380,0.581972,0.683122,0.517075,0.529071,0.460286
2023-06-21,0.380195,0.449634,0.235464,0.704348,0.442724,0.412684,0.436866,0.394603,0.451887,0.619797,0.560751,0.598189,0.670008,0.451785,0.579795,0.772452,0.521820,0.375468,0.392213,0.296070,0.254060,0.761284,0.571663,0.247659,0.431923,0.422504,0.685741,0.898579,0.473894,0.411215,0.355437
2023-06-22,0.309772,0.506469,0.308029,0.854713,0.501233,0.438096,0.439045,0.403487,0.317807,0.760146,0.493279,0.399837,0.649437,0.430719,0.377639,0.702434,0.457481,0.482092,0.432620,0.481129,0.560388,0.520288,0.387278,0.391512,0.325094,0.552241,0.618215,0.608237,0.519971,0.412922,0.618792
2023-06-23,0.442758,0.410092,0.606859,0.582935,0.303172,0.334829,0.170376,0.470050,0.308129,0.870630,0.651084,0.557815,0.465462,0.337032,0.557995,0.608549,0.519319,0.306991,0.472988,0.268489,0.394251,0.615265,0.226716,0.420551,0.689689,0.455586,0.504331,0.872376,0.440194,0.490698,0.312325
2023-06-26,0.310365,0.254949,0.280504,0.559957,0.299274,0.280433,0.393260,0.373585,0.454234,0.825217,0.545704,0.486097,0.493731,0.618786,0.574525,0.752048,0.384318,0.377893,0.346603,0.640097,0.349846,0.603760,0.436352,0.240100,0.412639,0.503128,0.449144,0.715077,0.436456,0.522367,0.435598
2023-06-27,0.358064,0.380081,0.334066,0.621879,0.343809,0.453041,0.392484,0.376678,0.293593,0.711944,0.620014,0.532334,0.513998,0.473393,0.402445,0.603631,0.406517,0.338885,0.654883,0.496402,0.343050,0.752846,0.377740,0.381018,0.496575,0.438854,0.532182,0.581732,0.487928,0.479702,0.509490
2023-06-28,0.428735,0.331093,0.282697,0.643890,0.477960,0.424775,0.361101,0.321643,0.490856,0.707181,0.508798,0.488943,0.526534,0.587348,0.484401,0.631934,0.364894,0.419573,0.289540,0.261465,0.290923,0.556453,0.460478,0.421660,0.286429,0.489051,0.370864,0.888260,0.538181,0.591071,0.605576
2023-06-29,0.368331,0.291749,0.479913,0.782397,0.344001,0.528168,0.323983,0.324139,0.453909,0.611000,0.460177,0.529923,0.642643,0.545188,0.627973,0.718591,0.475115,0.332959,0.195017,0.185647,0.377109,0.665418,0.374099,0.422254,0.322849,0.656197,0.526235,0.884920,0.527868,0.559989,0.427731
2023-06-30,0.295937,0.555743,0.319908,0.664218,0.157964,0.231995,0.506381,0.578474,0.507642,0.942596,0.542619,0.393084,0.665773,0.530193,0.276735,0.849111,0.415624,0.234299,0.314130,0.351116,0.288151,0.663040,0.223916,0.508415,0.519687,0.415758,0.415997,0.813436,0.611385,0.376182,0.543704
2023-07-03,0.615253,0.178929,0.522499,0.568197,0.340421,0.509125,0.477967,0.557700,0.367461,0.499396,0.495622,0.540629,0.323400,0.509812,0.460096,0.583863,0.378087,0.407838,0.392272,0.275253,0.379046,0.603076,0.313519,0.474430,0.398354,0.358617,0.402388,0.709537,0.309523,0.542447,0.399790
2023-07-04,0.367833,0.341806,0.400008,0.507385,0.281542,0.383218,0.275554,0.360456,0.442060,0.721351,0.302690,0.440876,0.432290,0.326592,0.497784,0.405535,0.414519,0.303968,0.403012,0.397096,0.561223,0.528113,0.403652,0.435948,0.463285,0.408452,0.554757,0.836381,0.397000,0.281622,0.594137
2023-07-05,0.482704,0.312285,0.394304,0.853244,0.315541,0.454477,0.362907,0.485114,0.477526,0.741461,0.458979,0.508858,0.389611,0.444786,0.519486,0.636221,0.458381,0.415154,0.361303,0.378535,0.205597,0.700372,0.420435,0.454308,0.534379,0.539752,0.471938,0.796771,0.460904,0.372680,0.511866
2023-07-06,0.467441,0.403094,0.295540,0.528696,0.541407,0.517118,0.387217,0.654988,0.385977,0.778332,0.523905,0.494239,0.525522,0.374786,0.497304,0.605499,0.495592,0.256509,0.265897,0.302035,0.349413,0.686709,0.620841,0.420226,0.478545,0.528764,0.384085,0.783963,0.333902,0.330429,0.407391
2023-07-07,0.344927,0.477790,0.168296,0.629189,0.315404,0.353224,0.232524,0.407803,0.335893,0.782099,0.477640,0.445221,0.425741,0.412500,0.476591,0.617459,0.419052,0.173030,0.265498,0.460354,0.556757,0.609476,0.112697,0.553030,0.592922,0.394212,0.472933,0.811067,0.502109,0.408802,0.423093
2023-07-10,0.300795,0.281657,0.374286,0.584057,0.361377,0.273932,0.533089,0.489058,0.438285,0.699533,0.491630,0.622838,0.498175,0.468204,0.584753,0.575221,0.379226,0.444068,0.349924,0.303012,0.310641,0.772466,0.313242,0.357807,0.602806,0.457309,0.559387,0.832542,0.608474,0.288620,0.404762
2023-07-11,0.587381,0.424722,0.177979,0.744010,0.361167,0.343278,0.271621,0.556035,0.488593,0.785868,0.381469,0.504490,0.337667,0.435168,0.496857,0.701940,0.455921,0.176287,0.308567,0.301882,0.499903,0.607866,0.337681,0.438507,0.487427,0.314347,0.364734,0.809104,0.598581,0.461127,0.259080
2023-07-12,0.355992,0.353596,0.482627,0.562975,0.450515,0.496900,0.288623,0.354082,0.559376,0.745127,0.428340,0.383672,0.552650,0.429625,0.443848,0.600665,0.297308,0.311391,0.296531,0.203916,0.404527,0.649770,0.387462,0.448235,0.542767,0.483443,0.564908,0.704405,0.408892,0.357625,0.432071
2023-07-13,0.366059,0.456430,0.349260,0.605131,0.520427,0.242390,0.607527,0.477064,0.525109,0.857080,0.595818,0.417412,0.492850,0.409747,0.534634,0.550189,0.215041,0.359845,0.343653,0.408347,0.486151,0.940613,0.478393,0.461864,0.471296,0.528121,0.364260,0.564894,0.549140,0.547499,0.253772
2023-07-14,0.586079,0.290656,0.201762,0.603871,0.495513,0.448545,0.448892,0.464231,0.547033,0.805073,0.345883,0.463475,0.346094,0.482533,0.371719,0.856267,0.441278,0.236596,0.358462,0.242789,0.443597,0.658062,0.232536,0.570924,0.521144,0.495195,0.520410,0.882627,0.398801,0.511048,0.383752
2023-07-17,0.076884,0.381006,0.541151,0.587544,0.354944,0.432585,0.319504,0.447896,0.630131,0.784682,0.635518,0.465027,0.401671,0.271396,0.481094,0.565385,0.437571,0.338065,0.326806,0.408743,0.470042,0.571549,0.457169,0.551622,0.670299,0.625876,0.535727,0.762425,0.364054,0.329992,0.409223
2023-07-18,0.424982,0.357657,0.177633,0.624038,0.352001,0.255809,0.612501,0.518018,0.294232,0.950000,0.439776,0.319084,0.507315,0.334527,0.453910,0.695337,0.323200,0.288494,0.448145,0.377427,0.417827,0.808192,0.449247,0.465666,0.472370,0.396309,0.466003,0.622067,0.154431,0.459504,0.593013
2023-07-19,0.244147,0.186293,0.297148,0.580327,0.313206,0.416780,0.509378,0.413885,0.343287,0.799100,0.463247,0.602448,0.317461,0.357390,0.254224,0.865109,0.350041,0.499789,0.310134,0.419871,0.451305,0.689641,0.458925,0.518014,0.217255,0.558780,0.566237,0.619706,0.427541,0.220391,0.416866
2023-07-20,0.349064,0.470943,0.276082,0.818586,0.549420,0.508911,0.502152,0.543440,0.280880,0.701653,0.537633,0.430908,0.512102,0.415932,0.375029,0.838615,0.377292,0.338752,0.288882,0.400112,0.487485,0.598953,0.489200,0.076862,0.420282,0.581642,0.490574,0.950000,0.436517,0.552222,0.276247
2023-07-21,0.250456,0.432337,0.324383,0.765579,0.276006,0.514630,0.435499,0.621212,0.457645,0.672808,0.402211,0.435763,0.394401,0.215139,0.423950,0.456916,0.384665,0.240255,0.346067,0.260063,0.453149,0.598507,0.333665,0.609309,0.518136,0.605973,0.520278,0.717083,0.320578,0.510212,0.338765
2023-07-24,0.324418,0.412283,0.389630,0.497296,0.392858,0.406219,0.362973,0.439966,0.477006,0.621869,0.410151,0.432475,0.310690,0.398121,0.337899,0.625521,0.220462,0.436665,0.364630,0.512438,0.484585,0.578592,0.342314,0.279882,0.611994,0.551619,0.418742,0.814522,0.415740,0.512267,0.414222
2023-07-25,0.322538,0.328199,0.447973,0.649183,0.385114,0.354355,0.644409,0.472635,0.760809,0.762773,0.377987,0.229125,0.558053,0.362909,0.386513,0.578153,0.390958,0.298591,0.328525,0.373198,0.610073,0.659959,0.526544,0.731465,0.485085,0.401512,0.552081,0.839334,0.420653,0.303803,0.235537
2023-07-26,0.361947,0.320850,0.124859,0.832306,0.514118,0.676380,0.612320,0.686558,0.394501,0.688079,0.427136,0.481676,0.517062,0.243488,0.330840,0.616131,0.426550,0.411665,0.551280,0.496679,0.478906,0.652977,0.317873,0.487446,0.411005,0.349522,0.518899,0.775434,0.315605,0.405150,0.444895
2023-07-27,0.282986,0.312404,0.246134,0.673368,0.535893,0.476840,0.757310,0.420657,0.582657,0.767652,0.318908,0.447695,0.358487,0.321534,0.331469,0.647464,0.406460,0.366489,0.493150,0.404547,0.577517,0.888231,0.643630,0.719579,0.626115,0.577507,0.362267,0.684169,0.496468,0.293441,0.351885
2023-07-28,0.343557,0.403783,0.380357,0.783648,0.396232,0.482696,0.697840,0.525000,0.541930,0.820957,0.352553,0.458638,0.347737,0.229806,0.273329,0.536347,0.323144,0.247918,0.473539,0.469783,0.508293,0.936396,0.360296,0.641972,0.421432,0.467465,0.400681,0.615245,0.293144,0.240507,0.460636
2023-07-31,0.369395,0.401374,0.330077,0.511070,0.469483,0.457365,0.764221,0.510198,0.522152,0.696329,0.295280,0.291804,0.547822,0.262622,0.525787,0.561273,0.285111,0.437448,0.416816,0.361796,0.692852,0.710398,0.587271,0.566959,0.488172,0.284052,0.456894,0.618452,0.347085,0.391193,0.328394
2023-08-01,0.249391,0.388484,0.326213,0.704946,0.378638,0.596175,0.452233,0.419163,0.522968,0.948981,0.340019,0.433484,0.476517,0.282383,0.350030,0.761277,0.242817,0.246042,0.326552,0.607958,0.657131,0.751882,0.589500,0.521844,0.610163,0.585764,0.322425,0.751288,0.313443,0.406712,0.348737
2023-08-02,0.279629,0.564023,0.324739,0.567216,0.554459,0.481884,0.541697,0.429887,0.452257,0.693412,0.546981,0.574178,0.318637,0.368521,0.413317,0.707937,0.356263,0.414025,0.583601,0.321166,0.442483,0.804629,0.463047,0.600158,0.559247,0.237630,0.474703,0.829968,0.055025,0.356312,0.234767
2023-08-03,0.303900,0.358308,0.362092,0.802342,0.365310,0.412203,0.549495,0.476928,0.430881,0.776300,0.475583,0.312107,0.426620,0.337299,0.322355,0.604693,0.525250,0.614244,0.310335,0.449150,0.358237,0.866531,0.624519,0.358846,0.478512,0.397167,0.500440,0.630470,0.397852,0.205069,0.192887
2023-08-04,0.102093,0.376843,0.380740,0.644478,0.565577,0.410211,0.496925,0.512179,0.378928,0.646367,0.374437,0.402414,0.347963,0.377273,0.156224,0.600281,0.452210,0.226318,0.624922,0.559372,0.513667,0.674126,0.606905,0.521242,0.562076,0.500813,0.401130,0.617020,0.289628,0.391300,0.263844
2023-08-07,0.252396,0.379366,0.370576,0.736042,0.534945,0.474616,0.508260,0.499208,0.608226,0.631422,0.300083,0.408024,0.242422,0.306934,0.309269,0.662440,0.331090,0.270826,0.476838,0.453865,0.480474,0.831400,0.387417,0.426618,0.446592,0.684922,0.266396,0.520501,0.471799,0.374892,0.322902
2023-08-08,0.595962,0.208043,0.518956,0.734393,0.421214,0.614838,0.399242,0.490781,0.329424,0.745311,0.408447,0.233777,0.370637,0.220865,0.433305,0.552346,0.416877,0.657107,0.330197,0.548595,0.650178,0.840627,0.398764,0.450402,0.466833,0.468397,0.375076,0.624571,0.275257,0.420310,0.342817
2023-08-09,0.433066,0.370921,0.415159,0.686289,0.438468,0.445740,0.452071,0.434706,0.616942,0.674765,0.362126,0.414170,0.377944,0.390678,0.390855,0.811378,0.350543,0.492008,0.346846,0.356562,0.406946,0.646526,0.543834,0.429971,0.350493,0.466636,0.316312,0.855285,0.199894,0.361402,0.368987
2023-08-10,0.500532,0.469702,0.479650,0.746405,0.517346,0.381765,0.511397,0.525564,0.472036,0.627114,0.537186,0.418164,0.296976,0.296844,0.263043,0.588826,0.347031,0.386394,0.514721,0.256380,0.519505,0.866835,0.326854,0.439308,0.355324,0.271879,0.208195,0.511965,0.253587,0.517040,0.288180
2023-08-11,0.355626,0.510534,0.473924,0.717657,0.412823,0.625724,0.367539,0.235657,0.296236,0.633958,0.344595,0.167260,0.233755,0.322205,0.245632,0.506643,0.359215,0.456551,0.481131,0.359471,0.605751,0.816697,0.510392,0.284622,0.268975,0.379210,0.524995,0.592453,0.380177,0.272410,0.448086
2023-08-14,0.243062,0.340744,0.452487,0.583145,0.648682,0.630841,0.512956,0.418674,0.462391,0.434316,0.577259,0.384555,0.347126,0.413536,0.293756,0.346529,0.665348,0.513678,0.498368,0.592884,0.551436,0.333171,0.742594,0.514497,0.494166,0.358055,0.382613,0.268307,0.602023,0.309526,0.348674
2023-08-15,0.556740,0.351308,0.419210,0.580881,0.694841,0.509044,0.319329,0.592861,0.452554,0.327378,0.446271,0.301333,0.558899,0.431280,0.368290,0.330321,0.731146,0.689481,0.403142,0.447929,0.483346,0.331654,0.863556,0.280987,0.448153,0.599896,0.341138,0.294033,0.625496,0.361541,0.310693
2023-08-16,0.243469,0.545797,0.532186,0.500508,0.799721,0.512689,0.476232,0.209405,0.270204,0.333836,0.618532,0.372838,0.421332,0.297401,0.164816,0.360988,0.796025,0.243268,0.356525,0.384365,0.399578,0.365984,0.712565,0.513916,0.381094,0.321429,0.403055,0.321518,0.700002,0.305074,0.344501
2023-08-17,0.424156,0.552512,0.494047,0.490065,0.812076,0.561961,0.334136,0.214653,0.615523,0.356426,0.395017,0.344725,0.302654,0.347977,0.348543,0.545580,0.918381,0.361392,0.494716,0.667759,0.362995,0.639657,0.705450,0.351691,0.306962,0.458810,0.337158,0.284454,0.858804,0.330626,0.336228
2023-08-18,0.479120,0.319784,0.528392,0.570773,0.950000,0.424191,0.269684,0.523007,0.260684,0.520652,0.675368,0.404568,0.181433,0.443341,0.246961,0.466944,0.728279,0.482343,0.516083,0.426319,0.480851,0.525092,0.664950,0.376227,0.463592,0.263310,0.126763,0.357690,0.569583,0.367407,0.409091
2023-08-21,0.470485,0.558503,0.458039,0.547051,0.667068,0.468509,0.485324,0.376060,0.431910,0.484846,0.736601,0.453435,0.152331,0.323183,0.380797,0.501665,0.609815,0.609047,0.402257,0.638826,0.560715,0.433009,0.741297,0.482260,0.340299,0.221936,0.556844,0.401211,0.543163,0.296253,0.430826
2023-08-22,0.304003,0.487416,0.449095,0.519695,0.771688,0.472900,0.438808,0.382210,0.442619,0.423885,0.529846,0.164278,0.333523,0.177143,0.362359,0.389112,0.742227,0.471164,0.405497,0.471385,0.565941,0.480240,0.811657,0.418079,0.283849,0.592402,0.349037,0.524266,0.815684,0.491738,0.406607
2023-08-23,0.489244,0.488689,0.632168,0.370841,0.733941,0.619382,0.622267,0.295604,0.383409,0.431807,0.573565,0.348176,0.365271,0.196704,0.320735,0.574137,0.703882,0.579381,0.662295,0.382747,0.493061,0.355413,0.709617,0.487495,0.475998,0.401362,0.275887,0.307958,0.663286,0.257908,0.507018
2023-08-24,0.345639,0.378050,0.454326,0.492824,0.820842,0.325841,0.523557,0.497346,0.447976,0.273157,0.544934,0.418464,0.285650,0.434778,0.403928,0.456329,0.869375,0.349193,0.352896,0.548103,0.369468,0.465598,0.734671,0.566868,0.311379,0.287074,0.472431,0.313355,0.727191,0.339817,0.492019
2023-08-25,0.429550,0.364509,0.467839,0.613355,0.749054,0.455477,0.385363,0.456631,0.401649,0.292628,0.539944,0.388765,0.225122,0.409964,0.387721,0.320984,0.882383,0.546423,0.523915,0.409076,0.386939,0.472851,0.702591,0.416146,0.512163,0.556836,0.311833,0.466413,0.610199,0.451675,0.419070
2023-08-28,0.415032,0.332847,0.425265,0.549423,0.880345,0.489779,0.331805,0.254836,0.164000,0.275291,0.435731,0.269141,0.212564,0.380105,0.353633,0.402861,0.732360,0.632094,0.568354,0.497111,0.593879,0.532546,0.631688,0.370465,0.267135,0.348143,0.272022,0.147024,0.692040,0.542056,0.449368
2023-08-29,0.371459,0.503246,0.424546,0.451616,0.775285,0.508850,0.284708,0.334831,0.228538,0.420260,0.638715,0.377370,0.321646,0.142591,0.352726,0.376937,0.711959,0.348321,0.488139,0.341444,0.512145,0.386177,0.779270,0.320363,0.296637,0.507137,0.392780,0.295155,0.764527,0.460973,0.498625
2023-08-30,0.689398,0.357165,0.480654,0.536825,0.897207,0.389750,0.375443,0.453880,0.303798,0.327931,0.483731,0.398176,0.414438,0.416894,0.327715,0.717928,0.809918,0.472284,0.481598,0.395675,0.541257,0.353261,0.665871,0.491810,0.479668,0.265112,0.520989,0.336534,0.536933,0.377496,0.530684
2023-08-31,0.650597,0.606979,0.398116,0.466087,0.737638,0.404323,0.378795,0.335068,0.324917,0.274338,0.661857,0.297312,0.227479,0.519580,0.321923,0.637754,0.757955,0.422835,0.539387,0.480830,0.418595,0.451582,0.777061,0.427662,0.359181,0.323571,0.407655,0.482739,0.677718,0.336340,0.328715
2023-09-01,0.573523,0.472708,0.423547,0.515929,0.516569,0.455399,0.532560,0.358637,0.340459,0.424941,0.697814,0.409209,0.243259,0.066371,0.526696,0.590044,0.813671,0.634002,0.473158,0.559688,0.404730,0.485413,0.673104,0.242183,0.312551,0.321351,0.311708,0.350029,0.677193,0.363783,0.396841
2023-09-04,0.584214,0.666135,0.482323,0.426516,0.674027,0.463599,0.495178,0.440841,0.353716,0.174770,0.440884,0.350043,0.281531,0.609845,0.377244,0.380150,0.866020,0.479119,0.662723,0.326659,0.453185,0.280709,0.498192,0.293458,0.238689,0.395660,0.220193,0.331715,0.690760,0.398290,0.571524
2023-09-05,0.545768,0.381015,0.615568,0.612063,0.731099,0.451987,0.438681,0.503271,0.456753,0.161361,0.643051,0.374088,0.452032,0.316244,0.477562,0.367369,0.790380,0.405188,0.352652,0.637240,0.336748,0.432758,0.759632,0.601331,0.426923,0.406492,0.419832,0.377024,0.752811,0.317297,0.549435
2023-09-06,0.326505,0.495902,0.586775,0.440637,0.641024,0.495588,0.375627,0.296417,0.417071,0.332925,0.690024,0.431766,0.569014,0.461945,0.274990,0.529700,0.611330,0.455042,0.531406,0.546756,0.532418,0.497107,0.643279,0.357430,0.196956,0.481291,0.392399,0.325988,0.815458,0.469473,0.428075
2023-09-07,0.401970,0.533531,0.344561,0.510087,0.820409,0.262715,0.228815,0.352657,0.229003,0.214386,0.497503,0.358888,0.472047,0.276656,0.480365,0.335833,0.753479,0.516611,0.519863,0.394221,0.347342,0.432030,0.588473,0.277651,0.319795,0.320682,0.244722,0.451291,0.756331,0.405681,0.427250
2023-09-08,0.343904,0.606607,0.526166,0.485824,0.605421,0.246450,0.352485,0.443371,0.369683,0.233248,0.667205,0.343937,0.364284,0.500675,0.573603,0.516529,0.928223,0.400320,0.412805,0.475139,0.322956,0.396459,0.697341,0.293437,0.426825,0.374525,0.499468,0.304579,0.589292,0.348119,0.556447
2023-09-11,0.390025,0.582926,0.512015,0.534932,0.752024,0.353753,0.438525,0.261196,0.350270,0.333800,0.514260,0.154422,0.385894,0.413695,0.632049,0.457406,0.681971,0.371627,0.490507,0.534709,0.361340,0.497277,0.662435,0.356222,0.329970,0.343219,0.273568,0.175842,0.735344,0.347772,0.344898
2023-09-12,0.601874,0.344115,0.446458,0.495317,0.638397,0.375326,0.549826,0.490318,0.346020,0.360085,0.714768,0.398934,0.335614,0.359166,0.309718,0.673524,0.646512,0.480486,0.394867,0.603485,0.493843,0.177578,0.666115,0.357198,0.466356,0.544959,0.384095,0.395912,0.787719,0.518508,0.296301
2023-09-13,0.494219,0.378619,0.407601,0.508789,0.734102,0.247360,0.359373,0.476086,0.132940,0.134757,0.517333,0.303396,0.405774,0.396214,0.606824,0.496100,0.882591,0.564540,0.416823,0.384028,0.376638,0.456587,0.755493,0.515542,0.331480,0.321322,0.394467,0.398205,0.739691,0.453634,0.461148
2023-09-14,0.445417,0.537211,0.496085,0.535981,0.562546,0.598248,0.401519,0.399274,0.313456,0.320098,0.553894,0.391095,0.343092,0.365428,0.566405,0.488763,0.896833,0.664366,0.471526,0.341769,0.528696,0.492142,0.618250,0.390751,0.246166,0.325576,0.324902,0.375624,0.708396,0.673093,0.422885
2023-09-15,0.729814,0.307793,0.544011,0.444573,0.521095,0.271153,0.462683,0.433858,0.249418,0.163522,0.563933,0.236898,0.527990,0.327659,0.471017,0.426210,0.793013,0.491729,0.553558,0.256123,0.345481,0.176053,0.582532,0.231082,0.297739,0.232367,0.377459,0.252228,0.638304,0.500013,0.428049
2023-09-18,0.332903,0.392948,0.499091,0.573405,0.597238,0.578348,0.252248,0.277291,0.194646,0.105699,0.731938,0.454173,0.586171,0.313676,0.536113,0.419499,0.913510,0.458692,0.233776,0.346356,0.352709,0.432855,0.610361,0.522500,0.372977,0.401528,0.463390,0.371495,0.843168,0.563784,0.529504
2023-09-19,0.442594,0.751275,0.553911,0.385943,0.808028,0.553436,0.356884,0.439300,0.329871,0.659602,0.718231,0.413712,0.394791,0.519075,0.325993,0.597023,0.710535,0.475780,0.322255,0.320813,0.385867,0.267144,0.720934,0.320352,0.248977,0.279727,0.354668,0.050000,0.780040,0.470824,0.393740
2023-09-20,0.514821,0.360515,0.567446,0.594884,0.462700,0.457672,0.291128,0.422252,0.306512,0.328833,0.585491,0.494687,0.367007,0.449746,0.408801,0.414727,0.950000,0.352374,0.436372,0.451479,0.474459,0.404079,0.653171,0.322732,0.310470,0.373747,0.431561,0.427360,0.662119,0.626255,0.462145
2023-09-21,0.490404,0.395708,0.554089,0.394667,0.769393,0.396121,0.347192,0.405568,0.130202,0.467255,0.706878,0.522501,0.409189,0.719209,0.445742,0.495617,0.603584,0.398292,0.239538,0.583197,0.262675,0.442659,0.590707,0.211954,0.212419,0.404393,0.277194,0.422376,0.760369,0.577016,0.305558
2023-09-22,0.630185,0.470453,0.414164,0.591418,0.483183,0.499182,0.289968,0.432407,0.404390,0.457650,0.729212,0.369399,0.418861,0.528708,0.572985,0.613074,0.859234,0.425194,0.467368,0.369516,0.305254,0.469295,0.604485,0.496149,0.485320,0.387691,0.520818,0.505715,0.689161,0.464134,0.468802
2023-09-25,0.602946,0.365125,0.612379,0.335983,0.668882,0.184750,0.289144,0.434127,0.319718,0.309963,0.721123,0.462547,0.562542,0.385586,0.404217,0.379414,0.765256,0.334562,0.356614,0.349307,0.329912,0.462304,0.527574,0.415161,0.278177,0.461406,0.348845,0.405392,0.682850,0.652011,0.436949
2023-09-26,0.482459,0.532432,0.346364,0.313850,0.542154,0.349347,0.370165,0.260202,0.259533,0.360254,0.756988,0.704263,0.465961,0.650784,0.367663,0.607536,0.826640,0.407669,0.356044,0.306984,0.335586,0.050000,0.641208,0.294955,0.294210,0.290724,0.443671,0.542380,0.728492,0.604667,0.523219
2023-09-27,0.345856,0.383872,0.522810,0.493837,0.667924,0.437628,0.339679,0.307020,0.450686,0.331051,0.857157,0.364988,0.548350,0.503194,0.501057,0.304960,0.682992,0.411051,0.390989,0.358830,0.482524,0.536077,0.688299,0.395068,0.429409,0.466111,0.378329,0.458877,0.808558,0.383957,0.450896
2023-09-28,0.374267,0.527301,0.398068,0.474101,0.644892,0.459288,0.241485,0.364654,0.321528,0.490172,0.716372,0.515462,0.530201,0.472250,0.496279,0.447815,0.814749,0.442012,0.318436,0.254884,0.449989,0.284872,0.768416,0.231785,0.391433,0.436170,0.349217,0.378842,0.636382,0.507917,0.460090
2023-09-29,0.553596,0.341401,0.204218,0.418570,0.527696,0.477298,0.326676,0.340807,0.447050,0.442477,0.774222,0.681057,0.659256,0.321411,0.491296,0.491887,0.744264,0.490683,0.391468,0.364888,0.201328,0.465289,0.567414,0.328253,0.387861,0.335073,0.404113,0.470110,0.839551,0.547451,0.610030
2023-10-02,0.725684,0.426439,0.331063,0.425039,0.655936,0.452833,0.293577,0.242905,0.478954,0.368117,0.739957,0.548963,0.525345,0.514866,0.627081,0.321448,0.754594,0.371994,0.298670,0.224641,0.484049,0.371738,0.639987,0.360954,0.359283,0.478476,0.330931,0.413528,0.663714,0.524866,0.597488
2023-10-03,0.477627,0.382078,0.375373,0.396790,0.780040,0.200061,0.271729,0.533271,0.130011,0.431988,0.546304,0.557251,0.610733,0.635734,0.397713,0.326460,0.797842,0.527842,0.323815,0.388821,0.239210,0.565099,0.494273,0.550864,0.219822,0.542690,0.739801,0.446461,0.757801,0.528658,0.591642
2023-10-04,0.507887,0.256909,0.407208,0.414530,0.635514,0.394034,0.261192,0.306513,0.347317,0.387406,0.761897,0.611428,0.500813,0.668087,0.468810,0.571140,0.779914,0.387103,0.334894,0.381302,0.317893,0.309701,0.514413,0.268464,0.225355,0.730307,0.442054,0.646614,0.667514,0.585209,0.377996
2023-10-05,0.422287,0.460922,0.358254,0.438526,0.678960,0.257580,0.313827,0.377570,0.396161,0.534519,0.646591,0.438145,0.428825,0.658758,0.504421,0.470567,0.675206,0.425095,0.375358,0.325387,0.407710,0.405829,0.685527,0.542296,0.603105,0.466824,0.406359,0.375917,0.626815,0.590175,0.476757
2023-10-06,0.365280,0.556071,0.366943,0.264706,0.557722,0.245890,0.299185,0.376978,0.509846,0.443708,0.523563,0.403883,0.492766,0.430387,0.465446,0.709738,0.753437,0.454418,0.405068,0.509793,0.405370,0.333240,0.537343,0.612656,0.228129,0.351642,0.558747,0.472409,0.788472,0.377360,0.285407
2023-10-09,0.403854,0.365467,0.354577,0.479851,0.515125,0.719759,0.235033,0.388291,0.455428,0.551747,0.500817,0.817582,0.363153,0.451017,0.669950,0.530106,0.371501,0.597460,0.333542,0.323444,0.359501,0.328059,0.420934,0.662341,0.288412,0.506963,0.491885,0.469370,0.408812,0.839353,0.489770
2023-10-10,0.398763,0.406291,0.332336,0.216506,0.357190,0.851450,0.092253,0.368439,0.430699,0.407251,0.404171,0.606522,0.549738,0.623645,0.526458,0.508344,0.391943,0.750310,0.298985,0.279659,0.324591,0.550615,0.329478,0.849951,0.352841,0.401459,0.395176,0.518846,0.542348,0.889685,0.642948
2023-10-11,0.287605,0.331166,0.383359,0.242459,0.302029,0.742939,0.269118,0.462754,0.491401,0.552504,0.389967,0.835353,0.497439,0.441971,0.448210,0.361172,0.357963,0.731754,0.129475,0.275573,0.203034,0.352406,0.491307,0.699516,0.399078,0.606711,0.459158,0.525345,0.404745,0.899226,0.369798
2023-10-12,0.369788,0.510028,0.302208,0.395201,0.262920,0.631860,0.198613,0.399787,0.375339,0.272306,0.526522,0.772229,0.612323,0.425423,0.493935,0.278318,0.320745,0.517057,0.301181,0.528574,0.197550,0.219812,0.426432,0.616794,0.491244,0.487566,0.539933,0.492244,0.475861,0.665913,0.419807
2023-10-13,0.387389,0.467237,0.347500,0.468421,0.293916,0.477442,0.361690,0.305296,0.349560,0.426446,0.533628,0.950000,0.503598,0.609271,0.293592,0.316943,0.506087,0.794402,0.322261,0.275303,0.396230,0.361078,0.450972,0.583300,0.540032,0.226477,0.470431,0.560558,0.458753,0.805873,0.361376
2023-10-16,0.326285,0.349755,0.445270,0.259557,0.307277,0.697490,0.476476,0.605144,0.513682,0.445198,0.479693,0.832949,0.389364,0.639452,0.440900,0.513157,0.396999,0.709779,0.430750,0.340273,0.342818,0.374781,0.350362,0.738558,0.524640,0.581019,0.626279,0.426081,0.525240,0.690948,0.449452
2023-10-17,0.337508,0.565266,0.428336,0.319620,0.270831,0.574157,0.342114,0.293350,0.507704,0.483089,0.408503,0.903211,0.475811,0.535320,0.540261,0.567837,0.419473,0.804272,0.266858,0.288957,0.460929,0.301990,0.446269,0.716995,0.472326,0.458586,0.650366,0.600773,0.323973,0.567722,0.500115
2023-10-18,0.673990,0.395879,0.409241,0.328436,0.272213,0.455483,0.279681,0.499958,0.610530,0.483031,0.452222,0.812758,0.519773,0.452661,0.303529,0.398919,0.551570,0.601949,0.456117,0.354216,0.397617,0.291841,0.429199,0.642185,0.579014,0.508280,0.569950,0.439610,0.668386,0.806906,0.589053
2023-10-19,0.537102,0.484514,0.302284,0.446194,0.419866,0.561971,0.305434,0.310516,0.287539,0.361989,0.488927,0.896053,0.541765,0.369149,0.448806,0.451041,0.461674,0.595839,0.323314,0.479844,0.196336,0.312395,0.333418,0.599035,0.518305,0.571175,0.523418,0.501435,0.670737,0.757983,0.566177
2023-10-20,0.388828,0.300348,0.148546,0.241625,0.126360,0.641824,0.179714,0.283148,0.495961,0.620554,0.445032,0.860549,0.565958,0.268132,0.516225,0.362858,0.306944,0.731647,0.452534,0.514399,0.341025,0.313418,0.501985,0.650657,0.540101,0.435808,0.543740,0.588346,0.598126,0.792554,0.414368
2023-10-23,0.469571,0.171279,0.416258,0.367005,0.389526,0.441198,0.368738,0.488671,0.411308,0.636080,0.466741,0.775419,0.464692,0.698334,0.381113,0.430665,0.164350,0.683398,0.373233,0.427326,0.390046,0.580734,0.411266,0.713410,0.632266,0.494092,0.516715,0.496079,0.546423,0.576829,0.400066
2023-10-24,0.454688,0.359120,0.329000,0.416637,0.272499,0.670736,0.385215,0.457926,0.354502,0.467762,0.388307,0.845657,0.415795,0.447752,0.432644,0.365266,0.515798,0.559854,0.571083,0.449578,0.321895,0.456623,0.388254,0.677635,0.487032,0.564122,0.411813,0.497422,0.533986,0.676126,0.399243
2023-10-25,0.260887,0.385438,0.211849,0.208051,0.389055,0.777093,0.436464,0.486940,0.353560,0.619275,0.367615,0.744130,0.410732,0.310333,0.466122,0.353102,0.361438,0.721705,0.201242,0.405812,0.456193,0.363309,0.408991,0.789219,0.430743,0.621153,0.649443,0.434172,0.379512,0.745579,0.437796
2023-10-26,0.364779,0.529569,0.622439,0.342924,0.238175,0.735776,0.599204,0.372594,0.458742,0.497447,0.630529,0.772811,0.558233,0.526662,0.624527,0.515314,0.362942,0.639122,0.546181,0.350555,0.333712,0.308130,0.539189,0.810636,0.397318,0.308967,0.370850,0.416154,0.592008,0.708127,0.233650
2023-10-27,0.272970,0.352778,0.393573,0.498763,0.363900,0.851201,0.520422,0.374284,0.419584,0.464224,0.632868,0.810716,0.555403,0.474598,0.472069,0.337127,0.463444,0.684725,0.281898,0.236786,0.426895,0.407434,0.395786,0.781245,0.474566,0.538661,0.546816,0.438209,0.389577,0.741182,0.257655
2023-10-30,0.302458,0.366950,0.349735,0.525037,0.404311,0.685368,0.420746,0.374925,0.480687,0.395314,0.313934,0.735047,0.501635,0.476382,0.376700,0.385334,0.382954,0.599468,0.198055,0.365260,0.316397,0.419008,0.401837,0.774677,0.448517,0.563127,0.555777,0.566134,0.338399,0.685761,0.393461
2023-10-31,0.363591,0.518514,0.320160,0.233848,0.317390,0.950000,0.308741,0.465723,0.606597,0.363570,0.463556,0.749144,0.645357,0.402436,0.433113,0.477675,0.464630,0.665904,0.384618,0.310556,0.526271,0.469218,0.458736,0.730176,0.559108,0.553938,0.586004,0.503159,0.412549,0.711221,0.577761
2023-11-01,0.334081,0.257965,0.358872,0.306976,0.482022,0.759102,0.461221,0.510874,0.441104,0.449706,0.526927,0.685431,0.505178,0.476052,0.301571,0.414614,0.351016,0.668355,0.389482,0.254826,0.254635,0.346870,0.476398,0.709227,0.546680,0.409090,0.605983,0.543886,0.418837,0.579150,0.310242
2023-11-02,0.360094,0.432656,0.225233,0.337877,0.527160,0.716535,0.294795,0.418813,0.435589,0.449913,0.462207,0.719058,0.532334,0.517000,0.269936,0.430032,0.221202,0.773124,0.266377,0.490193,0.391652,0.273397,0.459550,0.898240,0.319550,0.583751,0.366572,0.411683,0.382369,0.530051,0.433082
2023-11-03,0.426599,0.132861,0.353515,0.394893,0.518288,0.661889,0.276502,0.414200,0.482132,0.452791,0.582032,0.833518,0.513300,0.535775,0.324577,0.413136,0.483514,0.526833,0.341500,0.367099,0.542698,0.396065,0.453499,0.715391,0.588651,0.365730,0.524814,0.503608,0.503909,0.504693,0.339226
2023-11-06,0.261942,0.342102,0.237453,0.351409,0.441122,0.861327,0.322294,0.425550,0.460854,0.475403,0.526736,0.641977,0.523720,0.446865,0.448147,0.390681,0.347850,0.455289,0.366338,0.368246,0.414210,0.382438,0.583414,0.915703,0.516650,0.416281,0.467478,0.368079,0.336582,0.587854,0.525531
2023-11-07,0.325369,0.410037,0.332956,0.660389,0.398450,0.637840,0.343323,0.557008,0.521214,0.540922,0.589874,0.758301,0.417774,0.300420,0.426072,0.387016,0.416268,0.468494,0.224646,0.169676,0.475886,0.513849,0.527435,0.804356,0.554570,0.401794,0.433923,0.495548,0.281738,0.702916,0.293174
2023-11-08,0.248744,0.344857,0.439640,0.393935,0.494759,0.718723,0.434802,0.384125,0.641911,0.529785,0.487645,0.757041,0.581118,0.458145,0.627057,0.235207,0.227513,0.665575,0.278584,0.240587,0.466214,0.476904,0.392729,0.650894,0.541366,0.557804,0.513568,0.299664,0.303518,0.744570,0.371944
2023-11-09,0.299344,0.328013,0.204496,0.489355,0.387440,0.727060,0.383658,0.389005,0.517728,0.534430,0.533882,0.779372,0.443686,0.415614,0.373356,0.510735,0.399963,0.683155,0.442034,0.482823,0.341762,0.669172,0.458754,0.823353,0.487392,0.440352,0.441303,0.241929,0.569967,0.761619,0.575361
2023-11-10,0.365141,0.326311,0.352190,0.487268,0.449697,0.666160,0.417587,0.465672,0.460295,0.458439,0.464351,0.636730,0.528387,0.302817,0.219899,0.360655,0.469967,0.563094,0.366626,0.397574,0.400023,0.393162,0.444560,0.799587,0.549613,0.392278,0.468432,0.481979,0.479105,0.534331,0.292314
2023-11-13,0.368430,0.417955,0.355165,0.375756,0.268308,0.594638,0.580286,0.469049,0.494499,0.574988,0.334646,0.776781,0.672338,0.516292,0.378584,0.398593,0.365373,0.727378,0.438348,0.457189,0.431004,0.516315,0.390462,0.708118,0.451054,0.440312,0.363782,0.395277,0.421363,0.590472,0.355636
2023-11-14,0.365429,0.401062,0.255699,0.348586,0.341732,0.639914,0.615570,0.608877,0.484772,0.397499,0.508891,0.950000,0.472989,0.212660,0.520873,0.369648,0.364852,0.676486,0.495927,0.465188,0.422134,0.352753,0.434376,0.754298,0.501810,0.540991,0.516134,0.453856,0.576885,0.664485,0.433044
2023-11-15,0.362678,0.384040,0.210957,0.417578,0.281857,0.942586,0.287940,0.475713,0.583843,0.503983,0.581440,0.730780,0.675953,0.347993,0.344249,0.376945,0.398284,0.818214,0.430875,0.323027,0.429961,0.253366,0.529278,0.873389,0.638939,0.521428,0.385336,0.411638,0.336706,0.706049,0.284609
2023-11-16,0.407260,0.458029,0.486371,0.567317,0.471200,0.599380,0.418063,0.434016,0.507331,0.360978,0.651557,0.737256,0.389929,0.381988,0.206303,0.361455,0.391480,0.513786,0.482604,0.405309,0.492947,0.445640,0.336776,0.619672,0.641851,0.341483,0.464280,0.328519,0.325845,0.586446,0.277475
2023-11-17,0.106905,0.377880,0.440929,0.606429,0.309574,0.752042,0.487359,0.373456,0.436814,0.492119,0.572327,0.664955,0.289573,0.513526,0.206555,0.338457,0.374668,0.581947,0.530075,0.450101,0.462095,0.549666,0.433339,0.832862,0.449989,0.424552,0.438157,0.402402,0.418156,0.490186,0.342624
2023-11-20,0.239038,0.388957,0.313372,0.468874,0.377323,0.797340,0.556498,0.398277,0.455163,0.620654,0.473460,0.647582,0.451833,0.305035,0.385133,0.396477,0.407766,0.800133,0.329545,0.240187,0.477168,0.382424,0.483550,0.842312,0.521456,0.346858,0.400265,0.413690,0.292141,0.567652,0.436000
2023-11-21,0.357448,0.425255,0.549192,0.224140,0.368540,0.679181,0.509311,0.455351,0.649135,0.488589,0.513516,0.797663,0.319774,0.437670,0.270577,0.361845,0.402474,0.685277,0.536329,0.405715,0.527498,0.583875,0.339290,0.697320,0.442669,0.498177,0.512900,0.205436,0.328678,0.644171,0.436391
2023-11-22,0.300938,0.451788,0.378677,0.279145,0.514565,0.718633,0.589839,0.468927,0.404923,0.530725,0.527168,0.818766,0.399609,0.492931,0.404383,0.332349,0.280594,0.604234,0.384497,0.422663,0.475209,0.525439,0.645183,0.817199,0.580056,0.268936,0.443034,0.315270,0.479091,0.606086,0.539429
2023-11-23,0.228531,0.399405,0.432976,0.533492,0.334041,0.522161,0.244901,0.280303,0.574949,0.576655,0.399939,0.487596,0.516486,0.223845,0.368833,0.384418,0.260842,0.617825,0.378419,0.683223,0.616874,0.482492,0.418216,0.799868,0.503514,0.469237,0.370406,0.162846,0.467677,0.686430,0.315554
2023-11-24,0.503727,0.543278,0.370137,0.318939,0.461652,0.677976,0.350247,0.647199,0.596592,0.412307,0.297263,0.598815,0.490605,0.323703,0.336537,0.306120,0.295343,0.647474,0.416070,0.433542,0.498007,0.510551,0.560047,0.685078,0.442764,0.593662,0.439246,0.295678,0.307647,0.568571,0.449085
2023-11-27,0.330953,0.274318,0.615078,0.562723,0.391046,0.717826,0.548834,0.336732,0.468527,0.546268,0.446094,0.534714,0.347489,0.299043,0.366512,0.354811,0.151931,0.585111,0.414359,0.550812,0.469963,0.517295,0.725579,0.832086,0.262001,0.453955,0.319152,0.391125,0.211269,0.613537,0.264680
2023-11-28,0.461843,0.344518,0.489317,0.366887,0.535809,0.911765,0.372404,0.579032,0.580830,0.300616,0.466747,0.638518,0.289061,0.396111,0.368612,0.179878,0.402013,0.614467,0.524062,0.343634,0.609694,0.507371,0.547464,0.809367,0.358701,0.303038,0.471259,0.374660,0.488487,0.702719,0.355185
2023-11-29,0.459012,0.398453,0.390231,0.543263,0.338385,0.749178,0.611596,0.338784,0.553290,0.449166,0.287372,0.652085,0.474997,0.314022,0.278569,0.188279,0.336639,0.638943,0.291553,0.689509,0.662117,0.526580,0.529744,0.700790,0.551799,0.310744,0.315772,0.388930,0.310330,0.590859,0.389084
2023-11-30,0.382862,0.523358,0.216830,0.417021,0.490293,0.591504,0.559486,0.477837,0.326674,0.421099,0.351860,0.563682,0.263764,0.528401,0.192780,0.385319,0.364873,0.637064,0.552125,0.545614,0.532856,0.426838,0.578616,0.657520,0.437105,0.404740,0.450376,0.469344,0.302339,0.493737,0.247345
2023-12-01,0.650860,0.294706,0.375474,0.416104,0.512819,0.713773,0.562439,0.569865,0.515875,0.610453,0.405416,0.828377,0.300241,0.267274,0.265773,0.487204,0.278908,0.596383,0.534995,0.482189,0.541757,0.464002,0.440255,0.631915,0.622109,0.324671,0.386665,0.407112,0.236039,0.733437,0.196741
2023-12-04,0.619283,0.367773,0.370282,0.567060,0.356278,0.538453,0.756683,0.469943,0.480722,0.306876,0.279536,0.523711,0.554787,0.452424,0.203186,0.467604,0.438475,0.376381,0.596389,0.511068,0.463931,0.479404,0.476443,0.438735,0.877165,0.398198,0.316484,0.439411,0.260490,0.349750,0.457255
2023-12-05,0.512792,0.507354,0.514830,0.530385,0.593999,0.586208,0.763158,0.578356,0.413745,0.372365,0.369718,0.354433,0.664309,0.128725,0.207952,0.554073,0.494196,0.268355,0.765360,0.490644,0.420762,0.598825,0.614150,0.442641,0.763847,0.449300,0.406401,0.208914,0.274147,0.412097,0.707853
2023-12-06,0.737960,0.462169,0.501821,0.467949,0.670170,0.664706,0.767515,0.323548,0.502143,0.353718,0.143649,0.481257,0.723863,0.352525,0.537187,0.335518,0.431999,0.431078,0.724948,0.574049,0.521336,0.585329,0.364737,0.507882,0.636267,0.425129,0.406447,0.426614,0.336517,0.350820,0.678874
2023-12-07,0.854470,0.470798,0.515778,0.578639,0.483229,0.505248,0.757926,0.306718,0.441725,0.448406,0.313039,0.350473,0.665739,0.373260,0.322693,0.321893,0.319740,0.281254,0.621221,0.412544,0.666799,0.579130,0.564481,0.584068,0.654057,0.297075,0.330385,0.242205,0.254267,0.411063,0.558201
2023-12-08,0.640813,0.407583,0.670064,0.546872,0.492353,0.420324,0.619964,0.372978,0.105227,0.446847,0.403535,0.419857,0.634594,0.197721,0.412666,0.243683,0.252527,0.383038,0.693140,0.660298,0.666520,0.555202,0.425866,0.457060,0.754713,0.207995,0.343771,0.321627,0.435260,0.196588,0.631736
2023-12-11,0.543197,0.398485,0.389769,0.443157,0.519837,0.614261,0.718254,0.426347,0.457750,0.437252,0.477286,0.452369,0.468607,0.330946,0.445929,0.611777,0.327235,0.347633,0.903518,0.603290,0.510860,0.358747,0.642396,0.385520,0.661437,0.335212,0.145023,0.303199,0.130807,0.255077,0.694434
2023-12-12,0.819895,0.439133,0.605346,0.411563,0.500392,0.645467,0.762987,0.476122,0.355148,0.520081,0.256094,0.322355,0.730549,0.278083,0.463930,0.504037,0.457144,0.431705,0.726293,0.508796,0.597931,0.524837,0.603517,0.435418,0.643275,0.347364,0.200447,0.346269,0.429574,0.223360,0.573789
2023-12-13,0.723192,0.478209,0.536337,0.635176,0.483567,0.475536,0.641898,0.319867,0.524674,0.429495,0.462267,0.366797,0.462462,0.316425,0.401012,0.275405,0.416776,0.335000,0.729195,0.485502,0.577028,0.376632,0.509804,0.318329,0.732709,0.423085,0.554354,0.299614,0.483451,0.316528,0.563416
2023-12-14,0.681111,0.523677,0.475525,0.726196,0.524183,0.364824,0.675851,0.356524,0.434840,0.317244,0.390740,0.423130,0.762065,0.602903,0.472205,0.389246,0.506290,0.392122,0.950000,0.447039,0.394432,0.464567,0.391866,0.408422,0.615772,0.426181,0.302203,0.301592,0.287393,0.410671,0.732239
2023-12-15,0.785600,0.231201,0.678439,0.548239,0.537281,0.353799,0.805382,0.445455,0.413277,0.385055,0.514833,0.284580,0.592447,0.230020,0.386834,0.511057,0.487890,0.465231,0.532762,0.574021,0.533760,0.466083,0.583386,0.409014,0.642287,0.413217,0.364481,0.412428,0.192093,0.532688,0.609319
2023-12-18,0.633767,0.578350,0.503707,0.438499,0.410902,0.430704,0.769500,0.363737,0.471683,0.367571,0.395649,0.425814,0.680032,0.507105,0.485197,0.337025,0.541325,0.516186,0.760964,0.607995,0.475423,0.477527,0.578360,0.230164,0.832233,0.433407,0.328956,0.456257,0.276334,0.380600,0.630935
2023-12-19,0.762338,0.557613,0.628484,0.370483,0.662653,0.557767,0.666441,0.397437,0.301849,0.409558,0.427895,0.353426,0.621285,0.459115,0.463594,0.609206,0.617166,0.459581,0.716393,0.460606,0.553190,0.469034,0.377287,0.433634,0.735097,0.462166,0.264392,0.451157,0.287273,0.490195,0.641318
2023-12-20,0.831281,0.400788,0.660255,0.308688,0.394871,0.635366,0.739536,0.554685,0.255774,0.316722,0.476099,0.486907,0.810927,0.451373,0.469356,0.536346,0.447311,0.565314,0.742713,0.538951,0.442398,0.440115,0.432594,0.273053,0.593187,0.371567,0.341419,0.350064,0.268241,0.368197,0.725335
2023-12-21,0.767259,0.456357,0.490059,0.453801,0.330506,0.402660,0.524730,0.529260,0.349755,0.297792,0.395945,0.528195,0.589729,0.166329,0.459074,0.572427,0.445473,0.433112,0.825283,0.578755,0.402043,0.695725,0.487251,0.208394,0.695597,0.385107,0.231337,0.385713,0.314610,0.467469,0.769135
2023-12-22,0.783864,0.380680,0.546468,0.386782,0.550370,0.496666,0.678691,0.504355,0.636016,0.527183,0.280666,0.325107,0.622300,0.607879,0.386688,0.302501,0.491075,0.546844,0.893441,0.545661,0.486766,0.563434,0.371494,0.352750,0.627182,0.491382,0.357517,0.369062,0.413292,0.297344,0.716001
2023-12-25,0.621665,0.648936,0.692196,0.419625,0.448820,0.300833,0.652810,0.298128,0.396615,0.261985,0.397549,0.335809,0.779887,0.448183,0.444295,0.416534,0.327797,0.580250,0.521496,0.456651,0.534391,0.493722,0.521007,0.345947,0.675208,0.458687,0.336906,0.061900,0.459094,0.461846,0.626632
2023-12-26,0.710579,0.399712,0.477900,0.456832,0.376660,0.318468,0.829093,0.311498,0.447007,0.394225,0.278955,0.339916,0.570270,0.310724,0.432268,0.481288,0.603287,0.534937,0.602653,0.526634,0.456639,0.452077,0.364807,0.408448,0.565316,0.484540,0.433684,0.321071,0.350979,0.489057,0.684772
2023-12-27,0.834563,0.614486,0.388779,0.547979,0.438681,0.534253,0.744092,0.535004,0.346508,0.411835,0.544095,0.245157,0.641649,0.420178,0.489373,0.394205,0.451636,0.381273,0.769028,0.301942,0.349245,0.465833,0.355641,0.360890,0.553770,0.394793,0.151350,0.382740,0.396526,0.395572,0.781411
2023-12-28,0.763699,0.408149,0.326372,0.474926,0.617210,0.382315,0.787089,0.365324,0.164653,0.303833,0.355383,0.330357,0.665904,0.484740,0.344415,0.287118,0.507210,0.509683,0.746126,0.394690,0.400643,0.263906,0.397263,0.462479,0.740295,0.511824,0.416340,0.254844,0.386277,0.363567,0.805659
2023-12-29,0.808513,0.587631,0.456627,0.549058,0.527669,0.600769,0.939612,0.286099,0.446643,0.369560,0.341427,0.358728,0.795312,0.398748,0.578038,0.535889,0.414032,0.460050,0.805710,0.516771,0.333051,0.452469,0.241154,0.424529,0.756391,0.473459,0.267259,0.300721,0.347980,0.423996,0.535609
2024-01-01,0.926770,0.506744,0.311505,0.343781,0.416345,0.325040,0.888371,0.322324,0.230936,0.474226,0.446455,0.359691,0.710975,0.280610,0.516577,0.417047,0.501076,0.455952,0.943027,0.390112,0.501755,0.541413,0.389459,0.184136,0.712522,0.280661,0.421757,0.410990,0.448112,0.393992,0.585247
2024-01-02,0.764073,0.490327,0.312166,0.465780,0.421494,0.450910,0.738293,0.461080,0.233999,0.272084,0.454170,0.347821,0.880421,0.425675,0.479976,0.525935,0.509363,0.514109,0.715553,0.568489,0.409735,0.448192,0.304136,0.300404,0.707829,0.399659,0.335790,0.471902,0.408575,0.698807,0.942093
2024-01-03,0.934782,0.474950,0.598118,0.416860,0.587071,0.283459,0.630671,0.312215,0.253642,0.465999,0.434455,0.348043,0.691445,0.391121,0.451581,0.523450,0.495449,0.513848,0.712638,0.594857,0.412130,0.459105,0.266378,0.218852,0.656462,0.242091,0.384093,0.334808,0.310165,0.522563,0.517145
2024-01-04,0.742886,0.528764,0.475783,0.487384,0.400557,0.502655,0.806141,0.365166,0.388968,0.137506,0.399356,0.427453,0.846459,0.415789,0.556434,0.596446,0.648367,0.609378,0.683308,0.459961,0.419751,0.319441,0.677200,0.302183,0.457125,0.451182,0.351541,0.364802,0.448762,0.461864,0.663073
2024-01-05,0.760013,0.530120,0.418144,0.469548,0.370562,0.600785,0.679962,0.454567,0.452378,0.223230,0.314036,0.271607,0.598984,0.572780,0.434113,0.436382,0.516930,0.506942,0.828338,0.465139,0.296339,0.428512,0.369457,0.313914,0.733691,0.293247,0.317749,0.607419,0.154098,0.360080,0.807774
2024-01-08,0.814170,0.405734,0.597627,0.522646,0.597456,0.432815,0.602117,0.377480,0.207761,0.364684,0.625167,0.523569,0.811844,0.282780,0.471483,0.504937,0.458752,0.549330,0.593069,0.516212,0.380405,0.460381,0.435059,0.381209,0.658000,0.389587,0.428706,0.340702,0.556184,0.576592,0.691306
2024-01-09,0.648977,0.385549,0.444324,0.384605,0.349027,0.420116,0.645726,0.534924,0.365462,0.374140,0.310923,0.315520,0.765788,0.486097,0.201048,0.608826,0.439777,0.637143,0.699197,0.363188,0.431336,0.388879,0.326954,0.455826,0.544934,0.189525,0.338728,0.411584,0.537633,0.575819,0.802978
2024-01-10,0.950000,0.425052,0.468227,0.562147,0.503587,0.346100,0.655348,0.143577,0.295672,0.382137,0.370776,0.495136,0.607311,0.499863,0.504658,0.546656,0.500644,0.355362,0.778419,0.480336,0.477983,0.519514,0.449621,0.337930,0.598180,0.282451,0.439524,0.303856,0.650337,0.491749,0.640354
2024-01-11,0.775195,0.342018,0.439723,0.294311,0.541144,0.436486,0.644438,0.293857,0.355304,0.358898,0.310487,0.454114,0.672812,0.458034,0.482057,0.462559,0.559914,0.415601,0.720203,0.452158,0.345013,0.263432,0.401457,0.159206,0.589881,0.396956,0.406630,0.514056,0.627194,0.430751,0.818660
2024-01-12,0.927738,0.474988,0.570865,0.372941,0.311885,0.369029,0.562953,0.223209,0.256238,0.371464,0.400627,0.253361,0.606162,0.264512,0.707557,0.638080,0.405838,0.646219,0.732675,0.553182,0.449764,0.499857,0.387644,0.370905,0.600162,0.301708,0.530230,0.243693,0.510330,0.442961,0.796248
2024-01-15,0.640099,0.516976,0.519425,0.330354,0.341881,0.539750,0.638418,0.228569,0.224782,0.357934,0.454600,0.503504,0.678289,0.451167,0.479277,0.488337,0.453545,0.452952,0.682640,0.471065,0.380163,0.270566,0.407464,0.326027,0.684282,0.477191,0.499695,0.557584,0.565828,0.558073,0.747709
2024-01-16,0.725061,0.296436,0.314202,0.518013,0.394657,0.285828,0.544753,0.521218,0.512319,0.403909,0.319626,0.375398,0.611688,0.493724,0.530496,0.580748,0.501721,0.576972,0.593827,0.352947,0.427626,0.222576,0.458778,0.447141,0.662755,0.369280,0.185604,0.307282,0.272677,0.389468,0.773177
2024-01-17,0.874721,0.467169,0.410993,0.396282,0.348610,0.394907,0.603778,0.430553,0.220248,0.321690,0.251734,0.318916,0.701431,0.476897,0.449394,0.671182,0.532992,0.402585,0.812901,0.618849,0.343086,0.385548,0.258646,0.275599,0.769210,0.306385,0.432438,0.580403,0.555100,0.494632,0.861391
2024-01-18,0.818751,0.592445,0.321588,0.477427,0.130841,0.400073,0.546934,0.342113,0.383980,0.330531,0.335885,0.487590,0.707566,0.581844,0.431023,0.555394,0.484967,0.460802,0.626689,0.199036,0.337832,0.387143,0.303454,0.399112,0.645154,0.386470,0.526567,0.444553,0.348423,0.560308,0.727835
2024-01-19,0.822229,0.512347,0.488801,0.124913,0.171928,0.363429,0.753385,0.516383,0.391409,0.429987,0.339148,0.453145,0.602803,0.531406,0.579867,0.325124,0.600390,0.445918,0.637107,0.297986,0.375355,0.283300,0.457218,0.366276,0.677700,0.373604,0.319999,0.532003,0.455129,0.407707,0.691072
2024-01-22,0.714205,0.434926,0.465437,0.396091,0.437332,0.406543,0.650931,0.428666,0.289930,0.435410,0.398693,0.489595,0.840937,0.440455,0.649848,0.554126,0.550802,0.549214,0.679150,0.567299,0.345058,0.278733,0.255410,0.262994,0.591995,0.155685,0.421025,0.401792,0.492130,0.459194,0.760824
2024-01-23,0.950000,0.300974,0.533004,0.309702,0.224883,0.489162,0.752383,0.207120,0.348986,0.464494,0.418188,0.333651,0.745214,0.426937,0.423107,0.442696,0.539566,0.372478,0.712812,0.342544,0.446560,0.429744,0.337663,0.123914,0.781224,0.387912,0.397852,0.411772,0.503900,0.387965,0.744820
2024-01-24,0.501031,0.413828,0.328812,0.410026,0.147747,0.332233,0.420698,0.424643,0.238157,0.346190,0.354603,0.434456,0.606273,0.403528,0.495402,0.521747,0.404018,0.429552,0.386281,0.466989,0.306447,0.225720,0.365062,0.322635,0.778348,0.298293,0.380274,0.480469,0.576371,0.584625,0.743980
2024-01-25,0.709728,0.529851,0.442384,0.334942,0.392638,0.366075,0.553567,0.328961,0.382880,0.551570,0.411448,0.501083,0.840890,0.468608,0.442500,0.517909,0.624795,0.517365,0.873218,0.553720,0.502140,0.461159,0.307694,0.399189,0.537380,0.476403,0.383418,0.416296,0.425564,0.380180,0.794055
2024-01-26,0.674560,0.532982,0.168050,0.237127,0.312355,0.343007,0.688148,0.262855,0.421199,0.350953,0.616978,0.668789,0.703215,0.439279,0.508799,0.581795,0.359772,0.436311,0.752792,0.491868,0.481974,0.242439,0.231879,0.289573,0.647185,0.425626,0.390581,0.568524,0.375728,0.474256,0.950000
2024-01-29,0.448469,0.733821,0.300869,0.257839,0.246750,0.280213,0.430440,0.617075,0.425508,0.347590,0.273102,0.629555,0.587446,0.788935,0.531089,0.381602,0.466412,0.544782,0.368641,0.910315,0.499265,0.289218,0.331537,0.432729,0.466312,0.768842,0.442113,0.363643,0.496764,0.499798,0.353160
2024-01-30,0.297603,0.760515,0.342404,0.386234,0.383798,0.331660,0.406579,0.570856,0.463783,0.580360,0.467626,0.432432,0.386801,0.699545,0.571753,0.435991,0.459122,0.355746,0.640165,0.592293,0.397432,0.256961,0.280158,0.494673,0.239117,0.631784,0.504099,0.447834,0.482113,0.482100,0.573609
2024-01-31,0.454342,0.663077,0.459922,0.330787,0.271511,0.353745,0.420031,0.544406,0.447843,0.449169,0.620235,0.722359,0.523154,0.820523,0.557294,0.380790,0.472594,0.378389,0.246245,0.691619,0.405595,0.233993,0.211494,0.335501,0.237649,0.642081,0.465128,0.419827,0.456833,0.363933,0.422386
2024-02-01,0.375378,0.569225,0.419757,0.399000,0.398370,0.395382,0.224026,0.699424,0.352474,0.360286,0.315506,0.361195,0.614327,0.775265,0.508819,0.443795,0.322788,0.371250,0.358390,0.632198,0.225618,0.311308,0.306837,0.344688,0.424630,0.758573,0.590692,0.563803,0.546114,0.668354,0.374496
2024-02-02,0.442570,0.533542,0.407617,0.321331,0.322303,0.348434,0.157502,0.787456,0.380701,0.445215,0.479749,0.384128,0.374654,0.650908,0.307787,0.376083,0.266422,0.235302,0.281821,0.584274,0.216945,0.162383,0.312202,0.213534,0.449402,0.656618,0.504176,0.420010,0.545767,0.411635,0.242350
2024-02-05,0.339752,0.673555,0.292305,0.288416,0.378099,0.313088,0.216326,0.652953,0.362210,0.630230,0.467385,0.639015,0.444064,0.718715,0.437378,0.555608,0.396394,0.335878,0.385195,0.548188,0.361776,0.327278,0.304687,0.402571,0.362554,0.730475,0.362418,0.389852,0.578365,0.396042,0.301205
2024-02-06,0.284474,0.631133,0.270106,0.277040,0.516197,0.445107,0.330433,0.678394,0.459233,0.468920,0.516642,0.660890,0.456280,0.782131,0.611271,0.485772,0.360505,0.424546,0.469930,0.512789,0.340888,0.466009,0.270725,0.572530,0.468007,0.799917,0.540550,0.436732,0.457983,0.496872,0.243173
2024-02-07,0.261018,0.670560,0.409026,0.206215,0.373115,0.367538,0.499032,0.867441,0.470418,0.524837,0.492901,0.545346,0.502095,0.844735,0.618403,0.560965,0.334313,0.368559,0.234630,0.631138,0.160987,0.379171,0.349855,0.338963,0.357840,0.571621,0.540781,0.443449,0.556740,0.429452,0.588912
2024-02-08,0.347428,0.631046,0.232940,0.454458,0.524133,0.316854,0.301762,0.815119,0.450754,0.390134,0.374511,0.498567,0.468962,0.734630,0.350368,0.463468,0.502346,0.386949,0.317267,0.589195,0.429146,0.367118,0.272096,0.332407,0.518921,0.681651,0.518917,0.451822,0.416339,0.667106,0.497320
2024-02-09,0.394027,0.767218,0.149643,0.418750,0.242617,0.424865,0.489676,0.746595,0.347824,0.619553,0.545249,0.503933,0.449843,0.702495,0.405884,0.285703,0.352436,0.501948,0.304651,0.581039,0.478202,0.396938,0.306343,0.565887,0.467986,0.652769,0.409040,0.564101,0.763718,0.444896,0.596800
2024-02-12,0.310878,0.700627,0.280610,0.302447,0.220112,0.462714,0.391698,0.694138,0.510865,0.441068,0.309322,0.555658,0.540605,0.568454,0.291417,0.550466,0.411831,0.295623,0.517568,0.605170,0.396449,0.424667,0.369369,0.441173,0.434934,0.848156,0.639197,0.762855,0.596942,0.580128,0.346000
2024-02-13,0.310226,0.623372,0.407586,0.209914,0.253906,0.486160,0.388238,0.616749,0.471507,0.587320,0.566159,0.604087,0.556959,0.950000,0.548286,0.193833,0.358144,0.384284,0.368161,0.565918,0.423625,0.339082,0.374569,0.430192,0.457018,0.533894,0.617896,0.566927,0.457511,0.366440,0.350230
2024-02-14,0.327049,0.634356,0.430852,0.478624,0.140770,0.234600,0.615029,0.659960,0.530489,0.439647,0.533509,0.363341,0.280210,0.602818,0.459309,0.395531,0.445819,0.146399,0.244996,0.745864,0.399314,0.410241,0.229742,0.539239,0.398526,0.693217,0.432489,0.449286,0.464027,0.293862,0.467719
2024-02-15,0.314129,0.658993,0.311015,0.335078,0.372830,0.412094,0.428369,0.643718,0.600683,0.458415,0.504018,0.361702,0.380094,0.688438,0.432374,0.301119,0.449805,0.274260,0.509080,0.650084,0.500046,0.371670,0.429555,0.515727,0.565019,0.712344,0.457427,0.620280,0.527594,0.512195,0.376499
2024-02-16,0.409598,0.609111,0.240080,0.251193,0.416454,0.610174,0.444328,0.643359,0.543590,0.511957,0.358081,0.303161,0.421032,0.756513,0.489458,0.347332,0.331923,0.472676,0.278908,0.770906,0.386363,0.414865,0.588303,0.451503,0.537687,0.859771,0.609264,0.408959,0.494591,0.401808,0.221478
2024-02-19,0.442740,0.520675,0.314429,0.428184,0.371553,0.326915,0.577216,0.921249,0.434996,0.480917,0.364353,0.575780,0.327009,0.933554,0.433685,0.527990,0.431002,0.388588,0.324965,0.757098,0.347562,0.320538,0.350354,0.417878,0.553781,0.705770,0.612135,0.528296,0.341051,0.490360,0.500121
2024-02-20,0.453114,0.561158,0.272228,0.376295,0.405333,0.439008,0.406031,0.860827,0.498058,0.468520,0.431503,0.754587,0.463967,0.804951,0.254109,0.420722,0.495658,0.436457,0.525319,0.596269,0.406283,0.346269,0.533116,0.477466,0.414939,0.815492,0.633933,0.495105,0.534053,0.489698,0.441045
2024-02-21,0.257376,0.846606,0.199253,0.285810,0.400336,0.388452,0.519596,0.839241,0.406748,0.548914,0.748471,0.507617,0.365937,0.758300,0.500544,0.673920,0.345007,0.314635,0.336174,0.581466,0.388587,0.632359,0.337193,0.390513,0.320665,0.654584,0.632353,0.370939,0.466690,0.470099,0.063799
2024-02-22,0.231983,0.502595,0.151405,0.416995,0.435604,0.398048,0.358213,0.829859,0.524631,0.457414,0.522887,0.513112,0.371386,0.575749,0.494227,0.358198,0.354231,0.216672,0.411330,0.537073,0.396660,0.526238,0.257268,0.457759,0.556623,0.767736,0.448482,0.404679,0.495852,0.281576,0.262242
2024-02-23,0.327217,0.570753,0.533691,0.271339,0.218180,0.394450,0.498705,0.807199,0.424016,0.234093,0.471193,0.416005,0.534573,0.812687,0.580257,0.406655,0.637716,0.300009,0.490792,0.898673,0.381199,0.455720,0.404466,0.441037,0.361489,0.776491,0.484459,0.381932,0.487309,0.407682,0.407035
2024-02-26,0.276796,0.577724,0.325867,0.319831,0.322193,0.331814,0.393029,0.824902,0.461416,0.481823,0.363396,0.534934,0.455762,0.641475,0.391514,0.139405,0.328340,0.536018,0.488001,0.683478,0.416231,0.431720,0.544812,0.548878,0.440583,0.823131,0.432091,0.528900,0.418332,0.401491,0.328242
2024-02-27,0.361224,0.575384,0.201976,0.407443,0.376980,0.352392,0.472012,0.705755,0.476583,0.492084,0.596055,0.559129,0.440399,0.629310,0.351981,0.341067,0.280297,0.237277,0.342857,0.708814,0.381886,0.296497,0.239399,0.228753,0.518794,0.950000,0.381492,0.417006,0.418291,0.375984,0.435310
2024-02-28,0.222717,0.726656,0.266941,0.508699,0.351347,0.548613,0.446757,0.553504,0.446844,0.434549,0.629936,0.411438,0.474017,0.593746,0.197296,0.492566,0.280835,0.312895,0.486072,0.693665,0.420774,0.538760,0.450811,0.539112,0.480268,0.797414,0.427783,0.604320,0.457190,0.623458,0.309125
2024-02-29,0.272054,0.681695,0.221673,0.359834,0.544910,0.556980,0.318710,0.589130,0.725992,0.579025,0.458698,0.497306,0.207333,0.590992,0.388983,0.268659,0.292367,0.424177,0.223621,0.724840,0.372677,0.553833,0.608033,0.426560,0.350818,0.776285,0.526758,0.216736,0.404247,0.459495,0.368955
2024-03-01,0.540613,0.697815,0.422548,0.259152,0.426595,0.510483,0.423539,0.811474,0.621887,0.578596,0.331859,0.545128,0.409723,0.631014,0.416638,0.409746,0.446609,0.331047,0.252281,0.750701,0.317219,0.335443,0.410781,0.567029,0.568078,0.844667,0.464897,0.331722,0.305097,0.291855,0.495607
2024-03-04,0.175662,0.493380,0.352231,0.621246,0.409140,0.447437,0.653674,0.661553,0.415794,0.630209,0.575491,0.370119,0.470069,0.546355,0.604353,0.243045,0.355110,0.567793,0.242994,0.541857,0.451920,0.420498,0.546276,0.509572,0.221158,0.669430,0.463061,0.447071,0.328705,0.547860,0.210906
2024-03-05,0.343353,0.599657,0.395546,0.354722,0.426147,0.445466,0.593142,0.726767,0.387105,0.527132,0.465045,0.483231,0.508124,0.513948,0.459571,0.299166,0.315950,0.304105,0.426003,0.791924,0.518070,0.489814,0.480270,0.593815,0.488539,0.707517,0.508807,0.270066,0.447421,0.287167,0.342009
2024-03-06,0.277567,0.624316,0.348007,0.392591,0.471359,0.375389,0.447740,0.948514,0.474816,0.517944,0.579965,0.430783,0.401246,0.493026,0.526286,0.239272,0.242878,0.262002,0.126793,0.739761,0.370655,0.398221,0.564024,0.350480,0.517078,0.666371,0.508990,0.131566,0.596832,0.312865,0.331893
2024-03-07,0.480371,0.610215,0.304757,0.320477,0.357867,0.328078,0.561644,0.950000,0.576537,0.451478,0.503281,0.250221,0.307298,0.475517,0.345984,0.269833,0.369395,0.432522,0.273354,0.808833,0.469718,0.560685,0.452486,0.314083,0.425630,0.689860,0.264862,0.365408,0.435421,0.363869,0.331271
2024-03-08,0.285118,0.650948,0.356179,0.449803,0.693989,0.452398,0.475430,0.748955,0.575598,0.496025,0.682940,0.414120,0.390238,0.570661,0.307628,0.255866,0.407120,0.542477,0.455893,0.710721,0.502100,0.439882,0.828612,0.352981,0.580607,0.814516,0.411430,0.286001,0.385210,0.453090,0.521750
2024-03-11,0.306923,0.580680,0.299036,0.382601,0.361010,0.557041,0.560011,0.892692,0.502607,0.619404,0.498277,0.505376,0.390080,0.547800,0.310038,0.377382,0.419536,0.266586,0.496941,0.775907,0.504714,0.492697,0.533264,0.476988,0.280838,0.768503,0.431440,0.526797,0.212714,0.577491,0.220385
2024-03-12,0.409597,0.643438,0.339391,0.470476,0.286393,0.489864,0.472695,0.896678,0.432714,0.443765,0.398330,0.473218,0.345661,0.824066,0.417131,0.479014,0.363945,0.430905,0.534633,0.799780,0.523035,0.600760,0.375210,0.471762,0.436180,0.679450,0.492939,0.418644,0.533202,0.234904,0.332070
2024-03-13,0.381324,0.787007,0.395839,0.361623,0.502101,0.567907,0.504921,0.692637,0.499115,0.474693,0.486515,0.345267,0.244042,0.582687,0.277274,0.451248,0.401971,0.537343,0.324698,0.714141,0.591104,0.601449,0.562604,0.471711,0.311522,0.832115,0.338027,0.515455,0.546065,0.392573,0.471101
2024-03-14,0.346511,0.660427,0.347929,0.350282,0.539867,0.438108,0.532516,0.769263,0.379693,0.537620,0.484126,0.351730,0.419216,0.548361,0.333467,0.312571,0.245764,0.384054,0.432427,0.806913,0.463756,0.450844,0.384222,0.440581,0.400291,0.818255,0.535438,0.436178,0.361149,0.329295,0.440406
2024-03-15,0.512193,0.676700,0.503251,0.505167,0.516768,0.499089,0.508403,0.758877,0.439325,0.395965,0.389380,0.443569,0.255357,0.614354,0.471551,0.293332,0.287402,0.374315,0.610370,0.886097,0.462010,0.367299,0.576787,0.445538,0.471056,0.730160,0.536433,0.416010,0.496283,0.425576,0.176658
2024-03-18,0.535721,0.623556,0.473527,0.366149,0.420018,0.430755,0.554383,0.734550,0.630225,0.472549,0.445721,0.400763,0.363843,0.670207,0.467087,0.373169,0.501872,0.462550,0.452302,0.830996,0.469171,0.311995,0.674817,0.599456,0.585317,0.561534,0.357455,0.217054,0.273673,0.416678,0.450401
2024-03-19,0.462338,0.572175,0.274782,0.526850,0.519094,0.654528,0.493631,0.656611,0.334802,0.298185,0.455016,0.366172,0.451760,0.614796,0.360456,0.416291,0.408182,0.376542,0.518753,0.652048,0.446740,0.586271,0.621560,0.436099,0.234222,0.587561,0.616654,0.372325,0.415789,0.545967,0.322430
2024-03-20,0.411118,0.535263,0.462927,0.490526,0.514502,0.534847,0.501368,0.856233,0.530119,0.427151,0.453161,0.442297,0.514775,0.764061,0.406038,0.148258,0.437080,0.312898,0.424654,0.734739,0.513130,0.326126,0.445905,0.506741,0.396282,0.858573,0.507200,0.348513,0.509149,0.245809,0.321100
2024-03-21,0.291393,0.808345,0.444214,0.499457,0.534547,0.393578,0.339282,0.863457,0.571302,0.496486,0.445988,0.353319,0.422577,0.717495,0.327802,0.608890,0.395486,0.407321,0.532803,0.772703,0.502276,0.406594,0.479282,0.476273,0.459785,0.708825,0.555802,0.325171,0.304491,0.382012,0.407987
2024-03-22,0.188362,0.623885,0.520215,0.436375,0.455148,0.374451,0.534008,0.746460,0.568676,0.279900,0.476489,0.257388,0.372439,0.757140,0.207410,0.394388,0.287316,0.439975,0.507737,0.717645,0.366209,0.329285,0.462209,0.387104,0.458646,0.842432,0.385857,0.329186,0.258831,0.359075,0.259594
2024-03-25,0.529832,0.633380,0.676889,0.599817,0.552697,0.458416,0.500724,0.495577,0.757184,0.271402,0.415474,0.409101,0.315081,0.246850,0.739665,0.388485,0.211569,0.555725,0.397707,0.507933,0.857154,0.542898,0.459567,0.457547,0.595178,0.338944,0.744106,0.544173,0.290564,0.509358,0.424981
2024-03-26,0.281322,0.385867,0.781671,0.504038,0.618815,0.466207,0.655143,0.440291,0.554066,0.419162,0.340902,0.291359,0.478907,0.348058,0.651601,0.389222,0.376189,0.452597,0.347620,0.570335,0.950000,0.419009,0.405882,0.575695,0.384092,0.579758,0.803434,0.296203,0.559220,0.429105,0.401027
2024-03-27,0.405973,0.430367,0.581415,0.455855,0.647276,0.760581,0.672251,0.516097,0.844057,0.417725,0.425954,0.336125,0.390787,0.334858,0.600666,0.352496,0.386675,0.598970,0.419404,0.426519,0.814519,0.314851,0.394960,0.510203,0.286438,0.355420,0.721121,0.374254,0.423601,0.427061,0.351766
2024-03-28,0.387747,0.344813,0.598427,0.462546,0.560912,0.581930,0.446881,0.500164,0.701099,0.381774,0.357664,0.324449,0.461415,0.395363,0.581487,0.461119,0.526184,0.614347,0.213064,0.499112,0.950000,0.505808,0.339626,0.629494,0.137603,0.315400,0.489793,0.252649,0.186041,0.320579,0.367920
2024-03-29,0.295242,0.466552,0.826988,0.398680,0.264414,0.366044,0.307293,0.568839,0.629893,0.355340,0.336751,0.223020,0.330817,0.344319,0.540178,0.398973,0.455292,0.454170,0.521228,0.514550,0.794731,0.404584,0.606191,0.594022,0.437930,0.457874,0.685860,0.465513,0.167209,0.345894,0.467240
2024-04-01,0.381628,0.450964,0.736755,0.385887,0.524282,0.331219,0.393419,0.589077,0.588263,0.519291,0.426296,0.374444,0.443197,0.329544,0.587091,0.463791,0.342060,0.203476,0.521539,0.459594,0.819454,0.290699,0.542985,0.415817,0.322664,0.453346,0.676566,0.343254,0.457017,0.275226,0.412523
2024-04-02,0.426479,0.322830,0.576635,0.459142,0.576294,0.247379,0.512489,0.518469,0.757421,0.518297,0.290828,0.613833,0.461077,0.522544,0.582994,0.421585,0.307979,0.595781,0.600697,0.457494,0.830927,0.424716,0.562991,0.374029,0.440349,0.315107,0.613979,0.240627,0.287555,0.263113,0.473723
2024-04-03,0.374329,0.426458,0.842820,0.583450,0.486240,0.382657,0.559306,0.475925,0.846143,0.387567,0.552193,0.253593,0.269437,0.385514,0.521917,0.291612,0.422074,0.482483,0.615107,0.445423,0.660833,0.357659,0.545634,0.433539,0.441478,0.327198,0.517189,0.367199,0.260293,0.349871,0.365075
2024-04-04,0.452541,0.472679,0.698950,0.550944,0.659434,0.604623,0.382197,0.466414,0.861124,0.304426,0.359472,0.378994,0.328985,0.490351,0.581493,0.448190,0.307089,0.475084,0.655473,0.503124,0.814063,0.349233,0.652007,0.379893,0.425910,0.466447,0.676349,0.225273,0.412653,0.299100,0.282085
2024-04-05,0.443772,0.471082,0.646484,0.646386,0.578525,0.674492,0.581038,0.384833,0.926933,0.292317,0.324341,0.194101,0.340837,0.318423,0.639535,0.433478,0.519820,0.333626,0.382691,0.385151,0.779007,0.546795,0.490311,0.478076,0.318629,0.401843,0.639495,0.407316,0.405289,0.252565,0.259885
2024-04-08,0.437173,0.390475,0.915619,0.502905,0.499482,0.460803,0.589651,0.322491,0.670471,0.306048,0.424162,0.259562,0.276474,0.355243,0.625448,0.595319,0.418298,0.532387,0.391040,0.491408,0.587048,0.437817,0.443637,0.491602,0.315168,0.362536,0.583044,0.510531,0.314514,0.335885,0.460098
2024-04-09,0.475689,0.503940,0.759845,0.458918,0.536603,0.300664,0.527695,0.291936,0.774302,0.287075,0.308295,0.225307,0.392467,0.376786,0.732543,0.307480,0.335567,0.560599,0.660977,0.741547,0.606208,0.469080,0.434160,0.364465,0.442129,0.434402,0.582877,0.395355,0.433543,0.151154,0.369402
2024-04-10,0.493851,0.480006,0.868379,0.573895,0.471938,0.364174,0.280348,0.346611,0.638192,0.446523,0.345395,0.311248,0.213314,0.401803,0.759556,0.610542,0.304508,0.757193,0.388067,0.475768,0.762128,0.515560,0.419760,0.309160,0.448467,0.450176,0.482704,0.320505,0.366198,0.525942,0.537763
2024-04-11,0.416940,0.284315,0.570766,0.511627,0.496719,0.565832,0.480624,0.386315,0.452118,0.272627,0.372487,0.300238,0.305741,0.218757,0.738854,0.343210,0.440475,0.588767,0.504568,0.455127,0.788537,0.640751,0.394663,0.250983,0.340813,0.359860,0.599406,0.220537,0.236825,0.391700,0.592997
2024-04-12,0.383387,0.481991,0.825524,0.420218,0.578936,0.479473,0.555372,0.344573,0.531909,0.089131,0.349784,0.456666,0.534078,0.259570,0.835064,0.461167,0.628091,0.431564,0.577474,0.517204,0.903694,0.376981,0.369629,0.537101,0.521135,0.434652,0.651880,0.265189,0.351338,0.377794,0.392957
2024-04-15,0.593629,0.396897,0.731346,0.556940,0.492275,0.417714,0.315843,0.503415,0.753545,0.417935,0.425740,0.329320,0.394988,0.340473,0.763917,0.404532,0.457070,0.508870,0.468806,0.408339,0.677433,0.302278,0.339500,0.277932,0.436033,0.419894,0.629970,0.481172,0.346853,0.409832,0.428792
2024-04-16,0.513109,0.414991,0.792246,0.595356,0.447517,0.415586,0.346327,0.201769,0.637219,0.424762,0.257075,0.327280,0.395103,0.612301,0.720553,0.566502,0.545434,0.593760,0.232509,0.383237,0.682643,0.453483,0.513144,0.345123,0.221532,0.447509,0.728224,0.380348,0.426227,0.227467,0.365724
2024-04-17,0.518532,0.625589,0.852560,0.534854,0.388851,0.439151,0.350213,0.537489,0.593781,0.276929,0.282001,0.578248,0.270050,0.355800,0.707149,0.464182,0.448731,0.664329,0.561034,0.348481,0.754045,0.310561,0.304508,0.417763,0.270817,0.245195,0.784825,0.222899,0.228450,0.299457,0.485707
2024-04-18,0.441699,0.605622,0.664261,0.386566,0.403461,0.530928,0.557879,0.426902,0.639155,0.278298,0.437209,0.449993,0.418312,0.335098,0.783026,0.480487,0.574093,0.343801,0.681642,0.410025,0.696322,0.468604,0.416950,0.407345,0.238045,0.221957,0.760425,0.154642,0.509774,0.282191,0.475375
2024-04-19,0.703978,0.458135,0.766416,0.370099,0.303413,0.453743,0.446913,0.318213,0.688133,0.329755,0.323388,0.448248,0.303246,0.155469,0.650339,0.486073,0.627426,0.546721,0.421286,0.561178,0.845168,0.449093,0.431135,0.460078,0.310870,0.250117,0.642897,0.449299,0.435405,0.366966,0.574976
2024-04-22,0.664865,0.495213,0.689095,0.524965,0.487330,0.476614,0.421434,0.306048,0.601366,0.341723,0.223645,0.057916,0.358627,0.406367,0.694304,0.492123,0.503182,0.517800,0.615913,0.394584,0.793839,0.383198,0.315870,0.483529,0.364607,0.333301,0.644036,0.490839,0.285805,0.504773,0.515257
2024-04-23,0.429382,0.481216,0.792644,0.507425,0.457381,0.220075,0.518815,0.304328,0.523331,0.490583,0.427127,0.216758,0.467127,0.415121,0.950000,0.344558,0.436135,0.478207,0.378888,0.570925,0.678852,0.520114,0.400988,0.487386,0.363619,0.391030,0.613930,0.318563,0.441831,0.334639,0.331415
2024-04-24,0.604892,0.376684,0.876206,0.413514,0.477795,0.442875,0.448962,0.482773,0.649342,0.567019,0.447087,0.395447,0.432012,0.477844,0.765112,0.523316,0.664793,0.459573,0.621879,0.600317,0.623364,0.439259,0.548867,0.391902,0.398018,0.246609,0.455860,0.281910,0.458579,0.673705,0.535432
2024-04-25,0.409510,0.355736,0.882071,0.516264,0.421466,0.647900,0.213304,0.392697,0.647923,0.336887,0.248502,0.491396,0.449650,0.405909,0.564402,0.400182,0.596329,0.218227,0.422193,0.467517,0.588561,0.450084,0.379585,0.217932,0.366019,0.303788,0.658724,0.448748,0.276956,0.399041,0.449719
2024-04-26,0.532595,0.652381,0.874617,0.663323,0.374928,0.527692,0.412783,0.237137,0.617613,0.280311,0.389685,0.286432,0.283272,0.231019,0.673740,0.466902,0.814302,0.577713,0.514870,0.359532,0.559088,0.159171,0.327088,0.327472,0.217630,0.499521,0.950000,0.348950,0.380990,0.446128,0.376333
2024-04-29,0.542283,0.655352,0.718628,0.439775,0.671457,0.344360,0.346909,0.201327,0.653093,0.260045,0.372800,0.420547,0.404194,0.379373,0.641957,0.477470,0.595956,0.498979,0.343481,0.404040,0.639024,0.418532,0.408455,0.532403,0.410814,0.354657,0.561433,0.547268,0.345146,0.624290,0.364482
2024-04-30,0.334587,0.402756,0.861386,0.256258,0.370093,0.381456,0.296344,0.423421,0.518063,0.424159,0.453476,0.506999,0.406738,0.566423,0.603302,0.514430,0.452553,0.477940,0.571524,0.293298,0.610568,0.274185,0.533166,0.425722,0.311641,0.262395,0.517409,0.450137,0.584113,0.397518,0.318977
2024-05-01,0.512154,0.555259,0.786729,0.514053,0.401702,0.454792,0.412884,0.264703,0.617783,0.316960,0.538796,0.424233,0.276160,0.428427,0.831309,0.554445,0.693644,0.643265,0.359934,0.336564,0.648556,0.424910,0.293417,0.409722,0.435803,0.319374,0.592214,0.504021,0.342807,0.651232,0.610041
2024-05-02,0.684147,0.578848,0.827677,0.512791,0.511279,0.414152,0.258933,0.392035,0.480725,0.221586,0.423617,0.445943,0.554598,0.476807,0.767789,0.495103,0.493948,0.512926,0.481154,0.439430,0.746771,0.329430,0.225982,0.295158,0.506539,0.443096,0.670323,0.490658,0.487904,0.404877,0.508699
2024-05-03,0.398854,0.510967,0.593854,0.366367,0.533682,0.417190,0.464551,0.208104,0.575024,0.259450,0.369034,0.384855,0.385181,0.489295,0.802241,0.651063,0.432555,0.548967,0.523813,0.505768,0.720244,0.383144,0.225109,0.235733,0.340102,0.449226,0.690066,0.588452,0.415767,0.380164,0.444931
2024-05-06,0.574952,0.590458,0.575001,0.534961,0.278415,0.364053,0.321923,0.175967,0.695175,0.191887,0.476292,0.440704,0.594626,0.476473,0.696526,0.430556,0.458755,0.657662,0.263821,0.296540,0.730293,0.285854,0.209715,0.411432,0.507059,0.321196,0.587172,0.340619,0.383675,0.424314,0.552501
2024-05-07,0.737833,0.572966,0.676436,0.358933,0.457617,0.318680,0.456835,0.222242,0.595789,0.396371,0.190844,0.344583,0.466772,0.351604,0.801794,0.471450,0.439764,0.520276,0.542981,0.417759,0.753539,0.413216,0.283768,0.348303,0.229659,0.333963,0.637781,0.382540,0.585204,0.518152,0.558526
2024-05-08,0.711891,0.432985,0.715741,0.430860,0.322988,0.336969,0.224745,0.235749,0.728208,0.407537,0.317689,0.531598,0.554806,0.342425,0.950000,0.535832,0.454788,0.402939,0.385889,0.376716,0.652735,0.435130,0.344842,0.265065,0.394638,0.467941,0.553506,0.427280,0.381442,0.342698,0.629131
2024-05-09,0.610634,0.389919,0.625037,0.277860,0.224741,0.402175,0.342239,0.351693,0.729770,0.250212,0.306944,0.536480,0.363509,0.433928,0.740130,0.323881,0.434185,0.324105,0.373224,0.419181,0.832212,0.421585,0.160786,0.326887,0.414214,0.459410,0.673946,0.291754,0.386022,0.532996,0.512265
2024-05-10,0.589974,0.545393,0.873521,0.468903,0.355867,0.491563,0.335411,0.361967,0.510774,0.449241,0.528625,0.404590,0.466881,0.476328,0.950000,0.479938,0.423881,0.406926,0.361232,0.385678,0.556429,0.353177,0.427341,0.221072,0.320391,0.482399,0.833937,0.669108,0.463513,0.505412,0.278790
2024-05-13,0.638485,0.383826,0.570034,0.502847,0.394265,0.500784,0.328031,0.245635,0.624413,0.388579,0.544524,0.433444,0.538174,0.600076,0.840155,0.353383,0.414830,0.594904,0.193164,0.364932,0.616064,0.428271,0.401300,0.450661,0.270169,0.513159,0.681440,0.575700,0.395777,0.436617,0.470240
2024-05-14,0.475449,0.485832,0.692470,0.516313,0.514928,0.418039,0.116162,0.237555,0.674452,0.287060,0.540673,0.513932,0.549680,0.496505,0.776155,0.730583,0.473268,0.455363,0.534537,0.477422,0.767237,0.256138,0.322373,0.345963,0.405756,0.515341,0.614544,0.435937,0.494668,0.555016,0.527642
2024-05-15,0.518345,0.422374,0.736723,0.617000,0.420818,0.239965,0.364782,0.400116,0.674536,0.343538,0.378937,0.353463,0.480231,0.559657,0.934353,0.346318,0.361389,0.473898,0.514082,0.325713,0.637615,0.592689,0.388648,0.284247,0.307741,0.420388,0.815067,0.528817,0.485191,0.449571,0.470871
2024-05-16,0.563370,0.408497,0.752011,0.363820,0.316855,0.389905,0.221453,0.287232,0.674878,0.472608,0.532356,0.547934,0.568206,0.538165,0.696564,0.525814,0.683356,0.551874,0.269477,0.392352,0.649878,0.448802,0.358568,0.345318,0.345636,0.423053,0.625873,0.429799,0.494032,0.449280,0.487718
2024-05-17,0.521758,0.422567,0.779647,0.339316,0.255456,0.355840,0.126349,0.292315,0.486131,0.308187,0.419872,0.491646,0.381370,0.473975,0.950000,0.525729,0.463147,0.461531,0.293568,0.407704,0.598608,0.255522,0.405776,0.515906,0.399617,0.293654,0.799528,0.477691,0.722095,0.502799,0.275832
2024-05-20,0.323019,0.330677,0.326057,0.710231,0.342342,0.455855,0.429574,0.218018,0.217379,0.810846,0.444815,0.443836,0.647212,0.543015,0.511224,0.743367,0.488260,0.415470,0.457334,0.279728,0.297703,0.575122,0.466964,0.459872,0.440038,0.306471,0.412371,0.786669,0.378184,0.456848,0.647201
2024-05-21,0.569658,0.393802,0.390832,0.708761,0.428323,0.293358,0.191750,0.367492,0.400632,0.564480,0.381673,0.541038,0.430530,0.467664,0.462203,0.950000,0.328393,0.468246,0.395114,0.260241,0.299524,0.609878,0.282843,0.443989,0.107512,0.441513,0.426325,0.897616,0.504600,0.368833,0.407488
2024-05-22,0.438694,0.294833,0.435515,0.678344,0.368664,0.485791,0.419801,0.377716,0.374081,0.709880,0.333058,0.554428,0.648077,0.646445,0.623887,0.682919,0.292220,0.312543,0.362040,0.308089,0.423095,0.743130,0.342291,0.290052,0.394452,0.236892,0.687874,0.720446,0.156197,0.418264,0.372417
2024-05-23,0.749301,0.397631,0.482389,0.782506,0.301114,0.515389,0.208961,0.392972,0.423699,0.667224,0.524922,0.542462,0.490609,0.616554,0.405367,0.732745,0.621910,0.497965,0.469221,0.588924,0.423807,0.447637,0.223203,0.333946,0.357004,0.466961,0.453214,0.794223,0.515073,0.510411,0.402214
2024-05-24,0.463922,0.393524,0.573722,0.879299,0.281483,0.268393,0.266533,0.464903,0.465530,0.710512,0.585710,0.598398,0.423088,0.655796,0.351988,0.806327,0.394122,0.370011,0.297797,0.476236,0.387040,0.639798,0.145262,0.307608,0.414597,0.504113,0.466373,0.807242,0.514047,0.404828,0.313853
2024-05-27,0.329006,0.417855,0.290280,0.649923,0.340569,0.430773,0.309902,0.370128,0.517342,0.746095,0.369465,0.298356,0.599078,0.477676,0.414915,0.751178,0.415762,0.406999,0.439367,0.299669,0.330352,0.537760,0.667278,0.349870,0.503877,0.512511,0.643250,0.799945,0.509397,0.401319,0.499551
2024-05-28,0.411042,0.372032,0.377258,0.568183,0.200136,0.294070,0.216277,0.350455,0.397065,0.799313,0.335542,0.397543,0.550718,0.401400,0.466097,0.672243,0.546930,0.455995,0.463016,0.257560,0.364937,0.698532,0.463796,0.390799,0.534556,0.335028,0.482067,0.707090,0.642176,0.710619,0.290121
2024-05-29,0.333760,0.223954,0.206259,0.652759,0.407079,0.308616,0.319907,0.394690,0.371920,0.692366,0.410906,0.382317,0.623360,0.534086,0.480167,0.728087,0.329118,0.298893,0.253547,0.636451,0.237106,0.827357,0.441287,0.503652,0.470202,0.455671,0.440237,0.717342,0.419636,0.633148,0.597435
2024-05-30,0.552346,0.411256,0.357844,0.548494,0.346722,0.385780,0.327901,0.310777,0.389378,0.752903,0.451849,0.406454,0.586478,0.485520,0.410296,0.686175,0.344338,0.122581,0.383718,0.323962,0.198498,0.743930,0.442913,0.428953,0.561763,0.569965,0.555263,0.697332,0.477630,0.427099,0.336444
2024-05-31,0.414472,0.353810,0.364571,0.611191,0.307363,0.375805,0.396377,0.345222,0.461584,0.678312,0.393278,0.736417,0.438816,0.586148,0.547549,0.631038,0.336771,0.326165,0.342632,0.394942,0.339193,0.543376,0.195214,0.362818,0.373877,0.422274,0.406798,0.714144,0.480502,0.603341,0.639828
2024-06-03,0.282642,0.270563,0.383910,0.568188,0.111827,0.248904,0.309338,0.322070,0.533600,0.818050,0.445741,0.475563,0.480122,0.522325,0.323399,0.770964,0.353489,0.301133,0.373425,0.262739,0.290165,0.612707,0.308052,0.484396,0.301803,0.292533,0.412079,0.929439,0.590152,0.409213,0.439975
2024-06-04,0.460278,0.393219,0.278610,0.675011,0.482872,0.397028,0.314213,0.442292,0.358903,0.732910,0.588328,0.441288,0.544314,0.472736,0.593324,0.569521,0.596843,0.548397,0.397266,0.326080,0.398976,0.683199,0.412547,0.431227,0.478725,0.545069,0.620036,0.694791,0.369531,0.484791,0.581804
2024-06-05,0.360285,0.201033,0.294080,0.501360,0.445445,0.196545,0.474442,0.536934,0.437221,0.748891,0.442271,0.540968,0.558450,0.408444,0.450028,0.820071,0.538911,0.486750,0.382315,0.426206,0.349723,0.604657,0.432934,0.479983,0.558224,0.460322,0.524960,0.733343,0.527805,0.256397,0.412100
2024-06-06,0.320437,0.528297,0.354727,0.533802,0.345265,0.346811,0.300169,0.443381,0.337461,0.813267,0.636160,0.529743,0.473032,0.462999,0.458933,0.867182,0.416583,0.405512,0.470899,0.316979,0.287637,0.738387,0.454641,0.377970,0.484388,0.485341,0.303224,0.778760,0.457010,0.552811,0.432613
2024-06-07,0.339511,0.428963,0.463992,0.723438,0.352418,0.382845,0.333525,0.420959,0.366471,0.731273,0.538849,0.421851,0.460624,0.413740,0.417641,0.715204,0.309210,0.222026,0.360623,0.428729,0.236338,0.686204,0.507897,0.552660,0.433720,0.386708,0.652302,0.767699,0.474994,0.342096,0.494992
2024-06-10,0.423736,0.506691,0.344227,0.663101,0.267802,0.402165,0.315252,0.594060,0.562659,0.765772,0.303650,0.508524,0.472249,0.468403,0.470182,0.840424,0.431759,0.438016,0.337892,0.444702,0.193841,0.645533,0.577885,0.441527,0.437170,0.365352,0.545165,0.950000,0.484027,0.388895,0.629818
2024-06-11,0.225169,0.439321,0.347984,0.655367,0.423966,0.339183,0.413272,0.576538,0.424022,0.902417,0.546969,0.540322,0.499743,0.564232,0.571801,0.791142,0.127717,0.328583,0.555366,0.396077,0.347589,0.519449,0.453437,0.519352,0.359580,0.423110,0.401399,0.696235,0.471825,0.371749,0.295245
2024-06-12,0.430048,0.420545,0.279394,0.571277,0.183595,0.380503,0.418799,0.490528,0.350154,0.717268,0.533352,0.535770,0.616584,0.510406,0.405835,0.627714,0.392266,0.504061,0.293670,0.247951,0.220149,0.652230,0.686750,0.485673,0.495116,0.321727,0.438693,0.762369,0.528668,0.335410,0.310286
2024-06-13,0.338769,0.414735,0.270555,0.548172,0.535769,0.470040,0.445526,0.393975,0.616841,0.677074,0.447074,0.521994,0.415648,0.407917,0.348644,0.710699,0.504528,0.388984,0.472036,0.512425,0.268291,0.657707,0.407951,0.333254,0.304587,0.451008,0.655224,0.672892,0.570139,0.440338,0.370823
2024-06-14,0.496007,0.462993,0.369797,0.470991,0.249354,0.401939,0.326897,0.365993,0.468756,0.908379,0.459571,0.434965,0.439670,0.472351,0.345785,0.649232,0.376350,0.399300,0.366724,0.231851,0.306405,0.668186,0.485571,0.444201,0.552662,0.451622,0.297460,0.838030,0.345340,0.503895,0.219161
2024-06-17,0.616435,0.435718,0.504346,0.623376,0.492963,0.241968,0.310308,0.275737,0.506981,0.724244,0.537206,0.383579,0.367410,0.455346,0.296000,0.655235,0.488813,0.237313,0.224962,0.396287,0.369804,0.710393,0.394256,0.578214,0.528036,0.477023,0.438758,0.779509,0.362747,0.289123,0.434540
2024-06-18,0.445124,0.368420,0.377949,0.660715,0.370768,0.236530,0.605062,0.539006,0.532875,0.680982,0.460297,0.619007,0.600511,0.389295,0.598699,0.418424,0.325798,0.233813,0.279075,0.574891,0.287061,0.685945,0.383053,0.569074,0.320036,0.373014,0.483762,0.828517,0.292495,0.466521,0.250642
2024-06-19,0.437574,0.275438,0.266373,0.728226,0.421726,0.477062,0.277625,0.422505,0.655806,0.950000,0.371432,0.509383,0.626188,0.383586,0.342788,0.588438,0.302547,0.431096,0.274249,0.439090,0.546038,0.565310,0.704064,0.438553,0.454470,0.589370,0.409577,0.765482,0.567546,0.275474,0.347683
2024-06-20,0.339280,0.387626,0.409616,0.503574,0.430794,0.393189,0.325698,0.275326,0.502270,0.874462,0.488809,0.478989,0.184585,0.571804,0.382807,0.530166,0.206103,0.203869,0.200116,0.389645,0.414550,0.710962,0.493833,0.654385,0.486954,0.456736,0.376633,0.775677,0.404454,0.321240,0.330172
2024-06-21,0.471221,0.546721,0.381708,0.630139,0.383917,0.398398,0.533771,0.440442,0.363398,0.950000,0.500619,0.546050,0.452801,0.479946,0.448027,0.665216,0.380476,0.188547,0.427014,0.494365,0.453870,0.844717,0.448297,0.650870,0.420183,0.503568,0.377060,0.630065,0.562955,0.383512,0.317493
2024-06-24,0.508187,0.379537,0.274103,0.735290,0.337633,0.374737,0.458202,0.426603,0.514934,0.821110,0.371765,0.584701,0.445481,0.221091,0.238270,0.571273,0.392770,0.392836,0.273495,0.314860,0.420045,0.616541,0.623504,0.487200,0.507772,0.369544,0.640615,0.684343,0.466675,0.369704,0.380386
2024-06-25,0.363907,0.381564,0.334828,0.790022,0.359288,0.446270,0.353658,0.455348,0.654467,0.708739,0.446399,0.566799,0.343985,0.407434,0.463542,0.658096,0.395636,0.292627,0.051401,0.424873,0.495876,0.893349,0.466437,0.389281,0.424550,0.261240,0.588342,0.556242,0.418599,0.332318,0.307232
2024-06-26,0.361655,0.321107,0.356661,0.619435,0.532940,0.496403,0.466261,0.627733,0.552898,0.857370,0.621270,0.537397,0.456319,0.514390,0.348332,0.722880,0.296036,0.360144,0.375201,0.414611,0.286078,0.735647,0.422468,0.602436,0.458427,0.636883,0.364793,0.706843,0.286931,0.522778,0.368901
2024-06-27,0.347448,0.280781,0.432765,0.578270,0.376480,0.498402,0.405497,0.554659,0.593401,0.846248,0.416275,0.398358,0.402618,0.447258,0.232538,0.692757,0.354132,0.215118,0.339243,0.305914,0.654863,0.679088,0.678614,0.382092,0.623196,0.569677,0.394975,0.715912,0.432821,0.504308,0.398960
2024-06-28,0.400085,0.324920,0.349633,0.664598,0.403047,0.540334,0.330891,0.396460,0.315083,0.721820,0.460696,0.316160,0.427664,0.402819,0.274705,0.678352,0.434743,0.451438,0.407897,0.357128,0.332292,0.906617,0.564053,0.438697,0.363171,0.597646,0.216178,0.611710,0.535854,0.350288,0.356608
2024-07-01,0.396994,0.343799,0.493259,0.722158,0.436677,0.517996,0.378913,0.397598,0.415327,0.870902,0.561348,0.418368,0.362344,0.172085,0.372623,0.678170,0.293083,0.404619,0.439151,0.630556,0.402051,0.648227,0.372733,0.560917,0.546479,0.321335,0.570724,0.742645,0.299382,0.329753,0.260693
2024-07-02,0.460498,0.470307,0.331359,0.643722,0.262842,0.517226,0.447018,0.686803,0.706765,0.672588,0.445108,0.542976,0.282782,0.402809,0.250159,0.589057,0.360613,0.292793,0.401908,0.322851,0.502847,0.626844,0.527819,0.399507,0.559714,0.430825,0.398812,0.720964,0.268859,0.302685,0.393116
2024-07-03,0.194610,0.490674,0.420938,0.891959,0.307959,0.489702,0.422284,0.634023,0.465035,0.648288,0.702646,0.398873,0.276743,0.402733,0.331068,0.542414,0.399378,0.318658,0.461304,0.349420,0.498832,0.732294,0.347542,0.586268,0.614592,0.441708,0.584084,0.695374,0.175191,0.472582,0.469983
2024-07-04,0.594365,0.276587,0.401610,0.747923,0.408665,0.389397,0.641308,0.529588,0.596477,0.718160,0.704108,0.307553,0.608974,0.555241,0.390925,0.562461,0.492906,0.377502,0.418538,0.419020,0.449741,0.738131,0.309607,0.631396,0.545313,0.580358,0.462682,0.728234,0.382146,0.374819,0.265516
2024-07-05,0.329817,0.417565,0.410955,0.690939,0.349170,0.317499,0.500518,0.525470,0.420978,0.668191,0.505028,0.371441,0.311628,0.433809,0.314581,0.816788,0.275461,0.359558,0.370496,0.411051,0.348941,0.642619,0.373905,0.618867,0.328331,0.659242,0.464594,0.583767,0.432469,0.429205,0.209157
2024-07-08,0.356121,0.339060,0.680521,0.653251,0.233927,0.535256,0.507673,0.312123,0.376499,0.685499,0.453040,0.327359,0.468673,0.479921,0.195181,0.672264,0.369099,0.281009,0.432672,0.481146,0.527243,0.643248,0.435200,0.513635,0.673012,0.385175,0.406040,0.510124,0.379200,0.489061,0.237172
2024-07-09,0.409392,0.382570,0.237323,0.884612,0.436127,0.530568,0.487527,0.508026,0.477613,0.799921,0.342297,0.416208,0.277568,0.490666,0.535106,0.783566,0.101563,0.325207,0.241675,0.538645,0.404256,0.626356,0.603455,0.500598,0.354432,0.287066,0.344761,0.619263,0.451035,0.311087,0.423479
2024-07-10,0.405780,0.363488,0.373825,0.594351,0.613735,0.376315,0.508485,0.438182,0.536584,0.633317,0.318186,0.353817,0.242487,0.409744,0.225293,0.566471,0.319506,0.475521,0.438992,0.261727,0.469039,0.798180,0.499078,0.554968,0.390084,0.637515,0.324955,0.607439,0.399834,0.371076,0.512377
2024-07-11,0.294269,0.485720,0.452690,0.665205,0.447122,0.703423,0.676728,0.541358,0.492986,0.672572,0.315847,0.392030,0.377517,0.155820,0.274858,0.635590,0.302782,0.455093,0.416629,0.473647,0.636311,0.692972,0.530808,0.411189,0.616313,0.499409,0.410315,0.596494,0.396581,0.173373,0.339563
2024-07-12,0.260578,0.481140,0.406696,0.598822,0.425107,0.384884,0.687852,0.270791,0.329579,0.545450,0.429280,0.229009,0.331566,0.303398,0.432943,0.561019,0.461597,0.419347,0.472608,0.384852,0.516392,0.950000,0.676305,0.427529,0.614483,0.391128,0.322072,0.506145,0.406222,0.313852,0.362279
2024-07-15,0.281216,0.379932,0.330320,0.602031,0.734408,0.478168,0.582341,0.459800,0.433696,0.511706,0.660912,0.290198,0.319363,0.329439,0.416978,0.289558,0.617325,0.357528,0.428657,0.494461,0.419359,0.490444,0.807508,0.452809,0.517368,0.453462,0.409257,0.304023,0.564170,0.307325,0.173265
2024-07-16,0.255792,0.440335,0.476002,0.521574,0.936707,0.341032,0.521842,0.418872,0.458169,0.604451,0.613560,0.354970,0.198991,0.280431,0.515170,0.385012,0.669669,0.456855,0.331489,0.422682,0.452677,0.350053,0.875772,0.394908,0.596458,0.408161,0.434641,0.570484,0.697435,0.342686,0.306568
2024-07-17,0.333163,0.297358,0.524262,0.388647,0.638981,0.519733,0.501471,0.642258,0.494623,0.399600,0.542843,0.333350,0.349227,0.400625,0.551494,0.283530,0.856126,0.582312,0.476751,0.411602,0.464536,0.477960,0.712306,0.583380,0.496720,0.385480,0.103165,0.433955,0.600619,0.328022,0.452214
2024-07-18,0.468760,0.444502,0.499905,0.598847,0.679683,0.365006,0.545447,0.497989,0.368788,0.445390,0.778379,0.360809,0.173692,0.369171,0.327944,0.549398,0.616905,0.303493,0.428728,0.495577,0.476549,0.562059,0.717706,0.502870,0.432277,0.460002,0.282482,0.326675,0.470400,0.429672,0.474967
2024-07-19,0.416796,0.546507,0.321690,0.421025,0.905444,0.339462,0.565882,0.201022,0.543498,0.655447,0.555057,0.531733,0.363579,0.339130,0.510262,0.377760,0.555505,0.440468,0.582505,0.511670,0.437477,0.441182,0.697325,0.511403,0.455842,0.394892,0.134940,0.260918,0.568067,0.252823,0.273675
2024-07-22,0.428049,0.336532,0.535081,0.544659,0.950000,0.458282,0.417050,0.283569,0.499745,0.278822,0.828651,0.372555,0.402886,0.270860,0.391986,0.468276,0.543775,0.405532,0.471825,0.589295,0.590290,0.459965,0.774591,0.547255,0.482350,0.392920,0.501065,0.410174,0.616731,0.493303,0.445848
2024-07-23,0.529848,0.329732,0.482080,0.443931,0.950000,0.491513,0.396503,0.465101,0.304507,0.406035,0.560072,0.390113,0.262282,0.389394,0.401832,0.281340,0.590357,0.409195,0.460245,0.412741,0.457693,0.552839,0.622799,0.426255,0.514029,0.473967,0.575520,0.275801,0.672539,0.294822,0.228671
2024-07-24,0.412053,0.377318,0.590645,0.529401,0.548473,0.346571,0.652383,0.505085,0.389463,0.344885,0.667012,0.541108,0.276051,0.287350,0.479320,0.502228,0.757772,0.405758,0.600671,0.451760,0.500417,0.429268,0.630291,0.420633,0.600680,0.483304,0.288810,0.260089,0.636183,0.204403,0.267923
2024-07-25,0.579010,0.359197,0.598232,0.518010,0.866101,0.460878,0.437340,0.333622,0.303513,0.464159,0.775388,0.398983,0.421900,0.276954,0.479070,0.375588,0.624735,0.328795,0.436421,0.532709,0.420774,0.527348,0.734946,0.257316,0.394091,0.528161,0.338825,0.290183,0.499151,0.533159,0.429643
2024-07-26,0.369365,0.512196,0.450221,0.478603,0.719063,0.539705,0.416941,0.468491,0.481360,0.343416,0.627264,0.287993,0.358053,0.345820,0.325015,0.493827,0.696704,0.325733,0.371718,0.354019,0.691679,0.302367,0.799516,0.313672,0.447145,0.296112,0.232061,0.456438,0.657660,0.318772,0.493339
2024-07-29,0.515726,0.402126,0.511853,0.615015,0.812904,0.499162,0.514318,0.415431,0.308143,0.312804,0.802813,0.393734,0.145629,0.220261,0.308535,0.240695,0.686996,0.415253,0.466797,0.361385,0.539374,0.453989,0.750973,0.485765,0.431645,0.380573,0.421710,0.495542,0.631877,0.492637,0.375876
2024-07-30,0.530874,0.462977,0.338755,0.425577,0.701584,0.468760,0.550326,0.462810,0.365788,0.408128,0.640456,0.304980,0.287963,0.408940,0.131548,0.455813,0.758139,0.379769,0.511290,0.686138,0.422321,0.654206,0.736020,0.540603,0.358733,0.389810,0.392387,0.320624,0.616686,0.442977,0.316282
2024-07-31,0.351351,0.381385,0.483182,0.570581,0.789537,0.457402,0.474013,0.334065,0.553103,0.383217,0.610219,0.344335,0.342281,0.357164,0.458987,0.613687,0.664704,0.657173,0.320260,0.483710,0.528440,0.415243,0.810637,0.370732,0.437643,0.380103,0.429797,0.501749,0.594277,0.521628,0.452116
2024-08-01,0.371167,0.365924,0.466017,0.470383,0.819039,0.515287,0.464496,0.522411,0.261759,0.569517,0.616050,0.228308,0.290196,0.391427,0.601438,0.325370,0.627806,0.426236,0.525392,0.437337,0.562142,0.503110,0.653194,0.409247,0.429510,0.324655,0.479764,0.326987,0.571743,0.378459,0.454451
2024-08-02,0.485531,0.319871,0.401096,0.469899,0.778832,0.307265,0.394611,0.353131,0.320773,0.260641,0.731665,0.451858,0.412941,0.434172,0.631404,0.350872,0.823900,0.342971,0.383721,0.465187,0.471380,0.343635,0.768891,0.359756,0.361144,0.272516,0.547598,0.313165,0.666438,0.270323,0.541687
2024-08-05,0.375355,0.436350,0.271890,0.356556,0.780628,0.570309,0.353788,0.385023,0.385793,0.364300,0.580959,0.435305,0.367074,0.503363,0.416002,0.456973,0.725636,0.404014,0.683343,0.659286,0.300923,0.350804,0.862830,0.070128,0.405346,0.298902,0.291149,0.313656,0.574425,0.522018,0.609070
2024-08-06,0.461935,0.600395,0.478299,0.511144,0.728686,0.340997,0.348299,0.482619,0.442017,0.457213,0.578324,0.381489,0.362003,0.472024,0.399513,0.524740,0.605849,0.476761,0.654333,0.564929,0.560945,0.327958,0.742282,0.262519,0.469056,0.528532,0.215237,0.459825,0.537177,0.414105,0.314996
2024-08-07,0.408408,0.469702,0.696940,0.652490,0.695025,0.513230,0.459119,0.316977,0.292422,0.281754,0.595014,0.255757,0.247515,0.449720,0.379336,0.431042,0.678472,0.537390,0.547090,0.497788,0.410221,0.566095,0.555314,0.323132,0.246542,0.363597,0.219487,0.273425,0.769744,0.414633,0.235679
2024-08-08,0.526571,0.528761,0.379498,0.587832,0.769301,0.425001,0.480214,0.367105,0.423102,0.342587,0.535052,0.350453,0.305582,0.339632,0.124309,0.305787,0.741956,0.517004,0.496044,0.474352,0.471092,0.496866,0.549128,0.617379,0.247917,0.304587,0.430108,0.361737,0.594775,0.183953,0.426743
2024-08-09,0.423547,0.419286,0.546722,0.416518,0.773347,0.551107,0.378417,0.396019,0.471981,0.268193,0.513701,0.122280,0.413249,0.609727,0.394594,0.342843,0.732184,0.446176,0.532103,0.653757,0.494827,0.264231,0.629103,0.480640,0.419962,0.392890,0.359093,0.440011,0.508321,0.646109,0.352836
2024-08-12,0.663745,0.424148,0.405383,0.276706,0.625697,0.526081,0.310804,0.286044,0.430350,0.480352,0.583704,0.583629,0.475751,0.335369,0.226294,0.406376,0.861836,0.375601,0.593240,0.505622,0.521207,0.373749,0.746674,0.224128,0.376437,0.313549,0.271813,0.564987,0.618490,0.529408,0.559029
2024-08-13,0.471722,0.464014,0.336213,0.458840,0.752409,0.486840,0.358748,0.458716,0.468572,0.296837,0.642071,0.398602,0.482734,0.329699,0.467730,0.532943,0.834567,0.553724,0.433601,0.475649,0.647147,0.479590,0.651978,0.127881,0.318382,0.252567,0.322117,0.343658,0.694462,0.281403,0.513320
2024-08-14,0.577934,0.452466,0.331800,0.459734,0.735688,0.471884,0.535525,0.265816,0.426592,0.243599,0.594812,0.410286,0.423313,0.508691,0.379582,0.447574,0.745406,0.505444,0.310798,0.360147,0.521151,0.531509,0.588781,0.300952,0.241938,0.424679,0.460046,0.552807,0.752542,0.322710,0.520316
2024-08-15,0.611444,0.478835,0.577457,0.679422,0.617420,0.497052,0.383466,0.419355,0.429544,0.339451,0.526126,0.513182,0.474637,0.493636,0.562531,0.579990,0.729869,0.520905,0.513420,0.513558,0.424187,0.350920,0.686719,0.342817,0.338881,0.362512,0.240302,0.522914,0.749673,0.441569,0.561921
2024-08-16,0.399945,0.251906,0.369566,0.391699,0.777733,0.500357,0.530750,0.291695,0.059210,0.565077,0.437133,0.404343,0.379955,0.424828,0.375779,0.452958,0.795965,0.621990,0.647407,0.529462,0.348895,0.391632,0.950000,0.280135,0.365685,0.257934,0.540436,0.521439,0.785686,0.623349,0.479941
2024-08-19,0.378175,0.607231,0.464412,0.433764,0.812262,0.609716,0.265714,0.410902,0.459350,0.349048,0.732310,0.360315,0.503905,0.353156,0.466797,0.479163,0.735895,0.406696,0.499666,0.402251,0.526313,0.366181,0.724622,0.467169,0.246258,0.333573,0.313845,0.289071,0.699446,0.402933,0.496455
2024-08-20,0.362752,0.573503,0.527477,0.484459,0.569277,0.315172,0.350164,0.259109,0.352142,0.261787,0.711526,0.426180,0.595406,0.339358,0.399327,0.266878,0.765958,0.446593,0.468869,0.578612,0.454929,0.332195,0.624130,0.503643,0.336868,0.268469,0.276703,0.309710,0.762693,0.500230,0.394652
2024-08-21,0.626927,0.448334,0.319635,0.531009,0.626786,0.329437,0.405820,0.354597,0.320752,0.366692,0.715609,0.315771,0.382221,0.292570,0.534176,0.507838,0.792185,0.477827,0.653017,0.399230,0.354077,0.253380,0.628701,0.288508,0.413557,0.270559,0.326261,0.462658,0.623796,0.362471,0.389035
2024-08-22,0.422787,0.425801,0.483901,0.429265,0.665081,0.468227,0.374953,0.445833,0.443536,0.419259,0.685881,0.360048,0.313403,0.335598,0.480555,0.522528,0.783145,0.592776,0.469019,0.265568,0.366903,0.410923,0.702721,0.309312,0.188285,0.103288,0.352380,0.524784,0.737728,0.368339,0.505420
2024-08-23,0.579035,0.322247,0.496665,0.332062,0.733716,0.473866,0.301682,0.241017,0.445142,0.506720,0.567384,0.348262,0.492339,0.432220,0.499978,0.495484,0.680385,0.373858,0.490165,0.436676,0.336737,0.508574,0.486023,0.481054,0.387955,0.320864,0.459580,0.496037,0.877830,0.474346,0.497726
2024-08-26,0.393851,0.476867,0.551949,0.456543,0.568568,0.361116,0.305548,0.418820,0.352472,0.458554,0.532630,0.628068,0.419890,0.342585,0.471901,0.641160,0.701441,0.337415,0.555324,0.414641,0.282226,0.169410,0.564533,0.301638,0.316581,0.194350,0.324359,0.439475,0.663389,0.624501,0.443557
2024-08-27,0.366213,0.471019,0.384510,0.307497,0.705905,0.206800,0.476573,0.437763,0.323106,0.312627,0.818586,0.497450,0.579414,0.359036,0.395565,0.511147,0.818927,0.617696,0.324822,0.400435,0.453476,0.187710,0.826528,0.339676,0.359062,0.348693,0.276301,0.325497,0.768536,0.775210,0.686103
2024-08-28,0.634052,0.518266,0.303390,0.391821,0.695375,0.292849,0.339486,0.310482,0.183713,0.426762,0.531143,0.428884,0.557206,0.533838,0.595953,0.408922,0.693436,0.321370,0.444672,0.243445,0.296513,0.557868,0.756473,0.506874,0.098720,0.344601,0.451784,0.497317,0.622585,0.385436,0.633172
2024-08-29,0.533086,0.377744,0.347362,0.300020,0.463993,0.274279,0.539242,0.353176,0.273282,0.346601,0.632948,0.500322,0.427337,0.559941,0.339521,0.709587,0.865078,0.363512,0.354520,0.319425,0.308605,0.351123,0.581431,0.466669,0.290222,0.397297,0.250699,0.361222,0.693691,0.442018,0.416433
2024-08-30,0.678876,0.386496,0.466289,0.260953,0.654155,0.284180,0.430027,0.366409,0.465629,0.227159,0.734210,0.290505,0.516813,0.538765,0.421175,0.413661,0.755999,0.696124,0.516598,0.279242,0.327072,0.356520,0.735070,0.369610,0.545704,0.375493,0.287895,0.327043,0.859052,0.616888,0.453137
2024-09-02,0.614028,0.392511,0.611299,0.320563,0.483376,0.345223,0.514024,0.443563,0.333157,0.320318,0.586691,0.451609,0.563156,0.402964,0.376320,0.565668,0.742676,0.450630,0.535579,0.452420,0.453664,0.331803,0.523397,0.403342,0.369460,0.357465,0.249675,0.555253,0.612943,0.528335,0.539873
2024-09-03,0.557761,0.492561,0.432651,0.516927,0.673016,0.317486,0.515392,0.383378,0.353063,0.453550,0.613073,0.357447,0.598802,0.504049,0.444423,0.568370,0.603740,0.513694,0.592741,0.471627,0.452732,0.234298,0.566754,0.286394,0.395364,0.219287,0.435201,0.448192,0.802180,0.553783,0.555720
2024-09-04,0.426678,0.546602,0.356400,0.328933,0.718549,0.419724,0.268351,0.484627,0.361105,0.334441,0.576469,0.510244,0.431292,0.430291,0.518192,0.365829,0.795696,0.421126,0.380887,0.261117,0.490446,0.353799,0.577835,0.248717,0.440440,0.317040,0.376241,0.343474,0.739886,0.409131,0.459070
2024-09-05,0.559590,0.563005,0.400498,0.326439,0.754184,0.356920,0.321808,0.460908,0.573578,0.438081,0.802758,0.382042,0.478953,0.558995,0.492964,0.426966,0.739080,0.608659,0.210739,0.447977,0.346538,0.279065,0.490141,0.343599,0.311716,0.368559,0.436060,0.639226,0.761565,0.480141,0.417881
2024-09-06,0.654462,0.475628,0.330734,0.335196,0.648672,0.276146,0.279994,0.364391,0.277133,0.286448,0.700462,0.470680,0.522672,0.584436,0.365202,0.521921,0.623881,0.409902,0.503355,0.541695,0.353965,0.400322,0.722028,0.352833,0.335968,0.428645,0.285733,0.595117,0.818351,0.563291,0.551183
2024-09-09,0.516236,0.505911,0.454138,0.282224,0.238228,0.593167,0.286493,0.481594,0.462666,0.418457,0.418816,0.683058,0.395142,0.615970,0.359224,0.597872,0.513748,0.523978,0.365822,0.386920,0.429509,0.296986,0.375271,0.587964,0.365987,0.492984,0.388204,0.381893,0.449162,0.651961,0.600480
2024-09-10,0.371220,0.589730,0.308844,0.330634,0.393726,0.646210,0.115826,0.303929,0.401842,0.532091,0.225396,0.748079,0.422949,0.622861,0.705174,0.432056,0.375643,0.596317,0.434849,0.447803,0.439505,0.365420,0.538444,0.688308,0.400144,0.314291,0.556482,0.585007,0.593820,0.805252,0.404118
2024-09-11,0.537339,0.303135,0.231835,0.438365,0.407615,0.562770,0.314500,0.408505,0.302861,0.378991,0.565558,0.791004,0.323926,0.328325,0.460060,0.294253,0.404116,0.855415,0.545390,0.327190,0.520714,0.334922,0.389718,0.638111,0.560459,0.434908,0.442115,0.475184,0.656890,0.586433,0.402935
2024-09-12,0.423630,0.455050,0.418289,0.494057,0.267910,0.691107,0.298663,0.479775,0.479987,0.518481,0.487548,0.750226,0.594333,0.572804,0.662802,0.381177,0.486398,0.600218,0.295804,0.607357,0.350029,0.326811,0.313644,0.414080,0.465264,0.245602,0.275778,0.571361,0.617469,0.641090,0.362383
2024-09-13,0.383114,0.270319,0.384831,0.226685,0.206541,0.860110,0.392688,0.090978,0.312033,0.311893,0.472603,0.788375,0.469521,0.506777,0.487914,0.348794,0.594701,0.621339,0.475945,0.370625,0.360971,0.438091,0.344073,0.497162,0.494106,0.382848,0.458912,0.334149,0.645021,0.790908,0.579617
2024-09-16,0.579710,0.278366,0.507870,0.386097,0.215750,0.604400,0.320489,0.321454,0.353233,0.489133,0.292906,0.784260,0.586225,0.426578,0.526476,0.382326,0.282410,0.792011,0.514529,0.267726,0.488518,0.236363,0.329648,0.602434,0.224597,0.505838,0.636161,0.545424,0.550126,0.845312,0.371952
2024-09-17,0.481015,0.511234,0.190633,0.202654,0.194871,0.565953,0.430695,0.321045,0.386450,0.329322,0.573285,0.859114,0.484414,0.344688,0.202244,0.681314,0.470658,0.585127,0.374535,0.216518,0.424579,0.198381,0.374829,0.676727,0.448899,0.325134,0.398339,0.396969,0.568422,0.809434,0.574642
2024-09-18,0.418911,0.407894,0.392793,0.542698,0.356592,0.500485,0.407399,0.387142,0.331163,0.426290,0.543602,0.649201,0.646371,0.384280,0.424541,0.419381,0.561942,0.749524,0.371520,0.384619,0.554051,0.369736,0.300869,0.711626,0.574892,0.500007,0.330302,0.399772,0.349073,0.808301,0.628500
2024-09-19,0.352487,0.369654,0.547579,0.372923,0.213985,0.617559,0.260128,0.336947,0.397841,0.364503,0.454552,0.859006,0.299961,0.412310,0.347707,0.436505,0.436347,0.728187,0.402096,0.549384,0.452968,0.180818,0.453703,0.593554,0.399215,0.340791,0.495934,0.627867,0.690513,0.800715,0.446309
2024-09-20,0.398324,0.315322,0.432115,0.174732,0.299852,0.689628,0.400104,0.447079,0.417240,0.505860,0.492030,0.852814,0.577520,0.420039,0.426739,0.602048,0.489749,0.610182,0.526286,0.419690,0.383655,0.153961,0.496940,0.677204,0.448447,0.365020,0.420956,0.482874,0.487303,0.923247,0.406231
2024-09-23,0.669401,0.346860,0.223815,0.388548,0.490597,0.473368,0.483892,0.465661,0.417008,0.420198,0.624081,0.817145,0.308588,0.496012,0.282973,0.244942,0.511941,0.669532,0.311706,0.265191,0.345028,0.322689,0.391518,0.668925,0.464688,0.391307,0.397120,0.670894,0.423721,0.671738,0.430071
2024-09-24,0.310277,0.350928,0.154553,0.467928,0.279440,0.650069,0.295053,0.543455,0.410532,0.560923,0.532734,0.740898,0.529180,0.580952,0.260960,0.360905,0.569333,0.756695,0.179449,0.353969,0.282927,0.386909,0.299379,0.821994,0.409314,0.454600,0.505698,0.363391,0.395404,0.836218,0.624161
2024-09-25,0.462487,0.419901,0.313266,0.449721,0.216904,0.671782,0.403066,0.370492,0.582956,0.389873,0.332000,0.700347,0.494632,0.447142,0.673049,0.475591,0.523234,0.536941,0.393678,0.379621,0.243815,0.436814,0.244072,0.656888,0.457453,0.545755,0.546704,0.364814,0.468811,0.856291,0.499965
2024-09-26,0.364377,0.342045,0.333633,0.319018,0.392454,0.514145,0.634646,0.398766,0.304549,0.672690,0.483986,0.787762,0.484269,0.654496,0.444846,0.339179,0.285507,0.839341,0.380492,0.378389,0.406497,0.233528,0.361489,0.665688,0.516001,0.446716,0.438222,0.326293,0.540362,0.903371,0.488965
2024-09-27,0.305857,0.230271,0.234789,0.174002,0.286207,0.645000,0.439121,0.511666,0.717057,0.525532,0.445695,0.686642,0.520265,0.435732,0.489723,0.363173,0.406189,0.630440,0.437492,0.539950,0.331703,0.241659,0.412013,0.562315,0.404497,0.328070,0.286938,0.548952,0.530118,0.700221,0.423633
2024-09-30,0.377942,0.430983,0.402647,0.295164,0.439640,0.698929,0.404109,0.285888,0.373365,0.657814,0.458135,0.834080,0.605697,0.538737,0.478456,0.520971,0.474265,0.516599,0.293052,0.354212,0.337871,0.286503,0.236259,0.708544,0.460028,0.442371,0.362007,0.336351,0.622026,0.815255,0.603842
2024-10-01,0.282278,0.412402,0.419399,0.342378,0.375829,0.583156,0.466278,0.529638,0.433364,0.519549,0.583453,0.708344,0.504222,0.385806,0.356622,0.435832,0.293356,0.587970,0.386666,0.298665,0.313342,0.445992,0.375164,0.721733,0.451844,0.539344,0.499978,0.363440,0.569849,0.531242,0.290728
2024-10-02,0.399556,0.279753,0.396041,0.254166,0.306650,0.688343,0.396759,0.418774,0.225152,0.464162,0.347237,0.855376,0.541672,0.702933,0.518920,0.514279,0.480324,0.625182,0.326746,0.355801,0.419810,0.419067,0.266120,0.476689,0.596787,0.575761,0.424531,0.288110,0.488931,0.737196,0.410003
2024-10-03,0.394719,0.334164,0.230303,0.446725,0.344840,0.742881,0.339869,0.500993,0.516033,0.457043,0.454636,0.587493,0.405573,0.418068,0.372719,0.473816,0.460786,0.703583,0.454740,0.305875,0.340571,0.431255,0.619847,0.741968,0.418000,0.482949,0.297875,0.381889,0.546206,0.781065,0.470477
2024-10-04,0.324542,0.383571,0.383103,0.390147,0.209399,0.808737,0.374176,0.432675,0.583440,0.509028,0.430779,0.780798,0.383172,0.522270,0.486852,0.272885,0.545709,0.593743,0.250533,0.276311,0.441321,0.446880,0.503586,0.919100,0.310229,0.458455,0.379854,0.454931,0.433406,0.763822,0.684776
2024-10-07,0.403547,0.328145,0.427016,0.265021,0.571602,0.557287,0.633507,0.342481,0.686091,0.445154,0.493568,0.878450,0.590017,0.644362,0.550595,0.436004,0.371905,0.764893,0.223832,0.477764,0.436734,0.337845,0.398886,0.678059,0.506822,0.571677,0.614938,0.598078,0.451629,0.582461,0.434942
2024-10-08,0.319776,0.487112,0.265515,0.330548,0.245747,0.625415,0.533744,0.546072,0.578347,0.581995,0.399775,0.713055,0.379615,0.220895,0.508734,0.222559,0.292158,0.733596,0.377902,0.208645,0.422215,0.284185,0.459708,0.704401,0.325433,0.720349,0.620126,0.287120,0.357202,0.647619,0.431288
2024-10-09,0.335994,0.412857,0.242150,0.255565,0.421304,0.774170,0.427875,0.470662,0.403430,0.678168,0.451047,0.741447,0.461329,0.468587,0.362861,0.521413,0.472804,0.843963,0.354317,0.369408,0.438853,0.513984,0.443975,0.593028,0.374315,0.538084,0.331168,0.412330,0.579318,0.729225,0.295869
2024-10-10,0.197809,0.428600,0.422083,0.461626,0.428460,0.950000,0.343902,0.322483,0.563471,0.471659,0.500806,0.932601,0.385109,0.274383,0.564047,0.466313,0.258611,0.636241,0.263235,0.450947,0.425900,0.558910,0.687385,0.892034,0.544950,0.574798,0.571628,0.660626,0.544670,0.884885,0.431435
2024-10-11,0.232297,0.380951,0.325330,0.360872,0.468603,0.589572,0.305154,0.472477,0.565406,0.703857,0.596666,0.730689,0.584441,0.205444,0.377009,0.392701,0.421660,0.706787,0.431431,0.364596,0.462420,0.488844,0.390085,0.547517,0.491179,0.455515,0.596367,0.448641,0.291635,0.818102,0.301165
2024-10-14,0.468919,0.367686,0.428043,0.220204,0.332846,0.678336,0.366962,0.615932,0.377452,0.427074,0.629601,0.698148,0.468341,0.485044,0.212761,0.490719,0.364809,0.570818,0.354015,0.386461,0.372480,0.399964,0.351506,0.694816,0.416927,0.500377,0.518321,0.395917,0.449581,0.593474,0.451437
2024-10-15,0.262036,0.374382,0.205344,0.490558,0.251018,0.705024,0.345420,0.544814,0.529034,0.576214,0.671967,0.875144,0.589679,0.622471,0.440006,0.353548,0.369594,0.625125,0.295549,0.480601,0.289170,0.387745,0.464726,0.782587,0.407853,0.520582,0.526402,0.524491,0.558783,0.568902,0.338312
2024-10-16,0.165102,0.517127,0.436268,0.430097,0.202059,0.585190,0.348129,0.658631,0.417377,0.416591,0.450269,0.821674,0.388407,0.231408,0.406801,0.242381,0.297272,0.527760,0.577056,0.360095,0.447827,0.536110,0.458931,0.666293,0.609801,0.531560,0.371379,0.263745,0.292065,0.687880,0.519328
2024-10-17,0.359575,0.354391,0.394400,0.350550,0.519568,0.756187,0.426607,0.601017,0.609278,0.575922,0.394047,0.748568,0.402784,0.315023,0.466860,0.412563,0.374547,0.709884,0.473445,0.355719,0.509118,0.344869,0.339358,0.716728,0.485609,0.527844,0.351263,0.371211,0.299841,0.794319,0.410690
2024-10-18,0.189115,0.265334,0.329858,0.423972,0.609483,0.649376,0.335555,0.484101,0.404285,0.663005,0.583866,0.725140,0.271392,0.311545,0.379011,0.421531,0.432620,0.615792,0.316201,0.458676,0.375821,0.369834,0.537803,0.822816,0.701116,0.522973,0.657984,0.353765,0.343565,0.757541,0.410524
2024-10-21,0.424113,0.270694,0.438713,0.424437,0.313534,0.841923,0.337715,0.565838,0.629981,0.434306,0.548883,0.725899,0.526566,0.398937,0.223868,0.523839,0.359584,0.789209,0.267553,0.263902,0.339664,0.545344,0.419725,0.854363,0.594832,0.438792,0.304666,0.350799,0.519150,0.635514,0.318163
2024-10-22,0.349804,0.445506,0.385999,0.300472,0.313957,0.694300,0.359648,0.521881,0.267328,0.508945,0.506502,0.712774,0.457283,0.218125,0.424729,0.187540,0.299194,0.698949,0.285101,0.336747,0.477098,0.354389,0.531878,0.761346,0.402626,0.213184,0.473069,0.432973,0.491620,0.744329,0.426435
2024-10-23,0.111466,0.284879,0.403115,0.440184,0.420348,0.843137,0.505278,0.706780,0.442891,0.504850,0.491673,0.826892,0.432033,0.497630,0.279715,0.350937,0.256216,0.691847,0.536311,0.569381,0.559399,0.197580,0.546036,0.866202,0.598911,0.453805,0.516602,0.329765,0.527976,0.690666,0.376221
2024-10-24,0.268024,0.403156,0.493827,0.580276,0.444273,0.753194,0.676909,0.539453,0.545879,0.518379,0.474981,0.731489,0.328449,0.383330,0.512541,0.375659,0.356041,0.662473,0.458034,0.308329,0.491821,0.391515,0.555075,0.912603,0.352256,0.367270,0.445765,0.355819,0.391761,0.779262,0.449091
2024-10-25,0.301185,0.340562,0.331499,0.415229,0.566396,0.872513,0.430325,0.586627,0.546357,0.484077,0.523337,0.659758,0.330939,0.439834,0.266269,0.337032,0.441837,0.749633,0.349281,0.552068,0.458585,0.363222,0.504087,0.844228,0.642497,0.340865,0.418851,0.312276,0.451668,0.624059,0.310127
2024-10-28,0.406509,0.384531,0.424682,0.395607,0.365318,0.847647,0.567527,0.550500,0.507839,0.435343,0.456759,0.746686,0.507153,0.368734,0.260699,0.400114,0.296216,0.673951,0.354894,0.244946,0.353315,0.508374,0.544134,0.551891,0.471000,0.308925,0.610209,0.291666,0.327903,0.480664,0.382753
2024-10-29,0.439393,0.357655,0.620580,0.556888,0.321991,0.671548,0.581888,0.525802,0.307753,0.556961,0.374618,0.723898,0.289901,0.457328,0.469867,0.381968,0.330938,0.597500,0.461142,0.524644,0.535939,0.534995,0.654220,0.764074,0.404687,0.395728,0.378584,0.436316,0.246427,0.630006,0.142471
2024-10-30,0.481728,0.398143,0.341155,0.386654,0.453238,0.695533,0.450103,0.627516,0.486012,0.505902,0.416401,0.808040,0.196349,0.379608,0.371049,0.348777,0.425174,0.670107,0.554882,0.430891,0.639445,0.438781,0.559467,0.705894,0.507379,0.312026,0.534718,0.304009,0.323386,0.661216,0.280268
2024-10-31,0.319956,0.441300,0.378213,0.424870,0.414407,0.950000,0.628733,0.497212,0.538122,0.519648,0.221983,0.653579,0.360112,0.376607,0.256793,0.226442,0.350725,0.600874,0.301573,0.450001,0.534834,0.491010,0.473581,0.809782,0.351402,0.506274,0.504063,0.261136,0.392008,0.510246,0.377018
2024-11-01,0.328031,0.305875,0.461155,0.492929,0.486545,0.576602,0.423424,0.488807,0.394714,0.684855,0.200716,0.580089,0.366403,0.385095,0.419530,0.324657,0.336997,0.523036,0.440773,0.549780,0.542341,0.561203,0.551395,0.758742,0.530571,0.399212,0.504113,0.344301,0.394144,0.685601,0.295883
2024-11-04,0.598986,0.337614,0.311878,0.295177,0.467510,0.565610,0.830361,0.382193,0.488041,0.522022,0.379423,0.443869,0.709263,0.324713,0.273724,0.355432,0.463936,0.461815,0.693355,0.327702,0.524459,0.388319,0.429488,0.560857,0.761559,0.336096,0.508305,0.316385,0.449388,0.352742,0.661397
2024-11-05,0.642554,0.321037,0.428204,0.434850,0.614992,0.435845,0.758143,0.427740,0.461846,0.490700,0.324458,0.231934,0.587945,0.384784,0.220120,0.156312,0.369021,0.279086,0.634863,0.529435,0.432105,0.584025,0.434652,0.497570,0.635378,0.353604,0.580329,0.289814,0.362878,0.465167,0.798778
2024-11-06,0.617657,0.334470,0.338156,0.486823,0.348436,0.596057,0.802530,0.311246,0.546283,0.433294,0.422842,0.398506,0.586918,0.289409,0.399378,0.291096,0.484418,0.387300,0.728985,0.418638,0.495762,0.490256,0.645131,0.495894,0.578078,0.442461,0.450701,0.350857,0.214319,0.400264,0.542675
2024-11-07,0.419893,0.674673,0.418681,0.443773,0.571939,0.409870,0.811820,0.571184,0.429018,0.521174,0.406114,0.338658,0.684333,0.376303,0.442847,0.493379,0.326470,0.312998,0.795350,0.427622,0.324496,0.447602,0.426133,0.567823,0.631591,0.360693,0.249581,0.463921,0.350447,0.244189,0.615578
2024-11-08,0.586367,0.539642,0.329660,0.410618,0.536235,0.496008,0.826285,0.460746,0.372098,0.427431,0.193760,0.229369,0.443994,0.546564,0.332731,0.165339,0.188279,0.424948,0.777737,0.364308,0.571998,0.562623,0.482515,0.354600,0.714737,0.082621,0.446475,0.322259,0.274831,0.415606,0.759521
2024-11-11,0.578079,0.399412,0.485342,0.426485,0.587657,0.544709,0.724811,0.735696,0.251856,0.557676,0.506596,0.435791,0.454353,0.425716,0.421851,0.247715,0.412470,0.615498,0.779982,0.524479,0.431591,0.588894,0.438470,0.379923,0.687511,0.503662,0.526521,0.409986,0.327600,0.314893,0.498892
2024-11-12,0.690855,0.507717,0.440766,0.521003,0.386530,0.485391,0.594824,0.413975,0.517461,0.449033,0.496830,0.530539,0.354892,0.208027,0.253204,0.247108,0.525648,0.532130,0.789149,0.478915,0.421797,0.414719,0.376678,0.494245,0.674485,0.475811,0.483372,0.394751,0.223129,0.391621,0.459848
2024-11-13,0.617001,0.459619,0.300805,0.519473,0.452821,0.287501,0.748014,0.379898,0.225951,0.575064,0.302224,0.401718,0.526035,0.153775,0.452094,0.373724,0.460510,0.547614,0.812214,0.547620,0.514883,0.609192,0.414435,0.502324,0.772675,0.430650,0.315831,0.514026,0.298914,0.431230,0.601459
2024-11-14,0.626197,0.329307,0.443322,0.435884,0.711590,0.512793,0.771909,0.322416,0.352880,0.320665,0.451151,0.365746,0.644594,0.452744,0.350903,0.358483,0.362552,0.460298,0.751398,0.558784,0.498667,0.511422,0.503498,0.457455,0.753532,0.307156,0.376660,0.318538,0.238910,0.168700,0.669321
2024-11-15,0.916176,0.474062,0.374230,0.518372,0.490884,0.668300,0.661703,0.540229,0.302027,0.503342,0.293921,0.349935,0.627273,0.352726,0.294308,0.312864,0.390735,0.352287,0.731568,0.600759,0.642535,0.544421,0.530429,0.468358,0.728202,0.177315,0.276018,0.356766,0.337952,0.157812,0.736936
2024-11-18,0.655962,0.556694,0.559906,0.601891,0.537057,0.484940,0.727219,0.293181,0.413457,0.373649,0.350737,0.334708,0.487594,0.276378,0.242875,0.452804,0.471867,0.305212,0.751103,0.433288,0.458167,0.459481,0.445097,0.417034,0.712767,0.486445,0.197579,0.193965,0.413283,0.289036,0.596939
2024-11-19,0.615038,0.540240,0.525932,0.518389,0.598055,0.503788,0.904106,0.430338,0.243777,0.611753,0.114979,0.288834,0.459397,0.556173,0.486153,0.378855,0.363722,0.393700,0.660682,0.607370,0.381137,0.553556,0.630801,0.524159,0.752508,0.351791,0.253875,0.310021,0.307052,0.430875,0.830393
2024-11-20,0.757071,0.503757,0.299838,0.385156,0.705089,0.550391,0.633464,0.480403,0.562003,0.351819,0.308220,0.228028,0.663387,0.270236,0.202015,0.224743,0.433078,0.485742,0.679576,0.607941,0.544963,0.280826,0.397325,0.460138,0.670141,0.300766,0.334861,0.480205,0.387883,0.414603,0.776143
2024-11-21,0.737344,0.630730,0.556827,0.435346,0.571019,0.536723,0.801833,0.400600,0.284303,0.358627,0.337838,0.376635,0.650329,0.385410,0.192225,0.501597,0.505073,0.509016,0.950000,0.610309,0.425839,0.471888,0.394830,0.388752,0.524360,0.384063,0.366253,0.233317,0.291087,0.354203,0.633873
2024-11-22,0.744295,0.527894,0.361161,0.560987,0.504218,0.525440,0.803286,0.372635,0.365790,0.242034,0.254592,0.239176,0.695800,0.445581,0.463382,0.438228,0.468754,0.466738,0.670893,0.568640,0.639755,0.554136,0.428034,0.409172,0.778874,0.381160,0.490831,0.187410,0.429235,0.428863,0.649601
2024-11-25,0.676100,0.558169,0.309362,0.467381,0.347481,0.367915,0.727846,0.464049,0.431085,0.515187,0.413874,0.446334,0.578835,0.370696,0.340191,0.395501,0.643220,0.424079,0.851543,0.643070,0.306714,0.484992,0.635649,0.416574,0.622462,0.346750,0.177934,0.218443,0.378286,0.464844,0.651881
2024-11-26,0.764139,0.696010,0.302135,0.509413,0.493788,0.375022,0.636272,0.433752,0.335006,0.303643,0.078961,0.412403,0.617298,0.409445,0.432100,0.326213,0.451916,0.378509,0.849894,0.591982,0.733695,0.435156,0.362864,0.574121,0.805285,0.321122,0.090980,0.310647,0.358473,0.470675,0.611322
2024-11-27,0.689553,0.428441,0.516204,0.389846,0.530624,0.522657,0.724530,0.499032,0.352502,0.369745,0.231701,0.285062,0.725183,0.360981,0.283770,0.365587,0.416200,0.588510,0.634813,0.678717,0.394487,0.449594,0.598487,0.396413,0.607929,0.413860,0.369161,0.276763,0.366230,0.367309,0.743258
2024-11-28,0.695634,0.520115,0.477980,0.482988,0.545343,0.401215,0.644598,0.540662,0.351857,0.208605,0.239960,0.350149,0.701274,0.441457,0.470488,0.575663,0.537861,0.453409,0.741260,0.455980,0.501295,0.680985,0.388508,0.418924,0.558480,0.226178,0.539108,0.541255,0.381019,0.513144,0.635885
2024-11-29,0.722254,0.674390,0.569572,0.497377,0.589384,0.524769,0.688417,0.456862,0.461626,0.491769,0.561464,0.402555,0.693729,0.421216,0.433062,0.615108,0.588405,0.546000,0.744484,0.450272,0.379957,0.472781,0.493957,0.275597,0.659389,0.347902,0.149110,0.431624,0.403707,0.329183,0.801485
2024-12-02,0.641026,0.523210,0.540618,0.598845,0.465826,0.444841,0.442140,0.301676,0.355056,0.339392,0.399771,0.231465,0.682552,0.486913,0.399090,0.362389,0.470410,0.657293,0.797781,0.407522,0.331735,0.463436,0.314836,0.434401,0.613056,0.381705,0.274225,0.460707,0.463501,0.315295,0.867934
2024-12-03,0.607244,0.346162,0.512855,0.497807,0.517803,0.342759,0.533983,0.502842,0.474119,0.321676,0.539514,0.178579,0.649090,0.427062,0.370059,0.459304,0.390069,0.556524,0.786620,0.503910,0.337261,0.462463,0.367247,0.390945,0.669901,0.392227,0.205045,0.209123,0.363258,0.358858,0.677073
2024-12-04,0.923422,0.483138,0.681273,0.511684,0.505957,0.588948,0.628753,0.343585,0.397996,0.171745,0.317794,0.371332,0.792217,0.291636,0.324974,0.599837,0.599345,0.530478,0.700671,0.614408,0.539199,0.520534,0.386846,0.264777,0.647000,0.356176,0.410981,0.279138,0.301159,0.431938,0.739514
2024-12-05,0.950000,0.472913,0.400205,0.362921,0.493713,0.501959,0.729778,0.335753,0.555916,0.341298,0.298085,0.291251,0.803007,0.233246,0.508639,0.394022,0.483819,0.651231,0.918491,0.406852,0.305543,0.385724,0.376849,0.473491,0.564846,0.255363,0.217272,0.421134,0.478967,0.456060,0.609163
2024-12-06,0.850068,0.480094,0.592996,0.398124,0.495409,0.558605,0.713645,0.192073,0.139213,0.257366,0.267349,0.459551,0.614653,0.264747,0.363430,0.477565,0.601205,0.335870,0.950000,0.552757,0.491067,0.379337,0.244721,0.453612,0.583013,0.217363,0.407051,0.277607,0.515159,0.385972,0.866502
2024-12-09,0.781209,0.482745,0.590111,0.428234,0.556261,0.454295,0.714248,0.495002,0.435725,0.323839,0.240964,0.150466,0.553314,0.367825,0.603985,0.401977,0.561991,0.542941,0.826235,0.700605,0.392785,0.251525,0.371556,0.306147,0.532323,0.301539,0.363820,0.426191,0.392949,0.629625,0.739541
2024-12-10,0.681707,0.634015,0.500826,0.416864,0.380750,0.517911,0.593176,0.354337,0.436828,0.139361,0.350430,0.436713,0.714862,0.539275,0.336093,0.443264,0.619349,0.347233,0.699965,0.428363,0.602121,0.494809,0.354045,0.262542,0.697821,0.397111,0.403709,0.419130,0.432032,0.631559,0.818729
2024-12-11,0.822723,0.506296,0.568008,0.450645,0.468896,0.231404,0.636442,0.411284,0.161121,0.446808,0.347165,0.406128,0.762826,0.413989,0.534842,0.330910,0.513324,0.642833,0.799190,0.379406,0.414348,0.528809,0.241134,0.530204,0.607186,0.293109,0.418053,0.482255,0.451407,0.423506,0.619676
2024-12-12,0.856677,0.428330,0.451116,0.363868,0.403148,0.396617,0.603071,0.363171,0.316359,0.473843,0.262585,0.412795,0.597374,0.615422,0.392101,0.411343,0.389647,0.676038,0.741061,0.397701,0.461248,0.357220,0.343602,0.305935,0.578090,0.546491,0.233050,0.308270,0.453732,0.405969,0.780697
2024-12-13,0.595948,0.350731,0.553664,0.535849,0.357641,0.299977,0.612903,0.287688,0.293898,0.276624,0.293581,0.353807,0.589521,0.320587,0.390389,0.493025,0.447716,0.441178,0.773042,0.466489,0.377121,0.401495,0.361117,0.510210,0.725503,0.364286,0.435589,0.263979,0.400487,0.444352,0.765693
2024-12-16,0.632448,0.570670,0.530475,0.523407,0.311607,0.410942,0.687030,0.323398,0.265798,0.249488,0.250266,0.287729,0.660409,0.498272,0.443729,0.430327,0.336782,0.469267,0.767838,0.489052,0.496246,0.464782,0.419325,0.379939,0.380298,0.496270,0.350661,0.405551,0.367048,0.479592,0.860950
2024-12-17,0.799899,0.578290,0.318705,0.377728,0.449713,0.302907,0.727207,0.492862,0.250983,0.536655,0.490597,0.267941,0.879126,0.451119,0.595625,0.488938,0.463601,0.509191,0.844966,0.518731,0.369710,0.348746,0.257004,0.250964,0.658015,0.244067,0.341059,0.529908,0.401057,0.388288,0.853670
2024-12-18,0.769757,0.526488,0.398240,0.436707,0.538458,0.352616,0.696841,0.391480,0.342200,0.343672,0.343460,0.396991,0.670702,0.506942,0.624983,0.501074,0.301000,0.565694,0.837257,0.497810,0.328752,0.449896,0.327203,0.305483,0.694215,0.332932,0.425816,0.396582,0.357329,0.425698,0.708580
2024-12-19,0.781884,0.448994,0.561957,0.434684,0.269962,0.442593,0.754672,0.334553,0.149578,0.366214,0.432316,0.359546,0.678165,0.363442,0.456381,0.418830,0.444931,0.580393,0.695605,0.409241,0.451144,0.404913,0.186788,0.501761,0.599044,0.266552,0.346936,0.434918,0.385693,0.258498,0.887296
2024-12-20,0.767715,0.654992,0.678801,0.397039,0.309124,0.421394,0.610086,0.428243,0.260318,0.515199,0.261212,0.377328,0.692081,0.438252,0.362680,0.496070,0.476302,0.648397,0.555899,0.385231,0.271793,0.317280,0.125165,0.438521,0.523509,0.322722,0.261939,0.360956,0.425483,0.522772,0.712555
2024-12-23,0.705907,0.555980,0.525407,0.413033,0.433859,0.270052,0.724700,0.204767,0.326817,0.266988,0.327964,0.251825,0.779890,0.334597,0.614557,0.517449,0.429682,0.142759,0.730287,0.522316,0.429020,0.454385,0.267312,0.345540,0.395650,0.435227,0.428207,0.341058,0.522295,0.519843,0.832096
2024-12-24,0.630913,0.561237,0.487008,0.424362,0.489229,0.399463,0.460798,0.316946,0.257707,0.333642,0.439190,0.343822,0.480375,0.476759,0.493883,0.564614,0.382404,0.531108,0.850032,0.488292,0.377410,0.369744,0.297447,0.263078,0.558386,0.557327,0.514337,0.463306,0.586336,0.464931,0.666571
2024-12-25,0.764092,0.439100,0.371005,0.432713,0.543424,0.411811,0.638237,0.259650,0.383526,0.418819,0.275252,0.462887,0.833321,0.572944,0.447530,0.588531,0.489819,0.437851,0.716744,0.347443,0.298048,0.461561,0.207229,0.201143,0.569366,0.348130,0.418619,0.461894,0.515936,0.469097,0.747821
2024-12-26,0.693276,0.430649,0.361879,0.339295,0.315601,0.409529,0.570899,0.265627,0.297653,0.364251,0.452018,0.337764,0.731476,0.449680,0.646538,0.661709,0.467582,0.543467,0.627564,0.230592,0.461428,0.324936,0.315735,0.378629,0.695584,0.366124,0.325985,0.521031,0.526557,0.501920,0.799589
2024-12-27,0.738763,0.536695,0.554838,0.399016,0.480289,0.406252,0.704278,0.140473,0.277701,0.421928,0.395607,0.375958,0.705882,0.420758,0.580164,0.447916,0.462930,0.270566,0.588760,0.093405,0.393825,0.320646,0.266173,0.446965,0.760902,0.306386,0.567275,0.566793,0.559784,0.530327,0.692068
