date,fold,selected_name,strategy,equal_weight,benchmark
2016-03-18,1,ret60_ret5_top5_riskoff0,1.0000000000,1.0000000000,1.0000000000
2016-03-21,1,ret60_ret5_top5_riskoff0,1.0000000000,1.0250196491,1.0244265375
2016-03-22,1,ret60_ret5_top5_riskoff0,1.0000000000,1.0218743809,1.0169705797
2016-03-23,1,ret60_ret5_top5_riskoff0,1.0000000000,1.0290982117,1.0202177833
2016-03-24,1,ret60_ret5_top5_riskoff0,1.0000000000,1.0137153251,1.0031179460
2016-03-25,1,ret60_ret5_top5_riskoff0,1.0000000000,1.0208299498,1.0081526879
2016-03-28,1,ret60_ret5_top5_riskoff0,1.0000000000,1.0151462742,0.9992969647
2016-03-29,1,ret60_ret5_top5_riskoff0,1.0000000000,0.9973091332,0.9884771561
2016-03-30,1,ret60_ret5_top5_riskoff0,1.0000000000,1.0293019545,1.0139724334
2016-03-31,1,ret60_ret5_top5_riskoff0,1.0000000000,1.0320191380,1.0145430586
2016-04-01,1,ret60_ret5_top5_riskoff0,1.0000000000,1.0295993781,1.0157410560
2016-04-05,1,ret60_ret5_top5_riskoff0,1.0000000000,1.0524903237,1.0291712380
2016-04-06,1,ret60_ret5_top5_riskoff0,1.0000000000,1.0552290260,1.0269770111
2016-04-07,1,ret60_ret5_top5_riskoff0,1.0000000000,1.0394547562,1.0117687487
2016-04-08,1,ret60_ret5_top5_riskoff0,1.0000000000,1.0311689115,1.0043411645
2016-04-11,1,ret60_ret5_top5_riskoff0,1.0000000000,1.0508624768,1.0183293610
2016-04-12,1,ret60_ret5_top5_riskoff0,1.0000000000,1.0453481036,1.0146565530
2016-04-13,1,ret60_ret5_top5_riskoff0,1.0000000000,1.0600551536,1.0281907716
2016-04-14,1,ret60_ret5_top5_riskoff0,1.0000000000,1.0691383879,1.0327463146
2016-04-15,1,ret60_ret5_top5_riskoff0,1.0000000000,1.0681532947,1.0316050644
2016-04-20,1,ret60_ret5_top5_riskoff0,1.0000000000,1.0175859326,1.0028594308
2016-04-21,1,ret60_ret5_top5_riskoff0,1.0000000000,1.0082857576,0.9964186181
2016-04-22,1,ret60_ret5_top5_riskoff0,1.0000000000,1.0146140017,1.0009268717
2016-04-25,1,ret60_ret5_top5_riskoff0,1.0000000000,1.0105502400,0.9968694435
2016-04-26,1,ret60_ret5_top5_riskoff0,1.0000000000,1.0202821641,1.0022698899
2016-04-27,1,ret60_ret5_top5_riskoff0,1.0000000000,1.0171126699,0.9980958146
2016-04-28,1,ret60_ret5_top5_riskoff0,1.0000000000,1.0138968741,0.9964123129
2016-04-29,1,ret60_ret5_top5_riskoff0,1.0000000000,1.0138917800,0.9952048576
2016-05-03,1,ret60_ret5_top5_riskoff0,1.0000000000,1.0398943856,1.0131086142
2016-05-04,1,ret60_ret5_top5_riskoff0,1.0000000000,1.0393484287,1.0118223433
2016-05-05,1,ret60_ret5_top5_riskoff0,1.0000000000,1.0442836878,1.0132284140
2016-05-06,1,ret60_ret5_top5_riskoff0,1.0000000000,1.0069412279,0.9868819279
2016-05-09,1,ret60_ret5_top5_riskoff0,1.0000000000,0.9712707408,0.9664749871
2016-05-10,1,ret60_ret5_top5_riskoff0,1.0000000000,0.9707545214,0.9675752532
2016-05-11,1,ret60_ret5_top5_riskoff0,1.0000000000,0.9678278353,0.9718943492
2016-05-12,1,ret60_ret5_top5_riskoff0,1.0000000000,0.9663562072,0.9742052233
2016-05-13,1,ret60_ret5_top5_riskoff0,1.0000000000,0.9633761292,0.9694132335
2016-05-16,1,ret60_ret5_top5_riskoff0,1.0000000000,0.9773249879,0.9758351303
2016-05-17,1,ret60_ret5_top5_riskoff0,1.0000000000,0.9749704222,0.9729063418
2016-05-18,1,ret60_ret5_top5_riskoff0,1.0000000000,0.9521036116,0.9672379223
2016-05-19,1,ret60_ret5_top5_riskoff0,1.0000000000,0.9556166183,0.9654913681
2016-05-20,1,ret60_ret5_top5_riskoff0,1.0000000000,0.9640420977,0.9704472944
2016-05-23,1,ret60_ret5_top5_riskoff0,1.0000000000,0.9752417991,0.9732846568
2016-05-24,1,ret60_ret5_top5_riskoff0,1.0000000000,0.9660562868,0.9658255463
2016-05-25,1,ret60_ret5_top5_riskoff0,1.0000000000,0.9633968360,0.9644604598
2016-05-26,1,ret60_ret5_top5_riskoff0,1.0000000000,0.9668077896,0.9660304670
2016-05-27,1,ret60_ret5_top5_riskoff0,1.0000000000,0.9667679830,0.9654913681
2016-05-30,1,ret60_ret5_top5_riskoff0,1.0000000000,0.9636090416,0.9668186232
2016-05-31,1,ret60_ret5_top5_riskoff0,1.0000000000,0.9996677571,0.9992433700
2016-06-01,1,ret60_ret5_top5_riskoff0,1.0000000000,1.0039057026,0.9964028550
2016-06-02,1,ret60_ret5_top5_riskoff0,1.0000000000,1.0111543174,0.9984678243
2016-06-03,1,ret60_ret5_top5_riskoff0,1.0000000000,1.0155469678,1.0054761094
2016-06-06,1,ret60_ret5_top5_riskoff0,1.0000000000,1.0173721536,1.0021532428
2016-06-07,1,ret60_ret5_top5_riskoff0,1.0000000000,1.0179410928,1.0016046861
2016-06-08,1,ret60_ret5_top5_riskoff0,1.0000000000,1.0144938426,0.9974873580
2016-06-13,1,ret60_ret5_top5_riskoff0,1.0000000000,0.9726024369,0.9667019761
2016-06-14,1,ret60_ret5_top5_riskoff0,1.0000000000,0.9751229381,0.9697411064
2016-06-15,1,ret60_ret5_top5_riskoff0,1.0000000000,1.0006551563,0.9824745583
2016-06-16,1,ret60_ret5_top5_riskoff0,1.0000000000,0.9973370377,0.9756333623
2016-06-17,1,ret60_ret5_top5_riskoff0,1.0000000000,1.0035837703,0.9805798308
2016-06-20,1,ret60_ret5_top5_riskoff0,1.0000000000,1.0047755929,0.9813080871
2016-06-21,1,ret60_ret5_top5_riskoff0,1.0000000000,0.9971823757,0.9793061703
2016-06-22,1,ret60_ret5_top5_riskoff0,1.0000000000,1.0101135297,0.9880200255
2016-06-23,1,ret60_ret5_top5_riskoff0,1.0000000000,1.0059350558,0.9827740577
2016-06-24,1,ret60_ret5_top5_riskoff0,1.0000000000,0.9953930334,0.9701131162
2016-06-27,1,ret60_ret5_top5_riskoff0,1.0000000000,1.0160667599,0.9837892029
2016-06-28,1,ret60_ret5_top5_riskoff0,1.0000000000,1.0238768558,0.9887892659
2016-06-29,1,ret60_ret5_top5_riskoff0,1.0000000000,1.0281001897,0.9935150506
2016-06-30,1,ret60_ret5_top5_riskoff0,1.0000000000,1.0284271342,0.9943126647
2016-07-01,1,ret60_ret5_top5_riskoff0,1.0000000000,1.0280883879,0.9944009382
2016-07-05,1,ret60_ret5_top5_riskoff0,1.0000000000,1.0529894481,1.0111665973
2016-07-06,1,ret60_ret5_top5_riskoff0,1.0000000000,1.0576615133,1.0141363699
2016-07-07,1,ret60_ret5_top5_riskoff0,1.0000000000,1.0575896994,1.0119768219
2016-07-08,1,ret60_ret5_top5_riskoff0,1.0000000000,1.0538509974,1.0064061337
2016-07-11,1,ret60_ret5_top5_riskoff0,1.0000000000,1.0535090066,1.0098897842
2016-07-12,1,ret60_ret5_top5_riskoff0,1.0000000000,1.0691599439,1.0319108690
2016-07-13,1,ret60_ret5_top5_riskoff0,1.0000000000,1.0757048824,1.0349657625
2016-07-14,1,ret60_ret5_top5_riskoff0,0.9990000000,1.0759160170,1.0330395087
2016-07-15,1,ret60_ret5_top5_riskoff0,0.9927373796,1.0745199742,1.0328881827
2016-07-18,1,ret60_ret5_top5_riskoff0,0.9853627171,1.0698420615,1.0283925396
2016-07-19,1,ret60_ret5_top5_riskoff0,0.9840226563,1.0711599350,1.0240450699
2016-07-20,1,ret60_ret5_top5_riskoff0,0.9816441200,1.0699973922,1.0206969823
2016-07-21,1,ret60_ret5_top5_riskoff0,0.9825680986,1.0732919274,1.0253975460
2016-07-22,1,ret60_ret5_top5_riskoff0,0.9733540366,1.0643838134,1.0167719643
2016-07-25,1,ret60_ret5_top5_riskoff0,0.9718953372,1.0653547279,1.0185784184
2016-07-26,1,ret60_ret5_top5_riskoff0,0.9879670410,1.0781943407,1.0307790767
2016-07-27,1,ret60_ret5_top5_riskoff0,0.9476535293,1.0406501196,1.0145903479
2016-07-28,1,ret60_ret5_top5_riskoff0,0.9513202449,1.0418497066,1.0155046091
2016-07-29,1,ret60_ret5_top5_riskoff0,0.9397653706,1.0349890022,1.0100789417
2016-08-01,1,ret60_ret5_top5_riskoff0,0.9230666122,1.0208062946,1.0015290231
2016-08-02,1,ret60_ret5_top5_riskoff0,0.9287440047,1.0289655344,1.0053878359
2016-08-03,1,ret60_ret5_top5_riskoff0,0.9329953370,1.0334022971,1.0067939066
2016-08-04,1,ret60_ret5_top5_riskoff0,0.9386380697,1.0384567040,1.0092466488
2016-08-05,1,ret60_ret5_top5_riskoff0,0.9322789669,1.0348214573,1.0104509515
2016-08-08,1,ret60_ret5_top5_riskoff0,0.9467495494,1.0473577711,1.0196156320
2016-08-09,1,ret60_ret5_top5_riskoff0,0.9541680033,1.0570117692,1.0268036167
2016-08-10,1,ret60_ret5_top5_riskoff0,0.9535326949,1.0543540329,1.0225034364
2016-08-11,1,ret60_ret5_top5_riskoff0,0.9385063239,1.0421083494,1.0193571167
2016-08-12,1,ret60_ret5_top5_riskoff0,0.9453801089,1.0546282023,1.0385471444
2016-08-15,1,ret60_ret5_top5_riskoff0,0.9647580021,1.0790697132,1.0698180305
2016-08-16,1,ret60_ret5_top5_riskoff0,0.9697080555,1.0833466421,1.0650354986
2016-08-17,1,ret60_ret5_top5_riskoff0,0.9735298919,1.0872020578,1.0633961336
2016-08-18,1,ret60_ret5_top5_riskoff0,0.9721462443,1.0868364715,1.0606974867
2016-08-19,1,ret60_ret5_top5_riskoff0,0.9730471809,1.0885680951,1.0608645758
2016-08-22,1,ret60_ret5_top5_riskoff0,0.9578790294,1.0765262639,1.0519647158
2016-08-23,1,ret60_ret5_top5_riskoff0,0.9584512536,1.0782932381,1.0535536388
2016-08-24,1,ret60_ret5_top5_riskoff0,0.9628212363,1.0797517489,1.0497799468
2016-08-25,1,ret60_ret5_top5_riskoff0,0.9564963143,1.0726096753,1.0431941134
2016-08-26,1,ret60_ret5_top5_riskoff0,0.9608684761,1.0752870032,1.0426014199
2016-08-29,1,ret60_ret5_top5_riskoff0,0.9609683013,1.0772530021,1.0428189511
2016-08-30,1,ret60_ret5_top5_riskoff0,0.9641783791,1.0779717518,1.0441462061
2016-08-31,1,ret60_ret5_top5_riskoff0,0.9638456963,1.0799869725,1.0491273534
2016-09-01,1,ret60_ret5_top5_riskoff0,0.9583178126,1.0718842862,1.0408643236
2016-09-02,1,ret60_ret5_top5_riskoff0,0.9581026212,1.0705225804,1.0448145626
2016-09-05,1,ret60_ret5_top5_riskoff0,0.9683257335,1.0756016583,1.0465705747
2016-09-06,1,ret60_ret5_top5_riskoff0,0.9837633907,1.0891376697,1.0538058487
2016-09-07,1,ret60_ret5_top5_riskoff0,0.9815579049,1.0891538790,1.0532352236
2016-09-08,1,ret60_ret5_top5_riskoff0,0.9805596544,1.0920263907,1.0528379929
2016-09-09,1,ret60_ret5_top5_riskoff0,0.9736449631,1.0854188931,1.0460535442
2016-09-12,1,ret60_ret5_top5_riskoff0,0.9476049594,1.0581110782,1.0285753919
2016-09-13,1,ret60_ret5_top5_riskoff0,0.9542804233,1.0634170029,1.0278597460
2016-09-14,1,ret60_ret5_top5_riskoff0,0.9466497036,1.0571748397,1.0210500763
2016-09-19,1,ret60_ret5_top5_riskoff0,0.9561765773,1.0684907185,1.0287393284
2016-09-20,1,ret60_ret5_top5_riskoff0,0.9559262890,1.0676562796,1.0269360269
2016-09-21,1,ret60_ret5_top5_riskoff0,0.9564729730,1.0698794573,1.0298490523
2016-09-22,1,ret60_ret5_top5_riskoff0,0.9633929691,1.0762168542,1.0375666780
2016-09-23,2,ret60_ret5_top5_riskoff0,0.9633929691,1.0762168542,1.0375666780
2016-09-26,2,ret60_ret5_top5_riskoff0,0.9384196021,1.0540664889,1.0200219259
2016-09-27,2,ret60_ret5_top5_riskoff0,0.9442100429,1.0609513988,1.0265057871
2016-09-28,2,ret60_ret5_top5_riskoff0,0.9404036219,1.0586897340,1.0233826375
2016-09-29,2,ret60_ret5_top5_riskoff0,0.9426122081,1.0623402055,1.0276587552
2016-09-30,2,ret60_ret5_top5_riskoff0,0.9471164360,1.0670293986,1.0304746578
2016-10-10,2,ret60_ret5_top5_riskoff0,0.9653804021,1.0856116133,1.0433315180
2016-10-11,2,ret60_ret5_top5_riskoff0,0.9735015543,1.0931291102,1.0473510686
2016-10-12,2,ret60_ret5_top5_riskoff0,0.9740981003,1.0927921258,1.0452763597
2016-10-13,2,ret60_ret5_top5_riskoff0,0.9770951963,1.0941368053,1.0461125782
2016-10-14,2,ret60_ret5_top5_riskoff0,0.9789377651,1.0939321377,1.0471261765
2016-10-17,2,ret60_ret5_top5_riskoff0,0.9703429380,1.0850311863,1.0382666943
2016-10-18,2,ret60_ret5_top5_riskoff0,0.9703429380,1.1006206067,1.0520294580
2016-10-19,2,ret60_ret5_top5_riskoff0,0.9703429380,1.1005304742,1.0504172033
2016-10-20,2,ret60_ret5_top5_riskoff0,0.9703429380,1.1022139066,1.0511647320
2016-10-21,2,ret60_ret5_top5_riskoff0,0.9703429380,1.1006754520,1.0540598220
2016-10-24,2,ret60_ret5_top5_riskoff0,0.9703429380,1.1122068125,1.0666791202
2016-10-25,2,ret60_ret5_top5_riskoff0,0.9703429380,1.1167478941,1.0666379427
2016-10-26,2,ret60_ret5_top5_riskoff0,0.9703429380,1.1123173306,1.0626310622
2016-10-27,2,ret60_ret5_top5_riskoff0,0.9703429380,1.1112860996,1.0597486422
2016-10-28,2,ret60_ret5_top5_riskoff0,0.9703429380,1.1031045503,1.0579843477
2016-10-31,2,ret60_ret5_top5_riskoff0,0.9703429380,1.1019586995,1.0567648623
2016-11-01,2,ret60_ret5_top5_riskoff0,0.9703429380,1.1125306248,1.0639772473
2016-11-02,2,ret60_ret5_top5_riskoff0,0.9703429380,1.1053143298,1.0558367864
2016-11-03,2,ret60_ret5_top5_riskoff0,0.9703429380,1.1132223836,1.0658904140
2016-11-04,2,ret60_ret5_top5_riskoff0,0.9703429380,1.1103607992,1.0624315100
2016-11-07,2,ret60_ret5_top5_riskoff0,0.9703429380,1.1123312215,1.0631980437
2016-11-08,2,ret60_ret5_top5_riskoff0,0.9703429380,1.1181817572,1.0678004132
2016-11-09,2,ret60_ret5_top5_riskoff0,0.9703429380,1.1116671215,1.0620767506
2016-11-10,2,ret60_ret5_top5_riskoff0,0.9703429380,1.1261421831,1.0739738600
2016-11-11,2,ret60_ret5_top5_riskoff0,0.9703429380,1.1336744315,1.0824025630
2016-11-14,2,ret60_ret5_top5_riskoff0,0.9693725950,1.1380638552,1.0865298083
2016-11-15,2,ret60_ret5_top5_riskoff0,0.9719541414,1.1408411412,1.0864094435
2016-11-16,2,ret60_ret5_top5_riskoff0,0.9710242618,1.1408776918,1.0863207537
2016-11-17,2,ret60_ret5_top5_riskoff0,0.9724775003,1.1402974863,1.0885189949
2016-11-18,2,ret60_ret5_top5_riskoff0,0.9708416890,1.1355166111,1.0824785828
2016-11-21,2,ret60_ret5_top5_riskoff0,0.9765814534,1.1400836081,1.0899697074
2016-11-22,2,ret60_ret5_top5_riskoff0,0.9851094551,1.1504554013,1.0986011300
2016-11-23,2,ret60_ret5_top5_riskoff0,0.9800978506,1.1470450581,1.1006188240
2016-11-24,2,ret60_ret5_top5_riskoff0,0.9748539798,1.1451454072,1.1050564838
2016-11-25,2,ret60_ret5_top5_riskoff0,0.9791342823,1.1504225669,1.1153698460
2016-11-28,2,ret60_ret5_top5_riskoff0,0.9847143794,1.1537592096,1.1197346534
2016-11-29,2,ret60_ret5_top5_riskoff0,0.9815431005,1.1491775576,1.1289077175
2016-11-30,2,ret60_ret5_top5_riskoff0,0.9728700086,1.1427490744,1.1206595618
2016-12-01,2,ret60_ret5_top5_riskoff0,0.9783909571,1.1516110510,1.1292244670
2016-12-02,2,ret60_ret5_top5_riskoff0,0.9664239228,1.1349244149,1.1177929793
2016-12-05,2,ret60_ret5_top5_riskoff0,0.9508313301,1.1238179651,1.0989337169
2016-12-06,2,ret60_ret5_top5_riskoff0,0.9550198595,1.1248437963,1.0956838675
2016-12-07,2,ret60_ret5_top5_riskoff0,0.9660425682,1.1363701360,1.1009419084
2016-12-08,2,ret60_ret5_top5_riskoff0,0.9598440342,1.1317035038,1.0991649440
2016-12-09,2,ret60_ret5_top5_riskoff0,0.9597829551,1.1314968770,1.1066275611
2016-12-12,2,ret60_ret5_top5_riskoff0,0.9166815526,1.0867454109,1.0798558974
2016-12-13,2,ret60_ret5_top5_riskoff0,0.9228811331,1.0917222408,1.0785445546
2016-12-14,2,ret60_ret5_top5_riskoff0,0.9117334111,1.0844414743,1.0702805614
2016-12-15,2,ret60_ret5_top5_riskoff0,0.9132744544,1.0886374122,1.0580793725
2016-12-16,2,ret60_ret5_top5_riskoff0,0.9191921522,1.0960337687,1.0598531695
2016-12-19,2,ret60_ret5_top5_riskoff0,0.9161536200,1.0943118760,1.0544525913
2016-12-20,2,ret60_ret5_top5_riskoff0,0.9101618135,1.0903801536,1.0481429422
2016-12-21,2,ret60_ret5_top5_riskoff0,0.9202436728,1.1001190274,1.0574807161
2016-12-22,2,ret60_ret5_top5_riskoff0,0.9210373040,1.0994632646,1.0565716451
2016-12-23,2,ret60_ret5_top5_riskoff0,0.9099983246,1.0875443933,1.0476804880
2016-12-26,2,ret60_ret5_top5_riskoff0,0.9140524882,1.0914417531,1.0523683799
2016-12-27,2,ret60_ret5_top5_riskoff0,0.9170856933,1.0919203802,1.0504647157
2016-12-28,2,ret60_ret5_top5_riskoff0,0.9126523398,1.0879322193,1.0458718487
2016-12-29,2,ret60_ret5_top5_riskoff0,0.9126188194,1.0858514722,1.0445636734
2016-12-30,2,ret60_ret5_top5_riskoff0,0.9122755473,1.0874610170,1.0484660267
2017-01-03,2,ret60_ret5_top5_riskoff0,0.9221871993,1.0984789718,1.0586495216
2017-01-04,2,ret60_ret5_top5_riskoff0,0.9314607904,1.1099458019,1.0669103473
2017-01-05,2,ret60_ret5_top5_riskoff0,0.9325376722,1.1106367601,1.0667456376
2017-01-06,2,ret60_ret5_top5_riskoff0,0.9291812064,1.1039228256,1.0603726386
2017-01-09,2,ret60_ret5_top5_riskoff0,0.9328853596,1.1097063029,1.0655134822
2017-01-10,2,ret60_ret5_top5_riskoff0,0.9322881643,1.1068611801,1.0637301828
2017-01-11,2,ret60_ret5_top5_riskoff0,0.9322881643,1.0963548109,1.0562010483
2017-01-12,2,ret60_ret5_top5_riskoff0,0.9322881643,1.0870471553,1.0508543175
2017-01-13,2,ret60_ret5_top5_riskoff0,0.9322881643,1.0748208564,1.0515796738
2017-01-16,2,ret60_ret5_top5_riskoff0,0.9322881643,1.0493558904,1.0514339690
2017-01-17,2,ret60_ret5_top5_riskoff0,0.9322881643,1.0577290232,1.0536227077
2017-01-18,2,ret60_ret5_top5_riskoff0,0.9322881643,1.0576782518,1.0577436181
2017-01-19,2,ret60_ret5_top5_riskoff0,0.9322881643,1.0530845064,1.0545507836
2017-01-20,2,ret60_ret5_top5_riskoff0,0.9322881643,1.0662466211,1.0626595696
2017-01-23,2,ret60_ret5_top5_riskoff0,0.9322881643,1.0742071117,1.0655704971
2017-01-24,2,ret60_ret5_top5_riskoff0,0.9322881643,1.0725463838,1.0656876944
2017-01-25,2,ret60_ret5_top5_riskoff0,0.9322881643,1.0757559270,1.0693144756
2017-01-26,2,ret60_ret5_top5_riskoff0,0.9322881643,1.0814990624,1.0731344740
2017-02-03,2,ret60_ret5_top5_riskoff0,0.9322881643,1.0772641253,1.0657003644
2017-02-06,2,ret60_ret5_top5_riskoff0,0.9322881643,1.0853834241,1.0684624196
2017-02-07,2,ret60_ret5_top5_riskoff0,0.9322881643,1.0852957225,1.0660772962
2017-02-08,2,ret60_ret5_top5_riskoff0,0.9322881643,1.0923683190,1.0716552541
2017-02-09,2,ret60_ret5_top5_riskoff0,0.9322881643,1.0997277845,1.0757729969
2017-02-10,2,ret60_ret5_top5_riskoff0,0.9322881643,1.1019715086,1.0812210875
2017-02-13,2,ret60_ret5_top5_riskoff0,0.9322881643,1.1088127577,1.0884366400
2017-02-14,2,ret60_ret5_top5_riskoff0,0.9322881643,1.1092999168,1.0882877678
2017-02-15,2,ret60_ret5_top5_riskoff0,0.9322881643,1.1007230232,1.0838247680
2017-02-16,2,ret60_ret5_top5_riskoff0,0.9322881643,1.1082792425,1.0899126925
2017-02-17,2,ret60_ret5_top5_riskoff0,0.9322881643,1.0999570298,1.0837392457
2017-02-20,2,ret60_ret5_top5_riskoff0,0.9322881643,1.1122445651,1.0995608808
2017-02-21,2,ret60_ret5_top5_riskoff0,0.9322881643,1.1198512884,1.1031813270
2017-02-22,2,ret60_ret5_top5_riskoff0,0.9322881643,1.1244299649,1.1053795682
2017-02-23,2,ret60_ret5_top5_riskoff0,0.9322881643,1.1212549644,1.1001722072
2017-02-24,2,ret60_ret5_top5_riskoff0,0.9322881643,1.1235966015,1.1003400844
2017-02-27,2,ret60_ret5_top5_riskoff0,0.9322881643,1.1158577260,1.0915882971
2017-02-28,2,ret60_ret5_top5_riskoff0,0.9322881643,1.1204905117,1.0936756760
2017-03-01,2,ret60_ret5_top5_riskoff0,0.9322881643,1.1238801719,1.0954589754
2017-03-02,2,ret60_ret5_top5_riskoff0,0.9322881643,1.1168615802,1.0880660432
2017-03-03,2,ret60_ret5_top5_riskoff0,0.9322881643,1.1171543564,1.0857727771
2017-03-06,2,ret60_ret5_top5_riskoff0,0.9322881643,1.1277299049,1.0916706519
2017-03-07,2,ret60_ret5_top5_riskoff0,0.9322881643,1.1301139948,1.0940399378
2017-03-08,2,ret60_ret5_top5_riskoff0,0.9322881643,1.1271281347,1.0923833382
2017-03-09,2,ret60_ret5_top5_riskoff0,0.9322881643,1.1187763416,1.0854813676
2017-03-10,2,ret60_ret5_top5_riskoff0,0.9322881643,1.1197118217,1.0857822796
2017-03-13,2,ret60_ret5_top5_riskoff0,0.9322881643,1.1282559658,1.0953512806
2017-03-14,2,ret60_ret5_top5_riskoff0,0.9322881643,1.1267269057,1.0949046638
2017-03-15,2,ret60_ret5_top5_riskoff0,0.9322881643,1.1273555862,1.0971060725
2017-03-16,2,ret60_ret5_top5_riskoff0,0.9322881643,1.1370843049,1.1027663853
2017-03-17,2,ret60_ret5_top5_riskoff0,0.9322881643,1.1273180015,1.0914584298
2017-03-20,2,ret60_ret5_top5_riskoff0,0.9322881643,1.1313439691,1.0926620777
2017-03-21,2,ret60_ret5_top5_riskoff0,0.9322881643,1.1353944002,1.0979644636
2017-03-22,2,ret60_ret5_top5_riskoff0,0.9322881643,1.1312036868,1.0928014475
2017-03-23,2,ret60_ret5_top5_riskoff0,0.9322881643,1.1330272890,1.0965802685
2017-03-24,2,ret60_ret5_top5_riskoff0,0.9322881643,1.1387293213,1.1053288883
2017-03-27,2,ret60_ret5_top5_riskoff0,0.9322881643,1.1353712139,1.1016672647
2017-03-28,2,ret60_ret5_top5_riskoff0,0.9322881643,1.1315629929,1.0990604167
2017-03-29,2,ret60_ret5_top5_riskoff0,0.9322881643,1.1265926024,1.0975970342
2017-03-30,2,ret60_ret5_top5_riskoff0,0.9322881643,1.1082666270,1.0885918473
2017-03-31,2,ret60_ret5_top5_riskoff0,0.9322881643,1.1119893621,1.0947019442
2017-04-06,2,ret60_ret5_top5_riskoff0,0.9322881643,1.1371714809,1.1130734124
2017-04-07,3,ret60_ret5_top5_riskoff0,0.9322881643,1.1371714809,1.1130734124
2017-04-10,3,ret60_ret5_top5_riskoff0,0.9322881643,1.1309861028,1.1091748423
2017-04-11,3,ret60_ret5_top5_riskoff0,0.9322881643,1.1397940857,1.1130322749
2017-04-12,3,ret60_ret5_top5_riskoff0,0.9322881643,1.1318496236,1.1105355445
2017-04-13,3,ret60_ret5_top5_riskoff0,0.9322881643,1.1354272750,1.1121588939
2017-04-14,3,ret60_ret5_top5_riskoff0,0.9313558761,1.1219771435,1.1032763564
2017-04-17,3,ret60_ret5_top5_riskoff0,0.9264880027,1.1091187930,1.1012004943
2017-04-18,3,ret60_ret5_top5_riskoff0,0.9259172684,1.1009930462,1.0957576854
2017-04-19,3,ret60_ret5_top5_riskoff0,0.9166242826,1.0899647794,1.0904224669
2017-04-20,3,ret60_ret5_top5_riskoff0,0.9169757986,1.0881347082,1.0953811190
2017-04-21,3,ret60_ret5_top5_riskoff0,0.9097649872,1.0838364975,1.0970392771
2017-04-24,3,ret60_ret5_top5_riskoff0,0.8834139023,1.0592921970,1.0857960793
2017-04-25,3,ret60_ret5_top5_riskoff0,0.8926123629,1.0638271972,1.0888687348
2017-04-26,3,ret60_ret5_top5_riskoff0,0.8942786999,1.0658269879,1.0902009572
2017-04-27,3,ret60_ret5_top5_riskoff0,0.8955861632,1.0687631407,1.0906882785
2017-04-28,3,ret60_ret5_top5_riskoff0,0.8973185180,1.0719170158,1.0884826751
2017-05-02,3,ret60_ret5_top5_riskoff0,0.9024683736,1.0718145223,1.0843151290
2017-05-03,3,ret60_ret5_top5_riskoff0,0.8982330396,1.0686728253,1.0800589790
2017-05-04,3,ret60_ret5_top5_riskoff0,0.9018005216,1.0651036493,1.0772932726
2017-05-05,3,ret60_ret5_top5_riskoff0,0.8942360353,1.0527781033,1.0703821710
2017-05-08,3,ret60_ret5_top5_riskoff0,0.8731226052,1.0346564377,1.0628698289
2017-05-09,3,ret60_ret5_top5_riskoff0,0.8720895703,1.0380922054,1.0608825708
2017-05-10,3,ret60_ret5_top5_riskoff0,0.8583678944,1.0221242733,1.0561897303
2017-05-11,3,ret60_ret5_top5_riskoff0,0.8637293303,1.0205959364,1.0621863134
2017-05-12,3,ret60_ret5_top5_riskoff0,0.8623779942,1.0218225200,1.0712777029
2017-05-15,3,ret60_ret5_top5_riskoff0,0.8632984796,1.0257074137,1.0756477722
2017-05-16,3,ret60_ret5_top5_riskoff0,0.8632984796,1.0427965200,1.0849701647
2017-05-17,3,ret60_ret5_top5_riskoff0,0.8632984796,1.0439529291,1.0790590210
2017-05-18,3,ret60_ret5_top5_riskoff0,0.8632984796,1.0376381709,1.0753060144
2017-05-19,3,ret60_ret5_top5_riskoff0,0.8632984796,1.0380705813,1.0771223937
2017-05-22,3,ret60_ret5_top5_riskoff0,0.8632984796,1.0264451912,1.0794609029
2017-05-23,3,ret60_ret5_top5_riskoff0,0.8632984796,1.0082057353,1.0835588317
2017-05-24,3,ret60_ret5_top5_riskoff0,0.8632984796,1.0115117663,1.0835525028
2017-05-25,3,ret60_ret5_top5_riskoff0,0.8632984796,1.0218091208,1.1030105448
2017-05-26,3,ret60_ret5_top5_riskoff0,0.8632984796,1.0215848967,1.1013555511
2017-05-31,3,ret60_ret5_top5_riskoff0,0.8632984796,1.0211512604,1.1052952587
2017-06-01,3,ret60_ret5_top5_riskoff0,0.8632984796,1.0049156664,1.1068331687
2017-06-02,3,ret60_ret5_top5_riskoff0,0.8632984796,1.0114708148,1.1032795208
2017-06-05,3,ret60_ret5_top5_riskoff0,0.8632984796,1.0157817711,1.0976595041
2017-06-06,3,ret60_ret5_top5_riskoff0,0.8632984796,1.0212059236,1.1052952587
2017-06-07,3,ret60_ret5_top5_riskoff0,0.8632984796,1.0395699029,1.1182662319
2017-06-08,3,ret60_ret5_top5_riskoff0,0.8632984796,1.0426109038,1.1268449848
2017-06-09,3,ret60_ret5_top5_riskoff0,0.8632984796,1.0451165725,1.1316517445
2017-06-12,3,ret60_ret5_top5_riskoff0,0.8632984796,1.0356750011,1.1310884771
2017-06-13,3,ret60_ret5_top5_riskoff0,0.8632984796,1.0458682941,1.1335820430
2017-06-14,3,ret60_ret5_top5_riskoff0,0.8632984796,1.0409865032,1.1187187445
2017-06-15,3,ret60_ret5_top5_riskoff0,0.8632984796,1.0476737681,1.1166587046
2017-06-16,3,ret60_ret5_top5_riskoff0,0.8632984796,1.0454892146,1.1134847875
2017-06-19,3,ret60_ret5_top5_riskoff0,0.8632984796,1.0536315517,1.1245317910
2017-06-20,3,ret60_ret5_top5_riskoff0,0.8632984796,1.0531528944,1.1222597347
2017-06-21,3,ret60_ret5_top5_riskoff0,0.8632984796,1.0582781035,1.1353826002
2017-06-22,3,ret60_ret5_top5_riskoff0,0.8632984796,1.0462632908,1.1361357330
2017-06-23,3,ret60_ret5_top5_riskoff0,0.8632984796,1.0499386986,1.1464327681
2017-06-26,3,ret60_ret5_top5_riskoff0,0.8632984796,1.0634655261,1.1607391281
2017-06-27,3,ret60_ret5_top5_riskoff0,0.8632984796,1.0655203221,1.1628371410
2017-06-28,3,ret60_ret5_top5_riskoff0,0.8632984796,1.0586415678,1.1538027111
2017-06-29,3,ret60_ret5_top5_riskoff0,0.8632984796,1.0637897789,1.1609732954
2017-06-30,3,ret60_ret5_top5_riskoff0,0.8632984796,1.0653758344,1.1603309174
2017-07-03,3,ret60_ret5_top5_riskoff0,0.8632984796,1.0702371516,1.1552836614
2017-07-04,3,ret60_ret5_top5_riskoff0,0.8632984796,1.0653602740,1.1455150852
2017-07-05,3,ret60_ret5_top5_riskoff0,0.8632984796,1.0740192112,1.1580778476
2017-07-06,3,ret60_ret5_top5_riskoff0,0.8632984796,1.0750412429,1.1582107534
2017-07-07,3,ret60_ret5_top5_riskoff0,0.8632984796,1.0778335843,1.1568911887
2017-07-10,3,ret60_ret5_top5_riskoff0,0.8632984796,1.0746852571,1.1561823578
2017-07-11,3,ret60_ret5_top5_riskoff0,0.8632984796,1.0675755741,1.1615998513
2017-07-12,3,ret60_ret5_top5_riskoff0,0.8632984796,1.0655284817,1.1578057072
2017-07-13,3,ret60_ret5_top5_riskoff0,0.8632984796,1.0686969738,1.1666977381
2017-07-14,3,ret60_ret5_top5_riskoff0,0.8632984796,1.0664188613,1.1718146113
2017-07-17,3,ret60_ret5_top5_riskoff0,0.8632984796,1.0278065046,1.1593056441
2017-07-18,3,ret60_ret5_top5_riskoff0,0.8632984796,1.0360671387,1.1604511655
2017-07-19,3,ret60_ret5_top5_riskoff0,0.8632984796,1.0528082308,1.1802509652
2017-07-20,3,ret60_ret5_top5_riskoff0,0.8632984796,1.0581425803,1.1859880655
2017-07-24,3,ret60_ret5_top5_riskoff0,0.8632984796,1.0636209121,1.1845925546
2017-07-25,3,ret60_ret5_top5_riskoff0,0.8632984796,1.0594886651,1.1770264173
2017-07-26,3,ret60_ret5_top5_riskoff0,0.8632984796,1.0579000585,1.1725424288
2017-07-27,3,ret60_ret5_top5_riskoff0,0.8632984796,1.0651324930,1.1746942370
2017-07-28,3,ret60_ret5_top5_riskoff0,0.8632984796,1.0676171473,1.1777637281
2017-07-31,3,ret60_ret5_top5_riskoff0,0.8632984796,1.0765463742,1.1828204773
2017-08-01,3,ret60_ret5_top5_riskoff0,0.8632984796,1.0782614408,1.1931080191
2017-08-02,3,ret60_ret5_top5_riskoff0,0.8632984796,1.0719357624,1.1900923232
2017-08-03,3,ret60_ret5_top5_riskoff0,0.8632984796,1.0725143850,1.1796433958
2017-08-04,3,ret60_ret5_top5_riskoff0,0.8632984796,1.0687631206,1.1732354376
2017-08-07,3,ret60_ret5_top5_riskoff0,0.8632984796,1.0782045624,1.1793142957
2017-08-08,3,ret60_ret5_top5_riskoff0,0.8632984796,1.0807250255,1.1810294134
2017-08-09,3,ret60_ret5_top5_riskoff0,0.8632984796,1.0845396164,1.1806591759
2017-08-10,3,ret60_ret5_top5_riskoff0,0.8624351811,1.0769455750,1.1758745671
2017-08-11,3,ret60_ret5_top5_riskoff0,0.8280399694,1.0572196696,1.1541761131
2017-08-14,3,ret60_ret5_top5_riskoff0,0.8377435934,1.0745035327,1.1691533309
2017-08-15,3,ret60_ret5_top5_riskoff0,0.8403374943,1.0771706035,1.1727544452
2017-08-16,3,ret60_ret5_top5_riskoff0,0.8349122166,1.0794920790,1.1712861526
2017-08-17,3,ret60_ret5_top5_riskoff0,0.8437411732,1.0879398767,1.1775706982
2017-08-18,3,ret60_ret5_top5_riskoff0,0.8392804930,1.0860791603,1.1786434379
2017-08-21,3,ret60_ret5_top5_riskoff0,0.8494378060,1.0947405297,1.1838077775
2017-08-22,3,ret60_ret5_top5_riskoff0,0.8526196487,1.0914672783,1.1873867408
2017-08-23,3,ret60_ret5_top5_riskoff0,0.8441350782,1.0859261615,1.1885860575
2017-08-24,3,ret60_ret5_top5_riskoff0,0.8403634149,1.0797287155,1.1818015328
2017-08-25,3,ret60_ret5_top5_riskoff0,0.8612800005,1.0922941353,1.2011361622
2017-08-28,3,ret60_ret5_top5_riskoff0,0.8745853681,1.1039612689,1.2159962964
2017-08-29,3,ret60_ret5_top5_riskoff0,0.8742260930,1.1022228148,1.2134109621
2017-08-30,3,ret60_ret5_top5_riskoff0,0.8842273199,1.1067702434,1.2133350160
2017-08-31,3,ret60_ret5_top5_riskoff0,0.8868776057,1.1084133090,1.2094712545
2017-09-01,3,ret60_ret5_top5_riskoff0,0.9044182804,1.1155839240,1.2121451926
2017-09-04,3,ret60_ret5_top5_riskoff0,0.9080129418,1.1217111305,1.2169171437
2017-09-05,3,ret60_ret5_top5_riskoff0,0.9060700257,1.1218923862,1.2205340801
2017-09-06,3,ret60_ret5_top5_riskoff0,0.9076322346,1.1250640268,1.2181291180
2017-09-07,3,ret60_ret5_top5_riskoff0,0.8951414012,1.1192485813,1.2119331762
2017-09-08,3,ret60_ret5_top5_riskoff0,0.8972035522,1.1208429837,1.2107053798
2017-09-11,3,ret60_ret5_top5_riskoff0,0.9037660390,1.1282004740,1.2105977894
2017-09-12,3,ret60_ret5_top5_riskoff0,0.9061421552,1.1271133142,1.2144837018
2017-09-13,3,ret60_ret5_top5_riskoff0,0.9101189468,1.1326083852,1.2159646521
2017-09-14,3,ret60_ret5_top5_riskoff0,0.8971737631,1.1312064709,1.2119616560
2017-09-15,3,ret60_ret5_top5_riskoff0,0.8792505241,1.1266990557,1.2123856888
2017-09-18,3,ret60_ret5_top5_riskoff0,0.8816739903,1.1321468644,1.2161323666
2017-09-19,3,ret60_ret5_top5_riskoff0,0.8785677810,1.1276727776,1.2126451716
2017-09-20,3,ret60_ret5_top5_riskoff0,0.8864484819,1.1352322351,1.2159108569
2017-09-21,3,ret60_ret5_top5_riskoff0,0.8779073195,1.1263515689,1.2144488931
2017-09-22,3,ret60_ret5_top5_riskoff0,0.8725568601,1.1230997816,1.2144204133
2017-09-25,3,ret60_ret5_top5_riskoff0,0.8631256906,1.1112900844,1.2081105523
2017-09-26,3,ret60_ret5_top5_riskoff0,0.8699385290,1.1137415028,1.2090567150
2017-09-27,3,ret60_ret5_top5_riskoff0,0.8754270871,1.1204029242,1.2091896208
2017-09-28,3,ret60_ret5_top5_riskoff0,0.8684824571,1.1173787994,1.2096136536
2017-09-29,3,ret60_ret5_top5_riskoff0,0.8724508580,1.1242708902,1.2140311892
2017-10-09,3,ret60_ret5_top5_riskoff0,0.8774515211,1.1365616270,1.2284957704
2017-10-10,3,ret60_ret5_top5_riskoff0,0.8721224334,1.1414969386,1.2309165546
2017-10-11,3,ret60_ret5_top5_riskoff0,0.8687959991,1.1406442452,1.2349765103
2017-10-12,3,ret60_ret5_top5_riskoff0,0.8675560249,1.1399993860,1.2382232091
2017-10-13,4,ret60_ret5_top5_riskoff0,0.8675560249,1.1399993860,1.2382232091
2017-10-16,4,ret60_ret5_top5_riskoff0,0.8629637907,1.1273117007,1.2358389742
2017-10-17,4,ret60_ret5_top5_riskoff0,0.8553234402,1.1266817343,1.2357189729
2017-10-18,4,ret60_ret5_top5_riskoff0,0.8487904070,1.1224511720,1.2455369682
2017-10-19,4,ret60_ret5_top5_riskoff0,0.8418971325,1.1128693339,1.2414600844
2017-10-20,4,ret60_ret5_top5_riskoff0,0.8497424546,1.1219015555,1.2400705965
2017-10-23,4,ret60_ret5_top5_riskoff0,0.8500792016,1.1261676135,1.2413179777
2017-10-24,4,ret60_ret5_top5_riskoff0,0.8517317338,1.1256469889,1.2503496491
2017-10-25,4,ret60_ret5_top5_riskoff0,0.8529495025,1.1323553685,1.2558918111
2017-10-26,4,ret60_ret5_top5_riskoff0,0.8641299536,1.1377540145,1.2611434439
2017-10-27,4,ret60_ret5_top5_riskoff0,0.8617915185,1.1349690769,1.2701087989
2017-10-30,4,ret60_ret5_top5_riskoff0,0.8448803701,1.1171591549,1.2662403382
2017-10-31,4,ret60_ret5_top5_riskoff0,0.8501472300,1.1234816710,1.2652929601
2017-11-01,4,ret60_ret5_top5_riskoff0,0.8509560059,1.1226339026,1.2621034537
2017-11-02,4,ret60_ret5_top5_riskoff0,0.8475160422,1.1149765834,1.2622645080
2017-11-03,4,ret60_ret5_top5_riskoff0,0.8412347625,1.1075793895,1.2608655463
2017-11-06,4,ret60_ret5_top5_riskoff0,0.8562341915,1.1188897760,1.2697677427
2017-11-07,4,ret60_ret5_top5_riskoff0,0.8639325307,1.1268674778,1.2803025875
2017-11-08,4,ret60_ret5_top5_riskoff0,0.8637950297,1.1287515791,1.2783320410
2017-11-09,4,ret60_ret5_top5_riskoff0,0.8703938344,1.1357319472,1.2871394996
2017-11-10,4,ret60_ret5_top5_riskoff0,0.8862736986,1.1397967741,1.2985111951
2017-11-13,4,ret60_ret5_top5_riskoff0,0.8907584364,1.1434599817,1.3036144052
2017-11-14,4,ret60_ret5_top5_riskoff0,0.8738906655,1.1363406949,1.2945448386
2017-11-15,4,ret60_ret5_top5_riskoff0,0.8714870255,1.1264230539,1.2864352819
2017-11-16,4,ret60_ret5_top5_riskoff0,0.8807213211,1.1279387489,1.2963322254
2017-11-17,4,ret60_ret5_top5_riskoff0,0.8588592831,1.1038762326,1.3013343819
2017-11-20,4,ret60_ret5_top5_riskoff0,0.8659166869,1.1096945399,1.3085912983
2017-11-21,4,ret60_ret5_top5_riskoff0,0.8820514593,1.1166547464,1.3319189057
2017-11-22,4,ret60_ret5_top5_riskoff0,0.8702508716,1.1176197781,1.3350357797
2017-11-23,4,ret60_ret5_top5_riskoff0,0.8377262820,1.0895652276,1.2955080064
2017-11-24,4,ret60_ret5_top5_riskoff0,0.8337818694,1.0902193124,1.2960764333
2017-11-27,4,ret60_ret5_top5_riskoff0,0.8121775551,1.0762569348,1.2789446789
2017-11-28,4,ret60_ret5_top5_riskoff0,0.8244057913,1.0891807543,1.2807983820
2017-11-29,4,ret60_ret5_top5_riskoff0,0.8155227500,1.0918737651,1.2801446911
2017-11-30,4,ret60_ret5_top5_riskoff0,0.8116705667,1.0837837039,1.2650971686
2017-12-01,4,ret60_ret5_top5_riskoff0,0.8156017867,1.0882720424,1.2625834586
2017-12-04,4,ret60_ret5_top5_riskoff0,0.8182882377,1.0823260707,1.2691266836
2017-12-05,4,ret60_ret5_top5_riskoff0,0.8088084109,1.0668257275,1.2758562262
2017-12-06,4,ret60_ret5_top5_riskoff0,0.8114262979,1.0701452992,1.2681666737
2017-12-07,4,ret60_ret5_top5_riskoff0,0.7999507522,1.0637018205,1.2540317921
2017-12-08,4,ret60_ret5_top5_riskoff0,0.8102931790,1.0746183627,1.2642382124
2017-12-11,4,ret60_ret5_top5_riskoff0,0.8269185377,1.0885814490,1.2851184263
2017-12-12,4,ret60_ret5_top5_riskoff0,0.8174912498,1.0768057622,1.2682298323
2017-12-13,4,ret60_ret5_top5_riskoff0,0.8267930452,1.0845966541,1.2789888898
2017-12-14,4,ret60_ret5_top5_riskoff0,0.8248642319,1.0836128279,1.2714288124
2017-12-15,4,ret60_ret5_top5_riskoff0,0.8145662640,1.0756965304,1.2571265606
2017-12-18,4,ret60_ret5_top5_riskoff0,0.8177890733,1.0732582297,1.2585255223
2017-12-19,4,ret60_ret5_top5_riskoff0,0.8269410219,1.0813813569,1.2743277895
2017-12-20,4,ret60_ret5_top5_riskoff0,0.8251418752,1.0744972769,1.2727993527
2017-12-21,4,ret60_ret5_top5_riskoff0,0.8332569258,1.0800000845,1.2845973683
2017-12-22,4,ret60_ret5_top5_riskoff0,0.8312082250,1.0787244941,1.2804131149
2017-12-25,4,ret60_ret5_top5_riskoff0,0.8319752865,1.0691159211,1.2762888622
2017-12-26,4,ret60_ret5_top5_riskoff0,0.8313501239,1.0742866154,1.2801036381
2017-12-27,4,ret60_ret5_top5_riskoff0,0.8165513625,1.0665009212,1.2603950152
2017-12-28,4,ret60_ret5_top5_riskoff0,0.8255747348,1.0725042691,1.2691393153
2017-12-29,4,ret60_ret5_top5_riskoff0,0.8272145003,1.0784895113,1.2729161961
2018-01-02,4,ret60_ret5_top5_riskoff0,0.8459989316,1.0919001715,1.2907711158
2018-01-03,4,ret60_ret5_top5_riskoff0,0.8498636878,1.1015365365,1.2983469828
2018-01-04,4,ret60_ret5_top5_riskoff0,0.8590420467,1.1058609608,1.3038480918
2018-01-05,4,ret60_ret5_top5_riskoff0,0.8666703596,1.1066094328,1.3069870713
2018-01-08,4,ret60_ret5_top5_riskoff0,0.8680161842,1.1121293309,1.3137481932
2018-01-09,4,ret60_ret5_top5_riskoff0,0.8817023494,1.1133587302,1.3229503927
2018-01-10,4,ret60_ret5_top5_riskoff0,0.8882701355,1.1101765983,1.3287957158
2018-01-11,4,ret60_ret5_top5_riskoff0,0.8866608681,1.1110171674,1.3280946560
2018-01-12,4,ret60_ret5_top5_riskoff0,0.8963498606,1.1096675950,1.3342241924
2018-01-15,4,ret60_ret5_top5_riskoff0,0.9002212325,1.0914056729,1.3342999827
2018-01-16,4,ret60_ret5_top5_riskoff0,0.9042238095,1.1002151885,1.3447937744
2018-01-17,4,ret60_ret5_top5_riskoff0,0.8980813370,1.0968341468,1.3415253198
2018-01-18,4,ret60_ret5_top5_riskoff0,0.9035627224,1.1007224874,1.3488832900
2018-01-19,4,ret60_ret5_top5_riskoff0,0.9028667771,1.1003457635,1.3532980720
2018-01-22,4,ret60_ret5_top5_riskoff0,0.9202639607,1.1129716062,1.3694666587
2018-01-23,4,ret60_ret5_top5_riskoff0,0.9272455320,1.1176625330,1.3839962812
2018-01-24,4,ret60_ret5_top5_riskoff0,0.9251688219,1.1220855184,1.3862952521
2018-01-25,4,ret60_ret5_top5_riskoff0,0.9171705995,1.1209138304,1.3784604350
2018-01-26,4,ret60_ret5_top5_riskoff0,0.9226807665,1.1216097369,1.3835825927
2018-01-29,4,ret60_ret5_top5_riskoff0,0.9003827551,1.1080473973,1.3585465468
2018-01-30,4,ret60_ret5_top5_riskoff0,0.8929682762,1.1021481075,1.3440453457
2018-01-31,4,ret60_ret5_top5_riskoff0,0.9001984728,1.0892937160,1.3502980413
2018-02-01,4,ret60_ret5_top5_riskoff0,0.8911682311,1.0604206505,1.3408242600
2018-02-02,4,ret60_ret5_top5_riskoff0,0.8885434433,1.0646152375,1.3488232893
2018-02-05,4,ret60_ret5_top5_riskoff0,0.8885434433,1.0618350273,1.3497454040
2018-02-06,4,ret60_ret5_top5_riskoff0,0.8885434433,1.0159524475,1.3101892094
2018-02-07,4,ret60_ret5_top5_riskoff0,0.8885434433,1.0081705119,1.2791183648
2018-02-08,4,ret60_ret5_top5_riskoff0,0.8885434433,1.0119599033,1.2669761352
2018-02-09,4,ret60_ret5_top5_riskoff0,0.8885434433,0.9744205308,1.2128492650
2018-02-12,4,ret60_ret5_top5_riskoff0,0.8885434433,0.9946972267,1.2284652144
2018-02-13,4,ret60_ret5_top5_riskoff0,0.8885434433,1.0008082937,1.2428432564
2018-02-14,4,ret60_ret5_top5_riskoff0,0.8885434433,1.0071670190,1.2527370420
2018-02-22,4,ret60_ret5_top5_riskoff0,0.8885434433,1.0272283392,1.2798225826
2018-02-23,4,ret60_ret5_top5_riskoff0,0.8885434433,1.0315272367,1.2856205367
2018-02-26,4,ret60_ret5_top5_riskoff0,0.8885434433,1.0494664097,1.3005670056
2018-02-27,4,ret60_ret5_top5_riskoff0,0.8885434433,1.0434038632,1.2817962870
2018-02-28,4,ret60_ret5_top5_riskoff0,0.8885434433,1.0426507017,1.2706361727
2018-03-01,4,ret60_ret5_top5_riskoff0,0.8885434433,1.0525480957,1.2786730971
2018-03-02,4,ret60_ret5_top5_riskoff0,0.8885434433,1.0458705943,1.2683687811
2018-03-05,4,ret60_ret5_top5_riskoff0,0.8885434433,1.0473544198,1.2688866811
2018-03-06,4,ret60_ret5_top5_riskoff0,0.8885434433,1.0598209502,1.2841899957
2018-03-07,4,ret60_ret5_top5_riskoff0,0.8885434433,1.0516387708,1.2747446358
2018-03-08,4,ret60_ret5_top5_riskoff0,0.8885434433,1.0600361066,1.2876763472
2018-03-09,4,ret60_ret5_top5_riskoff0,0.8876548999,1.0717606752,1.2975511852
2018-03-12,4,ret60_ret5_top5_riskoff0,0.8901395000,1.0833559746,1.3034880881
2018-03-13,4,ret60_ret5_top5_riskoff0,0.8864402038,1.0769482179,1.2919869177
2018-03-14,4,ret60_ret5_top5_riskoff0,0.8861709485,1.0697352242,1.2863310703
2018-03-15,4,ret60_ret5_top5_riskoff0,0.8901096539,1.0687049772,1.2935374599
2018-03-16,4,ret60_ret5_top5_riskoff0,0.8796346537,1.0625934792,1.2809878577
2018-03-19,4,ret60_ret5_top5_riskoff0,0.8777499851,1.0625616111,1.2866184417
2018-03-20,4,ret60_ret5_top5_riskoff0,0.8764936543,1.0638157238,1.2877079265
2018-03-21,4,ret60_ret5_top5_riskoff0,0.8723590057,1.0580149118,1.2824499779
2018-03-22,4,ret60_ret5_top5_riskoff0,0.8601233124,1.0533767421,1.2695972147
2018-03-23,4,ret60_ret5_top5_riskoff0,0.8323187269,1.0093017531,1.2331515782
2018-03-26,4,ret60_ret5_top5_riskoff0,0.8237080541,1.0153982121,1.2252409709
2018-03-27,4,ret60_ret5_top5_riskoff0,0.8293429935,1.0340079004,1.2357821315
2018-03-28,4,ret60_ret5_top5_riskoff0,0.8165059114,1.0216046780,1.2135029559
2018-03-29,4,ret60_ret5_top5_riskoff0,0.8311767972,1.0323945667,1.2297125956
2018-03-30,4,ret60_ret5_top5_riskoff0,0.8285411643,1.0410570077,1.2311178732
2018-04-02,4,ret60_ret5_top5_riskoff0,0.8261820252,1.0428715641,1.2274609936
2018-04-03,4,ret60_ret5_top5_riskoff0,0.8203245996,1.0339470036,1.2197430198
2018-04-04,4,ret60_ret5_top5_riskoff0,0.8233153450,1.0293778752,1.2173366794
2018-04-09,4,ret60_ret5_top5_riskoff0,0.8222661015,1.0302146400,1.2167271995
2018-04-10,4,ret60_ret5_top5_riskoff0,0.8369474714,1.0388701367,1.2401716501
2018-04-11,4,ret60_ret5_top5_riskoff0,0.8369474714,1.0430177916,1.2436990547
2018-04-12,4,ret60_ret5_top5_riskoff0,0.8369474714,1.0353600798,1.2311620842
2018-04-13,4,ret60_ret5_top5_riskoff0,0.8369474714,1.0321245677,1.2224777847
2018-04-16,4,ret60_ret5_top5_riskoff0,0.8369474714,1.0230418985,1.2028102148
2018-04-17,4,ret60_ret5_top5_riskoff0,0.8369474714,1.0033248684,1.1837931779
2018-04-18,4,ret60_ret5_top5_riskoff0,0.8369474714,1.0113064896,1.1893637613
2018-04-19,5,ret60_ret5_top5_riskoff0,0.8369474714,1.0113064896,1.1893637613
2018-04-20,5,ret60_ret5_top5_riskoff0,0.8369474714,0.9933150341,1.1734539492
2018-04-23,5,ret60_ret5_top5_riskoff0,0.8369474714,0.9878839919,1.1751638094
2018-04-24,5,ret60_ret5_top5_riskoff0,0.8369474714,1.0082357486,1.1992391399
2018-04-25,5,ret60_ret5_top5_riskoff0,0.8369474714,1.0080028793,1.1946243895
2018-04-26,5,ret60_ret5_top5_riskoff0,0.8369474714,0.9891226464,1.1717815312
2018-04-27,5,ret60_ret5_top5_riskoff0,0.8369474714,0.9894900575,1.1722152366
2018-05-02,5,ret60_ret5_top5_riskoff0,0.8369474714,0.9886463421,1.1743276004
2018-05-03,5,ret60_ret5_top5_riskoff0,0.8369474714,0.9969585930,1.1834853369
2018-05-04,5,ret60_ret5_top5_riskoff0,0.8369474714,0.9942546892,1.1777442005
2018-05-07,5,ret60_ret5_top5_riskoff0,0.8369474714,1.0103400906,1.1963373699
2018-05-08,5,ret60_ret5_top5_riskoff0,0.8369474714,1.0182479824,1.2102190631
2018-05-09,5,ret60_ret5_top5_riskoff0,0.8369474714,1.0168491454,1.2080162141
2018-05-10,5,ret60_ret5_top5_riskoff0,0.8369474714,1.0212502113,1.2147058860
2018-05-11,5,ret60_ret5_top5_riskoff0,0.8369474714,1.0140644809,1.2083968764
2018-05-14,5,ret60_ret5_top5_riskoff0,0.8369474714,1.0141140508,1.2197699427
2018-05-15,5,ret60_ret5_top5_riskoff0,0.8369474714,1.0213900769,1.2243909334
2018-05-16,5,ret60_ret5_top5_riskoff0,0.8369474714,1.0167140395,1.2146372420
2018-05-17,5,ret60_ret5_top5_riskoff0,0.8369474714,1.0115336194,1.2056542357
2018-05-18,5,ret60_ret5_top5_riskoff0,0.8369474714,1.0184846247,1.2178260688
2018-05-21,5,ret60_ret5_top5_riskoff0,0.8369474714,1.0279461012,1.2234985612
2018-05-22,5,ret60_ret5_top5_riskoff0,0.8369474714,1.0286330632,1.2188089264
2018-05-23,5,ret60_ret5_top5_riskoff0,0.8369474714,1.0157859128,1.2026994226
2018-05-24,5,ret60_ret5_top5_riskoff0,0.8369474714,1.0115917116,1.1941626024
2018-05-25,5,ret60_ret5_top5_riskoff0,0.8369474714,1.0043120760,1.1908177665
2018-05-28,5,ret60_ret5_top5_riskoff0,0.8369474714,1.0005200107,1.1960471929
2018-05-29,5,ret60_ret5_top5_riskoff0,0.8369474714,0.9943707700,1.1869206582
2018-05-30,5,ret60_ret5_top5_riskoff0,0.8369474714,0.9679210100,1.1617595040
2018-05-31,5,ret60_ret5_top5_riskoff0,0.8369474714,0.9856559642,1.1864120684
2018-06-01,5,ret60_ret5_top5_riskoff0,0.8369474714,0.9775649381,1.1764930072
2018-06-04,5,ret60_ret5_top5_riskoff0,0.8369474714,0.9791249218,1.1880345634
2018-06-05,5,ret60_ret5_top5_riskoff0,0.8369474714,0.9909748125,1.1998101333
2018-06-06,5,ret60_ret5_top5_riskoff0,0.8369474714,0.9917362160,1.1973233476
2018-06-07,5,ret60_ret5_top5_riskoff0,0.8369474714,0.9870164501,1.1953451517
2018-06-08,5,ret60_ret5_top5_riskoff0,0.8369474714,0.9745514456,1.1793105323
2018-06-11,5,ret60_ret5_top5_riskoff0,0.8369474714,0.9701741103,1.1794228589
2018-06-12,5,ret60_ret5_top5_riskoff0,0.8369474714,0.9800981479,1.1937663392
2018-06-13,5,ret60_ret5_top5_riskoff0,0.8369474714,0.9673368367,1.1820313317
2018-06-14,5,ret60_ret5_top5_riskoff0,0.8369474714,0.9632283190,1.1773604181
2018-06-15,5,ret60_ret5_top5_riskoff0,0.8369474714,0.9488040032,1.1711387735
2018-06-19,5,ret60_ret5_top5_riskoff0,0.8369474714,0.8978524077,1.1298556349
2018-06-20,5,ret60_ret5_top5_riskoff0,0.8369474714,0.9042030063,1.1343237367
2018-06-21,5,ret60_ret5_top5_riskoff0,0.8369474714,0.8888141693,1.1210723203
2018-06-22,5,ret60_ret5_top5_riskoff0,0.8369474714,0.8978876713,1.1260427715
2018-06-25,5,ret60_ret5_top5_riskoff0,0.8369474714,0.8907608076,1.1109348464
2018-06-26,5,ret60_ret5_top5_riskoff0,0.8369474714,0.8911428278,1.1017708695
2018-06-27,5,ret60_ret5_top5_riskoff0,0.8369474714,0.8804740734,1.0793523561
2018-06-28,5,ret60_ret5_top5_riskoff0,0.8369474714,0.8713510872,1.0682039429
2018-06-29,5,ret60_ret5_top5_riskoff0,0.8369474714,0.8945360740,1.0954899415
2018-07-02,5,ret60_ret5_top5_riskoff0,0.8369474714,0.8765053162,1.0633458183
2018-07-03,5,ret60_ret5_top5_riskoff0,0.8369474714,0.8822526443,1.0637576824
2018-07-04,5,ret60_ret5_top5_riskoff0,0.8369474714,0.8694095389,1.0495514901
2018-07-05,5,ret60_ret5_top5_riskoff0,0.8369474714,0.8526800646,1.0429023806
2018-07-06,5,ret60_ret5_top5_riskoff0,0.8369474714,0.8565486657,1.0499789552
2018-07-09,5,ret60_ret5_top5_riskoff0,0.8369474714,0.8757389825,1.0793273946
2018-07-10,5,ret60_ret5_top5_riskoff0,0.8369474714,0.8812557506,1.0819296270
2018-07-11,5,ret60_ret5_top5_riskoff0,0.8369474714,0.8638455974,1.0632116504
2018-07-12,5,ret60_ret5_top5_riskoff0,0.8369474714,0.8839419365,1.0861543546
2018-07-13,5,ret60_ret5_top5_riskoff0,0.8369474714,0.8869967645,1.0897831272
2018-07-16,5,ret60_ret5_top5_riskoff0,0.8369474714,0.8861063463,1.0833555506
2018-07-17,5,ret60_ret5_top5_riskoff0,0.8369474714,0.8849004513,1.0762696154
2018-07-18,5,ret60_ret5_top5_riskoff0,0.8369474714,0.8802097997,1.0706345653
2018-07-19,5,ret60_ret5_top5_riskoff0,0.8369474714,0.8752849597,1.0697047508
2018-07-20,5,ret60_ret5_top5_riskoff0,0.8369474714,0.8860174550,1.0898455308
2018-07-23,5,ret60_ret5_top5_riskoff0,0.8369474714,0.8960230195,1.1000984515
2018-07-24,5,ret60_ret5_top5_riskoff0,0.8369474714,0.9122293675,1.1175589945
2018-07-25,5,ret60_ret5_top5_riskoff0,0.8369474714,0.9129117665,1.1163234021
2018-07-26,5,ret60_ret5_top5_riskoff0,0.8369474714,0.9072219621,1.1033746434
2018-07-27,5,ret60_ret5_top5_riskoff0,0.8369474714,0.9033081339,1.0986881289
2018-07-30,5,ret60_ret5_top5_riskoff0,0.8369474714,0.8960529406,1.0967692165
2018-07-31,5,ret60_ret5_top5_riskoff0,0.8369474714,0.8960464540,1.0975742236
2018-08-01,5,ret60_ret5_top5_riskoff0,0.8369474714,0.8809085171,1.0756486991
2018-08-02,5,ret60_ret5_top5_riskoff0,0.8369474714,0.8606719109,1.0518011419
2018-08-03,5,ret60_ret5_top5_riskoff0,0.8369474714,0.8486882921,1.0344279641
2018-08-06,5,ret60_ret5_top5_riskoff0,0.8369474714,0.8337782153,1.0213200761
2018-08-07,5,ret60_ret5_top5_riskoff0,0.8369474714,0.8562885390,1.0511490237
2018-08-08,5,ret60_ret5_top5_riskoff0,0.8369474714,0.8442272098,1.0341877100
2018-08-09,5,ret60_ret5_top5_riskoff0,0.8369474714,0.8626199254,1.0600914676
2018-08-10,5,ret60_ret5_top5_riskoff0,0.8369474714,0.8662917856,1.0624284845
2018-08-13,5,ret60_ret5_top5_riskoff0,0.8369474714,0.8676846122,1.0578480562
2018-08-14,5,ret60_ret5_top5_riskoff0,0.8369474714,0.8649534206,1.0524095776
2018-08-15,5,ret60_ret5_top5_riskoff0,0.8369474714,0.8468721127,1.0271579381
2018-08-16,5,ret60_ret5_top5_riskoff0,0.8369474714,0.8387538692,1.0223996594
2018-08-17,5,ret60_ret5_top5_riskoff0,0.8369474714,0.8252578859,1.0077004782
2018-08-20,5,ret60_ret5_top5_riskoff0,0.8369474714,0.8305382551,1.0194417261
2018-08-21,5,ret60_ret5_top5_riskoff0,0.8369474714,0.8420226790,1.0379756119
2018-08-22,5,ret60_ret5_top5_riskoff0,0.8369474714,0.8343166856,1.0321408701
2018-08-23,5,ret60_ret5_top5_riskoff0,0.8369474714,0.8370514032,1.0359100509
2018-08-24,5,ret60_ret5_top5_riskoff0,0.8369474714,0.8350961889,1.0375637478
2018-08-27,5,ret60_ret5_top5_riskoff0,0.8369474714,0.8542471428,1.0629121129
2018-08-28,5,ret60_ret5_top5_riskoff0,0.8369474714,0.8548875470,1.0609151959
2018-08-29,5,ret60_ret5_top5_riskoff0,0.8369474714,0.8502226194,1.0566717473
2018-08-30,5,ret60_ret5_top5_riskoff0,0.8369474714,0.8391891525,1.0456013387
2018-08-31,5,ret60_ret5_top5_riskoff0,0.8369474714,0.8318164835,1.0404249554
2018-09-03,5,ret60_ret5_top5_riskoff0,0.8369474714,0.8304817149,1.0364685636
2018-09-04,5,ret60_ret5_top5_riskoff0,0.8369474714,0.8399301514,1.0495982929
2018-09-05,5,ret60_ret5_top5_riskoff0,0.8369474714,0.8262675116,1.0290799707
2018-09-06,5,ret60_ret5_top5_riskoff0,0.8369474714,0.8207233414,1.0180782062
2018-09-07,5,ret60_ret5_top5_riskoff0,0.8369474714,0.8234942273,1.0226835960
2018-09-10,5,ret60_ret5_top5_riskoff0,0.8369474714,0.8094824390,1.0078408864
2018-09-11,5,ret60_ret5_top5_riskoff0,0.8369474714,0.8088006460,1.0060124593
2018-09-12,5,ret60_ret5_top5_riskoff0,0.8369474714,0.8067542722,0.9990887736
2018-09-13,5,ret60_ret5_top5_riskoff0,0.8369474714,0.8142352665,1.0098690052
2018-09-14,5,ret60_ret5_top5_riskoff0,0.8369474714,0.8102792027,1.0115913461
2018-09-17,5,ret60_ret5_top5_riskoff0,0.8369474714,0.7988934724,0.9999936267
2018-09-18,5,ret60_ret5_top5_riskoff0,0.8369474714,0.8138519333,1.0201219259
2018-09-19,5,ret60_ret5_top5_riskoff0,0.8369474714,0.8237937794,1.0335543129
2018-09-20,5,ret60_ret5_top5_riskoff0,0.8369474714,0.8226511879,1.0328210699
2018-09-21,5,ret60_ret5_top5_riskoff0,0.8369474714,0.8382898764,1.0641352245
2018-09-25,5,ret60_ret5_top5_riskoff0,0.8369474714,0.8344358231,1.0545593835
2018-09-26,5,ret60_ret5_top5_riskoff0,0.8369474714,0.8397953842,1.0662413479
2018-09-27,5,ret60_ret5_top5_riskoff0,0.8369474714,0.8306991998,1.0619822984
2018-09-28,5,ret60_ret5_top5_riskoff0,0.8369474714,0.8386061816,1.0729903033
2018-10-08,5,ret60_ret5_top5_riskoff0,0.8369474714,0.8086278997,1.0268209584
2018-10-09,5,ret60_ret5_top5_riskoff0,0.8369474714,0.8090148814,1.0261313980
2018-10-10,5,ret60_ret5_top5_riskoff0,0.8369474714,0.8092225583,1.0239191884
2018-10-11,5,ret60_ret5_top5_riskoff0,0.8369474714,0.7591397779,0.9747794294
2018-10-12,5,ret60_ret5_top5_riskoff0,0.8369474714,0.7610832106,0.9893257217
2018-10-15,5,ret60_ret5_top5_riskoff0,0.8369474714,0.7497761097,0.9755095522
2018-10-16,5,ret60_ret5_top5_riskoff0,0.8369474714,0.7366268819,0.9675593264
2018-10-17,5,ret60_ret5_top5_riskoff0,0.8369474714,0.7412319718,0.9729510023
2018-10-18,5,ret60_ret5_top5_riskoff0,0.8369474714,0.7197671616,0.9499053321
2018-10-19,5,ret60_ret5_top5_riskoff0,0.8369474714,0.7368334074,0.9781617076
2018-10-22,5,ret60_ret5_top5_riskoff0,0.8369474714,0.7713167625,1.0203840213
2018-10-23,5,ret60_ret5_top5_riskoff0,0.8369474714,0.7566709331,0.9932883538
2018-10-24,5,ret60_ret5_top5_riskoff0,0.8369474714,0.7560711667,0.9947766810
2018-10-25,6,ret60_ret5_top5_riskoff0,0.8369474714,0.7560711667,0.9947766810
2018-10-26,6,ret60_ret5_top5_riskoff0,0.8369474714,0.7563085315,0.9883395995
2018-10-29,6,ret60_ret5_top5_riskoff0,0.8369474714,0.7398253704,0.9582095733
2018-10-30,6,ret60_ret5_top5_riskoff0,0.8369474714,0.7463031334,0.9686017074
2018-10-31,6,ret60_ret5_top5_riskoff0,0.8369474714,0.7588316568,0.9821672261
2018-11-01,6,ret60_ret5_top5_riskoff0,0.8369474714,0.7637328397,0.9893953182
2018-11-02,6,ret60_ret5_top5_riskoff0,0.8369474714,0.7881063334,1.0246544558
2018-11-05,6,ret60_ret5_top5_riskoff0,0.8369474714,0.7889394855,1.0161183936
2018-11-06,6,ret60_ret5_top5_riskoff0,0.8369474714,0.7869950411,1.0099865051
2018-11-07,6,ret60_ret5_top5_riskoff0,0.8369474714,0.7834079444,1.0033719133
2018-11-08,6,ret60_ret5_top5_riskoff0,0.8369474714,0.7805674813,1.0005255212
2018-11-09,6,ret60_ret5_top5_riskoff0,0.8369474714,0.7758663163,0.9864087864
2018-11-12,6,ret60_ret5_top5_riskoff0,0.8369474714,0.7925585137,0.9981493754
2018-11-13,6,ret60_ret5_top5_riskoff0,0.8369474714,0.8049948898,1.0081896033
2018-11-14,6,ret60_ret5_top5_riskoff0,0.8369474714,0.8017657500,0.9980870911
2018-11-15,6,ret60_ret5_top5_riskoff0,0.8369474714,0.8133396522,1.0097435963
2018-11-16,6,ret60_ret5_top5_riskoff0,0.8369474714,0.8195458562,1.0145083447
2018-11-19,6,ret60_ret5_top5_riskoff0,0.8369474714,0.8241235667,1.0260091392
2018-11-20,6,ret60_ret5_top5_riskoff0,0.8369474714,0.8036766655,1.0022819382
2018-11-21,6,ret60_ret5_top5_riskoff0,0.8369474714,0.8075307082,1.0047982236
2018-11-22,6,ret60_ret5_top5_riskoff0,0.8369474714,0.8060959096,1.0010424808
2018-11-23,6,ret60_ret5_top5_riskoff0,0.8369474714,0.7783108658,0.9789471283
2018-11-26,6,ret60_ret5_top5_riskoff0,0.8369474714,0.7767767784,0.9782495442
2018-11-27,6,ret60_ret5_top5_riskoff0,0.8369474714,0.7793478032,0.9770038583
2018-11-28,6,ret60_ret5_top5_riskoff0,0.8369474714,0.7890081687,0.9899870190
2018-11-29,6,ret60_ret5_top5_riskoff0,0.8369474714,0.7739036501,0.9771315411
2018-11-30,6,ret60_ret5_top5_riskoff0,0.8369474714,0.7798704178,0.9880437491
2018-12-03,6,ret60_ret5_top5_riskoff0,0.8369474714,0.8033306833,1.0155298071
2018-12-04,6,ret60_ret5_top5_riskoff0,0.8369474714,0.8079820067,1.0176350161
2018-12-05,6,ret60_ret5_top5_riskoff0,0.8369474714,0.8031548621,1.0127425850
2018-12-06,6,ret60_ret5_top5_riskoff0,0.8369474714,0.7883429394,0.9908403138
2018-12-07,6,ret60_ret5_top5_riskoff0,0.8369474714,0.7899382425,0.9908060574
2018-12-10,6,ret60_ret5_top5_riskoff0,0.8369474714,0.7811969724,0.9793457477
2018-12-11,6,ret60_ret5_top5_riskoff0,0.8369474714,0.7863458923,0.9840357549
2018-12-12,6,ret60_ret5_top5_riskoff0,0.8369474714,0.7877558327,0.9873959924
2018-12-13,6,ret60_ret5_top5_riskoff0,0.8369474714,0.7977190763,1.0026805576
2018-12-14,6,ret60_ret5_top5_riskoff0,0.8369474714,0.7806630676,0.9859323116
2018-12-17,6,ret60_ret5_top5_riskoff0,0.8369474714,0.7804858775,0.9844655165
2018-12-18,6,ret60_ret5_top5_riskoff0,0.8369474714,0.7745921351,0.9742602353
2018-12-19,6,ret60_ret5_top5_riskoff0,0.8369474714,0.7655143906,0.9626442149
2018-12-20,6,ret60_ret5_top5_riskoff0,0.8369474714,0.7657219880,0.9552604121
2018-12-21,6,ret60_ret5_top5_riskoff0,0.8369474714,0.7587281987,0.9434201682
2018-12-24,6,ret60_ret5_top5_riskoff0,0.8369474714,0.7639195022,0.9461606770
2018-12-25,6,ret60_ret5_top5_riskoff0,0.8369474714,0.7563864170,0.9396457401
2018-12-26,6,ret60_ret5_top5_riskoff0,0.8369474714,0.7541922335,0.9348965629
2018-12-27,6,ret60_ret5_top5_riskoff0,0.8369474714,0.7464141726,0.9313089877
2018-12-28,6,ret60_ret5_top5_riskoff0,0.8369474714,0.7492033388,0.9375810158
2019-01-02,6,ret60_ret5_top5_riskoff0,0.8369474714,0.7436287826,0.9247784797
2019-01-03,6,ret60_ret5_top5_riskoff0,0.8369474714,0.7401884545,0.9233147988
2019-01-04,6,ret60_ret5_top5_riskoff0,0.8369474714,0.7569270820,0.9454350650
2019-01-07,6,ret60_ret5_top5_riskoff0,0.8369474714,0.7691710050,0.9511745625
2019-01-08,6,ret60_ret5_top5_riskoff0,0.8369474714,0.7679241323,0.9491191809
2019-01-09,6,ret60_ret5_top5_riskoff0,0.8369474714,0.7723710060,0.9587047334
2019-01-10,6,ret60_ret5_top5_riskoff0,0.8369474714,0.7712684604,0.9569016032
2019-01-11,6,ret60_ret5_top5_riskoff0,0.8369474714,0.7772978243,0.9637809032
2019-01-14,6,ret60_ret5_top5_riskoff0,0.8369474714,0.7730520925,0.9553725238
2019-01-15,6,ret60_ret5_top5_riskoff0,0.8369474714,0.7831836862,0.9741232098
2019-01-16,6,ret60_ret5_top5_riskoff0,0.8369474714,0.7820169477,0.9743287480
2019-01-17,6,ret60_ret5_top5_riskoff0,0.8369474714,0.7769373573,0.9689629563
2019-01-18,6,ret60_ret5_top5_riskoff0,0.8369474714,0.7853903539,0.9866361241
2019-01-21,6,ret60_ret5_top5_riskoff0,0.8369474714,0.7897121347,0.9920766570
2019-01-22,6,ret60_ret5_top5_riskoff0,0.8369474714,0.7796702546,0.9788973008
2019-01-23,6,ret60_ret5_top5_riskoff0,0.8369474714,0.7805132624,0.9781903741
2019-01-24,6,ret60_ret5_top5_riskoff0,0.8369474714,0.7828915735,0.9837118766
2019-01-25,6,ret60_ret5_top5_riskoff0,0.8369474714,0.7822532802,0.9917122939
2019-01-28,6,ret60_ret5_top5_riskoff0,0.8369474714,0.7794695710,0.9914974131
2019-01-29,6,ret60_ret5_top5_riskoff0,0.8369474714,0.7732539437,0.9946707977
2019-01-30,6,ret60_ret5_top5_riskoff0,0.8369474714,0.7643482722,0.9867326647
2019-01-31,6,ret60_ret5_top5_riskoff0,0.8369474714,0.7596583272,0.9970562861
2019-02-01,6,ret60_ret5_top5_riskoff0,0.8369474714,0.7760179902,1.0113100463
2019-02-11,6,ret60_ret5_top5_riskoff0,0.8369474714,0.7952508346,1.0297057119
2019-02-12,6,ret60_ret5_top5_riskoff0,0.8369474714,0.8035352113,1.0371393421
2019-02-13,6,ret60_ret5_top5_riskoff0,0.8369474714,0.8179880737,1.0579080392
2019-02-14,6,ret60_ret5_top5_riskoff0,0.8369474714,0.8208631430,1.0594994029
2019-02-15,6,ret60_ret5_top5_riskoff0,0.8369474714,0.8139857068,1.0397428255
2019-02-18,6,ret60_ret5_top5_riskoff0,0.8369474714,0.8400463595,1.0730773785
2019-02-19,6,ret60_ret5_top5_riskoff0,0.8369474714,0.8410424497,1.0711683649
2019-02-20,6,ret60_ret5_top5_riskoff0,0.8369474714,0.8443685812,1.0750050773
2019-02-21,6,ret60_ret5_top5_riskoff0,0.8369474714,0.8420920421,1.0721337715
2019-02-22,6,ret60_ret5_top5_riskoff0,0.8369474714,0.8591483522,1.0962409066
2019-02-25,6,ret60_ret5_top5_riskoff0,0.8369474714,0.9035508899,1.1614401033
2019-02-26,6,ret60_ret5_top5_riskoff0,0.8369474714,0.9004067064,1.1474915361
2019-02-27,6,ret60_ret5_top5_riskoff0,0.8369474714,0.8986833563,1.1455295809
2019-02-28,6,ret60_ret5_top5_riskoff0,0.8369474714,0.8999083702,1.1427205594
2019-03-01,6,ret60_ret5_top5_riskoff0,0.8369474714,0.9109078352,1.1677401594
2019-03-04,6,ret60_ret5_top5_riskoff0,0.8369474714,0.9264550870,1.1815641580
2019-03-05,6,ret60_ret5_top5_riskoff0,0.8369474714,0.9442699537,1.1883874021
2019-03-06,6,ret60_ret5_top5_riskoff0,0.8361105240,0.9592602452,1.1983778025
2019-03-07,6,ret60_ret5_top5_riskoff0,0.8399361738,0.9646444744,1.1861576245
2019-03-08,6,ret60_ret5_top5_riskoff0,0.8175478297,0.9237862767,1.1390489004
2019-03-11,6,ret60_ret5_top5_riskoff0,0.8497810992,0.9541820886,1.1615864714
2019-03-12,6,ret60_ret5_top5_riskoff0,0.8716409385,0.9690993644,1.1694965764
2019-03-13,6,ret60_ret5_top5_riskoff0,0.8410609624,0.9532799198,1.1597926838
2019-03-14,6,ret60_ret5_top5_riskoff0,0.8155030465,0.9347199181,1.1517891523
2019-03-15,6,ret60_ret5_top5_riskoff0,0.8238154664,0.9484947071,1.1662733643
2019-03-18,6,ret60_ret5_top5_riskoff0,0.8421782633,0.9732119959,1.1995176051
2019-03-19,6,ret60_ret5_top5_riskoff0,0.8437516059,0.9746114221,1.1939774173
2019-03-20,6,ret60_ret5_top5_riskoff0,0.8376792821,0.9741923466,1.1944383211
2019-03-21,6,ret60_ret5_top5_riskoff0,0.8451836868,0.9814464061,1.1948898822
2019-03-22,6,ret60_ret5_top5_riskoff0,0.8399107703,0.9854854403,1.1939275899
2019-03-25,6,ret60_ret5_top5_riskoff0,0.8289900151,0.9720331460,1.1655975798
2019-03-26,6,ret60_ret5_top5_riskoff0,0.8104107221,0.9514632690,1.1523964241
2019-03-27,6,ret60_ret5_top5_riskoff0,0.8120252267,0.9590172131,1.1657719758
2019-03-28,6,ret60_ret5_top5_riskoff0,0.8090244093,0.9492990266,1.1611037681
2019-03-29,6,ret60_ret5_top5_riskoff0,0.8379067904,0.9788894348,1.2059297729
2019-04-01,6,ret60_ret5_top5_riskoff0,0.8686968461,1.0122999859,1.2375670790
2019-04-02,6,ret60_ret5_top5_riskoff0,0.8678148067,1.0153276587,1.2367449263
2019-04-03,6,ret60_ret5_top5_riskoff0,0.8739020146,1.0272533793,1.2525869359
2019-04-04,6,ret60_ret5_top5_riskoff0,0.8781084596,1.0347442297,1.2650655938
2019-04-08,6,ret60_ret5_top5_riskoff0,0.8647245814,1.0329638477,1.2635084865
2019-04-09,6,ret60_ret5_top5_riskoff0,0.8625454853,1.0357190507,1.2691763571
2019-04-10,6,ret60_ret5_top5_riskoff0,0.8569914462,1.0355235375,1.2724213687
2019-04-11,6,ret60_ret5_top5_riskoff0,0.8430907883,1.0152526964,1.2449321965
2019-04-12,6,ret60_ret5_top5_riskoff0,0.8458833206,1.0135380843,1.2421418602
2019-04-15,6,ret60_ret5_top5_riskoff0,0.8383823522,1.0071271681,1.2380622391
2019-04-16,6,ret60_ret5_top5_riskoff0,0.8526760554,1.0284361803,1.2724026834
2019-04-17,6,ret60_ret5_top5_riskoff0,0.8616742170,1.0347728359,1.2728542445
2019-04-18,6,ret60_ret5_top5_riskoff0,0.8585399622,1.0307204464,1.2681330952
2019-04-19,6,ret60_ret5_top5_riskoff0,0.8618352938,1.0398403998,1.2832463786
2019-04-22,6,ret60_ret5_top5_riskoff0,0.8571772276,1.0237630981,1.2536613400
2019-04-23,6,ret60_ret5_top5_riskoff0,0.8412838453,1.0102896718,1.2516059583
2019-04-24,6,ret60_ret5_top5_riskoff0,0.8543436206,1.0171105603,1.2550565081
2019-04-25,6,ret60_ret5_top5_riskoff0,0.8241566707,0.9832383976,1.2275673359
2019-04-26,6,ret60_ret5_top5_riskoff0,0.8130227514,0.9692050538,1.2112021382
2019-04-29,6,ret60_ret5_top5_riskoff0,0.7819044006,0.9496624210,1.2146464596
2019-04-30,6,ret60_ret5_top5_riskoff0,0.7945082638,0.9570572794,1.2186575680
2019-05-06,7,ret60_ret5_top5_riskoff0,0.7945082638,0.9570572794,1.2186575680
2019-05-07,7,ret60_ret5_top5_riskoff0,0.8021369423,0.9688082442,1.2305808071
2019-05-08,7,ret60_ret5_top5_riskoff0,0.7936547792,0.9606724594,1.2129820400
2019-05-09,7,ret60_ret5_top5_riskoff0,0.7859220935,0.9494876105,1.1905709808
2019-05-10,7,ret60_ret5_top5_riskoff0,0.8238869231,0.9830687653,1.2338154611
2019-05-13,7,ret60_ret5_top5_riskoff0,0.8130939873,0.9730114451,1.2134020820
2019-05-14,7,ret60_ret5_top5_riskoff0,0.8090903036,0.9660746010,1.2056031922
2019-05-15,7,ret60_ret5_top5_riskoff0,0.8300669804,0.9867579871,1.2327041689
2019-05-16,7,ret60_ret5_top5_riskoff0,0.8286194921,0.9940174112,1.2382837818
2019-05-17,7,ret60_ret5_top5_riskoff0,0.8066063480,0.9628176672,1.2067971698
2019-05-20,7,ret60_ret5_top5_riskoff0,0.7984719507,0.9559758831,1.1965540986
2019-05-21,7,ret60_ret5_top5_riskoff0,0.8145003213,0.9723321921,1.2127571356
2019-05-22,7,ret60_ret5_top5_riskoff0,0.8171279057,0.9670448479,1.2070022296
2019-05-23,7,ret60_ret5_top5_riskoff0,0.7900867252,0.9477801746,1.1853651061
2019-05-24,7,ret60_ret5_top5_riskoff0,0.7801204205,0.9426223620,1.1886559863
2019-05-27,7,ret60_ret5_top5_riskoff0,0.8068837783,0.9623674851,1.2029737955
2019-05-28,7,ret60_ret5_top5_riskoff0,0.8152060134,0.9676076089,1.2145696003
2019-05-29,7,ret60_ret5_top5_riskoff0,0.8174720568,0.9678218060,1.2118079069
2019-05-30,7,ret60_ret5_top5_riskoff0,0.8142703162,0.9624886033,1.2042901475
2019-05-31,7,ret60_ret5_top5_riskoff0,0.8129654300,0.9612273222,1.2005229993
2019-06-03,7,ret60_ret5_top5_riskoff0,0.8111218735,0.9533296231,1.2012572459
2019-06-04,7,ret60_ret5_top5_riskoff0,0.7986488581,0.9404609653,1.1901641685
2019-06-05,7,ret60_ret5_top5_riskoff0,0.7986488581,0.9407364351,1.1897143598
2019-06-06,7,ret60_ret5_top5_riskoff0,0.7986488581,0.9236575559,1.1789884057
2019-06-10,7,ret60_ret5_top5_riskoff0,0.7986488581,0.9343076889,1.1942223695
2019-06-11,7,ret60_ret5_top5_riskoff0,0.7986488581,0.9662608622,1.2301210761
2019-06-12,7,ret60_ret5_top5_riskoff0,0.7986488581,0.9605742433,1.2208007743
2019-06-13,7,ret60_ret5_top5_riskoff0,0.7986488581,0.9624972197,1.2189122391
2019-06-14,7,ret60_ret5_top5_riskoff0,0.7986488581,0.9482320597,1.2088213091
2019-06-17,7,ret60_ret5_top5_riskoff0,0.7986488581,0.9475151693,1.2088014646
2019-06-18,7,ret60_ret5_top5_riskoff0,0.7986488581,0.9475233067,1.2130349587
2019-06-19,7,ret60_ret5_top5_riskoff0,0.7986488581,0.9594900781,1.2290163987
2019-06-20,7,ret60_ret5_top5_riskoff0,0.7986488581,0.9785640048,1.2662513019
2019-06-21,7,ret60_ret5_top5_riskoff0,0.7986488581,0.9884839533,1.2680439221
2019-06-24,7,ret60_ret5_top5_riskoff0,0.7986488581,0.9895260139,1.2704682589
2019-06-25,7,ret60_ret5_top5_riskoff0,0.7986488581,0.9803334728,1.2572518196
2019-06-26,7,ret60_ret5_top5_riskoff0,0.7986488581,0.9797812788,1.2549432424
2019-06-27,7,ret60_ret5_top5_riskoff0,0.7986488581,0.9868074838,1.2683349748
2019-06-28,7,ret60_ret5_top5_riskoff0,0.7986488581,0.9788965147,1.2652822287
2019-07-01,7,ret60_ret5_top5_riskoff0,0.7986488581,1.0056626752,1.3017365814
2019-07-02,7,ret60_ret5_top5_riskoff0,0.7986488581,1.0067347183,1.3021863901
2019-07-03,7,ret60_ret5_top5_riskoff0,0.7986488581,0.9972221295,1.2877528213
2019-07-04,7,ret60_ret5_top5_riskoff0,0.7986488581,0.9930930045,1.2809957679
2019-07-05,7,ret60_ret5_top5_riskoff0,0.7986488581,0.9971032699,1.2876436766
2019-07-08,7,ret60_ret5_top5_riskoff0,0.7986488581,0.9680015570,1.2577413174
2019-07-09,7,ret60_ret5_top5_riskoff0,0.7986488581,0.9687383539,1.2545463523
2019-07-10,7,ret60_ret5_top5_riskoff0,0.7986488581,0.9635578258,1.2524329127
2019-07-11,7,ret60_ret5_top5_riskoff0,0.7986488581,0.9627281156,1.2519301853
2019-07-12,7,ret60_ret5_top5_riskoff0,0.7986488581,0.9658317254,1.2597059232
2019-07-15,7,ret60_ret5_top5_riskoff0,0.7986488581,0.9744057655,1.2648191903
2019-07-16,7,ret60_ret5_top5_riskoff0,0.7986488581,0.9736533951,1.2590841288
2019-07-17,7,ret60_ret5_top5_riskoff0,0.7986488581,0.9731013093,1.2583531896
2019-07-18,7,ret60_ret5_top5_riskoff0,0.7986488581,0.9593121410,1.2463671095
2019-07-19,7,ret60_ret5_top5_riskoff0,0.7986488581,0.9662125984,1.2594512521
2019-07-22,7,ret60_ret5_top5_riskoff0,0.7986488581,0.9484910089,1.2507593596
2019-07-23,7,ret60_ret5_top5_riskoff0,0.7986488581,0.9557389739,1.2534813640
2019-07-24,7,ret60_ret5_top5_riskoff0,0.7986488581,0.9650840963,1.2633771564
2019-07-25,7,ret60_ret5_top5_riskoff0,0.7986488581,0.9690748399,1.2737095278
2019-07-26,7,ret60_ret5_top5_riskoff0,0.7986488581,0.9709812254,1.2761900907
2019-07-29,7,ret60_ret5_top5_riskoff0,0.7986488581,0.9708102679,1.2747679013
2019-07-30,7,ret60_ret5_top5_riskoff0,0.7986488581,0.9749057523,1.2800763060
2019-07-31,7,ret60_ret5_top5_riskoff0,0.7978502092,0.9682011534,1.2685135753
2019-08-01,7,ret60_ret5_top5_riskoff0,0.7896001068,0.9619064770,1.2579662218
2019-08-02,7,ret60_ret5_top5_riskoff0,0.7826956902,0.9487084586,1.2394347630
2019-08-05,7,ret60_ret5_top5_riskoff0,0.7724363822,0.9348922042,1.2157040444
2019-08-06,7,ret60_ret5_top5_riskoff0,0.7617185339,0.9155928826,1.2026860502
2019-08-07,7,ret60_ret5_top5_riskoff0,0.7616894030,0.9131159967,1.1977579985
2019-08-08,7,ret60_ret5_top5_riskoff0,0.7709465802,0.9210520893,1.2135872973
2019-08-09,7,ret60_ret5_top5_riskoff0,0.7619012174,0.9103845368,1.2017599733
2019-08-12,7,ret60_ret5_top5_riskoff0,0.7726259677,0.9239254730,1.2234467081
2019-08-13,7,ret60_ret5_top5_riskoff0,0.7695331349,0.9175379218,1.2124164716
2019-08-14,7,ret60_ret5_top5_riskoff0,0.7762252233,0.9225005575,1.2179233213
2019-08-15,7,ret60_ret5_top5_riskoff0,0.7752725929,0.9246100178,1.2217599253
2019-08-16,7,ret60_ret5_top5_riskoff0,0.7840880968,0.9291992897,1.2272303934
2019-08-19,7,ret60_ret5_top5_riskoff0,0.8002499509,0.9532260935,1.2538716392
2019-08-20,7,ret60_ret5_top5_riskoff0,0.8030971738,0.9541735884,1.2527603470
2019-08-21,7,ret60_ret5_top5_riskoff0,0.7989393528,0.9543860360,1.2507858190
2019-08-22,7,ret60_ret5_top5_riskoff0,0.8080847564,0.9576084550,1.2546720342
2019-08-23,7,ret60_ret5_top5_riskoff0,0.8103987202,0.9580252443,1.2637178203
2019-08-26,7,ret60_ret5_top5_riskoff0,0.8030355654,0.9493707195,1.2455435626
2019-08-27,7,ret60_ret5_top5_riskoff0,0.8137027658,0.9649212140,1.2624246202
2019-08-28,7,ret60_ret5_top5_riskoff0,0.8116038369,0.9649446577,1.2576718616
2019-08-29,7,ret60_ret5_top5_riskoff0,0.8157616219,0.9632748793,1.2535739717
2019-08-30,7,ret60_ret5_top5_riskoff0,0.8130945084,0.9571455660,1.2566829439
2019-09-02,7,ret60_ret5_top5_riskoff0,0.8287262451,0.9755473157,1.2727999880
2019-09-03,7,ret60_ret5_top5_riskoff0,0.8354698082,0.9798635779,1.2745496118
2019-09-04,7,ret60_ret5_top5_riskoff0,0.8372386921,0.9876354798,1.2852623362
2019-09-05,7,ret60_ret5_top5_riskoff0,0.8486766103,0.9951657299,1.2982671007
2019-09-06,7,ret60_ret5_top5_riskoff0,0.8541354993,0.9982784294,1.3059370013
2019-09-09,7,ret60_ret5_top5_riskoff0,0.8704609665,1.0128703955,1.3140203290
2019-09-10,7,ret60_ret5_top5_riskoff0,0.8635309226,1.0121717880,1.3094924748
2019-09-11,7,ret60_ret5_top5_riskoff0,0.8516197125,1.0051858535,1.2998480462
2019-09-12,7,ret60_ret5_top5_riskoff0,0.8612787468,1.0120840785,1.3138318062
2019-09-16,7,ret60_ret5_top5_riskoff0,0.8628308780,1.0130179359,1.3089831326
2019-09-17,7,ret60_ret5_top5_riskoff0,0.8464191206,0.9929633278,1.2869888080
2019-09-18,7,ret60_ret5_top5_riskoff0,0.8532021348,0.9948168547,1.2932265969
2019-09-19,7,ret60_ret5_top5_riskoff0,0.8647278655,1.0025288245,1.2979562035
2019-09-20,7,ret60_ret5_top5_riskoff0,0.8656128113,1.0027132439,1.3016836627
2019-09-23,7,ret60_ret5_top5_riskoff0,0.8602594617,0.9923225975,1.2868035926
2019-09-24,7,ret60_ret5_top5_riskoff0,0.8654324618,0.9943330849,1.2902499214
2019-09-25,7,ret60_ret5_top5_riskoff0,0.8519326427,0.9814710674,1.2802945955
2019-09-26,7,ret60_ret5_top5_riskoff0,0.8326398361,0.9627147174,1.2704252625
2019-09-27,7,ret60_ret5_top5_riskoff0,0.8467015085,0.9674249444,1.2742320997
2019-09-30,7,ret60_ret5_top5_riskoff0,0.8361962941,0.9594073837,1.2616242252
2019-10-08,7,ret60_ret5_top5_riskoff0,0.8324022285,0.9629733057,1.2692808961
2019-10-09,7,ret60_ret5_top5_riskoff0,0.8379136000,0.9675377186,1.2711198201
2019-10-10,7,ret60_ret5_top5_riskoff0,0.8532645525,0.9783457290,1.2815051102
2019-10-11,7,ret60_ret5_top5_riskoff0,0.8521613575,0.9824529653,1.2937723207
2019-10-14,7,ret60_ret5_top5_riskoff0,0.8662492464,0.9937831831,1.3075014096
2019-10-15,7,ret60_ret5_top5_riskoff0,0.8501150612,0.9850086013,1.3018821078
2019-10-16,7,ret60_ret5_top5_riskoff0,0.8458680195,0.9806635906,1.2973972500
2019-10-17,7,ret60_ret5_top5_riskoff0,0.8467087207,0.9796888257,1.2982340266
2019-10-18,7,ret60_ret5_top5_riskoff0,0.8364508960,0.9681968685,1.2797654087
2019-10-21,7,ret60_ret5_top5_riskoff0,0.8405122862,0.9673538780,1.2835557089
2019-10-22,7,ret60_ret5_top5_riskoff0,0.8506075924,0.9744023964,1.2885300644
2019-10-23,7,ret60_ret5_top5_riskoff0,0.8476177341,0.9680569381,1.2803276697
2019-10-24,7,ret60_ret5_top5_riskoff0,0.8497359993,0.9664896386,1.2801920656
2019-10-25,7,ret60_ret5_top5_riskoff0,0.8624577641,0.9737270705,1.2888310394
2019-10-28,7,ret60_ret5_top5_riskoff0,0.8855286358,0.9864035742,1.2986871427
2019-10-29,7,ret60_ret5_top5_riskoff0,0.8743507194,0.9772729338,1.2932762081
2019-10-30,7,ret60_ret5_top5_riskoff0,0.8680468613,0.9683504998,1.2869921154
2019-10-31,7,ret60_ret5_top5_riskoff0,0.8537737794,0.9617909883,1.2855103925
2019-11-01,7,ret60_ret5_top5_riskoff0,0.8628198472,0.9731565659,1.3072202792
2019-11-04,7,ret60_ret5_top5_riskoff0,0.8703984960,0.9781377300,1.3157302637
2019-11-05,7,ret60_ret5_top5_riskoff0,0.8746783747,0.9818338511,1.3238962769
2019-11-06,7,ret60_ret5_top5_riskoff0,0.8651097330,0.9750411888,1.3179660778
2019-11-07,8,ret60_ret5_top5_riskoff0,0.8651097330,0.9750411888,1.3179660778
2019-11-08,8,ret60_ret5_top5_riskoff0,0.8656264531,0.9715839077,1.3117359256
2019-11-11,8,ret60_ret5_top5_riskoff0,0.8481296511,0.9501117734,1.2886146984
2019-11-12,8,ret60_ret5_top5_riskoff0,0.8492730317,0.9510692935,1.2888491132
2019-11-13,8,ret60_ret5_top5_riskoff0,0.8539411689,0.9479530141,1.2876242131
2019-11-14,8,ret60_ret5_top5_riskoff0,0.8627217549,0.9510555305,1.2895655642
2019-11-15,8,ret60_ret5_top5_riskoff0,0.8560998652,0.9413083075,1.2800668107
2019-11-18,8,ret60_ret5_top5_riskoff0,0.8606123231,0.9485263411,1.2902489990
2019-11-19,8,ret60_ret5_top5_riskoff0,0.8790229065,0.9629607550,1.3031616250
2019-11-20,8,ret60_ret5_top5_riskoff0,0.8745491798,0.9562293630,1.2902258877
2019-11-21,8,ret60_ret5_top5_riskoff0,0.8714943403,0.9547840346,1.2841971342
2019-11-22,8,ret60_ret5_top5_riskoff0,0.8518634163,0.9486467818,1.2711194274
2019-11-25,8,ret60_ret5_top5_riskoff0,0.8391779643,0.9534950809,1.2804365919
2019-11-26,8,ret60_ret5_top5_riskoff0,0.8440236604,0.9531390828,1.2848739658
2019-11-27,8,ret60_ret5_top5_riskoff0,0.8451843978,0.9508488885,1.2795814730
2019-11-28,8,ret60_ret5_top5_riskoff0,0.8420047737,0.9471582924,1.2751837185
2019-11-29,8,ret60_ret5_top5_riskoff0,0.8390098673,0.9445600924,1.2640803789
2019-12-02,8,ret60_ret5_top5_riskoff0,0.8414377445,0.9465980563,1.2665202742
2019-12-03,8,ret60_ret5_top5_riskoff0,0.8478928795,0.9509930089,1.2714826053
2019-12-04,8,ret60_ret5_top5_riskoff0,0.8514855804,0.9513760046,1.2710632999
2019-12-05,8,ret60_ret5_top5_riskoff0,0.8623814098,0.9595333794,1.2808162779
2019-12-06,8,ret60_ret5_top5_riskoff0,0.8710316088,0.9652582189,1.2884199029
2019-12-09,8,ret60_ret5_top5_riskoff0,0.8724234025,0.9677986115,1.2861285804
2019-12-10,8,ret60_ret5_top5_riskoff0,0.8819453263,0.9702845734,1.2877562778
2019-12-11,8,ret60_ret5_top5_riskoff0,0.8763784839,0.9690042184,1.2885387612
2019-12-12,8,ret60_ret5_top5_riskoff0,0.8756174727,0.9664275676,1.2846659639
2019-12-13,8,ret60_ret5_top5_riskoff0,0.8916930159,0.9796398219,1.3101544508
2019-12-16,8,ret60_ret5_top5_riskoff0,0.9090207510,0.9900761238,1.3165364774
2019-12-17,8,ret60_ret5_top5_riskoff0,0.9188211375,1.0024014268,1.3344477522
2019-12-18,8,ret60_ret5_top5_riskoff0,0.9195672775,1.0014691123,1.3314696932
2019-12-19,8,ret60_ret5_top5_riskoff0,0.9211017230,1.0046337992,1.3296108826
2019-12-20,8,ret60_ret5_top5_riskoff0,0.9091387241,0.9985062411,1.3263422813
2019-12-23,8,ret60_ret5_top5_riskoff0,0.8904883950,0.9823830071,1.3097846696
2019-12-24,8,ret60_ret5_top5_riskoff0,0.9034561596,0.9944538380,1.3183226524
2019-12-25,8,ret60_ret5_top5_riskoff0,0.9097178476,0.9965207853,1.3176326144
2019-12-26,8,ret60_ret5_top5_riskoff0,0.9149969529,1.0047860833,1.3292278950
2019-12-27,8,ret60_ret5_top5_riskoff0,0.9068443611,1.0027632373,1.3279204545
2019-12-30,8,ret60_ret5_top5_riskoff0,0.9153676027,1.0133036220,1.3475980946
2019-12-31,8,ret60_ret5_top5_riskoff0,0.9199439587,1.0187328646,1.3525340128
2020-01-02,8,ret60_ret5_top5_riskoff0,0.9457050150,1.0363649273,1.3709108156
2020-01-03,8,ret60_ret5_top5_riskoff0,0.9452286607,1.0385034807,1.3685072381
2020-01-06,8,ret60_ret5_top5_riskoff0,0.9465347818,1.0426044417,1.3633369051
2020-01-07,8,ret60_ret5_top5_riskoff0,0.9573924306,1.0547236786,1.3735488080
2020-01-08,8,ret60_ret5_top5_riskoff0,0.9453459898,1.0424103072,1.3577307587
2020-01-09,8,ret60_ret5_top5_riskoff0,0.9598258994,1.0556279934,1.3749156776
2020-01-10,8,ret60_ret5_top5_riskoff0,0.9615787303,1.0527246883,1.3745260868
2020-01-13,8,ret60_ret5_top5_riskoff0,0.9693447073,1.0614705375,1.3879966861
2020-01-14,8,ret60_ret5_top5_riskoff0,0.9674461444,1.0600329448,1.3833414054
2020-01-15,8,ret60_ret5_top5_riskoff0,0.9632554136,1.0543232515,1.3756948594
2020-01-16,8,ret60_ret5_top5_riskoff0,0.9580744958,1.0508646851,1.3698542980
2020-01-17,8,ret60_ret5_top5_riskoff0,0.9563780695,1.0491270366,1.3717725378
2020-01-20,8,ret60_ret5_top5_riskoff0,0.9670700644,1.0562400584,1.3820009487
2020-01-21,8,ret60_ret5_top5_riskoff0,0.9493180316,1.0387716219,1.3583877805
2020-01-22,8,ret60_ret5_top5_riskoff0,0.9565401379,1.0416540136,1.3642052305
2020-01-23,8,ret60_ret5_top5_riskoff0,0.9241773053,1.0067361456,1.3219346220
2020-02-03,8,ret60_ret5_top5_riskoff0,0.8448101474,0.9209372857,1.2177553841
2020-02-04,8,ret60_ret5_top5_riskoff0,0.8602788986,0.9317537938,1.2498735189
2020-02-05,8,ret60_ret5_top5_riskoff0,0.8784332378,0.9505017349,1.2640341563
2020-02-06,8,ret60_ret5_top5_riskoff0,0.8985358817,0.9733057736,1.2875581808
2020-02-07,8,ret60_ret5_top5_riskoff0,0.9041256966,0.9800459898,1.2875878953
2020-02-10,8,ret60_ret5_top5_riskoff0,0.9266900356,0.9948755977,1.2929167060
2020-02-11,8,ret60_ret5_top5_riskoff0,0.9285857605,0.9948493770,1.3049511017
2020-02-12,8,ret60_ret5_top5_riskoff0,0.9475238576,1.0073743775,1.3155063727
2020-02-13,8,ret60_ret5_top5_riskoff0,0.9460291082,0.9992111399,1.3074141083
2020-02-14,8,ret60_ret5_top5_riskoff0,0.9497731707,1.0029148506,1.3165959065
2020-02-17,8,ret60_ret5_top5_riskoff0,0.9795629899,1.0309318093,1.3462081137
2020-02-18,8,ret60_ret5_top5_riskoff0,0.9902880887,1.0386159951,1.3396345933
2020-02-19,8,ret60_ret5_top5_riskoff0,0.9820490978,1.0344174277,1.3375875904
2020-02-20,8,ret60_ret5_top5_riskoff0,1.0028565760,1.0537920672,1.3684081896
2020-02-21,8,ret60_ret5_top5_riskoff0,1.0196062801,1.0607794052,1.3700028708
2020-02-24,8,ret60_ret5_top5_riskoff0,1.0332705996,1.0653512466,1.3645056777
2020-02-25,8,ret60_ret5_top5_riskoff0,1.0364547908,1.0639792740,1.3615375236
2020-02-26,8,ret60_ret5_top5_riskoff0,1.0099318886,1.0522365950,1.3447554020
2020-02-27,8,ret60_ret5_top5_riskoff0,1.0122602208,1.0553435591,1.3486711203
2020-02-28,8,ret60_ret5_top5_riskoff0,0.9568020686,1.0096018450,1.3008537944
2020-03-02,8,ret60_ret5_top5_riskoff0,0.9962318471,1.0494131105,1.3436493601
2020-03-03,8,ret60_ret5_top5_riskoff0,0.9962318471,1.0581279651,1.3508105684
2020-03-04,8,ret60_ret5_top5_riskoff0,0.9962318471,1.0672402872,1.3586321002
2020-03-05,8,ret60_ret5_top5_riskoff0,0.9962318471,1.0876026958,1.3889013293
2020-03-06,8,ret60_ret5_top5_riskoff0,0.9962318471,1.0787945304,1.3663776948
2020-03-09,8,ret60_ret5_top5_riskoff0,0.9962318471,1.0416133810,1.3196994269
2020-03-10,8,ret60_ret5_top5_riskoff0,0.9962318471,1.0638979694,1.3479612725
2020-03-11,8,ret60_ret5_top5_riskoff0,0.9962318471,1.0533412123,1.3300334896
2020-03-12,8,ret60_ret5_top5_riskoff0,0.9962318471,1.0323041081,1.3044393510
2020-03-13,8,ret60_ret5_top5_riskoff0,0.9962318471,1.0206340871,1.2860823578
2020-03-16,8,ret60_ret5_top5_riskoff0,0.9962318471,0.9784786734,1.2307901699
2020-03-17,8,ret60_ret5_top5_riskoff0,0.9962318471,0.9739340788,1.2247944325
2020-03-18,8,ret60_ret5_top5_riskoff0,0.9962318471,0.9575363000,1.2005539570
2020-03-19,8,ret60_ret5_top5_riskoff0,0.9962318471,0.9554005415,1.1849802274
2020-03-20,8,ret60_ret5_top5_riskoff0,0.9962318471,0.9700233926,1.2061535003
2020-03-23,8,ret60_ret5_top5_riskoff0,0.9962318471,0.9329938233,1.1655733198
2020-03-24,8,ret60_ret5_top5_riskoff0,0.9962318471,0.9542059064,1.1968726535
2020-03-25,8,ret60_ret5_top5_riskoff0,0.9962318471,0.9777800674,1.2290337094
2020-03-26,8,ret60_ret5_top5_riskoff0,0.9962318471,0.9677276967,1.2209546514
2020-03-27,8,ret60_ret5_top5_riskoff0,0.9962318471,0.9678072225,1.2249198940
2020-03-30,8,ret60_ret5_top5_riskoff0,0.9962318471,0.9524782097,1.2130505792
2020-03-31,8,ret60_ret5_top5_riskoff0,0.9962318471,0.9548337336,1.2170290282
2020-04-01,8,ret60_ret5_top5_riskoff0,0.9962318471,0.9500381581,1.2133708361
2020-04-02,8,ret60_ret5_top5_riskoff0,0.9962318471,0.9679918090,1.2329989520
2020-04-03,8,ret60_ret5_top5_riskoff0,0.9962318471,0.9630485551,1.2259632051
2020-04-07,8,ret60_ret5_top5_riskoff0,0.9962318471,0.9906368931,1.2539609213
2020-04-08,8,ret60_ret5_top5_riskoff0,0.9962318471,0.9908449840,1.2481236616
2020-04-09,8,ret60_ret5_top5_riskoff0,0.9962318471,0.9970307979,1.2522407786
2020-04-10,8,ret60_ret5_top5_riskoff0,0.9962318471,0.9812088131,1.2444390565
2020-04-13,8,ret60_ret5_top5_riskoff0,0.9962318471,0.9759489087,1.2391828815
2020-04-14,8,ret60_ret5_top5_riskoff0,0.9962318471,0.9942159111,1.2630997985
2020-04-15,8,ret60_ret5_top5_riskoff0,0.9962318471,0.9860568803,1.2537430146
2020-04-16,8,ret60_ret5_top5_riskoff0,0.9962318471,0.9892599556,1.2554004266
2020-04-17,8,ret60_ret5_top5_riskoff0,0.9962318471,0.9947016269,1.2676527290
2020-04-20,8,ret60_ret5_top5_riskoff0,0.9962318471,1.0031498143,1.2722650886
2020-04-21,8,ret60_ret5_top5_riskoff0,0.9962318471,0.9957155177,1.2572724437
2020-04-22,8,ret60_ret5_top5_riskoff0,0.9962318471,1.0044334739,1.2676164112
2020-04-23,8,ret60_ret5_top5_riskoff0,0.9962318471,1.0010503793,1.2644369536
2020-04-24,8,ret60_ret5_top5_riskoff0,0.9962318471,0.9884945071,1.2536142515
2020-04-27,8,ret60_ret5_top5_riskoff0,0.9962318471,0.9869548092,1.2621324246
2020-04-28,8,ret60_ret5_top5_riskoff0,0.9962318471,0.9800003266,1.2708420915
2020-04-29,8,ret60_ret5_top5_riskoff0,0.9962318471,0.9809322233,1.2767453835
2020-04-30,8,ret60_ret5_top5_riskoff0,0.9962318471,0.9983156091,1.2917842512
2020-05-06,8,ret60_ret5_top5_riskoff0,0.9962318471,1.0087332025,1.2995991797
2020-05-07,8,ret60_ret5_top5_riskoff0,0.9962318471,1.0073848264,1.2958485423
2020-05-08,8,ret60_ret5_top5_riskoff0,0.9962318471,1.0182479898,1.3086357068
2020-05-11,8,ret60_ret5_top5_riskoff0,0.9962318471,1.0170932345,1.3074999504
2020-05-12,8,ret60_ret5_top5_riskoff0,0.9962318471,1.0170597024,1.3075197601
2020-05-13,8,ret60_ret5_top5_riskoff0,0.9962318471,1.0203749111,1.3101643557
2020-05-14,8,ret60_ret5_top5_riskoff0,0.9962318471,1.0100485067,1.2959574957
2020-05-15,8,ret60_ret5_top5_riskoff0,0.9962318471,1.0099159769,1.2918634900
2020-05-18,9,ret60_ret5_top5_riskoff0,0.9962318471,1.0099159769,1.2918634900
2020-05-19,9,ret60_ret5_top5_riskoff0,0.9962318471,1.0192375100,1.3028427703
2020-05-20,9,ret60_ret5_top5_riskoff0,0.9962318471,1.0107407569,1.2959173275
2020-05-21,9,ret60_ret5_top5_riskoff0,0.9962318471,1.0015498169,1.2888601595
2020-05-22,9,ret60_ret5_top5_riskoff0,0.9962318471,0.9831890808,1.2593109445
2020-05-25,9,ret60_ret5_top5_riskoff0,0.9962318471,0.9830786107,1.2610431286
2020-05-26,9,ret60_ret5_top5_riskoff0,0.9962318471,1.0003269983,1.2753517588
2020-05-27,9,ret60_ret5_top5_riskoff0,0.9962318471,0.9968448543,1.2664076300
2020-05-28,9,ret60_ret5_top5_riskoff0,0.9962318471,0.9954552345,1.2700366543
2020-05-29,9,ret60_ret5_top5_riskoff0,0.9962318471,1.0032644019,1.2734582116
2020-06-01,9,ret60_ret5_top5_riskoff0,0.9962318471,1.0295342312,1.3078120967
2020-06-02,9,ret60_ret5_top5_riskoff0,0.9962318471,1.0306422254,1.3118395892
2020-06-03,9,ret60_ret5_top5_riskoff0,0.9962318471,1.0306898455,1.3118659342
2020-06-04,9,ret60_ret5_top5_riskoff0,0.9962318471,1.0314069681,1.3113851379
2020-06-05,9,ret60_ret5_top5_riskoff0,0.9962318471,1.0326780254,1.3176618350
2020-06-08,9,ret60_ret5_top5_riskoff0,0.9962318471,1.0339845974,1.3244786048
2020-06-09,9,ret60_ret5_top5_riskoff0,0.9962318471,1.0399863563,1.3327377635
2020-06-10,9,ret60_ret5_top5_riskoff0,0.9962318471,1.0387800255,1.3303271957
2020-06-11,9,ret60_ret5_top5_riskoff0,0.9962318471,1.0326829639,1.3158934266
2020-06-12,9,ret60_ret5_top5_riskoff0,0.9962318471,1.0351544164,1.3182644770
2020-06-15,9,ret60_ret5_top5_riskoff0,0.9962318471,1.0285865161,1.3024278365
2020-06-16,9,ret60_ret5_top5_riskoff0,0.9962318471,1.0462334494,1.3220482782
2020-06-17,9,ret60_ret5_top5_riskoff0,0.9962318471,1.0482401526,1.3230428021
2020-06-18,9,ret60_ret5_top5_riskoff0,0.9962318471,1.0519835137,1.3318650853
2020-06-19,9,ret60_ret5_top5_riskoff0,0.9962318471,1.0602008047,1.3497566360
2020-06-22,9,ret60_ret5_top5_riskoff0,0.9962318471,1.0583996169,1.3508565399
2020-06-23,9,ret60_ret5_top5_riskoff0,0.9962318471,1.0586075660,1.3573571696
2020-06-24,9,ret60_ret5_top5_riskoff0,0.9962318471,1.0584857708,1.3630213455
2020-06-29,9,ret60_ret5_top5_riskoff0,0.9962318471,1.0533920491,1.3533823672
2020-06-30,9,ret60_ret5_top5_riskoff0,0.9952356153,1.0694987114,1.3712442798
2020-07-01,9,ret60_ret5_top5_riskoff0,1.0128604800,1.0839072888,1.3988472576
2020-07-02,9,ret60_ret5_top5_riskoff0,1.0238149901,1.1002886179,1.4278465207
2020-07-03,9,ret60_ret5_top5_riskoff0,1.0450665460,1.1180846876,1.4554297397
2020-07-06,9,ret60_ret5_top5_riskoff0,1.0845481296,1.1705036305,1.5379192400
2020-07-07,9,ret60_ret5_top5_riskoff0,1.0995759303,1.1797620420,1.5471531639
2020-07-08,9,ret60_ret5_top5_riskoff0,1.1147991145,1.2034190163,1.5721381070
2020-07-09,9,ret60_ret5_top5_riskoff0,1.1433450995,1.2307339139,1.5941263058
2020-07-10,9,ret60_ret5_top5_riskoff0,1.1608304409,1.2179670314,1.5652653541
2020-07-13,9,ret60_ret5_top5_riskoff0,1.1834050282,1.2509992569,1.5981406258
2020-07-14,9,ret60_ret5_top5_riskoff0,1.1727181797,1.2415089287,1.5829033342
2020-07-15,9,ret60_ret5_top5_riskoff0,1.1664296290,1.2163511195,1.5624135074
2020-07-16,9,ret60_ret5_top5_riskoff0,1.0893608756,1.1607405768,1.4872577976
2020-07-17,9,ret60_ret5_top5_riskoff0,1.1088913402,1.1685146745,1.4966267396
2020-07-20,9,ret60_ret5_top5_riskoff0,1.1245522945,1.2104409417,1.5412815212
2020-07-21,9,ret60_ret5_top5_riskoff0,1.1392070648,1.2124561592,1.5448183379
2020-07-22,9,ret60_ret5_top5_riskoff0,1.1565705693,1.2191312322,1.5525275447
2020-07-23,9,ret60_ret5_top5_riskoff0,1.1734729112,1.2196077865,1.5518656265
2020-07-24,9,ret60_ret5_top5_riskoff0,1.1035066934,1.1667969209,1.4837473258
2020-07-27,9,ret60_ret5_top5_riskoff0,1.1014448120,1.1665225956,1.4912754106
2020-07-28,9,ret60_ret5_top5_riskoff0,1.1195842576,1.1790011194,1.5043853432
2020-07-29,9,ret60_ret5_top5_riskoff0,1.1556576234,1.2064108131,1.5408567080
2020-07-30,9,ret60_ret5_top5_riskoff0,1.1530090474,1.2033941409,1.5333286231
2020-07-31,9,ret60_ret5_top5_riskoff0,1.1800407995,1.2154061304,1.5461388812
2020-08-03,9,ret60_ret5_top5_riskoff0,1.2026155124,1.2431074795,1.5712522562
2020-08-04,9,ret60_ret5_top5_riskoff0,1.1847404716,1.2385485994,1.5727308695
2020-08-05,9,ret60_ret5_top5_riskoff0,1.1887275692,1.2483490259,1.5731622690
2020-08-06,9,ret60_ret5_top5_riskoff0,1.1831776587,1.2472159283,1.5684366339
2020-08-07,9,ret60_ret5_top5_riskoff0,1.1678167886,1.2356958522,1.5503804269
2020-08-10,9,ret60_ret5_top5_riskoff0,1.1664804114,1.2407334701,1.5559589814
2020-08-11,9,ret60_ret5_top5_riskoff0,1.1482902192,1.2234986786,1.5417689037
2020-08-12,9,ret60_ret5_top5_riskoff0,1.1396057373,1.2120244916,1.5305261733
2020-08-13,9,ret60_ret5_top5_riskoff0,1.1414394440,1.2170503013,1.5265974746
2020-08-14,9,ret60_ret5_top5_riskoff0,1.1550614510,1.2287375966,1.5492936955
2020-08-17,9,ret60_ret5_top5_riskoff0,1.1792315585,1.2519397715,1.5857156633
2020-08-18,9,ret60_ret5_top5_riskoff0,1.1836068983,1.2592662369,1.5849022613
2020-08-19,9,ret60_ret5_top5_riskoff0,1.1504585677,1.2405161357,1.5611654128
2020-08-20,9,ret60_ret5_top5_riskoff0,1.1394861724,1.2242019858,1.5409028117
2020-08-21,9,ret60_ret5_top5_riskoff0,1.1559016313,1.2332154433,1.5539732268
2020-08-24,9,ret60_ret5_top5_riskoff0,1.1660242900,1.2419744817,1.5661610842
2020-08-25,9,ret60_ret5_top5_riskoff0,1.1654711341,1.2365798091,1.5681698907
2020-08-26,9,ret60_ret5_top5_riskoff0,1.1340826270,1.2154775983,1.5497876643
2020-08-27,9,ret60_ret5_top5_riskoff0,1.1475372195,1.2240576413,1.5580929268
2020-08-28,9,ret60_ret5_top5_riskoff0,1.1780754224,1.2444932388,1.5952788997
2020-08-31,9,ret60_ret5_top5_riskoff0,1.1670280647,1.2408131360,1.5860416828
2020-09-01,9,ret60_ret5_top5_riskoff0,1.1894089500,1.2490937784,1.5945708778
2020-09-02,9,ret60_ret5_top5_riskoff0,1.1919832321,1.2510467006,1.5951537610
2020-09-03,9,ret60_ret5_top5_riskoff0,1.1799841925,1.2413480037,1.5863314778
2020-09-04,9,ret60_ret5_top5_riskoff0,1.1738783343,1.2351437632,1.5708933055
2020-09-07,9,ret60_ret5_top5_riskoff0,1.1428161443,1.2138577783,1.5376821350
2020-09-08,9,ret60_ret5_top5_riskoff0,1.1466494457,1.2217069319,1.5459215350
2020-09-09,9,ret60_ret5_top5_riskoff0,1.1189147947,1.1934613078,1.5097630171
2020-09-10,9,ret60_ret5_top5_riskoff0,1.1010252023,1.1724626216,1.5089035114
2020-09-11,9,ret60_ret5_top5_riskoff0,1.1209971020,1.1844793963,1.5238213698
2020-09-14,9,ret60_ret5_top5_riskoff0,1.1394384912,1.1963997027,1.5316491291
2020-09-15,9,ret60_ret5_top5_riskoff0,1.1523296617,1.2051147474,1.5439752978
2020-09-16,9,ret60_ret5_top5_riskoff0,1.1410867643,1.1975625918,1.5337270913
2020-09-17,9,ret60_ret5_top5_riskoff0,1.1416726165,1.1969868823,1.5256095370
2020-09-18,9,ret60_ret5_top5_riskoff0,1.1669450663,1.2167788314,1.5599831808
2020-09-21,9,ret60_ret5_top5_riskoff0,1.1636965112,1.2120789535,1.5449467698
2020-09-22,9,ret60_ret5_top5_riskoff0,1.1446853608,1.1938033982,1.5266139402
2020-09-23,9,ret60_ret5_top5_riskoff0,1.1574850639,1.1991709122,1.5320706492
2020-09-24,9,ret60_ret5_top5_riskoff0,1.1246940421,1.1706981785,1.5026762111
2020-09-25,9,ret60_ret5_top5_riskoff0,1.1288990786,1.1684543129,1.5049649333
2020-09-28,9,ret60_ret5_top5_riskoff0,1.1301948090,1.1615827329,1.5088804595
2020-09-29,9,ret60_ret5_top5_riskoff0,1.1434032111,1.1687103562,1.5121373606
2020-09-30,9,ret60_ret5_top5_riskoff0,1.1466818556,1.1657669122,1.5106883854
2020-10-09,9,ret60_ret5_top5_riskoff0,1.1617736700,1.1921718774,1.5415581437
2020-10-12,9,ret60_ret5_top5_riskoff0,1.2021993376,1.2259562414,1.5883271118
2020-10-13,9,ret60_ret5_top5_riskoff0,1.2058774627,1.2305402831,1.5936092851
2020-10-14,9,ret60_ret5_top5_riskoff0,1.1972650617,1.2229877488,1.5830383523
2020-10-15,9,ret60_ret5_top5_riskoff0,1.1843793823,1.2165495258,1.5802852994
2020-10-16,9,ret60_ret5_top5_riskoff0,1.1718788134,1.2142715796,1.5779603528
2020-10-19,9,ret60_ret5_top5_riskoff0,1.1591614406,1.2071996268,1.5660425317
2020-10-20,9,ret60_ret5_top5_riskoff0,1.1721965755,1.2166961013,1.5785498223
2020-10-21,9,ret60_ret5_top5_riskoff0,1.1534590177,1.2069438585,1.5783390622
2020-10-22,9,ret60_ret5_top5_riskoff0,1.1475734701,1.2010255364,1.5734487709
2020-10-23,9,ret60_ret5_top5_riskoff0,1.1298993980,1.1845965197,1.5538579674
2020-10-26,9,ret60_ret5_top5_riskoff0,1.1255057551,1.1830529027,1.5448842004
2020-10-27,9,ret60_ret5_top5_riskoff0,1.1326984516,1.1848964735,1.5475318733
2020-10-28,9,ret60_ret5_top5_riskoff0,1.1466254467,1.1909255427,1.5600424570
2020-10-29,9,ret60_ret5_top5_riskoff0,1.1531832564,1.1930170180,1.5717824494
2020-10-30,9,ret60_ret5_top5_riskoff0,1.1311022443,1.1697302037,1.5462310888
2020-11-02,9,ret60_ret5_top5_riskoff0,1.1474135202,1.1751686546,1.5546285587
2020-11-03,9,ret60_ret5_top5_riskoff0,1.1553925812,1.1928229689,1.5733104596
2020-11-04,9,ret60_ret5_top5_riskoff0,1.1620415026,1.1968251644,1.5851986426
2020-11-05,9,ret60_ret5_top5_riskoff0,1.1938271519,1.2177830781,1.6087280242
2020-11-06,9,ret60_ret5_top5_riskoff0,1.1815440209,1.2132279532,1.6089289049
2020-11-09,9,ret60_ret5_top5_riskoff0,1.2015193152,1.2359697365,1.6404210639
2020-11-10,9,ret60_ret5_top5_riskoff0,1.1949250111,1.2250233020,1.6313748482
2020-11-11,9,ret60_ret5_top5_riskoff0,1.1773966029,1.2140239763,1.6152451196
2020-11-12,9,ret60_ret5_top5_riskoff0,1.1828341453,1.2174766696,1.6164174722
2020-11-13,9,ret60_ret5_top5_riskoff0,1.1788022075,1.2129132082,1.5994216516
2020-11-16,9,ret60_ret5_top5_riskoff0,1.1933449123,1.2268854468,1.6150047214
2020-11-17,9,ret60_ret5_top5_riskoff0,1.1859634076,1.2206481390,1.6119157697
2020-11-18,9,ret60_ret5_top5_riskoff0,1.1811074431,1.2207659566,1.6108883145
2020-11-19,9,ret60_ret5_top5_riskoff0,1.1847557816,1.2271211743,1.6228489463
2020-11-20,10,ret60_ret5_top5_riskoff0,1.1847557816,1.2271211743,1.6228489463
2020-11-23,10,ret60_ret5_top5_riskoff0,1.2000275022,1.2376213553,1.6431177741
2020-11-24,10,ret60_ret5_top5_riskoff0,1.1977389173,1.2359886529,1.6330260384
2020-11-25,10,ret60_ret5_top5_riskoff0,1.1771302551,1.2171798988,1.6121498679
2020-11-26,10,ret60_ret5_top5_riskoff0,1.1626248051,1.2146617736,1.6150683953
2020-11-27,10,ret60_ret5_top5_riskoff0,1.1679190945,1.2201926216,1.6351533789
2020-11-30,10,ret60_ret5_top5_riskoff0,1.1521924906,1.2159070347,1.6284168005
2020-12-01,10,ret60_ret5_top5_riskoff0,1.1697236211,1.2337789842,1.6634949388
2020-12-02,10,ret60_ret5_top5_riskoff0,1.1713925500,1.2352577472,1.6635080705
2020-12-03,10,ret60_ret5_top5_riskoff0,1.1663520503,1.2307767746,1.6601988741
2020-12-04,10,ret60_ret5_top5_riskoff0,1.1716070629,1.2334380637,1.6631075527
2020-12-07,10,ret60_ret5_top5_riskoff0,1.1700035572,1.2284827683,1.6487644188
2020-12-08,10,ret60_ret5_top5_riskoff0,1.1720336809,1.2255610682,1.6447099966
2020-12-09,10,ret60_ret5_top5_riskoff0,1.1515998256,1.2055507426,1.6226552533
2020-12-10,10,ret60_ret5_top5_riskoff0,1.1599920217,1.2065707218,1.6219395739
2020-12-11,10,ret60_ret5_top5_riskoff0,1.1514067868,1.1913185883,1.6052327283
2020-12-14,10,ret60_ret5_top5_riskoff0,1.1594543313,1.1998355058,1.6200748680
2020-12-15,10,ret60_ret5_top5_riskoff0,1.1668583469,1.2009986051,1.6234431572
2020-12-16,10,ret60_ret5_top5_riskoff0,1.1692249168,1.1962567532,1.6263222893
2020-12-17,10,ret60_ret5_top5_riskoff0,1.1826167112,1.2081869346,1.6472050256
2020-12-18,10,ret60_ret5_top5_riskoff0,1.1925368283,1.2076212718,1.6414566101
2020-12-21,10,ret60_ret5_top5_riskoff0,1.2189302266,1.2221294249,1.6568437167
2020-12-22,10,ret60_ret5_top5_riskoff0,1.1986529341,1.1988778786,1.6299006862
2020-12-23,10,ret60_ret5_top5_riskoff0,1.2151328933,1.2101286602,1.6438039071
2020-12-24,10,ret60_ret5_top5_riskoff0,1.2066691043,1.1995767164,1.6414730248
2020-12-25,10,ret60_ret5_top5_riskoff0,1.2142997574,1.2112797939,1.6552580601
2020-12-28,10,ret60_ret5_top5_riskoff0,1.2290274946,1.2081736819,1.6626118298
2020-12-29,10,ret60_ret5_top5_riskoff0,1.2083144304,1.2030797164,1.6555633728
2020-12-30,10,ret60_ret5_top5_riskoff0,1.2291044215,1.2151560047,1.6787966891
2020-12-31,10,ret60_ret5_top5_riskoff0,1.2517040275,1.2355636477,1.7108315485
2021-01-04,10,ret60_ret5_top5_riskoff0,1.2813487316,1.2570700665,1.7293571390
2021-01-05,10,ret60_ret5_top5_riskoff0,1.2985679886,1.2652117413,1.7624425369
2021-01-06,10,ret60_ret5_top5_riskoff0,1.3021332536,1.2649442373,1.7785847181
2021-01-07,10,ret60_ret5_top5_riskoff0,1.3237642491,1.2666616172,1.8100975911
2021-01-08,10,ret60_ret5_top5_riskoff0,1.3158487440,1.2654790157,1.8041128044
2021-01-11,10,ret60_ret5_top5_riskoff0,1.2998137841,1.2468330225,1.7862963275
2021-01-12,10,ret60_ret5_top5_riskoff0,1.3270458410,1.2693378470,1.8372441634
2021-01-13,10,ret60_ret5_top5_riskoff0,1.3194709966,1.2599021714,1.8312101327
2021-01-14,10,ret60_ret5_top5_riskoff0,1.2918944421,1.2454424562,1.7959153209
2021-01-15,10,ret60_ret5_top5_riskoff0,1.2964794696,1.2488058786,1.7918510500
2021-01-18,10,ret60_ret5_top5_riskoff0,1.3069920251,1.2630789902,1.8116930965
2021-01-19,10,ret60_ret5_top5_riskoff0,1.2863423160,1.2546722605,1.7851013399
2021-01-20,10,ret60_ret5_top5_riskoff0,1.3021191553,1.2626384528,1.7978752319
2021-01-21,10,ret60_ret5_top5_riskoff0,1.3248395641,1.2760944519,1.8269423199
2021-01-22,10,ret60_ret5_top5_riskoff0,1.3421272196,1.2730825405,1.8285214107
2021-01-25,10,ret60_ret5_top5_riskoff0,1.3739873963,1.2729291466,1.8469517961
2021-01-26,10,ret60_ret5_top5_riskoff0,1.3349746579,1.2540278875,1.8098710688
2021-01-27,10,ret60_ret5_top5_riskoff0,1.3333896364,1.2585375425,1.8148053169
2021-01-28,10,ret60_ret5_top5_riskoff0,1.2958124144,1.2315797316,1.7652789909
2021-01-29,10,ret60_ret5_top5_riskoff0,1.2845261927,1.2198322341,1.7570125659
2021-02-01,10,ret60_ret5_top5_riskoff0,1.2903763342,1.2311875090,1.7785781522
2021-02-02,10,ret60_ret5_top5_riskoff0,1.3314155428,1.2462333367,1.8059709445
2021-02-03,10,ret60_ret5_top5_riskoff0,1.3308092984,1.2383115643,1.8007543641
2021-02-04,10,ret60_ret5_top5_riskoff0,1.3127252860,1.2236809821,1.7970610645
2021-02-05,10,ret60_ret5_top5_riskoff0,1.3064609741,1.2155763320,1.8001667191
2021-02-08,10,ret60_ret5_top5_riskoff0,1.3324886396,1.2294743049,1.8268077197
2021-02-09,10,ret60_ret5_top5_riskoff0,1.3779592774,1.2533939280,1.8667577304
2021-02-10,10,ret60_ret5_top5_riskoff0,1.4146718622,1.2697598184,1.9066355165
2021-02-18,10,ret60_ret5_top5_riskoff0,1.4174490528,1.2852664816,1.8937204584
2021-02-19,10,ret60_ret5_top5_riskoff0,1.4178501479,1.3016148793,1.8971544063
2021-02-22,10,ret60_ret5_top5_riskoff0,1.3771113510,1.2897708932,1.8375658909
2021-02-23,10,ret60_ret5_top5_riskoff0,1.3756283812,1.2823097949,1.8317682313
2021-02-24,10,ret60_ret5_top5_riskoff0,1.3310424982,1.2633239506,1.7851177546
2021-02-25,10,ret60_ret5_top5_riskoff0,1.3268322244,1.2659546296,1.7956198570
2021-02-26,10,ret60_ret5_top5_riskoff0,1.2934724948,1.2424683544,1.7520225078
2021-03-01,10,ret60_ret5_top5_riskoff0,1.3309176275,1.2683696502,1.7789491236
2021-03-02,10,ret60_ret5_top5_riskoff0,1.3068551446,1.2585404417,1.7562476425
2021-03-03,10,ret60_ret5_top5_riskoff0,1.3308248228,1.2795844043,1.7899239684
2021-03-04,10,ret60_ret5_top5_riskoff0,1.2724844619,1.2551314240,1.7336216688
2021-03-05,10,ret60_ret5_top5_riskoff0,1.2654908057,1.2514599023,1.7277419360
2021-03-08,10,ret60_ret5_top5_riskoff0,1.2022224423,1.2213133682,1.6677364881
2021-03-09,10,ret60_ret5_top5_riskoff0,1.1831335804,1.1970752519,1.6319459534
2021-03-10,10,ret60_ret5_top5_riskoff0,1.2037620069,1.1953338269,1.6426515977
2021-03-11,10,ret60_ret5_top5_riskoff0,1.2432883758,1.2219336421,1.6835602248
2021-03-12,10,ret60_ret5_top5_riskoff0,1.2503057997,1.2272780550,1.6895220309
2021-03-15,10,ret60_ret5_top5_riskoff0,1.2198203766,1.2154860271,1.6531340025
2021-03-16,10,ret60_ret5_top5_riskoff0,1.2299900635,1.2249567961,1.6675198145
2021-03-17,10,ret60_ret5_top5_riskoff0,1.2441311931,1.2320525172,1.6745781203
2021-03-18,10,ret60_ret5_top5_riskoff0,1.2615947920,1.2388934453,1.6880085989
2021-03-19,10,ret60_ret5_top5_riskoff0,1.2340448543,1.2212092536,1.6437940583
2021-03-22,10,ret60_ret5_top5_riskoff0,1.2461390201,1.2372752154,1.6602284205
2021-03-23,10,ret60_ret5_top5_riskoff0,1.2204880085,1.2208571690,1.6445031718
2021-03-24,10,ret60_ret5_top5_riskoff0,1.1960908462,1.2029847792,1.6180558643
2021-03-25,10,ret60_ret5_top5_riskoff0,1.1994184889,1.2033295352,1.6172876579
2021-03-26,10,ret60_ret5_top5_riskoff0,1.1994184889,1.2251686378,1.6539383210
2021-03-29,10,ret60_ret5_top5_riskoff0,1.1994184889,1.2286961225,1.6568568484
2021-03-30,10,ret60_ret5_top5_riskoff0,1.1994184889,1.2315579908,1.6725656824
2021-03-31,10,ret60_ret5_top5_riskoff0,1.1994184889,1.2259794306,1.6573427225
2021-04-01,10,ret60_ret5_top5_riskoff0,1.1994184889,1.2371943452,1.6778347898
2021-04-02,10,ret60_ret5_top5_riskoff0,1.1994184889,1.2432137426,1.6945055231
2021-04-06,10,ret60_ret5_top5_riskoff0,1.1994184889,1.2460483678,1.6875391395
2021-04-07,10,ret60_ret5_top5_riskoff0,1.1994184889,1.2491737708,1.6755236050
2021-04-08,10,ret60_ret5_top5_riskoff0,1.1994184889,1.2456062330,1.6783042492
2021-04-09,10,ret60_ret5_top5_riskoff0,1.1994184889,1.2397873543,1.6530683438
2021-04-12,10,ret60_ret5_top5_riskoff0,1.1994184889,1.2211319693,1.6243131344
2021-04-13,10,ret60_ret5_top5_riskoff0,1.1994184889,1.2113400739,1.6216506758
2021-04-14,10,ret60_ret5_top5_riskoff0,1.1994184889,1.2275519774,1.6351074178
2021-04-15,10,ret60_ret5_top5_riskoff0,1.1994184889,1.2224305689,1.6247136522
2021-04-16,10,ret60_ret5_top5_riskoff0,1.1994184889,1.2332609248,1.6303635798
2021-04-19,10,ret60_ret5_top5_riskoff0,1.1994184889,1.2534110117,1.6700345411
2021-04-20,10,ret60_ret5_top5_riskoff0,1.1994184889,1.2514052739,1.6688362706
2021-04-21,10,ret60_ret5_top5_riskoff0,1.1994184889,1.2479642026,1.6738854215
2021-04-22,10,ret60_ret5_top5_riskoff0,1.1994184889,1.2504550535,1.6707633522
2021-04-23,10,ret60_ret5_top5_riskoff0,1.1994184889,1.2506989111,1.6859337853
2021-04-26,10,ret60_ret5_top5_riskoff0,1.1994184889,1.2414667509,1.6668238327
2021-04-27,10,ret60_ret5_top5_riskoff0,1.1994184889,1.2386730344,1.6711835677
2021-04-28,10,ret60_ret5_top5_riskoff0,1.1994184889,1.2462740677,1.6806121510
2021-04-29,10,ret60_ret5_top5_riskoff0,1.1994184889,1.2497191693,1.6953623686
2021-04-30,10,ret60_ret5_top5_riskoff0,1.1994184889,1.2401901330,1.6820073975
2021-05-06,10,ret60_ret5_top5_riskoff0,1.1994184889,1.2400150708,1.6615317449
2021-05-07,10,ret60_ret5_top5_riskoff0,1.1994184889,1.2313294430,1.6401697004
2021-05-10,10,ret60_ret5_top5_riskoff0,1.1994184889,1.2379765924,1.6389779957
2021-05-11,10,ret60_ret5_top5_riskoff0,1.1994184889,1.2381004732,1.6490369022
2021-05-12,10,ret60_ret5_top5_riskoff0,1.1994184889,1.2465877819,1.6560919250
2021-05-13,10,ret60_ret5_top5_riskoff0,1.1994184889,1.2310130020,1.6391585570
2021-05-14,10,ret60_ret5_top5_riskoff0,1.1994184889,1.2497496903,1.6777724140
2021-05-17,10,ret60_ret5_top5_riskoff0,1.1994184889,1.2560313933,1.7021974349
2021-05-18,10,ret60_ret5_top5_riskoff0,1.1994184889,1.2611486504,1.7030542804
2021-05-19,10,ret60_ret5_top5_riskoff0,1.1994184889,1.2590326407,1.6980215443
2021-05-20,10,ret60_ret5_top5_riskoff0,1.1994184889,1.2545798328,1.7026636114
2021-05-21,10,ret60_ret5_top5_riskoff0,1.1994184889,1.2518715247,1.6855070040
2021-05-24,10,ret60_ret5_top5_riskoff0,1.1994184889,1.2560522873,1.6925456122
2021-05-25,10,ret60_ret5_top5_riskoff0,1.1994184889,1.2773826489,1.7460213065
2021-05-26,10,ret60_ret5_top5_riskoff0,1.1982190704,1.2810161562,1.7467140053
2021-05-27,10,ret60_ret5_top5_riskoff0,1.2052295999,1.2879474226,1.7525050990
2021-05-28,10,ret60_ret5_top5_riskoff0,1.1958548526,1.2848616931,1.7468781519
2021-05-31,11,ret60_ret5_top5_riskoff0,1.1958548526,1.2848616931,1.7468781519
2021-06-01,11,ret60_ret5_top5_riskoff0,1.2083767223,1.2894718682,1.7501906730
2021-06-02,11,ret60_ret5_top5_riskoff0,1.2014475432,1.2792128283,1.7332479959
2021-06-03,11,ret60_ret5_top5_riskoff0,1.2056296505,1.2774693273,1.7218851639
2021-06-04,11,ret60_ret5_top5_riskoff0,1.1949174116,1.2776428114,1.7307283829
2021-06-07,11,ret60_ret5_top5_riskoff0,1.1930138653,1.2796167795,1.7292048198
2021-06-08,11,ret60_ret5_top5_riskoff0,1.1881912476,1.2759440186,1.7142935601
2021-06-09,11,ret60_ret5_top5_riskoff0,1.2017479884,1.2782482915,1.7157122759
2021-06-10,11,ret60_ret5_top5_riskoff0,1.2032567234,1.2859484266,1.7271865082
2021-06-11,11,ret60_ret5_top5_riskoff0,1.2074178362,1.2798775813,1.7118624121
2021-06-15,11,ret60_ret5_top5_riskoff0,1.1865123833,1.2646261911,1.6928129584
2021-06-16,11,ret60_ret5_top5_riskoff0,1.1688271470,1.2459657796,1.6646122966
2021-06-17,11,ret60_ret5_top5_riskoff0,1.1688816163,1.2509329801,1.6716239634
2021-06-18,11,ret60_ret5_top5_riskoff0,1.1700766625,1.2570925856,1.6718139992
2021-06-21,11,ret60_ret5_top5_riskoff0,1.1823304080,1.2610896128,1.6678560116
2021-06-22,11,ret60_ret5_top5_riskoff0,1.1937169850,1.2678791100,1.6782653880
2021-06-23,11,ret60_ret5_top5_riskoff0,1.2064081204,1.2788440214,1.6865319466
2021-06-24,11,ret60_ret5_top5_riskoff0,1.2003839938,1.2748605641,1.6893431663
2021-06-25,11,ret60_ret5_top5_riskoff0,1.2003839938,1.2854404388,1.7168655968
2021-06-28,11,ret60_ret5_top5_riskoff0,1.2003839938,1.2888227999,1.7207285665
2021-06-29,11,ret60_ret5_top5_riskoff0,1.2003839938,1.2764326746,1.7006699570
2021-06-30,11,ret60_ret5_top5_riskoff0,1.2003839938,1.2825643958,1.7116461644
2021-07-01,11,ret60_ret5_top5_riskoff0,1.2003839938,1.2723853823,1.7134875461
2021-07-02,11,ret60_ret5_top5_riskoff0,1.2003839938,1.2536231479,1.6648187148
2021-07-05,11,ret60_ret5_top5_riskoff0,1.2003839938,1.2605391969,1.6663488309
2021-07-06,11,ret60_ret5_top5_riskoff0,1.2003839938,1.2630062252,1.6654674578
2021-07-07,11,ret60_ret5_top5_riskoff0,1.2003839938,1.2752555125,1.6842711755
2021-07-08,11,ret60_ret5_top5_riskoff0,1.2003839938,1.2661282178,1.6671581214
2021-07-09,11,ret60_ret5_top5_riskoff0,1.2003839938,1.2706785101,1.6609917864
2021-07-12,11,ret60_ret5_top5_riskoff0,1.2003839938,1.2892791100,1.6817220742
2021-07-13,11,ret60_ret5_top5_riskoff0,1.2003839938,1.2996559622,1.6847986888
2021-07-14,11,ret60_ret5_top5_riskoff0,1.2003839938,1.2851112798,1.6654641814
2021-07-15,11,ret60_ret5_top5_riskoff0,1.2003839938,1.2908072696,1.6878654739
2021-07-16,11,ret60_ret5_top5_riskoff0,1.2003839938,1.2840153217,1.6692911098
2021-07-19,11,ret60_ret5_top5_riskoff0,1.2003839938,1.2823994668,1.6754246800
2021-07-20,11,ret60_ret5_top5_riskoff0,1.2003839938,1.2820474640,1.6739502641
2021-07-21,11,ret60_ret5_top5_riskoff0,1.2003839938,1.2926524080,1.6854343259
2021-07-22,11,ret60_ret5_top5_riskoff0,1.2003839938,1.3000229357,1.6879604918
2021-07-23,11,ret60_ret5_top5_riskoff0,1.2003839938,1.2863564304,1.6674759400
2021-07-26,11,ret60_ret5_top5_riskoff0,1.2003839938,1.2587607974,1.6137646063
2021-07-27,11,ret60_ret5_top5_riskoff0,1.2003839938,1.2219357227,1.5567571338
2021-07-28,11,ret60_ret5_top5_riskoff0,1.2003839938,1.2060631898,1.5597616658
2021-07-29,11,ret60_ret5_top5_riskoff0,1.2003839938,1.2325035639,1.5891811782
2021-07-30,11,ret60_ret5_top5_riskoff0,1.2003839938,1.2348545870,1.5763701421
2021-08-02,11,ret60_ret5_top5_riskoff0,1.2003839938,1.2591903832,1.6165299552
2021-08-03,11,ret60_ret5_top5_riskoff0,1.2003839938,1.2559726438,1.6167658618
2021-08-04,11,ret60_ret5_top5_riskoff0,1.2003839938,1.2718716015,1.6313101557
2021-08-05,11,ret60_ret5_top5_riskoff0,1.2003839938,1.2676602216,1.6214217396
2021-08-09,11,ret60_ret5_top5_riskoff0,1.2003839938,1.2842235394,1.6335086737
2021-08-10,11,ret60_ret5_top5_riskoff0,1.2003839938,1.2947175667,1.6523779209
2021-08-11,11,ret60_ret5_top5_riskoff0,1.2003839938,1.2975734485,1.6432660306
2021-08-12,11,ret60_ret5_top5_riskoff0,1.2003839938,1.2950494807,1.6295080918
2021-08-13,11,ret60_ret5_top5_riskoff0,1.2003839938,1.2939932282,1.6205403665
2021-08-16,11,ret60_ret5_top5_riskoff0,1.2003839938,1.2923231904,1.6189316149
2021-08-17,11,ret60_ret5_top5_riskoff0,1.2003839938,1.2656236573,1.5849643486
2021-08-18,11,ret60_ret5_top5_riskoff0,1.2003839938,1.2757033204,1.6035878599
2021-08-19,11,ret60_ret5_top5_riskoff0,1.2003839938,1.2749186191,1.5930703597
2021-08-20,11,ret60_ret5_top5_riskoff0,1.2003839938,1.2650477009,1.5626416916
2021-08-23,11,ret60_ret5_top5_riskoff0,1.2003839938,1.2865287943,1.5844663237
2021-08-24,11,ret60_ret5_top5_riskoff0,1.2003839938,1.2968610485,1.6016711192
2021-08-25,11,ret60_ret5_top5_riskoff0,1.2003839938,1.3057999222,1.6048722400
2021-08-26,11,ret60_ret5_top5_riskoff0,1.2003839938,1.2938763087,1.5732378273
2021-08-27,11,ret60_ret5_top5_riskoff0,1.2003839938,1.2971635104,1.5815699155
2021-08-30,11,ret60_ret5_top5_riskoff0,1.2003839938,1.2989420904,1.5770582028
2021-08-31,11,ret60_ret5_top5_riskoff0,1.2003839938,1.3048949351,1.5745484193
2021-09-01,11,ret60_ret5_top5_riskoff0,1.2003839938,1.3085861200,1.5954687429
2021-09-02,11,ret60_ret5_top5_riskoff0,1.2003839938,1.3191737553,1.5954523605
2021-09-03,11,ret60_ret5_top5_riskoff0,1.2003839938,1.3137322913,1.5868188362
2021-09-06,11,ret60_ret5_top5_riskoff0,1.2003839938,1.3306944025,1.6165266787
2021-09-07,11,ret60_ret5_top5_riskoff0,1.2003839938,1.3505385361,1.6358906745
2021-09-08,11,ret60_ret5_top5_riskoff0,1.2003839938,1.3554291450,1.6291083613
2021-09-09,11,ret60_ret5_top5_riskoff0,1.2003839938,1.3622671683,1.6284137475
2021-09-10,11,ret60_ret5_top5_riskoff0,1.2003839938,1.3613696552,1.6426697112
2021-09-13,11,ret60_ret5_top5_riskoff0,1.2003839938,1.3642058900,1.6355073263
2021-09-14,11,ret60_ret5_top5_riskoff0,1.2003839938,1.3445649041,1.6110975517
2021-09-15,11,ret60_ret5_top5_riskoff0,1.2003839938,1.3414629316,1.5947675763
2021-09-16,11,ret60_ret5_top5_riskoff0,1.2003839938,1.3202252847,1.5752332036
2021-09-17,11,ret60_ret5_top5_riskoff0,1.2003839938,1.3189720007,1.5910389422
2021-09-22,11,ret60_ret5_top5_riskoff0,1.2003839938,1.3205199324,1.5798432107
2021-09-23,11,ret60_ret5_top5_riskoff0,1.2003839938,1.3311297235,1.5901411867
2021-09-24,11,ret60_ret5_top5_riskoff0,1.2003839938,1.3153811735,1.5889059539
2021-09-27,11,ret60_ret5_top5_riskoff0,1.2003839938,1.2920895655,1.5980604385
2021-09-28,11,ret60_ret5_top5_riskoff0,1.2003839938,1.2969292019,1.6001770444
2021-09-29,11,ret60_ret5_top5_riskoff0,1.2003839938,1.2666611050,1.5838274101
2021-09-30,11,ret60_ret5_top5_riskoff0,1.2003839938,1.2873018988,1.5944595872
2021-10-11,11,ret60_ret5_top5_riskoff0,1.2003839938,1.3009476619,1.6173326928
2021-10-12,11,ret60_ret5_top5_riskoff0,1.2003839938,1.2808420050,1.6001803209
2021-10-13,11,ret60_ret5_top5_riskoff0,1.2003839938,1.2880997183,1.6186170729
2021-10-14,11,ret60_ret5_top5_riskoff0,1.2003839938,1.2895887219,1.6099344013
2021-10-15,11,ret60_ret5_top5_riskoff0,1.2003839938,1.2890403456,1.6159958890
2021-10-18,11,ret60_ret5_top5_riskoff0,1.2003839938,1.2931397279,1.5972118302
2021-10-19,11,ret60_ret5_top5_riskoff0,1.2003839938,1.3007976348,1.6129192745
2021-10-20,11,ret60_ret5_top5_riskoff0,1.2003839938,1.2971998930,1.6088105688
2021-10-21,11,ret60_ret5_top5_riskoff0,1.2003839938,1.2965522510,1.6146558088
2021-10-25,11,ret60_ret5_top5_riskoff0,1.2003839938,1.2997958387,1.6315296798
2021-10-26,11,ret60_ret5_top5_riskoff0,1.2003839938,1.2949449165,1.6261497000
2021-10-27,11,ret60_ret5_top5_riskoff0,1.2003839938,1.2778013400,1.6048722400
2021-10-28,11,ret60_ret5_top5_riskoff0,1.2003839938,1.2609051273,1.5937256557
2021-10-29,11,ret60_ret5_top5_riskoff0,1.2003839938,1.2770710307,1.6083485851
2021-11-01,11,ret60_ret5_top5_riskoff0,1.2003839938,1.2789254401,1.6024247096
2021-11-02,11,ret60_ret5_top5_riskoff0,1.2003839938,1.2622785318,1.5857670862
2021-11-03,11,ret60_ret5_top5_riskoff0,1.2003839938,1.2660081677,1.5796269630
2021-11-04,11,ret60_ret5_top5_riskoff0,1.2003839938,1.2781462020,1.5952328364
2021-11-05,11,ret60_ret5_top5_riskoff0,1.2003839938,1.2646951501,1.5865862061
2021-11-08,11,ret60_ret5_top5_riskoff0,1.2003839938,1.2727563107,1.5884963939
2021-11-09,11,ret60_ret5_top5_riskoff0,1.2003839938,1.2790586394,1.5880245808
2021-11-10,11,ret60_ret5_top5_riskoff0,1.2003839938,1.2751641070,1.5796531748
2021-11-11,11,ret60_ret5_top5_riskoff0,1.2003839938,1.2918366415,1.6050327875
2021-11-12,11,ret60_ret5_top5_riskoff0,1.2003839938,1.2944224412,1.6016678428
2021-11-15,11,ret60_ret5_top5_riskoff0,1.2003839938,1.2940890654,1.5997019549
2021-11-16,11,ret60_ret5_top5_riskoff0,1.2003839938,1.2865866732,1.6000099440
2021-11-17,11,ret60_ret5_top5_riskoff0,1.2003839938,1.2965159278,1.6008061286
2021-11-18,11,ret60_ret5_top5_riskoff0,1.2003839938,1.2899523929,1.5850364312
2021-11-19,11,ret60_ret5_top5_riskoff0,1.2003839938,1.3035252224,1.6022182914
2021-11-22,11,ret60_ret5_top5_riskoff0,1.2003839938,1.3127186145,1.6095379473
2021-11-23,11,ret60_ret5_top5_riskoff0,1.2003839938,1.3141368182,1.6098492129
2021-11-24,11,ret60_ret5_top5_riskoff0,1.2003839938,1.3164802018,1.6109337277
2021-11-25,11,ret60_ret5_top5_riskoff0,1.2003839938,1.3093830869,1.6043086855
2021-11-26,11,ret60_ret5_top5_riskoff0,1.2003839938,1.3045353809,1.5924117873
2021-11-29,11,ret60_ret5_top5_riskoff0,1.2003839938,1.3021195927,1.5895579733
2021-11-30,11,ret60_ret5_top5_riskoff0,1.2003839938,1.3047610904,1.5832048790
2021-12-01,11,ret60_ret5_top5_riskoff0,1.2003839938,1.3125313986,1.5870776781
2021-12-02,11,ret60_ret5_top5_riskoff0,1.2003839938,1.3086330977,1.5911110248
2021-12-03,11,ret60_ret5_top5_riskoff0,1.2003839938,1.3200826799,1.6058093133
2021-12-06,11,ret60_ret5_top5_riskoff0,1.2003839938,1.3114577633,1.6030570702
2021-12-07,11,ret60_ret5_top5_riskoff0,1.2003839938,1.3114444981,1.6127161327
