date,ret60_ret5_top5_softoff0_modes,ret60_ret5_top5_riskoff0_modeh,ret60_ret5_top5_softoff0p1_modes,ret60_ret5_top5_softoff0p2_modes,ret60_ret5_top5_riskoff0p2_modeh,ret60_ret5_top5_riskoff0p3_modeh,ret60_ret5_top5_softoff0p3_modes,ret60_ret5_top5_riskoff0p5_modeh,equal_weight,benchmark
2021-12-13,1.0000000000,1.0000000000,1.0000000000,1.0000000000,1.0000000000,1.0000000000,1.0000000000,1.0000000000,1.0000000000,1.0000000000
2021-12-14,1.0000000000,1.0000000000,1.0000000000,1.0000000000,1.0000000000,1.0000000000,1.0000000000,1.0000000000,0.9954078109,0.9932924191
2021-12-15,1.0000000000,1.0000000000,1.0000000000,1.0000000000,1.0000000000,1.0000000000,1.0000000000,1.0000000000,0.9940787395,0.9846768166
2021-12-16,1.0000000000,1.0000000000,1.0000000000,1.0000000000,1.0000000000,1.0000000000,1.0000000000,1.0000000000,1.0042441620,0.9903477714
2021-12-17,1.0000000000,1.0000000000,1.0000000000,1.0000000000,1.0000000000,1.0000000000,1.0000000000,1.0000000000,0.9943271382,0.9746174122
2021-12-20,1.0000000000,1.0000000000,1.0000000000,1.0000000000,1.0000000000,1.0000000000,1.0000000000,1.0000000000,0.9811179554,0.9599944923
2021-12-21,1.0000000000,1.0000000000,1.0000000000,1.0000000000,1.0000000000,1.0000000000,1.0000000000,1.0000000000,0.9949953196,0.9664994689
2021-12-22,1.0000000000,1.0000000000,1.0000000000,1.0000000000,1.0000000000,1.0000000000,1.0000000000,1.0000000000,0.9972909842,0.9666883040
2021-12-23,1.0000000000,1.0000000000,1.0000000000,1.0000000000,1.0000000000,1.0000000000,1.0000000000,1.0000000000,0.9986314962,0.9734332586
2021-12-24,1.0000000000,1.0000000000,1.0000000000,1.0000000000,1.0000000000,1.0000000000,1.0000000000,1.0000000000,0.9881045494,0.9680435894
2021-12-27,1.0000000000,1.0000000000,1.0000000000,1.0000000000,1.0000000000,1.0000000000,1.0000000000,1.0000000000,0.9902205582,0.9676462489
2021-12-28,1.0000000000,1.0000000000,1.0000000000,1.0000000000,1.0000000000,1.0000000000,1.0000000000,1.0000000000,0.9944623309,0.9748534561
2021-12-29,1.0000000000,1.0000000000,1.0000000000,1.0000000000,1.0000000000,1.0000000000,1.0000000000,1.0000000000,0.9888371426,0.9605964043
2021-12-30,1.0000000000,1.0000000000,1.0000000000,1.0000000000,1.0000000000,1.0000000000,1.0000000000,1.0000000000,0.9963101665,0.9680770290
2021-12-31,1.0000000000,1.0000000000,1.0000000000,1.0000000000,1.0000000000,1.0000000000,1.0000000000,1.0000000000,1.0028824953,0.9717868524
2022-01-04,1.0000000000,1.0000000000,1.0000000000,1.0000000000,1.0000000000,1.0000000000,1.0000000000,1.0000000000,1.0086308634,0.9673413588
2022-01-05,1.0000000000,1.0000000000,1.0000000000,1.0000000000,1.0000000000,1.0000000000,1.0000000000,1.0000000000,0.9975294115,0.9575750423
2022-01-06,1.0000000000,1.0000000000,1.0000000000,1.0000000000,1.0000000000,1.0000000000,1.0000000000,1.0000000000,0.9982121335,0.9477615170
2022-01-07,1.0000000000,1.0000000000,1.0000000000,1.0000000000,1.0000000000,1.0000000000,1.0000000000,1.0000000000,0.9915944502,0.9485758684
2022-01-10,1.0000000000,1.0000000000,1.0000000000,1.0000000000,1.0000000000,1.0000000000,1.0000000000,1.0000000000,0.9974185071,0.9528384279
2022-01-11,1.0000000000,1.0000000000,1.0000000000,1.0000000000,1.0000000000,1.0000000000,1.0000000000,1.0000000000,0.9883696155,0.9437369684
2022-01-12,1.0000000000,1.0000000000,1.0000000000,1.0000000000,1.0000000000,1.0000000000,1.0000000000,1.0000000000,0.9971330704,0.9531413510
2022-01-13,1.0000000000,1.0000000000,1.0000000000,1.0000000000,1.0000000000,1.0000000000,1.0000000000,1.0000000000,0.9837862005,0.9374719698
2022-01-14,1.0000000000,1.0000000000,1.0000000000,1.0000000000,1.0000000000,1.0000000000,1.0000000000,1.0000000000,0.9750879564,0.9297631693
2022-01-17,1.0000000000,1.0000000000,1.0000000000,1.0000000000,1.0000000000,1.0000000000,1.0000000000,1.0000000000,0.9849388433,0.9377394862
2022-01-18,1.0000000000,1.0000000000,1.0000000000,1.0000000000,1.0000000000,1.0000000000,1.0000000000,1.0000000000,0.9867265668,0.9468016051
2022-01-19,1.0000000000,1.0000000000,1.0000000000,1.0000000000,1.0000000000,1.0000000000,1.0000000000,1.0000000000,0.9846745546,0.9403162988
2022-01-20,1.0000000000,1.0000000000,1.0000000000,1.0000000000,1.0000000000,1.0000000000,1.0000000000,1.0000000000,0.9769279485,0.9488001102
2022-01-21,1.0000000000,1.0000000000,1.0000000000,1.0000000000,1.0000000000,1.0000000000,1.0000000000,1.0000000000,0.9664382663,0.9401058264
2022-01-24,1.0000000000,1.0000000000,1.0000000000,1.0000000000,1.0000000000,1.0000000000,1.0000000000,1.0000000000,0.9670495406,0.9415673315
2022-01-25,1.0000000000,1.0000000000,1.0000000000,1.0000000000,1.0000000000,1.0000000000,1.0000000000,1.0000000000,0.9351999839,0.9202663362
2022-01-26,1.0000000000,1.0000000000,1.0000000000,1.0000000000,1.0000000000,1.0000000000,1.0000000000,1.0000000000,0.9410170992,0.9269267084
2022-01-27,1.0000000000,1.0000000000,1.0000000000,1.0000000000,1.0000000000,1.0000000000,1.0000000000,1.0000000000,0.9186589007,0.9087454266
2022-01-28,1.0000000000,1.0000000000,1.0000000000,1.0000000000,1.0000000000,1.0000000000,1.0000000000,1.0000000000,0.9183846936,0.8977084071
2022-02-07,1.0000000000,1.0000000000,1.0000000000,1.0000000000,1.0000000000,1.0000000000,1.0000000000,1.0000000000,0.9350338433,0.9115405799
2022-02-08,1.0000000000,1.0000000000,1.0000000000,1.0000000000,1.0000000000,1.0000000000,1.0000000000,1.0000000000,0.9451069282,0.9065600535
2022-02-09,1.0000000000,1.0000000000,1.0000000000,1.0000000000,1.0000000000,1.0000000000,1.0000000000,1.0000000000,0.9570239845,0.9150753373
2022-02-10,1.0000000000,1.0000000000,1.0000000000,1.0000000000,1.0000000000,1.0000000000,1.0000000000,1.0000000000,0.9587187938,0.9126755577
2022-02-11,1.0000000000,1.0000000000,1.0000000000,1.0000000000,1.0000000000,1.0000000000,1.0000000000,1.0000000000,0.9480777023,0.9051103505
2022-02-14,1.0000000000,1.0000000000,1.0000000000,1.0000000000,1.0000000000,1.0000000000,1.0000000000,1.0000000000,0.9410679948,0.8953322318
2022-02-15,1.0000000000,1.0000000000,1.0000000000,1.0000000000,1.0000000000,1.0000000000,1.0000000000,1.0000000000,0.9453901850,0.9048546363
2022-02-16,1.0000000000,1.0000000000,1.0000000000,1.0000000000,1.0000000000,1.0000000000,1.0000000000,1.0000000000,0.9532056518,0.9083736575
2022-02-17,1.0000000000,1.0000000000,1.0000000000,1.0000000000,1.0000000000,1.0000000000,1.0000000000,1.0000000000,0.9529759936,0.9105727999
2022-02-18,1.0000000000,1.0000000000,1.0000000000,1.0000000000,1.0000000000,1.0000000000,1.0000000000,1.0000000000,0.9613142958,0.9149140407
2022-02-21,1.0000000000,1.0000000000,1.0000000000,1.0000000000,1.0000000000,1.0000000000,1.0000000000,1.0000000000,0.9670453904,0.9115838546
2022-02-22,1.0000000000,1.0000000000,1.0000000000,1.0000000000,1.0000000000,1.0000000000,1.0000000000,1.0000000000,0.9554381996,0.8997501869
2022-02-23,1.0000000000,1.0000000000,1.0000000000,1.0000000000,1.0000000000,1.0000000000,1.0000000000,1.0000000000,0.9649246089,0.9093689760
2022-02-24,1.0000000000,1.0000000000,1.0000000000,1.0000000000,1.0000000000,1.0000000000,1.0000000000,1.0000000000,0.9434111565,0.8909319800
2022-02-25,1.0000000000,1.0000000000,1.0000000000,1.0000000000,1.0000000000,1.0000000000,1.0000000000,1.0000000000,0.9505378584,0.8996065935
2022-02-28,1.0000000000,1.0000000000,1.0000000000,1.0000000000,1.0000000000,1.0000000000,1.0000000000,1.0000000000,0.9527518156,0.9012254613
2022-03-01,1.0000000000,1.0000000000,1.0000000000,1.0000000000,1.0000000000,1.0000000000,1.0000000000,1.0000000000,0.9600453783,0.9087080530
2022-03-02,1.0000000000,1.0000000000,1.0000000000,1.0000000000,1.0000000000,1.0000000000,1.0000000000,1.0000000000,0.9583600882,0.9006255163
2022-03-04,1.0000000000,1.0000000000,1.0000000000,1.0000000000,1.0000000000,1.0000000000,1.0000000000,1.0000000000,0.9469759814,0.8844624100
2022-03-07,1.0000000000,1.0000000000,1.0000000000,1.0000000000,1.0000000000,1.0000000000,1.0000000000,1.0000000000,0.9273500124,0.8562059876
2022-03-08,1.0000000000,1.0000000000,1.0000000000,1.0000000000,1.0000000000,1.0000000000,1.0000000000,1.0000000000,0.8998391254,0.8390160903
2022-03-09,1.0000000000,1.0000000000,1.0000000000,1.0000000000,1.0000000000,1.0000000000,1.0000000000,1.0000000000,0.8888587966,0.8313367953
2022-03-10,1.0000000000,1.0000000000,1.0000000000,1.0000000000,1.0000000000,1.0000000000,1.0000000000,1.0000000000,0.9021121701,0.8444155946
2022-03-11,1.0000000000,1.0000000000,1.0000000000,1.0000000000,1.0000000000,1.0000000000,1.0000000000,1.0000000000,0.9051883632,0.8471064951
2022-03-14,1.0000000000,1.0000000000,1.0000000000,1.0000000000,1.0000000000,1.0000000000,1.0000000000,1.0000000000,0.8782877289,0.8211888745
2022-03-15,1.0000000000,1.0000000000,1.0000000000,1.0000000000,1.0000000000,1.0000000000,1.0000000000,1.0000000000,0.8319701930,0.7836283882
2022-03-16,1.0000000000,1.0000000000,1.0000000000,1.0000000000,1.0000000000,1.0000000000,1.0000000000,1.0000000000,0.8614050567,0.8175144577
2022-03-17,1.0000000000,1.0000000000,1.0000000000,1.0000000000,1.0000000000,1.0000000000,1.0000000000,1.0000000000,0.8782574053,0.8335693772
2022-03-18,1.0000000000,1.0000000000,1.0000000000,1.0000000000,1.0000000000,1.0000000000,1.0000000000,1.0000000000,0.8894070746,0.8391164090
2022-03-21,1.0000000000,1.0000000000,1.0000000000,1.0000000000,1.0000000000,1.0000000000,1.0000000000,1.0000000000,0.8941853258,0.8377099807
2022-03-22,1.0000000000,1.0000000000,1.0000000000,1.0000000000,1.0000000000,1.0000000000,1.0000000000,1.0000000000,0.8961038767,0.8370293875
2022-03-24,1.0000000000,1.0000000000,1.0000000000,1.0000000000,1.0000000000,1.0000000000,1.0000000000,1.0000000000,0.8913004370,0.8362465085
2022-03-25,1.0000000000,1.0000000000,1.0000000000,1.0000000000,1.0000000000,1.0000000000,1.0000000000,1.0000000000,0.8832936560,0.8211515008
2022-03-28,1.0000000000,1.0000000000,1.0000000000,1.0000000000,1.0000000000,1.0000000000,1.0000000000,1.0000000000,0.8819803914,0.8160175459
2022-03-29,1.0000000000,1.0000000000,1.0000000000,1.0000000000,1.0000000000,1.0000000000,1.0000000000,1.0000000000,0.8773267222,0.8131987883
2022-03-30,1.0000000000,1.0000000000,1.0000000000,1.0000000000,1.0000000000,1.0000000000,1.0000000000,1.0000000000,0.8956248137,0.8367953106
2022-04-01,1.0000000000,1.0000000000,1.0000000000,1.0000000000,1.0000000000,1.0000000000,1.0000000000,1.0000000000,0.8991790838,0.8411345844
2022-04-06,1.0000000000,1.0000000000,1.0000000000,1.0000000000,1.0000000000,1.0000000000,1.0000000000,1.0000000000,0.9035307345,0.8387112003
2022-04-07,1.0000000000,1.0000000000,1.0000000000,1.0000000000,1.0000000000,1.0000000000,1.0000000000,1.0000000000,0.8874241916,0.8279436642
2022-04-08,1.0000000000,1.0000000000,1.0000000000,1.0000000000,1.0000000000,1.0000000000,1.0000000000,1.0000000000,0.8884023583,0.8322062237
2022-04-11,1.0000000000,1.0000000000,1.0000000000,1.0000000000,1.0000000000,1.0000000000,1.0000000000,1.0000000000,0.8633521796,0.8064971085
2022-04-12,1.0000000000,1.0000000000,1.0000000000,1.0000000000,1.0000000000,1.0000000000,1.0000000000,1.0000000000,0.8790082649,0.8222136984
2022-04-13,1.0000000000,1.0000000000,1.0000000000,1.0000000000,1.0000000000,1.0000000000,1.0000000000,1.0000000000,0.8671117282,0.8143003265
2022-04-15,1.0000000000,1.0000000000,1.0000000000,1.0000000000,1.0000000000,1.0000000000,1.0000000000,1.0000000000,0.8690451921,0.8239407530
2022-04-18,1.0000000000,1.0000000000,1.0000000000,1.0000000000,1.0000000000,1.0000000000,1.0000000000,1.0000000000,0.8682063492,0.8195405012
2022-04-19,1.0000000000,1.0000000000,1.0000000000,1.0000000000,1.0000000000,1.0000000000,1.0000000000,1.0000000000,0.8701019869,0.8133482828
2022-04-20,1.0000000000,1.0000000000,1.0000000000,1.0000000000,1.0000000000,1.0000000000,1.0000000000,1.0000000000,0.8571781280,0.8007376372
2022-04-21,1.0000000000,1.0000000000,1.0000000000,1.0000000000,1.0000000000,1.0000000000,1.0000000000,1.0000000000,0.8309753152,0.7859927613
2022-04-22,1.0000000000,1.0000000000,1.0000000000,1.0000000000,1.0000000000,1.0000000000,1.0000000000,1.0000000000,0.8310058791,0.7894193320
2022-04-25,1.0000000000,1.0000000000,1.0000000000,1.0000000000,1.0000000000,1.0000000000,1.0000000000,1.0000000000,0.7804721008,0.7504052087
2022-04-26,1.0000000000,1.0000000000,1.0000000000,1.0000000000,1.0000000000,1.0000000000,1.0000000000,1.0000000000,0.7647928663,0.7443487155
2022-04-27,1.0000000000,1.0000000000,1.0000000000,1.0000000000,1.0000000000,1.0000000000,1.0000000000,1.0000000000,0.7893658142,0.7662653920
2022-04-28,1.0000000000,1.0000000000,1.0000000000,1.0000000000,1.0000000000,1.0000000000,1.0000000000,1.0000000000,0.7875759188,0.7712950942
2022-04-29,1.0000000000,1.0000000000,1.0000000000,1.0000000000,1.0000000000,1.0000000000,1.0000000000,1.0000000000,0.8139786582,0.7900074747
2022-05-06,1.0000000000,1.0000000000,1.0000000000,1.0000000000,1.0000000000,1.0000000000,1.0000000000,1.0000000000,0.8038883682,0.7688776112
2022-05-10,1.0000000000,1.0000000000,1.0000000000,1.0000000000,1.0000000000,1.0000000000,1.0000000000,1.0000000000,0.8169309863,0.7710511822
2022-05-11,1.0000000000,1.0000000000,1.0000000000,1.0000000000,1.0000000000,1.0000000000,1.0000000000,1.0000000000,0.8223092469,0.7821747512
2022-05-12,1.0000000000,1.0000000000,1.0000000000,1.0000000000,1.0000000000,1.0000000000,1.0000000000,1.0000000000,0.8223052884,0.7786970376
2022-05-13,1.0000000000,1.0000000000,1.0000000000,1.0000000000,1.0000000000,1.0000000000,1.0000000000,1.0000000000,0.8284440181,0.7845705968
2022-05-16,1.0000000000,1.0000000000,1.0000000000,1.0000000000,1.0000000000,1.0000000000,1.0000000000,1.0000000000,0.8305084880,0.7782642905
2022-05-17,1.0000000000,1.0000000000,1.0000000000,1.0000000000,1.0000000000,1.0000000000,1.0000000000,1.0000000000,0.8340249914,0.7879715961
2022-05-18,1.0000000000,1.0000000000,1.0000000000,1.0000000000,1.0000000000,1.0000000000,1.0000000000,1.0000000000,0.8334385263,0.7852216846
2022-05-19,1.0000000000,1.0000000000,1.0000000000,1.0000000000,1.0000000000,1.0000000000,1.0000000000,1.0000000000,0.8366119994,0.7867343326
2022-05-20,1.0000000000,1.0000000000,1.0000000000,1.0000000000,1.0000000000,1.0000000000,1.0000000000,1.0000000000,0.8505041461,0.8020771864
2022-05-23,1.0000000000,1.0000000000,1.0000000000,1.0000000000,1.0000000000,1.0000000000,1.0000000000,1.0000000000,0.8538632478,0.7974310555
2022-05-24,1.0000000000,1.0000000000,1.0000000000,1.0000000000,1.0000000000,1.0000000000,1.0000000000,1.0000000000,0.8260445785,0.7787776860
2022-05-25,1.0000000000,1.0000000000,1.0000000000,1.0000000000,1.0000000000,1.0000000000,1.0000000000,1.0000000000,0.8379265681,0.7835044652
2022-05-26,1.0000000000,1.0000000000,1.0000000000,1.0000000000,1.0000000000,1.0000000000,1.0000000000,1.0000000000,0.8449497937,0.7854439592
2022-05-27,1.0000000000,1.0000000000,1.0000000000,1.0000000000,1.0000000000,1.0000000000,1.0000000000,1.0000000000,0.8459575169,0.7870687281
2022-05-30,1.0000000000,1.0000000000,1.0000000000,1.0000000000,1.0000000000,1.0000000000,1.0000000000,1.0000000000,0.8530336674,0.7925213423
2022-05-31,1.0000000000,1.0000000000,1.0000000000,1.0000000000,1.0000000000,1.0000000000,1.0000000000,1.0000000000,0.8626479444,0.8048152956
2022-06-01,1.0000000000,1.0000000000,1.0000000000,1.0000000000,1.0000000000,1.0000000000,1.0000000000,1.0000000000,0.8631038867,0.8031747905
2022-06-02,1.0000000000,1.0000000000,1.0000000000,1.0000000000,1.0000000000,1.0000000000,1.0000000000,1.0000000000,0.8642042005,0.8044317243
2022-06-06,1.0000000000,1.0000000000,1.0000000000,1.0000000000,1.0000000000,1.0000000000,1.0000000000,1.0000000000,0.8772457162,0.8194834573
2022-06-07,1.0000000000,1.0000000000,1.0000000000,1.0000000000,1.0000000000,1.0000000000,1.0000000000,1.0000000000,0.8774671382,0.8220484677
2022-06-08,1.0000000000,1.0000000000,1.0000000000,1.0000000000,1.0000000000,1.0000000000,1.0000000000,1.0000000000,0.8825800826,0.8300503560
2022-06-09,1.0000000000,1.0000000000,1.0000000000,1.0000000000,1.0000000000,1.0000000000,1.0000000000,1.0000000000,0.8720374101,0.8213678744
2022-06-10,1.0000000000,1.0000000000,1.0000000000,1.0000000000,1.0000000000,1.0000000000,1.0000000000,1.0000000000,0.8844395604,0.8338231244
2022-06-13,1.0000000000,1.0000000000,1.0000000000,1.0000000000,1.0000000000,1.0000000000,1.0000000000,1.0000000000,0.8808097568,0.8240587749
2022-06-14,1.0000000000,1.0000000000,1.0000000000,1.0000000000,1.0000000000,1.0000000000,1.0000000000,1.0000000000,0.8864390550,0.8305421142
2022-06-15,1.0000000000,1.0000000000,1.0000000000,1.0000000000,1.0000000000,1.0000000000,1.0000000000,1.0000000000,0.8891282234,0.8415397931
2022-06-16,1.0000000000,1.0000000000,1.0000000000,1.0000000000,1.0000000000,1.0000000000,1.0000000000,1.0000000000,0.8887657461,0.8360006295
2022-06-17,1.0000000000,1.0000000000,1.0000000000,1.0000000000,1.0000000000,1.0000000000,1.0000000000,1.0000000000,0.8940299417,0.8476021873
2022-06-20,1.0000000000,1.0000000000,1.0000000000,1.0000000000,1.0000000000,1.0000000000,1.0000000000,1.0000000000,0.8998006044,0.8518096699
2022-06-21,1.0000000000,1.0000000000,1.0000000000,1.0000000000,1.0000000000,1.0000000000,1.0000000000,1.0000000000,0.8965707445,0.8508536921
2022-06-22,1.0000000000,1.0000000000,1.0000000000,1.0000000000,1.0000000000,1.0000000000,1.0000000000,1.0000000000,0.8835610099,0.8400448483
2022-06-23,1.0000000000,1.0000000000,1.0000000000,1.0000000000,1.0000000000,1.0000000000,1.0000000000,1.0000000000,0.8985962987,0.8544553287
2022-06-24,1.0000000000,1.0000000000,0.9999000000,0.9998000000,0.9998000000,0.9997000000,0.9997000000,0.9995000000,0.9073721870,0.8644655573
2022-06-27,1.0000000000,1.0000000000,1.0019506756,1.0039009411,1.0039009411,1.0058507963,1.0058507963,1.0097492763,0.9179558167,0.8742004013
2022-06-28,1.0000000000,1.0000000000,1.0032047485,1.0064139689,1.0064139689,1.0096276596,1.0096276596,1.0160684457,0.9283136492,0.8832998938
2022-06-29,1.0000000000,1.0000000000,1.0011454772,1.0022822513,1.0022822513,1.0034102930,1.0034102930,1.0056400632,0.9140149633,0.8696958968
2022-06-30,1.0000000000,1.0000000000,1.0022089155,1.0044115428,1.0044115428,1.0066078249,1.0066078249,1.0109811257,0.9246808064,0.8822160589
2022-07-01,1.0000000000,1.0000000000,1.0016158656,1.0032228362,1.0032228362,1.0048208662,1.0048208662,1.0079899218,0.9222930626,0.8786183563
2022-07-04,1.0000000000,1.0000000000,1.0020336425,1.0040597306,1.0040597306,1.0060782074,1.0060782074,1.0100920996,0.9298187170,0.8843837287
2022-07-05,1.0000000000,1.0000000000,1.0022269754,1.0044471782,1.0044471782,1.0066605472,1.0066605472,1.0110665381,0.9265882879,0.8831071246
2022-07-06,1.0000000000,1.0000000000,0.9995173362,0.9990158947,0.9990158947,0.9984956695,0.9984956695,0.9973988482,0.9120441486,0.8702092923
2022-07-07,1.0000000000,1.0000000000,1.0001401316,1.0002608605,1.0002608605,1.0003621459,1.0003621459,1.0005062249,0.9167201122,0.8740450057
2022-07-08,1.0000000000,1.0000000000,0.9994409552,0.9988623389,0.9988623389,0.9982641510,0.9982641510,0.9970090632,0.9144840952,0.8711554349
2022-07-11,1.0000000000,1.0000000000,0.9972384994,0.9944599774,0.9944599774,0.9916645634,0.9916645634,0.9860235796,0.9028029584,0.8565679216
2022-07-12,1.0000000000,1.0000000000,0.9963397937,0.9926675740,0.9926675740,0.9889835160,0.9889835160,0.9815805854,0.8946260426,0.8485030882
2022-07-13,1.0000000000,1.0000000000,0.9966498826,0.9932854661,0.9932854661,0.9899069143,0.9899069143,0.9831080626,0.9000653862,0.8500452417
2022-07-14,1.0000000000,1.0000000000,0.9971599476,0.9943021523,0.9943021523,0.9914267565,0.9914267565,0.9856237353,0.9005798300,0.8501652307
2022-07-15,1.0000000000,1.0000000000,0.9967197216,0.9934242238,0.9934242238,0.9901136720,0.9901136720,0.9834480707,0.8845031780,0.8356996735
2022-07-18,1.0000000000,1.0000000000,0.9987539896,0.9974793077,0.9974793077,0.9961760276,0.9961760276,0.9934839755,0.9012128256,0.8443664188
2022-07-19,1.0000000000,1.0000000000,0.9988839395,0.9977388759,0.9977388759,0.9965648712,0.9965648712,0.9941302969,0.9043320117,0.8397930682
2022-07-20,1.0000000000,1.0000000000,0.9995779839,0.9991253733,0.9991253733,0.9986421702,0.9986421702,0.9975840040,0.9116794640,0.8426373972
2022-07-21,1.0000000000,1.0000000000,0.9981170244,0.9962047775,0.9962047775,0.9942633952,0.9942633952,0.9902937785,0.9029487339,0.8332467839
2022-07-22,1.0000000000,1.0000000000,0.9976317267,0.9952361456,0.9952361456,0.9928134345,0.9928134345,0.9878873427,0.9007338706,0.8336736300
2022-07-25,1.0000000000,1.0000000000,0.9958942071,0.9917694509,0.9917694509,0.9876260510,0.9876260510,0.9792846010,0.8946124714,0.8286399937
2022-07-26,1.0000000000,1.0000000000,0.9969269494,0.9938263807,0.9938263807,0.9906985555,0.9906985555,0.9843621915,0.9053062233,0.8351980802
2022-07-27,1.0000000000,1.0000000000,0.9978554237,0.9956775540,0.9956775540,0.9934665764,0.9934665764,0.9889460531,0.9063817781,0.8310791140
2022-07-28,1.0000000000,1.0000000000,0.9981642717,0.9962939018,0.9962939018,0.9943890451,0.9943890451,0.9904765051,0.9089230951,0.8312030371
2022-07-29,1.0000000000,1.0000000000,0.9979550111,0.9958761648,0.9958761648,0.9937636376,0.9937636376,0.9894382606,0.9002977286,0.8202722373
2022-08-01,1.0000000000,1.0000000000,0.9990586338,0.9980788124,0.9980788124,0.9970606004,0.9970606004,0.9949092817,0.9029854986,0.8239269838
2022-08-02,1.0000000000,1.0000000000,0.9962987657,0.9925644896,0.9925644896,0.9887975545,0.9887975545,0.9811672533,0.8763212970,0.8078641961
2022-08-03,1.0000000000,1.0000000000,0.9955868249,0.9911459449,0.9911459449,0.9866778128,0.9866778128,0.9776616131,0.8682083903,0.7999881978
2022-08-04,1.0000000000,1.0000000000,0.9956035307,0.9911792075,0.9911792075,0.9867274818,0.9867274818,0.9777436382,0.8745730717,0.8067862622
2022-08-05,1.0000000000,1.0000000000,0.9961573458,0.9922819155,0.9922819155,0.9883741148,0.9883741148,0.9804630398,0.8846091749,0.8176777214
2022-08-08,1.0000000000,1.0000000000,0.9975923838,0.9951408258,0.9951408258,0.9926455919,0.9926455919,0.9875251858,0.8903552283,0.8159388646
2022-08-09,1.0000000000,1.0000000000,0.9982933308,0.9965392748,0.9965392748,0.9947380057,0.9947380057,0.9909945532,0.8930131657,0.8175557654
2022-08-10,1.0000000000,1.0000000000,0.9979243318,0.9958025734,0.9958025734,0.9936349509,0.9936349509,0.9891630470,0.8898115491,0.8083992289
2022-08-11,1.0000000000,1.0000000000,0.9985917835,0.9971346386,0.9971346386,0.9956286993,0.9956286993,0.9924710061,0.9035098369,0.8248829616
2022-08-12,1.0000000000,1.0000000000,0.9977745959,0.9955026482,0.9955026482,0.9931844109,0.9931844109,0.9884101123,0.9043943454,0.8244128408
2022-08-15,1.0000000000,1.0000000000,0.9991095538,0.9981664846,0.9981664846,0.9971708605,0.9971708605,0.9950222565,0.9056919193,0.8233368740
2022-08-16,1.0000000000,1.0000000000,0.9996497900,0.9992459372,0.9992459372,0.9987884244,0.9987884244,0.9977123874,0.9086783928,0.8217947205
2022-08-17,1.0000000000,1.0000000000,1.0000751853,1.0000963841,1.0000963841,1.0000635107,1.0000635107,0.9998352417,0.9133395596,0.8294897518
2022-08-18,1.0000000000,1.0000000000,1.0001485045,1.0002430256,1.0002430256,1.0002834657,1.0002834657,1.0002017497,0.9072117457,0.8222392698
2022-08-19,1.0000000000,1.0000000000,0.9986243807,0.9971948269,0.9971948269,0.9957114883,0.9957114883,0.9925840951,0.9034858539,0.8165289744
2022-08-22,1.0000000000,1.0000000000,0.9993915262,0.9987269216,0.9987269216,0.9980062118,0.9980062118,0.9963966220,0.9121578273,0.8224949841
2022-08-23,1.0000000000,1.0000000000,0.9993833510,0.9987105821,0.9987105821,0.9979817204,0.9979817204,0.9963558688,0.9117453470,0.8184979740
2022-08-24,1.0000000000,1.0000000000,0.9958349906,0.9916186386,0.9916186386,0.9873515688,0.9873515688,0.9786678127,0.8914200417,0.8030252960
2022-08-25,1.0000000000,1.0000000000,0.9952953833,0.9905439934,0.9905439934,0.9857465375,0.9857465375,0.9760162876,0.8972376246,0.8096778001
2022-08-26,1.0000000000,1.0000000000,0.9944640825,0.9888893287,0.9888893287,0.9832765614,0.9832765614,0.9719402958,0.8941232090,0.8079684488
2022-08-29,1.0000000000,1.0000000000,0.9949492408,0.9898542060,0.9898542060,0.9847156625,0.9847156625,0.9743111452,0.8968141795,0.8044218891
2022-08-30,1.0000000000,1.0000000000,0.9943201108,0.9886023895,0.9886023895,0.9828476855,0.9828476855,0.9712307452,0.8939685796,0.8017211535
2022-08-31,1.0000000000,1.0000000000,0.9918056423,0.9836023707,0.9836023707,0.9753913153,0.9753913153,0.9589503481,0.8811934387,0.8023210984
2022-09-01,1.0000000000,1.0000000000,0.9908486807,0.9817042777,0.9817042777,0.9725679435,0.9725679435,0.9543240453,0.8768099808,0.7954168142
2022-09-02,1.0000000000,1.0000000000,0.9916382240,0.9832687912,0.9832687912,0.9748928732,0.9748928732,0.9581262412,0.8799358000,0.7914571777
2022-09-05,1.0000000000,1.0000000000,0.9918034769,0.9835965075,0.9835965075,0.9753802604,0.9753802604,0.9589245826,0.8834020225,0.7898481451
2022-09-06,1.0000000000,1.0000000000,0.9930551145,0.9860790686,0.9860790686,0.9790729958,0.9790729958,0.9649753078,0.8944658211,0.7970966600
2022-09-07,1.0000000000,1.0000000000,0.9937442271,0.9874476120,0.9874476120,0.9811112256,0.9811112256,0.9683234433,0.8949620743,0.7976277588
2022-09-08,1.0000000000,1.0000000000,0.9931860988,0.9863384283,0.9863384283,0.9794581265,0.9794581265,0.9656041889,0.8909914602,0.7942247925
2022-09-09,1.0000000000,1.0000000000,0.9933316370,0.9866274978,0.9866274978,0.9798887060,0.9798887060,0.9663116709,0.8982719103,0.8052618120
2022-09-13,1.0000000000,1.0000000000,0.9939510839,0.9878580302,0.9878580302,0.9817218975,0.9817218975,0.9693246565,0.9000994942,0.8086687124
2022-09-14,1.0000000000,1.0000000000,0.9933098636,0.9865834510,0.9865834510,0.9798219044,0.9798219044,0.9661979900,0.8923887489,0.7996695385
2022-09-15,1.0000000000,1.0000000000,0.9900911825,0.9801896808,0.9801896808,0.9702969786,0.9702969786,0.9505438456,0.8792054121,0.7921476061
2022-09-16,1.0000000000,1.0000000000,0.9886697774,0.9773753004,0.9773753004,0.9661180149,0.9661180149,0.9437206971,0.8574553088,0.7735709509
2022-09-19,1.0000000000,1.0000000000,0.9866621514,0.9734066341,0.9734066341,0.9602346427,0.9602346427,0.9341458544,0.8506030987,0.7726503796
2022-09-20,1.0000000000,1.0000000000,0.9876990334,0.9754525377,0.9754525377,0.9632619707,0.9632619707,0.9390543178,0.8566433590,0.7736024234
2022-09-21,1.0000000000,1.0000000000,0.9884935510,0.9770218706,0.9770218706,0.9655865514,0.9655865514,0.9428312541,0.8559490471,0.7678763917
2022-09-22,1.0000000000,1.0000000000,0.9890486410,0.9781191667,0.9781191667,0.9672132309,0.9672132309,0.9454784953,0.8511894022,0.7611117668
2022-09-23,1.0000000000,1.0000000000,0.9879172295,0.9758813490,0.9758813490,0.9638939316,0.9638939316,0.9400706459,0.8411179010,0.7584916795
2022-09-26,1.0000000000,1.0000000000,0.9854346317,0.9709766447,0.9709766447,0.9566272469,0.9566272469,0.9282588397,0.8301052023,0.7546874385
2022-09-27,1.0000000000,1.0000000000,0.9863357983,0.9727525347,0.9727525347,0.9592517150,0.9592517150,0.9325032405,0.8458112873,0.7656280735
2022-09-28,1.0000000000,1.0000000000,0.9844406105,0.9690143581,0.9690143581,0.9537222732,0.9537222732,0.9235444825,0.8274831397,0.7531197136
2022-09-29,1.0000000000,1.0000000000,0.9847257141,0.9695756300,0.9695756300,0.9545508948,0.9545508948,0.9248818197,0.8242509033,0.7528108895
2022-09-30,1.0000000000,1.0000000000,0.9844015883,0.9689373518,0.9689373518,0.9536083138,0.9536083138,0.9233596797,0.8182662007,0.7484342421
2022-10-10,1.0000000000,1.0000000000,0.9841516581,0.9684453439,0.9684453439,0.9528819777,0.9528819777,0.9221875188,0.8062421414,0.7319210040
2022-10-11,1.0000000000,1.0000000000,0.9852360275,0.9705794713,0.9705794713,0.9560317241,0.9560317241,0.9272679955,0.8091996871,0.7332487509
2022-10-12,1.0000000000,1.0000000000,0.9867156661,0.9734947256,0.9734947256,0.9603390618,0.9603390618,0.9342309031,0.8243020485,0.7443860891
2022-10-13,1.0000000000,1.0000000000,0.9859443602,0.9719727832,0.9719727832,0.9580869990,0.9580869990,0.9305795076,0.8233283973,0.7381623982
2022-10-14,1.0000000000,1.0000000000,0.9865507591,0.9731683947,0.9731683947,0.9598547952,0.9598547952,0.9334412430,0.8389348390,0.7558263504
2022-10-17,1.0000000000,1.0000000000,0.9867418349,0.9735453626,0.9735453626,0.9604125113,0.9604125113,0.9343451908,0.8448285877,0.7566013612
2022-10-18,1.0000000000,1.0000000000,0.9872583460,0.9745645694,0.9745645694,0.9619206982,0.9619206982,0.9367906109,0.8452853263,0.7550001967
2022-10-19,1.0000000000,1.0000000000,0.9862162878,0.9725072497,0.9725072497,0.9588747559,0.9588747559,0.9318466653,0.8350373763,0.7428557378
2022-10-20,1.0000000000,1.0000000000,0.9858791757,0.9718423976,0.9718423976,0.9578914574,0.9578914574,0.9302540286,0.8311708860,0.7386069476
2022-10-21,1.0000000000,1.0000000000,0.9866235338,0.9733099177,0.9733099177,0.9600611378,0.9600611378,0.9337658287,0.8301177466,0.7362386404
2022-10-24,1.0000000000,1.0000000000,0.9849307592,0.9699703083,0.9699703083,0.9551202892,0.9551202892,0.9257578463,0.8130829530,0.7146957001
2022-10-25,1.0000000000,1.0000000000,0.9840652506,0.9682655842,0.9682655842,0.9526023514,0.9526023514,0.9216902946,0.8112782547,0.7135312168
2022-10-26,1.0000000000,1.0000000000,0.9839289036,0.9679972683,0.9679972683,0.9522063883,0.9522063883,0.9210517711,0.8212922373,0.7193241276
2022-10-27,1.0000000000,1.0000000000,0.9845363947,0.9691925777,0.9691925777,0.9539701040,0.9539701040,0.9238951208,0.8189482868,0.7142570518
2022-10-28,1.0000000000,1.0000000000,0.9819939853,0.9641870049,0.9641870049,0.9465796735,0.9465796735,0.9119660562,0.7941955797,0.6965911326
2022-10-31,1.0000000000,1.0000000000,0.9793704911,0.9590351627,0.9590351627,0.9389930294,0.9389930294,0.8997840179,0.7905878586,0.6901727055
2022-11-01,1.0000000000,1.0000000000,0.9813728358,0.9629567001,0.9629567001,0.9447524058,0.9447524058,0.9089821599,0.8136411416,0.7148530627
2022-11-02,1.0000000000,1.0000000000,0.9829865056,0.9661234764,0.9661234764,0.9494127704,0.9494127704,0.9164553496,0.8241298852,0.7234371927
2022-11-03,1.0000000000,1.0000000000,0.9825462816,0.9652581323,0.9652581323,0.9481372056,0.9481372056,0.9144032070,0.8225425298,0.7175537983
2022-11-04,1.0000000000,1.0000000000,0.9853335128,0.9707345107,0.9707345107,0.9562060702,0.9562060702,0.9273728413,0.8436733919,0.7410145954
2022-11-07,1.0000000000,1.0000000000,0.9866079090,0.9732455394,0.9732455394,0.9599162415,0.9599162415,0.9333700006,0.8487899171,0.7426137928
2022-11-08,1.0000000000,1.0000000000,0.9861090587,0.9722613515,0.9722613515,0.9584601784,0.9584601784,0.9310103406,0.8463786127,0.7375054093
2022-11-09,1.0000000000,1.0000000000,0.9861099715,0.9722631514,0.9722631514,0.9584628399,0.9584628399,0.9310146493,0.8442157542,0.7306089933
2022-11-10,1.0000000000,1.0000000000,0.9862158216,0.9724718790,0.9724718790,0.9587714872,0.9587714872,0.9315143300,0.8420766897,0.7249872143
2022-11-11,1.0000000000,1.0000000000,0.9884775310,0.9769322592,0.9769322592,0.9653677994,0.9653677994,0.9421956366,0.8555248756,0.7451984736
2022-11-14,1.0000000000,1.0000000000,0.9874509768,0.9749031308,0.9749031308,0.9623601366,0.9623601366,0.9373031890,0.8521296002,0.7462960777
2022-11-15,1.0000000000,1.0000000000,0.9884172884,0.9768111955,0.9768111955,0.9651854102,0.9651854102,0.9418893757,0.8657391380,0.7604488768
2022-11-16,1.0000000000,1.0000000000,0.9884222296,0.9768209619,0.9768209619,0.9651998855,0.9651998855,0.9419129190,0.8630549954,0.7542369881
2022-11-17,1.0000000000,1.0000000000,0.9876568332,0.9753081364,0.9753081364,0.9629576439,0.9629576439,0.9382660123,0.8620328283,0.7511428459
2022-11-18,1.0000000000,1.0000000000,0.9866602825,0.9733399546,0.9733399546,0.9600427564,0.9600427564,0.9335324363,0.8570510857,0.7477811873
2022-11-21,1.0000000000,1.0000000000,0.9858692018,0.9717793125,0.9717793125,0.9577340098,0.9577340098,0.9297915441,0.8529076948,0.7414001338
2022-11-22,1.0000000000,1.0000000000,0.9852200086,0.9704994822,0.9704994822,0.9558420108,0.9558420108,0.9267302129,0.8499333774,0.7414866832
2022-11-23,1.0000000000,1.0000000000,0.9840796463,0.9682528348,0.9682528348,0.9525229363,0.9525229363,0.9213669022,0.8488112940,0.7422656281
2022-11-24,1.0000000000,1.0000000000,0.9840045238,0.9681050062,0.9681050062,0.9523047958,0.9523047958,0.9210152266,0.8484499144,0.7389767497
2022-11-25,1.0000000000,1.0000000000,0.9838315759,0.9677646995,0.9677646995,0.9518026668,0.9518026668,0.9202058421,0.8498286395,0.7427082104
2022-11-28,1.0000000000,1.0000000000,0.9841167671,0.9683257669,0.9683257669,0.9526303869,0.9526303869,0.9215395794,0.8456529398,0.7343404540
2022-11-29,1.0000000000,1.0000000000,0.9872708390,0.9745326912,0.9745326912,0.9617898633,0.9617898633,0.9363071467,0.8661781603,0.7569967347
2022-11-30,1.0000000000,1.0000000000,0.9874263655,0.9748397309,0.9748397309,0.9622444007,0.9622444007,0.9370446374,0.8667604530,0.7579055038
2022-12-01,1.0000000000,1.0000000000,0.9880401523,0.9760516566,0.9760516566,0.9640388013,0.9640388013,0.9399569839,0.8738772397,0.7661139305
2022-12-02,1.0000000000,1.0000000000,0.9879784333,0.9759297164,0.9759297164,0.9638581422,0.9638581422,0.9396634068,0.8736832930,0.7614284590
2022-12-05,1.0000000000,1.0000000000,0.9895914691,0.9791164450,0.9791164450,0.9685791086,0.9685791086,0.9473341750,0.8871816964,0.7763641371
2022-12-06,1.0000000000,1.0000000000,0.9902101314,0.9803406722,0.9803406722,0.9703956866,0.9703956866,0.9502953966,0.8875580143,0.7805578504
2022-12-07,1.0000000000,1.0000000000,0.9917932740,0.9834753991,0.9834753991,0.9750500769,0.9750500769,0.9578920326,0.8869075506,0.7786380267
2022-12-08,1.0000000000,1.0000000000,0.9920525687,0.9839896392,0.9839896392,0.9758148290,0.9758148290,0.9591441904,0.8850640815,0.7787835871
2022-12-09,1.0000000000,1.0000000000,0.9913978149,0.9826907746,0.9826907746,0.9738827181,0.9738827181,0.9559790187,0.8879986280,0.7864668162
2022-12-12,1.0000000000,1.0000000000,0.9915614461,0.9830151627,0.9830151627,0.9743649390,0.9743649390,0.9567679450,0.8789607293,0.7776545104
2022-12-13,1.0000000000,1.0000000000,0.9922662445,0.9844126103,0.9844126103,0.9764426647,0.9764426647,0.9601682817,0.8799664091,0.7761280932
2022-12-14,1.0000000000,1.0000000000,0.9925515790,0.9849787626,0.9849787626,0.9772850177,0.9772850177,0.9615488042,0.8809657718,0.7779397301
2022-12-15,1.0000000000,1.0000000000,0.9915598896,0.9830105162,0.9830105162,0.9743557093,0.9743557093,0.9567452362,0.8783360493,0.7773692907
2022-12-16,1.0000000000,1.0000000000,0.9917718327,0.9834307475,0.9834307475,0.9749805065,0.9749805065,0.9577677440,0.8753812406,0.7778099060
2022-12-19,1.0000000000,1.0000000000,0.9894238503,0.9787744604,0.9787744604,0.9680563626,0.9680563626,0.9464321326,0.8587031226,0.7658090405
2022-12-20,1.0000000000,1.0000000000,0.9876984773,0.9753608554,0.9753608554,0.9629920263,0.9629920263,0.9381801155,0.8491022478,0.7531806916
2022-12-21,1.0000000000,1.0000000000,0.9880487690,0.9760526877,0.9760526877,0.9640166148,0.9640166148,0.9398437647,0.8476508007,0.7534796806
2022-12-22,1.0000000000,1.0000000000,0.9880866599,0.9761275493,0.9761275493,0.9641275225,0.9641275225,0.9400239758,0.8438591570,0.7545595814
2022-12-23,1.0000000000,1.0000000000,0.9887482500,0.9774347147,0.9774347147,0.9660641661,0.9660641661,0.9431710206,0.8415520456,0.7530233290
2022-12-26,1.0000000000,1.0000000000,0.9895810925,0.9790813405,0.9790813405,0.9685053718,0.9685053718,0.9471432799,0.8489882195,0.7560269877
2022-12-27,1.0000000000,1.0000000000,0.9895331284,0.9789864302,0.9789864302,0.9683645442,0.9683645442,0.9469137443,0.8575183466,0.7647527440
2022-12-28,1.0000000000,1.0000000000,0.9888790356,0.9776921875,0.9776921875,0.9664442437,0.9664442437,0.9437841396,0.8514658063,0.7614894370
2022-12-29,1.0000000000,1.0000000000,0.9889555151,0.9778434161,0.9778434161,0.9666684769,0.9666684769,0.9441490989,0.8463539829,0.7586254377
2022-12-30,1.0000000000,1.0000000000,0.9896817567,0.9792795789,0.9792795789,0.9687981022,0.9687981022,0.9476157886,0.8517296298,0.7615622172
2023-01-03,1.0000000000,1.0000000000,0.9907040500,0.9813026756,0.9813026756,0.9718002666,0.9718002666,0.9525099944,0.8613777533,0.7647625792
2023-01-04,1.0000000000,1.0000000000,0.9913084422,0.9824999892,0.9824999892,0.9735788457,0.9735788457,0.9554154516,0.8648446655,0.7657559306
2023-01-05,1.0000000000,1.0000000000,0.9923307950,0.9845265262,0.9845265262,0.9765910496,0.9765910496,0.9603421304,0.8735952082,0.7806325977
2023-01-06,1.0000000000,1.0000000000,0.9910637729,0.9820124112,0.9820124112,0.9728502736,0.9728502736,0.9542112379,0.8721922444,0.7830540147
2023-01-09,1.0000000000,1.0000000000,0.9916314870,0.9831374695,0.9831374695,0.9745221160,0.9745221160,0.9569442566,0.8772420638,0.7893937606
2023-01-10,1.0000000000,1.0000000000,0.9918235517,0.9835183085,0.9835183085,0.9750883685,0.9750883685,0.9578709879,0.8762537306,0.7902494197
2023-01-11,1.0000000000,1.0000000000,0.9906059566,0.9811035100,0.9811035100,0.9714972173,0.9714972173,0.9519914191,0.8734757736,0.7887859475
2023-01-12,1.0000000000,1.0000000000,0.9901266089,0.9801540110,0.9801540110,0.9700869140,0.9700869140,0.9496881072,0.8722769823,0.7903281010
2023-01-13,1.0000000000,1.0000000000,0.9912359026,0.9823502527,0.9823502527,0.9733474403,0.9733474403,0.9550080481,0.8799847808,0.8014438019
2023-01-16,1.0000000000,1.0000000000,0.9927749120,0.9854006794,0.9854006794,0.9778811467,0.9778811467,0.9624218551,0.8893300478,0.8139501947
2023-01-17,0.9991544545,0.9990000000,0.9913336817,0.9833729095,0.9832512792,0.9751706834,0.9752762416,0.9586177537,0.8876277254,0.8138085684
2023-01-18,0.9951789350,0.9942990053,0.9873172284,0.9793172366,0.9786243932,0.9705818223,0.9711830767,0.9541067857,0.8882487070,0.8124454148
2023-01-19,0.9957024019,0.9949175456,0.9878460465,0.9798511795,0.9792331825,0.9711856084,0.9717219162,0.9547003230,0.8922532126,0.8175006885
2023-01-20,0.9963844574,0.9957235553,0.9885350811,0.9805468982,0.9800264859,0.9719723923,0.9724240219,0.9554737516,0.9002295921,0.8225205555
2023-01-30,1.0021095678,1.0024899718,0.9943188458,0.9863868428,0.9866862334,0.9785774083,0.9783176530,0.9619666516,0.9044906100,0.8264192140
2023-01-31,0.9953073429,0.9944421410,0.9874462144,0.9794467309,0.9787652725,0.9707215438,0.9713130099,0.9542441356,0.9040786256,0.8176678862
2023-02-01,1.0037342723,1.0043997413,0.9959593039,0.9880423347,0.9885658963,0.9804416237,0.9799874549,0.9637992230,0.9144072127,0.8253530823
2023-02-02,1.0070258395,1.0082951550,0.9992850353,0.9914008161,0.9923999009,0.9842441195,0.9833772608,0.9675371737,0.9143997661,0.8224458083
2023-02-03,1.0062483607,1.0073744963,0.9984994399,0.9906074373,0.9914937559,0.9833454214,0.9825764343,0.9666537306,0.9094527818,0.8146720957
2023-02-06,0.9991933035,0.9990213647,0.9913708311,0.9834083016,0.9832723071,0.9751915385,0.9753098211,0.9586382548,0.9028715818,0.8039025925
2023-02-07,1.0023674111,1.0027746357,0.9945776163,0.9866463953,0.9869664097,0.9788552820,0.9785778438,0.9622398085,0.9074204207,0.8053483615
2023-02-08,0.9956247897,0.9947971103,0.9877651852,0.9797670550,0.9791146459,0.9710680459,0.9716345178,0.9545847560,0.9020165280,0.8017899996
2023-02-09,1.0101222879,1.0119285909,1.0024109711,0.9945548567,0.9959760575,0.9877908864,0.9865580162,0.9710237364,0.9128742783,0.8125536016
2023-02-10,1.0167763408,1.0198122018,1.0091348473,1.0013457118,1.0037353874,0.9954864482,0.9934129816,0.9785886708,0.9118701419,0.8077245368
2023-02-13,1.0386104304,1.0457117914,1.0312006873,1.0236340210,1.0292266833,1.0207682505,1.0159143968,1.0034413299,0.9218394457,0.8150537000
2023-02-14,1.0363020226,1.0429630437,1.0288668818,1.0212757810,1.0265212681,1.0180850691,1.0135326953,1.0008036938,0.9221865015,0.8153920296
2023-02-15,1.0364206880,1.0431042877,1.0289868480,1.0213969982,1.0266602855,1.0182229440,1.0136551135,1.0009392283,0.9189534744,0.8111432393
2023-02-16,1.0290733926,1.0343588373,1.0215590026,1.0138916745,1.0180527026,1.0096861003,1.0060754140,0.9925472924,0.9062915648,0.8052028011
2023-02-17,1.0237236830,1.0279994084,1.0161513483,1.0084283268,1.0117935269,1.0034783640,1.0005586458,0.9864449287,0.9004158028,0.7936012432
2023-02-20,1.0417488603,1.0494062543,1.0343700236,1.0268328790,1.0328629048,1.0243745887,1.0191413831,1.0069864527,0.9182118505,0.8130709312
2023-02-21,1.0346258699,1.0409517721,1.0271714016,1.0195615461,1.0245417032,1.0161217727,1.0118002896,0.9988737232,0.9226958684,0.8152071285
2023-02-22,1.0324393863,1.0382140619,1.0249475979,1.0173015370,1.0218471516,1.0134493656,1.0095052049,0.9962466786,0.9198914143,0.8078504268
2023-02-23,1.0219383461,1.0250724497,1.0142678727,1.0064484990,1.0089127101,1.0006212225,0.9984842973,0.9836362854,0.9180138571,0.8072013061
2023-02-24,1.0194390369,1.0219525268,1.0117266740,1.0038667101,1.0058419713,0.9975757197,0.9958632335,0.9806424782,0.9137911618,0.7988217475
2023-02-27,1.0146630172,1.0159941282,1.0068708973,0.9989336686,0.9999775037,0.9917594478,0.9908554495,0.9749249339,0.9082941894,0.7954364845
2023-02-28,1.0235700337,1.0270934287,1.0159256141,1.0081314047,1.0109018295,1.0025939948,1.0001914695,0.9855755711,0.9150621988,0.8004760219
2023-03-01,1.0378244801,1.0448941143,1.0304195174,1.0228573711,1.0284218964,1.0199700776,1.0151420130,1.0026567054,0.9242450278,0.8117825249
2023-03-02,1.0418288419,1.0499114789,1.0344925147,1.0269969708,1.0333601648,1.0248677621,1.0193461536,1.0074712548,0.9238542466,0.8099728550
2023-03-03,1.0383757478,1.0455807729,1.0309799038,1.0234265856,1.0290977302,1.0206403572,1.0157197615,1.0033156074,0.9258542620,0.8124926236
2023-03-06,1.0376515102,1.0446732071,1.0302432433,1.0226778696,1.0282044717,1.0197544397,1.0149593626,1.0024447279,0.9224268615,0.8082556355
2023-03-07,1.0185005447,1.0206786027,1.0107641121,1.0028803001,1.0045881299,0.9963321827,0.9948532158,0.9794200495,0.9072119530,0.7964219678
2023-03-08,1.0236326624,1.0270791681,1.0159817726,1.0081808181,1.0108877937,1.0025800744,1.0002338739,0.9855618869,0.9094188212,0.7935225619
2023-03-09,1.0199510094,1.0224819339,1.0122382945,1.0043774266,1.0063630325,0.9980924988,0.9963725048,0.9811504852,0.9067624151,0.7907175735
2023-03-10,1.0087122417,1.0084606104,1.0008118056,0.9927690847,0.9925627479,0.9844056282,0.9845882490,0.9676959410,0.8923332123,0.7803493450
2023-03-13,1.0220929788,1.0251087486,1.0144123353,1.0065823025,1.0089484368,1.0006566556,0.9986069715,0.9836711170,0.8999575181,0.7885223652
2023-03-14,1.0138794684,1.0148568964,1.0060612372,0.9980978940,0.9988581998,0.9906493426,0.9899935828,0.9738336721,0.8911603886,0.7838034541
2023-03-15,1.0062073763,1.0052997934,0.9982621721,0.9901759005,0.9894517596,0.9813202068,0.9819527525,0.9646628927,0.8954862254,0.7842362013
2023-03-16,1.0036570445,1.0021287750,0.9956701156,0.9875434791,0.9863307306,0.9782248272,0.9792813408,0.9616200552,0.8826078664,0.7748436209
2023-03-17,1.0146507491,1.0157895784,1.0068429883,0.9988896369,0.9997761785,0.9915597771,0.9907948376,0.9747286525,0.8890432828,0.7787127739
2023-03-20,1.0101009906,1.0101210608,1.0022178560,0.9941915274,0.9941970222,0.9860264716,0.9860261756,0.9692892715,0.8840874462,0.7748298517
2023-03-21,1.0270905953,1.0313812526,1.0194781840,1.0117136842,1.0150814125,1.0067190732,1.0038011698,0.9895910016,0.8948461074,0.7833471026
2023-03-22,1.0352303100,1.0313812526,1.0284633682,1.0215293352,1.0184941038,1.0117959391,1.0144319226,0.9979084838,0.8990470826,0.7867028601
2023-03-23,1.0414380745,1.0313812526,1.0353219717,1.0290284525,1.0210850147,1.0156567467,1.0225609213,1.0042548435,0.9018394854,0.7945021441
2023-03-24,1.0441534000,1.0313812526,1.0383239842,1.0323130101,1.0222144103,1.0173418338,1.0261237385,1.0070317938,0.9010331291,0.7921338369
2023-03-27,1.0461707165,1.0313812526,1.0405549414,1.0347546533,1.0230522239,1.0185925640,1.0287730033,1.0090952186,0.8987396741,0.7892678705
2023-03-28,1.0433085435,1.0313812526,1.0373889702,1.0312889469,1.0218648518,1.0168192698,1.0250117829,1.0061672852,0.8953848895,0.7867166293
2023-03-29,1.0405708926,1.0313812526,1.0343616696,1.0279760592,1.0207273438,1.0151214326,1.0214175183,1.0033672002,0.8925056943,0.7880207719
2023-03-30,1.0351929484,1.0313812526,1.0284164808,1.0214719373,1.0184893954,1.0117829464,1.0143630576,0.9978674846,0.8966590640,0.7943919902
2023-03-31,1.0467515041,1.0313812526,1.0411867458,1.0354346486,1.0233136973,1.0189717495,1.0294983767,1.0096840388,0.9027037450,0.7968311106
2023-04-03,1.0615110369,1.0313812526,1.0575137410,1.0533082786,1.0294348543,1.0281145265,1.0488969852,1.0247831097,0.9125264230,0.8046284276
2023-04-04,1.0624994888,1.0313812526,1.0586088710,1.0545090148,1.0298415088,1.0287237259,1.0502021933,1.0257951521,0.9103115019,0.8070950864
2023-04-06,1.0595060541,1.0313812526,1.0552920257,1.0508719384,1.0286106530,1.0268794462,1.0462482551,1.0227301031,0.9081883049,0.8058224163
2023-04-07,1.0679763473,1.0313812526,1.0646744761,1.0611569753,1.0320991771,1.0321034253,1.0574257800,1.0314015538,0.9152687188,0.8110625910
2023-04-10,1.0561976406,1.0313812526,1.0516157313,1.0468292693,1.0272702226,1.0248599638,1.0418409609,1.0193373276,0.9080150452,0.8074294819
2023-04-11,1.0615721469,1.0313812526,1.0575668564,1.0533505110,1.0294877745,1.0281784871,1.0489254854,1.0248383958,0.9105708339,0.8065128447
2023-04-12,1.0741967105,1.0313812526,1.0715538156,1.0686861127,1.0346815570,1.0359592528,1.0655951703,1.0377642116,0.9140526971,0.8059502734
2023-04-13,1.0665231619,1.0313812526,1.0630409646,1.0593401586,1.0315459990,1.0312501078,1.0554228374,1.0299019619,0.9099353937,0.8003816043
2023-04-14,1.0656328960,1.0313812526,1.0620541216,1.0582576137,1.0311807124,1.0307023350,1.0542455247,1.0289902008,0.9116183389,0.8049097132
2023-04-17,1.0627306289,1.0313812526,1.0588373144,1.0547291779,1.0299893051,1.0289160532,1.0504085634,1.0260180098,0.9175372065,0.8161965459
2023-04-18,1.0655346546,1.0313812526,1.0619442815,1.0581360890,1.0311421934,1.0306435836,1.0541122390,1.0288891175,0.9174057035,0.8186848420
2023-04-19,1.0640429249,1.0303498713,1.0603007051,1.0563421049,1.0297240635,1.0290327264,1.0521693784,1.0268948091,0.9111884333,0.8113143711
2023-04-20,1.0742331271,1.0495182872,1.0714121937,1.0683656608,1.0488808369,1.0481766383,1.0650952244,1.0459989477,0.9085121702,0.8090444156
2023-04-21,1.0490553142,1.0017337573,1.0439335314,1.0386048976,1.0011253302,1.0004531937,1.0330725528,0.9983746532,0.8890705019,0.7932196389
2023-04-24,1.0511186222,1.0055610866,1.0461802986,1.0410327413,1.0049503348,1.0042756303,1.0356789833,1.0021891483,0.8826729991,0.7833982454
2023-04-25,1.0445362402,0.9933285179,1.0390113175,1.0332845483,0.9927251959,0.9920586991,1.0273593117,0.9899975991,0.8737691003,0.7794700814
2023-04-26,1.0362409150,0.9780042177,1.0299821082,1.0235316314,0.9774102032,0.9767539886,1.0168932828,0.9747246856,0.8761393330,0.7787934222
2023-04-27,1.0269191683,0.9609137033,1.0198433262,1.0125884774,0.9603300692,0.9596853218,1.0051588635,0.9576914807,0.8782838291,0.7845351902
2023-04-28,1.0470990498,0.9975949920,1.0417731606,1.0362378714,0.9969890786,0.9963197191,1.0304965363,0.9942497663,0.8910574509,0.7925351115
2023-05-04,1.0463405756,0.9961912569,1.0409474159,1.0353457639,0.9955861961,0.9949177785,1.0295390132,0.9928507384,0.8934653091,0.7927632873
2023-05-05,1.0410209128,0.9863526951,1.0351563385,1.0290897005,0.9857536101,0.9850917938,1.0228246703,0.9830451682,0.8880487696,0.7901333648
2023-05-08,1.0447845367,0.9932798812,1.0392515115,1.0335115575,0.9926765888,0.9920101246,1.0275681564,0.9899491254,0.8945549182,0.7991384397
2023-05-09,1.0362807775,0.9775750344,1.0299954886,1.0235137622,0.9769812807,0.9763253541,1.0168395202,0.9742969416,0.8849325900,0.7922971006
2023-05-10,1.0338969643,0.9732066311,1.0274028042,1.0207154694,0.9726155306,0.9719625350,1.0138389978,0.9699431867,0.8828086746,0.7861973327
2023-05-11,1.0356554817,0.9764221593,1.0293149883,1.0227788474,0.9758291057,0.9751739526,1.0160510129,0.9731479323,0.8839684922,0.7849758055
2023-05-12,1.0258494844,0.9584627545,1.0186503949,1.0112691770,0.9578806091,0.9572375063,1.0037102604,0.9552487507,0.8737134619,0.7745702034
2023-05-15,1.0272183376,0.9609471820,1.0201377612,1.0128729567,0.9603635276,0.9597187578,1.0054282925,0.9577248472,0.8812278813,0.7865946733
2023-05-16,1.0153847682,0.9394426319,1.0072780457,0.9990049942,0.9388720388,0.9382416980,0.9905705179,0.9362924081,0.8723779566,0.7825268500
2023-05-17,1.0180268120,0.9441911432,1.0101460399,1.0020944480,0.9436176660,0.9429841390,0.9938768345,0.9410249962,0.8733836921,0.7789783233
2023-05-18,1.0291426776,0.9642184173,1.0222154982,1.0150990604,0.9636327760,0.9629858113,1.0077977021,0.9609851130,0.8745332298,0.7781718400
2023-05-19,1.0275278063,0.9612793090,1.0204603074,1.0132059522,0.9606954528,0.9600504602,1.0057691538,0.9580558604,0.8720708996,0.7759038514
2023-05-22,1.0234929378,0.9539497133,1.0160553425,1.0084373258,0.9533321360,0.9526730132,1.0006434960,0.9506556727,0.8754573008,0.7807801251
2023-05-23,1.0234929378,0.9539497133,1.0142086278,1.0047715886,0.9498667098,0.9474784679,0.9951873868,0.9420164300,0.8650860685,0.7697372045
2023-05-24,1.0234929378,0.9539497133,1.0135429152,1.0034525521,0.9486197509,0.9456127323,0.9932277048,0.9389247968,0.8572958851,0.7590955584
2023-05-25,1.0234929378,0.9539497133,1.0135861794,1.0035382190,0.9487007366,0.9457338258,0.9933548958,0.9391251920,0.8545858515,0.7574058775
2023-05-26,1.0234929378,0.9539497133,1.0144685069,1.0052853804,0.9503524259,0.9482036117,0.9959490442,0.9432127376,0.8571686322,0.7574943940
2023-05-29,1.0234929378,0.9539497133,1.0156197885,1.0075671004,0.9525094633,0.9514318520,0.9993398379,0.9485648183,0.8542628021,0.7541484716
2023-05-30,1.0234929378,0.9539497133,1.0172069890,1.0107163322,0.9554866080,0.9558925167,1.0040251130,0.9559768567,0.8572658436,0.7548979110
2023-05-31,1.0234929378,0.9539497133,1.0172312887,1.0107646214,0.9555322584,0.9559610216,1.0040970673,0.9560910415,0.8529147849,0.7471851764
2023-06-01,1.0234929378,0.9539497133,1.0176762680,1.0116489225,0.9563682377,0.9572155531,1.0054147690,0.9581822118,0.8542300956,0.7488237145
2023-06-02,1.0234929378,0.9539497133,1.0180071504,1.0123067679,0.9569901357,0.9581492265,1.0063954562,0.9597399057,0.8645202709,0.7596345254
2023-06-05,1.0234929378,0.9539497133,1.0188023838,1.0138883287,0.9584852735,0.9603946496,1.0087539443,0.9634884904,0.8649870004,0.7561764822
2023-06-06,1.0234929378,0.9539497133,1.0174077519,1.0111125186,0.9558611451,0.9564506158,1.0046113144,0.9568939250,0.8538730800,0.7490774617
2023-06-07,1.0234929378,0.9539497133,1.0179862281,1.0122623124,0.9569481094,0.9580820678,1.0063249158,0.9596142719,0.8546215194,0.7453755065
2023-06-08,1.0234929378,0.9539497133,1.0183177246,1.0129215775,0.9575713495,0.9590180357,1.0073080131,0.9611767132,0.8570277427,0.7514438019
2023-06-09,1.0234929378,0.9539497133,1.0198576243,1.0159850567,0.9604674276,0.9633687158,1.0118777654,0.9684441685,0.8599220372,0.7546913726
2023-06-12,1.0234929378,0.9539497133,1.0191354590,1.0145462106,0.9591072060,0.9613222202,1.0097282214,0.9650153726,0.8640950689,0.7562118887
2023-06-13,1.0234929378,0.9539497133,1.0195843627,1.0154399751,0.9599521315,0.9625925354,1.0110625015,0.9671406984,0.8658826589,0.7602403714
2023-06-14,1.0234929378,0.9539497133,1.0195607133,1.0153928686,0.9599075990,0.9625255530,1.0109921463,0.9670285336,0.8681409076,0.7600653055
2023-06-15,1.0234929378,0.9539497133,1.0199555158,1.0161792456,0.9606510052,0.9636437035,1.0121665997,0.9689008362,0.8752919962,0.7721586215
2023-06-16,1.0234929378,0.9539497133,1.0212583793,1.0187753253,0.9631052244,0.9673365006,1.0160453423,0.9750890746,0.8812457388,0.7796038396
2023-06-19,1.0234929378,0.9539497133,1.0213060791,1.0188704858,0.9631951849,0.9674720242,1.0161876899,0.9753167236,0.8762017956,0.7732227861
2023-06-20,1.0234929378,0.9539497133,1.0211030919,1.0184654796,0.9628123099,0.9668951617,1.0155817804,0.9743474903,0.8724094663,0.7719107754
2023-06-21,1.0234929378,0.9539497133,1.0186786267,1.0136290746,0.9582401861,0.9600078934,1.0083477136,0.9627802374,0.8590451486,0.7600672725
2023-06-26,1.0234929378,0.9539497133,1.0167676600,1.0098260863,0.9546450088,0.9546051792,1.0026729535,0.9537497101,0.8452182434,0.7493803848
2023-06-27,1.0234929378,0.9539497133,1.0180587094,1.0123905568,0.9570693460,0.9582415334,1.0064924110,0.9598048692,0.8597900033,0.7564085920
2023-06-28,1.0234929378,0.9539497133,1.0175394804,1.0113578806,0.9560930995,0.9567753700,1.0049524211,0.9573572770,0.8578450261,0.7554978559
2023-06-29,1.0234929378,0.9539497133,1.0177997016,1.0118751612,0.9565821138,0.9575094149,1.0057234278,0.9585814292,0.8573653090,0.7517683622
2023-06-30,1.0234929378,0.9539497133,1.0182968848,1.0128637395,0.9575166721,0.9589126113,1.0071972801,0.9609227082,0.8647718233,0.7558224163
2023-07-03,1.0234929378,0.9539497133,1.0184881192,1.0132441676,0.9578763120,0.9594528576,1.0077647298,0.9618250061,0.8729136087,0.7657421614
2023-07-04,1.0234929378,0.9539497133,1.0183015919,1.0128730337,0.9575254584,0.9589257111,1.0072110395,0.9609442564,0.8738265065,0.7669479523
2023-07-05,1.0234929378,0.9539497133,1.0174856209,1.0112497917,0.9559909171,0.9566205330,1.0047897875,0.9570942056,0.8681081879,0.7610075141
2023-07-06,1.0234929378,0.9539497133,1.0172940548,1.0108690075,0.9556309405,0.9560802124,1.0042222599,0.9561932254,0.8649218851,0.7558814273
2023-07-07,1.0234929378,0.9539497133,1.0171059344,1.0104951430,0.9552775055,0.9555498107,1.0036651505,0.9553091180,0.8623172467,0.7525276368
2023-07-10,1.0234929378,0.9539497133,1.0172702005,1.0108215400,0.9555860668,0.9560127846,1.0041514368,0.9560805468,0.8646356764,0.7561922184
2023-07-11,1.0234929378,0.9539497133,1.0174381498,1.0111553093,0.9559015975,0.9564862921,1.0046487871,0.9568697819,0.8690430092,0.7611412723
2023-07-12,1.0234929378,0.9539497133,1.0163018297,1.0088967028,0.9537664107,0.9532815527,1.0012826777,0.9515264082,0.8602193510,0.7560171525
2023-07-13,1.0234929378,0.9539497133,1.0180546576,1.0123768152,0.9570563553,0.9582139610,1.0064634503,0.9597319530,0.8699923374,0.7668318974
2023-07-14,1.0234929378,0.9539497133,1.0188323395,1.0139235046,0.9585185272,0.9604098717,1.0087699329,0.9633976020,0.8694921602,0.7669656556
2023-07-17,1.0234929378,0.9539497133,1.0181126528,1.0124910661,0.9571643631,0.9583746175,1.0066321964,0.9599949593,0.8648245161,0.7606849207
2023-07-18,1.0234929378,0.9539497133,1.0170192026,1.0103162410,0.9551083794,0.9552867425,1.0033888359,0.9548397997,0.8637218816,0.7582792399
2023-07-19,1.0234929378,0.9539497133,1.0171409283,1.0105580297,0.9553369558,0.9556295887,1.0037489456,0.9554106680,0.8652681640,0.7574786577
2023-07-20,1.0234929378,0.9539497133,1.0154109975,1.0071205602,0.9520873238,0.9507536476,0.9986274835,0.9472859613,0.8585911123,0.7521322633
2023-07-21,1.0234929378,0.9539497133,1.0150225768,1.0063500614,0.9513589283,0.9496625848,0.9974814818,0.9454741557,0.8585315435,0.7517821315
2023-07-24,1.0234929378,0.9539497133,1.0152267047,1.0067548289,0.9517415776,0.9502355354,0.9980832825,0.9464248617,0.8557364910,0.7484991542
2023-07-25,1.0234929378,0.9539497133,1.0162218786,1.0087285677,0.9536074631,0.9530299347,1.0010183898,0.9510635169,0.8746394483,0.7701168417
2023-07-26,1.0234929378,0.9539497133,1.0152104824,1.0067206907,0.9517093049,0.9501844217,0.9980295951,0.9463307806,0.8732865399,0.7685215783
2023-07-27,1.0234929378,0.9539497133,1.0149287048,1.0061618483,0.9511810000,0.9493932341,0.9971985683,0.9450174825,0.8701082198,0.7676049412
2023-07-28,1.0234929378,0.9539497133,1.0159466899,1.0081802320,0.9530890908,0.9522499909,1.0001991730,0.9497567992,0.8828207672,0.7853849483
2023-07-31,1.0234929378,0.9539497133,1.0168859882,1.0100444676,0.9548514569,0.9548912126,1.0029733896,0.9541473100,0.8917808388,0.7896907825
2023-08-01,1.0234929378,0.9539497133,1.0171724501,1.0106135369,0.9553894299,0.9556982057,1.0038210177,0.9554912507,0.8902362738,0.7864196074
2023-08-02,1.0234929378,0.9539497133,1.0168117730,1.0098968340,0.9547118905,0.9546815682,1.0027531889,0.9537972218,0.8858610255,0.7808922460
2023-08-03,1.0234929378,0.9539497133,1.0163127964,1.0089056676,0.9537748856,0.9532761054,1.0012769561,0.9514569537,0.8877353027,0.7877925961
2023-08-04,1.0234929378,0.9539497133,1.0167321617,1.0097382853,0.9545620056,0.9544561681,1.0025164391,0.9534199715,0.8894190472,0.7908611668
2023-08-07,1.0234929378,0.9539497133,1.0162849042,1.0088499234,0.9537221874,0.9531965805,1.0011934267,0.9513229379,0.8836557937,0.7848754868
2023-08-08,1.0234929378,0.9539497133,1.0157847398,1.0078569128,0.9527834391,0.9517892340,0.9997152154,0.9489819711,0.8806578180,0.7828258389
2023-08-09,1.0234929378,0.9539497133,1.0145789125,1.0054640804,0.9505213610,0.9483996575,0.9961549616,0.9433493392,0.8741523764,0.7804339274
2023-08-10,1.0234929378,0.9539497133,1.0145839602,1.0054740850,0.9505308189,0.9484138126,0.9961698295,0.9433728055,0.8765481198,0.7820370589
2023-08-11,1.0234929378,0.9539497133,1.0129958490,1.0023263818,0.9475551192,0.9439602042,0.9914919660,0.9359895778,0.8598981262,0.7640446123
2023-08-14,1.0234929378,0.9539497133,1.0133590824,1.0030451971,0.9482346554,0.9449756414,0.9925585341,0.9376676830,0.8606664918,0.7584700421
2023-08-15,1.0234929378,0.9539497133,1.0131201869,1.0025722688,0.9477875699,0.9443073181,0.9918565583,0.9365624248,0.8570617655,0.7566269326
2023-08-16,1.0234929378,0.9539497133,1.0117690022,0.9998983267,0.9452597431,0.9405299137,0.9878889481,0.9303197500,0.8509628403,0.7510779338
2023-08-17,1.0234929378,0.9539497133,1.0124868993,1.0013172753,0.9466011545,0.9425319626,0.9899918074,0.9336202753,0.8574625134,0.7535898344
2023-08-18,1.0234929378,0.9539497133,1.0105187738,0.9974244487,0.9429210480,0.9370355326,0.9842186125,0.9245461737,0.8449187838,0.7443251111
2023-08-21,1.0234929378,0.9539497133,1.0091525523,0.9947274127,0.9403713893,0.9332349162,0.9802266215,0.9182962411,0.8372329043,0.7336165860
2023-08-22,1.0234929378,0.9539497133,1.0105193477,0.9974219287,0.9429186657,0.9370268340,0.9842094759,0.9245149395,0.8413190018,0.7392560683
2023-08-23,1.0234929378,0.9539497133,1.0085762642,0.9935861305,0.9392924715,0.9316215300,0.9785319956,0.9156263923,0.8286568687,0.7271391479
2023-08-24,1.0234929378,0.9539497133,1.0089870379,0.9943954676,0.9400575830,0.9327598246,0.9797276074,0.9174909774,0.8300286112,0.7324107951
2023-08-25,1.0234929378,0.9539497133,1.0078950422,0.9922430601,0.9380227920,0.9297313326,0.9765466200,0.9125261157,0.8215270021,0.7296018726
2023-08-28,1.0234929378,0.9539497133,1.0099694624,0.9963274717,0.9418840144,0.9354719704,0.9825763194,0.9219167890,0.8319835989,0.7381525630
2023-08-29,1.0234929378,0.9539497133,1.0121339083,1.0005978918,0.9459210810,0.9414863458,0.9888935400,0.9317954988,0.8467774619,0.7455269680
2023-08-30,1.0234929378,0.9539497133,1.0121649550,1.0006592774,0.9459791123,0.9415729847,0.9889845415,0.9319384106,0.8470720771,0.7452122428
2023-08-31,1.0234929378,0.9539497133,1.0107330312,0.9978279844,0.9433025328,0.9375768157,0.9847871511,0.9253462798,0.8402404328,0.7406408592
2023-09-01,1.0234929378,0.9539497133,1.0113815065,0.9991083755,0.9445129581,0.9393814328,0.9866826372,0.9283147402,0.8460123586,0.7457984185
2023-09-04,1.0234929378,0.9539497133,1.0125287181,1.0013749557,0.9466556830,0.9425780581,0.9900402240,0.9335796842,0.8602722940,0.7571009875
2023-09-05,1.0234929378,0.9539497133,1.0112060572,0.9987587742,0.9441824604,0.9388842040,0.9861603711,0.9274820333,0.8542115449,0.7514693733
2023-09-06,1.0234929378,0.9539497133,1.0118428514,1.0000166856,0.9453716343,0.9406579553,0.9880234371,0.9304023836,0.8537998611,0.7498387033
2023-09-07,1.0234929378,0.9539497133,1.0105654426,0.9974917281,0.9429846510,0.9370953328,0.9842814238,0.9245294155,0.8427234964,0.7393032771
2023-09-11,1.0234929378,0.9539497133,1.0115090883,0.9993546034,0.9447457311,0.9397204550,0.9870387303,0.9288459502,0.8475368190,0.7410873756
2023-09-12,1.0234929378,0.9539497133,1.0117163518,0.9997641494,0.9451328978,0.9402981159,0.9876454785,0.9297975772,0.8463954643,0.7397222550
2023-09-13,1.0234929378,0.9539497133,1.0106255378,0.9976082947,0.9430948479,0.9372566793,0.9844508948,0.9247851237,0.8407295364,0.7350112121
2023-09-14,1.0234929378,0.9539497133,1.0099584077,0.9962913800,0.9418498949,0.9354010352,0.9825018123,0.9217342769,0.8384632625,0.7343935639
2023-09-15,1.0234929378,0.9539497133,1.0100107915,0.9963947299,0.9419475973,0.9355465853,0.9826546914,0.9219733161,0.8373807354,0.7295290924
2023-09-18,1.0234929378,0.9539497133,1.0102337927,0.9968347196,0.9423635442,0.9361662658,0.9833055750,0.9229911326,0.8408666107,0.7332526850
2023-09-19,1.0234929378,0.9539497133,1.0104231657,0.9972084421,0.9427168449,0.9366927317,0.9838585504,0.9238562272,0.8363439387,0.7318344545
2023-09-20,1.0234929378,0.9539497133,1.0101637834,0.9966964621,0.9422328416,0.9359713661,0.9831008614,0.9226704272,0.8319883219,0.7289212794
2023-09-21,1.0234929378,0.9539497133,1.0094773368,0.9953418721,0.9409522721,0.9340632765,0.9810966927,0.9195354705,0.8252830795,0.7223808962
2023-09-22,1.0234929378,0.9539497133,1.0102116715,0.9967899762,0.9423212458,0.9361017030,0.9832377613,0.9228800075,0.8371944117,0.7354596955
2023-09-25,1.0234929378,0.9539497133,1.0092705784,0.9949327968,0.9405655503,0.9334855418,0.9804898671,0.9185813242,0.8318720545,0.7306739053
2023-09-26,1.0234929378,0.9539497133,1.0085805658,0.9935723762,0.9392794687,0.9315709407,0.9784788589,0.9154412705,0.8280947193,0.7264034777
2023-09-27,1.0234929378,0.9539497133,1.0084574003,0.9933297107,0.9390500635,0.9312296569,0.9781203903,0.9148823127,0.8301137697,0.7279003895
2023-09-28,1.0234929378,0.9539497133,1.0087637075,0.9939331354,0.9396205146,0.9320782075,0.9790116684,0.9162717370,0.8328570290,0.7257405877
2023-10-09,1.0234929378,0.9539497133,1.0080628225,0.9925519739,0.9383148254,0.9301353949,0.9769710282,0.9130886274,0.8274820052,0.7247983792
2023-10-10,1.0234929378,0.9539497133,1.0069708038,0.9904015419,0.9362819019,0.9271125915,0.9737960160,0.9081429544,0.8228120089,0.7193693694
2023-10-11,1.0234929378,0.9539497133,1.0065519481,0.9895776146,0.9355029974,0.9259556769,0.9725808466,0.9062542160,0.8220729133,0.7214190173
2023-10-12,1.0234929378,0.9539497133,1.0075849803,0.9916088372,0.9374232256,0.9288066237,0.9755753487,0.9109046951,0.8277797290,0.7282701916
2023-10-13,1.0234929378,0.9539497133,1.0067960642,0.9900560228,0.9359552635,0.9266249203,0.9732837887,0.9073386068,0.8200358058,0.7206046658
2023-10-16,1.0234929378,0.9539497133,1.0068443644,0.9901510172,0.9360450670,0.9267582827,0.9734238664,0.9075562513,0.8155744480,0.7133640190
2023-10-17,1.0234929378,0.9539497133,1.0072832834,0.9910143007,0.9368611770,0.9279703025,0.9746969157,0.9095344300,0.8168650155,0.7158818207
2023-10-18,1.0234929378,0.9539497133,1.0062100600,0.9889025219,0.9348647946,0.9250041475,0.9715814043,0.9046890521,0.8059943204,0.7102128329
2023-10-19,1.0234929378,0.9539497133,1.0047183267,0.9859703730,0.9320928705,0.9208901173,0.9672602180,0.8979829236,0.7943636389,0.6950588143
2023-10-20,1.0234929378,0.9539497133,1.0043178053,0.9851843436,0.9313497930,0.9197889900,0.9661036450,0.8961936626,0.7884601299,0.6905444746
2023-10-23,1.0234929378,0.9539497133,1.0033146685,0.9832162920,0.9294892838,0.9170328679,0.9632087423,0.8917179637,0.7732450239,0.6833943113
2023-10-24,1.0234929378,0.9539497133,1.0041536072,0.9848605582,0.9310437005,0.9193332460,0.9656249527,0.8954460898,0.7838721088,0.6859298163
2023-10-25,1.0234929378,0.9539497133,1.0046854986,0.9859039022,0.9320300319,0.9207941343,0.9671594019,0.8978176394,0.7911218502,0.6893386837
2023-10-26,1.0234929378,0.9539497133,1.0048467610,0.9862203978,0.9323292328,0.9212375252,0.9676251192,0.8985381846,0.7926982568,0.6912427712
2023-10-27,1.0234929378,0.9539497133,1.0058508684,0.9881913872,0.9341925193,0.9239992043,0.9705258586,0.9030275698,0.8034556415,0.7007337031
2023-10-30,1.0234929378,0.9539497133,1.0059078057,0.9883032625,0.9342982812,0.9241561161,0.9706906715,0.9032831539,0.8087155178,0.7049392187
2023-10-31,1.0234929378,0.9539497133,1.0063463998,0.9891650990,0.9351130234,0.9253649629,0.9719603880,0.9052523936,0.8064865238,0.7027243401
2023-11-01,1.0234929378,0.9539497133,1.0065972012,0.9896581380,0.9355791207,0.9260568207,0.9726870833,0.9063804276,0.8060300002,0.7024332192
2023-11-02,1.0234929378,0.9539497133,1.0062593501,0.9889938064,0.9349510909,0.9251243641,0.9717076742,0.9048593540,0.8003643076,0.6991207365
2023-11-03,1.0234929378,0.9539497133,1.0067295249,0.9899180214,0.9358248030,0.9264211576,0.9730697659,0.9069733323,0.8062353390,0.7050119989
2023-11-06,1.0234929378,0.9539497133,1.0075290257,0.9914903211,0.9373111858,0.9286283279,0.9753880750,0.9105747263,0.8172239456,0.7145462056
2023-11-07,1.0234929378,0.9539497133,1.0074115444,0.9912590988,0.9370925983,0.9283034841,0.9750468742,0.9100438456,0.8184431194,0.7120185688
2023-11-08,1.0234929378,0.9539497133,1.0072120708,0.9908665482,0.9367214983,0.9277520550,0.9744676787,0.9091428746,0.8184184510,0.7103092175
2023-11-09,1.0234929378,0.9539497133,1.0074417158,0.9913183845,0.9371486445,0.9283866390,0.9751342163,0.9101793003,0.8168548768,0.7106554152
2023-11-10,1.0234929378,0.9539497133,1.0072405643,0.9909225202,0.9367744118,0.9278305384,0.9745501141,0.9092706428,0.8134490056,0.7054742515
2023-11-13,1.0234929378,0.9539497133,1.0068806767,0.9902144059,0.9361049918,0.9268359954,0.9735054922,0.9076462283,0.8180042745,0.7040815925
2023-11-14,1.0234929378,0.9539497133,1.0069580172,0.9903665266,0.9362488000,0.9270495718,0.9737298230,0.9079948190,0.8203961568,0.7046028561
2023-11-15,1.0234929378,0.9539497133,1.0075507507,0.9915324607,0.9373510227,0.9286866608,0.9754493452,0.9106672189,0.8252797024,0.7095578111
2023-11-16,1.0234929378,0.9539497133,1.0069751485,0.9903995584,0.9362800268,0.9270950166,0.9737775561,0.9080659501,0.8195586519,0.7026948346
2023-11-17,1.0234929378,0.9539497133,1.0068836290,0.9902195342,0.9361098399,0.9268422430,0.9735120544,0.9076533158,0.8215723357,0.7018509776
2023-11-20,1.0234929378,0.9539497133,1.0071877311,0.9908176726,0.9366752935,0.9276820262,0.9743941238,0.9090239771,0.8265506049,0.7034737795
2023-11-21,1.0234929378,0.9539497133,1.0070824134,0.9906104605,0.9364794044,0.9273910137,0.9740884577,0.9085487113,0.8261622885,0.7044081199
2023-11-22,1.0234929378,0.9539497133,1.0060066687,0.9884941613,0.9344787485,0.9244191540,0.9709669543,0.9036962465,0.8189492607,0.6971989457
2023-11-23,1.0234929378,0.9539497133,1.0072322494,0.9909026530,0.9367556302,0.9277977109,0.9745156336,0.9092009450,0.8249189893,0.7005625713
2023-11-24,1.0234929378,0.9539497133,1.0066783561,0.9898128262,0.9357253561,0.9262670780,0.9729079278,0.9067010234,0.8183894291,0.6959380778
2023-11-27,1.0234929378,0.9539497133,1.0070345909,0.9905133592,0.9363876091,0.9272504164,0.9739407809,0.9083053015,0.8150849979,0.6908100240
2023-11-28,1.0234929378,0.9539497133,1.0078289562,0.9920760255,0.9378648848,0.9294447073,0.9762455621,0.9118877318,0.8180455146,0.6921043314
2023-11-29,1.0234929378,0.9539497133,1.0075695629,0.9915653477,0.9373821126,0.9287270505,0.9754917687,0.9107142311,0.8124876844,0.6861619261
2023-11-30,1.0234929378,0.9539497133,1.0073939446,0.9912196902,0.9370553432,0.9282414221,0.9749816872,0.9099205485,0.8113044125,0.6877139148
2023-12-01,1.0234929378,0.9539497133,1.0070903888,0.9906223262,0.9364906216,0.9274023075,0.9741003201,0.9085496270,0.8141003442,0.6850938275
2023-12-04,1.0234929378,0.9539497133,1.0065589132,0.9895767565,0.9355021862,0.9259340429,0.9725581233,0.9061522655,0.8131980531,0.6806207955
2023-12-05,1.0234929378,0.9539497133,1.0047663911,0.9860521972,0.9321702235,0.9209872169,0.9673622068,0.8980836964,0.7983917251,0.6676619851
2023-12-06,1.0234929378,0.9539497133,1.0049237801,0.9863611124,0.9324622582,0.9214200137,0.9678167966,0.8987870862,0.8017220362,0.6687123805
2023-12-07,1.0234929378,0.9539497133,1.0042429598,0.9850246237,0.9311988007,0.9195472704,0.9658497540,0.8957425147,0.8005875236,0.6670758094
2023-12-08,1.0234929378,0.9539497133,1.0043207710,0.9851772679,0.9313431039,0.9197610168,0.9660742633,0.8960895364,0.7968683044,0.6686848420
2023-12-11,1.0234929378,0.9539497133,1.0053615889,0.9872192253,0.9332734803,0.9226205725,0.9690778077,0.9007328040,0.8040290956,0.6726169401
2023-12-12,1.0234929378,0.9539497133,1.0056238195,0.9877342224,0.9337603358,0.9233425198,0.9698361077,0.9019075043,0.8078156004,0.6740627090
2023-12-13,1.0234929378,0.9539497133,1.0044459060,0.9854203044,0.9315728599,0.9200979140,0.9664281244,0.8966253649,0.7982834320,0.6628132499
2023-12-14,1.0234929378,0.9539497133,1.0038295847,0.9842110098,0.9304296461,0.9184042161,0.9646491428,0.8938745482,0.7967499531,0.6593414375
2023-12-15,1.0234929378,0.9539497133,1.0030701784,0.9827219870,0.9290219897,0.9163201707,0.9624601583,0.8904943943,0.7948163551,0.6572937566
2023-12-18,1.0234929378,0.9539497133,1.0024387424,0.9814847334,0.9278523448,0.9145896909,0.9606425426,0.8876915483,0.7864790480,0.6548979110
2023-12-19,1.0234929378,0.9539497133,1.0022410975,0.9810977065,0.9274864666,0.9140487184,0.9600743302,0.8868164442,0.7856757265,0.6558165152
2023-12-20,1.0234929378,0.9539497133,1.0008684974,0.9784104192,0.9249460238,0.9102932645,0.9561297758,0.8807438315,0.7764278948,0.6486289783
2023-12-21,1.0234929378,0.9539497133,1.0013760473,0.9794027418,0.9258841218,0.9116781197,0.9575843634,0.8829769996,0.7829025139,0.6551929659
2023-12-22,1.0234929378,0.9539497133,0.9995380582,0.9758074258,0.9224852688,0.9066580640,0.9523115300,0.8748736393,0.7771866517,0.6564439986
2023-12-25,1.0234929378,0.9539497133,0.9995909557,0.9759107090,0.9225829082,0.9068020102,0.9524627245,0.8751051393,0.7760597563,0.6584543058
2023-12-26,1.0234929378,0.9539497133,0.9984117956,0.9736082574,0.9204062720,0.9035929035,0.9490920278,0.8699435830,0.7686329375,0.6539970101
2023-12-27,1.0234929378,0.9539497133,0.9989919735,0.9747397865,0.9214759697,0.9051681392,0.9507465822,0.8724712075,0.7721052304,0.6562728668
2023-12-28,1.0234929378,0.9539497133,0.9993140389,0.9753682799,0.9220701196,0.9060435916,0.9516661168,0.8738775890,0.7862093417,0.6716511271
2023-12-29,1.0234929378,0.9539497133,1.0007241349,0.9781208939,0.9246723194,0.9098790479,0.9556947020,0.8800430748,0.7931386147,0.6749105000
2024-01-02,1.0234929378,0.9539497133,1.0010713103,0.9787995616,0.9253139018,0.9108260251,0.9566893629,0.8815696161,0.7911563551,0.6661060624
2024-01-03,1.0234929378,0.9539497133,1.0011178263,0.9788905238,0.9253998935,0.9109529930,0.9568227241,0.8817744321,0.7903835863,0.6645226012
2024-01-04,1.0234929378,0.9539497133,1.0007446571,0.9781607560,0.9247100032,0.9099343130,0.9557527499,0.8801310140,0.7868862099,0.6583756245
2024-01-05,1.0234929378,0.9539497133,0.9993531528,0.9754405518,0.9221384423,0.9061386070,0.9517659166,0.8740120401,0.7779656860,0.6548467682
2024-01-08,1.0234929378,0.9539497133,0.9977980345,0.9724047371,0.9192685171,0.9019084124,0.9473227166,0.8672116805,0.7653849299,0.6463786931
2024-01-09,1.0234929378,0.9539497133,0.9981481183,0.9730870859,0.9199135795,0.9028577334,0.9483198392,0.8687330142,0.7693561635,0.6476454621
2024-01-10,1.0234929378,0.9539497133,0.9969686925,0.9707874592,0.9177396139,0.8996572452,0.9449581951,0.8636004785,0.7655254918,0.6446221331
2024-01-11,1.0234929378,0.9539497133,0.9982026462,0.9731905574,0.9200113968,0.9029977777,0.9484669353,0.8689448944,0.7731738422,0.6482690114
2024-01-12,1.0234929378,0.9539497133,0.9977651740,0.9723375365,0.9192049885,0.9018105344,0.9472199101,0.8670407756,0.7700959867,0.6460069240
2024-01-15,1.0234929378,0.9539497133,0.9974653383,0.9717531819,0.9186525655,0.9009976282,0.9463660711,0.8657383215,0.7700341007,0.6453676384
2024-01-16,1.0234929378,0.9539497133,0.9972282357,0.9712912004,0.9182158286,0.9003551128,0.9456912028,0.8647093692,0.7694888693,0.6492938353
2024-01-17,1.0234929378,0.9539497133,0.9952618677,0.9674607514,0.9145946912,0.8950290618,0.9400969662,0.8561840549,0.7521286588,0.6351705417
2024-01-18,1.0234929378,0.9539497133,0.9947958179,0.9665546886,0.9137381394,0.8937717200,0.9387763127,0.8541794346,0.7526177119,0.6441500452
2024-01-19,1.0234929378,0.9539497133,0.9941754232,0.9653491238,0.9125984517,0.8920995440,0.9370199366,0.8515159313,0.7477652983,0.6431763641
2024-01-22,1.0234929378,0.9539497133,0.9899015520,0.9570492248,0.9047520935,0.8805943757,0.9249354421,0.8332129774,0.7170618596,0.6331681026
2024-01-23,1.0234929378,0.9539497133,0.9912452652,0.9596474623,0.9072083525,0.8841803876,0.9287020225,0.8388680814,0.7226903620,0.6357311460
2024-01-24,1.0234929378,0.9539497133,0.9930659003,0.9631726602,0.9105409191,0.8890523500,0.9338193056,0.8465718897,0.7355056677,0.6446181990
2024-01-25,1.0234929378,0.9539497133,0.9959643976,0.9687951538,0.9158561763,0.8968370774,0.9419960218,0.8589264893,0.7577178514,0.6575632401
2024-01-26,1.0234929378,0.9539497133,0.9964149825,0.9696717404,0.9166848626,0.8980542935,0.9432745290,0.8608694269,0.7571988277,0.6557732405
2024-01-29,1.0234929378,0.9539497133,0.9950410415,0.9669976100,0.9141568577,0.8943393544,0.9393725295,0.8549342299,0.7434645331,0.6498996813
2024-01-30,1.0234929378,0.9539497133,0.9929908384,0.9630127663,0.9103897624,0.8888112087,0.9335660219,0.8461266093,0.7256813470,0.6383099256
2024-01-31,1.0234929378,0.9539497133,0.9909875585,0.9591271634,0.9067164849,0.8834318914,0.9279158369,0.8375916445,0.7061812612,0.6324698061
2024-02-01,1.0234929378,0.9539497133,0.9896081281,0.9564570003,0.9041922306,0.8797427447,0.9240409285,0.8317621091,0.6998950378,0.6329340257
2024-02-02,1.0234929378,0.9539497133,0.9880238173,0.9533945251,0.9012971017,0.8755174784,0.9196029050,0.8251040711,0.6835418299,0.6254435658
2024-02-05,1.0234929378,0.9539497133,0.9844116654,0.9464234263,0.8947069326,0.8659149707,0.9095168768,0.8100214326,0.6597300364,0.6295330265
2024-02-06,1.0234929378,0.9539497133,0.9866250399,0.9506793480,0.8987302931,0.8717558019,0.9156518146,0.8191277894,0.6846201357,0.6514201975
2024-02-07,1.0234929378,0.9539497133,0.9877438625,0.9528354690,0.9007685947,0.8747214880,0.9187668336,0.8237722014,0.6946448532,0.6577028994
2024-02-08,1.0234929378,0.9539497133,0.9903705296,0.9579031423,0.9055593494,0.8816998219,0.9260965515,0.8347253211,0.7140722520,0.6618926787
2024-02-19,1.0234929378,0.9539497133,0.9930166989,0.9630219818,0.9103984743,0.8887672586,0.9335198588,0.8458768269,0.7264831919,0.6695405012
2024-02-20,1.0234929378,0.9539497133,0.9936704718,0.9642898525,0.9115970633,0.8905221750,0.9353631415,0.8486597484,0.7304375977,0.6709252921
2024-02-21,1.0234929378,0.9539497133,0.9941993582,0.9653163492,0.9125674680,0.8919441304,0.9368566975,0.8509182667,0.7378228760,0.6799775758
2024-02-22,1.0234929378,0.9539497133,0.9959780825,0.9687704485,0.9158328210,0.8967314681,0.9418850947,0.8585301655,0.7475134416,0.6858393328
2024-02-23,1.0234929378,0.9539497133,0.9957503059,0.9683273400,0.9154139258,0.8961162305,0.9412388777,0.8575484520,0.7547343859,0.6864432118
2024-02-26,1.0234929378,0.9539497133,0.9945746596,0.9660408019,0.9132523336,0.8929421945,0.9379050176,0.8524860698,0.7545363380,0.6792871474
2024-02-27,1.0234929378,0.9539497133,0.9952726249,0.9673966840,0.9145341247,0.8948221218,0.9398796060,0.8554773270,0.7684517392,0.6874365632
2024-02-28,1.0234929378,0.9539497133,0.9942845464,0.9654758758,0.9127182774,0.8921570594,0.9370803482,0.8512308584,0.7445357355,0.6786773673
2024-02-29,1.0234929378,0.9539497133,0.9953286936,0.9675036634,0.9146352583,0.8949677537,0.9400325710,0.8557004558,0.7642195247,0.6916243755
2024-03-01,1.0234929378,0.9539497133,0.9958659544,0.9685481462,0.9156226662,0.8964170171,0.9415548099,0.8580099158,0.7686746802,0.6958967701
2024-03-04,1.0234929378,0.9539497133,0.9970501789,0.9708516257,0.9178002741,0.8996149143,0.9449137327,0.8631113872,0.7697194010,0.6965006491
2024-03-05,1.0234929378,0.9539497133,0.9973996036,0.9715321120,0.9184435758,0.9005607472,0.9459071917,0.8646238106,0.7663784199,0.7013474173
2024-03-06,1.0234929378,0.9539497133,0.9975480114,0.9718212298,0.9187168950,0.9009627434,0.9463294298,0.8652670681,0.7681042302,0.6985030882
2024-03-07,1.0234929378,0.9539497133,0.9982205629,0.9731316426,0.9199557014,0.9027850432,0.9482434888,0.8681839034,0.7640628440,0.6943074078
2024-03-08,1.0234929378,0.9539497133,0.9987070060,0.9740800767,0.9208523091,0.9041048525,0.9496297552,0.8702992782,0.7692755649,0.6972953303
2024-03-11,1.0234929378,0.9539497133,0.9978441385,0.9723968961,0.9192611045,0.9017614541,0.9471683584,0.8665396518,0.7793651322,0.7060191196
2024-03-12,1.0234929378,0.9539497133,0.9958036893,0.9684200698,0.9155015884,0.8962295329,0.9413578853,0.8576799010,0.7827185048,0.7076379873
2024-03-13,1.0234929378,0.9539497133,0.9956201076,0.9680630029,0.9151640332,0.8957338588,0.9408372522,0.8568893115,0.7808187675,0.7026948346
2024-03-14,1.0234929378,0.9539497133,0.9959139616,0.9686344443,0.9157042486,0.8965269777,0.9416703074,0.8581538521,0.7787971994,0.7007002636
2024-03-15,1.0234929378,0.9539497133,0.9959077613,0.9686223832,0.9156928466,0.8965102329,0.9416527195,0.8581271387,0.7851452407,0.7022286479
2024-03-18,1.0234929378,0.9539497133,0.9956249877,0.9680723307,0.9151728512,0.8957465797,0.9408506136,0.8569088749,0.7939441621,0.7088260750
2024-03-19,1.0227610406,0.9529957636,0.9947080338,0.9669814253,0.9139330685,0.8943742156,0.9395966479,0.8552919233,0.7905452821,0.7037314607
2024-03-20,1.0255024540,0.9565678843,0.9974804789,0.9697798552,0.9173587702,0.8977266048,0.9424161664,0.8584978201,0.7953463951,0.7052559109
2024-03-21,1.0247270978,0.9555565024,0.9966962624,0.9689882043,0.9163888442,0.8967774359,0.9416184648,0.8575901279,0.7953437331,0.7044120540
2024-03-22,1.0203959426,0.9499086063,0.9923157458,0.9645662938,0.9109724518,0.8914769584,0.9371628913,0.8525212702,0.7869827521,0.6973130336
2024-03-25,1.0222205732,0.9522839303,0.9941608593,0.9664285278,0.9132504128,0.8937061693,0.9390389846,0.8546530692,0.7771461209,0.6935284630
2024-03-26,1.0200096728,0.9494037093,0.9919249809,0.9641717426,0.9104882502,0.8910031191,0.9367652420,0.8520681367,0.7774970897,0.6970671545
2024-03-27,1.0166814129,0.9450716072,0.9885594099,0.9607749949,0.9063337183,0.8869374972,0.9333432669,0.8481801741,0.7606954136,0.6890101892
2024-03-28,1.0228246794,0.9530573257,0.9947707345,0.9670430398,0.9139921072,0.8944319908,0.9396570404,0.8553471739,0.7710105852,0.6925842873
2024-03-29,1.0355333005,0.9696169721,1.0076232225,0.9800159966,0.9298729841,0.9099730051,0.9527277670,0.8702090782,0.7791800482,0.6958338251
2024-04-01,1.0422627624,0.9784285012,1.0144321924,0.9868921470,0.9383233342,0.9182425114,0.9596591232,0.8781172243,0.7931560176,0.7072760533
2024-04-02,1.0482249070,0.9862553904,1.0204663310,0.9929873885,0.9458294042,0.9255879458,0.9658048806,0.8851416785,0.7916499643,0.7043314056
2024-04-03,1.0580622842,0.9991988104,1.0304247525,1.0030489298,0.9582422815,0.9377351783,0.9759521075,0.8967581021,0.7893667664,0.7017978677
2024-04-08,1.0540349395,0.9938802476,1.0263463430,0.9989267623,0.9531417233,0.9327437758,0.9717932962,0.8919848136,0.7780576309,0.6956233526
2024-04-09,1.0510619874,0.9899601060,1.0233361536,0.9958847394,0.9493822658,0.9290647735,0.9687246988,0.8884665760,0.7819465001,0.6950489791
2024-04-10,1.0533512237,0.9929752966,1.0256538022,0.9982266338,0.9522738657,0.9318944910,0.9710867852,0.8911726408,0.7719370618,0.6893878595
2024-04-11,1.0557688416,0.9961623381,1.0281016377,1.0007002912,0.9553302723,0.9348854883,0.9735819868,0.8940329377,0.7741051854,0.6892954089
2024-04-12,1.0574579734,0.9983910792,1.0298120379,1.0024288918,0.9574676587,0.9369771330,0.9753258016,0.8960331819,0.7687406069,0.6837090365
2024-04-15,1.0676330405,1.0118252127,1.0401158778,1.0128430381,0.9703511356,0.9495848938,0.9858322759,0.9080900098,0.7660234270,0.6981155828
2024-04-16,1.0580740461,0.9991565580,1.0304322319,1.0030520104,0.9582017610,0.9376955250,0.9759506966,0.8967201816,0.7412544802,0.6906467603
2024-04-17,1.0711006283,1.0163587094,1.0436239339,1.0163851923,0.9746988071,0.9538395219,0.9894023425,0.9121587195,0.7651928403,0.7013257799
2024-04-18,1.0750316456,1.0215882555,1.0476080912,1.0204153217,0.9797139974,0.9587473834,0.9934714554,0.9168521176,0.7649003071,0.7021912742
2024-04-19,1.0766993134,1.0237744917,1.0492948969,1.0221184214,0.9818106211,0.9607991378,0.9951880770,0.9188142146,0.7617564182,0.6966560447
2024-04-22,1.0558614264,0.9964409175,1.0282166387,1.0008353045,0.9555974329,0.9351469315,0.9737347196,0.8942829563,0.7564916523,0.6945395177
2024-04-23,1.0435629124,0.9804294865,1.0157855758,0.9882928334,0.9402423004,0.9201204102,0.9611014072,0.8799130628,0.7518717778,0.6896848814
2024-04-24,1.0514680316,0.9906751250,1.0237723195,0.9963475489,0.9500679767,0.9297358097,0.9692108285,0.8891082893,0.7594433645,0.6927141115
2024-04-25,1.0549117838,0.9951512269,1.0272526230,0.9998584731,0.9543606059,0.9339365735,0.9727466062,0.8931254885,0.7605405427,0.6944175617
2024-04-26,1.0628263686,1.0054511492,1.0352522027,1.0079294350,0.9642383409,0.9436029175,0.9808757082,0.9023694334,0.7716709887,0.7050375703
2024-04-29,1.0649361175,1.0082045048,1.0373852109,1.0100820846,0.9668788382,0.9461869062,0.9830444771,0.9048405071,0.7857824715,0.7128348873
2024-04-30,1.0645028415,1.0076386271,1.0369471252,1.0096399317,0.9663361555,0.9456558372,0.9825989798,0.9043326448,0.7807275017,0.7089952398
2024-05-06,1.0676719952,1.0117770433,1.0401514093,1.0128739150,0.9703049406,0.9495396874,0.9858573742,0.9080467788,0.7937537571,0.7195168968
2024-05-07,1.0688190516,1.0132766059,1.0413113116,1.0140446998,0.9717430371,0.9509470076,0.9870371293,0.9093926020,0.7955693662,0.7197391715
2024-05-08,1.0684806958,1.0128340885,1.0409691526,1.0136993165,0.9713186582,0.9505317108,0.9866890856,0.9089954528,0.7872334880,0.7140760848
2024-05-09,1.0729732719,1.0187089815,1.0455121715,1.0182850910,0.9769527430,0.9560452219,0.9913101280,0.9142680349,0.7968875043,0.7208308745
2024-05-10,1.0755772302,1.0221195605,1.0481457855,1.0209439130,0.9802235246,0.9592460063,0.9939898239,0.9173289517,0.7955882307,0.7211692041
2024-05-13,1.0713504776,1.0165784119,1.0438705028,1.0166273123,0.9749095041,0.9540457099,0.9896389347,0.9123558974,0.7907662230,0.7208564460
2024-05-14,1.0685026391,1.0128505694,1.0409903977,1.0137198082,0.9713344636,0.9505471778,0.9867087741,0.9090102440,0.7930478065,0.7193536331
2024-05-15,1.0654467331,1.0088544114,1.0379001803,1.0106005085,0.9675021056,0.9467968352,0.9835654856,0.9054237835,0.7877950528,0.7132577993
2024-05-16,1.0667612674,1.0105715350,1.0392293294,1.0119420202,0.9691488454,0.9484083335,0.9849171670,0.9069648627,0.7900564858,0.7160706558
2024-05-17,1.0749624853,1.0212894684,1.0475221147,1.0203123296,0.9794274574,0.9584669755,0.9933513239,0.9165839630,0.7997068111,0.7234686652
2024-05-20,1.0892158393,1.0399706995,1.0619387822,1.0348679818,0.9973429566,0.9759990696,1.0080222489,0.9333499410,0.8035796283,0.7260238404
2024-05-21,1.0828021365,1.0317050007,1.0554669226,1.0283479162,0.9894160636,0.9682418181,1.0014636773,0.9259316653,0.7979820795,0.7231126323
2024-05-22,1.0785484029,1.0269391804,1.0512476503,1.0241660033,0.9848455913,0.9637691573,0.9973219002,0.9216544504,0.7983668402,0.7247433023
2024-05-23,1.0617802171,1.0081653841,1.0346164646,1.0076832211,0.9668413210,0.9461501919,0.9809984436,0.9048053972,0.7840521869,0.7163519415
2024-05-24,1.0562495951,1.0019904536,1.0291325526,1.0022497532,0.9609194971,0.9403550994,0.9756189920,0.8992635382,0.7765960708,0.7084228333
2024-05-27,1.0668063515,1.0137662007,1.0395991857,1.0126191533,0.9722125637,0.9514064859,0.9858843601,0.9098320021,0.7827573852,0.7151559857
2024-05-28,1.0576525125,1.0035375953,1.0305219137,1.0036246426,0.9624032223,0.9418070719,0.9769785385,0.9006520624,0.7749181331,0.7099354813
2024-05-29,1.0635604221,1.0101291130,1.0363795150,1.0094279541,0.9687245579,0.9479931261,0.9827237523,0.9065677990,0.7762393192,0.7107911405
2024-05-30,1.0566179972,1.0023758083,1.0294955353,1.0026071107,0.9612890563,0.9407167498,0.9759705337,0.8996093852,0.7703268146,0.7070124710
2024-05-31,1.0552919354,1.0008965729,1.0281807890,1.0013045731,0.9598704539,0.9393285065,0.9746810591,0.8982818053,0.7703605849,0.7041819112
2024-06-03,1.0479787593,0.9927404539,1.0209301775,0.9941214495,0.9520486490,0.9316740942,0.9675701312,0.8909618748,0.7634932516,0.7059188009
2024-06-04,1.0495204876,0.9944577771,1.0224585287,0.9956353891,0.9536955802,0.9332857798,0.9690686706,0.8925031331,0.7668361919,0.7112140525
2024-06-05,1.0356497763,0.9790032720,1.0087078145,0.9820139854,0.9388745455,0.9187819264,0.9555854792,0.8786330679,0.7567176656,0.7071068885
2024-06-06,1.0293589551,0.9720106587,1.0024728850,0.9758391438,0.9321685551,0.9122194491,0.9494747322,0.8723573573,0.7448891292,0.7066072623
2024-06-07,1.0312178867,0.9740747483,1.0043151027,0.9776634113,0.9341480389,0.9141565705,0.9512798698,0.8742098305,0.7491546386,0.7030390653
2024-06-11,1.0278311714,0.9703130714,1.0009587314,0.9743396384,0.9305405508,0.9106262854,0.9479908469,0.8708338115,0.7462918779,0.6968960227
2024-06-12,1.0340060324,0.9771676101,1.0070779127,0.9803990367,0.9371141262,0.9170591814,0.9539865468,0.8769856033,0.7506408170,0.6971399347
2024-06-13,1.0267494615,0.9691038356,0.9998860203,0.9732766595,0.9293808808,0.9094914332,0.9469383024,0.8697485499,0.7437508698,0.6936012432
2024-06-14,1.0283074753,0.9708330070,1.0014299554,0.9748054812,0.9310391746,0.9111142382,0.9484510233,0.8713004418,0.7461361709,0.6966304733
2024-06-17,1.0245867360,0.9667024205,0.9977427395,0.9711542617,0.9270778982,0.9072377361,0.9448381603,0.8675933348,0.7410844014,0.6955820449
2024-06-18,1.0344337905,0.9776271668,1.0075004499,0.9808160954,0.9375548460,0.9174904694,0.9543978847,0.8773980449,0.7460928191,0.6974290885
2024-06-19,1.0259134622,0.9683867248,0.9990195304,0.9723822112,0.9285816092,0.9086546829,0.9460183754,0.8688439669,0.7405434397,0.6941166057
2024-06-20,1.0253299191,0.9683867248,0.9983366642,0.9716059884,0.9282628954,0.9081868713,0.9451546585,0.8680984411,0.7299185901,0.6891065738
2024-06-21,1.0242985770,0.9683867248,0.9971299191,0.9702344230,0.9276994798,0.9073600260,0.9436286687,0.8667811954,0.7289205171,0.6875998269
2024-06-24,1.0214893726,0.9683867248,0.9938436136,0.9665000243,0.9261642169,0.9051076216,0.9394746587,0.8631950743,0.7137168653,0.6838998387
2024-06-25,1.0214226023,0.9683867248,0.9937655467,0.9664113621,0.9261276863,0.9050540716,0.9393760888,0.8631099572,0.7125505157,0.6801801802
2024-06-26,1.0216050895,0.9683867248,0.9939789053,0.9666536748,0.9262275291,0.9052004278,0.9396454754,0.8633425797,0.7230207962,0.6845784649
2024-06-27,1.0192142555,0.9683867248,0.9911835117,0.9634788152,0.9249195441,0.9032829909,0.9361157571,0.8602946268,0.7119280588,0.6794366419
2024-06-28,1.0208842466,0.9683867248,0.9931351627,0.9656943475,0.9258340180,0.9046226135,0.9385777561,0.8624210739,0.7143653722,0.6809197844
2024-07-01,1.0268966365,0.9683867248,1.0001639179,0.9736760871,0.9291242193,0.9094448447,0.9474503487,0.8700831895,0.7227756156,0.6841693222
2024-07-02,1.0264870058,0.9683867248,0.9996844755,0.9731309979,0.9289005747,0.9091164833,0.9468437074,0.8695596068,0.7206717717,0.6829123884
2024-07-03,1.0236812481,0.9683867248,0.9964008088,0.9693980216,0.9273684835,0.9068672931,0.9426895338,0.8659740652,0.7176180456,0.6812640151
2024-07-04,1.0220374999,0.9683867248,0.9944781419,0.9672134820,0.9264699349,0.9055492663,0.9402598549,0.8638764099,0.7058270020,0.6778020378
2024-07-05,1.0200792086,0.9683867248,0.9921883020,0.9646126037,0.9253987597,0.9039787859,0.9373680566,0.8613793970,0.7087168187,0.6749006649
2024-07-08,1.0185684758,0.9683867248,0.9904224785,0.9626076981,0.9245717676,0.9027670110,0.9351397571,0.8594549456,0.6962198813,0.6691372595
2024-07-09,1.0192094447,0.9683867248,0.9911714523,0.9634578241,0.9249228476,0.9032812113,0.9360843244,0.8602708298,0.7040192374,0.6766218183
2024-07-10,1.0145088746,0.9683867248,0.9856781273,0.9572218109,0.9223488313,0.8995105284,0.9291546679,0.8542855979,0.6986690684,0.6744895551
2024-07-11,1.0163876761,0.9683867248,0.9878717380,0.9597096646,0.9233795471,0.9010183197,0.9319166616,0.8566722373,0.7129048953,0.6822003226
2024-07-12,1.0150805549,0.9683867248,0.9863450285,0.9579775224,0.9226629824,0.8999695020,0.9299929358,0.8550102418,0.7116978867,0.6830323774
2024-07-15,1.0175855884,0.9683867248,0.9892701325,0.9612953635,0.9240369447,0.9019797553,0.9336767891,0.8581932888,0.7076802422,0.6837896849
2024-07-16,1.0173418833,0.9683867248,0.9889854189,0.9609722628,0.9239034076,0.9017842310,0.9333178672,0.8578832346,0.7081119044,0.6881230576
2024-07-17,1.0145817961,0.9683867248,0.9857415128,0.9572754533,0.9223538100,0.8995157163,0.9291984106,0.8542871779,0.7055360860,0.6887721783
2024-07-18,1.0145817961,0.9683867248,0.9859494500,0.9576793181,0.9227429417,0.9000849612,0.9297864397,0.8551882156,0.7084522811,0.6925783862
2024-07-19,1.0145817961,0.9683867248,0.9860746803,0.9579225972,0.9229773460,0.9004279338,0.9301407299,0.8557313239,0.7084415561,0.6961367481
2024-07-22,1.0145817961,0.9683867248,0.9856512022,0.9570998213,0.9221845851,0.8992678447,0.9289423596,0.8538938187,0.7058637937,0.6913961997
2024-07-23,1.0145817961,0.9683867248,0.9844526167,0.9547720893,0.9199417694,0.8959872236,0.9255534829,0.8487019987,0.6905701191,0.6766355876
2024-07-24,1.0145817961,0.9683867248,0.9842719593,0.9544216679,0.9196041314,0.8954939544,0.9250439365,0.8479232700,0.6830217869,0.6723651599
2024-07-25,1.0145817961,0.9683867248,0.9835112325,0.9529463559,0.9181826391,0.8934176190,0.9228990851,0.8446465439,0.6830547740,0.6686474684
2024-07-26,1.0145817961,0.9683867248,0.9835377924,0.9529978247,0.9182322304,0.8934899995,0.9229738541,0.8447605928,0.6910403904,0.6706184350
2024-07-29,1.0145817961,0.9683867248,0.9840253096,0.9539425833,0.9191425240,0.8948186474,0.9243463454,0.8468542356,0.6894442748,0.6669695897
2024-07-30,1.0145817961,0.9683867248,0.9838778402,0.9536566610,0.9188670322,0.8944163455,0.9239307681,0.8462196730,0.6892820093,0.6627680082
2024-07-31,1.0145817961,0.9683867248,0.9850674336,0.9559627679,0.9210890117,0.8976606258,0.9272821049,0.8513354371,0.7099769835,0.6770683347
2024-08-01,1.0145817961,0.9683867248,0.9852633289,0.9563429825,0.9214553560,0.8981961651,0.9278353162,0.8521819403,0.7061028859,0.6725815335
2024-08-02,1.0145817961,0.9683867248,0.9837743554,0.9534524471,0.9186702680,0.8941239840,0.9236287591,0.8457426655,0.6994272746,0.6657205240
2024-08-05,1.0145817961,0.9683867248,0.9813142906,0.9486839657,0.9140757420,0.8874163392,0.9166997719,0.8351681786,0.6885175752,0.6576419214
2024-08-06,1.0145817961,0.9683867248,0.9815317958,0.9491045113,0.9144809460,0.8880064183,0.9173093227,0.8360937405,0.6954381999,0.6575750423
2024-08-07,1.0145817961,0.9683867248,0.9818185500,0.9496590725,0.9150152767,0.8887847107,0.9181132977,0.8373150632,0.6952019689,0.6572819544
2024-08-08,1.0145817961,0.9683867248,0.9815303813,0.9491016131,0.9144781535,0.8880021224,0.9173048850,0.8360862823,0.6957179083,0.6575671742
2024-08-09,1.0145817961,0.9683867248,0.9813380764,0.9487297102,0.9141198178,0.8874801806,0.9167657200,0.8352672371,0.6915014698,0.6553424604
2024-08-12,1.0145817961,0.9683867248,0.9808313687,0.9477499692,0.9131758180,0.8861054465,0.9153456217,0.8331108127,0.6878114242,0.6542074826
2024-08-13,1.0145817961,0.9683867248,0.9813770986,0.9488046163,0.9141919912,0.8875845209,0.9168735034,0.8354285069,0.6903592347,0.6558853613
2024-08-14,1.0145817961,0.9683867248,0.9811477846,0.9483612250,0.9137647750,0.8869623684,0.9162308207,0.8344525820,0.6845635909,0.6509382745
2024-08-15,1.0145817961,0.9683867248,0.9819374220,0.9498877260,0.9152355888,0.8891038766,0.9184429956,0.8378104604,0.6903998691,0.6573724379
2024-08-16,1.0145817961,0.9683867248,0.9816962432,0.9494211123,0.9147859973,0.8884487443,0.9177662448,0.8367815654,0.6868697998,0.6580963059
2024-08-19,1.0145817961,0.9683867248,0.9820391441,0.9500843670,0.9154250563,0.8893797345,0.9187279563,0.8382429805,0.6877532108,0.6603269208
2024-08-20,1.0145817961,0.9683867248,0.9811073810,0.9482814784,0.9136879375,0.8868481920,0.9161128767,0.8342663370,0.6777751696,0.6555529328
2024-08-21,1.0145817961,0.9683867248,0.9807185086,0.9475297555,0.9129636377,0.8857936570,0.9150235436,0.8326129854,0.6749295968,0.6533773949
2024-08-22,1.0145817961,0.9683867248,0.9806216776,0.9473426472,0.9127833551,0.8855312809,0.9147525095,0.8322019460,0.6681291563,0.6517054172
2024-08-23,1.0145817961,0.9683867248,0.9804208920,0.9469547041,0.9124095642,0.8849873345,0.9141906136,0.8313499654,0.6687716680,0.6544690979
2024-08-26,1.0145817961,0.9683867248,0.9803517980,0.9468212329,0.9122809622,0.8848002291,0.9139973340,0.8310570232,0.6710093633,0.6538848893
2024-08-27,1.0145817961,0.9683867248,0.9793407743,0.9448683449,0.9103993160,0.8820627813,0.9111695545,0.8267717334,0.6648832212,0.6501691648
2024-08-28,1.0145817961,0.9683867248,0.9794058875,0.9449939872,0.9105203748,0.8822387176,0.9113512964,0.8270465800,0.6645403847,0.6464652425
2024-08-29,1.0145817961,0.9683867248,0.9791436445,0.9444879293,0.9100327781,0.8815300403,0.9106192338,0.8259393416,0.6683547677,0.6447303198
2024-08-30,1.0145817961,0.9683867248,0.9798416466,0.9458345236,0.9113302482,0.8834152892,0.9125666932,0.8288832785,0.6794815726,0.6533360872
2024-09-02,1.0145817961,0.9683867248,0.9786191438,0.9434743761,0.9090561995,0.8801087008,0.9091509922,0.8237124830,0.6682654378,0.6422380896
2024-09-03,1.0145817961,0.9683867248,0.9784076260,0.9430665328,0.9086632344,0.8795380232,0.9085614831,0.8228223008,0.6720872911,0.6438943310
2024-09-04,1.0145817961,0.9683867248,0.9779573234,0.9421984584,0.9078268276,0.8783236268,0.9073070133,0.8209288211,0.6672267730,0.6397104528
2024-09-05,1.0145817961,0.9683867248,0.9780987681,0.9424710040,0.9080894307,0.8787047300,0.9077006924,0.8215224873,0.6710800029,0.6408119910
2024-09-06,1.0145817961,0.9683867248,0.9771341138,0.9406119716,0.9062982162,0.8761048507,0.9050150210,0.8174713363,0.6624747763,0.6356170581
2024-09-09,1.0145817961,0.9683867248,0.9761910348,0.9387963120,0.9045487924,0.8735681381,0.9023946006,0.8135264321,0.6569536250,0.6280636532
2024-09-10,1.0145817961,0.9683867248,0.9764423288,0.9392796475,0.9050144956,0.8742427676,0.9030914918,0.8145735339,0.6576679328,0.6286163893
2024-09-11,1.0145817961,0.9683867248,0.9747901157,0.9361014460,0.9019522357,0.8698062022,0.8985085263,0.8076859331,0.6551629185,0.6267221370
2024-09-12,1.0145817961,0.9683867248,0.9748471100,0.9362109104,0.9020577068,0.8699587704,0.8986661290,0.8079220530,0.6533175981,0.6240351705
2024-09-13,1.0145817961,0.9683867248,0.9748665476,0.9362482449,0.9020936793,0.8700108091,0.8987198849,0.8080025994,0.6490594653,0.6214347535
2024-09-18,1.0145817961,0.9683867248,0.9756335582,0.9377214976,0.9035131874,0.8720643442,0.9008411836,0.8111812221,0.6493965087,0.6237479838
2024-09-19,1.0145817961,0.9683867248,0.9766485294,0.9396725586,0.9053930732,0.8747860223,0.9036526731,0.8154006626,0.6600362498,0.6286714662
2024-09-20,1.0145817961,0.9683867248,0.9768983075,0.9401532016,0.9058561822,0.8754572026,0.9043460014,0.8164433573,0.6591777813,0.6296569495
2024-09-23,1.0145817961,0.9683867248,0.9777481374,0.9417889302,0.9074322391,0.8777419532,0.9067061454,0.8199945865,0.6612606138,0.6319603446
2024-09-24,1.0145817961,0.9683867248,0.9815988287,0.9492070747,0.9145797678,0.8881124561,0.9174188597,0.8361416182,0.6878137895,0.6593316023
2024-09-25,1.0145817961,0.9683867248,0.9834179847,0.9527253260,0.9179696725,0.8930501609,0.9225195014,0.8438895492,0.6970436538,0.6690920178
2024-09-26,1.0145817961,0.9683867248,0.9873225181,0.9602906705,0.9252590313,0.9036873801,0.9335077332,0.8606423188,0.7267268975,0.6973759786
2024-09-27,1.0145817961,0.9683867248,0.9899249473,0.9653530253,0.9301367102,0.9108333198,0.9408894784,0.8719849178,0.7599252260,0.7285259058
2024-09-30,1.0145817961,0.9683867248,0.9976118875,0.9803452952,0.9445820584,0.9320516595,0.9628079920,0.9058404940,0.8314825645,0.7903241670
2024-10-08,1.0145817961,0.9683867248,1.0029957342,0.9909266221,0.9547773760,0.9471417661,0.9783960500,0.9302833982,0.8797936109,0.8371887171
2024-10-09,1.0145817961,0.9683867248,0.9963439745,0.9777831848,0.9421134144,0.9282977395,0.9589301982,0.8994357015,0.8091658397,0.7781541367
2024-10-10,1.0145817961,0.9683867248,0.9972148421,0.9794924735,0.9437603478,0.9307319122,0.9614446951,0.9033665199,0.8158505198,0.7863782997
2024-10-11,1.0145817961,0.9683867248,0.9955557248,0.9762332101,0.9406199832,0.9260863936,0.9566458811,0.8958516348,0.7907614009,0.7646189858
2024-10-14,1.0145817961,0.9683867248,0.9977157350,0.9804693842,0.9447016206,0.9321142512,0.9628726491,0.9055700695,0.8103050220,0.7792084661
2024-10-15,1.0145817961,0.9683867248,0.9950176854,0.9751665610,0.9395922457,0.9245523061,0.9550611711,0.8933257352,0.7931542725,0.7584857784
2024-10-16,1.0145817961,0.9683867248,0.9953501923,0.9758183075,0.9402202164,0.9254791843,0.9560186348,0.8948183569,0.7943781205,0.7536862190
2024-10-17,1.0145817961,0.9683867248,0.9941535590,0.9734720042,0.9379595068,0.9221412859,0.9525705907,0.8894394988,0.7862050459,0.7451551989
2024-10-18,1.0136605084,0.9674183381,0.9955899635,0.9771688722,0.9414521843,0.9277528876,0.9584291200,0.8990530312,0.8093746569,0.7721055116
2024-10-21,1.0224091257,0.9766133655,1.0042696325,0.9857733475,0.9504004111,0.9365709065,0.9669523477,0.9075982664,0.8175924265,0.7740666431
2024-10-22,1.0300764239,0.9846788809,1.0118771635,0.9933156264,0.9582494426,0.9443057250,0.9744240562,0.9150938097,0.8264546181,0.7785082025
2024-10-23,1.0346057589,0.9894470478,1.0163715307,0.9977717799,0.9628896288,0.9488783906,0.9788388477,0.9195250208,0.8294516088,0.7815433337
2024-10-24,1.0267765546,0.9812013557,1.0086024258,0.9900683909,0.9548652565,0.9409707829,0.9712066232,0.9118620335,0.8236451120,0.7728136433
2024-10-25,1.0482616552,1.0038119206,1.0299209541,1.0112049614,0.9768689387,0.9626542843,0.9921463152,0.9328747599,0.8356101938,0.7782406861
2024-10-28,1.0679903902,1.0246172076,1.0495007966,1.0306217144,0.9971157979,0.9826065266,1.0113862000,0.9522097834,0.8517710609,0.7797631693
2024-10-29,1.0611972644,1.0174399955,1.0427576773,1.0239335109,0.9901312270,0.9757235898,1.0047576805,0.9455397690,0.8395641668,0.7719914237
2024-10-30,1.0634470352,1.0198154285,1.0449907421,1.0261482461,0.9924429019,0.9780016269,1.0069525096,0.9477473355,0.8399595633,0.7650674692
2024-10-31,1.0734467045,1.0303758967,1.0549163697,1.0359926122,1.0027199201,0.9881291018,1.0167086033,0.9575615188,0.8459372560,0.7653802274
2024-11-01,1.0484100112,1.0039101594,1.0300627140,1.0113401093,0.9769645407,0.9627484952,0.9922748499,0.9329660564,0.8356932345,0.7651795901
2024-11-04,1.0644473595,1.0208218910,1.0459789670,1.0271237255,0.9934223502,0.9789668231,1.0079146282,0.9486826735,0.8457905161,0.7759471262
2024-11-05,1.0982027123,1.0564719507,1.0794845498,1.0603551610,1.0281155385,1.0131551824,1.0408482441,0.9818134225,0.8678313690,0.7955800779
2024-11-06,1.0985175201,1.0568054637,1.0797971255,1.0606652756,1.0284400998,1.0134750210,1.0411556751,0.9821233669,0.8710650361,0.7915889689
2024-11-07,1.1378412598,1.0984669441,1.1188421549,1.0994029953,1.0689833583,1.0534283248,1.0795582814,1.0208407230,0.8938013075,0.8154726779
2024-11-08,1.1305299852,1.0906939161,1.1115801590,1.0921956354,1.0614189635,1.0459740014,1.0724107724,1.0136169976,0.8886627761,0.8072799874
2024-11-11,1.1476197070,1.1088510636,1.1285535829,1.1090402555,1.0790887611,1.0633866814,1.0891144185,1.0304910198,0.8959460230,0.8126067115
2024-11-12,1.1349379445,1.0953568786,1.1159562221,1.0965366056,1.0659567690,1.0504457761,1.0767135434,1.0179504389,0.8867933032,0.8036783508
2024-11-13,1.1358314706,1.0963065702,1.1168437011,1.0974173830,1.0668809702,1.0513565291,1.0775869823,1.0188330179,0.8884754960,0.8086254377
2024-11-14,1.1142242159,1.0733392918,1.0953825083,1.0761180792,1.0445301489,1.0293309399,1.0564649727,0.9974887861,0.8682156830,0.7946063968
2024-11-15,1.0828080017,1.0401160913,1.0641954867,1.0451827950,1.0121986813,0.9974699353,1.0258033323,0.9666133954,0.8527710713,0.7806817735
2024-11-18,1.0568932396,1.0151271501,1.0387163623,1.0201492364,0.9878804599,0.9735055742,1.0012244782,0.9433903673,0.8437003895,0.7770525984
2024-11-19,1.0722681088,1.0299513418,1.0538326308,1.0350010191,1.0023067604,0.9877219541,1.0158063583,0.9571669662,0.8545382151,0.7822672017
2024-11-20,1.0937830603,1.0506968443,1.0749858243,1.0557842149,1.0224954398,1.0076168632,1.0362119722,0.9764464301,0.8656920596,0.7840139266
2024-11-21,1.0995664608,1.0562738331,1.0806720242,1.0613709979,1.0279227385,1.0129651880,1.0416972982,0.9816293055,0.8664700890,0.7847082891
2024-11-22,1.0667795462,1.0246564548,1.0484360878,1.0296986070,0.9971539918,0.9826441646,1.0106000214,0.9522462572,0.8397921996,0.7603957669
2024-11-25,1.0673827628,1.0252380853,1.0490291605,1.0302813047,0.9977200109,0.9832019475,1.0111721316,0.9527867851,0.8426771337,0.7569318227
2024-11-26,1.0609839839,1.0190682735,1.0427379850,1.0241001828,0.9917158010,0.9772851063,1.0051033185,0.9470529802,0.8379059700,0.7553758999
2024-11-27,1.0888901543,1.0459752540,1.0701748146,1.0510569884,1.0179005801,1.0030888644,1.0315702672,0.9720585041,0.8519069854,0.7685274794
2024-11-28,1.0890978596,1.0461755421,1.0703790285,1.0512576315,1.0180954923,1.0032809404,1.0317672662,0.9722446383,0.8503489582,0.7617431842
2024-11-29,1.1122389569,1.0684902843,1.0931311528,1.0736119159,1.0398112920,1.0246807483,1.0537155488,0.9929824472,0.8611451746,0.7704040285
2024-12-02,1.1357194422,1.0911341105,1.1162171456,1.0962944127,1.0618473429,1.0463961472,1.0759862613,1.0140260845,0.8768477355,0.7765116645
2024-12-03,1.1349561686,1.0903979753,1.1154666896,1.0955570674,1.0611309660,1.0456901946,1.0752622962,1.0133419703,0.8782280768,0.7773496204
2024-12-04,1.1143400869,1.0705149557,1.0951968198,1.0756413199,1.0417816199,1.0266224054,1.0557079540,0.9948640395,0.8692755341,0.7731539400
2024-12-05,1.1332402842,1.0887418045,1.1137794881,1.0938992117,1.0595192479,1.0441019290,1.0736343974,1.0118028374,0.8739299473,0.7713895118
2024-12-06,1.1507164609,1.1055964487,1.1309621702,1.1107816939,1.0759215023,1.0602655102,1.0902105064,1.0274664014,0.8846632573,0.7815295645
2024-12-09,1.1358178171,1.0912268276,1.1163136482,1.0963890131,1.0619375714,1.0464850628,1.0760789326,1.0141122495,0.8808751181,0.7802372241
2024-12-10,1.1516492573,1.1064953515,1.1318792278,1.1116826576,1.0767962778,1.0611275567,1.0910950492,1.0283017806,0.8869857830,0.7859553877
2024-12-11,1.1654622777,1.1198179299,1.1454603555,1.1250265897,1.0897612694,1.0739038915,1.1041969035,1.0406828820,0.8969573125,0.7846158385
2024-12-12,1.1837486558,1.1374558414,1.1634398241,1.1426921260,1.1069257676,1.0908186250,1.1215420412,1.0570743614,0.9071844101,0.7924190566
2024-12-13,1.1607892418,1.1153122526,1.1408659181,1.1205125394,1.0853765275,1.0695829530,1.0997648865,1.0364956109,0.8897707008,0.7736693025
2024-12-16,1.1503429641,1.1052626465,1.1305976484,1.1104261939,1.0755966595,1.0599453943,1.0898640606,1.0271561882,0.8857349345,0.7694716551
2024-12-17,1.1220827459,1.0780758498,1.1028190252,1.0831397589,1.0491395745,1.0338732927,1.0630795395,1.0018906221,0.8689673033,0.7714760612
2024-12-18,1.1239064791,1.0798302558,1.1046116737,1.0849006392,1.0508468911,1.0355557657,1.0648080242,1.0035210481,0.8724987469,0.7753825878
2024-12-19,1.1258119506,1.0816632968,1.1064846677,1.0867404417,1.0526307320,1.0373136495,1.0666139795,1.0052245521,0.8703476110,0.7760848184
2024-12-20,1.1302915775,1.0859726536,1.1108879432,1.0910656870,1.0568244228,1.0414463169,1.0708596535,1.0092293762,0.8707791123,0.7725992368
2024-12-23,1.0955358796,1.0525378491,1.0767246095,1.0575077426,1.0242870309,1.0093823844,1.0379190568,0.9781573352,0.8527242359,0.7737460168
2024-12-24,1.1086966332,1.0651979233,1.0896610042,1.0702148482,1.0366073002,1.0215233785,1.0503923469,0.9899227501,0.8616644469,0.7836047838
2024-12-25,1.0945147930,1.0515554050,1.0757209091,1.0565218119,1.0233309562,1.0084402217,1.0369512475,0.9772443182,0.8538118088,0.7839863881
2024-12-26,1.1071708110,1.0637299288,1.0881611711,1.0687415766,1.0351787076,1.0201155737,1.0489461624,0.9885584955,0.8580893282,0.7843502892
2024-12-27,1.1119398062,1.0683175548,1.0928488726,1.0733461976,1.0396431987,1.0245151010,1.0534660625,0.9928219242,0.8616140562,0.7830815532
2024-12-30,1.1095249184,1.0659944949,1.0904751485,1.0710145419,1.0373824913,1.0222872896,1.0511773059,0.9906630297,0.8581843607,0.7866261458
2024-12-31,1.0779043843,1.0355764372,1.0593936189,1.0404838646,1.0077808745,0.9931164131,1.0212083576,0.9623945486,0.8418698903,0.7740095991
2025-01-02,1.0501036487,1.0088339014,1.0320668761,1.0136415273,0.9817561263,0.9674703572,0.9948599852,0.9375418485,0.8251386780,0.7514851096
2025-01-03,1.0117401928,0.9719319273,0.9943576288,0.9766008534,0.9458446257,0.9320814135,0.9585010711,0.9032476550,0.8043247888,0.7425862544
2025-01-06,1.0067946568,0.9671750211,0.9894964517,0.9718258862,0.9412153981,0.9275195469,0.9538140129,0.8988269088,0.8012128162,0.7413686612
2025-01-07,1.0285520761,0.9881024525,1.0108827287,0.9928328783,0.9615811233,0.9475889255,0.9744342456,0.9182754451,0.8109876536,0.7467071875
2025-01-08,1.0310046732,0.9904615521,1.0132934954,0.9952008963,0.9638769031,0.9498512989,0.9767586723,0.9204678324,0.8100275960,0.7453519021
2025-01-09,1.0301426630,0.9896324008,1.0124461870,0.9943686125,0.9630700068,0.9490561439,0.9759417092,0.9196972754,0.8082277628,0.7435146937
2025-01-10,1.0060250767,0.9664341762,0.9887399357,0.9710827245,0.9404944380,0.9268090776,0.9530844722,0.8981384178,0.7911698509,0.7341909595
2025-01-13,1.0084635793,0.9690321118,0.9911031267,0.9733708956,0.9429093672,0.9291330528,0.9552980247,0.9002823267,0.7918065040,0.7322298281
2025-01-14,1.0259512994,0.9690321118,1.0105381060,0.9946662363,0.9504575146,0.9402898514,0.9783650509,0.9182996038,0.8186857772,0.7515126480
2025-01-15,1.0225734022,0.9690321118,1.0067757089,0.9905345217,0.9490129072,0.9381461211,0.9738796593,0.9148102779,0.8143110869,0.7466914513
2025-01-16,1.0265827615,0.9690321118,1.0112395165,0.9954343781,0.9507306180,0.9406931840,0.9791966454,0.9189497882,0.8194697059,0.7475471104
2025-01-17,1.0253148580,0.9690321118,1.0098271789,0.9938832841,0.9501885583,0.9398886787,0.9775126461,0.9176399385,0.8201092292,0.7498996813
2025-01-20,1.0300766868,0.9690321118,1.0151305967,0.9997067988,0.9522257119,0.9429112855,0.9838341246,0.9225583662,0.8238375231,0.7533105158
2025-01-21,1.0301033266,0.9690321118,1.0151602843,0.9997394175,0.9522370803,0.9429281713,0.9838695540,0.9225859017,0.8224424094,0.7538868563
2025-01-22,1.0256508193,0.9690321118,1.0101983532,0.9942875671,0.9503370243,0.9401059492,0.9779479259,0.9179836737,0.8140680476,0.7468861875
2025-01-23,1.0232856121,0.9690321118,1.0075640330,0.9913947904,0.9493253406,0.9386047610,0.9748076693,0.9155405691,0.8138825061,0.7482080334
2025-01-24,1.0275828137,0.9690321118,1.0123487226,0.9966473229,0.9511656947,0.9413341178,0.9805078359,0.9199777170,0.8215864787,0.7539360321
2025-01-27,1.0221576741,0.9690321118,1.0063048335,0.9900088398,0.9488475117,0.9378927857,0.9732996678,0.9143722881,0.8177467992,0.7508320548
2025-02-05,1.0191351267,0.9690321118,1.0029398957,0.9863154295,0.9475522751,0.9359723617,0.9692920937,0.9112518488,0.8157850355,0.7465045832
2025-02-06,1.0257318420,0.9690321118,1.0102810295,0.9943700496,0.9503836449,0.9401675137,0.9780284512,0.9180591012,0.8279393490,0.7558971635
2025-02-07,1.0322735574,0.9690321118,1.0175670814,1.0023709543,0.9531816868,0.9443194602,0.9867138356,0.9248162876,0.8394402289,0.7657067548
2025-02-10,1.0388958343,0.9690321118,1.0249489761,1.0104838197,0.9560045229,0.9485143464,0.9955280479,0.9316633685,0.8478494988,0.7673511940
2025-02-11,1.0398558473,0.9690321118,1.0260200010,1.0116618805,0.9564123372,0.9491212751,0.9968090160,0.9326569455,0.8453679283,0.7638262717
2025-02-12,1.0444005898,0.9690321118,1.0310908916,1.0172402181,0.9583419882,0.9519936860,1.0028753715,0.9373612512,0.8527819298,0.7710492152
2025-02-13,1.0413211080,0.9690321118,1.0276529401,1.0134560770,0.9570375351,0.9500499677,0.9987578370,0.9341715134,0.8506286204,0.7681537433
2025-02-14,1.0390245783,0.9690321118,1.0250900728,1.0106362298,0.9560631877,0.9485991176,0.9956907412,0.9317938440,0.8522221619,0.7748160825
2025-02-17,1.0433160428,0.9690321118,1.0298778506,1.0159025568,0.9578860915,0.9513121260,1.0014171707,0.9362354190,0.8564437878,0.7764664228
2025-02-18,1.0307188386,0.9690321118,1.0158147765,1.0004244970,0.9525412112,0.9433507429,0.9845770932,0.9231797386,0.8404630889,0.7696565561
2025-02-19,1.0370841691,0.9690321118,1.0230956063,1.0085872934,0.9556072841,0.9479054783,0.9935871434,0.9306086465,0.8501068314,0.7750422912
2025-02-20,1.0384926354,0.9690321118,1.0247082346,1.0103970487,0.9562837249,0.9489119619,0.9955867066,0.9322555096,0.8524181645,0.7728274126
2025-02-21,1.0402074380,0.9690321118,1.0266720314,1.0126013791,0.9571067545,0.9501369894,0.9980227586,0.9342613835,0.8587581472,0.7825720917
2025-02-24,1.0413536169,0.9690321118,1.0279849862,1.0140755400,0.9576564356,0.9509555068,0.9996523159,0.9356027851,0.8612083885,0.7808568394
2025-02-25,1.0402155907,0.9690321118,1.0266811399,1.0126113473,0.9571109520,0.9501430067,0.9980334914,0.9342704806,0.8533766680,0.7721881270
2025-02-26,1.0437262278,0.9690321118,1.0307026002,1.0171265711,0.9587945671,0.9526500439,1.0030246854,0.9383790741,0.8629953025,0.7789330816
2025-02-27,1.0467890445,0.9690321118,1.0342129742,1.0210700845,0.9602610532,0.9548356757,1.0073862546,0.9419672249,0.8650499847,0.7805421142
2025-02-28,1.0362278089,0.9690321118,1.0221027786,1.0074592414,0.9552113850,0.9473039687,0.9923254448,0.9295835563,0.8455230486,0.7651854912
2025-03-03,1.0361968320,0.9690321118,1.0220673167,1.0074194506,0.9551965017,0.9472818286,0.9922814873,0.9295473463,0.8473483971,0.7648747000
2025-03-04,1.0367157951,0.9690321118,1.0226614164,1.0080860708,0.9554458492,0.9476527506,0.9930179078,0.9301539761,0.8508123241,0.7642354145
2025-03-05,1.0401262357,0.9690321118,1.0265659418,1.0124675655,0.9570840789,0.9500900519,0.9978585678,0.9341411353,0.8525496816,0.7676482159
2025-03-06,1.0445514463,0.9690321118,1.0316349191,1.0181587533,0.9592064237,0.9532503050,1.0041494800,0.9393198067,0.8650198462,0.7782052795
2025-03-07,1.0441782707,0.9690321118,1.0312071643,1.0176781655,0.9590278106,0.9529840490,1.0036178880,0.9388825316,0.8626006511,0.7757995987
2025-03-10,1.0448821049,0.9690321118,1.0320138925,1.0185844825,0.9593647446,0.9534862650,1.0046203337,0.9397071726,0.8637223712,0.7728077422
2025-03-11,1.0472495508,0.9690321118,1.0347277305,1.0216336672,0.9604977043,0.9551752914,1.0079932958,0.9424815355,0.8697501356,0.7752901373
2025-03-12,1.0468259687,0.9690321118,1.0342419958,1.0210877126,0.9602952152,0.9548732408,1.0073891500,0.9419848080,0.8694143240,0.7724989181
2025-03-13,1.0420258922,0.9690321118,1.0287379575,1.0149017024,0.9580001428,0.9514500696,1.0005442410,0.9363565301,0.8655919141,0.7694205122
2025-03-14,1.0497801819,0.9690321118,1.0376228849,1.0248801137,0.9617158975,0.9569855935,1.0115773153,0.9454360465,0.8808552485,0.7881033872
2025-03-17,1.0526149045,0.9690321118,1.0408747861,1.0285365597,0.9630694558,0.9590059444,1.0156250125,0.9487626598,0.8835949780,0.7861815964
2025-03-18,1.0530423312,0.9690321118,1.0413815857,1.0291204737,0.9633036416,0.9593556576,1.0162836544,0.9493390143,0.8850653363,0.7883315630
2025-03-19,1.0486280065,0.9690321118,1.0364693276,1.0237256753,0.9614843786,0.9566379471,1.0104225122,0.9448567897,0.8818251113,0.7888134860
2025-03-20,1.0469766582,0.9690321118,1.0346326772,1.0217096714,0.9608022390,0.9556198952,1.0082333945,0.9431809323,0.8782028249,0.7818934655
2025-03-21,1.0347300851,0.9690321118,1.0210145745,1.0067646810,0.9557390350,0.9480660539,0.9920082889,0.9307550729,0.8678310482,0.7700342264
2025-03-24,1.0312518636,0.9690321118,1.0171525509,1.0025326516,0.9542916525,0.9459124103,0.9874205961,0.9272312067,0.8637638605,0.7739977969
2025-03-25,1.0231383164,0.9690321118,1.0081475253,0.9926690595,0.9509091278,0.9408831740,0.9767325805,0.9190146869,0.8622999905,0.7734962036
2025-03-26,1.0254738933,0.9690321118,1.0107371496,0.9955027660,0.9518870688,0.9423346191,0.9798000791,0.9213775367,0.8648159764,0.7709508635
2025-03-27,1.0244345035,0.9690321118,1.0095843736,0.9942409766,0.9514524054,0.9416891669,0.9784337977,0.9203257073,0.8627887762,0.7735178410
2025-03-28,1.0205570259,0.9690321118,1.0052844519,0.9895350266,0.9498299753,0.9392804944,0.9733387832,0.9164023262,0.8550449164,0.7701266769
2025-03-31,1.0186815245,0.9690321118,1.0032056077,0.9872609669,0.9490435819,0.9381140057,0.9708778885,0.9145055323,0.8468823787,0.7646465243
2025-04-01,1.0168366369,0.9690321118,1.0011611682,0.9850250585,0.9482692423,0.9369658727,0.9684588379,0.9126401336,0.8513575262,0.7647193045
2025-04-02,1.0187239242,0.9690321118,1.0032521183,0.9873113136,0.9490621677,0.9381410833,0.9709317966,0.9145479661,0.8521582831,0.7640721508
2025-04-03,1.0101981324,0.9690321118,0.9938040912,0.9769783979,0.9454837856,0.9328352761,0.9597524657,0.9059273452,0.8492210166,0.7595696133
2025-04-07,0.9585837161,0.9690321118,0.9366670071,0.9145560678,0.9237201032,0.9006264784,0.8922883908,0.8537944707,0.7723587845,0.7060545261
2025-04-08,0.9550661230,0.9690321118,0.9327992998,0.9103592856,0.9221929951,0.8983930843,0.8877836515,0.8502657058,0.7838099824,0.7181163696
2025-04-09,0.9662462891,0.9690321118,0.9450865827,0.9236858498,0.9270565125,0.9055000842,0.9020815046,0.8614761629,0.7990685638,0.7252035879
2025-04-10,0.9774600630,0.9690321118,0.9574286636,0.9370912197,0.9319036350,0.9126017061,0.9164846919,0.8727367508,0.8148447593,0.7347102561
2025-04-11,0.9852172095,0.9690321118,0.9659785870,0.9463910579,0.9352355032,0.9174959921,0.9264910734,0.8805375675,0.8159699487,0.7377394862
2025-04-14,0.9901036894,0.9690321118,0.9713697748,0.9522608850,0.9373252754,0.9205711923,0.9328130698,0.8854564434,0.8253990610,0.7394350683
2025-04-15,0.9878410739,0.9690321118,0.9688719183,0.9495395841,0.9363602600,0.9191495428,0.9298803298,0.8831774078,0.8249866854,0.7398461781
2025-04-16,0.9817232983,0.9690321118,0.9620626161,0.9420734475,0.9336350541,0.9151374413,0.9217926356,0.8767541010,0.8206881947,0.7421259688
2025-04-17,0.9817232983,0.9690321118,0.9623852669,0.9427053413,0.9342612879,0.9160581811,0.9227200714,0.8782243034,0.8227936441,0.7420079468
2025-04-18,0.9817232983,0.9690321118,0.9609726630,0.9399379066,0.9315186418,0.9120243683,0.9186569233,0.8717789479,0.8210497304,0.7420669578
2025-04-21,0.9817232983,0.9690321118,0.9621456288,0.9422324882,0.9337926702,0.9153640266,0.9220208688,0.8770994267,0.8299179567,0.7444982100
2025-04-22,0.9817232983,0.9690321118,0.9619864818,0.9419207817,0.9334837558,0.9149097997,0.9215633386,0.8763740284,0.8304412816,0.7443152760
2025-04-23,0.9817232983,0.9690321118,0.9615157926,0.9409990391,0.9325702695,0.9135668344,0.9202106067,0.8742300284,0.8305695901,0.7448916165
2025-04-24,0.9817232983,0.9690321118,0.9613031502,0.9405828290,0.9321577875,0.9129607194,0.9196000839,0.8732633341,0.8278615708,0.7443959243
2025-04-25,0.9817232983,0.9690321118,0.9615264381,0.9410197791,0.9325908236,0.9135968966,0.9202408876,0.8742775256,0.8298503725,0.7449132539
2025-04-28,0.9817232983,0.9690321118,0.9606177190,0.9392411017,0.9308280784,0.9110066310,0.9176317847,0.8701462160,0.8226602692,0.7438569574
2025-04-29,0.9817232983,0.9690321118,0.9612180328,0.9404150118,0.9319914735,0.9127145629,0.9193521373,0.8728650957,0.8244049513,0.7425705181
2025-04-30,0.9817232983,0.9690321118,0.9617557881,0.9414672458,0.9330342823,0.9142464227,0.9208951373,0.8753067260,0.8264469675,0.7416833864
2025-05-06,0.9817232983,0.9690321118,0.9631727328,0.9442413534,0.9357835415,0.9182872715,0.9249653725,0.8817546268,0.8412901358,0.7491522090
2025-05-07,0.9817232983,0.9690321118,0.9634204347,0.9447270200,0.9362648578,0.9189957474,0.9256790007,0.8828884439,0.8463437853,0.7536940871
2025-05-08,0.9817232983,0.9690321118,0.9635538092,0.9449885932,0.9365240881,0.9193774206,0.9260634496,0.8834995728,0.8505046247,0.7578779653
2025-05-09,0.9817232983,0.9690321118,0.9632161754,0.9443263363,0.9358677632,0.9184109581,0.9250899586,0.8819516608,0.8455431731,0.7565521854
2025-05-12,0.9817232983,0.9690321118,0.9636941838,0.9452636043,0.9367966359,0.9197782776,0.9264672217,0.8841400597,0.8538974532,0.7652956450
2025-05-13,0.9817232983,0.9690321118,0.9637262240,0.9453264592,0.9368589278,0.9198700180,0.9265596293,0.8842870359,0.8537675420,0.7664070184
2025-05-14,0.9817232983,0.9690321118,0.9643226078,0.9464964543,0.9380184428,0.9215777508,0.9282797814,0.8870231580,0.8587470096,0.7756422361
2025-05-15,0.9817232983,0.9690321118,0.9641969478,0.9462497800,0.9377739781,0.9212174809,0.9279168914,0.8864452219,0.8517662136,0.7685589520
2025-05-16,0.9817232983,0.9690321118,0.9635884822,0.9450555002,0.9365903958,0.9194734518,0.9261601791,0.8836482237,0.8511708192,0.7649966560
2025-05-19,0.9813753471,0.9690321118,0.9636018400,0.9454166222,0.9372140663,0.9203917693,0.9268551097,0.8851188273,0.8555257045,0.7626480192
2025-05-20,0.9849147801,0.9690321118,0.9677101816,0.9500684951,0.9391214504,0.9232014913,0.9320245226,0.8896222316,0.8622429513,0.7667827216
2025-05-21,0.9839669932,0.9690321118,0.9666093326,0.9488211891,0.9386114922,0.9224495211,0.9306375425,0.8884145332,0.8624039517,0.7703646878
2025-05-22,0.9810718557,0.9690321118,0.9632472373,0.9450124687,0.9370531051,0.9201521913,0.9264030628,0.8847269219,0.8556369443,0.7698709627
2025-05-23,0.9768876186,0.9690321118,0.9583907346,0.9395137808,0.9347979288,0.9168304393,0.9202929914,0.8794038107,0.8467888172,0.7636551399
2025-05-26,0.9779826459,0.9690321118,0.9596607043,0.9409505584,0.9353892166,0.9177003235,0.9218882728,0.8807944341,0.8489475282,0.7592961958
2025-05-27,0.9788413435,0.9690321118,0.9606567911,0.9420777090,0.9358526659,0.9183823512,0.9231400245,0.8818854334,0.8480165609,0.7552224714
2025-05-28,0.9780634214,0.9690321118,0.9597542595,0.9410562603,0.9354329726,0.9177645634,0.9220054784,0.8808967055,0.8472556948,0.7546008891
2025-05-29,0.9791665775,0.9690321118,0.9610339365,0.9425043371,0.9360283378,0.9186407433,0.9236136570,0.8822983432,0.8549176577,0.7590188442
2025-05-30,0.9782560337,0.9690321118,0.9599774758,0.9413086056,0.9355371653,0.9179176705,0.9222854510,0.8811408977,0.8482125064,0.7553857351
2025-06-03,0.9822652440,0.9690321118,0.9646283835,0.9465717391,0.9377007213,0.9211018834,0.9281306928,0.8862352911,0.8527417579,0.7577028994
2025-06-04,0.9846979146,0.9690321118,0.9674525152,0.9497700017,0.9390111687,0.9230327589,0.9316853235,0.8893316008,0.8606998458,0.7609937448
2025-06-05,0.9811419721,0.9690321118,0.9633224991,0.9450907521,0.9370976916,0.9202113834,0.9264823480,0.8848009952,0.8601280007,0.7627286675
2025-06-06,0.9795356636,0.9690321118,0.9614580987,0.9429798083,0.9362319610,0.9189361879,0.9241366879,0.8827574534,0.8594839634,0.7620244699
2025-06-09,0.9820622087,0.9690321118,0.9643897178,0.9462981053,0.9375946322,0.9209424341,0.9278228450,0.8859695531,0.8657965607,0.7642413156
2025-06-10,0.9808731067,0.9690321118,0.9630093239,0.9447349068,0.9369540188,0.9199985804,0.9260855403,0.8844562019,0.8609267727,0.7603505252
2025-06-11,0.9826486286,0.9690321118,0.9650700205,0.9470679845,0.9379110636,0.9214081692,0.9286778991,0.8867147552,0.8665895830,0.7660863921
2025-06-12,0.9813435149,0.9690321118,0.9635547879,0.9453519054,0.9372081328,0.9203723255,0.9267704805,0.8850533528,0.8665056953,0.7656084032
2025-06-13,0.9777439531,0.9690321118,0.9593767211,0.9406211756,0.9352682949,0.9175148389,0.9215135577,0.8804736336,0.8564847825,0.7600967780
2025-06-16,0.9766672249,0.9690321118,0.9581277843,0.9392079818,0.9346871052,0.9166596027,0.9199442306,0.8791057848,0.8601963347,0.7619890633
2025-06-17,0.9760396338,0.9690321118,0.9574028001,0.9383901717,0.9343536542,0.9161690949,0.9190382559,0.8783218330,0.8597370075,0.7613163382
2025-06-18,0.9744228999,0.9690321118,0.9554510093,0.9361184801,0.9333298818,0.9146633236,0.9164621481,0.8759158873,0.8562658371,0.7622192061
2025-06-19,0.9706514776,0.9690321118,0.9508997289,0.9308232683,0.9309403441,0.9111507030,0.9104596563,0.8703095254,0.8448610766,0.7559483064
2025-06-20,0.9703651859,0.9690321118,0.9505545473,0.9304220253,0.9307587138,0.9108840491,0.9100052279,0.8698850229,0.8413209228,0.7566466029
2025-06-23,0.9721668993,0.9690321118,0.9527267235,0.9329468157,0.9319018781,0.9125621803,0.9128644886,0.8725560200,0.8477220296,0.7588614816
2025-06-24,0.9743846889,0.9690321118,0.9554016714,0.9360573230,0.9333081546,0.9146278185,0.9163885638,0.8758478232,0.8592147449,0.7679354027
2025-06-25,0.9759806716,0.9690321118,0.9573276488,0.9382980811,0.9343193703,0.9161142825,0.9189285814,0.8782202204,0.8678454365,0.7789586530
2025-06-26,0.9750458962,0.9690321118,0.9561991681,0.9369846670,0.9337274239,0.9152436638,0.9174391958,0.8768292096,0.8656715043,0.7761949723
2025-06-27,0.9728785769,0.9690321118,0.9535833130,0.9339408036,0.9323545236,0.9132250797,0.9139882790,0.8736061088,0.8666533455,0.7714229513
2025-06-30,0.9743384132,0.9690321118,0.9553443629,0.9359889439,0.9332799623,0.9145847563,0.9163091207,0.8757739238,0.8739015613,0.7742397419
2025-07-01,0.9776208197,0.9690321118,0.9593054095,0.9405973218,0.9353597332,0.9176419207,0.9215328889,0.8806529774,0.8767768415,0.7755537197
2025-07-02,0.9773852962,0.9690321118,0.9590209712,0.9402661431,0.9352106724,0.9174225648,0.9211571952,0.8803021208,0.8761298551,0.7757346867
2025-07-03,0.9790037421,0.9690321118,0.9609754364,0.9425416492,0.9362350566,0.9189299147,0.9237384178,0.8827127208,0.8796156864,0.7805322790
2025-07-04,0.9797133902,0.9690321118,0.9618327476,0.9435401630,0.9366839721,0.9195908415,0.9248715148,0.8837708511,0.8775941885,0.7833116960
2025-07-07,0.9805700947,0.9690321118,0.9628678875,0.9447459962,0.9372257810,0.9203887240,0.9262401029,0.8850488566,0.8797235773,0.7799618396
2025-07-08,0.9812340938,0.9690321118,0.9636703468,0.9456809685,0.9376455923,0.9210071282,0.9273014850,0.8860399558,0.8883743559,0.7865081238
2025-07-09,0.9820421142,0.9690321118,0.9646470119,0.9468190914,0.9381563435,0.9217596602,0.9285936858,0.8872465578,0.8878112513,0.7851213659
2025-07-10,0.9826646399,0.9690321118,0.9653996098,0.9476962719,0.9385497336,0.9223394320,0.9295898071,0.8881766639,0.8916078113,0.7887839805
2025-07-11,0.9824328579,0.9690321118,0.9651193577,0.9473695800,0.9384032960,0.9221235694,0.9292187634,0.8878302186,0.8941703364,0.7897261891
2025-07-14,0.9838996373,0.9690321118,0.9668927728,0.9494367499,0.9393300670,0.9234896091,0.9315664452,0.8900222807,0.8956510521,0.7902887604
2025-07-15,0.9794082813,0.9680630797,0.9616375126,0.9434501087,0.9360856482,0.9191669886,0.9248818640,0.8836729721,0.8906450569,0.7905621779
2025-07-16,0.9790731614,0.9676755641,0.9613028827,0.9431163231,0.9357109332,0.9187990462,0.9245492710,0.8833192379,0.8917163666,0.7882292773
2025-07-17,0.9896283987,0.9798803896,0.9718426205,0.9536294111,0.9475126042,0.9303874157,0.9350247358,0.8944601177,0.8981044449,0.7935973091
2025-07-18,0.9902153782,0.9805603330,0.9724288443,0.9542142586,0.9481700875,0.9310330157,0.9356075958,0.8950807876,0.9015154960,0.7983299894
2025-07-21,0.9913691616,0.9818969836,0.9735811539,0.9553638744,0.9494625853,0.9323021532,0.9367533165,0.8963009168,0.9127213653,0.8036527794
2025-07-22,0.9889378835,0.9790798068,0.9711529335,0.9529412826,0.9467384666,0.9296272697,0.9343388852,0.8937293250,0.9222156419,0.8102128329
2025-07-23,0.9868894111,0.9767071871,0.9691071228,0.9509002994,0.9444442201,0.9273744891,0.9323048619,0.8915635365,0.9187755439,0.8103721626
2025-07-24,0.9914776746,0.9820196167,0.9736892628,0.9554714658,0.9495811676,0.9324185922,0.9368602796,0.8964128594,0.9299684046,0.8161296668
2025-07-25,0.9897998393,0.9800754410,0.9720135350,0.9537996197,0.9477012126,0.9305726152,0.9351940624,0.8946381657,0.9264092765,0.8118257996
2025-07-28,0.9971374083,0.9885753304,0.9793416764,0.9611105754,0.9559203304,0.9386431820,0.9424801930,0.9023970841,0.9261428859,0.8135292498
2025-07-29,1.0042568004,0.9968327930,0.9864528101,0.9682059192,0.9639050293,0.9464835668,0.9495523276,0.9099347092,0.9284138579,0.8167158425
2025-07-30,1.0019572739,0.9941624632,0.9841556744,0.9659136081,0.9613229069,0.9439481132,0.9472672396,0.9074971632,0.9272993256,0.8165624139
2025-07-31,0.9982440425,0.9898521471,0.9804464482,0.9622123166,0.9571549708,0.9398555078,0.9435777549,0.9035625954,0.9126530576,0.8016818128
2025-08-01,0.9940712965,0.9850114881,0.9762784665,0.9580535139,0.9524742103,0.9352593465,0.9394324803,0.8991439169,0.9114946305,0.7976179236
2025-08-04,1.0028365551,0.9951725112,0.9850330928,0.9667882372,0.9622995906,0.9449071445,0.9481381695,0.9084191611,0.9169137244,0.8007199339
2025-08-05,1.0144416652,1.0086455767,0.9966258472,0.9783563536,0.9753276086,0.9576996962,0.9596695453,0.9207177231,0.9245224417,0.8071619655
2025-08-06,1.0221356395,1.0175953326,1.0043131238,0.9860287832,0.9839817327,0.9661974071,0.9673190930,0.9288872913,0.9297006096,0.8091368661
2025-08-07,1.0223358602,1.0178285304,1.0045131958,0.9862284943,0.9842072274,0.9664188263,0.9675182339,0.9291001603,0.9306170996,0.8093689760
2025-08-08,1.0215617598,1.0169269026,1.0037396677,0.9854563589,0.9833353826,0.9655627390,0.9667483003,0.9282771312,0.9312013160,0.8074609544
2025-08-11,1.0277837538,1.0241729912,1.0099569811,0.9916623985,0.9903421156,0.9724428335,0.9729365634,0.9348915480,0.9385627478,0.8109111295
2025-08-12,1.0303882876,1.0272268479,1.0125615555,0.9942641889,0.9932950961,0.9753424423,0.9755327799,0.9376791871,0.9404728794,0.8151048428
2025-08-13,1.0481271088,1.0475602880,1.0302546003,1.0118939178,1.0129568742,0.9946488566,0.9930819475,0.9562400763,0.9466754690,0.8215468744
2025-08-14,1.0354059847,1.0329415050,1.0175630873,0.9992446172,0.9988209845,0.9807684567,0.9804872589,0.9428956737,0.9362803778,0.8209036547
2025-08-15,1.0459547530,1.0450415634,1.0280853642,1.0097299662,1.0105213491,0.9922573508,0.9909254164,0.9539409195,0.9482182954,0.8266159172
2025-08-18,1.0705215065,1.0732636481,1.0525941245,1.0341564022,1.0378111910,1.0190539605,1.0152455887,0.9797027669,0.9594760360,0.8339057398
2025-08-19,1.0695591991,1.0721543571,1.0516337588,1.0331989335,1.0367385426,1.0180006990,1.0142919578,0.9786901775,0.9612064867,0.8307506196
2025-08-20,1.0740949835,1.0773822363,1.0561603304,1.0377117899,1.0417937325,1.0229645222,1.0187866646,0.9834623206,0.9698362536,0.8401982769
2025-08-21,1.0746319368,1.0780015124,1.0566962269,1.0382460965,1.0423925524,1.0235525191,1.0193188560,0.9840276118,0.9711329160,0.8434773201
2025-08-22,1.0966031490,1.1033431281,1.0786243637,1.0601093391,1.0668970741,1.0476141501,1.0410957103,1.0071600929,0.9811781999,0.8611668437
2025-08-25,1.1185510181,1.1287337959,1.1005357772,1.0819624627,1.0914490276,1.0717223556,1.0628690144,1.0303373499,0.9981057662,0.8791101145
2025-08-26,1.1169907589,1.1269234851,1.0989776518,1.0804080257,1.0896985157,1.0700034822,1.0613198001,1.0286848516,1.0003643079,0.8758389394
2025-08-27,1.1038622486,1.1116941496,1.0858673700,1.0673290521,1.0749722415,1.0555433682,1.0482850429,1.0147831209,0.9794605104,0.8627660412
2025-08-28,1.1269381117,1.1384149245,1.1089070877,1.0903096538,1.1008103655,1.0809144982,1.0711838718,1.0391745341,0.9883455404,0.8780400488
2025-08-29,1.1269823933,1.1384663578,1.1089513135,1.0903537796,1.1008600998,1.0809633336,1.0712278541,1.0392214838,0.9911969039,0.8845273221
2025-09-01,1.1447401727,1.1590922329,1.1266867263,1.1080491212,1.1208046531,1.1005474123,1.0888656451,1.0580493150,0.9986177554,0.8898284748
2025-09-02,1.1141305446,1.1234561647,1.0961085483,1.0775329436,1.0863457292,1.0667112934,1.0584416505,1.0255197920,0.9875592810,0.8832861246
2025-09-03,1.1002890311,1.1074080402,1.0822869470,1.0637450461,1.0708277125,1.0514737468,1.0447010653,1.0108706496,0.9746594928,0.8772630709
2025-09-04,1.0632931043,1.0645950604,1.0453512034,1.0269063145,1.0294289474,1.0108232163,1.0079956641,0.9717898563,0.9623669035,0.8586510091
2025-09-05,1.0890547507,1.0942519581,1.0710575369,1.0525317604,1.0581062071,1.0389821678,1.0335150424,0.9988614382,0.9813868720,0.8773594555
2025-09-08,1.0923539383,1.0980634524,1.0743508074,1.0558158310,1.0617917987,1.0426011467,1.0367866779,1.0023406686,0.9899644324,0.8787855541
2025-09-09,1.0763481022,1.0797117660,1.0583874225,1.0399103293,1.0440463122,1.0251763892,1.0209542445,0.9855887754,0.9854262022,0.8726267752
2025-09-10,1.0850071662,1.0885179779,1.0669137670,1.0482993888,1.0525616340,1.0335378064,1.0292017387,0.9936273131,0.9865422883,0.8744167749
2025-09-11,1.1303335572,1.1346197103,1.1115459226,1.0922133948,1.0971405163,1.0773109772,1.0723751723,1.0357101646,1.0021588715,0.8946122979
2025-09-12,1.1286826118,1.1329395933,1.1099201735,1.0906137160,1.0955158976,1.0757157216,1.0708023836,1.0341765105,0.9992165201,0.8894921122
2025-09-15,1.1188631341,1.1229468113,1.1002505780,1.0810992000,1.0858532009,1.0662276670,1.0614478222,1.0250548410,0.9997689641,0.8916676502
2025-09-16,1.1337671302,1.1381120082,1.1149269049,1.0955399749,1.1005174552,1.0806268820,1.0756456518,1.0388980243,1.0051643803,0.8897556946
2025-09-17,1.1421921319,1.1466862208,1.1232233595,1.1037034215,1.1088084411,1.0887680179,1.0836719059,1.0467247869,1.0091154345,0.8952004406
2025-09-18,1.1274679678,1.1316997565,1.1087237062,1.0894360798,1.0943170155,1.0745385080,1.0696441939,1.0330447554,0.9949687043,0.8847928715
2025-09-19,1.1263932704,1.1306061117,1.1076654146,1.0883947629,1.0932594964,1.0735001022,1.0686203850,1.0320464482,0.9949960417,0.8855423109
2025-09-22,1.1420149249,1.1465029740,1.1230485756,1.1035311635,1.1086312474,1.0885940268,1.0835022712,1.0465575145,0.9929152047,0.8896121012
2025-09-23,1.1299473249,1.1342204558,1.1111649851,1.0918379759,1.0967544501,1.0769318888,1.0720054839,1.0353457148,0.9842478185,0.8890554310
2025-09-24,1.1453748217,1.1499203905,1.1263570155,1.1067863738,1.1119357785,1.0918388323,1.0867025896,1.0496770205,0.9943049332,0.8981608246
2025-09-25,1.1545149947,1.1592237042,1.1353578518,1.1156430298,1.1209317816,1.1006722431,1.0954105217,1.0581693254,0.9927849653,0.9035544278
2025-09-26,1.1310141494,1.1353007800,1.1122150103,1.0928706535,1.0977990886,1.0779576467,1.0730203018,1.0363318626,0.9859355312,0.8950096385
2025-09-29,1.1527458199,1.1574163998,1.1336150132,1.1139274853,1.1191841767,1.0989562241,1.0937231719,1.0565195713,0.9954158386,0.9087788662
2025-09-30,1.1587595805,1.1635380050,1.1395371466,1.1197548029,1.1251035707,1.1047686320,1.0994526826,1.0621075306,0.9988989557,0.9128388214
2025-10-09,1.1873157673,1.1926083746,1.1676584451,1.1474260670,1.1532136767,1.1323706805,1.1266597018,1.0886437145,1.0084931456,0.9263700382
2025-10-10,1.1536839537,1.1583596021,1.1345377163,1.1148342965,1.1200962228,1.0998517860,1.0946136628,1.0573805507,1.0041539380,0.9081454817
2025-10-13,1.1590132364,1.1637844605,1.1397858011,1.1199983581,1.1253418852,1.1050026392,1.0996910503,1.0623325015,1.0002598031,0.9036508124
2025-10-14,1.1210634560,1.1251516300,1.1024139920,1.0832246482,1.0879851892,1.0683211220,1.0635343237,1.0270674564,0.9928872039,0.8928478697
2025-10-15,1.1372043042,1.1415861618,1.1183093366,1.0988659151,1.1038768492,1.0839255588,1.0789134677,1.0420693214,1.0040506639,0.9060722294
2025-10-16,1.1299049191,1.1340366801,1.1111094884,1.0917698802,1.0965767449,1.0767573954,1.0719252993,1.0351779596,0.9977112235,0.9084582399
2025-10-17,1.0931594103,1.0960396083,1.0748657629,1.0560494456,1.0598348070,1.0406795252,1.0367485374,1.0004932514,0.9780285384,0.8879637279
2025-10-20,1.1042587841,1.1075053430,1.0858124529,1.0668369874,1.0709218012,1.0515661349,1.0473708085,1.0109594701,0.9849284776,0.8926826390
2025-10-21,1.1341131476,1.1383545103,1.1152570342,1.0958543728,1.1007519469,1.0808571355,1.0759445026,1.0391193865,0.9983643311,0.9063830206
2025-10-22,1.1260082242,1.1299728371,1.1072627219,1.0879754176,1.0926471404,1.0728988139,1.0681854022,1.0314683788,0.9959190659,0.9033734608
2025-10-23,1.1250530274,1.1289852396,1.1063205815,1.0870468925,1.0916921656,1.0719610991,1.0672710218,1.0305668743,0.9983081663,0.9060820646
2025-10-24,1.1551958851,1.1601497535,1.1360513430,1.1163479281,1.1218272413,1.1015515184,1.0961256259,1.0590146472,1.0020244182,0.9167709194
2025-10-27,1.1820429241,1.1879286810,1.1625334375,1.1424493154,1.1486885646,1.1279273545,1.1218313631,1.0843719694,1.0112823826,0.9276564774
2025-10-28,1.1795047161,1.1853005622,1.1600295603,1.1399812641,1.1461472588,1.1254319799,1.1194005559,1.0819729547,1.0085856727,0.9229257642
2025-10-29,1.2019140383,1.2085021759,1.1821356387,1.1617709020,1.1685824678,1.1474616986,1.1408612384,1.1031519866,1.0157936815,0.9339155750
2025-10-30,1.1869480694,1.1929983270,1.1673713561,1.1472171429,1.1535907480,1.1327409367,1.1265263860,1.0889996731,1.0066144880,0.9264546206
2025-10-31,1.1640589917,1.1692956677,1.1447916013,1.1249602024,1.1306710441,1.1102354798,1.1046050552,1.0673632738,1.0069574077,0.9128348873
2025-11-03,1.1635813131,1.1688013049,1.1443204062,1.1244957714,1.1301930113,1.1097660868,1.1041476545,1.0669120066,1.0128071721,0.9153389197
2025-11-04,1.1455410472,1.1501311661,1.1265250187,1.1069558645,1.1121395917,1.0920389618,1.0868732803,1.0498694219,1.0053119111,0.9085133168
2025-11-05,1.1550533138,1.1599708556,1.1359077182,1.1162034195,1.1216542528,1.1013816565,1.0959804042,1.0588513445,1.0094611301,0.9101970967
2025-11-06,1.1800724537,1.1858576388,1.1605866869,1.1405275293,1.1466859338,1.1259609189,1.1199357314,1.0824814685,1.0163016707,0.9232070498
2025-11-07,1.1829568951,1.1888440270,1.1634320929,1.1433322013,1.1495736745,1.1287964671,1.1226980586,1.0852075208,1.0163242989,0.9203332153
2025-11-10,1.1811104423,1.1869321725,1.1616106149,1.1415367858,1.1477249731,1.1269811788,1.1209297371,1.0834623307,1.0248631764,0.9235316102
2025-11-11,1.1694005458,1.1748080836,1.1500591588,1.1301506668,1.1360013718,1.1154694680,1.1097154954,1.0723951493,1.0232275792,0.9150969747
2025-11-12,1.1667073375,1.1720271825,1.1474031296,1.1275333777,1.1333123304,1.1128290279,1.1071384246,1.0698566710,1.0209501146,0.9138656123
2025-11-13,1.1894423183,1.1957837811,1.1698518067,1.1496816181,1.1562841920,1.1353856998,1.1289727583,1.0915423075,1.0325107051,0.9249124671
2025-11-14,1.1638276687,1.1689975504,1.1445577817,1.1247241928,1.1303827744,1.1099524202,1.1043671644,1.0670911446,1.0246178602,0.9103701955
2025-11-17,1.1673075933,1.1726334231,1.1479938433,1.1281142291,1.1338985455,1.1134046479,1.1077091148,1.0704100631,1.0247541713,0.9044513946
2025-11-18,1.1567135718,1.1615633186,1.1375332297,1.1177936094,1.1231941129,1.1028936854,1.0975347659,1.0603049859,1.0138910922,0.8985778355
2025-11-19,1.1576646975,1.1625568210,1.1384723436,1.1187201211,1.1241547976,1.1038370068,1.0984481128,1.0612118805,1.0095786813,0.9025315709
2025-11-20,1.1498417569,1.1543850658,1.1307481742,1.1110995792,1.1162529750,1.0960780005,1.0909358262,1.0537524914,1.0038181274,0.8979405169
2025-11-21,1.1000177549,1.1023537098,1.0815545876,1.0625673014,1.0659403387,1.0466747066,1.0430942928,1.0062569263,0.9741829429,0.8760395767
2025-11-24,1.1075889671,1.1102459556,1.0890286415,1.0699395391,1.0735718848,1.0541683214,1.0503602803,1.0134611721,0.9803900925,0.8749459066
2025-11-25,1.1305797648,1.1342181909,1.1117250313,1.0923273595,1.0967522600,1.0769297382,1.0724260492,1.0353436473,0.9909673427,0.8832762894
2025-11-26,1.1424170222,1.1465708486,1.1234116622,1.1038560467,1.1086968799,1.0886584731,1.0837898234,1.0466194722,0.9913140481,0.8886325190
2025-11-27,1.1415019201,1.1456155047,1.1225081669,1.1029647250,1.1077730933,1.0877513828,1.0829112150,1.0457474096,0.9904124101,0.8881938707
2025-11-28,1.1524817186,1.1570777717,1.1333486664,1.1136591270,1.1188567343,1.0986346999,1.0934530431,1.0562104628,0.9978270816,0.8904087494
2025-12-01,1.1712126905,1.1766392976,1.1518427094,1.1319046244,1.1377720964,1.1172081888,1.1114389259,1.0740667288,1.0059398480,0.9002104725
2025-12-02,1.1613975692,1.1663823731,1.1421511171,1.1223426650,1.1278539825,1.1074693333,1.1020124175,1.0647039432,1.0020087669,0.8958515284
2025-12-03,1.1508773974,1.1553923961,1.1317637005,1.1120945368,1.1172270307,1.0970344513,1.0919098034,1.0546720085,0.9952973136,0.8912722766
2025-12-04,1.1547002865,1.1593845388,1.1355382095,1.1158182953,1.1210873035,1.1008249541,1.0955805530,1.0583161395,0.9907450271,0.8943251111
2025-12-05,1.1713728272,1.1767975520,1.1519999717,1.1320589356,1.1379251233,1.1173584499,1.1115902157,1.0742111874,1.0011049946,0.9017939337
2025-12-08,1.1959940630,1.2025269943,1.1763113304,1.1560451052,1.1628046607,1.1417883186,1.1352366016,1.0976976866,1.0077459518,0.9091132617
2025-12-09,1.1927408579,1.1991245488,1.1730988035,1.1528752869,1.1595146061,1.1385577279,1.1321114279,1.0945918465,1.0010822048,0.9044848342
2025-12-10,1.1925786465,1.1990227566,1.1729452591,1.1527302818,1.1594161763,1.1384610772,1.1319748206,1.0944989279,1.0054515702,0.9032279004
2025-12-11,1.1821796516,1.1838591071,1.1622568566,1.1417734196,1.1447534184,1.1240633315,1.1207707247,1.0806571572,0.9919183332,0.8954286164
2025-12-12,1.1903792087,1.1957682062,1.1706812716,1.1504060074,1.1562691316,1.1353709116,1.1295946010,1.0915280904,0.9954034558,0.9010877690
2025-12-15,1.1862531459,1.1897568914,1.1664407441,1.1460593461,1.1504563848,1.1296632234,1.1251502451,1.0860408070,0.9934790384,0.8954050120
2025-12-16,1.1675497318,1.1625503262,1.1472214729,1.1263621330,1.1241485173,1.1038308400,1.1050134781,1.0612059519,0.9812407225,0.8846827177
2025-12-17,1.1858126517,1.1889244817,1.1659745618,1.1455676955,1.1496514715,1.1288728581,1.1246334380,1.0852809619,0.9916344126,0.9008772965
2025-12-18,1.1822503665,1.1837443732,1.1623141293,1.1418163459,1.1446424744,1.1239543927,1.1207984914,1.0805524251,0.9910403509,0.8955486054
2025-12-19,1.1904821285,1.1956983731,1.1707715432,1.1504826469,1.1562016052,1.1353046057,1.1296567142,1.0914643449,1.0025509749,0.8985758684
2025-12-22,1.2052018463,1.2171406163,1.1858994723,1.1659890418,1.1769355600,1.1556638183,1.1455114425,1.1110373781,1.0097368322,0.9071206578
2025-12-23,1.2057859001,1.2179960883,1.1865000534,1.1666049864,1.1777627737,1.1564760811,1.1461415697,1.1118182750,1.0062193309,0.9089126244
2025-12-24,1.2104615864,1.2248461271,1.1913081551,1.1715361925,1.1843865394,1.1629801299,1.1511864300,1.1180711672,1.0137668670,0.9115346788
2025-12-25,1.2103668241,1.2247070556,1.1912106922,1.1714362169,1.1842520618,1.1628480829,1.1510841323,1.1179442192,1.0195270099,0.9132027224
2025-12-26,1.2205735352,1.2396857171,1.2017082461,1.1822043799,1.1987359423,1.1770701841,1.1621023561,1.1316171281,1.0227407810,0.9160942602
2025-12-29,1.2142870884,1.2304254212,1.1952402306,1.1755671323,1.1897815361,1.1682776183,1.1553084211,1.1231640909,1.0198576813,0.9125791731
2025-12-30,1.2156375494,1.2324100895,1.1966293724,1.1769922878,1.1917006461,1.1701620426,1.1567668804,1.1249757474,1.0196922997,0.9149219088
2025-12-31,1.2129167565,1.2284095496,1.1938305086,1.1741207194,1.1878322535,1.1663635668,1.1538280607,1.1213239513,1.0205084808,0.9107242614
2026-01-05,1.2240072010,1.2447000009,1.2052380315,1.1858233870,1.2035845924,1.1818312004,1.1658035914,1.1361942958,1.0348439860,0.9279967741
2026-01-06,1.2390302116,1.2668569349,1.2206968589,1.2016886464,1.2250096301,1.2028690055,1.1820453893,1.1564197173,1.0499132431,0.9423443094
2026-01-07,1.2479437517,1.2800749996,1.2298739886,1.2111121944,1.2377910706,1.2154194363,1.1916978533,1.1684855080,1.0514816990,0.9395865298
2026-01-08,1.2445802363,1.2750711321,1.2264098940,1.2075539403,1.2329524928,1.2106683102,1.1880519909,1.1639178485,1.0555731048,0.9319111688
2026-01-09,1.2532978795,1.2882075038,1.2354048376,1.2168089180,1.2456549387,1.2231411742,1.1975493755,1.1759090677,1.0688692864,0.9360950470
2026-01-12,1.2712418689,1.3115361842,1.2535611097,1.2351533062,1.2682130172,1.2452915417,1.2160575204,1.1972040895,1.0858606445,0.9421928479
2026-01-13,1.2585363531,1.2949562027,1.2407004778,1.2221545701,1.2521807121,1.2295490018,1.2029378479,1.1820694544,1.0757940260,0.9365100909
2026-01-14,1.2634214801,1.3013139730,1.2456439231,1.2271497644,1.2583284700,1.2355856462,1.2079781673,1.1878729912,1.0785654889,0.9327530587
2026-01-15,1.2648421252,1.3031647712,1.2470816749,1.2286027157,1.2601181320,1.2373429621,1.2094443941,1.1895624476,1.0729635439,0.9346217396
2026-01-16,1.2540840521,1.2891451219,1.2361937341,1.2175993438,1.2465615851,1.2240314340,1.1983401542,1.1767649498,1.0652218306,0.9307742240
2026-01-19,1.2656075582,1.3041281451,1.2478536982,1.2293802459,1.2610496833,1.2382576767,1.2102263496,1.1904418402,1.0735709912,0.9312836854
2026-01-20,1.2597295615,1.2964670616,1.2419046617,1.2233680564,1.2536416636,1.2309835483,1.2041589633,1.1834486053,1.0730716941,0.9282190487
2026-01-21,1.2702304350,1.3101364550,1.2525311324,1.2341060068,1.2668595245,1.2439625117,1.2149941573,1.1959263806,1.0755276312,0.9290432354
2026-01-22,1.2902226753,1.3362181091,1.2727669223,1.2545585615,1.2920796393,1.2687268023,1.2356364485,1.2197343878,1.0840924524,0.9291691255
2026-01-23,1.3000662597,1.3491126417,1.2827345123,1.2646370565,1.3045482347,1.2809700424,1.2458126119,1.2315048500,1.0928762722,0.9249970495
2026-01-26,1.3065067406,1.3575662218,1.2892574356,1.2712338800,1.3127225729,1.2889966389,1.2524746989,1.2392214962,1.0868887178,0.9258743460
2026-01-27,1.3109000100,1.3633402227,1.2937075226,1.2757349708,1.3183058448,1.2944789997,1.2570209131,1.2444921533,1.0831974564,0.9256245328
2026-01-28,1.3318008291,1.3908342043,1.3148805290,1.2971525484,1.3448916347,1.3205842823,1.2786551213,1.2695893696,1.0846355925,0.9280439828
2026-01-29,1.3322454960,1.3914215727,1.3153311739,1.2976085882,1.3454596009,1.3211419832,1.2791159651,1.2701255346,1.0887417733,0.9351016956
2026-01-30,1.3179954355,1.3725967528,1.3008894099,1.2829938074,1.3272566097,1.3032679898,1.2643470998,1.2529417529,1.0796869936,0.9257523899
2026-02-02,1.2691428395,1.3082455960,1.2513937860,1.2329195579,1.2650311250,1.2421671585,1.2137594132,1.1942003557,1.0507233246,0.9060112514
2026-02-03,1.2962982416,1.3436514167,1.2788785753,1.2606972797,1.2992674070,1.2757846595,1.2417932865,1.2265197029,1.0724317275,0.9166587985
2026-02-04,1.2966292695,1.3440854129,1.2792138044,1.2610362695,1.2996870673,1.2761967349,1.2421355919,1.2269158658,1.0835187850,0.9242456430
2026-02-05,1.2736048622,1.3138970782,1.2558970305,1.2374577591,1.2704959252,1.2475331888,1.2183263040,1.1993591745,1.0764691289,0.9186868091
2026-02-06,1.2770447473,1.3185568548,1.2593952886,1.2410092966,1.2750017783,1.2519576038,1.2219259576,1.2036127389,1.0733750591,0.9134112278
2026-02-09,1.2969861131,1.3518179007,1.2802713449,1.2627732038,1.3071641326,1.2835386609,1.2445294779,1.2339742803,1.0912320033,0.9282544553
2026-02-10,1.3034874530,1.3627643681,1.2870838552,1.2698821617,1.3177490121,1.2939322310,1.2519196599,1.2439664984,1.0923177329,0.9292851804
2026-02-11,1.3026887310,1.3614154120,1.2862466475,1.2690082547,1.3164446152,1.2926514096,1.2510109032,1.2427351364,1.0930905229,0.9272237303
2026-02-12,1.3068694917,1.3684736058,1.2906286893,1.2735822124,1.3232696600,1.2993530997,1.2557670818,1.2491780379,1.0943145299,0.9283567410
2026-02-13,1.2923713972,1.3439489236,1.2754295978,1.2577143386,1.2995550866,1.2760671396,1.2392638041,1.2267912749,1.0826415844,0.9167178095
2026-02-24,1.3082823617,1.3706777684,1.2920983569,1.2751045247,1.3254010139,1.3014459318,1.2573378484,1.2511900544,1.0948894071,0.9259884338
2026-02-25,1.3158992620,1.3835691780,1.3000840013,1.2834420203,1.3378665895,1.3136862067,1.2660096868,1.2629576660,1.1063316628,0.9315649711
2026-02-26,1.3182944314,1.3876373819,1.3025960184,1.2860656520,1.3418004110,1.3175489288,1.2687395006,1.2666712275,1.1051565146,0.9297907077
2026-02-27,1.3236216186,1.3966957463,1.3081837161,1.2919022762,1.3505595560,1.3261497625,1.2748130198,1.2749399364,1.1131868705,0.9266001810
2026-03-02,1.3424413719,1.4287761733,1.3279286834,1.3125319700,1.3815802900,1.3566098328,1.2962853397,1.3042237784,1.1096452915,0.9301447736
2026-03-03,1.3213838387,1.3925715012,1.3058168617,1.2894094534,1.3465715445,1.3222338297,1.2721976483,1.2711752190,1.0847029181,0.9158306778
2026-03-04,1.3148930194,1.3815211446,1.2990077507,1.2822960993,1.3358862076,1.3117416178,1.2647946521,1.2610881682,1.0762115505,0.9053503285
2026-03-05,1.3185405286,1.3877120158,1.3028329611,1.2862910124,1.3418725795,1.3176197930,1.2689509665,1.2667393552,1.0836348417,0.9142157441
2026-03-06,1.3125834223,1.3775838812,1.2965845700,1.2797643050,1.3320790013,1.3080032224,1.2621594133,1.2574941325,1.0937355574,0.9167237106
2026-03-09,1.3047613897,1.3643221868,1.2883823547,1.2711991398,1.3192553723,1.2954113655,1.2532491749,1.2453885155,1.0866745916,0.9078759983
2026-03-10,1.3094920945,1.3723131650,1.2933411608,1.2763754630,1.3269823895,1.3029987259,1.2586320535,1.2526828867,1.0969793793,0.9195405012
2026-03-11,1.3075488552,1.3690234000,1.2913037711,1.2742482309,1.3238012933,1.2998751242,1.2564194450,1.2496799043,1.0995997331,0.9253904560
2026-03-12,1.2987537910,1.3541476039,1.2820834272,1.2646221795,1.3094168801,1.2857506927,1.2464079681,1.2361008935,1.0973131595,0.9220583028
2026-03-13,1.2835518445,1.3285424947,1.2661530424,1.2479977706,1.2846575687,1.2614388770,1.2291251327,1.2127278888,1.0872362742,0.9184350289
2026-03-16,1.2792297803,1.3214283652,1.2616378580,1.2432992425,1.2777784359,1.2546840766,1.2242533333,1.2062339278,1.0848252811,0.9189110508
2026-03-17,1.2619980479,1.2948918244,1.2438089875,1.2249075406,1.2521184604,1.2294878752,1.2053339787,1.1820106882,1.0709851586,0.9121995358
2026-03-18,1.2652273814,1.2998316090,1.2471479892,1.2283496399,1.2568950721,1.2341781552,1.2088724548,1.1865198511,1.0761076653,0.9163086667
2026-03-19,1.2410605970,1.2628183196,1.2221573701,1.2025841645,1.2211044198,1.1990343774,1.1823822444,1.1527331649,1.0547969697,0.9015401865
2026-03-20,1.2169473717,1.2262400217,1.1972459673,1.1769249317,1.1857343903,1.1643036200,1.1560265263,1.1193435502,1.0376051152,0.8983476927
2026-03-23,1.1876145917,1.1821767016,1.1669717064,1.1457722053,1.1431265867,1.1224659029,1.1240593801,1.0791214140,0.9946121025,0.8690349738
2026-03-24,1.2009569804,1.2019764997,1.1807256464,1.1599080647,1.1622723503,1.1412656291,1.1385471639,1.0971951809,1.0172282610,0.8801919824
2026-03-25,1.2168894130,1.2257487842,1.1971584769,1.1768064060,1.1852593795,1.1638371945,1.1558756373,1.1188951359,1.0350959644,0.8925351115
2026-03-26,1.2086457786,1.2133696753,1.1886504669,1.1680517618,1.1732891822,1.1520833446,1.1468923900,1.1075951658,1.0213856817,0.8807447185
2026-03-27,1.2206123428,1.2312791924,1.2009966677,1.1807516060,1.1906071052,1.1690882662,1.1599194899,1.1239434353,1.0310075423,0.8856701680
2026-03-30,1.2290024321,1.2438964703,1.2096570960,1.1896643871,1.2028076044,1.1810682556,1.1690663348,1.1354608124,1.0326824933,0.8835811794
2026-03-31,1.2157890270,1.2239591609,1.1960133689,1.1756183976,1.1835288718,1.1621379637,1.1546466487,1.1172615216,1.0200175218,0.8753393131
2026-04-01,1.2245949094,1.2371752177,1.2051011830,1.1849691575,1.1963083708,1.1746864881,1.1642410616,1.1293254795,1.0352130598,0.8902926944
2026-04-02,1.2152947619,1.2231680960,1.1954998919,1.1750865783,1.1827639376,1.1613868548,1.1540973957,1.1165394171,1.0231711559,0.8810161690
2026-04-03,1.2049081962,1.2075834552,1.1847810312,1.1640578336,1.1676940947,1.1465893818,1.1427815387,1.1023133547,1.0073237731,0.8735178410
2026-04-07,1.2183311431,1.2276388572,1.1986275546,1.1782986321,1.1870870189,1.1656318015,1.1573868820,1.1206204434,1.0149536880,0.8734844014
2026-04-08,1.2409895226,1.2616761045,1.2220135842,1.2023635699,1.2199999348,1.1979498546,1.1820811806,1.1516905215,1.0488302558,0.9039616035
2026-04-09,1.2364183583,1.2547478012,1.2172913939,1.1974999415,1.2133004899,1.1913714944,1.1770858912,1.1453661873,1.0387043205,0.8981903301
2026-04-10,1.2380707051,1.2572476428,1.2189980226,1.1992573678,1.2157177558,1.1937450710,1.1788905643,1.1476481073,1.0461460988,0.9120284039
2026-04-13,1.2440845667,1.2663519963,1.2252098549,1.2056545135,1.2245213708,1.2023895709,1.1854601217,1.1559587963,1.0479034790,0.9139128211
2026-04-14,1.2534221182,1.2810809541,1.2348370441,1.2155524006,1.2386149955,1.2161554143,1.1956094071,1.1690525969,1.0576703758,0.9247570715
2026-04-15,1.2488248338,1.2810809541,1.2298445100,1.2101816571,1.2367767334,1.2134480203,1.1898780846,1.1647150401,1.0536199195,0.9216039183
2026-04-16,1.2559732452,1.2810809541,1.2376045792,1.2185264447,1.2396413494,1.2176638936,1.1987797647,1.1714593079,1.0666855879,0.9317065974
2026-04-17,1.2584946536,1.2810809541,1.2403433273,1.2214732705,1.2406483412,1.2191476021,1.2019250765,1.1738383225,1.0654859431,0.9301447736
2026-04-20,1.2593508332,1.2810809541,1.2412734982,1.2224743168,1.2409898716,1.2196510194,1.2029937680,1.1746461690,1.0710932110,0.9358039262
2026-04-21,1.2639603006,1.2810809541,1.2462816661,1.2278644620,1.2428278455,1.2223605743,1.2087485503,1.1789954573,1.0710886140,0.9378811126
2026-04-22,1.2696956281,1.2810809541,1.2525154015,1.2345761525,1.2451097784,1.2257271042,1.2159169506,1.1844072857,1.0755975710,0.9441028365
2026-04-23,1.2761909894,1.2810809541,1.2595784816,1.2421842886,1.2476871582,1.2295329907,1.2240465492,1.1905365996,1.0703463881,0.9414866832
2026-04-24,1.2688504683,1.2810809541,1.2515922147,1.2335772461,1.2447832424,1.2252404961,1.2148447946,1.1836093463,1.0640806964,0.9381505960
2026-04-27,1.2690434299,1.2810809541,1.2518020269,1.2338032331,1.2448598411,1.2253535903,1.2150862532,1.1837914320,1.0659828757,0.9384613872
2026-04-28,1.2739889937,1.2810809541,1.2571795507,1.2395954115,1.2468228708,1.2282519955,1.2212750743,1.1884582581,1.0624974650,0.9359553877
2026-04-29,1.2821556712,1.2810809541,1.2660630570,1.2491677135,1.2500569570,1.2330308693,1.2315069374,1.1961649992,1.0774422201,0.9462114953
2026-04-30,1.2790896365,1.2810809541,1.2627257280,1.2455692776,1.2488473808,1.2312412172,1.2276580547,1.1932714258,1.0785501743,0.9456135174
2026-05-06,1.2872154619,1.2810809541,1.2715683876,1.2551014327,1.2520576613,1.2359887504,1.2378511345,1.2009399687,1.0934209054,0.9593394705
2026-05-07,1.2848311188,1.2810809541,1.2689720294,1.2523008201,1.2511192160,1.2345991485,1.2348544058,1.1986896402,1.1007228453,0.9639462607
2026-05-08,1.2850095159,1.2810809541,1.2691662527,1.2525102831,1.2511895083,1.2347031947,1.2350784941,1.1988580067,1.1027548559,0.9583205476
2026-05-11,1.2927279242,1.2810809541,1.2775695029,1.2615730208,1.2542304745,1.2392045401,1.2447741561,1.2061424482,1.1102396512,0.9740430387
2026-05-12,1.2962666046,1.2810809541,1.2814245183,1.2657331163,1.2556197189,1.2412634415,1.2492275003,1.2094823978,1.1016162107,0.9732975333
2026-05-13,1.3007142477,1.2810809541,1.2862711051,1.2709647152,1.2573629735,1.2438484258,1.2548294426,1.2136803960,1.1088046528,0.9831897400
2026-05-14,1.2946473578,1.2810809541,1.2796577157,1.2638234624,1.2549898957,1.2403270691,1.2471799890,1.2079538118,1.0886735466,0.9667178095
2026-05-15,1.2860024281,1.2797998732,1.2703309418,1.2538398726,1.2507760201,1.2347003555,1.2365658570,1.1996263061,1.0772955619,0.9558971635
2026-05-18,1.2942591893,1.2894641014,1.2786307427,1.2621737211,1.2602210788,1.2440240211,1.2449247309,1.2086851150,1.0723628151,0.9507691097
2026-05-19,1.3027979460,1.2994696249,1.2872149735,1.2707941348,1.2699996928,1.2536769549,1.2535720017,1.2180638385,1.0778590661,0.9545772847
2026-05-20,1.3066400483,1.3039769114,1.2910779831,1.2746738750,1.2744047611,1.2580254068,1.2574642785,1.2222887643,1.0713988999,0.9541484716
2026-05-21,1.2626241386,1.2523137714,1.2468202615,1.2302221731,1.2239132600,1.2081828504,1.2128666302,1.1738620820,1.0468746261,0.9408513317
2026-05-22,1.2930371828,1.2877915274,1.2773816103,1.2608986123,1.2585864362,1.2424103877,1.2436248672,1.2071173200,1.0580742700,0.9530469334
2026-05-25,1.3122871125,1.3103401947,1.2967334232,1.2803313458,1.2806237350,1.2641644511,1.2631174827,1.2282534172,1.0617658129,0.9680947323
2026-05-26,1.3003889491,1.2963671094,1.2847691965,1.2683139867,1.2669675374,1.2506837705,1.2510599792,1.2151556813,1.0565933998,0.9732581927
2026-05-27,1.3062713612,1.3032642227,1.2906833168,1.2742534137,1.2737082350,1.2573378328,1.2570182864,1.2216207222,1.0425754175,0.9654530076
2026-05-28,1.3244994744,1.3246535913,1.3090111392,1.2926611214,1.2946125263,1.2779734506,1.2754859728,1.2416701454,1.0440226553,0.9666410952
2026-05-29,1.2988013876,1.2944256547,1.2831662185,1.2666972602,1.2650701119,1.2488107317,1.2494312011,1.2133358498,1.0358145777,0.9622959204
2026-06-01,1.2965999511,1.2918451912,1.2809529750,1.2644746062,1.2625481693,1.2463212025,1.2472015426,1.2109170405,1.0412685769,0.9528817027
2026-06-02,1.3103292704,1.3079335098,1.2947555162,1.2783354194,1.2782716300,1.2618425766,1.2611056216,1.2259975000,1.0374609450,0.9667099414
