date,all_factors,price_momentum,ret20,ret60,ret120,amount_strength,breadth,breadth20,breadth60,risk_penalty,vol20,ret5,equal_weight,benchmark
2023-01-02,1.0000000000,1.0000000000,1.0000000000,1.0000000000,1.0000000000,1.0000000000,1.0000000000,1.0000000000,1.0000000000,1.0000000000,1.0000000000,1.0000000000,1.0000000000,1.0000000000
2023-01-03,1.0000000000,1.0000000000,1.0000000000,1.0000000000,1.0000000000,1.0000000000,1.0000000000,1.0000000000,1.0000000000,1.0000000000,1.0000000000,1.0000000000,1.0016526922,0.9989413750
2023-01-04,1.0000000000,1.0000000000,1.0000000000,1.0000000000,1.0000000000,1.0000000000,1.0000000000,1.0000000000,1.0000000000,1.0000000000,1.0000000000,1.0000000000,1.0021594814,0.9918634750
2023-01-05,1.0000000000,1.0000000000,1.0000000000,1.0000000000,1.0000000000,1.0000000000,1.0000000000,1.0000000000,1.0000000000,1.0000000000,1.0000000000,1.0000000000,1.0012047274,0.9932965500
2023-01-06,1.0000000000,1.0000000000,1.0000000000,1.0000000000,1.0000000000,1.0000000000,1.0000000000,1.0000000000,1.0000000000,1.0000000000,1.0000000000,1.0000000000,1.0012696037,0.9922657500
2023-01-09,1.0000000000,1.0000000000,1.0000000000,1.0000000000,1.0000000000,1.0000000000,1.0000000000,1.0000000000,1.0000000000,1.0000000000,1.0000000000,1.0000000000,1.0011792787,0.9916999250
2023-01-10,1.0000000000,1.0000000000,1.0000000000,1.0000000000,1.0000000000,1.0000000000,1.0000000000,1.0000000000,1.0000000000,1.0000000000,1.0000000000,1.0000000000,1.0034996180,0.9917742500
2023-01-11,1.0000000000,1.0000000000,1.0000000000,1.0000000000,1.0000000000,1.0000000000,1.0000000000,1.0000000000,1.0000000000,1.0000000000,1.0000000000,1.0000000000,1.0065941646,0.9916058250
2023-01-12,1.0000000000,1.0000000000,1.0000000000,1.0000000000,1.0000000000,1.0000000000,1.0000000000,1.0000000000,1.0000000000,1.0000000000,1.0000000000,1.0000000000,1.0075516764,0.9803106250
2023-01-13,1.0000000000,1.0000000000,1.0000000000,1.0000000000,1.0000000000,1.0000000000,1.0000000000,1.0000000000,1.0000000000,1.0000000000,1.0000000000,1.0000000000,1.0092083823,0.9853054750
2023-01-16,1.0000000000,1.0000000000,1.0000000000,1.0000000000,1.0000000000,1.0000000000,1.0000000000,1.0000000000,1.0000000000,1.0000000000,1.0000000000,1.0000000000,1.0083265920,0.9995096000
2023-01-17,1.0000000000,1.0000000000,1.0000000000,1.0000000000,1.0000000000,1.0000000000,1.0000000000,1.0000000000,1.0000000000,1.0000000000,1.0000000000,1.0000000000,1.0097817671,1.0029737250
2023-01-18,1.0000000000,1.0000000000,1.0000000000,1.0000000000,1.0000000000,1.0000000000,1.0000000000,1.0000000000,1.0000000000,1.0000000000,1.0000000000,1.0000000000,1.0112990220,1.0038379500
2023-01-19,1.0000000000,1.0000000000,1.0000000000,1.0000000000,1.0000000000,1.0000000000,1.0000000000,1.0000000000,1.0000000000,1.0000000000,1.0000000000,1.0000000000,1.0132852745,1.0111306500
2023-01-20,1.0000000000,1.0000000000,1.0000000000,1.0000000000,1.0000000000,1.0000000000,1.0000000000,1.0000000000,1.0000000000,1.0000000000,1.0000000000,1.0000000000,1.0147700771,1.0144886500
2023-01-23,1.0000000000,1.0000000000,1.0000000000,1.0000000000,1.0000000000,1.0000000000,1.0000000000,1.0000000000,1.0000000000,1.0000000000,1.0000000000,1.0000000000,1.0157142323,1.0136479250
2023-01-24,1.0000000000,1.0000000000,1.0000000000,1.0000000000,1.0000000000,1.0000000000,1.0000000000,1.0000000000,1.0000000000,1.0000000000,1.0000000000,1.0000000000,1.0161994427,1.0113199500
2023-01-25,1.0000000000,1.0000000000,1.0000000000,1.0000000000,1.0000000000,1.0000000000,1.0000000000,1.0000000000,1.0000000000,1.0000000000,1.0000000000,1.0000000000,1.0166099985,0.9970407000
2023-01-26,1.0000000000,1.0000000000,1.0000000000,1.0000000000,1.0000000000,1.0000000000,1.0000000000,1.0000000000,1.0000000000,1.0000000000,1.0000000000,1.0000000000,1.0216028604,0.9969434500
2023-01-27,1.0000000000,1.0000000000,1.0000000000,1.0000000000,1.0000000000,1.0000000000,1.0000000000,1.0000000000,1.0000000000,1.0000000000,1.0000000000,1.0000000000,1.0215970276,0.9983071000
2023-01-30,1.0000000000,1.0000000000,1.0000000000,1.0000000000,1.0000000000,1.0000000000,1.0000000000,1.0000000000,1.0000000000,1.0000000000,1.0000000000,1.0000000000,1.0216002798,0.9878391500
2023-01-31,1.0000000000,1.0000000000,1.0000000000,1.0000000000,1.0000000000,1.0000000000,1.0000000000,1.0000000000,1.0000000000,1.0000000000,1.0000000000,1.0000000000,1.0228957827,0.9979360500
2023-02-01,1.0000000000,1.0000000000,1.0000000000,1.0000000000,1.0000000000,1.0000000000,1.0000000000,1.0000000000,1.0000000000,1.0000000000,1.0000000000,1.0000000000,1.0208943048,1.0014808250
2023-02-02,1.0000000000,1.0000000000,1.0000000000,1.0000000000,1.0000000000,1.0000000000,1.0000000000,1.0000000000,1.0000000000,1.0000000000,1.0000000000,1.0000000000,1.0256924130,1.0047837750
2023-02-03,1.0000000000,1.0000000000,1.0000000000,1.0000000000,1.0000000000,1.0000000000,1.0000000000,1.0000000000,1.0000000000,1.0000000000,1.0000000000,1.0000000000,1.0232825174,0.9999603750
2023-02-06,1.0000000000,1.0000000000,1.0000000000,1.0000000000,1.0000000000,1.0000000000,1.0000000000,1.0000000000,1.0000000000,1.0000000000,1.0000000000,1.0000000000,1.0212159494,1.0023036250
2023-02-07,1.0000000000,1.0000000000,1.0000000000,1.0000000000,1.0000000000,1.0000000000,1.0000000000,1.0000000000,1.0000000000,1.0000000000,1.0000000000,1.0000000000,1.0231191843,1.0016444000
2023-02-08,1.0000000000,1.0000000000,1.0000000000,1.0000000000,1.0000000000,1.0000000000,1.0000000000,1.0000000000,1.0000000000,1.0000000000,1.0000000000,1.0000000000,1.0238884682,0.9974805000
2023-02-09,1.0000000000,1.0000000000,1.0000000000,1.0000000000,1.0000000000,1.0000000000,1.0000000000,1.0000000000,1.0000000000,1.0000000000,1.0000000000,1.0000000000,1.0256360839,1.0086044000
2023-02-10,1.0000000000,1.0000000000,1.0000000000,1.0000000000,1.0000000000,1.0000000000,1.0000000000,1.0000000000,1.0000000000,1.0000000000,1.0000000000,1.0000000000,1.0236410560,1.0001756750
2023-02-13,1.0000000000,1.0000000000,1.0000000000,1.0000000000,1.0000000000,1.0000000000,1.0000000000,1.0000000000,1.0000000000,1.0000000000,1.0000000000,1.0000000000,1.0241287732,1.0109459000
2023-02-14,1.0000000000,1.0000000000,1.0000000000,1.0000000000,1.0000000000,1.0000000000,1.0000000000,1.0000000000,1.0000000000,1.0000000000,1.0000000000,1.0000000000,1.0247929178,1.0118093000
2023-02-15,1.0000000000,1.0000000000,1.0000000000,1.0000000000,1.0000000000,1.0000000000,1.0000000000,1.0000000000,1.0000000000,1.0000000000,1.0000000000,1.0000000000,1.0261461898,1.0148979500
2023-02-16,1.0000000000,1.0000000000,1.0000000000,1.0000000000,1.0000000000,1.0000000000,1.0000000000,1.0000000000,1.0000000000,1.0000000000,1.0000000000,1.0000000000,1.0305979297,1.0232060250
2023-02-17,1.0000000000,1.0000000000,1.0000000000,1.0000000000,1.0000000000,1.0000000000,1.0000000000,1.0000000000,1.0000000000,1.0000000000,1.0000000000,1.0000000000,1.0283351723,1.0175495000
2023-02-20,1.0000000000,1.0000000000,1.0000000000,1.0000000000,1.0000000000,1.0000000000,1.0000000000,1.0000000000,1.0000000000,1.0000000000,1.0000000000,1.0000000000,1.0281077241,1.0124975500
2023-02-21,1.0000000000,1.0000000000,1.0000000000,1.0000000000,1.0000000000,1.0000000000,1.0000000000,1.0000000000,1.0000000000,1.0000000000,1.0000000000,1.0000000000,1.0263029125,1.0066463500
2023-02-22,1.0000000000,1.0000000000,1.0000000000,1.0000000000,1.0000000000,1.0000000000,1.0000000000,1.0000000000,1.0000000000,1.0000000000,1.0000000000,1.0000000000,1.0309512470,1.0132515750
2023-02-23,1.0000000000,1.0000000000,1.0000000000,1.0000000000,1.0000000000,1.0000000000,1.0000000000,1.0000000000,1.0000000000,1.0000000000,1.0000000000,1.0000000000,1.0322590169,1.0163112500
2023-02-24,1.0000000000,1.0000000000,1.0000000000,1.0000000000,1.0000000000,1.0000000000,1.0000000000,1.0000000000,1.0000000000,1.0000000000,1.0000000000,1.0000000000,1.0362320874,1.0111225750
2023-02-27,1.0000000000,1.0000000000,1.0000000000,1.0000000000,1.0000000000,1.0000000000,1.0000000000,1.0000000000,1.0000000000,1.0000000000,1.0000000000,1.0000000000,1.0363966641,1.0115509000
2023-02-28,1.0000000000,1.0000000000,1.0000000000,1.0000000000,1.0000000000,1.0000000000,1.0000000000,1.0000000000,1.0000000000,1.0000000000,1.0000000000,1.0000000000,1.0382755732,1.0111118000
2023-03-01,1.0000000000,1.0000000000,1.0000000000,1.0000000000,1.0000000000,1.0000000000,1.0000000000,1.0000000000,1.0000000000,1.0000000000,1.0000000000,1.0000000000,1.0397010808,1.0172874000
2023-03-02,1.0000000000,1.0000000000,1.0000000000,1.0000000000,1.0000000000,1.0000000000,1.0000000000,1.0000000000,1.0000000000,1.0000000000,1.0000000000,1.0000000000,1.0424092427,1.0271705750
2023-03-03,1.0000000000,1.0000000000,1.0000000000,1.0000000000,1.0000000000,1.0000000000,1.0000000000,1.0000000000,1.0000000000,1.0000000000,1.0000000000,1.0000000000,1.0422310754,1.0210130750
2023-03-06,1.0000000000,1.0000000000,1.0000000000,1.0000000000,1.0000000000,1.0000000000,1.0000000000,1.0000000000,1.0000000000,1.0000000000,1.0000000000,1.0000000000,1.0387115791,1.0127349750
2023-03-07,1.0000000000,1.0000000000,1.0000000000,1.0000000000,1.0000000000,1.0000000000,1.0000000000,1.0000000000,1.0000000000,1.0000000000,1.0000000000,1.0000000000,1.0380994674,1.0156510750
2023-03-08,1.0000000000,1.0000000000,1.0000000000,1.0000000000,1.0000000000,1.0000000000,1.0000000000,1.0000000000,1.0000000000,1.0000000000,1.0000000000,1.0000000000,1.0408650777,1.0204356250
2023-03-09,1.0000000000,1.0000000000,1.0000000000,1.0000000000,1.0000000000,1.0000000000,1.0000000000,1.0000000000,1.0000000000,1.0000000000,1.0000000000,1.0000000000,1.0406643802,1.0276716500
2023-03-10,1.0000000000,1.0000000000,1.0000000000,1.0000000000,1.0000000000,1.0000000000,1.0000000000,1.0000000000,1.0000000000,1.0000000000,1.0000000000,1.0000000000,1.0427277777,1.0277749750
2023-03-13,1.0000000000,1.0000000000,1.0000000000,1.0000000000,1.0000000000,1.0000000000,1.0000000000,1.0000000000,1.0000000000,1.0000000000,1.0000000000,1.0000000000,1.0407479428,1.0307147250
2023-03-14,1.0000000000,1.0000000000,1.0000000000,1.0000000000,1.0000000000,1.0000000000,1.0000000000,1.0000000000,1.0000000000,1.0000000000,1.0000000000,1.0000000000,1.0415474573,1.0344327250
2023-03-15,1.0000000000,1.0000000000,1.0000000000,1.0000000000,1.0000000000,1.0000000000,1.0000000000,1.0000000000,1.0000000000,1.0000000000,1.0000000000,1.0000000000,1.0450964320,1.0383821250
2023-03-16,1.0000000000,1.0000000000,1.0000000000,1.0000000000,1.0000000000,1.0000000000,1.0000000000,1.0000000000,1.0000000000,1.0000000000,1.0000000000,1.0000000000,1.0486985821,1.0385409750
2023-03-17,1.0000000000,1.0000000000,1.0000000000,1.0000000000,1.0000000000,1.0000000000,1.0000000000,1.0000000000,1.0000000000,1.0000000000,1.0000000000,1.0000000000,1.0470078017,1.0467874750
2023-03-20,1.0000000000,1.0000000000,1.0000000000,1.0000000000,1.0000000000,1.0000000000,1.0000000000,1.0000000000,1.0000000000,1.0000000000,1.0000000000,1.0000000000,1.0444968222,1.0509479000
2023-03-21,1.0000000000,1.0000000000,1.0000000000,1.0000000000,1.0000000000,1.0000000000,1.0000000000,1.0000000000,1.0000000000,1.0000000000,1.0000000000,1.0000000000,1.0446410765,1.0465459000
2023-03-22,1.0000000000,1.0000000000,1.0000000000,1.0000000000,1.0000000000,1.0000000000,1.0000000000,1.0000000000,1.0000000000,1.0000000000,1.0000000000,1.0000000000,1.0466861687,1.0369647500
2023-03-23,1.0000000000,1.0000000000,1.0000000000,1.0000000000,1.0000000000,1.0000000000,1.0000000000,1.0000000000,1.0000000000,1.0000000000,1.0000000000,1.0000000000,1.0450998115,1.0424213000
2023-03-24,1.0000000000,1.0000000000,1.0000000000,1.0000000000,1.0000000000,1.0000000000,1.0000000000,1.0000000000,1.0000000000,1.0000000000,1.0000000000,1.0000000000,1.0443288147,1.0400437250
2023-03-27,1.0000000000,1.0000000000,1.0000000000,1.0000000000,1.0000000000,1.0000000000,1.0000000000,1.0000000000,1.0000000000,1.0000000000,1.0000000000,1.0000000000,1.0441605244,1.0430364500
2023-03-28,1.0000000000,1.0000000000,1.0000000000,1.0000000000,1.0000000000,1.0000000000,1.0000000000,1.0000000000,1.0000000000,1.0000000000,1.0000000000,1.0000000000,1.0433227487,1.0508900250
2023-03-29,1.0000000000,1.0000000000,1.0000000000,1.0000000000,1.0000000000,1.0000000000,1.0000000000,1.0000000000,1.0000000000,1.0000000000,1.0000000000,1.0000000000,1.0480690883,1.0617125750
2023-03-30,1.0000000000,1.0000000000,1.0000000000,1.0000000000,1.0000000000,1.0000000000,1.0000000000,1.0000000000,1.0000000000,1.0000000000,1.0000000000,1.0000000000,1.0462685624,1.0608960250
2023-03-31,1.0000000000,1.0000000000,1.0000000000,1.0000000000,1.0000000000,1.0000000000,1.0000000000,1.0000000000,1.0000000000,1.0000000000,1.0000000000,1.0000000000,1.0459616089,1.0532372000
2023-04-03,1.0000000000,1.0000000000,1.0000000000,1.0000000000,1.0000000000,1.0000000000,1.0000000000,1.0000000000,1.0000000000,1.0000000000,1.0000000000,1.0000000000,1.0460983496,1.0528401750
2023-04-04,1.0000000000,1.0000000000,1.0000000000,1.0000000000,1.0000000000,1.0000000000,1.0000000000,1.0000000000,1.0000000000,1.0000000000,1.0000000000,1.0000000000,1.0495278619,1.0557547250
2023-04-05,1.0000000000,1.0000000000,1.0000000000,1.0000000000,1.0000000000,1.0000000000,1.0000000000,1.0000000000,1.0000000000,1.0000000000,1.0000000000,1.0000000000,1.0518961325,1.0587298250
2023-04-06,1.0000000000,1.0000000000,1.0000000000,1.0000000000,1.0000000000,1.0000000000,1.0000000000,1.0000000000,1.0000000000,1.0000000000,1.0000000000,1.0000000000,1.0538751497,1.0591304250
2023-04-07,1.0000000000,1.0000000000,1.0000000000,1.0000000000,1.0000000000,1.0000000000,1.0000000000,1.0000000000,1.0000000000,1.0000000000,1.0000000000,1.0000000000,1.0543751898,1.0619691250
2023-04-10,1.0000000000,1.0000000000,1.0000000000,1.0000000000,1.0000000000,1.0000000000,1.0000000000,1.0000000000,1.0000000000,1.0000000000,1.0000000000,1.0000000000,1.0546664826,1.0660995000
2023-04-11,1.0000000000,1.0000000000,1.0000000000,1.0000000000,1.0000000000,1.0000000000,1.0000000000,1.0000000000,1.0000000000,1.0000000000,1.0000000000,1.0000000000,1.0546699914,1.0695777500
2023-04-12,1.0000000000,1.0000000000,1.0000000000,1.0000000000,1.0000000000,1.0000000000,1.0000000000,1.0000000000,1.0000000000,1.0000000000,1.0000000000,1.0000000000,1.0568367892,1.0739627750
2023-04-13,1.0000000000,1.0000000000,1.0000000000,1.0000000000,1.0000000000,1.0000000000,1.0000000000,1.0000000000,1.0000000000,1.0000000000,1.0000000000,1.0000000000,1.0546873911,1.0776322250
2023-04-14,1.0000000000,1.0000000000,1.0000000000,1.0000000000,1.0000000000,1.0000000000,1.0000000000,1.0000000000,1.0000000000,1.0000000000,1.0000000000,1.0000000000,1.0538994385,1.0768446250
2023-04-17,1.0000000000,1.0000000000,1.0000000000,1.0000000000,1.0000000000,1.0000000000,1.0000000000,1.0000000000,1.0000000000,1.0000000000,1.0000000000,1.0000000000,1.0545924935,1.0845039250
2023-04-18,1.0000000000,1.0000000000,1.0000000000,1.0000000000,1.0000000000,1.0000000000,1.0000000000,1.0000000000,1.0000000000,1.0000000000,1.0000000000,1.0000000000,1.0528532680,1.0802392250
2023-04-19,1.0000000000,1.0000000000,1.0000000000,1.0000000000,1.0000000000,1.0000000000,1.0000000000,1.0000000000,1.0000000000,1.0000000000,1.0000000000,1.0000000000,1.0501696912,1.0867533500
2023-04-20,1.0000000000,1.0000000000,1.0000000000,1.0000000000,1.0000000000,1.0000000000,1.0000000000,1.0000000000,1.0000000000,1.0000000000,1.0000000000,1.0000000000,1.0508246356,1.0916857500
2023-04-21,1.0000000000,1.0000000000,1.0000000000,1.0000000000,1.0000000000,1.0000000000,1.0000000000,1.0000000000,1.0000000000,1.0000000000,1.0000000000,1.0000000000,1.0529082189,1.0833539500
2023-04-24,1.0000000000,1.0000000000,1.0000000000,1.0000000000,1.0000000000,1.0000000000,1.0000000000,1.0000000000,1.0000000000,1.0000000000,1.0000000000,1.0000000000,1.0541682998,1.0758685500
2023-04-25,1.0000000000,1.0000000000,1.0000000000,1.0000000000,1.0000000000,1.0000000000,1.0000000000,1.0000000000,1.0000000000,1.0000000000,1.0000000000,1.0000000000,1.0557883665,1.0775217750
2023-04-26,1.0000000000,1.0000000000,1.0000000000,1.0000000000,1.0000000000,1.0000000000,1.0000000000,1.0000000000,1.0000000000,1.0000000000,1.0000000000,1.0000000000,1.0572203708,1.0749622500
2023-04-27,1.0000000000,1.0000000000,1.0000000000,1.0000000000,1.0000000000,1.0000000000,1.0000000000,1.0000000000,1.0000000000,1.0000000000,1.0000000000,1.0000000000,1.0595723181,1.0732851250
2023-04-28,1.0000000000,1.0000000000,1.0000000000,1.0000000000,1.0000000000,1.0000000000,1.0000000000,1.0000000000,1.0000000000,1.0000000000,1.0000000000,1.0000000000,1.0568536678,1.0723222750
2023-05-01,1.0000000000,1.0000000000,1.0000000000,1.0000000000,1.0000000000,1.0000000000,1.0000000000,1.0000000000,1.0000000000,1.0000000000,1.0000000000,1.0000000000,1.0590943631,1.0707988750
2023-05-02,1.0000000000,1.0000000000,1.0000000000,1.0000000000,1.0000000000,1.0000000000,1.0000000000,1.0000000000,1.0000000000,1.0000000000,1.0000000000,1.0000000000,1.0568069024,1.0810321750
2023-05-03,1.0000000000,1.0000000000,1.0000000000,1.0000000000,1.0000000000,1.0000000000,1.0000000000,1.0000000000,1.0000000000,1.0000000000,1.0000000000,1.0000000000,1.0548496873,1.0777198250
2023-05-04,1.0000000000,1.0000000000,1.0000000000,1.0000000000,1.0000000000,1.0000000000,1.0000000000,1.0000000000,1.0000000000,1.0000000000,1.0000000000,1.0000000000,1.0573526247,1.0838842000
2023-05-05,1.0000000000,1.0000000000,1.0000000000,1.0000000000,1.0000000000,1.0000000000,1.0000000000,1.0000000000,1.0000000000,1.0000000000,1.0000000000,1.0000000000,1.0598355023,1.0919729250
2023-05-08,1.0000000000,1.0000000000,1.0000000000,1.0000000000,1.0000000000,1.0000000000,1.0000000000,1.0000000000,1.0000000000,1.0000000000,1.0000000000,1.0000000000,1.0583225123,1.0894713250
2023-05-09,1.0000000000,1.0000000000,1.0000000000,1.0000000000,1.0000000000,1.0000000000,1.0000000000,1.0000000000,1.0000000000,1.0000000000,1.0000000000,1.0000000000,1.0557712644,1.0846861250
2023-05-10,1.0000000000,1.0000000000,1.0000000000,1.0000000000,1.0000000000,1.0000000000,1.0000000000,1.0000000000,1.0000000000,1.0000000000,1.0000000000,1.0000000000,1.0548744535,1.0946583250
2023-05-11,1.0000000000,1.0000000000,1.0000000000,1.0000000000,1.0000000000,1.0000000000,1.0000000000,1.0000000000,1.0000000000,1.0000000000,1.0000000000,1.0000000000,1.0543575713,1.1100811250
2023-05-12,1.0000000000,1.0000000000,1.0000000000,1.0000000000,1.0000000000,1.0000000000,1.0000000000,1.0000000000,1.0000000000,1.0000000000,1.0000000000,1.0000000000,1.0557436533,1.1098328750
2023-05-15,1.0000000000,1.0000000000,1.0000000000,1.0000000000,1.0000000000,1.0000000000,1.0000000000,1.0000000000,1.0000000000,1.0000000000,1.0000000000,1.0000000000,1.0552845613,1.1221412250
2023-05-16,1.0000000000,1.0000000000,1.0000000000,1.0000000000,1.0000000000,1.0000000000,1.0000000000,1.0000000000,1.0000000000,1.0000000000,1.0000000000,1.0000000000,1.0576738407,1.1241304250
2023-05-17,1.0000000000,1.0000000000,1.0000000000,1.0000000000,1.0000000000,1.0000000000,1.0000000000,1.0000000000,1.0000000000,1.0000000000,1.0000000000,1.0000000000,1.0565393689,1.1188556500
2023-05-18,1.0000000000,1.0000000000,1.0000000000,1.0000000000,1.0000000000,1.0000000000,1.0000000000,1.0000000000,1.0000000000,1.0000000000,1.0000000000,1.0000000000,1.0581273972,1.1236215500
2023-05-19,1.0000000000,1.0000000000,1.0000000000,1.0000000000,1.0000000000,1.0000000000,1.0000000000,1.0000000000,1.0000000000,1.0000000000,1.0000000000,1.0000000000,1.0603596086,1.1196877500
2023-05-22,1.0000000000,1.0000000000,1.0000000000,1.0000000000,1.0000000000,1.0000000000,1.0000000000,1.0000000000,1.0000000000,1.0000000000,1.0000000000,1.0000000000,1.0613881869,1.1180965750
2023-05-23,1.0000000000,1.0000000000,1.0000000000,1.0000000000,1.0000000000,1.0000000000,1.0000000000,1.0000000000,1.0000000000,1.0000000000,1.0000000000,1.0000000000,1.0622019270,1.1208315750
2023-05-24,1.0000000000,1.0000000000,1.0000000000,1.0000000000,1.0000000000,1.0000000000,1.0000000000,1.0000000000,1.0000000000,1.0000000000,1.0000000000,1.0000000000,1.0601373785,1.1192079000
2023-05-25,1.0000000000,1.0000000000,1.0000000000,1.0000000000,1.0000000000,1.0000000000,1.0000000000,1.0000000000,1.0000000000,1.0000000000,1.0000000000,1.0000000000,1.0633817341,1.1303838750
2023-05-26,1.0000000000,1.0000000000,1.0000000000,1.0000000000,1.0000000000,1.0000000000,1.0000000000,1.0000000000,1.0000000000,1.0000000000,1.0000000000,1.0000000000,1.0622853968,1.1226496750
2023-05-29,1.0000000000,1.0000000000,1.0000000000,1.0000000000,1.0000000000,1.0000000000,1.0000000000,1.0000000000,1.0000000000,1.0000000000,1.0000000000,1.0000000000,1.0638993535,1.1162567500
2023-05-30,1.0000000000,1.0000000000,1.0000000000,1.0000000000,1.0000000000,1.0000000000,1.0000000000,1.0000000000,1.0000000000,1.0000000000,1.0000000000,1.0000000000,1.0618854981,1.1274283250
2023-05-31,1.0000000000,1.0000000000,1.0000000000,1.0000000000,1.0000000000,1.0000000000,1.0000000000,1.0000000000,1.0000000000,1.0000000000,1.0000000000,1.0000000000,1.0626078794,1.1318772250
2023-06-01,1.0000000000,1.0000000000,1.0000000000,1.0000000000,1.0000000000,1.0000000000,1.0000000000,1.0000000000,1.0000000000,1.0000000000,1.0000000000,1.0000000000,1.0616773168,1.1296869750
2023-06-02,1.0000000000,1.0000000000,1.0000000000,1.0000000000,1.0000000000,1.0000000000,1.0000000000,1.0000000000,1.0000000000,1.0000000000,1.0000000000,1.0000000000,1.0615841017,1.1199125000
2023-06-05,1.0000000000,1.0000000000,1.0000000000,1.0000000000,1.0000000000,1.0000000000,1.0000000000,1.0000000000,1.0000000000,1.0000000000,1.0000000000,1.0000000000,1.0648816554,1.1219287000
2023-06-06,1.0000000000,1.0000000000,1.0000000000,1.0000000000,1.0000000000,1.0000000000,1.0000000000,1.0000000000,1.0000000000,1.0000000000,1.0000000000,1.0000000000,1.0681534701,1.1191008250
2023-06-07,1.0000000000,1.0000000000,1.0000000000,1.0000000000,1.0000000000,1.0000000000,1.0000000000,1.0000000000,1.0000000000,1.0000000000,1.0000000000,1.0000000000,1.0690610241,1.1175268000
2023-06-08,1.0000000000,1.0000000000,1.0000000000,1.0000000000,1.0000000000,1.0000000000,1.0000000000,1.0000000000,1.0000000000,1.0000000000,1.0000000000,1.0000000000,1.0689195817,1.1157071500
2023-06-09,1.0000000000,1.0000000000,1.0000000000,1.0000000000,1.0000000000,1.0000000000,1.0000000000,1.0000000000,1.0000000000,1.0000000000,1.0000000000,1.0000000000,1.0696451534,1.1139742750
2023-06-12,1.0000000000,1.0000000000,1.0000000000,1.0000000000,1.0000000000,1.0000000000,1.0000000000,1.0000000000,1.0000000000,1.0000000000,1.0000000000,1.0000000000,1.0708432363,1.1230395500
2023-06-13,1.0000000000,1.0000000000,1.0000000000,1.0000000000,1.0000000000,1.0000000000,1.0000000000,1.0000000000,1.0000000000,1.0000000000,1.0000000000,1.0000000000,1.0712057957,1.1247204000
2023-06-14,1.0000000000,1.0000000000,1.0000000000,1.0000000000,1.0000000000,1.0000000000,1.0000000000,1.0000000000,1.0000000000,1.0000000000,1.0000000000,1.0000000000,1.0705020419,1.1314697750
2023-06-15,1.0000000000,1.0000000000,1.0000000000,1.0000000000,1.0000000000,1.0000000000,1.0000000000,1.0000000000,1.0000000000,1.0000000000,1.0000000000,1.0000000000,1.0704457871,1.1313865000
2023-06-16,1.0000000000,1.0000000000,1.0000000000,1.0000000000,1.0000000000,1.0000000000,1.0000000000,1.0000000000,1.0000000000,1.0000000000,1.0000000000,1.0000000000,1.0723182268,1.1204348000
2023-06-19,1.0000000000,1.0000000000,1.0000000000,1.0000000000,1.0000000000,1.0000000000,1.0000000000,1.0000000000,1.0000000000,1.0000000000,1.0000000000,1.0000000000,1.0747753045,1.1197787750
2023-06-20,0.9990000000,0.9990000000,0.9990000000,0.9990000000,0.9990000000,0.9990000000,0.9990000000,0.9990000000,0.9990000000,0.9990000000,0.9990000000,0.9990000000,1.0745407987,1.1026616250
2023-06-21,1.0057169130,1.0032157435,1.0080455266,0.9991205586,1.0006433458,1.0028016804,0.9987491208,1.0003059720,0.9987491208,1.0026982550,1.0071285253,0.9956171011,1.0764887994,1.0980895750
2023-06-22,1.0044430058,1.0054673081,1.0114484621,1.0010985912,1.0010010833,1.0032825509,0.9926341582,0.9950425349,0.9926341582,1.0080397598,1.0050162363,1.0001456553,1.0766359940,1.0974052000
2023-06-23,1.0124373065,1.0107665707,1.0110621130,1.0084949518,1.0008055080,1.0090262856,0.9981324409,1.0052505950,0.9981324409,1.0035006690,1.0005758200,1.0028307055,1.0775457491,1.0960672500
2023-06-26,1.0193616555,1.0139052483,1.0082057849,1.0118583534,1.0112573127,1.0133825456,0.9980230233,1.0078623605,0.9980230233,1.0000894823,0.9959414065,1.0018225830,1.0788294443,1.0974417000
2023-06-27,1.0201057114,1.0171108944,1.0076131840,1.0157074415,1.0235707032,1.0105392667,0.9968027015,1.0062002129,0.9968027015,1.0038263742,1.0026358725,1.0005940562,1.0803362936,1.0989210000
2023-06-28,1.0245982520,1.0200194661,1.0174744269,1.0148169985,1.0249929102,1.0129821054,1.0027715567,1.0095279685,1.0027715567,1.0006577964,0.9983175305,1.0071775382,1.0821657907,1.0936621750
2023-06-29,1.0259874005,1.0191964733,1.0232639070,1.0099531678,1.0239106435,1.0189830084,1.0078632925,1.0132642567,1.0078632925,1.0003242189,0.9986076101,1.0066493377,1.0830319601,1.0869149250
2023-06-30,1.0167919366,1.0141238467,1.0168052168,1.0068818315,1.0224624049,1.0087621970,1.0135373422,1.0141157221,1.0135373422,0.9982135075,1.0005961186,1.0110785805,1.0860862671,1.0860685750
2023-07-03,1.0100833684,1.0148096565,1.0142186182,1.0063122142,1.0199043223,1.0120473661,1.0148993143,1.0139669134,1.0148993143,1.0047913680,1.0046728103,1.0139801634,1.0856310763,1.0910188000
2023-07-04,1.0086173522,1.0203705030,1.0180129222,1.0100516744,1.0160216764,1.0159270681,1.0095156830,1.0117512710,1.0095156830,0.9986544345,0.9972547342,1.0130998559,1.0821811783,1.0960672250
2023-07-05,1.0023652846,1.0194833769,1.0180122360,1.0087366510,1.0109875354,1.0154329120,1.0081918935,1.0118877757,1.0081918935,0.9975933628,0.9987847551,1.0085074557,1.0838599552,1.1013656000
2023-07-06,1.0010574913,1.0145401256,1.0197248695,1.0050627823,1.0057772079,1.0125289145,1.0112258146,1.0122391392,1.0112258146,1.0080138440,1.0106236132,1.0114266401,1.0861951389,1.1003804250
2023-07-07,1.0016962298,1.0101454201,1.0168932759,1.0054126907,1.0019147438,1.0095652912,1.0116166235,1.0128880363,1.0116166235,1.0074088616,1.0040218751,1.0105755479,1.0817857735,1.0926231500
2023-07-10,1.0024814074,1.0137679837,1.0186817519,1.0056853279,1.0022526375,1.0149588587,1.0132602213,1.0140769433,1.0132602213,0.9958412444,0.9938696180,1.0077624156,1.0822312259,1.1050194250
2023-07-11,1.0065280759,1.0145348891,1.0218953065,1.0066723505,0.9996650949,1.0117520077,1.0167227709,1.0178114809,1.0167227709,0.9904453783,0.9847063495,1.0153554210,1.0803182974,1.0971412250
2023-07-12,1.0079124249,1.0172953912,1.0232626747,1.0120952755,0.9963884012,1.0159241017,1.0211558176,1.0237514271,1.0211558176,0.9835859517,0.9763981418,1.0148206753,1.0814179862,1.0988776750
2023-07-13,1.0141409885,1.0129234994,1.0197347827,1.0075032166,1.0019584146,1.0144748477,1.0085534593,1.0082562951,1.0085534593,0.9894865300,0.9792179566,1.0069793031,1.0812566824,1.1074928250
2023-07-14,1.0213825474,1.0204458174,1.0258454365,1.0177860732,1.0087346395,1.0215428361,1.0191073200,1.0193332372,1.0191073200,0.9897330182,0.9772978853,1.0111874429,1.0845158276,1.1111947750
2023-07-17,1.0249125477,1.0270636850,1.0337384625,1.0239614293,1.0070399498,1.0297233013,1.0205823904,1.0236966539,1.0205823904,0.9967922023,0.9872154057,1.0142236968,1.0894265143,1.1116496750
2023-07-18,1.0269100525,1.0288556754,1.0265422254,1.0297052914,1.0104049712,1.0223784825,1.0198478793,1.0187685883,1.0198478793,0.9866025118,0.9795915706,1.0049473482,1.0877148731,1.1110055000
2023-07-19,1.0259835703,1.0200779452,1.0247676409,1.0209203126,1.0011718576,1.0291979321,1.0183753079,1.0172975753,1.0183753079,0.9853373263,0.9783353756,0.9995745670,1.0850945844,1.0940459000
2023-07-20,1.0302143854,1.0203889183,1.0358160157,1.0212315425,0.9973351142,1.0373469213,1.0243711857,1.0232871077,1.0243711857,0.9879736198,0.9809529352,1.0016638777,1.0866687918,1.0905596000
2023-07-21,1.0417296121,1.0281718514,1.0461412072,1.0290209027,1.0030095464,1.0419204251,1.0262925459,1.0252064346,1.0262925459,0.9827406302,0.9757571320,0.9983224644,1.0865279953,1.0850904000
2023-07-24,1.0416475041,1.0312608381,1.0494936957,1.0321124402,1.0063765023,1.0384083571,1.0165339335,1.0154581496,1.0165339335,0.9762977893,0.9693600748,0.9945789209,1.0832468339,1.0769961750
2023-07-25,1.0518398715,1.0418084152,1.0539056305,1.0426687274,1.0172579810,1.0474634960,1.0244892092,1.0234050064,1.0244892092,0.9744253277,0.9675009192,1.0032308594,1.0848837250,1.0811936250
2023-07-26,1.0634765345,1.0435518148,1.0628019019,1.0444135666,1.0157602472,1.0575003142,1.0315300346,1.0304383805,1.0315300346,0.9800328660,0.9730686095,1.0055324289,1.0870956373,1.0709832500
2023-07-27,1.0578309910,1.0462690569,1.0591041821,1.0471330526,1.0212317781,1.0531587015,1.0260667573,1.0249808849,1.0260667573,0.9789667572,0.9720100767,1.0110821581,1.0878488156,1.0802697000
2023-07-28,1.0638128173,1.0589520772,1.0704236803,1.0598265464,1.0318635105,1.0584722493,1.0281822101,1.0270940990,1.0281822101,0.9768734730,0.9699316677,1.0142254182,1.0887299232,1.0798351250
2023-07-31,1.0679333106,1.0684248119,1.0758202957,1.0693071036,1.0414284718,1.0521241350,1.0250767608,1.0239919361,1.0250767608,0.9688289502,0.9619443105,1.0161014267,1.0881735909,1.0769289250
2023-08-01,1.0714718935,1.0689479099,1.0787896736,1.0698306336,1.0407970086,1.0605322913,1.0272233301,1.0261362338,1.0272233301,0.9645392950,0.9576851382,1.0159101404,1.0893760763,1.0701942750
2023-08-02,1.0851471002,1.0749339211,1.0916164255,1.0758215879,1.0425235396,1.0730968630,1.0389270819,1.0378275996,1.0389270819,0.9679606578,0.9610821882,1.0176674459,1.0922471863,1.0630733750
2023-08-03,1.0844881684,1.0779545129,1.0933393198,1.0788446741,1.0439085623,1.0731097260,1.0380337008,1.0369351639,1.0380337008,0.9712177304,0.9643161156,1.0227534329,1.0917124932,1.0642321500
2023-08-04,1.0761377739,1.0670057196,1.0846790570,1.0678868393,1.0340679477,1.0693063765,1.0347817894,1.0336866940,1.0347817894,0.9669894671,0.9601178990,1.0201640428,1.0907071993,1.0724597750
2023-08-07,1.0788406809,1.0729218305,1.0874083119,1.0738078357,1.0311771087,1.0738739067,1.0426593738,1.0415559417,1.0426593738,0.9666443329,0.9597752173,1.0170151531,1.0899407549,1.0731498750
2023-08-08,1.0796054026,1.0744684734,1.0899401250,1.0753557559,1.0315929480,1.0780731013,1.0459955271,1.0448885644,1.0459955271,0.9645384918,0.9576843407,1.0179235872,1.0891934111,1.0763998750
2023-08-09,1.0875206196,1.0744236125,1.0951871985,1.0753108579,1.0293275854,1.0835067192,1.0527990641,1.0516849013,1.0527990641,0.9595418401,0.9527231959,1.0149529424,1.0875302213,1.0752198000
2023-08-10,1.0845073166,1.0701535563,1.0863730162,1.0710372755,1.0297257108,1.0818057900,1.0572960245,1.0561771026,1.0572960245,0.9598602340,0.9530393272,1.0160407365,1.0845951104,1.0749882250
2023-08-11,1.0840727501,1.0653214213,1.0880458754,1.0662011502,1.0249036915,1.0817260855,1.0505927713,1.0494809434,1.0505927713,0.9453666257,0.9386487127,1.0061997799,1.0810616389,1.0736592000
2023-08-14,1.0853281229,1.0732296785,1.0884155718,1.0741159379,1.0286285194,1.0862175294,1.0552917632,1.0541749624,1.0552917632,0.9516664834,0.9449038026,1.0091650500,1.0816546656,1.0831811250
2023-08-15,1.0870511234,1.0763717480,1.0896423021,1.0774043855,1.0288405083,1.0803722607,1.0498362319,1.0487252046,1.0498362319,0.9606093392,0.9539104543,1.0061805662,1.0813800182,1.0881955500
2023-08-16,1.0849878263,1.0745750323,1.0887562125,1.0766118403,1.0248195773,1.0797731306,1.0544555221,1.0533396063,1.0544555221,0.9612969451,0.9559732887,1.0075738714,1.0807613486,1.0778363500
2023-08-17,1.0830132900,1.0722324667,1.0865094762,1.0730338979,1.0240377060,1.0831960260,1.0617967300,1.0606730451,1.0617967300,0.9660642977,0.9593651516,1.0087710380,1.0807661938,1.0885438500
2023-08-18,1.0850005010,1.0707457170,1.0846678648,1.0712960352,1.0222650147,1.0833073182,1.0657124680,1.0645846392,1.0657124680,0.9675923845,0.9591848439,1.0110581524,1.0787794121,1.0892971500
2023-08-21,1.0893396886,1.0745084131,1.0864045626,1.0748072696,1.0219176070,1.0899976680,1.0684902685,1.0673595000,1.0684902685,0.9659071268,0.9618437162,1.0086748394,1.0817581547,1.0811219500
2023-08-22,1.0912369533,1.0774989537,1.0877323807,1.0788947960,1.0230757773,1.0952498556,1.0713053597,1.0701716119,1.0713053597,0.9651202300,0.9586871659,1.0084320063,1.0816040592,1.0665421250
2023-08-23,1.0935246302,1.0771821057,1.0912234513,1.0786195096,1.0253559067,1.0958595425,1.0714306510,1.0702967706,1.0714306510,0.9640696363,0.9584967821,1.0071038913,1.0832921865,1.0625297500
2023-08-24,1.0878794060,1.0714643354,1.0856438032,1.0768532866,1.0239840309,1.0928999882,1.0739741761,1.0728376040,1.0739741761,0.9674973382,0.9607731490,1.0092764327,1.0828408235,1.0611542500
2023-08-25,1.0892166588,1.0725922663,1.0864531261,1.0780597388,1.0249330761,1.0945415320,1.0750286397,1.0738909516,1.0750286397,0.9679211417,0.9622610633,1.0107098542,1.0839753642,1.0643796500
2023-08-28,1.0934669839,1.0739230021,1.0870190431,1.0803391958,1.0257917614,1.0961269665,1.0761839980,1.0750450872,1.0761839980,0.9670135305,0.9637929486,1.0068913719,1.0833554293,1.0694005250
2023-08-29,1.0962944038,1.0724152871,1.0857190059,1.0814003121,1.0256890005,1.0949632171,1.0787349580,1.0775933476,1.0787349580,0.9666258934,0.9633932689,1.0047441865,1.0821220253,1.0575770750
2023-08-30,1.0982503102,1.0738331752,1.0883102204,1.0832020603,1.0243496543,1.0968719068,1.0820794883,1.0809343384,1.0820794883,0.9673452368,0.9636393542,1.0071461854,1.0832894132,1.0566424500
2023-08-31,1.1007204308,1.0785838963,1.0921631521,1.0901358643,1.0278010447,1.0988743345,1.0862802781,1.0851306826,1.0862802781,0.9692582753,0.9669117193,1.0094244177,1.0864628523,1.0444194500
2023-09-01,1.1003185847,1.0773949657,1.0918838633,1.0880073895,1.0269994794,1.0987440704,1.0839285706,1.0827814639,1.0839285706,0.9670700121,0.9657630708,1.0087165509,1.0864272090,1.0354577750
2023-09-04,1.0958674614,1.0734625092,1.0877630267,1.0849616980,1.0244152669,1.0919258852,1.0852695407,1.0841210149,1.0852695407,0.9672441244,0.9663131113,1.0076933257,1.0838079628,1.0266580000
2023-09-05,1.0949915824,1.0760281923,1.0888222319,1.0878386695,1.0257957954,1.0897912117,1.0871641614,1.0860136305,1.0871641614,0.9691315445,0.9677691841,1.0117322351,1.0855026657,1.0209671250
2023-09-06,1.0930815489,1.0751277042,1.0884753789,1.0868019783,1.0246684575,1.0881329226,1.0871049875,1.0859545192,1.0871049875,0.9664478491,0.9679286461,1.0137372197,1.0873028377,1.0178510500
2023-09-07,1.0915674569,1.0752376828,1.0862199584,1.0874840138,1.0245317290,1.0905488917,1.0869795515,1.0858292159,1.0869795515,0.9634984467,0.9654343401,1.0145345040,1.0862784335,1.0158296250
2023-09-08,1.0904286423,1.0773222733,1.0862655875,1.0899122546,1.0254227755,1.0909216253,1.0882236366,1.0870719845,1.0882236366,0.9637230952,0.9669918563,1.0136746245,1.0854534124,1.0238722750
2023-09-11,1.0882080036,1.0776080502,1.0849519239,1.0896859464,1.0253729488,1.0922693059,1.0853004852,1.0841519266,1.0853004852,0.9612377684,0.9650236860,1.0080068247,1.0838651526,1.0187251500
2023-09-12,1.0888363939,1.0782759204,1.0880205841,1.0903283574,1.0260347794,1.0909390096,1.0845569024,1.0834091308,1.0844122177,0.9591500585,0.9616176941,1.0084596209,1.0853379468,1.0192236000
2023-09-13,1.0916872260,1.0823826314,1.0894837939,1.0948345783,1.0255889669,1.0936076730,1.0885290386,1.0873770632,1.0852770079,0.9582860713,0.9616562259,1.0088991400,1.0870378099,1.0126121250
2023-09-14,1.0930981166,1.0805371293,1.0889537360,1.0940668093,1.0297833633,1.0932810856,1.0890509946,1.0878984668,1.0858440374,0.9644081772,0.9655630715,1.0138858596,1.0883535690,1.0082613750
2023-09-15,1.0944873426,1.0809978531,1.0883109209,1.0942702268,1.0300944268,1.0920119079,1.0867476514,1.0855975613,1.0831957404,0.9659812034,0.9674259945,1.0137374163,1.0860025702,1.0268322000
2023-09-18,1.0996443095,1.0863313333,1.0953323204,1.0990330758,1.0310788144,1.0956104215,1.0926758643,1.0915195004,1.0876553251,0.9683026175,0.9675899851,1.0133630978,1.0866195407,1.0229341500
2023-09-19,1.1002533862,1.0865619004,1.0977340154,1.0960530327,1.0281199476,1.0987453840,1.0970062601,1.0958453135,1.0906284070,0.9688742629,0.9676879021,1.0156182057,1.0863353192,1.0233734000
2023-09-20,1.1055575929,1.0917512996,1.1017872271,1.0969366566,1.0294605814,1.1002623496,1.0981992169,1.0970370077,1.0882901367,0.9713042612,0.9715695625,1.0179828619,1.0872657622,1.0144672500
2023-09-21,1.1046642134,1.0887949464,1.0983061687,1.0949920043,1.0267784812,1.1011813299,1.0994073187,1.0982438311,1.0911641193,0.9707335055,0.9728459812,1.0156086951,1.0869995992,1.0206326250
2023-09-22,1.1040907872,1.0899992441,1.0966189394,1.0981911828,1.0302221747,1.1004861289,1.0969475477,1.0957866632,1.0914479524,0.9712974020,0.9736708561,1.0176243751,1.0897901529,1.0270039250
2023-09-25,1.1031988558,1.0906702734,1.0968145905,1.0962121398,1.0271792477,1.1022326327,1.0978889828,1.0967271019,1.0921150634,0.9695848747,0.9728220405,1.0145523427,1.0877868937,1.0235061750
2023-09-26,1.1035562942,1.0903715576,1.0950365725,1.0968344148,1.0255658075,1.1068732943,1.1012661415,1.1001006866,1.0958951885,0.9687056047,0.9720879947,1.0144288321,1.0884082033,1.0125798000
2023-09-27,1.1063001555,1.0895761943,1.0971770642,1.0979653654,1.0289910825,1.1088482489,1.1019779478,1.1008117397,1.0979142503,0.9701642367,0.9741756978,1.0111486906,1.0913049373,1.0082913250
2023-09-28,1.1073963582,1.0915580277,1.0983292057,1.1001809081,1.0288474861,1.1112144103,1.1038551512,1.1026869564,1.0996120354,0.9688611566,0.9737561617,1.0133115817,1.0914266420,1.0138348500
2023-09-29,1.1081866092,1.0921654220,1.0969043039,1.0991080961,1.0278398871,1.1114829770,1.1023191364,1.1011525671,1.0989985674,0.9690241125,0.9742410891,1.0161917836,1.0905451289,1.0094821000
2023-10-02,1.1110928608,1.0919565920,1.0990200898,1.0953508226,1.0310980839,1.1117856081,1.1029845802,1.1018173067,1.0980140961,0.9710816037,0.9785383682,1.0188252415,1.0913426234,1.0019097500
2023-10-03,1.1110048527,1.0929965036,1.1037919033,1.0935926562,1.0297343998,1.1106788367,1.1042341546,1.1030655587,1.0956582645,0.9698716811,0.9774668639,1.0185423411,1.0915778274,0.9861583000
2023-10-04,1.1137355098,1.0977988968,1.1080531671,1.0971350950,1.0294813887,1.1136121958,1.1077799383,1.1066075900,1.0979218573,0.9739004973,0.9822672137,1.0221237967,1.0950187901,0.9934457000
2023-10-05,1.1147154617,1.0978807824,1.1083344859,1.0977925882,1.0308633228,1.1128806789,1.1078035697,1.1066311964,1.0983903120,0.9785693743,0.9869500696,1.0245969809,1.0968433071,0.9855588750
2023-10-06,1.1076596238,1.0956512326,1.1077483771,1.0967601226,1.0257637710,1.1069397112,1.1037813524,1.1026132357,1.0923133175,0.9739072882,0.9801422134,1.0204260512,1.0931976185,0.9791759000
2023-10-09,1.1110668722,1.0978417083,1.1107752126,1.0992994720,1.0285495641,1.1085198027,1.1067594689,1.1055882005,1.0960965018,0.9775373554,0.9832378593,1.0212993841,1.0938605292,0.9755351500
2023-10-10,1.1087298042,1.0958961807,1.1075220512,1.0980367030,1.0239170311,1.1095208643,1.1066236380,1.1054525134,1.0963770623,0.9763456730,0.9819383245,1.0210893410,1.0923587740,0.9725799250
2023-10-11,1.1112120534,1.0953016992,1.1116383212,1.1001828821,1.0245530315,1.1079415348,1.1099866624,1.1087934418,1.0988984753,0.9726484219,0.9798051068,1.0166483527,1.0939416235,0.9682772750
2023-10-12,1.1064314038,1.0901515371,1.1106509717,1.0962415310,1.0233242327,1.1061296693,1.1084844432,1.1061616118,1.0947107273,0.9747366285,0.9809558686,1.0173184380,1.0899889897,0.9726385750
2023-10-13,1.1113239205,1.0920123794,1.1142217370,1.0965075396,1.0247410233,1.1103777499,1.1150659640,1.1111073536,1.0972776253,0.9711375114,0.9762957013,1.0169534839,1.0901960325,0.9760289250
2023-10-16,1.1080069072,1.0894403472,1.1115872397,1.0943461256,1.0216568558,1.1104396262,1.1142430282,1.1090012354,1.0948274996,0.9717667681,0.9765828301,1.0175853779,1.0909156498,0.9679001000
2023-10-17,1.1087102098,1.0909926045,1.1152201937,1.0948303698,1.0221166057,1.1134731935,1.1177594775,1.1120352003,1.0948243616,0.9733336207,0.9765306158,1.0180647768,1.0950871568,0.9699312750
2023-10-18,1.1095152059,1.0902226151,1.1157941328,1.0914644800,1.0236417140,1.1125249478,1.1150598147,1.1100240448,1.0895334551,0.9729738049,0.9771378175,1.0211250435,1.0943838072,0.9734581750
2023-10-19,1.1147808007,1.0921723990,1.1180682717,1.0937942436,1.0230555038,1.1175077668,1.1179008196,1.1106171889,1.0913936161,0.9714534265,0.9756621071,1.0231600658,1.0963491610,0.9787163500
2023-10-20,1.1199505271,1.0939766298,1.1204095810,1.0968295043,1.0240579505,1.1193837080,1.1235808502,1.1169999326,1.0972485859,0.9693933838,0.9732006224,1.0236084901,1.0965342526,0.9829022000
2023-10-23,1.1169118049,1.0933401454,1.1191437420,1.0968935407,1.0255234454,1.1193503821,1.1219092172,1.1188889194,1.0968792428,0.9694066421,0.9724153872,1.0272184098,1.0978046489,0.9776288750
2023-10-24,1.1180422688,1.0953252958,1.1215160590,1.0987804318,1.0275226288,1.1165045801,1.1195143070,1.1163869091,1.0954957017,0.9681940674,0.9718015973,1.0251885057,1.0970787747,0.9682939750
2023-10-25,1.1155381970,1.0938322044,1.1214602670,1.0985685181,1.0230036736,1.1169878239,1.1233870613,1.1192461746,1.0989733214,0.9653622883,0.9709212203,1.0189460442,1.0960522809,0.9724247000
2023-10-26,1.1202824337,1.0961885028,1.1268862169,1.1044063741,1.0239258961,1.1204911133,1.1265565577,1.1234253167,1.1038872346,0.9685874042,0.9717900309,1.0191142839,1.0993849123,0.9665435750
2023-10-27,1.1259069604,1.1001637729,1.1349729094,1.1073172763,1.0255160403,1.1249944360,1.1329540795,1.1270810193,1.1068430629,0.9671965612,0.9678428537,1.0159558907,1.0997876299,0.9671601000
2023-10-30,1.1205392413,1.0956774980,1.1321053482,1.1045422639,1.0204240552,1.1172612623,1.1347987404,1.1305110422,1.1074834813,0.9632319387,0.9677051777,1.0127868691,1.0991326885,0.9572637000
2023-10-31,1.1198416972,1.0964788505,1.1304579761,1.1026087809,1.0206692166,1.1156920403,1.1400229450,1.1329448079,1.1101698441,0.9609095029,0.9680075444,1.0137058986,1.1009203356,0.9620254000
2023-11-01,1.1225370877,1.0967821640,1.1310525967,1.1047444481,1.0188646046,1.1192977029,1.1402339566,1.1319905577,1.1123943596,0.9621751532,0.9712230939,1.0137555541,1.1004998977,0.9671139750
2023-11-02,1.1216098293,1.0976471081,1.1319529882,1.1046608508,1.0184937261,1.1183666077,1.1426945803,1.1343982289,1.1128635417,0.9613222555,0.9685871085,1.0132712080,1.0992236463,0.9562533000
2023-11-03,1.1240630783,1.1024698552,1.1341411267,1.1088424253,1.0228627870,1.1237392979,1.1367762561,1.1292102528,1.1103722775,0.9625064958,0.9685037526,1.0164372302,1.0988408295,0.9577299500
2023-11-06,1.1235252897,1.0983991934,1.1315759108,1.1033649963,1.0237021734,1.1237744450,1.1385555953,1.1260316363,1.1119613253,0.9625937885,0.9681245999,1.0149745292,1.0982048284,0.9574512500
2023-11-07,1.1241839548,1.0978450544,1.1306253201,1.1015343687,1.0261817905,1.1235104311,1.1364532768,1.1235783411,1.1105033516,0.9610285974,0.9665901894,1.0127773993,1.0986270645,0.9629073750
2023-11-08,1.1242557895,1.0977970956,1.1330123475,1.1013145932,1.0263121251,1.1237342703,1.1360265570,1.1220058778,1.1100863755,0.9595331804,0.9668419805,1.0117352502,1.0961742476,0.9654865000
2023-11-09,1.1266133971,1.1008123775,1.1382357276,1.1047185197,1.0298806254,1.1271666476,1.1379153158,1.1229670123,1.1119320061,0.9637572617,0.9695674653,1.0104401668,1.0972389095,0.9551476250
2023-11-10,1.1274186379,1.1007248907,1.1381971215,1.1039828648,1.0320082110,1.1266899705,1.1366541933,1.1210863619,1.1106996803,0.9620683999,0.9699589079,1.0077429364,1.0947444873,0.9382381250
2023-11-13,1.1270983132,1.0999583814,1.1383531454,1.1045096437,1.0302859623,1.1286433919,1.1363606704,1.1215665393,1.1104128598,0.9618849432,0.9686012111,1.0069101271,1.0947883170,0.9346081500
2023-11-14,1.1278430543,1.1018175880,1.1397284673,1.1079505441,1.0303358507,1.1314261024,1.1375683448,1.1220755700,1.1115929579,0.9578378687,0.9666667857,1.0027143819,1.0960964862,0.9370327500
2023-11-15,1.1326649365,1.1029829593,1.1415471045,1.1056546636,1.0297986868,1.1361728988,1.1431183109,1.1271263149,1.1170161954,0.9554848500,0.9645095361,0.9982963952,1.0950081933,0.9294144250
2023-11-16,1.1320502792,1.1017736023,1.1382013107,1.1065130166,1.0290649104,1.1315819406,1.1409905716,1.1260923003,1.1149370412,0.9537920430,0.9639163401,0.9966490930,1.0947746056,0.9264450250
2023-11-17,1.1329034026,1.1012875888,1.1398348858,1.1079969496,1.0278245696,1.1322778116,1.1406998616,1.1256509624,1.1146529693,0.9551395765,0.9641459145,0.9988708971,1.0937528103,0.9283852250
2023-11-20,1.1349516510,1.1023625793,1.1449240467,1.1101908111,1.0275741129,1.1358345421,1.1416756298,1.1277555234,1.1156064567,0.9541667674,0.9644751875,0.9993588442,1.0933932127,0.9313642000
2023-11-21,1.1322869242,1.0991319132,1.1437679074,1.1055493046,1.0264141006,1.1369543940,1.1398936657,1.1277746928,1.1138651821,0.9534133579,0.9636583986,1.0015244352,1.0933089749,0.9318881000
2023-11-22,1.1344514179,1.1020554052,1.1470242061,1.1079033681,1.0248525337,1.1384142221,1.1414769980,1.1289350087,1.1154123605,0.9525192725,0.9643032875,0.9996006532,1.0932225280,0.9280778000
2023-11-23,1.1328986035,1.1010729588,1.1448643425,1.1087618028,1.0290444070,1.1380893571,1.1394615462,1.1287126273,1.1134429298,0.9552439338,0.9677857148,0.9981972483,1.0936461895,0.9290350000
2023-11-24,1.1308708820,1.1008404047,1.1426359198,1.1082902376,1.0276413497,1.1351167236,1.1363390389,1.1247903125,1.1103917222,0.9531826604,0.9661566560,0.9930467786,1.0922195361,0.9227716250
2023-11-27,1.1339883537,1.1005515165,1.1432445272,1.1068299438,1.0278362994,1.1345155356,1.1384838803,1.1262336788,1.1124875880,0.9535913756,0.9669180330,0.9946886247,1.0906377848,0.9137953000
2023-11-28,1.1380220045,1.1059847358,1.1460693781,1.1113441455,1.0297520801,1.1383833260,1.1443239501,1.1304637999,1.1181943049,0.9525453371,0.9667388776,0.9946401036,1.0901558866,0.9150864000
2023-11-29,1.1409204334,1.1077261236,1.1494458453,1.1109931554,1.0352869472,1.1413189194,1.1483331965,1.1342738783,1.1221120036,0.9550001962,0.9689952386,0.9967516340,1.0927691794,0.9023572500
2023-11-30,1.1385937542,1.1066989921,1.1460951784,1.1133741032,1.0324435707,1.1335833387,1.1442397015,1.1276936488,1.1181119800,0.9558529941,0.9708710054,0.9908592830,1.0906411474,0.8881144500
2023-12-01,1.1419409187,1.1081945688,1.1484174495,1.1122455613,1.0325967644,1.1360457668,1.1486704962,1.1334315702,1.1224416013,0.9537912323,0.9693444359,0.9962020593,1.0945899148,0.8873787500
2023-12-04,1.1437173982,1.1098594647,1.1493017901,1.1139103411,1.0311299190,1.1371887106,1.1512950512,1.1348856062,1.1250062269,0.9549114190,0.9715358059,0.9924884773,1.0939766600,0.8903600750
2023-12-05,1.1417080609,1.1069363149,1.1454326975,1.1105642347,1.0284739960,1.1356257889,1.1511851303,1.1336445412,1.1248988160,0.9535037502,0.9685510587,0.9937185135,1.0949608419,0.8921479250
2023-12-06,1.1475549136,1.1113205752,1.1503021923,1.1128778651,1.0305239628,1.1385605905,1.1523449397,1.1334876669,1.1248299218,0.9516615493,0.9711015233,0.9891637409,1.0974015786,0.8878570500
2023-12-07,1.1493228286,1.1132219854,1.1516868362,1.1161346828,1.0333166400,1.1376410750,1.1515159992,1.1342805884,1.1237487254,0.9518256457,0.9724389211,0.9882794602,1.0997754760,0.8817598250
2023-12-08,1.1453451946,1.1115029551,1.1488500110,1.1151727489,1.0327217962,1.1394417154,1.1522830701,1.1332388358,1.1268410514,0.9449101696,0.9670723864,0.9852056389,1.0984797702,0.8808920750
2023-12-11,1.1438247983,1.1135572318,1.1489448035,1.1153002305,1.0327928262,1.1392137600,1.1559195675,1.1310576823,1.1304955341,0.9421511605,0.9644254493,0.9790771359,1.0960998314,0.8880596000
2023-12-12,1.1414969454,1.1128627824,1.1469753847,1.1164422248,1.0294759744,1.1343406064,1.1546133991,1.1325839355,1.1282624661,0.9390223614,0.9605347912,0.9763835469,1.0946268558,0.8911568250
2023-12-13,1.1465905124,1.1155072483,1.1499926509,1.1215178350,1.0326168712,1.1351049497,1.1530933027,1.1280677992,1.1279532437,0.9406699757,0.9662953436,0.9766506911,1.0955360995,0.8953737750
2023-12-14,1.1430551510,1.1127106685,1.1482868899,1.1204391902,1.0308280516,1.1337120764,1.1534392169,1.1294578485,1.1272255836,0.9414243849,0.9663698793,0.9775986272,1.0948740302,0.8964943500
2023-12-15,1.1435512565,1.1152792065,1.1479493938,1.1214285963,1.0336144290,1.1336349464,1.1524868652,1.1313423889,1.1257988464,0.9410006451,0.9644664247,0.9785664291,1.0984198749,0.8922816500
2023-12-18,1.1445965827,1.1146560223,1.1489512203,1.1247156920,1.0340970625,1.1353049197,1.1550617617,1.1347039281,1.1277539023,0.9418753475,0.9657505314,0.9788351640,1.1004466466,0.8912151000
2023-12-19,1.1435079922,1.1142034274,1.1487357993,1.1235261661,1.0322767818,1.1366885568,1.1548288726,1.1359252169,1.1257702250,0.9438975029,0.9650377307,0.9780529177,1.1021224372,0.8994260250
2023-12-20,1.1465382321,1.1190231909,1.1520548150,1.1258235020,1.0367577133,1.1426881856,1.1568779673,1.1373011361,1.1251267464,0.9465610916,0.9648351880,0.9801102831,1.1051265822,0.8964421500
2023-12-21,1.1461284107,1.1207041934,1.1520219097,1.1282450331,1.0383709267,1.1448395764,1.1581418614,1.1388972362,1.1247646576,0.9463267657,0.9611043162,0.9785250347,1.1056253008,0.9041213000
2023-12-22,1.1488563989,1.1182485156,1.1531707869,1.1263533536,1.0356738904,1.1512189931,1.1630373356,1.1399756985,1.1282308723,0.9472024680,0.9633759008,0.9807515706,1.1121165816,0.9083926500
2023-12-25,1.1524750997,1.1205577103,1.1581567727,1.1287982583,1.0366193085,1.1511307280,1.1605329844,1.1404351804,1.1243182902,0.9449951050,0.9645451866,0.9792593268,1.1114889612,0.9157062500
2023-12-26,1.1541455634,1.1220348886,1.1606399467,1.1299963896,1.0377096188,1.1532382623,1.1607265214,1.1396841089,1.1249101170,0.9467778142,0.9644891590,0.9809704128,1.1121324791,0.9320279750
2023-12-27,1.1475819511,1.1154418875,1.1578656883,1.1247781627,1.0322860239,1.1511545376,1.1602609907,1.1396559804,1.1250717349,0.9474977452,0.9638545317,0.9798718841,1.1114184427,0.9292643250
2023-12-28,1.1477371547,1.1126244008,1.1579975690,1.1234519330,1.0298316821,1.1495440057,1.1580020777,1.1407180323,1.1247635093,0.9507652322,0.9649654461,0.9833938252,1.1085687449,0.9396129000
2023-12-29,1.1488091257,1.1120599445,1.1612708914,1.1212851524,1.0308911909,1.1452904133,1.1620147724,1.1454217245,1.1308577660,0.9539477513,0.9681078753,0.9840601896,1.1095352089,0.9411436000
2024-01-01,1.1450380481,1.1081806408,1.1577419561,1.1171674093,1.0265339583,1.1437783120,1.1687522857,1.1469939947,1.1356171649,0.9519345312,0.9662181124,0.9796249364,1.1106935470,0.9326622750
2024-01-02,1.1443363367,1.1064287635,1.1567007848,1.1175203398,1.0240429544,1.1464049556,1.1716777305,1.1523321261,1.1366822532,0.9514400251,0.9645695899,0.9817895004,1.1126203716,0.9198226500
2024-01-03,1.1412215787,1.1078269904,1.1608274569,1.1189325835,1.0260694727,1.1460187356,1.1725846283,1.1532240501,1.1394076413,0.9538297621,0.9637070310,0.9838250744,1.1147995143,0.9324809250
2024-01-04,1.1432845436,1.1125163790,1.1606209122,1.1236689816,1.0321846671,1.1483427103,1.1743098335,1.1549207704,1.1396027814,0.9558776284,0.9656270565,0.9861799767,1.1183286078,0.9382598250
2024-01-05,1.1476077346,1.1139754814,1.1622368033,1.1251427111,1.0322676952,1.1514940647,1.1795378274,1.1600624447,1.1457974314,0.9538674873,0.9687927300,0.9854873225,1.1213438029,0.9349415750
2024-01-08,1.1513823507,1.1194208768,1.1655059187,1.1306426947,1.0375366033,1.1532577552,1.1804206161,1.1609306577,1.1460091037,0.9562855358,0.9675405382,0.9899603701,1.1251839347,0.9297717250
2024-01-09,1.1503057418,1.1185230947,1.1612357250,1.1297359126,1.0363323538,1.1546805239,1.1802348746,1.1607479830,1.1461757012,0.9564016986,0.9655508181,0.9901155347,1.1253405831,0.9261780500
2024-01-10,1.1483573257,1.1180737550,1.1614348870,1.1292820685,1.0364818995,1.1572244201,1.1821938572,1.1626746208,1.1463743973,0.9589576612,0.9643800685,0.9940583002,1.1251255928,0.9141845250
2024-01-11,1.1462473045,1.1184316513,1.1586504214,1.1296435525,1.0376918541,1.1590572082,1.1825125766,1.1629880778,1.1464267079,0.9573179172,0.9596486944,0.9921983632,1.1226269927,0.9079101250
2024-01-12,1.1465336806,1.1176655053,1.1587199461,1.1288697262,1.0356449339,1.1597513181,1.1844761746,1.1649192547,1.1468968305,0.9597396282,0.9637037656,0.9926002730,1.1228924198,0.9000295750
2024-01-15,1.1496422821,1.1198806157,1.1625526191,1.1311070423,1.0377680169,1.1570411910,1.1826072679,1.1630812056,1.1456753402,0.9651723187,0.9678859534,0.9936463737,1.1247294629,0.9019271000
2024-01-16,1.1493953519,1.1226683272,1.1592121021,1.1339226997,1.0404704016,1.1567902713,1.1809548751,1.1614560955,1.1433973691,0.9613176338,0.9662858362,0.9905829265,1.1239225920,0.9023428000
2024-01-17,1.1501958810,1.1269813327,1.1580292345,1.1382789416,1.0415205126,1.1610030721,1.1856597763,1.1660833139,1.1481389878,0.9644092121,0.9646972206,0.9895427881,1.1257699676,0.9042406000
2024-01-18,1.1522172378,1.1260317381,1.1560578436,1.1373198277,1.0414431004,1.1608624847,1.1838082837,1.1642623914,1.1476553900,0.9634825942,0.9648546628,0.9906021583,1.1261823743,0.8963598750
2024-01-19,1.1504575126,1.1247630985,1.1570478285,1.1360384703,1.0393791653,1.1617849943,1.1852166488,1.1656475030,1.1530349235,0.9599304674,0.9644528558,0.9915343420,1.1254748953,0.8877203250
2024-01-22,1.1541454269,1.1282088957,1.1599123919,1.1395188105,1.0416037426,1.1641120614,1.1875185411,1.1679113887,1.1557862392,0.9587046703,0.9662159736,0.9919490893,1.1279003725,0.8827187750
2024-01-23,1.1605021457,1.1313030778,1.1632131296,1.1426440107,1.0416679636,1.1704852204,1.1965367411,1.1767806889,1.1643714913,0.9571087029,0.9650873268,0.9913739263,1.1263796979,0.8764972750
2024-01-24,1.1593688336,1.1313713820,1.1604337259,1.1427129997,1.0410762839,1.1624029885,1.1881298659,1.1685126198,1.1550081813,0.9558198624,0.9622982162,0.9914746841,1.1213946407,0.8824827000
2024-01-25,1.1636168800,1.1312132063,1.1624888533,1.1425532383,1.0398326947,1.1586091112,1.1854759402,1.1659025132,1.1523102048,0.9575037861,0.9658281554,0.9894996873,1.1207971853,0.8871217250
2024-01-26,1.1648967628,1.1313173987,1.1644621068,1.1426584753,1.0407649321,1.1608358886,1.1855648020,1.1659899078,1.1531408468,0.9597471936,0.9687932304,0.9871073063,1.1220451008,0.8855764750
2024-01-29,1.1682957398,1.1326142236,1.1606586770,1.1439683004,1.0419068304,1.1601282871,1.1870431241,1.1674438213,1.1540818301,0.9632958891,0.9704904253,0.9887091503,1.1234930260,0.8869836000
2024-01-30,1.1687791728,1.1296708588,1.1599005782,1.1409954293,1.0386831025,1.1609365946,1.1854942097,1.1659204811,1.1505984106,0.9650633034,0.9741481634,0.9875375268,1.1260630468,0.8825308000
2024-01-31,1.1664487778,1.1283361240,1.1608071129,1.1396473143,1.0374283973,1.1588245684,1.1884671679,1.1688443527,1.1534838578,0.9653076020,0.9761504315,0.9853011742,1.1279300059,0.8869326750
2024-02-01,1.1687558385,1.1274205697,1.1588242109,1.1387225818,1.0387808794,1.1605894099,1.1852409173,1.1656713708,1.1503525740,0.9670065986,0.9777428328,0.9851678468,1.1283019886,0.8775723000
2024-02-02,1.1636472963,1.1214659996,1.1539017992,1.1327083191,1.0348733101,1.1538959657,1.1879752867,1.1683605929,1.1530064554,0.9660201646,0.9759893425,0.9833607183,1.1253155834,0.8734880000
2024-02-05,1.1621440153,1.1200708317,1.1470203641,1.1312991652,1.0324705439,1.1511488231,1.1916957464,1.1720196240,1.1566174009,0.9644946882,0.9768234716,0.9842605003,1.1238390339,0.8815538500
2024-02-06,1.1602435554,1.1181337753,1.1455434306,1.1293426904,1.0313678737,1.1487324670,1.1964166844,1.1766626145,1.1611993750,0.9679677510,0.9803068240,0.9855859969,1.1253081082,0.8841852250
2024-02-07,1.1633426284,1.1188863589,1.1434589444,1.1301028185,1.0340167678,1.1500246852,1.1939893883,1.1742753955,1.1588435279,0.9641624501,0.9778834948,0.9844233252,1.1260234696,0.8872604250
2024-02-08,1.1645765571,1.1229446630,1.1460231954,1.1342018057,1.0333507779,1.1505003912,1.1966255031,1.1768679854,1.1614020470,0.9670458756,0.9808759770,0.9880013596,1.1284584060,0.8882158000
2024-02-09,1.1619929810,1.1191320261,1.1434196103,1.1303509483,1.0320888382,1.1519367028,1.1974627622,1.1776914205,1.1622146609,0.9712663931,0.9841168704,0.9896728231,1.1305541349,0.8926823000
2024-02-12,1.1610756928,1.1177515127,1.1453437421,1.1289565958,1.0354904759,1.1500027238,1.1943881806,1.1746676033,1.1592305816,0.9720057266,0.9833960535,0.9882474653,1.1311520243,0.8886826750
2024-02-13,1.1628243723,1.1194080833,1.1458439397,1.1306297730,1.0373699221,1.1528840416,1.1949559625,1.1752260106,1.1597816505,0.9683353108,0.9799760204,0.9879713327,1.1323958556,0.8952425000
2024-02-14,1.1578516187,1.1177546078,1.1473930264,1.1289597220,1.0331167473,1.1490815810,1.1942256895,1.1745077951,1.1590728735,0.9659623898,0.9785956825,0.9884153942,1.1290140589,0.9014526250
2024-02-15,1.1590170704,1.1186981787,1.1496080314,1.1299127518,1.0339100301,1.1527626886,1.1940108526,1.1742965054,1.1588643605,0.9635710432,0.9774137197,0.9859943394,1.1299593607,0.9040820500
2024-02-16,1.1562017171,1.1172533771,1.1545795704,1.1284534666,1.0341098998,1.1478267577,1.1990026881,1.1792059206,1.1637092581,0.9676498083,0.9833730600,0.9844380990,1.1308527753,0.9010641750
2024-02-19,1.1568502892,1.1187428128,1.1542539178,1.1299578333,1.0332925793,1.1470409883,1.2046584612,1.1847683111,1.1691985498,0.9665009373,0.9835064016,0.9844763659,1.1324030908,0.8939941000
2024-02-20,1.1573014930,1.1196116391,1.1563418992,1.1308353693,1.0340456897,1.1503507587,1.2072683362,1.1873350944,1.1717316014,0.9650588288,0.9830111809,0.9853535962,1.1337637719,0.8971878000
2024-02-21,1.1570818092,1.1211244424,1.1576496863,1.1323633379,1.0365370019,1.1425569822,1.2103131961,1.1903296805,1.1746868338,0.9638759067,0.9829978688,0.9829102825,1.1333677872,0.8952271500
2024-02-22,1.1519475304,1.1181100782,1.1508633402,1.1293187558,1.0285625297,1.1416255576,1.2031070923,1.1832425569,1.1676928464,0.9638482566,0.9839723819,0.9792443452,1.1289687068,0.9076410000
2024-02-23,1.1554637746,1.1203906330,1.1550931877,1.1316221724,1.0317481785,1.1439063252,1.2063173385,1.1863997986,1.1708085969,0.9686787995,0.9876694625,0.9777871506,1.1324423004,0.9020581000
2024-02-26,1.1530380826,1.1187280455,1.1559255359,1.1299429180,1.0305344005,1.1436836283,1.2130011805,1.1929732835,1.1772956956,0.9726404372,0.9921460707,0.9768518385,1.1319604609,0.9002152250
2024-02-27,1.1495330258,1.1167990366,1.1540394565,1.1279945715,1.0270555181,1.1443100352,1.2123178517,1.1923012371,1.1764755235,0.9702892810,0.9921143265,0.9715675399,1.1301150339,0.8971999250
2024-02-28,1.1488156560,1.1230710657,1.1545276356,1.1358280481,1.0266308226,1.1413438316,1.2091753628,1.1892106340,1.1728398332,0.9686559473,0.9904442536,0.9700173752,1.1304605240,0.8911912250
2024-02-29,1.1496826042,1.1210958655,1.1502142690,1.1319386156,1.0259440599,1.1419215988,1.2097874675,1.1898126322,1.1733349771,0.9721686569,0.9940359758,0.9757529810,1.1315905279,0.8901920000
2024-03-01,1.1528920089,1.1239631220,1.1524807486,1.1332110124,1.0302559040,1.1438196879,1.2117983624,1.1917903252,1.1724145857,0.9767479925,0.9987183159,0.9811405662,1.1321416919,0.9015960000
2024-03-04,1.1550070947,1.1223235090,1.1487815693,1.1325784514,1.0331308474,1.1401985855,1.2079620533,1.1880173574,1.1706003641,0.9756322874,0.9975775149,0.9811683178,1.1326333513,0.8953264750
2024-03-05,1.1539887478,1.1223032126,1.1482724322,1.1349979716,1.0331098083,1.1408101966,1.2086100133,1.1886546189,1.1699164283,0.9757707953,0.9977191383,0.9818962621,1.1333568960,0.9020452000
2024-03-06,1.1557177075,1.1204715833,1.1479867114,1.1319131040,1.0338869195,1.1413180659,1.2091480658,1.1891837877,1.1715551498,0.9763821424,0.9983442367,0.9819401080,1.1328067230,0.9112819250
2024-03-07,1.1543741763,1.1183646366,1.1471146402,1.1331358977,1.0282444937,1.1416265595,1.2094748936,1.1895052192,1.1707413517,0.9757590961,0.9977071760,0.9767782235,1.1295327768,0.9113112250
2024-03-08,1.1547534278,1.1186101576,1.1475223852,1.1348435742,1.0278032349,1.1403246107,1.2080955683,1.1881486680,1.1706400874,0.9759162002,0.9978678139,0.9791510623,1.1338777625,0.9098126500
2024-03-11,1.1605483519,1.1233903248,1.1520376620,1.1390925217,1.0276156430,1.1436185644,1.2115852859,1.1915807668,1.1752292172,0.9717443473,0.9936021220,0.9797023620,1.1345884119,0.9134377000
2024-03-12,1.1637823733,1.1294608201,1.1606862124,1.1465417857,1.0311114381,1.1510064188,1.2194122100,1.1992784603,1.1802936446,0.9714111549,0.9932614350,0.9767080020,1.1360958788,0.9130698750
2024-03-13,1.1641423481,1.1299922990,1.1581628330,1.1469202884,1.0335563453,1.1513521805,1.2197785208,1.1996387229,1.1768814160,0.9725015969,0.9943764047,0.9766132358,1.1367254358,0.9138600500
2024-03-14,1.1656533123,1.1319175174,1.1589514693,1.1499985822,1.0322508800,1.1527977627,1.2213100158,1.2011449314,1.1793492245,0.9691502528,0.9909496777,0.9760857699,1.1374675242,0.9135420750
2024-03-15,1.1698536344,1.1369135734,1.1645814397,1.1554009003,1.0313915975,1.1579355984,1.2267531996,1.2064982426,1.1850428567,0.9685450468,0.9903308586,0.9710231001,1.1387386122,0.9112601250
2024-03-18,1.1707793465,1.1380245687,1.1665440254,1.1597138810,1.0298465966,1.1581329724,1.2269623039,1.2067038944,1.1858291358,0.9727351552,0.9946152165,0.9743518862,1.1406341494,0.9132990250
2024-03-19,1.1722969566,1.1401589527,1.1673905784,1.1596012057,1.0327668995,1.1599498847,1.2288871976,1.2085970061,1.1867844059,0.9722940296,0.9941641685,0.9723711928,1.1429389686,0.9212008500
2024-03-20,1.1753264883,1.1386065391,1.1698320010,1.1587898537,1.0319431389,1.1652248633,1.2344756749,1.2140932119,1.1922532625,0.9738855476,0.9957914851,0.9742562257,1.1438618944,0.9179061000
2024-03-21,1.1745881387,1.1404897095,1.1753872598,1.1607792294,1.0336103997,1.1671713712,1.2365378663,1.2161213544,1.1953240872,0.9773000728,0.9992828144,0.9771134290,1.1482091875,0.9186293750
2024-03-22,1.1722000324,1.1389098709,1.1771731964,1.1612666554,1.0312291776,1.1674513733,1.2368345093,1.2164130995,1.1965225158,0.9773148193,0.9992978926,0.9779322333,1.1478199188,0.9237781250
2024-03-25,1.1709904704,1.1391559473,1.1793090983,1.1630234718,1.0319740984,1.1715926524,1.2412219099,1.2207280597,1.2011308604,0.9756384327,0.9975837985,0.9784028722,1.1524374636,0.9359254750
2024-03-26,1.1718605158,1.1413652692,1.1794516200,1.1667836854,1.0328336432,1.1732965851,1.2421153132,1.2216067119,1.2043071257,0.9744776498,0.9961310048,0.9784785536,1.1545328458,0.9306978000
2024-03-27,1.1798202207,1.1456685898,1.1877140754,1.1721160102,1.0374218395,1.1765454073,1.2470820410,1.2264914339,1.2115661250,0.9736302090,1.0001632658,0.9767812425,1.1576133790,0.9355116250
2024-03-28,1.1781751904,1.1433862679,1.1845862401,1.1717536455,1.0426322255,1.1766198442,1.2459835656,1.2254110955,1.2131798837,0.9737307289,0.9980504758,0.9802662999,1.1548253929,0.9460006750
2024-03-29,1.1791232844,1.1452934102,1.1859216427,1.1718359306,1.0400291329,1.1772016943,1.2474092983,1.2268132878,1.2105118376,0.9788387199,0.9999035650,0.9783387983,1.1542582192,0.9435430250
2024-04-01,1.1789152648,1.1438382019,1.1837319657,1.1722435393,1.0413031551,1.1805725713,1.2523892406,1.2317110062,1.2111682081,0.9789701472,0.9995141616,0.9764008275,1.1545920293,0.9371499500
2024-04-02,1.1786410969,1.1420947515,1.1797308231,1.1731016621,1.0415314040,1.1800431255,1.2512093431,1.2305505900,1.2149135225,0.9784262663,1.0008650091,0.9778145625,1.1551860787,0.9472417250
2024-04-03,1.1809658112,1.1445835463,1.1857144979,1.1727825061,1.0386553619,1.1812919874,1.2523944068,1.2317160870,1.2127552587,0.9781386973,1.0014393047,0.9734966176,1.1553246330,0.9513266750
2024-04-04,1.1835049283,1.1466637068,1.1864538562,1.1761762588,1.0402275605,1.1816132927,1.2537892382,1.2330878884,1.2133741795,0.9776173672,1.0019335089,0.9721256920,1.1572652211,0.9474396000
2024-04-05,1.1891666474,1.1489093603,1.1909929072,1.1774329625,1.0403517269,1.1798407442,1.2572882004,1.2365290791,1.2163959619,0.9815120963,1.0093931146,0.9723987732,1.1594197311,0.9525788000
2024-04-08,1.1905894652,1.1437050693,1.1931154236,1.1784694137,1.0382829001,1.1792787238,1.2570329791,1.2362780718,1.2143420464,0.9818487663,1.0099732904,0.9712156866,1.1593616934,0.9561766750
2024-04-09,1.1936439373,1.1498603673,1.1972574046,1.1809095334,1.0367792156,1.1839380207,1.2610470653,1.2402258813,1.2178200125,0.9820772693,1.0111121723,0.9715133674,1.1616023084,0.9567265000
2024-04-10,1.1915107124,1.1480782293,1.1951772042,1.1801669230,1.0374578399,1.1871928617,1.2590333945,1.2382454583,1.2166485186,0.9818913397,1.0087052788,0.9713868440,1.1647988435,0.9561781500
2024-04-11,1.1883564381,1.1461303801,1.1931306096,1.1791945334,1.0358778887,1.1815160261,1.2566609444,1.2359121798,1.2157172874,0.9815262221,1.0080928208,0.9716772054,1.1638509439,0.9608825500
2024-04-12,1.1938185475,1.1489349012,1.1976376181,1.1852434168,1.0407577718,1.1845818007,1.2608667724,1.2400485652,1.2205307870,0.9834179033,1.0137159671,0.9720098307,1.1682384941,0.9675694750
2024-04-15,1.1953464220,1.1514416714,1.2008118349,1.1866008725,1.0394415030,1.1842284474,1.2648652800,1.2439810533,1.2262906981,0.9817451996,1.0157672072,0.9670034702,1.1700338209,0.9757709750
2024-04-16,1.1957555332,1.1474571992,1.1950530509,1.1824361679,1.0367399017,1.1836908299,1.2650021064,1.2441156206,1.2267391683,0.9833652658,1.0173944907,0.9665966777,1.1695777453,0.9776644000
2024-04-17,1.1930525317,1.1488890191,1.1943846240,1.1839422932,1.0360593832,1.1842186057,1.2677112018,1.2467799861,1.2291823641,0.9824293948,1.0164057138,0.9668964194,1.1688570974,0.9751355000
2024-04-18,1.1963995653,1.1512782658,1.1976982455,1.1904494511,1.0392591989,1.1844602079,1.2680273834,1.2470909472,1.2300477737,0.9810362704,1.0201929191,0.9659121825,1.1706512555,0.9796284250
2024-04-19,1.1982924277,1.1546389474,1.2007661397,1.1901979623,1.0421333630,1.1805556792,1.2731488230,1.2521278265,1.2335749513,0.9834233604,1.0207988726,0.9675001033,1.1746415479,0.9826288750
2024-04-22,1.2001374870,1.1587689796,1.2023399768,1.1924742454,1.0391920886,1.1802188477,1.2734152810,1.2523898850,1.2351289315,0.9861211771,1.0243851780,0.9656756383,1.1762143199,0.9815762000
2024-04-23,1.2024382957,1.1579496927,1.2025972488,1.1942335382,1.0365735275,1.1808936371,1.2748841938,1.2536672383,1.2369038547,0.9868936015,1.0266090068,0.9648674672,1.1744106204,0.9890510000
2024-04-24,1.2027821861,1.1578267641,1.2048987980,1.1997956579,1.0400689587,1.1836057282,1.2778121476,1.2567030182,1.2397445813,0.9854829665,1.0267406384,0.9641970169,1.1768678788,0.9999825500
2024-04-25,1.2080996309,1.1534138045,1.2051858154,1.1995727481,1.0443412496,1.1902484187,1.2849835480,1.2573914408,1.2467023370,0.9795200820,1.0232553664,0.9652948428,1.1773411277,1.0035710250
2024-04-26,1.2189292387,1.1541299598,1.2088056828,1.2027264781,1.0419009022,1.1967899313,1.2920457174,1.2652567417,1.2535541159,0.9842817261,1.0318192905,0.9634111024,1.1787188033,1.0077124000
2024-04-29,1.2133260445,1.1489045327,1.2049353057,1.1961379238,1.0351630369,1.1929007812,1.2878470192,1.2607820725,1.2494805020,0.9930788547,1.0362641504,0.9659665960,1.1774947122,0.9995789250
2024-04-30,1.2056258876,1.1428762926,1.1935002364,1.1889665195,1.0368722618,1.1865300705,1.2809692462,1.2508771318,1.2428076262,0.9957766010,1.0323788665,0.9678358693,1.1788485589,1.0063690000
2024-05-01,1.2089890002,1.1408775028,1.1966167543,1.1877303368,1.0355496505,1.1880733953,1.2826354086,1.2515681963,1.2444241515,0.9901283112,1.0353524792,0.9641386391,1.1793520202,1.0101708250
2024-05-02,1.2050476623,1.1375377218,1.1964249956,1.1848971871,1.0374165607,1.1840351359,1.2782757330,1.2521825726,1.2401943560,0.9885912284,1.0347162631,0.9633029503,1.1792947913,1.0136118000
2024-05-03,1.2058913936,1.1450904132,1.1961782789,1.1908642842,1.0378923373,1.1845157357,1.2787945850,1.2501501457,1.2406977508,0.9884488676,1.0313623517,0.9588026367,1.1780130268,1.0172032750
2024-05-06,1.2124984117,1.1465626416,1.2031209192,1.1877341770,1.0385426521,1.1855989537,1.2799640194,1.2491808976,1.2418323462,0.9835921061,1.0313349915,0.9499228146,1.1777264693,1.0250066000
2024-05-07,1.2143681339,1.1505102780,1.2139452024,1.1896648532,1.0385838038,1.1909537061,1.2857449712,1.2632808923,1.2474410765,0.9876647573,1.0365735802,0.9492112451,1.1807060864,1.0372417000
2024-05-08,1.2195681341,1.1510129667,1.2229302700,1.1918532045,1.0407974304,1.1914554784,1.2862866808,1.2680037741,1.2479666480,0.9951553944,1.0470357808,0.9423805115,1.1791027499,1.0406670000
2024-05-09,1.2229994336,1.1470960963,1.2193331549,1.1866139604,1.0370443028,1.1919078899,1.2867751010,1.2730425622,1.2484405175,0.9912371474,1.0475076964,0.9368995029,1.1759225256,1.0455494750
2024-05-10,1.2314946035,1.1538695318,1.2145488150,1.1922706015,1.0422119266,1.2004798795,1.2960293588,1.2827392670,1.2574190797,0.9912978598,1.0486434699,0.9398491838,1.1756471965,1.0514674250
2024-05-13,1.2362056354,1.1486905612,1.2218230353,1.1885037123,1.0361550687,1.2080224586,1.3041722723,1.2916444465,1.2653194061,0.9966477362,1.0461518108,0.9489858352,1.1769337796,1.0472316250
2024-05-14,1.2354163079,1.1551149927,1.2159614836,1.1962978460,1.0480706928,1.2080042470,1.3041526112,1.2895357475,1.2653003307,1.0066853335,1.0529079447,0.9557499952,1.1795147886,1.0527073500
2024-05-15,1.2378196287,1.1648350008,1.2192975447,1.2073022556,1.0481554989,1.2155304800,1.3122778778,1.2946814233,1.2731835358,1.0122107356,1.0500340102,0.9588844591,1.1819926399,1.0404753750
2024-05-16,1.2481307568,1.1676490909,1.2271419947,1.2095543070,1.0528252667,1.2242203063,1.3216593511,1.3011132046,1.2822855237,1.0126659881,1.0532587117,0.9660309391,1.1844055884,1.0365580750
2024-05-17,1.2456819291,1.1643615182,1.2248502964,1.2100629649,1.0486174420,1.2240292084,1.3214530432,1.3055243796,1.2820853620,1.0023361306,1.0408144329,0.9721692749,1.1844537792,1.0417273750
2024-05-20,1.2453289680,1.1672679802,1.2290029325,1.2119956093,1.0500033812,1.2273657940,1.3250551968,1.3109597415,1.2855802030,1.0042584677,1.0418806488,0.9693513344,1.1861419881,1.0427630750
2024-05-21,1.2453278246,1.1727496838,1.2304757978,1.2150297740,1.0580223031,1.2309817198,1.3273628965,1.3151391317,1.2878191536,0.9974845488,1.0287396111,0.9704021128,1.1866593591,1.0485691500
2024-05-22,1.2470209653,1.1708431268,1.2374709332,1.2197245195,1.0614128411,1.2396127278,1.3190182568,1.3068713383,1.2797231108,0.9962345543,1.0327975333,0.9653022307,1.1853405521,1.0420375500
2024-05-23,1.2550060214,1.1794825597,1.2449095451,1.2290501601,1.0644995997,1.2471266403,1.3201836500,1.3080259994,1.2808537855,1.0064429805,1.0408374923,0.9588729409,1.1882258279,1.0513981000
2024-05-24,1.2557627457,1.1835807104,1.2555401388,1.2292123942,1.0736235651,1.2518675641,1.3265691915,1.3143527360,1.2870490940,1.0078922674,1.0441150874,0.9521596617,1.1886823910,1.0595199250
2024-05-27,1.2597695794,1.1787415180,1.2628502102,1.2281279385,1.0774899697,1.2584077395,1.3297549003,1.3175091074,1.2901398967,1.0100885825,1.0412437332,0.9535492639,1.1903271894,1.0601749500
2024-05-28,1.2562415324,1.1702860493,1.2624515288,1.2228430799,1.0684736840,1.2565148771,1.3264185151,1.3142034472,1.2869029064,1.0059213049,1.0353289742,0.9483337199,1.1894037285,1.0519472500
2024-05-29,1.2490217932,1.1616196342,1.2664986653,1.2151576750,1.0660222482,1.2492976229,1.3247279576,1.3125284581,1.2852627127,1.0048482467,1.0303154456,0.9475115167,1.1878224243,1.0550858250
2024-05-30,1.2433703081,1.1548118237,1.2625231600,1.1996468792,1.0625567177,1.2414438086,1.3216196662,1.3094487911,1.2822470210,1.0132897866,1.0336691094,0.9511872750,1.1875828068,1.0611391750
2024-05-31,1.2465680599,1.1616350346,1.2648199547,1.2063093583,1.0663175934,1.2474444928,1.3232229136,1.3110372742,1.2838025058,1.0067292538,1.0336476871,0.9505351218,1.1880302581,1.0660983500
2024-06-03,1.2385311099,1.1557411764,1.2699562503,1.2013307244,1.0655181010,1.2431572963,1.3279527959,1.3157235987,1.2883914792,1.0015025363,1.0285631887,0.9442795016,1.1876160916,1.0680079750
2024-06-04,1.2445998568,1.1627746758,1.2830488260,1.2105617347,1.0663249822,1.2497703618,1.3332007037,1.3209231782,1.2934830454,0.9979382000,1.0252748249,0.9436037156,1.1910651112,1.0643934750
2024-06-05,1.2386873864,1.1608368019,1.2862538345,1.2069774419,1.0705822165,1.2481472634,1.3330304499,1.3207544922,1.2933178637,0.9935946595,1.0224085139,0.9400224246,1.1926193132,1.0723939750
2024-06-06,1.2333674580,1.1580814225,1.2921778240,1.2061646000,1.0736969834,1.2450119721,1.3474442848,1.3350355893,1.3073022931,0.9920355602,1.0257693389,0.9454562886,1.1958291748,1.0734797500
2024-06-07,1.2286446242,1.1586150841,1.2994663370,1.2089803893,1.0766827862,1.2470279613,1.3555193768,1.3430363173,1.3151368184,0.9847703962,1.0176929784,0.9472920744,1.1975055177,1.0768170250
2024-06-10,1.2301605359,1.1554242775,1.3085754605,1.2061348738,1.0758281249,1.2485451261,1.3678781413,1.3552812692,1.3271274004,0.9856627367,1.0177976734,0.9541881439,1.1995828995,1.0801337250
2024-06-11,1.2293897229,1.1543075464,1.3114131945,1.2063427323,1.0797570047,1.2448217821,1.3707790477,1.3581554610,1.3299418853,0.9931609384,1.0221030240,0.9590395017,1.2000701670,1.0906132500
2024-06-12,1.2234452235,1.1536095879,1.3138666471,1.2044306387,1.0729736060,1.2406421358,1.3669413706,1.3543531253,1.3262185372,0.9882330652,1.0195375623,0.9627331340,1.2004284427,1.0827800250
2024-06-13,1.2311254418,1.1542601910,1.3019521162,1.2065880670,1.0779782950,1.2410761550,1.3634519215,1.3508958107,1.3228330430,0.9924722834,1.0236935135,0.9619039566,1.2028273496,1.0824892750
2024-06-14,1.2251178978,1.1554072998,1.3030083576,1.2002388970,1.0760364096,1.2358593277,1.3604666384,1.3479380193,1.3199366951,0.9922535042,1.0214887656,0.9614568733,1.2004911920,1.0815965250
2024-06-17,1.2240705004,1.1605612046,1.3066855990,1.2005858713,1.0821544363,1.2378385439,1.3733685713,1.3607211375,1.3324542638,0.9944866636,1.0229086455,0.9620998444,1.2023056064,1.0758898500
2024-06-18,1.2237338235,1.1614231937,1.3090041553,1.1998775630,1.0851712420,1.2377517356,1.3604366155,1.3479082728,1.3199075666,0.9892520573,1.0201196406,0.9614851775,1.2026157006,1.0843665000
2024-06-19,1.2287706953,1.1601994942,1.3152606926,1.1986133472,1.0883709113,1.2445846036,1.3649139406,1.3523443660,1.3313287491,0.9921114791,1.0254587832,0.9605737167,1.2058143011,1.0859714000
2024-06-20,1.2364156821,1.1628218994,1.3185613580,1.2013225794,1.0805068187,1.2514328288,1.3776451277,1.3649583108,1.3357757001,0.9833391667,1.0227533117,0.9547162261,1.2052431766,1.0868068500
2024-06-21,1.2462917527,1.1744183237,1.3303055921,1.2133029578,1.0876685636,1.2684400546,1.3992591668,1.3863733049,1.3460514378,0.9829557012,1.0280530482,0.9560106209,1.2102626251,1.0884004500
2024-06-24,1.2481676444,1.1693000554,1.3288897507,1.2080152252,1.0777887585,1.2645200925,1.3933910993,1.3805592768,1.3512004044,0.9862576911,1.0297066823,0.9525188734,1.2094486179,1.0842907000
2024-06-25,1.2470274125,1.1731601390,1.3316305076,1.2120031150,1.0762760963,1.2686705232,1.3953685530,1.3825185200,1.3396035898,0.9836429292,1.0254591706,0.9456722509,1.2097636408,1.0914035000
2024-06-26,1.2506022442,1.1722145597,1.3271638466,1.2110262279,1.0775577627,1.2775164383,1.4033996064,1.3904756149,1.3451789364,0.9839818607,1.0221156141,0.9443048058,1.2134568829,1.0890207500
2024-06-27,1.2486321596,1.1743061749,1.3336614157,1.2131870958,1.0843159831,1.2744520501,1.4035415230,1.3906162246,1.3414704978,0.9826419930,1.0217415327,0.9454576469,1.2145152433,1.0919678250
2024-06-28,1.2458151893,1.1740324299,1.3362021204,1.2129042872,1.0829459271,1.2825195943,1.4130854838,1.4000722945,1.3406256303,0.9796350786,1.0184319534,0.9438277996,1.2151942364,1.1029259250
2024-07-01,1.2590212368,1.1788644060,1.3378354990,1.2178962485,1.0843065476,1.2876170620,1.4156390926,1.4026023870,1.3456979996,0.9811361194,1.0176809697,0.9358474491,1.2165545472,1.1105365000
2024-07-02,1.2589779350,1.1834634573,1.3423336954,1.2226475731,1.0813277716,1.2867935352,1.4140258235,1.4010039746,1.3430120167,0.9801918616,1.0115519380,0.9361786085,1.2181707632,1.1036750250
2024-07-03,1.2576883949,1.1827330887,1.3415232273,1.2218930221,1.0761543330,1.2849602239,1.4128790897,1.3998678012,1.3366880843,0.9770058292,1.0096432186,0.9384795393,1.2178790419,1.1016104000
2024-07-04,1.2642400916,1.1893677375,1.3473989628,1.2287473422,1.0731945041,1.2950009106,1.4245760036,1.4114569975,1.3467705608,0.9844891722,1.0168786060,0.9369375547,1.2220262286,1.1123773000
2024-07-05,1.2625998972,1.1870007404,1.3410017631,1.2263019745,1.0724348177,1.2983881065,1.4272528442,1.4141091869,1.3524815728,0.9882531192,1.0211786674,0.9366015419,1.2216848017,1.1132381750
2024-07-08,1.2651012818,1.1901072935,1.3449451689,1.2295113846,1.0705025000,1.2956217897,1.4220907926,1.4089946730,1.3525251007,0.9872147244,1.0226930652,0.9426038251,1.2222181359,1.1129236250
2024-07-09,1.2616050115,1.1947971318,1.3490555519,1.2343565021,1.0755151649,1.2952971833,1.4220363854,1.4089407667,1.3528799943,0.9884850497,1.0219712799,0.9397533769,1.2233884803,1.1065400750
2024-07-10,1.2610080773,1.1948670005,1.3499607874,1.2344286841,1.0731900320,1.2928268217,1.4237563806,1.4106449224,1.3525494022,0.9817628117,1.0160521422,0.9404977917,1.2228180735,1.1081140500
2024-07-11,1.2664998478,1.2040593108,1.3578906183,1.2439253490,1.0834739031,1.2955384966,1.4245021765,1.4113838503,1.3527363311,0.9883078567,1.0176696458,0.9414310077,1.2222483173,1.1094815500
2024-07-12,1.2598824767,1.1980525316,1.3560407858,1.2377196871,1.0844058650,1.2880199839,1.4200696113,1.4069921048,1.3448656054,0.9832531272,1.0172494459,0.9446094569,1.2236970537,1.1260862750
2024-07-15,1.2685844599,1.2035204856,1.3606553952,1.2433686835,1.0905098663,1.2971540096,1.4229940225,1.4098895850,1.3497882619,0.9859372009,1.0180956763,0.9399483299,1.2239845480,1.1252661250
2024-07-16,1.2766562762,1.2091123945,1.3667115480,1.2496461310,1.0941243117,1.3024151427,1.4261884535,1.4130545982,1.3563864637,0.9796680533,1.0099431731,0.9383131415,1.2245274217,1.1267452750
2024-07-17,1.2759572982,1.2037679601,1.3606705048,1.2532250105,1.0778093848,1.3073719444,1.4334539605,1.4202531967,1.3636151822,0.9895133804,1.0137852333,0.9465402219,1.2247433882,1.1371272250
2024-07-18,1.2908250172,1.2176382541,1.3763486925,1.2652139933,1.0820674341,1.3187537750,1.4414475359,1.4281731588,1.3662999115,0.9935451459,1.0101466552,0.9503599906,1.2250121599,1.1364800000
2024-07-19,1.2878484470,1.2191703833,1.3780805237,1.2574470746,1.0819545764,1.3216970238,1.4401224062,1.4268602323,1.3617707342,0.9899329193,1.0068701419,0.9481068203,1.2251158122,1.1296147750
2024-07-22,1.3003054003,1.2291025256,1.3893072497,1.2691621530,1.0900038566,1.3258421837,1.4476376183,1.4343062363,1.3593133543,0.9975260120,1.0087430211,0.9548277750,1.2268900698,1.1265589250
2024-07-23,1.2960252991,1.2192365067,1.3781552659,1.2630555455,1.0880237437,1.3173071647,1.4444511368,1.4311490994,1.3573228776,0.9987704814,1.0101986489,0.9492776466,1.2270360050,1.1330624500
2024-07-24,1.2995167337,1.2198731159,1.3788748526,1.2627814478,1.0910376161,1.3192184157,1.4478483192,1.4345149969,1.3536247342,0.9978369350,1.0080931268,0.9481857456,1.2292387846,1.1282223250
2024-07-25,1.2976219679,1.2166252443,1.3752036441,1.2567065504,1.0883718250,1.3113603645,1.4540158941,1.4406257742,1.3500507001,1.0022543824,1.0199642114,0.9410769155,1.2313643930,1.1258879500
2024-07-26,1.3030288261,1.2233920171,1.3828524173,1.2603256052,1.0883179324,1.3121953451,1.4555420183,1.4421378442,1.3547561960,1.0038243015,1.0222635972,0.9384340617,1.2322397720,1.1184420750
2024-07-29,1.3086266226,1.2158509218,1.3743283942,1.2534924390,1.0716008110,1.3124831365,1.4727121921,1.4591498969,1.3642152523,1.0171722255,1.0309341611,0.9479465937,1.2332943194,1.1188412500
2024-07-30,1.3027009123,1.2077907642,1.3652176527,1.2505459966,1.0637878912,1.3070676157,1.4663488796,1.4528451845,1.3686816654,1.0200481793,1.0357466572,0.9524427702,1.2310820681,1.1140670500
2024-07-31,1.3138146532,1.2173425887,1.3760144892,1.2575772055,1.0736671023,1.3205891107,1.4716075470,1.4580554245,1.3605038183,1.0257535040,1.0389814722,0.9547387936,1.2322139479,1.1234393750
2024-08-01,1.3066171461,1.2122035582,1.3702056228,1.2543154089,1.0757206316,1.3279185091,1.4634664625,1.4499893118,1.3572089997,1.0253577308,1.0364606119,0.9487821122,1.2317965301,1.1196722000
2024-08-02,1.3030059165,1.2137844131,1.3719925309,1.2509044971,1.0897825211,1.3215306571,1.4658205104,1.4523216811,1.3643827008,1.0242169821,1.0320775116,0.9442486531,1.2313723054,1.1054905750
2024-08-05,1.2993105732,1.2157982089,1.3742688105,1.2540516152,1.0904011275,1.3132664056,1.4708042088,1.4572594844,1.3714979099,1.0286128021,1.0362184759,0.9403573245,1.2293514743,1.1152476000
2024-08-06,1.3006035604,1.2168455979,1.3754527192,1.2547005603,1.0890174716,1.3125972148,1.4702378627,1.4566983538,1.3665595623,1.0248335139,1.0408007588,0.9375017661,1.2335561732,1.1090962000
2024-08-07,1.3007539674,1.2190026640,1.3778909434,1.2569742841,1.0874272188,1.3182390915,1.4649887056,1.4514975365,1.3668265168,1.0167023315,1.0354197530,0.9357307194,1.2322080119,1.1194554250
2024-08-08,1.3113161639,1.2251443592,1.3848331647,1.2592980074,1.0880696089,1.3331431236,1.4655515453,1.4520551930,1.3596814618,1.0173573344,1.0328677981,0.9386257125,1.2323293910,1.1311533000
2024-08-09,1.3094847350,1.2210633358,1.3802202090,1.2532088006,1.0897919594,1.3251094643,1.4606803957,1.4472289020,1.3585479657,1.0178808104,1.0269983716,0.9444737499,1.2339429505,1.1286017000
2024-08-12,1.3141642869,1.2234808122,1.3829527862,1.2555228348,1.0899775195,1.3315801340,1.4598323634,1.4463886793,1.3622211146,1.0224410247,1.0225732251,0.9458400228,1.2341826191,1.1172623000
2024-08-13,1.3205898375,1.2248826899,1.3839826862,1.2502565943,1.0873023484,1.3339867496,1.4697318432,1.4558082085,1.3634051686,1.0291363574,1.0325592156,0.9397014653,1.2318470208,1.1117787250
2024-08-14,1.3161621838,1.2254714344,1.3838896443,1.2515875063,1.0876603120,1.3348242027,1.4627738522,1.4543951354,1.3569505483,1.0315007205,1.0390024935,0.9402073145,1.2349337225,1.1183781250
2024-08-15,1.3186415624,1.2315340517,1.3872999892,1.2536989403,1.0920126437,1.3411067624,1.4652521450,1.4615627417,1.3592495508,1.0330908285,1.0427838995,0.9450905040,1.2407326571,1.1118885750
2024-08-16,1.3257307182,1.2307521388,1.3897450442,1.2637246922,1.0823149426,1.3445875103,1.4733606107,1.4708263263,1.3667714156,1.0260251862,1.0380233930,0.9414251315,1.2426106651,1.1211137000
2024-08-19,1.3277142622,1.2348472496,1.3932785788,1.2608089258,1.0892854555,1.3452794383,1.4764883378,1.4703404598,1.3696728695,1.0258040491,1.0402681479,0.9392782699,1.2445947902,1.1146171500
2024-08-20,1.3293661655,1.2299599504,1.3903865228,1.2529073004,1.0878792269,1.3499263460,1.4785556660,1.4771865928,1.3715906384,1.0220771677,1.0328650189,0.9300192760,1.2440077730,1.1156609000
2024-08-21,1.3272137700,1.2302663605,1.3886478318,1.2532300947,1.0891395395,1.3468335939,1.4792981685,1.4776352794,1.3722794251,1.0219066431,1.0372630322,0.9284965491,1.2442054587,1.1236086250
2024-08-22,1.3276008979,1.2298335400,1.3870511586,1.2608318836,1.0909606732,1.3497890726,1.4833344547,1.4799399028,1.3760237091,1.0248953664,1.0405094599,0.9359289550,1.2451582905,1.1248508000
2024-08-23,1.3175230740,1.2263373228,1.3849993761,1.2568719363,1.1014868829,1.3397724471,1.4752601065,1.4696501686,1.3685334937,1.0165424231,1.0331090171,0.9301034274,1.2466237314,1.1275828500
2024-08-26,1.3203104820,1.2352220379,1.3897905610,1.2608733030,1.1021819402,1.3370157042,1.4787166471,1.4710455960,1.3717399734,1.0124877390,1.0269135099,0.9281573783,1.2456050864,1.1394257750
2024-08-27,1.3354591706,1.2428268430,1.4010471353,1.2668920990,1.0996704214,1.3487525563,1.4891965722,1.4802340390,1.3814617360,1.0218812152,1.0308355149,0.9283750841,1.2479738450,1.1296122000
2024-08-28,1.3396472216,1.2376441077,1.3986083908,1.2636818220,1.1000382385,1.3605601771,1.4999010161,1.4876544778,1.3913917747,1.0214499685,1.0291988188,0.9273838316,1.2462434008,1.1255080500
2024-08-29,1.3415320256,1.2376526745,1.3939804799,1.2618906448,1.1017180551,1.3649120992,1.5013396603,1.4968184540,1.3927263413,1.0205718780,1.0294735727,0.9319290117,1.2455471664,1.1151039250
2024-08-30,1.3422792404,1.2352016245,1.3922874970,1.2571265599,1.1055174401,1.3713516793,1.5070194635,1.5026962978,1.3979952433,1.0285245406,1.0335487438,0.9407069690,1.2462951385,1.1124706000
2024-09-02,1.3400190159,1.2411492840,1.3939871014,1.2603152340,1.1065830523,1.3660275064,1.5034905632,1.5045433418,1.3947216387,1.0256281951,1.0305829460,0.9385874493,1.2484681689,1.1029253000
2024-09-03,1.3415434936,1.2383496778,1.3929849264,1.2654480879,1.1074055828,1.3667607101,1.5031083891,1.5019477709,1.3943671127,1.0246436774,1.0300364868,0.9397013317,1.2506917258,1.1098591250
2024-09-04,1.3400443662,1.2362851666,1.3912235572,1.2622703446,1.1041438415,1.3678901946,1.5025362848,1.5021769035,1.3938363969,1.0228301169,1.0276005335,0.9417247090,1.2501322775,1.1181891750
2024-09-05,1.3438057081,1.2425978636,1.4010926854,1.2656022989,1.1141876019,1.3746238915,1.5067588280,1.5057992483,1.3977534633,1.0238393520,1.0271248194,0.9474696212,1.2530652727,1.1168983000
2024-09-06,1.3474309289,1.2459763324,1.4033146259,1.2713438650,1.1178341576,1.3762086842,1.5094593342,1.5115830971,1.4002586033,1.0174216584,1.0177458630,0.9418475905,1.2535427339,1.1179502750
2024-09-09,1.3495859617,1.2466190528,1.4026507751,1.2667613825,1.1263173380,1.3734972778,1.5159987823,1.5126554097,1.4063249599,1.0179683362,1.0157022272,0.9403522836,1.2526957938,1.1190506000
2024-09-10,1.3547669236,1.2499336114,1.4042150726,1.2777330999,1.1273407854,1.3739621675,1.5147054467,1.5102461841,1.4051251897,1.0068886597,1.0050899702,0.9414537011,1.2535304073,1.1123060250
2024-09-11,1.3601891343,1.2463840970,1.4057435032,1.2741046414,1.1312000087,1.3822981514,1.5238587124,1.5150683770,1.4136162691,1.0014430968,0.9979756646,0.9363362974,1.2535957697,1.1144858250
2024-09-12,1.3583457523,1.2522480831,1.4124030876,1.2800990471,1.1341628007,1.3806199174,1.5167742616,1.5081422727,1.4070443377,0.9983466894,0.9952592115,0.9296479557,1.2535946907,1.1101792500
2024-09-13,1.3553865572,1.2504835370,1.4119447359,1.2782952562,1.1341799125,1.3933360162,1.5194456514,1.5109319217,1.4095224677,0.9976299707,0.9957989183,0.9393167848,1.2533924702,1.1089832000
2024-09-16,1.3467874139,1.2489003241,1.4063434551,1.2766768314,1.1258275108,1.3857586093,1.5323071306,1.5207707657,1.4214534926,0.9975717691,0.9961089857,0.9535298752,1.2542588512,1.1098307250
2024-09-17,1.3546123798,1.2522185792,1.4055980355,1.2800688871,1.1254453750,1.3845953823,1.5304035246,1.5267315388,1.4196876016,0.9897297886,0.9878467856,0.9468319027,1.2512921847,1.1101595250
2024-09-18,1.3557470245,1.2497321815,1.4082405376,1.2775271900,1.1220544069,1.3752116847,1.5342304374,1.5321055962,1.4232376591,0.9874189799,0.9893799050,0.9418376993,1.2513381684,1.1052443250
2024-09-19,1.3586101048,1.2527022903,1.4029492451,1.2805633563,1.1298487187,1.3759238140,1.5433265848,1.5382463907,1.4316757524,0.9914293971,0.9904597538,0.9411983717,1.2527203858,1.1112879250
2024-09-20,1.3604345153,1.2530531105,1.3994073209,1.2809219790,1.1275116987,1.3736349279,1.5511811012,1.5499219418,1.4389620396,0.9831959894,0.9877307475,0.9407093978,1.2522331046,1.1088838500
2024-09-23,1.3639219480,1.2594435651,1.4039912711,1.2874545622,1.1316193412,1.3846789710,1.5534327385,1.5560674217,1.4410507839,0.9909580690,0.9973064029,0.9347761173,1.2535619600,1.1086496500
2024-09-24,1.3630700758,1.2560426968,1.4059133945,1.2839780560,1.1306860236,1.3801102657,1.5667398182,1.5676779377,1.4533951726,0.9968479092,1.0016066203,0.9380879239,1.2546575625,1.1052571000
2024-09-25,1.3567729525,1.2543475244,1.4003684859,1.2822451817,1.1255015595,1.3726248091,1.5659152523,1.5705125415,1.4526302594,1.0052159596,1.0072654085,0.9415323518,1.2569338385,1.0981640000
2024-09-26,1.3603555857,1.2520392255,1.4057907611,1.2798855445,1.1170001400,1.3729301325,1.5643333189,1.5691260636,1.4511627697,1.0086976193,1.0140496345,0.9314037731,1.2568275060,1.0922855000
2024-09-27,1.3691185563,1.2655933819,1.4154837286,1.2937411557,1.1212173421,1.3739016627,1.5553001254,1.5595847118,1.4427830760,1.0056231742,1.0183446386,0.9227089738,1.2583028120,1.1027367500
2024-09-30,1.3713150889,1.2641153429,1.4202691158,1.2922302440,1.1164123454,1.3728604445,1.5574316241,1.5667516052,1.4447603730,1.0087394272,1.0263555291,0.9225072565,1.2593478042,1.0985064500
2024-10-01,1.3763479873,1.2624701051,1.4229151908,1.2905484149,1.1205956996,1.3747665113,1.5524030806,1.5580558837,1.4400956159,1.0101928311,1.0284828830,0.9289264828,1.2609256883,1.1012633500
2024-10-02,1.3761321299,1.2539944527,1.4185239483,1.2818842574,1.1152293748,1.3743224665,1.5511707722,1.5587140246,1.4389524578,1.0227964654,1.0398978148,0.9353831443,1.2602217975,1.0991451250
2024-10-03,1.3770757591,1.2513020166,1.4194202554,1.2791319394,1.1134842018,1.3739028772,1.5669962150,1.5658604555,1.4536330205,1.0220490418,1.0391224091,0.9301260828,1.2597263998,1.0926276500
2024-10-04,1.3717534195,1.2518183483,1.4247726934,1.2796597548,1.1099255587,1.3796862362,1.5801854016,1.5788515232,1.4658680451,1.0214947026,1.0389612590,0.9333068247,1.2601751900,1.0923550750
2024-10-07,1.3674699242,1.2488892071,1.4167568924,1.2766654672,1.1115693901,1.3857519857,1.5886210064,1.5818441731,1.4736933823,1.0289181271,1.0445423747,0.9286835077,1.2665867593,1.0879006750
2024-10-08,1.3599579909,1.2461081577,1.4129140633,1.2738225651,1.1010849528,1.3845894133,1.5855220535,1.5760149918,1.4706223220,1.0339563872,1.0469345811,0.9256318175,1.2638854598,1.0917393500
2024-10-09,1.3630271691,1.2510361674,1.4179019432,1.2771101482,1.1050512972,1.3882335664,1.5896950488,1.5801629651,1.4716696909,1.0331461370,1.0448194146,0.9253705199,1.2663345180,1.0853197250
2024-10-10,1.3692078136,1.2496145591,1.4202136013,1.2796785697,1.1058292858,1.3963162288,1.5989506732,1.5893630912,1.4801886055,1.0341920105,1.0475924034,0.9268200923,1.2707884725,1.0814302500
2024-10-11,1.3692186850,1.2510796196,1.4240066839,1.2772480707,1.1024511716,1.3963881946,1.5990330827,1.5894450065,1.4778052383,1.0300067024,1.0455554260,0.9256558687,1.2705543041,1.0763203250
2024-10-14,1.3670176442,1.2508401078,1.4239080300,1.2782739670,1.1002897676,1.3928961878,1.5950343133,1.5854702145,1.4706904724,1.0294386707,1.0447491533,0.9259695754,1.2693783401,1.0714077250
2024-10-15,1.3669317817,1.2501560107,1.4211463131,1.2814793984,1.0974120391,1.3950208908,1.5974673548,1.5878886670,1.4746597539,1.0302217051,1.0434326877,0.9270665472,1.2709837369,1.0535644500
2024-10-16,1.3648910471,1.2534759507,1.4219271817,1.2842236432,1.0967284206,1.3918518768,1.5938384511,1.5842815229,1.4723246284,1.0330034995,1.0444467995,0.9281693933,1.2687282912,1.0558062500
2024-10-17,1.3660783192,1.2558082229,1.4244155703,1.2850392082,1.0954928642,1.3943308837,1.5966772134,1.5871032634,1.4768484846,1.0313553595,1.0403185343,0.9259176914,1.2682824543,1.0540780250
2024-10-18,1.3734480352,1.2556909175,1.4250538662,1.2850905347,1.0984232396,1.4018828472,1.6053251233,1.5956993190,1.4803379915,1.0320561284,1.0406596434,0.9275041228,1.2723786634,1.0482288500
2024-10-21,1.3739849254,1.2559347411,1.4254856300,1.2844114346,1.0991805987,1.4064380838,1.6105414193,1.6008843372,1.4872724448,1.0368507317,1.0436656007,0.9279389804,1.2752805766,1.0449240500
2024-10-22,1.3772763783,1.2543463161,1.4232361125,1.2850266776,1.0988426391,1.4090758063,1.6135619301,1.6038867364,1.4882110810,1.0320966642,1.0383140016,0.9304415482,1.2722527363,1.0363049000
2024-10-23,1.3858470698,1.2563210440,1.4253849946,1.2908818093,1.1061704685,1.4182389264,1.6240548089,1.6143166982,1.4955642898,1.0287982656,1.0345727844,0.9277790594,1.2745763707,1.0355391750
2024-10-24,1.3882405693,1.2568684701,1.4262955875,1.2899681770,1.1055990729,1.4225903153,1.6290376746,1.6192696857,1.4999248920,1.0269140426,1.0337993084,0.9278162261,1.2777690359,1.0355744500
2024-10-25,1.3918697308,1.2638888769,1.4358417424,1.2913689084,1.1095143340,1.4234922757,1.6300705281,1.6202963461,1.4992412947,1.0293544069,1.0365432116,0.9289224352,1.2814768288,1.0171891000
2024-10-28,1.3878876462,1.2585361734,1.4295353496,1.2885617831,1.1081074711,1.4211468044,1.6273846803,1.6176266031,1.4967538463,1.0289517712,1.0364834286,0.9272616582,1.2788490719,1.0080337500
2024-10-29,1.3896347317,1.2638009740,1.4346159180,1.2870342144,1.1079769293,1.4230385491,1.6295509564,1.6197798899,1.4991744482,1.0300750532,1.0383538677,0.9283530474,1.2797035593,0.9937681750
2024-10-30,1.3950732983,1.2680155095,1.4370753715,1.2883430676,1.1129572920,1.4284769385,1.6357785689,1.6259701605,1.5028414000,1.0325962763,1.0401580706,0.9297975295,1.2821213019,1.0001221500
2024-10-31,1.4001905000,1.2706321957,1.4422258269,1.2940063521,1.1171847212,1.4317871158,1.6395691216,1.6297379844,1.5083551028,1.0336582793,1.0437368740,0.9266092885,1.2862570994,1.0012458500
2024-11-01,1.3969782641,1.2730754468,1.4444580734,1.2970388618,1.1157822167,1.4267277476,1.6337755341,1.6239791362,1.5023912323,1.0332012114,1.0443752752,0.9260811207,1.2909015130,1.0027075250
2024-11-04,1.4000470987,1.2758327021,1.4487419143,1.3007749970,1.1201489896,1.4273791662,1.6345214870,1.6247206163,1.5034325539,1.0315589224,1.0429854446,0.9231977401,1.2915027811,1.0058550000
2024-11-05,1.3926423569,1.2710157353,1.4437317183,1.2978562509,1.1138281551,1.4204939971,1.6253355671,1.6155897768,1.4944451698,1.0323198445,1.0458392194,0.9233527333,1.2898957323,1.0069628250
2024-11-06,1.3946751369,1.2717948713,1.4432712958,1.2976613888,1.1161686869,1.4256752622,1.6225803495,1.6147601440,1.4925410434,1.0339346796,1.0483510884,0.9248034881,1.2902482717,1.0023606500
2024-11-07,1.3921618090,1.2664841039,1.4377361789,1.2919144894,1.1128782886,1.4224354345,1.6168417575,1.6158502824,1.4940242816,1.0393318753,1.0518838229,0.9243415268,1.2889624590,1.0074417250
2024-11-08,1.3923909072,1.2636306002,1.4366685956,1.2885309151,1.1101316828,1.4183173314,1.6112383122,1.6117488189,1.4922854378,1.0418825183,1.0507944957,0.9218591714,1.2864140237,1.0124983500
2024-11-11,1.3961705613,1.2666608922,1.4396394897,1.2913344527,1.1082235266,1.4160536533,1.6056065753,1.6069227608,1.4917269811,1.0422162352,1.0517488925,0.9215621269,1.2865978049,1.0045227500
2024-11-12,1.4006066386,1.2700209492,1.4453254745,1.2977252493,1.1090805982,1.4220567256,1.6026099963,1.5998430265,1.4864209944,1.0408760141,1.0511898526,0.9246636622,1.2878515958,1.0014986750
2024-11-13,1.4015152631,1.2653964041,1.4448303282,1.2943020311,1.1100399182,1.4227769082,1.6021167509,1.6010838090,1.4894913418,1.0436996416,1.0547645464,0.9236581126,1.2860999379,1.0066091250
2024-11-14,1.4018689431,1.2665090755,1.4460152079,1.2930260272,1.1104161478,1.4222396984,1.6015296191,1.6012988420,1.4909808725,1.0423358097,1.0564856686,0.9242134515,1.2850510205,1.0106748750
2024-11-15,1.4040914426,1.2707024438,1.4476160914,1.2992850292,1.1133934037,1.4219045355,1.6062274731,1.6064560717,1.4963694560,1.0427259443,1.0600540651,0.9219322278,1.2872011147,1.0064537000
2024-11-18,1.4022115261,1.2695954046,1.4453046865,1.2986569781,1.1116966592,1.4187436603,1.6041011178,1.6052719402,1.4929773645,1.0437092801,1.0628567260,0.9191539616,1.2845091212,1.0070609250
2024-11-19,1.3991051820,1.2692989893,1.4433385601,1.2952766983,1.1128229211,1.4178568309,1.5991302400,1.6026718306,1.4878333975,1.0403464968,1.0616324935,0.9147411386,1.2839470280,1.0084652750
2024-11-20,1.3963164728,1.2668549588,1.4402588489,1.2914921962,1.1101958600,1.4137210168,1.6014680426,1.6042619029,1.4903343424,1.0395736038,1.0584147776,0.9165396073,1.2825057418,1.0153859000
2024-11-21,1.3951119767,1.2651687127,1.4389692375,1.2915033850,1.1079367298,1.4117996579,1.6083837059,1.6124938638,1.4969036718,1.0445833440,1.0619218703,0.9198340034,1.2859554158,1.0122166750
2024-11-22,1.3949522736,1.2654353908,1.4401925523,1.2920192740,1.1071910310,1.4098766557,1.6146948432,1.6184729038,1.4982892362,1.0475188932,1.0635534388,0.9188172635,1.2870635174,1.0068877500
2024-11-25,1.3909344471,1.2638011199,1.4334337887,1.2872450230,1.1090942879,1.4057390119,1.6128233066,1.6180804522,1.4992029134,1.0479278392,1.0634351129,0.9166049348,1.2854362768,1.0047251000
2024-11-26,1.3946402912,1.2691408736,1.4373600313,1.2904832551,1.1145857113,1.4035611322,1.6148853573,1.6182986740,1.5030292193,1.0515956747,1.0687094538,0.9116277153,1.2845787893,1.0021016000
2024-11-27,1.3965914075,1.2708972156,1.4404415274,1.2921038343,1.1149387000,1.4083426523,1.6141889846,1.6193354102,1.5016217355,1.0532122865,1.0712536137,0.9097508183,1.2839014683,1.0050931750
2024-11-28,1.3984434245,1.2741135323,1.4440926107,1.2954472692,1.1127497089,1.4106632178,1.6119674582,1.6186136800,1.4979968467,1.0531381464,1.0712065423,0.9087868239,1.2841204796,1.0096719750
2024-11-29,1.3990346248,1.2736712931,1.4466104412,1.2956944718,1.1146112426,1.4084462489,1.6118959157,1.6183203783,1.4966797089,1.0542182582,1.0684822740,0.9138219175,1.2879048909,1.0082496750
2024-12-02,1.3992271622,1.2696816237,1.4425958546,1.2903155779,1.1147940732,1.4094439541,1.6094422705,1.6197061425,1.4976710187,1.0584817914,1.0723608609,0.9163422922,1.2901658605,1.0156279750
2024-12-03,1.3916960330,1.2628529208,1.4359220546,1.2854616587,1.1082031688,1.4026903522,1.6080673494,1.6194920760,1.4965060046,1.0565290094,1.0673417704,0.9156556622,1.2870164441,1.0220315000
2024-12-04,1.3912097541,1.2603470304,1.4309091737,1.2854886054,1.1067807576,1.4061521155,1.6091731487,1.6204174403,1.4975350880,1.0598696406,1.0691396984,0.9176035122,1.2898551073,1.0176552250
2024-12-05,1.3889181635,1.2557555008,1.4266938611,1.2810931531,1.1043928858,1.4082263426,1.6131361420,1.6270260402,1.5012231445,1.0596325508,1.0708286533,0.9183799549,1.2927988910,1.0109292500
2024-12-06,1.3935173571,1.2577901705,1.4297269125,1.2856192820,1.1066502674,1.4118410267,1.6201198233,1.6355173278,1.5077223256,1.0603602681,1.0738256611,0.9192769667,1.2903045262,1.0053484000
2024-12-09,1.3970953924,1.2589351280,1.4278305846,1.2895987816,1.1041130440,1.4090616418,1.6230078415,1.6355658623,1.5104099845,1.0594363909,1.0729955807,0.9205691461,1.2914647518,1.0077764250
2024-12-10,1.3983288843,1.2617477670,1.4251299977,1.2921537084,1.1031034102,1.4126071457,1.6212093707,1.6363118668,1.5087362845,1.0635581084,1.0784844406,0.9208585711,1.2946799046,1.0054410750
2024-12-11,1.3944533172,1.2585713836,1.4235823969,1.2898302835,1.1011315045,1.4101834704,1.6152945228,1.6347825744,1.5032317854,1.0654094325,1.0805061493,0.9177207703,1.2973734022,1.0124070750
2024-12-12,1.3968584608,1.2618776420,1.4283640749,1.2910233763,1.1030317145,1.4093251439,1.6179430573,1.6367320224,1.5056965750,1.0607861446,1.0769338745,0.9131960713,1.2974239023,1.0182313000
2024-12-13,1.3990496255,1.2641556891,1.4289706729,1.2931372375,1.1069339442,1.4048405843,1.6181749558,1.6358354131,1.5059123853,1.0630670551,1.0770993003,0.9092514737,1.2934317164,1.0178266750
2024-12-16,1.4015882589,1.2668470443,1.4310624555,1.2903670082,1.1079495015,1.4052188342,1.6192764777,1.6337938116,1.5069374880,1.0579731375,1.0709162087,0.9083462393,1.2908133917,1.0261546250
2024-12-17,1.4049610520,1.2704328041,1.4359185869,1.2942598792,1.1106026878,1.4116023285,1.6229040224,1.6394295911,1.5103133679,1.0580524290,1.0712234939,0.9057204312,1.2926288251,1.0163640250
2024-12-18,1.4027849526,1.2671716835,1.4347990857,1.2908997407,1.1084437720,1.4123095175,1.6219754358,1.6392414257,1.5094492030,1.0571450579,1.0690638036,0.9079551350,1.2924654407,1.0153847250
2024-12-19,1.4089272881,1.2732139933,1.4390747563,1.2964079829,1.1111558674,1.4155471227,1.6261665960,1.6433932404,1.5133495972,1.0538501904,1.0662852682,0.9058435915,1.2897112841,1.0139330500
2024-12-20,1.4080181418,1.2737685232,1.4389784846,1.2957525173,1.1081222234,1.4073980524,1.6248800553,1.6388866530,1.5121523115,1.0515668243,1.0645824130,0.9041908676,1.2867502243,1.0249111500
2024-12-23,1.4058898296,1.2712322314,1.4386717179,1.2907746372,1.1053911303,1.4081376508,1.6234036171,1.6359341976,1.5107783028,1.0507158392,1.0637160934,0.9085043173,1.2868340906,1.0289898000
2024-12-24,1.4078674832,1.2736487309,1.4424599425,1.2928366688,1.1072193013,1.4052999308,1.6280475662,1.6401943726,1.5151000731,1.0493233426,1.0641800933,0.9079031466,1.2892972539,1.0298282000
2024-12-25,1.4116258562,1.2751630970,1.4432550461,1.2949933228,1.1042960925,1.4063986576,1.6314189781,1.6419233742,1.5182375897,1.0449140582,1.0595744584,0.9111663925,1.2869589293,1.0272696000
2024-12-26,1.4109159845,1.2781103258,1.4471482879,1.2955982642,1.1043540035,1.4063511667,1.6336743896,1.6444124875,1.5203365298,1.0436414186,1.0584168640,0.9111806826,1.2899263190,1.0332947250
2024-12-27,1.4102219452,1.2779880433,1.4488333652,1.2941504802,1.1015151106,1.4074912628,1.6334875484,1.6477088054,1.5201626509,1.0447299291,1.0598466137,0.9127287081,1.2901951168,1.0284756250
