date,ret60_ret5_top5_riskoff0_mthr0p05,ret60_ret5_top5_riskoff0_mthrneg0p05,ret60_ret5_top5_riskoff0_mthr0,ret60_ret5_top5_riskoff0_mthr0p02,ret60_ret5_top5_riskoff0_mthrneg0p02,equal_weight,benchmark
2010-01-04,1.0000000000,1.0000000000,1.0000000000,1.0000000000,1.0000000000,1.0000000000,1.0000000000
2010-01-05,1.0000000000,1.0000000000,1.0000000000,1.0000000000,1.0000000000,1.0078808336,1.0081493990
2010-01-06,1.0000000000,1.0000000000,1.0000000000,1.0000000000,1.0000000000,1.0032138715,1.0018386357
2010-01-07,1.0000000000,1.0000000000,1.0000000000,1.0000000000,1.0000000000,0.9825267912,0.9819615697
2010-01-08,1.0000000000,1.0000000000,1.0000000000,1.0000000000,1.0000000000,0.9893802574,0.9844140268
2010-01-11,1.0000000000,1.0000000000,1.0000000000,1.0000000000,1.0000000000,0.9927201207,0.9849571315
2010-01-12,1.0000000000,1.0000000000,1.0000000000,1.0000000000,1.0000000000,1.0133562101,0.9999123112
2010-01-13,1.0000000000,1.0000000000,1.0000000000,1.0000000000,1.0000000000,0.9969037773,0.9677277009
2010-01-14,1.0000000000,1.0000000000,1.0000000000,1.0000000000,1.0000000000,1.0183666068,0.9812798602
2010-01-15,1.0000000000,1.0000000000,1.0000000000,1.0000000000,1.0000000000,1.0230806341,0.9851523098
2010-01-18,1.0000000000,1.0000000000,1.0000000000,1.0000000000,1.0000000000,1.0364309417,0.9902269442
2010-01-19,1.0000000000,1.0000000000,1.0000000000,1.0000000000,1.0000000000,1.0358800659,0.9921504400
2010-01-20,1.0000000000,1.0000000000,1.0000000000,1.0000000000,1.0000000000,0.9994320892,0.9601723226
2010-01-21,1.0000000000,1.0000000000,1.0000000000,1.0000000000,1.0000000000,1.0012732165,0.9641720624
2010-01-22,1.0000000000,1.0000000000,1.0000000000,1.0000000000,1.0000000000,0.9785302060,0.9521869864
2010-01-25,1.0000000000,1.0000000000,1.0000000000,1.0000000000,1.0000000000,0.9670930152,0.9413842947
2010-01-26,1.0000000000,1.0000000000,1.0000000000,1.0000000000,1.0000000000,0.9357687940,0.9172811953
2010-01-27,1.0000000000,1.0000000000,1.0000000000,1.0000000000,1.0000000000,0.9295371453,0.9047699867
2010-01-28,1.0000000000,1.0000000000,1.0000000000,1.0000000000,1.0000000000,0.9402811480,0.9070329229
2010-01-29,1.0000000000,1.0000000000,1.0000000000,1.0000000000,1.0000000000,0.9441922377,0.9063512134
2010-02-01,1.0000000000,1.0000000000,1.0000000000,1.0000000000,1.0000000000,0.9312458152,0.8917977048
2010-02-02,1.0000000000,1.0000000000,1.0000000000,1.0000000000,1.0000000000,0.9268497594,0.8899534118
2010-02-03,1.0000000000,1.0000000000,1.0000000000,1.0000000000,1.0000000000,0.9441217661,0.9138641616
2010-02-04,1.0000000000,1.0000000000,1.0000000000,1.0000000000,1.0000000000,0.9495373038,0.9104923866
2010-02-05,1.0000000000,1.0000000000,1.0000000000,1.0000000000,1.0000000000,0.9300914173,0.8919051943
2010-02-08,1.0000000000,1.0000000000,1.0000000000,1.0000000000,1.0000000000,0.9304712520,0.8913111735
2010-02-09,1.0000000000,1.0000000000,1.0000000000,1.0000000000,1.0000000000,0.9314779029,0.8964593534
2010-02-10,1.0000000000,1.0000000000,1.0000000000,1.0000000000,1.0000000000,0.9431510113,0.9091713976
2010-02-11,1.0000000000,1.0000000000,1.0000000000,1.0000000000,1.0000000000,0.9436657658,0.9109449739
2010-02-12,1.0000000000,1.0000000000,1.0000000000,1.0000000000,1.0000000000,0.9554741855,0.9196799077
2010-02-22,1.0000000000,1.0000000000,1.0000000000,1.0000000000,1.0000000000,0.9536703976,0.9146081019
2010-02-23,1.0000000000,1.0000000000,1.0000000000,1.0000000000,1.0000000000,0.9575601594,0.9047869587
2010-02-24,1.0000000000,1.0000000000,1.0000000000,1.0000000000,1.0000000000,0.9752364164,0.9177564119
2010-02-25,1.0000000000,1.0000000000,1.0000000000,1.0000000000,1.0000000000,0.9893035118,0.9312350257
2010-02-26,1.0000000000,1.0000000000,1.0000000000,1.0000000000,1.0000000000,0.9885417215,0.9282762366
2010-03-01,1.0000000000,1.0000000000,1.0000000000,1.0000000000,1.0000000000,0.9997524563,0.9403688020
2010-03-02,1.0000000000,1.0000000000,1.0000000000,1.0000000000,1.0000000000,0.9973926633,0.9366406146
2010-03-03,1.0000000000,1.0000000000,1.0000000000,1.0000000000,1.0000000000,1.0087056179,0.9433841645
2010-03-04,1.0000000000,1.0000000000,1.0000000000,1.0000000000,1.0000000000,0.9773849415,0.9194790721
2010-03-05,1.0000000000,1.0000000000,1.0000000000,1.0000000000,1.0000000000,0.9801502688,0.9220786201
2010-03-08,1.0000000000,1.0000000000,1.0000000000,1.0000000000,1.0000000000,0.9889873187,0.9295519669
2010-03-09,1.0000000000,1.0000000000,1.0000000000,1.0000000000,1.0000000000,0.9906134744,0.9351187900
2010-03-10,1.0000000000,1.0000000000,1.0000000000,1.0000000000,1.0000000000,0.9814302306,0.9277161599
2010-03-11,1.0000000000,1.0000000000,1.0000000000,1.0000000000,1.0000000000,0.9767273561,0.9268732162
2010-03-12,1.0000000000,1.0000000000,1.0000000000,1.0000000000,1.0000000000,0.9626665757,0.9145458711
2010-03-15,1.0000000000,1.0000000000,1.0000000000,1.0000000000,1.0000000000,0.9517637733,0.9004166631
2010-03-16,1.0000000000,1.0000000000,1.0000000000,1.0000000000,1.0000000000,0.9584144860,0.9062974686
2010-03-17,1.0000000000,1.0000000000,1.0000000000,1.0000000000,1.0000000000,0.9810750945,0.9260840172
2010-03-18,1.0000000000,1.0000000000,1.0000000000,1.0000000000,1.0000000000,0.9820537963,0.9242821542
2010-03-19,1.0000000000,1.0000000000,1.0000000000,1.0000000000,1.0000000000,0.9905400111,0.9317272144
2010-03-22,1.0000000000,1.0000000000,1.0000000000,1.0000000000,1.0000000000,0.9953374968,0.9342051295
2010-03-23,1.0000000000,1.0000000000,1.0000000000,1.0000000000,1.0000000000,0.9897150229,0.9265507478
2010-03-24,1.0000000000,1.0000000000,1.0000000000,1.0000000000,1.0000000000,0.9917148968,0.9268619015
2010-03-25,1.0000000000,1.0000000000,1.0000000000,1.0000000000,1.0000000000,0.9785164587,0.9134144030
2010-03-26,1.0000000000,1.0000000000,1.0000000000,1.0000000000,1.0000000000,0.9920352613,0.9263895136
2010-03-29,1.0000000000,1.0000000000,1.0000000000,1.0000000000,1.0000000000,1.0058403064,0.9500202250
2010-03-30,1.0000000000,1.0000000000,1.0000000000,1.0000000000,1.0000000000,1.0094663371,0.9523312486
2010-03-31,1.0000000000,1.0000000000,1.0000000000,1.0000000000,1.0000000000,1.0083046807,0.9463627543
2010-04-01,1.0000000000,1.0000000000,1.0000000000,1.0000000000,1.0000000000,1.0225535597,0.9594679837
2010-04-02,1.0000000000,1.0000000000,1.0000000000,1.0000000000,1.0000000000,1.0264102755,0.9638269646
2010-04-06,1.0000000000,1.0000000000,1.0000000000,1.0000000000,1.0000000000,1.0271423395,0.9632046571
2010-04-07,1.0000000000,1.0000000000,1.0000000000,1.0000000000,1.0000000000,1.0273068109,0.9580564772
2010-04-08,1.0000000000,1.0000000000,1.0000000000,1.0000000000,1.0000000000,1.0221722009,0.9466823941
2010-04-09,1.0000000000,1.0000000000,1.0000000000,1.0000000000,1.0000000000,1.0353183861,0.9558557718
2010-04-12,1.0000000000,1.0000000000,1.0000000000,1.0000000000,1.0000000000,1.0384793408,0.9480231838
2010-04-13,1.0000000000,1.0000000000,1.0000000000,1.0000000000,1.0000000000,1.0332576503,0.9594057529
2010-04-14,1.0000000000,1.0000000000,1.0000000000,1.0000000000,1.0000000000,1.0424065246,0.9627973286
2010-04-15,1.0000000000,1.0000000000,1.0000000000,1.0000000000,1.0000000000,1.0339071608,0.9602119240
2010-04-16,1.0000000000,1.0000000000,1.0000000000,1.0000000000,1.0000000000,1.0291179504,0.9493950889
2010-04-19,1.0000000000,1.0000000000,1.0000000000,1.0000000000,1.0000000000,0.9818118197,0.8985044820
2010-04-20,1.0000000000,1.0000000000,1.0000000000,1.0000000000,1.0000000000,0.9867395174,0.8976417376
2010-04-21,1.0000000000,1.0000000000,1.0000000000,1.0000000000,1.0000000000,1.0126771381,0.9155500491
2010-04-22,1.0000000000,1.0000000000,1.0000000000,1.0000000000,1.0000000000,1.0124736845,0.9056101017
2010-04-23,1.0000000000,1.0000000000,1.0000000000,1.0000000000,1.0000000000,1.0041052523,0.9023458163
2010-04-26,1.0000000000,1.0000000000,1.0000000000,1.0000000000,1.0000000000,1.0014357450,0.8972542098
2010-04-27,1.0000000000,1.0000000000,1.0000000000,1.0000000000,1.0000000000,0.9780681722,0.8792666955
2010-04-28,1.0000000000,1.0000000000,1.0000000000,1.0000000000,1.0000000000,0.9731077214,0.8761381862
2010-04-29,1.0000000000,1.0000000000,1.0000000000,1.0000000000,1.0000000000,0.9505283301,0.8655900748
2010-04-30,1.0000000000,1.0000000000,1.0000000000,1.0000000000,1.0000000000,0.9352301577,0.8676578327
2010-05-04,1.0000000000,1.0000000000,1.0000000000,1.0000000000,1.0000000000,0.9278782087,0.8541028448
2010-05-05,1.0000000000,1.0000000000,1.0000000000,1.0000000000,1.0000000000,0.9450846866,0.8588946122
2010-05-06,1.0000000000,1.0000000000,1.0000000000,1.0000000000,1.0000000000,0.9104510393,0.8194261759
2010-05-07,1.0000000000,1.0000000000,1.0000000000,1.0000000000,1.0000000000,0.8924915086,0.8024343536
2010-05-10,1.0000000000,1.0000000000,1.0000000000,1.0000000000,1.0000000000,0.8862894008,0.8084990227
2010-05-11,1.0000000000,1.0000000000,1.0000000000,1.0000000000,1.0000000000,0.8667442156,0.7922596267
2010-05-12,1.0000000000,1.0000000000,1.0000000000,1.0000000000,1.0000000000,0.8559768197,0.7971645409
2010-05-13,1.0000000000,1.0000000000,1.0000000000,1.0000000000,1.0000000000,0.8775339262,0.8166116490
2010-05-14,1.0000000000,1.0000000000,1.0000000000,1.0000000000,1.0000000000,0.8778107881,0.8112682909
2010-05-17,1.0000000000,1.0000000000,1.0000000000,1.0000000000,1.0000000000,0.8267318934,0.7679047756
2010-05-18,1.0000000000,1.0000000000,1.0000000000,1.0000000000,1.0000000000,0.8376231740,0.7839235354
2010-05-19,1.0000000000,1.0000000000,1.0000000000,1.0000000000,1.0000000000,0.8379555108,0.7813268161
2010-05-20,1.0000000000,1.0000000000,1.0000000000,1.0000000000,1.0000000000,0.8260021470,0.7711011730
2010-05-21,1.0000000000,1.0000000000,1.0000000000,1.0000000000,1.0000000000,0.8405925722,0.7831993958
2010-05-24,1.0000000000,1.0000000000,1.0000000000,1.0000000000,1.0000000000,0.8751297331,0.8128099162
2010-05-25,1.0000000000,1.0000000000,1.0000000000,1.0000000000,1.0000000000,0.8633904557,0.7959708421
2010-05-26,1.0000000000,1.0000000000,1.0000000000,1.0000000000,1.0000000000,0.8650125868,0.7959708421
2010-05-27,1.0000000000,1.0000000000,1.0000000000,1.0000000000,1.0000000000,0.8800822267,0.8089940400
2010-05-28,1.0000000000,1.0000000000,1.0000000000,1.0000000000,1.0000000000,0.8809822121,0.8062558872
2010-05-31,1.0000000000,1.0000000000,1.0000000000,1.0000000000,1.0000000000,0.8563420871,0.7844638114
2010-06-01,1.0000000000,1.0000000000,1.0000000000,1.0000000000,1.0000000000,0.8434536926,0.7762323809
2010-06-02,1.0000000000,1.0000000000,1.0000000000,1.0000000000,1.0000000000,0.8527445563,0.7800143131
2010-06-03,1.0000000000,1.0000000000,1.0000000000,1.0000000000,1.0000000000,0.8475104159,0.7739468153
2010-06-04,1.0000000000,1.0000000000,1.0000000000,1.0000000000,1.0000000000,0.8524058963,0.7762974403
2010-06-07,1.0000000000,1.0000000000,1.0000000000,1.0000000000,1.0000000000,0.8445595817,0.7625303021
2010-06-08,1.0000000000,1.0000000000,1.0000000000,1.0000000000,1.0000000000,0.8503314920,0.7635542808
2010-06-09,1.0000000000,1.0000000000,1.0000000000,1.0000000000,1.0000000000,0.8716379496,0.7869728419
2010-06-10,1.0000000000,1.0000000000,1.0000000000,1.0000000000,1.0000000000,0.8705460622,0.7778899817
2010-06-11,1.0000000000,1.0000000000,1.0000000000,1.0000000000,1.0000000000,0.8696742456,0.7803933549
2010-06-17,1.0000000000,1.0000000000,1.0000000000,1.0000000000,1.0000000000,0.8619343185,0.7758278811
2010-06-18,1.0000000000,1.0000000000,1.0000000000,1.0000000000,1.0000000000,0.8354640318,0.7626575923
2010-06-21,1.0000000000,1.0000000000,1.0000000000,1.0000000000,1.0000000000,0.8599768246,0.7865570274
2010-06-22,1.0000000000,1.0000000000,1.0000000000,1.0000000000,1.0000000000,0.8645886482,0.7874226005
2010-06-23,1.0000000000,1.0000000000,1.0000000000,1.0000000000,1.0000000000,0.8590460305,0.7802886941
2010-06-24,1.0000000000,1.0000000000,1.0000000000,1.0000000000,1.0000000000,0.8596733731,0.7800058271
2010-06-25,1.0000000000,1.0000000000,1.0000000000,1.0000000000,1.0000000000,0.8498358497,0.7740062174
2010-06-28,1.0000000000,1.0000000000,1.0000000000,1.0000000000,1.0000000000,0.8390125655,0.7684874817
2010-06-29,1.0000000000,1.0000000000,1.0000000000,1.0000000000,1.0000000000,0.7965053558,0.7331969914
2010-06-30,1.0000000000,1.0000000000,1.0000000000,1.0000000000,1.0000000000,0.7840874866,0.7250079910
2010-07-01,1.0000000000,1.0000000000,1.0000000000,1.0000000000,1.0000000000,0.7733801441,0.7145419110
2010-07-02,1.0000000000,1.0000000000,1.0000000000,1.0000000000,1.0000000000,0.7708542551,0.7168161619
2010-07-05,1.0000000000,1.0000000000,1.0000000000,1.0000000000,1.0000000000,0.7659308124,0.7107458355
2010-07-06,1.0000000000,1.0000000000,1.0000000000,1.0000000000,1.0000000000,0.7846183649,0.7249599036
2010-07-07,1.0000000000,1.0000000000,1.0000000000,1.0000000000,1.0000000000,0.7942266651,0.7299327059
2010-07-08,1.0000000000,1.0000000000,1.0000000000,1.0000000000,1.0000000000,0.7914952388,0.7286428323
2010-07-09,1.0000000000,1.0000000000,1.0000000000,1.0000000000,1.0000000000,0.8143434511,0.7487773073
2010-07-12,1.0000000000,1.0000000000,1.0000000000,1.0000000000,1.0000000000,0.8231904542,0.7570143951
2010-07-13,1.0000000000,1.0000000000,1.0000000000,1.0000000000,1.0000000000,0.8115836672,0.7452386408
2010-07-14,1.0000000000,1.0000000000,1.0000000000,1.0000000000,1.0000000000,0.8189975611,0.7506187716
2010-07-15,1.0000000000,1.0000000000,1.0000000000,1.0000000000,1.0000000000,0.8027695452,0.7378642974
2010-07-16,1.0000000000,1.0000000000,1.0000000000,1.0000000000,1.0000000000,0.8062512790,0.7400169154
2010-07-19,1.0000000000,1.0000000000,1.0000000000,1.0000000000,1.0000000000,0.8256909496,0.7587823140
2010-07-20,1.0000000000,1.0000000000,1.0000000000,1.0000000000,1.0000000000,0.8474380369,0.7754799546
2010-07-21,1.0000000000,1.0000000000,1.0000000000,1.0000000000,1.0000000000,0.8505482219,0.7771318981
2010-07-22,1.0000000000,1.0000000000,1.0000000000,1.0000000000,1.0000000000,0.8609824872,0.7867352336
2010-07-23,1.0000000000,1.0000000000,1.0000000000,1.0000000000,1.0000000000,0.8622815816,0.7900702359
2010-07-26,1.0000000000,1.0000000000,1.0000000000,1.0000000000,1.0000000000,0.8718509127,0.7951533564
2010-07-27,1.0000000000,1.0000000000,1.0000000000,1.0000000000,1.0000000000,0.8700781732,0.7908170048
2010-07-28,1.0000000000,1.0000000000,1.0000000000,1.0000000000,1.0000000000,0.8897411052,0.8100519627
2010-07-29,1.0000000000,1.0000000000,1.0000000000,1.0000000000,1.0000000000,0.8952137870,0.8140856465
2010-07-30,1.0000000000,1.0000000000,1.0000000000,1.0000000000,1.0000000000,0.8945710756,0.8115030705
2010-08-02,1.0000000000,1.0000000000,1.0000000000,1.0000000000,1.0000000000,0.9099564157,0.8251994920
2010-08-03,1.0000000000,1.0000000000,1.0000000000,1.0000000000,1.0000000000,0.8949509834,0.8106884135
2010-08-04,1.0000000000,1.0000000000,1.0000000000,1.0000000000,1.0000000000,0.9023202341,0.8136472026
2010-08-05,1.0000000000,1.0000000000,1.0000000000,1.0000000000,1.0000000000,0.9025938286,0.8064058067
2010-08-06,1.0000000000,1.0000000000,1.0000000000,1.0000000000,1.0000000000,0.9194493266,0.8196524696
2010-08-09,1.0000000000,1.0000000000,1.0000000000,1.0000000000,1.0000000000,0.9290314232,0.8254738730
2010-08-10,1.0000000000,1.0000000000,1.0000000000,1.0000000000,1.0000000000,0.8988466764,0.8012604555
2010-08-11,1.0000000000,1.0000000000,1.0000000000,1.0000000000,1.0000000000,0.9076031296,0.8062304291
2010-08-12,1.0000000000,1.0000000000,1.0000000000,1.0000000000,1.0000000000,0.8959448250,0.7966638663
2010-08-13,1.0000000000,1.0000000000,1.0000000000,1.0000000000,1.0000000000,0.9106271005,0.8077409391
2010-08-16,1.0000000000,1.0000000000,1.0000000000,1.0000000000,1.0000000000,0.9308618418,0.8265600824
2010-08-17,1.0000000000,1.0000000000,1.0000000000,1.0000000000,1.0000000000,0.9380937746,0.8322768250
2010-08-18,1.0000000000,1.0000000000,1.0000000000,1.0000000000,1.0000000000,0.9373127270,0.8308822905
2010-08-19,1.0000000000,1.0000000000,1.0000000000,1.0000000000,1.0000000000,0.9406546193,0.8359852117
2010-08-20,1.0000000000,1.0000000000,1.0000000000,1.0000000000,1.0000000000,0.9204297028,0.8198419905
2010-08-23,1.0000000000,1.0000000000,1.0000000000,1.0000000000,1.0000000000,0.9243162077,0.8192366550
2010-08-24,1.0000000000,1.0000000000,1.0000000000,1.0000000000,1.0000000000,0.9342724588,0.8236606953
2010-08-25,1.0000000000,1.0000000000,1.0000000000,1.0000000000,1.0000000000,0.9149782452,0.8041966152
2010-08-26,1.0000000000,1.0000000000,1.0000000000,1.0000000000,1.0000000000,0.9205834152,0.8061964851
2010-08-27,1.0000000000,1.0000000000,1.0000000000,1.0000000000,1.0000000000,0.9256629440,0.8085951975
2010-08-30,1.0000000000,1.0000000000,1.0000000000,1.0000000000,1.0000000000,0.9481533068,0.8245602125
2010-08-31,1.0000000000,1.0000000000,1.0000000000,1.0000000000,1.0000000000,0.9508521208,0.8212167242
2010-09-01,1.0000000000,1.0000000000,1.0000000000,1.0000000000,1.0000000000,0.9411580290,0.8157998207
2010-09-02,1.0000000000,1.0000000000,1.0000000000,1.0000000000,1.0000000000,0.9572853722,0.8263649041
2010-09-03,1.0000000000,1.0000000000,1.0000000000,1.0000000000,1.0000000000,0.9625074340,0.8260311210
2010-09-06,1.0000000000,1.0000000000,1.0000000000,1.0000000000,1.0000000000,0.9690331743,0.8415548635
2010-09-07,1.0000000000,1.0000000000,1.0000000000,1.0000000000,1.0000000000,0.9752321658,0.8438234570
2010-09-08,1.0000000000,1.0000000000,1.0000000000,1.0000000000,1.0000000000,0.9808138223,0.8432181216
2010-09-09,1.0000000000,1.0000000000,1.0000000000,1.0000000000,1.0000000000,0.9650153272,0.8277990399
2010-09-10,1.0000000000,1.0000000000,1.0000000000,1.0000000000,1.0000000000,0.9697091931,0.8295217001
2010-09-13,1.0000000000,1.0000000000,1.0000000000,1.0000000000,1.0000000000,0.9853321690,0.8379426515
2010-09-14,1.0000000000,1.0000000000,1.0000000000,1.0000000000,1.0000000000,0.9888188694,0.8387035638
2010-09-15,1.0000000000,1.0000000000,1.0000000000,1.0000000000,1.0000000000,0.9731776342,0.8240453945
2010-09-16,1.0000000000,1.0000000000,1.0000000000,1.0000000000,1.0000000000,0.9519191296,0.8083745612
2010-09-17,1.0000000000,1.0000000000,1.0000000000,1.0000000000,1.0000000000,0.9527567827,0.8093872252
2010-09-20,1.0000000000,1.0000000000,1.0000000000,1.0000000000,1.0000000000,0.9459930777,0.8061229397
2010-09-21,1.0000000000,1.0000000000,1.0000000000,1.0000000000,1.0000000000,0.9454857322,0.8082868724
2010-09-27,1.0000000000,1.0000000000,1.0000000000,1.0000000000,1.0000000000,0.9661751576,0.8217371996
2010-09-28,1.0000000000,1.0000000000,1.0000000000,1.0000000000,1.0000000000,0.9606172595,0.8149144469
2010-09-29,1.0000000000,1.0000000000,1.0000000000,1.0000000000,1.0000000000,0.9532412434,0.8131889580
2010-09-30,1.0000000000,1.0000000000,1.0000000000,1.0000000000,1.0000000000,0.9684974835,0.8303759586
2010-10-08,0.9990000000,0.9990000000,0.9990000000,0.9990000000,0.9990000000,0.9953358940,0.8611122897
2010-10-11,1.0002666261,1.0002666261,1.0002666261,1.0002666261,1.0002666261,1.0092114628,0.8861941090
2010-10-12,0.9966998695,0.9966998695,0.9966998695,0.9966998695,0.9966998695,1.0177598278,0.8974607027
2010-10-13,0.9944063923,0.9944063923,0.9944063923,0.9944063923,0.9944063923,1.0257104438,0.9101472889
2010-10-14,0.9633487211,0.9633487211,0.9633487211,0.9633487211,0.9633487211,1.0075261518,0.9120028966
2010-10-15,0.9614720452,0.9614720452,0.9614720452,0.9614720452,0.9614720452,1.0189346511,0.9412909485
2010-10-18,0.9535347320,0.9535347320,0.9535347320,0.9535347320,0.9535347320,1.0087812416,0.9352036501
2010-10-19,0.9824706133,0.9824706133,0.9824706133,0.9824706133,0.9824706133,1.0363241445,0.9548657372
2010-10-20,0.9991199384,0.9991199384,0.9991199384,0.9991199384,0.9991199384,1.0401771983,0.9608653468
2010-10-21,1.0038730438,1.0038730438,1.0038730438,1.0038730438,1.0038730438,1.0438220757,0.9545885275
2010-10-22,1.0129116465,1.0129116465,1.0129116465,1.0129116465,1.0129116465,1.0512141730,0.9557115096
2010-10-25,1.0408385624,1.0408385624,1.0408385624,1.0408385624,1.0408385624,1.0788590053,0.9846827505
2010-10-26,1.0445905298,1.0445905298,1.0445905298,1.0445905298,1.0445905298,1.0809386816,0.9804397451
2010-10-27,1.0315311566,1.0315311566,1.0315311566,1.0315311566,1.0315311566,1.0681676701,0.9628425873
2010-10-28,1.0300986460,1.0300986460,1.0300986460,1.0300986460,1.0300986460,1.0668348235,0.9610944691
2010-10-29,1.0386414734,1.0386414734,1.0386414734,1.0386414734,1.0386414734,1.0720360187,0.9560848941
2010-11-01,1.0640877837,1.0640877837,1.0640877837,1.0640877837,1.0640877837,1.1000812129,0.9823971849
2010-11-02,1.0571888413,1.0571888413,1.0571888413,1.0571888413,1.0571888413,1.0948062492,0.9796052874
2010-11-03,1.0545597573,1.0545597573,1.0545597573,1.0545597573,1.0545597573,1.0798967154,0.9675014073
2010-11-04,1.0831807664,1.0831807664,1.0831807664,1.0831807664,1.0831807664,1.1026203821,0.9845186876
2010-11-05,1.0902547763,1.0902547763,1.0902547763,1.0902547763,1.0902547763,1.1170991361,0.9959182288
2010-11-08,1.1043551702,1.1043551702,1.1043551702,1.1043551702,1.1043551702,1.1368252756,1.0037734461
2010-11-09,1.0982511789,1.0982511789,1.0982511789,1.0982511789,1.0982511789,1.1368575300,0.9968092599
2010-11-10,1.0947134106,1.0947134106,1.0947134106,1.0947134106,1.0947134106,1.1367443427,0.9897828430
2010-11-11,1.1022333120,1.1022333120,1.1022333120,1.1022333120,1.1022333120,1.1338173561,0.9928576076
2010-11-12,1.0360372392,1.0360372392,1.0360372392,1.0360372392,1.0360372392,1.0678295009,0.9311501656
2010-11-15,1.0414375885,1.0414375885,1.0414375885,1.0414375885,1.0414375885,1.0884790616,0.9376730793
2010-11-16,0.9905819315,0.9905819315,0.9905819315,0.9905819315,0.9905819315,1.0492519818,0.8965583569
2010-11-17,0.9622229872,0.9622229872,0.9622229872,0.9622229872,0.9622229872,1.0178870770,0.8779937939
2010-11-18,0.9830062134,0.9830062134,0.9830062134,0.9830062134,0.9830062134,1.0316973035,0.8904540864
2010-11-19,0.9964267649,0.9964267649,0.9964267649,0.9964267649,0.9964267649,1.0537225192,0.8991918489
2010-11-22,0.9994782068,0.9994782068,0.9994782068,0.9994782068,0.9994782068,1.0622989901,0.8972372377
2010-11-23,0.9733854025,0.9733854025,0.9733854025,0.9733854025,0.9733854025,1.0447401892,0.8789187691
2010-11-24,1.0006516358,1.0006516358,1.0006516358,1.0006516358,1.0006516358,1.0676318027,0.8986798596
2010-11-25,1.0158239923,1.0158239923,1.0158239923,1.0158239923,1.0158239923,1.0797802831,0.9118162043
2010-11-26,1.0049132827,1.0049132827,1.0049132827,1.0049132827,1.0049132827,1.0720024153,0.9037177213
2010-11-29,1.0008422512,1.0008422512,1.0008422512,1.0008422512,1.0008422512,1.0731790234,0.9023599596
2010-11-30,0.9906713255,0.9906713255,0.9906713255,0.9906713255,0.9906713255,1.0495743708,0.8873510352
2010-12-01,0.9907123640,0.9907123640,0.9907123640,0.9907123640,0.9907123640,1.0497871761,0.8870766541
2010-12-02,0.9963002135,0.9963002135,0.9963002135,0.9963002135,0.9963002135,1.0551662134,0.8924624423
2010-12-03,0.9926644681,0.9926644681,0.9926644681,0.9926644681,0.9926644681,1.0516322089,0.8933393301
2010-12-06,0.9788361806,0.9788361806,0.9788361806,0.9788361806,0.9788361806,1.0435249643,0.8954353748
2010-12-07,0.9968195855,0.9968195855,0.9968195855,0.9968195855,0.9968195855,1.0557478488,0.9052706613
2010-12-08,0.9957762746,0.9957762746,0.9957762746,0.9957762746,0.9957762746,1.0506785575,0.8972202657
2010-12-09,0.9822761986,0.9822761986,0.9822761986,0.9822761986,0.9822761986,1.0329789104,0.8834983862
2010-12-10,1.0003187715,1.0003187715,1.0003187715,1.0003187715,1.0003187715,1.0452549268,0.8944198822
2010-12-13,1.0336488704,1.0336488704,1.0336488704,1.0336488704,1.0336488704,1.0772468797,0.9224463472
2010-12-14,1.0427965620,1.0427965620,1.0427965620,1.0427965620,1.0427965620,1.0873686960,0.9248252589
2010-12-15,1.0347372444,1.0347372444,1.0347372444,1.0347372444,1.0347372444,1.0814288747,0.9186502717
2010-12-16,1.0321922431,1.0321922431,1.0321922431,1.0321922431,1.0321922431,1.0794868405,0.9138500182
2010-12-17,1.0342944220,1.0342944220,1.0342944220,1.0342944220,1.0342944220,1.0807087778,0.9124328544
2010-12-20,1.0204434424,1.0204434424,1.0204434424,1.0204434424,1.0204434424,1.0673239642,0.8991381042
2010-12-21,1.0297683609,1.0297683609,1.0297683609,1.0297683609,1.0297683609,1.0820224506,0.9191792330
2010-12-22,1.0213609053,1.0213609053,1.0213609053,1.0213609053,1.0213609053,1.0736849345,0.9095447821
2010-12-23,1.0002629861,1.0002629861,1.0002629861,1.0002629861,1.0002629861,1.0574047576,0.9019526311
2010-12-24,0.9816151918,0.9816151918,0.9816151918,0.9816151918,0.9816151918,1.0434607776,0.8946970918
2010-12-27,0.9536035070,0.9536035070,0.9536035070,0.9536035070,0.9536035070,1.0176334077,0.8768057524
2010-12-28,0.9349264511,0.9349264511,0.9349264511,0.9349264511,0.9349264511,0.9976338785,0.8613102966
2010-12-29,0.9541564585,0.9541564585,0.9541564585,0.9541564585,0.9541564585,1.0114030005,0.8660907494
2010-12-30,0.9645590208,0.9645590208,0.9645590208,0.9645590208,0.9645590208,1.0138699678,0.8667328576
2010-12-31,0.9912720834,0.9914705363,0.9914705363,0.9914705363,0.9914705363,1.0343289900,0.8848816060
2011-01-04,0.9912720834,1.0122507379,1.0122507379,1.0122507379,1.0122507379,1.0510977051,0.9022552988
2011-01-05,0.9912720834,1.0139414981,1.0139414981,1.0139414981,1.0139414981,1.0495331035,0.8982895031
2011-01-06,0.9912720834,1.0075952809,1.0075952809,1.0075952809,1.0075952809,1.0451008271,0.8937579733
2011-01-07,0.9912720834,0.9944191972,0.9944191972,0.9944191972,0.9944191972,1.0417264776,0.8957323852
2011-01-10,0.9912720834,0.9725720744,0.9725720744,0.9725720744,0.9725720744,1.0186590961,0.8792044648
2011-01-11,0.9912720834,0.9683358574,0.9683358574,0.9683358574,0.9683358574,1.0166391778,0.8839368301
2011-01-12,0.9912720834,0.9700521378,0.9700521378,0.9700521378,0.9700521378,1.0225186812,0.8888643737
2011-01-13,0.9912720834,0.9675202109,0.9675202109,0.9675202109,0.9675202109,1.0227952927,0.8885645347
2011-01-14,0.9912720834,0.9387431244,0.9387431244,0.9387431244,0.9387431244,1.0049820785,0.8745852462
2011-01-17,0.9912720834,0.9026124448,0.9026124448,0.9026124448,0.9026124448,0.9649745949,0.8413455419
2011-01-18,0.9912720834,0.9033018631,0.9033018631,0.9033018631,0.9033018631,0.9678255597,0.8422790031
2011-01-19,0.9912720834,0.9327283189,0.9327283189,0.9327283189,0.9327283189,0.9903326864,0.8612876673
2011-01-20,0.9912720834,0.8962750930,0.8962750930,0.8962750930,0.8962750930,0.9569309314,0.8329613632
2011-01-21,0.9912720834,0.9058675124,0.9058675124,0.9058675124,0.9058675124,0.9653947954,0.8439224605
2011-01-24,0.9912720834,0.8864533907,0.8864533907,0.8864533907,0.8864533907,0.9506181761,0.8356542573
2011-01-25,0.9912720834,0.8713338937,0.8713338937,0.8713338937,0.8713338937,0.9397723275,0.8312471890
2011-01-26,0.9912720834,0.8893878853,0.8893878853,0.8893878853,0.8893878853,0.9545554091,0.8424996393
2011-01-27,0.9912720834,0.9117306345,0.9117306345,0.9117306345,0.9117306345,0.9695979202,0.8560885713
2011-01-28,0.9912720834,0.9200839792,0.9200839792,0.9200839792,0.9200839792,0.9775712109,0.8589936157
2011-01-31,0.9912720834,0.9349035184,0.9349035184,0.9349035184,0.9349035184,0.9911470387,0.8702432374
2011-02-01,0.9912720834,0.9349035184,0.9349035184,0.9349035184,0.9349035184,0.9921721636,0.8704610450
2011-02-09,0.9912720834,0.9349035184,0.9349035184,0.9349035184,0.9349035184,0.9865627550,0.8601844859
2011-02-10,0.9912720834,0.9349035184,0.9349035184,0.9349035184,0.9349035184,1.0116875181,0.8780645107
2011-02-11,0.9912720834,0.9349035184,0.9349035184,0.9349035184,0.9349035184,1.0205508354,0.8828166767
2011-02-14,0.9912720834,0.9349035184,0.9349035184,0.9349035184,0.9349035184,1.0422681688,0.9105885614
2011-02-15,0.9912720834,0.9349035184,0.9349035184,0.9349035184,0.9349035184,1.0430740499,0.9101727469
2011-02-16,0.9912720834,0.9349035184,0.9349035184,0.9349035184,0.9349035184,1.0585102881,0.9189020233
2011-02-17,0.9912720834,0.9349035184,0.9349035184,0.9349035184,0.9349035184,1.0613602543,0.9181609117
2011-02-18,0.9912720834,0.9349035184,0.9349035184,0.9349035184,0.9349035184,1.0499769525,0.9085349468
2011-02-21,0.9912720834,0.9349035184,0.9349035184,0.9349035184,0.9349035184,1.0717201682,0.9215553161
2011-02-22,0.9912720834,0.9349035184,0.9349035184,0.9349035184,0.9349035184,1.0441426588,0.8948724694
2011-02-23,0.9912720834,0.9349035184,0.9349035184,0.9349035184,0.9349035184,1.0532257082,0.8980292654
2011-02-24,0.9912720834,0.9349035184,0.9349035184,0.9349035184,0.9349035184,1.0590482056,0.9026117113
2011-02-25,0.9912720834,0.9349035184,0.9349035184,0.9349035184,0.9349035184,1.0609556769,0.9045012630
2011-02-28,0.9912720834,0.9349035184,0.9349035184,0.9349035184,0.9349035184,1.0768481683,0.9163647061
2011-03-01,0.9912720834,0.9349035184,0.9349035184,0.9349035184,0.9349035184,1.0815162871,0.9207010576
2011-03-02,0.9912720834,0.9349035184,0.9349035184,0.9349035184,0.9349035184,1.0784424203,0.9174226288
2011-03-03,0.9912720834,0.9349035184,0.9349035184,0.9349035184,0.9349035184,1.0632320646,0.9113183584
2011-03-04,0.9912720834,0.9349035184,0.9349035184,0.9349035184,0.9349035184,1.0775355069,0.9251646993
2011-03-07,0.9912720834,0.9339686149,0.9339686149,0.9339686149,0.9339686149,1.0936843280,0.9432229303
2011-03-08,0.9912720834,0.9351442549,0.9351442549,0.9351442549,0.9351442549,1.0978967346,0.9440573881
2011-03-09,0.9912720834,0.9349020223,0.9349020223,0.9349020223,0.9349020223,1.0988503640,0.9444534019
2011-03-10,0.9912720834,0.9212474855,0.9212474855,0.9212474855,0.9212474855,1.0876994207,0.9278773941
2011-03-11,0.9912720834,0.9162917606,0.9162917606,0.9162917606,0.9162917606,1.0823270299,0.9185767263
2011-03-14,0.9912720834,0.9215948041,0.9215948041,0.9215948041,0.9215948041,1.0901962220,0.9229724799
2011-03-15,0.9912720834,0.9127113774,0.9127113774,0.9127113774,0.9127113774,1.0750296610,0.9062946400
2011-03-16,0.9912720834,0.9324101976,0.9324101976,0.9324101976,0.9324101976,1.0897255013,0.9188086772
2011-03-17,0.9912720834,0.9101646387,0.9101646387,0.9101646387,0.9101646387,1.0705767611,0.9043541721
2011-03-18,0.9912720834,0.9160534283,0.9160534283,0.9160534283,0.9160534283,1.0766226637,0.9096126702
2011-03-21,0.9912720834,0.9120645327,0.9120645327,0.9120645327,0.9120645327,1.0720089115,0.9071856711
2011-03-22,0.9912720834,0.9161176378,0.9161176378,0.9161176378,0.9161176378,1.0743358140,0.9116691135
2011-03-23,0.9912720834,0.9289429942,0.9289429942,0.9289429942,0.9289429942,1.0872399322,0.9235410426
2011-03-24,0.9912720834,0.9272088108,0.9272088108,0.9272088108,0.9272088108,1.0866184834,0.9197025370
2011-03-25,0.9912720834,0.9433050024,0.9433050024,0.9433050024,0.9433050024,1.0964857734,0.9318997632
2011-03-28,0.9912720834,0.9475580654,0.9475580654,0.9475580654,0.9475580654,1.0934476442,0.9307937532
2011-03-29,0.9912720834,0.9308860106,0.9308860106,0.9308860106,0.9308860106,1.0767989759,0.9215751168
2011-03-30,0.9912720834,0.9345698586,0.9345698586,0.9345698586,0.9345698586,1.0717874068,0.9210376694
2011-03-31,0.9912720834,0.9198463089,0.9198463089,0.9198463089,0.9198463089,1.0604759286,0.9117624596
2011-04-01,0.9912720834,0.9287782039,0.9287782039,0.9287782039,0.9287782039,1.0733209873,0.9257474054
2011-04-06,0.9902808113,0.9323317998,0.9323317998,0.9323317998,0.9323317998,1.0750884498,0.9365925272
2011-04-07,1.0016005358,0.9429891194,0.9429891194,0.9429891194,0.9429891194,1.0817102924,0.9403688020
2011-04-08,1.0121095689,0.9528831875,0.9528831875,0.9528831875,0.9528831875,1.0935268064,0.9485549738
2011-04-11,1.0045073939,0.9457258747,0.9457258747,0.9457258747,0.9457258747,1.0870781801,0.9429174339
2011-04-12,1.0023662130,0.9437099909,0.9437099909,0.9437099909,0.9437099909,1.0882661147,0.9410335395
2011-04-13,1.0109572839,0.9517983317,0.9517983317,0.9517983317,0.9517983317,1.0997421513,0.9538361012
2011-04-14,1.0066338002,0.9477278485,0.9477278485,0.9477278485,0.9477278485,1.0960301044,0.9486115472
2011-04-15,1.0030138474,0.9443197272,0.9443197272,0.9443197272,0.9443197272,1.0952347386,0.9501333718
2011-04-18,1.0040569479,0.9453017878,0.9453017878,0.9453017878,0.9453017878,1.0988922752,0.9502748053
2011-04-19,0.9957670435,0.9374969900,0.9374969900,0.9374969900,0.9374969900,1.0851102071,0.9322759764
2011-04-20,1.0017078564,0.9430901599,0.9430901599,0.9430901599,0.9430901599,1.0903010746,0.9322618330
2011-04-21,1.0098336428,0.9507404435,0.9507404435,0.9507404435,0.9507404435,1.0979178298,0.9383745895
2011-04-22,1.0053237547,0.9464944639,0.9464944639,0.9464944639,0.9464944639,1.0944236577,0.9334442172
2011-04-25,0.9853791735,0.9277169949,0.9277169949,0.9277169949,0.9277169949,1.0741314052,0.9191962051
2011-04-26,0.9696404541,0.9128992700,0.9128992700,0.9128992700,0.9128992700,1.0578733718,0.9139320497
2011-04-27,0.9633074818,0.9069368890,0.9069368890,0.9069368890,0.9069368890,1.0487173480,0.9078617233
2011-04-28,0.9367331286,0.8819176074,0.8819176074,0.8819176074,0.8819176074,1.0199490595,0.8943633088
2011-04-29,0.9492255552,0.8936790052,0.8936790052,0.8936790052,0.8936790052,1.0348737613,0.9031152146
2011-05-03,0.9620884533,0.9057891953,0.9057891953,0.9057891953,0.9057891953,1.0477050020,0.9083227965
2011-05-04,0.9417287965,0.8866209400,0.8866209400,0.8866209400,0.8866209400,1.0249361065,0.8850994136
2011-05-05,0.9403630970,0.8853351582,0.8853351582,0.8853351582,0.8853351582,1.0278279215,0.8842762706
2011-05-06,0.9403630970,0.8853351582,0.8853351582,0.8853351582,0.8853351582,1.0307936893,0.8829411382
2011-05-09,0.9403630970,0.8853351582,0.8853351582,0.8853351582,0.8853351582,1.0373301874,0.8853059065
2011-05-10,0.9403630970,0.8853351582,0.8853351582,0.8853351582,0.8853351582,1.0437193624,0.8919419670
2011-05-11,0.9403630970,0.8853351582,0.8853351582,0.8853351582,0.8853351582,1.0449011845,0.8896422581
2011-05-12,0.9403630970,0.8853351582,0.8853351582,0.8853351582,0.8853351582,1.0301644321,0.8773403711
2011-05-13,0.9403630970,0.8853351582,0.8853351582,0.8853351582,0.8853351582,1.0379978213,0.8848335186
2011-05-16,0.9403630970,0.8853351582,0.8853351582,0.8853351582,0.8853351582,1.0340237714,0.8770179027
2011-05-17,0.9403630970,0.8853351582,0.8853351582,0.8853351582,0.8853351582,1.0317859507,0.8814221423
2011-05-18,0.9403630970,0.8853351582,0.8853351582,0.8853351582,0.8853351582,1.0388172857,0.8880270873
2011-05-19,0.9403630970,0.8853351582,0.8853351582,0.8853351582,0.8853351582,1.0332957291,0.8827261593
2011-05-20,0.9403630970,0.8853351582,0.8853351582,0.8853351582,0.8853351582,1.0309405821,0.8829977116
2011-05-23,0.9403630970,0.8853351582,0.8853351582,0.8853351582,0.8853351582,0.9943119513,0.8551013654
2011-05-24,0.9403630970,0.8853351582,0.8853351582,0.8853351582,0.8853351582,0.9941949188,0.8560178546
2011-05-25,0.9403630970,0.8853351582,0.8853351582,0.8853351582,0.8853351582,0.9826346234,0.8458685856
2011-05-26,0.9403630970,0.8853351582,0.8853351582,0.8853351582,0.8853351582,0.9754760772,0.8424854960
2011-05-27,0.9403630970,0.8853351582,0.8853351582,0.8853351582,0.8853351582,0.9553496474,0.8382226899
2011-05-30,0.9403630970,0.8853351582,0.8853351582,0.8853351582,0.8853351582,0.9435526356,0.8357334601
2011-05-31,0.9403630970,0.8853351582,0.8853351582,0.8853351582,0.8853351582,0.9616633601,0.8490423537
2011-06-01,0.9403630970,0.8853351582,0.8853351582,0.8853351582,0.8853351582,0.9694673800,0.8497806366
2011-06-02,0.9403630970,0.8853351582,0.8853351582,0.8853351582,0.8853351582,0.9568475946,0.8360729005
2011-06-03,0.9403630970,0.8853351582,0.8853351582,0.8853351582,0.8853351582,0.9705044642,0.8447399462
2011-06-07,0.9403630970,0.8853351582,0.8853351582,0.8853351582,0.8853351582,0.9786725801,0.8498060947
2011-06-08,0.9403630970,0.8853351582,0.8853351582,0.8853351582,0.8853351582,0.9833367477,0.8510478809
2011-06-09,0.9403630970,0.8853351582,0.8853351582,0.8853351582,0.8853351582,0.9625214850,0.8349923484
2011-06-10,0.9403630970,0.8853351582,0.8853351582,0.8853351582,0.8853351582,0.9642417813,0.8378323334
2011-06-13,0.9403630970,0.8853351582,0.8853351582,0.8853351582,0.8853351582,0.9618817987,0.8345567332
2011-06-14,0.9403630970,0.8853351582,0.8853351582,0.8853351582,0.8853351582,0.9762015716,0.8467794175
2011-06-15,0.9403630970,0.8853351582,0.8853351582,0.8853351582,0.8853351582,0.9677928766,0.8381689452
2011-06-16,0.9403630970,0.8853351582,0.8853351582,0.8853351582,0.8853351582,0.9487091939,0.8252871807
2011-06-17,0.9403630970,0.8853351582,0.8853351582,0.8853351582,0.8853351582,0.9370383638,0.8180967009
2011-06-20,0.9403630970,0.8853351582,0.8853351582,0.8853351582,0.8853351582,0.9260539066,0.8132144160
2011-06-21,0.9403630970,0.8853351582,0.8853351582,0.8853351582,0.8853351582,0.9381261984,0.8228799823
2011-06-22,0.9403630970,0.8853351582,0.8853351582,0.8853351582,0.8853351582,0.9372028039,0.8227413775
2011-06-23,0.9403630970,0.8853351582,0.8853351582,0.8853351582,0.8853351582,0.9537798682,0.8366160052
2011-06-24,0.9403630970,0.8853351582,0.8853351582,0.8853351582,0.8853351582,0.9754995562,0.8563714384
2011-06-27,0.9403630970,0.8853351582,0.8853351582,0.8853351582,0.8853351582,0.9844779846,0.8589228989
2011-06-28,0.9403630970,0.8853351582,0.8853351582,0.8853351582,0.8853351582,0.9868227142,0.8604051222
2011-06-29,0.9403630970,0.8853351582,0.8853351582,0.8853351582,0.8853351582,0.9744026391,0.8486491685
2011-06-30,0.9403630970,0.8853351582,0.8853351582,0.8853351582,0.8853351582,0.9887259499,0.8610726883
2011-07-01,0.9403630970,0.8853351582,0.8853351582,0.8853351582,0.8853351582,0.9932147757,0.8626737157
2011-07-04,0.9403630970,0.8853351582,0.8853351582,0.8853351582,0.8853351582,1.0158671772,0.8831052011
2011-07-05,0.9403630970,0.8853351582,0.8853351582,0.8853351582,0.8853351582,1.0204786626,0.8832522919
2011-07-06,0.9403630970,0.8853351582,0.8853351582,0.8853351582,0.8853351582,1.0220836848,0.8807658908
2011-07-07,0.9403630970,0.8853351582,0.8853351582,0.8853351582,0.8853351582,1.0207992139,0.8773630004
2011-07-08,0.9403630970,0.8853351582,0.8853351582,0.8853351582,0.8853351582,1.0209027499,0.8794845031
2011-07-11,0.9403630970,0.8853351582,0.8853351582,0.8853351582,0.8853351582,1.0275058986,0.8806244572
2011-07-12,0.9403630970,0.8853351582,0.8853351582,0.8853351582,0.8853351582,1.0119948692,0.8646990436
2011-07-13,0.9403630970,0.8853351582,0.8853351582,0.8853351582,0.8853351582,1.0303296031,0.8786557027
2011-07-14,0.9403630970,0.8853351582,0.8853351582,0.8853351582,0.8853351582,1.0378284584,0.8813429395
2011-07-15,0.9403630970,0.8853351582,0.8853351582,0.8853351582,0.8853351582,1.0443186388,0.8850598122
2011-07-18,0.9403630970,0.8853351582,0.8853351582,0.8853351582,0.8853351582,1.0448160801,0.8832805786
2011-07-19,0.9403630970,0.8853351582,0.8853351582,0.8853351582,0.8853351582,1.0341235520,0.8755102214
2011-07-20,0.9403630970,0.8853351582,0.8853351582,0.8853351582,0.8853351582,1.0340424889,0.8745032148
2011-07-21,0.9403630970,0.8853351582,0.8853351582,0.8853351582,0.8853351582,1.0221323819,0.8653298371
2011-07-22,0.9403630970,0.8853351582,0.8853351582,0.8853351582,0.8853351582,1.0265210825,0.8678332103
2011-07-25,0.9403630970,0.8853351582,0.8853351582,0.8853351582,0.8853351582,0.9891683256,0.8396313677
2011-07-26,0.9403630970,0.8853351582,0.8853351582,0.8853351582,0.8853351582,0.9936663965,0.8423129471
2011-07-27,0.9403630970,0.8853351582,0.8853351582,0.8853351582,0.8853351582,1.0071381654,0.8486152245
2011-07-28,0.9403630970,0.8853351582,0.8853351582,0.8853351582,0.8853351582,1.0028074645,0.8432266076
2011-07-29,0.9403630970,0.8853351582,0.8853351582,0.8853351582,0.8853351582,0.9941834231,0.8407034337
2011-08-01,0.9403630970,0.8853351582,0.8853351582,0.8853351582,0.8853351582,0.9980960858,0.8422988038
2011-08-02,0.9403630970,0.8853351582,0.8853351582,0.8853351582,0.8853351582,0.9918514775,0.8362624214
2011-08-03,0.9403630970,0.8853351582,0.8853351582,0.8853351582,0.8853351582,0.9933766985,0.8358352922
2011-08-04,0.9403630970,0.8853351582,0.8853351582,0.8853351582,0.8853351582,0.9968053682,0.8373740888
2011-08-05,0.9403630970,0.8853351582,0.8853351582,0.8853351582,0.8853351582,0.9765769886,0.8195845815
2011-08-08,0.9403630970,0.8853351582,0.8853351582,0.8853351582,0.8853351582,0.9333637695,0.7903021868
2011-08-09,0.9403630970,0.8853351582,0.8853351582,0.8853351582,0.8853351582,0.9314993737,0.7915156864
2011-08-10,0.9403630970,0.8853351582,0.8853351582,0.8853351582,0.8853351582,0.9433059657,0.7988504284
2011-08-11,0.9403630970,0.8853351582,0.8853351582,0.8853351582,0.8853351582,0.9596788149,0.8109571372
2011-08-12,0.9403630970,0.8853351582,0.8853351582,0.8853351582,0.8853351582,0.9683263944,0.8133473635
2011-08-15,0.9403630970,0.8853351582,0.8853351582,0.8853351582,0.8853351582,0.9807357138,0.8253720409
2011-08-16,0.9403630970,0.8853351582,0.8853351582,0.8853351582,0.8853351582,0.9738533368,0.8196298402
2011-08-17,0.9403630970,0.8853351582,0.8853351582,0.8853351582,0.8853351582,0.9704091400,0.8163570687
2011-08-18,0.9403630970,0.8853351582,0.8853351582,0.8853351582,0.8853351582,0.9534109321,0.8017158714
2011-08-19,0.9403630970,0.8853351582,0.8853351582,0.8853351582,0.8853351582,0.9449667485,0.7941944371
2011-08-22,0.9403630970,0.8853351582,0.8853351582,0.8853351582,0.8853351582,0.9374060116,0.7857451990
2011-08-23,0.9403630970,0.8853351582,0.8853351582,0.8853351582,0.8853351582,0.9524465194,0.7979678833
2011-08-24,0.9403630970,0.8853351582,0.8853351582,0.8853351582,0.8853351582,0.9509961424,0.7948620033
2011-08-25,0.9403630970,0.8853351582,0.8853351582,0.8853351582,0.8853351582,0.9727252716,0.8214005878
2011-08-26,0.9403630970,0.8853351582,0.8853351582,0.8853351582,0.8853351582,0.9743217410,0.8206594762
2011-08-29,0.9403630970,0.8853351582,0.8853351582,0.8853351582,0.8853351582,0.9652177830,0.8069658834
2011-08-30,0.9403630970,0.8853351582,0.8853351582,0.8853351582,0.8853351582,0.9580593481,0.8038345454
2011-08-31,0.9403630970,0.8853351582,0.8853351582,0.8853351582,0.8853351582,0.9560493126,0.8052601952
2011-09-01,0.9403630970,0.8853351582,0.8853351582,0.8853351582,0.8853351582,0.9506296839,0.8017950742
2011-09-02,0.9403630970,0.8853351582,0.8853351582,0.8853351582,0.8853351582,0.9396075446,0.7931167138
2011-09-05,0.9403630970,0.8853351582,0.8853351582,0.8853351582,0.8853351582,0.9175176148,0.7761362061
2011-09-06,0.9403630970,0.8853351582,0.8853351582,0.8853351582,0.8853351582,0.9102031777,0.7703317747
2011-09-07,0.9403630970,0.8853351582,0.8853351582,0.8853351582,0.8853351582,0.9303624653,0.7861129262
2011-09-08,0.9403630970,0.8853351582,0.8853351582,0.8853351582,0.8853351582,0.9219500998,0.7796126419
2011-09-09,0.9403630970,0.8853351582,0.8853351582,0.8853351582,0.8853351582,0.9178156081,0.7781954781
2011-09-13,0.9403630970,0.8853351582,0.8853351582,0.8853351582,0.8853351582,0.9049769170,0.7694775163
2011-09-14,0.9403630970,0.8853351582,0.8853351582,0.8853351582,0.8853351582,0.9130874500,0.7731067003
2011-09-15,0.9403630970,0.8853351582,0.8853351582,0.8853351582,0.8853351582,0.9138198075,0.7719582601
2011-09-16,0.9403630970,0.8853351582,0.8853351582,0.8853351582,0.8853351582,0.9140208401,0.7733556233
2011-09-19,0.9403630970,0.8853351582,0.8853351582,0.8853351582,0.8853351582,0.8961450399,0.7578771395
2011-09-20,0.9403630970,0.8853351582,0.8853351582,0.8853351582,0.8853351582,0.8994911495,0.7608698727
2011-09-21,0.9403630970,0.8853351582,0.8853351582,0.8853351582,0.8853351582,0.9256591371,0.7838273606
2011-09-22,0.9403630970,0.8853351582,0.8853351582,0.8853351582,0.8853351582,0.8992137491,0.7596931458
2011-09-23,0.9403630970,0.8853351582,0.8853351582,0.8853351582,0.8853351582,0.8925221688,0.7551078713
2011-09-26,0.9403630970,0.8853351582,0.8853351582,0.8853351582,0.8853351582,0.8777406248,0.7385431782
2011-09-27,0.9403630970,0.8853351582,0.8853351582,0.8853351582,0.8853351582,0.8828869359,0.7461692733
2011-09-28,0.9403630970,0.8853351582,0.8853351582,0.8853351582,0.8853351582,0.8701968534,0.7384498321
2011-09-29,0.9403630970,0.8853351582,0.8853351582,0.8853351582,0.8853351582,0.8487855536,0.7321136107
2011-09-30,0.9403630970,0.8853351582,0.8853351582,0.8853351582,0.8853351582,0.8463478273,0.7301788002
2011-10-10,0.9403630970,0.8853351582,0.8853351582,0.8853351582,0.8853351582,0.8405467228,0.7233136175
2011-10-11,0.9403630970,0.8853351582,0.8853351582,0.8853351582,0.8853351582,0.8370424895,0.7218738243
2011-10-12,0.9403630970,0.8853351582,0.8853351582,0.8853351582,0.8853351582,0.8653301466,0.7481153984
2011-10-13,0.9403630970,0.8853351582,0.8853351582,0.8853351582,0.8853351582,0.8755695156,0.7531617462
2011-10-14,0.9403630970,0.8853351582,0.8853351582,0.8853351582,0.8853351582,0.8714844305,0.7506668590
2011-10-17,0.9403630970,0.8853351582,0.8853351582,0.8853351582,0.8853351582,0.8751960824,0.7543922178
2011-10-18,0.9403630970,0.8853351582,0.8853351582,0.8853351582,0.8853351582,0.8503731156,0.7332507362
2011-10-19,0.9403630970,0.8853351582,0.8853351582,0.8853351582,0.8853351582,0.8455136776,0.7306681602
2011-10-20,0.9403630970,0.8853351582,0.8853351582,0.8853351582,0.8853351582,0.8220947814,0.7129748277
2011-10-21,0.9403630970,0.8853351582,0.8853351582,0.8853351582,0.8853351582,0.8115023445,0.7093965598
2011-10-24,0.9403630970,0.8853351582,0.8853351582,0.8853351582,0.8853351582,0.8275248915,0.7288549826
2011-10-25,0.9403630970,0.8853351582,0.8853351582,0.8853351582,0.8853351582,0.8484973067,0.7426475788
2011-10-26,0.9403630970,0.8853351582,0.8853351582,0.8853351582,0.8853351582,0.8574936175,0.7500643522
2011-10-27,0.9403630970,0.8853351582,0.8853351582,0.8853351582,0.8853351582,0.8583293749,0.7517134670
2011-10-28,0.9403630970,0.8853351582,0.8853351582,0.8853351582,0.8853351582,0.8761081024,0.7662924336
2011-10-31,0.9403630970,0.8853351582,0.8853351582,0.8853351582,0.8853351582,0.8784267348,0.7624143266
2011-11-01,0.9403630970,0.8853351582,0.8853351582,0.8853351582,0.8853351582,0.8788285650,0.7630422914
2011-11-02,0.9403630970,0.8853351582,0.8853351582,0.8853351582,0.8853351582,0.8941302597,0.7757317063
2011-11-03,0.9403630970,0.8853351582,0.8853351582,0.8853351582,0.8853351582,0.8981766297,0.7762719823
2011-11-04,0.9403630970,0.8853351582,0.8853351582,0.8853351582,0.8853351582,0.9047793618,0.7817737460
2011-11-07,0.9403630970,0.8853351582,0.8853351582,0.8853351582,0.8853351582,0.9004251549,0.7739949027
2011-11-08,0.9403630970,0.8853351582,0.8853351582,0.8853351582,0.8853351582,0.8922945318,0.7715792183
2011-11-09,0.9403630970,0.8853351582,0.8853351582,0.8853351582,0.8853351582,0.9034377475,0.7783510550
2011-11-10,0.9403630970,0.8853351582,0.8853351582,0.8853351582,0.8853351582,0.8901139828,0.7636249975
2011-11-11,0.9403630970,0.8853351582,0.8853351582,0.8853351582,0.8853351582,0.8897395226,0.7623266379
2011-11-14,0.9403630970,0.8853351582,0.8853351582,0.8853351582,0.8853351582,0.9092879422,0.7779408978
2011-11-15,0.9403630970,0.8853351582,0.8853351582,0.8853351582,0.8853351582,0.9134476324,0.7763794718
2011-11-16,0.9403630970,0.8853351582,0.8853351582,0.8853351582,0.8853351582,0.8908337124,0.7552889062
2011-11-17,0.9403630970,0.8853351582,0.8853351582,0.8853351582,0.8853351582,0.8900563948,0.7529976833
2011-11-18,0.9403630970,0.8853351582,0.8853351582,0.8853351582,0.8853351582,0.8668757276,0.7372929060
2011-11-21,0.9403630970,0.8853351582,0.8853351582,0.8853351582,0.8853351582,0.8668777403,0.7381952518
2011-11-22,0.9403630970,0.8853351582,0.8853351582,0.8853351582,0.8853351582,0.8664713921,0.7381358497
2011-11-23,0.9403630970,0.8853351582,0.8853351582,0.8853351582,0.8853351582,0.8621352151,0.7309312265
2011-11-24,0.9403630970,0.8853351582,0.8853351582,0.8853351582,0.8853351582,0.8622261620,0.7323201036
2011-11-25,0.9403630970,0.8853351582,0.8853351582,0.8853351582,0.8853351582,0.8563695959,0.7269597735
2011-11-28,0.9403630970,0.8853351582,0.8853351582,0.8853351582,0.8853351582,0.8567265163,0.7279073780
2011-11-29,0.9403630970,0.8853351582,0.8853351582,0.8853351582,0.8853351582,0.8689791433,0.7378784407
2011-11-30,0.9403630970,0.8853351582,0.8853351582,0.8853351582,0.8853351582,0.8353449280,0.7132548660
2011-12-01,0.9403630970,0.8853351582,0.8853351582,0.8853351582,0.8853351582,0.8519579681,0.7308180797
2011-12-02,0.9403630970,0.8853351582,0.8853351582,0.8853351582,0.8853351582,0.8368155769,0.7233786769
2011-12-05,0.9403630970,0.8853351582,0.8853351582,0.8853351582,0.8853351582,0.8149287358,0.7132180933
2011-12-06,0.9403630970,0.8853351582,0.8853351582,0.8853351582,0.8853351582,0.8143563576,0.7117896148
2011-12-07,0.9403630970,0.8853351582,0.8853351582,0.8853351582,0.8853351582,0.8168493252,0.7151529038
2011-12-08,0.9403630970,0.8853351582,0.8853351582,0.8853351582,0.8853351582,0.8168442740,0.7142392433
2011-12-09,0.9403630970,0.8853351582,0.8853351582,0.8853351582,0.8853351582,0.8087079204,0.7081462875
2011-12-12,0.9403630970,0.8853351582,0.8853351582,0.8853351582,0.8853351582,0.7987980655,0.7008568042
2011-12-13,0.9403630970,0.8853351582,0.8853351582,0.8853351582,0.8853351582,0.7747474537,0.6850841388
2011-12-14,0.9403630970,0.8853351582,0.8853351582,0.8853351582,0.8853351582,0.7623592859,0.6781680400
2011-12-15,0.9403630970,0.8853351582,0.8853351582,0.8853351582,0.8853351582,0.7438750844,0.6621323082
2011-12-16,0.9403630970,0.8853351582,0.8853351582,0.8853351582,0.8853351582,0.7624002471,0.6760889673
2011-12-19,0.9403630970,0.8853351582,0.8853351582,0.8853351582,0.8853351582,0.7628865691,0.6744709679
2011-12-20,0.9403630970,0.8853351582,0.8853351582,0.8853351582,0.8853351582,0.7605118956,0.6723947240
2011-12-21,0.9403630970,0.8853351582,0.8853351582,0.8853351582,0.8853351582,0.7451882823,0.6616570916
2011-12-22,0.9403630970,0.8853351582,0.8853351582,0.8853351582,0.8853351582,0.7386256885,0.6622878851
2011-12-23,0.9403630970,0.8853351582,0.8853351582,0.8853351582,0.8853351582,0.7448206553,0.6673285755
2011-12-26,0.9403630970,0.8853351582,0.8853351582,0.8853351582,0.8853351582,0.7398964709,0.6606925151
2011-12-27,0.9403630970,0.8853351582,0.8853351582,0.8853351582,0.8853351582,0.7228440173,0.6520169833
2011-12-28,0.9403630970,0.8853351582,0.8853351582,0.8853351582,0.8853351582,0.7202848197,0.6528372977
2011-12-29,0.9403630970,0.8853351582,0.8853351582,0.8853351582,0.8853351582,0.7216289783,0.6538075316
2011-12-30,0.9403630970,0.8853351582,0.8853351582,0.8853351582,0.8853351582,0.7334888078,0.6635325000
2012-01-04,0.9403630970,0.8853351582,0.8853351582,0.8853351582,0.8853351582,0.7172990066,0.6502405784
2012-01-05,0.9403630970,0.8853351582,0.8853351582,0.8853351582,0.8853351582,0.6958684492,0.6439156717
2012-01-06,0.9403630970,0.8853351582,0.8853351582,0.8853351582,0.8853351582,0.6986791701,0.6479352121
2012-01-09,0.9403630970,0.8853351582,0.8853351582,0.8853351582,0.8853351582,0.7251736101,0.6699903542
2012-01-10,0.9403630970,0.8853351582,0.8853351582,0.8853351582,0.8853351582,0.7529732432,0.6922746186
2012-01-11,0.9403630970,0.8853351582,0.8853351582,0.8853351582,0.8853351582,0.7522680832,0.6889537597
2012-01-12,0.9403630970,0.8853351582,0.8853351582,0.8853351582,0.8853351582,0.7504211085,0.6888434416
2012-01-13,0.9403630970,0.8853351582,0.8853351582,0.8853351582,0.8853351582,0.7282907535,0.6772770089
2012-01-16,0.9403630970,0.8853351582,0.8853351582,0.8853351582,0.8853351582,0.7074565781,0.6635070420
2012-01-17,0.9403630970,0.8853351582,0.8853351582,0.8853351582,0.8853351582,0.7441505089,0.6960226067
2012-01-18,0.9403630970,0.8853351582,0.8853351582,0.8853351582,0.8853351582,0.7287793316,0.6851576842
2012-01-19,0.9403630970,0.8853351582,0.8853351582,0.8853351582,0.8853351582,0.7376587177,0.6982148262
2012-01-20,0.9403630970,0.8853351582,0.8853351582,0.8853351582,0.8853351582,0.7478509610,0.7083244937
2012-01-30,0.9403630970,0.8853351582,0.8853351582,0.8853351582,0.8853351582,0.7409535613,0.6960565508
2012-01-31,0.9403630970,0.8853351582,0.8853351582,0.8853351582,0.8853351582,0.7418137526,0.6970579001
2012-02-01,0.9403630970,0.8853351582,0.8853351582,0.8853351582,0.8853351582,0.7356343000,0.6870811800
2012-02-02,0.9403630970,0.8853351582,0.8853351582,0.8853351582,0.8853351582,0.7497234835,0.7032753173
2012-02-03,0.9403630970,0.8853351582,0.8853351582,0.8853351582,0.8853351582,0.7592090063,0.7088902278
2012-02-06,0.9403630970,0.8853351582,0.8853351582,0.8853351582,0.8853351582,0.7636773152,0.7083895532
2012-02-07,0.9403630970,0.8853351582,0.8853351582,0.8853351582,0.8853351582,0.7508088650,0.6952730091
2012-02-08,0.9403630970,0.8853351582,0.8853351582,0.8853351582,0.8853351582,0.7703552464,0.7151557324
2012-02-09,0.9403630970,0.8853351582,0.8853351582,0.8853351582,0.8853351582,0.7741525997,0.7154357708
2012-02-10,0.9403630970,0.8853351582,0.8853351582,0.8853351582,0.8853351582,0.7778634056,0.7166775570
2012-02-13,0.9403630970,0.8853351582,0.8853351582,0.8853351582,0.8853351582,0.7836298273,0.7162136551
2012-02-14,0.9403630970,0.8853351582,0.8853351582,0.8853351582,0.8853351582,0.7831636042,0.7134217576
2012-02-15,0.9403630970,0.8853351582,0.8853351582,0.8853351582,0.8853351582,0.7950604366,0.7212006008
2012-02-16,0.9403630970,0.8853351582,0.8853351582,0.8853351582,0.8853351582,0.7936206996,0.7173705813
2012-02-17,0.9403630970,0.8853351582,0.8853351582,0.8853351582,0.8853351582,0.7920523376,0.7176591056
2012-02-20,0.9403630970,0.8853351582,0.8853351582,0.8853351582,0.8853351582,0.7936661752,0.7186830843
2012-02-21,0.9403630970,0.8853351582,0.8853351582,0.8853351582,0.8853351582,0.8020905098,0.7248326134
2012-02-22,0.9403630970,0.8853351582,0.8853351582,0.8853351582,0.8853351582,0.8160754664,0.7347414454
2012-02-23,0.9403630970,0.8853351582,0.8853351582,0.8853351582,0.8853351582,0.8186077014,0.7372250179
2012-02-24,0.9403630970,0.8853351582,0.8853351582,0.8853351582,0.8853351582,0.8293526777,0.7490375449
2012-02-27,0.9403630970,0.8853351582,0.8853351582,0.8853351582,0.8853351582,0.8322883947,0.7514560580
2012-02-28,0.9403630970,0.8853351582,0.8853351582,0.8853351582,0.8853351582,0.8296406691,0.7531221448
2012-02-29,0.9403630970,0.8844498230,0.8844498230,0.8844498230,0.8844498230,0.8201504924,0.7451113506
2012-03-01,0.9403630970,0.8878906506,0.8878906506,0.8878906506,0.8878906506,0.8233746435,0.7448878857
2012-03-02,0.9403630970,0.9099783035,0.9099783035,0.9099783035,0.9099783035,0.8385399670,0.7580638318
2012-03-05,0.9403630970,0.9068257106,0.9068257106,0.9068257106,0.9068257106,0.8374496271,0.7531900329
2012-03-06,0.9403630970,0.8953708390,0.8953708390,0.8953708390,0.8953708390,0.8282750314,0.7414086212
2012-03-07,0.9403630970,0.8851633946,0.8851633946,0.8851633946,0.8851633946,0.8236426416,0.7363028714
2012-03-08,0.9403630970,0.8993952066,0.8993952066,0.8993952066,0.8993952066,0.8344530552,0.7455780812
2012-03-09,0.9403630970,0.9089078924,0.9089078924,0.9089078924,0.9089078924,0.8455532090,0.7536426201
2012-03-12,0.9403630970,0.9041555629,0.9041555629,0.9041555629,0.9041555629,0.8480308537,0.7508422366
2012-03-13,0.9403630970,0.9117606074,0.9117606074,0.9117606074,0.9117606074,0.8559949509,0.7583863002
2012-03-14,0.9403630970,0.8785540351,0.8785540351,0.8785540351,0.8785540351,0.8233871261,0.7368997208
2012-03-15,0.9403630970,0.8658125378,0.8658125378,0.8658125378,0.8658125378,0.8150624745,0.7313668418
2012-03-16,0.9403630970,0.8795206478,0.8795206478,0.8795206478,0.8795206478,0.8328849686,0.7421073028
2012-03-19,0.9403630970,0.8862842787,0.8862842787,0.8862842787,0.8862842787,0.8412088322,0.7439431098
2012-03-20,0.9403630970,0.8740801571,0.8740801571,0.8740801571,0.8740801571,0.8246933025,0.7310556880
2012-03-21,0.9403630970,0.8805085125,0.8805085125,0.8805085125,0.8805085125,0.8259679175,0.7320004639
2012-03-22,0.9403630970,0.8789199139,0.8789199139,0.8789199139,0.8789199139,0.8235916264,0.7308576811
2012-03-23,0.9403630970,0.8638724418,0.8638724418,0.8638724418,0.8638724418,0.8099304614,0.7221425480
2012-03-26,0.9403630970,0.8633987755,0.8633987755,0.8633987755,0.8633987755,0.8094148656,0.7228497156
2012-03-27,0.9403630970,0.8637301521,0.8637301521,0.8637301521,0.8637301521,0.8070037682,0.7205019193
2012-03-28,0.9403630970,0.8326418894,0.8326418894,0.8326418894,0.8326418894,0.7752317670,0.7000676052
2012-03-29,0.9403630970,0.8326418894,0.8326418894,0.8326418894,0.8326418894,0.7629805016,0.6910780911
2012-03-30,0.9403630970,0.8326418894,0.8326418894,0.8326418894,0.8326418894,0.7619392504,0.6944102647
2012-04-05,0.9403630970,0.8326418894,0.8326418894,0.8326418894,0.8326418894,0.7837782983,0.7107967516
2012-04-06,0.9403630970,0.8326418894,0.8326418894,0.8326418894,0.8326418894,0.7881162184,0.7127768207
2012-04-09,0.9403630970,0.8326418894,0.8326418894,0.8326418894,0.8326418894,0.7801686014,0.7057956625
2012-04-10,0.9403630970,0.8326418894,0.8326418894,0.8326418894,0.8326418894,0.7884086707,0.7127655061
2012-04-11,0.9403630970,0.8326418894,0.8326418894,0.8326418894,0.8326418894,0.7910915899,0.7128362228
2012-04-12,0.9403630970,0.8326418894,0.8326418894,0.8326418894,0.8326418894,0.8060011411,0.7270927210
2012-04-13,0.9403630970,0.8326418894,0.8326418894,0.8326418894,0.8326418894,0.8114946171,0.7299242199
2012-04-16,0.9403630970,0.8326418894,0.8326418894,0.8326418894,0.8326418894,0.8123256021,0.7281110423
2012-04-17,0.9403630970,0.8326418894,0.8326418894,0.8326418894,0.8326418894,0.8019195305,0.7190140387
2012-04-18,0.9403630970,0.8326418894,0.8326418894,0.8326418894,0.8326418894,0.8191803867,0.7354288123
2012-04-19,0.9403630970,0.8326418894,0.8326418894,0.8326418894,0.8326418894,0.8169725511,0.7343397742
2012-04-20,0.9403630970,0.8326418894,0.8326418894,0.8326418894,0.8326418894,0.8236302596,0.7430464213
2012-04-23,0.9403630970,0.8326418894,0.8326418894,0.8326418894,0.8326418894,0.8137844955,0.7371627871
2012-04-24,0.9403630970,0.8326418894,0.8326418894,0.8326418894,0.8326418894,0.8077470775,0.7368318327
2012-04-25,0.9403630970,0.8326418894,0.8326418894,0.8326418894,0.8326418894,0.8180317243,0.7428059843
2012-04-26,0.9403630970,0.8326418894,0.8326418894,0.8326418894,0.8326418894,0.8160562819,0.7443617530
2012-04-27,0.9403630970,0.8326418894,0.8326418894,0.8326418894,0.8326418894,0.8116752134,0.7428540717
2012-05-02,0.9394227339,0.8318092475,0.8318092475,0.8318092475,0.8318092475,0.8233581148,0.7590708384
2012-05-03,0.9358675416,0.8286613123,0.8286613123,0.8286613123,0.8286613123,0.8253430407,0.7613422606
2012-05-04,0.9469123213,0.8384408818,0.8384408818,0.8384408818,0.8384408818,0.8334463704,0.7682329014
2012-05-07,0.9549108455,0.8455231529,0.8455231529,0.8455231529,0.8455231529,0.8392613508,0.7687703487
2012-05-08,0.9545564881,0.8452093881,0.8452093881,0.8452093881,0.8452093881,0.8387400546,0.7663207203
2012-05-09,0.9397615858,0.8321092830,0.8321092830,0.8321092830,0.8321092830,0.8239828163,0.7517219530
2012-05-10,0.9414701485,0.8336221250,0.8336221250,0.8336221250,0.8336221250,0.8257303652,0.7516370929
2012-05-11,0.9352269434,0.8280940964,0.8280940964,0.8280940964,0.8280940964,0.8204903888,0.7458977209
2012-05-14,0.9346150913,0.8275523337,0.8275523337,0.8275523337,0.8275523337,0.8166030092,0.7398471952
2012-05-15,0.9412709409,0.8334457373,0.8334457373,0.8334457373,0.8334457373,0.8166976813,0.7403676706
2012-05-16,0.9283243681,0.8219822303,0.8219822303,0.8219822303,0.8219822303,0.8062442048,0.7282835912
2012-05-17,0.9438538426,0.8357327603,0.8357327603,0.8357327603,0.8357327603,0.8174884308,0.7393974367
2012-05-18,0.9280696947,0.8217567305,0.8217567305,0.8217567305,0.8217567305,0.8054678305,0.7280940703
2012-05-21,0.9252890651,0.8192946298,0.8192946298,0.8192946298,0.8192946298,0.8057890881,0.7318420584
2012-05-22,0.9408714765,0.8330920326,0.8330920326,0.8330920326,0.8330920326,0.8168058751,0.7432387709
2012-05-23,0.9411913460,0.8333752601,0.8333752601,0.8333752601,0.8333752601,0.8141208988,0.7402262370
2012-05-24,0.9341473886,0.8271382076,0.8271382076,0.8271382076,0.8271382076,0.8079097642,0.7341134806
2012-05-25,0.9217146159,0.8161296436,0.8161296436,0.8161296436,0.8161296436,0.7990869021,0.7278451473
2012-05-28,0.9324124651,0.8256020244,0.8256020244,0.8256020244,0.8256020244,0.8098241159,0.7396095869
2012-05-29,0.9468324989,0.8383702033,0.8383702033,0.8383702033,0.8383702033,0.8213810386,0.7498380586
2012-05-30,0.9471506422,0.8384840041,0.8386519024,0.8386519024,0.8384840041,0.8211502385,0.7474082309
2012-05-31,0.9471506422,0.8410074758,0.8386519024,0.8386519024,0.8410074758,0.8214625131,0.7445173298
2012-06-01,0.9471506422,0.8457233936,0.8386519024,0.8386519024,0.8457233936,0.8204359852,0.7447888822
2012-06-04,0.9471506422,0.8293272958,0.8386519024,0.8386519024,0.8293272958,0.7962409935,0.7238652082
2012-06-05,0.9471506422,0.8310550836,0.8386519024,0.8386519024,0.8310550836,0.7954328128,0.7238114635
2012-06-06,0.9471506422,0.8291628222,0.8386519024,0.8386519024,0.8291628222,0.7932547454,0.7234041350
2012-06-07,0.9471506422,0.8253113836,0.8386519024,0.8386519024,0.8253113836,0.7890004957,0.7190988988
2012-06-08,0.9471506422,0.8201983096,0.8386519024,0.8386519024,0.8201983096,0.7849185826,0.7140497224
2012-06-11,0.9471506422,0.8338581092,0.8386519024,0.8386519024,0.8338581092,0.7966712210,0.7236474006
2012-06-12,0.9471506422,0.8343503438,0.8386519024,0.8386519024,0.8343503438,0.7918274367,0.7185331647
2012-06-13,0.9471506422,0.8498938554,0.8386519024,0.8386519024,0.8498938554,0.8049691942,0.7299779647
2012-06-14,0.9471506422,0.8478661197,0.8386519024,0.8386519024,0.8478661197,0.8006077371,0.7242583934
2012-06-15,0.9471506422,0.8461979508,0.8386519024,0.8386519024,0.8461979508,0.8010937000,0.7264166688
2012-06-18,0.9471506422,0.8538891699,0.8386519024,0.8386519024,0.8538891699,0.8073573671,0.7301391989
2012-06-19,0.9471506422,0.8461863743,0.8386519024,0.8386519024,0.8461863743,0.8008539067,0.7237492327
2012-06-20,0.9471506422,0.8396970227,0.8386519024,0.8386519024,0.8396970227,0.7988942467,0.7220492019
2012-06-21,0.9471506422,0.8315730965,0.8386519024,0.8386519024,0.8315730965,0.7876111355,0.7106157167
2012-06-25,0.9471506422,0.8119555391,0.8386519024,0.8386519024,0.8119555391,0.7685624027,0.6948685093
2012-06-26,0.9471506422,0.8124331232,0.8386519024,0.8386519024,0.8124331232,0.7682778254,0.6944159220
2012-06-27,0.9471506422,0.8128514451,0.8386519024,0.8386519024,0.8128514451,0.7656367701,0.6922321886
2012-06-28,0.9471506422,0.8039196464,0.8386519024,0.8386519024,0.8039196464,0.7563317734,0.6861590335
2012-06-29,0.9471506422,0.8039196464,0.8386519024,0.8386519024,0.8039196464,0.7659089407,0.6963083024
2012-07-02,0.9471506422,0.8039196464,0.8386519024,0.8386519024,0.8039196464,0.7718756746,0.6973351097
2012-07-03,0.9471506422,0.8039196464,0.8386519024,0.8386519024,0.8039196464,0.7742417406,0.6983194870
2012-07-04,0.9471506422,0.8039196464,0.8386519024,0.8386519024,0.8039196464,0.7719688411,0.6972445923
2012-07-05,0.9471506422,0.8039196464,0.8386519024,0.8386519024,0.8039196464,0.7572608192,0.6874715365
2012-07-06,0.9471506422,0.8039196464,0.8386519024,0.8386519024,0.8039196464,0.7712812191,0.6994198397
2012-07-09,0.9471506422,0.8039196464,0.8386519024,0.8386519024,0.8039196464,0.7546885397,0.6834180520
2012-07-10,0.9471506422,0.8039196464,0.8386519024,0.8386519024,0.8039196464,0.7490172953,0.6807789026
2012-07-11,0.9471506422,0.8039196464,0.8386519024,0.8386519024,0.8039196464,0.7545727233,0.6861137748
2012-07-12,0.9471506422,0.8039196464,0.8386519024,0.8386519024,0.8039196464,0.7637438922,0.6927922653
2012-07-13,0.9471506422,0.8039196464,0.8386519024,0.8386519024,0.8039196464,0.7606361213,0.6932024225
2012-07-16,0.9471506422,0.8039196464,0.8386519024,0.8386519024,0.8039196464,0.7364407839,0.6788044908
2012-07-17,0.9471506422,0.8039196464,0.8386519024,0.8386519024,0.8039196464,0.7407797520,0.6828975767
2012-07-18,0.9471506422,0.8039196464,0.8386519024,0.8386519024,0.8039196464,0.7447862606,0.6829371781
2012-07-19,0.9471506422,0.8039196464,0.8386519024,0.8386519024,0.8039196464,0.7514103527,0.6857601910
2012-07-20,0.9471506422,0.8039196464,0.8386519024,0.8386519024,0.8039196464,0.7459271840,0.6784452497
2012-07-23,0.9471506422,0.8039196464,0.8386519024,0.8386519024,0.8039196464,0.7382452655,0.6691021518
2012-07-24,0.9471506422,0.8039196464,0.8386519024,0.8386519024,0.8039196464,0.7431685472,0.6720892276
2012-07-25,0.9471506422,0.8039196464,0.8386519024,0.8386519024,0.8039196464,0.7376662452,0.6675888132
2012-07-26,0.9471506422,0.8039196464,0.8386519024,0.8386519024,0.8039196464,0.7324370629,0.6640275173
2012-07-27,0.9471506422,0.8039196464,0.8386519024,0.8386519024,0.8039196464,0.7298885380,0.6644857619
2012-07-30,0.9471506422,0.8039196464,0.8386519024,0.8386519024,0.8039196464,0.7182985556,0.6607179731
2012-07-31,0.9471506422,0.8039196464,0.8386519024,0.8386519024,0.8039196464,0.7098331216,0.6599061447
2012-08-01,0.9471506422,0.8039196464,0.8386519024,0.8386519024,0.8039196464,0.7193368338,0.6671843133
2012-08-02,0.9471506422,0.8039196464,0.8386519024,0.8386519024,0.8039196464,0.7138643422,0.6604605641
2012-08-03,0.9471506422,0.8039196464,0.8386519024,0.8386519024,0.8039196464,0.7256204027,0.6657954362
2012-08-06,0.9471506422,0.8039196464,0.8386519024,0.8386519024,0.8039196464,0.7403761937,0.6748104084
2012-08-07,0.9471506422,0.8039196464,0.8386519024,0.8386519024,0.8039196464,0.7463326435,0.6757325549
2012-08-08,0.9471506422,0.8039196464,0.8386519024,0.8386519024,0.8039196464,0.7441490023,0.6759927925
2012-08-09,0.9471506422,0.8039196464,0.8386519024,0.8386519024,0.8039196464,0.7534884912,0.6821904091
2012-08-10,0.9471506422,0.8039196464,0.8386519024,0.8386519024,0.8039196464,0.7513565269,0.6788101481
2012-08-13,0.9471506422,0.8039196464,0.8386519024,0.8386519024,0.8039196464,0.7375832063,0.6652834469
2012-08-14,0.9471506422,0.8039196464,0.8386519024,0.8386519024,0.8039196464,0.7414824037,0.6667232401
2012-08-15,0.9471506422,0.8039196464,0.8386519024,0.8386519024,0.8039196464,0.7345795686,0.6595384176
2012-08-16,0.9471506422,0.8039196464,0.8386519024,0.8386519024,0.8039196464,0.7297575876,0.6561581566
2012-08-17,0.9471506422,0.8039196464,0.8386519024,0.8386519024,0.8039196464,0.7291156937,0.6544072097
2012-08-20,0.9471506422,0.8039196464,0.8386519024,0.8386519024,0.8039196464,0.7291207200,0.6511004942
2012-08-21,0.9471506422,0.8039196464,0.8386519024,0.8386519024,0.8039196464,0.7376295774,0.6544694405
2012-08-22,0.9471506422,0.8039196464,0.8386519024,0.8386519024,0.8039196464,0.7322532646,0.6493467186
2012-08-23,0.9471506422,0.8039196464,0.8386519024,0.8386519024,0.8039196464,0.7367176150,0.6512164696
2012-08-24,0.9471506422,0.8039196464,0.8386519024,0.8386519024,0.8039196464,0.7238388201,0.6437148361
2012-08-27,0.9471506422,0.8039196464,0.8386519024,0.8386519024,0.8039196464,0.7080827458,0.6302843096
2012-08-28,0.9471506422,0.8039196464,0.8386519024,0.8386519024,0.8039196464,0.7118154557,0.6331723820
2012-08-29,0.9471506422,0.8039196464,0.8386519024,0.8386519024,0.8039196464,0.7065382428,0.6264967202
2012-08-30,0.9471506422,0.8039196464,0.8386519024,0.8386519024,0.8039196464,0.6977919034,0.6255236576
2012-08-31,0.9471506422,0.8039196464,0.8386519024,0.8386519024,0.8039196464,0.6991040883,0.6236850219
2012-09-03,0.9471506422,0.8039196464,0.8386519024,0.8386519024,0.8039196464,0.7094504316,0.6303323970
2012-09-04,0.9471506422,0.8039196464,0.8386519024,0.8386519024,0.8039196464,0.7032891973,0.6235549031
2012-09-05,0.9471506422,0.8039196464,0.8386519024,0.8386519024,0.8039196464,0.7058162839,0.6222735154
2012-09-06,0.9471506422,0.8039196464,0.8386519024,0.8386519024,0.8039196464,0.7125818083,0.6273481499
2012-09-07,0.9471506422,0.8039196464,0.8386519024,0.8386519024,0.8039196464,0.7386705549,0.6554538177
2012-09-10,0.9471506422,0.8039196464,0.8386519024,0.8386519024,0.8039196464,0.7441915688,0.6581382258
2012-09-11,0.9471506422,0.8039196464,0.8386519024,0.8386519024,0.8039196464,0.7409844652,0.6539574511
2012-09-12,0.9471506422,0.8039196464,0.8386519024,0.8386519024,0.8039196464,0.7455581335,0.6562713034
2012-09-13,0.9471506422,0.8039196464,0.8386519024,0.8386519024,0.8039196464,0.7365974891,0.6501585470
2012-09-14,0.9471506422,0.8039196464,0.8386519024,0.8386519024,0.8039196464,0.7387933367,0.6549899158
2012-09-17,0.9471506422,0.8039196464,0.8386519024,0.8386519024,0.8039196464,0.7185711694,0.6389145826
2012-09-18,0.9471506422,0.8039196464,0.8386519024,0.8386519024,0.8039196464,0.7144835426,0.6322756935
2012-09-19,0.9471506422,0.8039196464,0.8386519024,0.8386519024,0.8039196464,0.7204339793,0.6353872308
2012-09-20,0.9471506422,0.8039196464,0.8386519024,0.8386519024,0.8039196464,0.7005185582,0.6211618480
2012-09-21,0.9471506422,0.8039196464,0.8386519024,0.8386519024,0.8039196464,0.6976308033,0.6220415645
2012-09-24,0.9471506422,0.8039196464,0.8386519024,0.8386519024,0.8039196464,0.7017832587,0.6266975557
2012-09-25,0.9471506422,0.8039196464,0.8386519024,0.8386519024,0.8039196464,0.6978471675,0.6251785598
2012-09-26,0.9471506422,0.8039196464,0.8386519024,0.8386519024,0.8039196464,0.6843246469,0.6180333387
2012-09-27,0.9471506422,0.8039196464,0.8386519024,0.8386519024,0.8039196464,0.7007406875,0.6369373421
2012-09-28,0.9471506422,0.8039196464,0.8386519024,0.8386519024,0.8039196464,0.7133679156,0.6486452084
2012-10-08,0.9471506422,0.8039196464,0.8386519024,0.8386519024,0.8039196464,0.7100197029,0.6421222947
2012-10-09,0.9471506422,0.8039196464,0.8386519024,0.8386519024,0.8039196464,0.7268706221,0.6562967615
2012-10-10,0.9471506422,0.8039196464,0.8386519024,0.8386519024,0.8039196464,0.7329728573,0.6574169149
2012-10-11,0.9471506422,0.8039196464,0.8386519024,0.8386519024,0.8039196464,0.7229196739,0.6513098158
2012-10-12,0.9471506422,0.8039196464,0.8386519024,0.8386519024,0.8039196464,0.7218290291,0.6518755498
2012-10-15,0.9471506422,0.8039196464,0.8386519024,0.8386519024,0.8039196464,0.7169591887,0.6491402257
2012-10-16,0.9471506422,0.8039196464,0.8386519024,0.8386519024,0.8039196464,0.7181540499,0.6500736869
2012-10-17,0.9471506422,0.8039196464,0.8386519024,0.8386519024,0.8039196464,0.7195176855,0.6508204558
2012-10-18,0.9471506422,0.8039196464,0.8386519024,0.8386519024,0.8039196464,0.7312794894,0.6608000045
2012-10-19,0.9471506422,0.8039196464,0.8386519024,0.8386519024,0.8039196464,0.7298779285,0.6597788546
2012-10-22,0.9471506422,0.8039196464,0.8386519024,0.8386519024,0.8039196464,0.7327712659,0.6623586018
2012-10-23,0.9471506422,0.8039196464,0.8386519024,0.8386519024,0.8039196464,0.7255764291,0.6540111959
2012-10-24,0.9471506422,0.8039196464,0.8386519024,0.8386519024,0.8039196464,0.7254951655,0.6527948677
2012-10-25,0.9471506422,0.8039196464,0.8386519024,0.8386519024,0.8039196464,0.7193212457,0.6481162470
2012-10-26,0.9471506422,0.8039196464,0.8386519024,0.8386519024,0.8039196464,0.7046339262,0.6358596188
2012-10-29,0.9471506422,0.8039196464,0.8386519024,0.8386519024,0.8039196464,0.7029894384,0.6324482424
2012-10-30,0.9471506422,0.8039196464,0.8386519024,0.8386519024,0.8039196464,0.7037676359,0.6335881965
2012-10-31,0.9471506422,0.8039196464,0.8386519024,0.8386519024,0.8039196464,0.7071046931,0.6378142299
2012-11-01,0.9471506422,0.8039196464,0.8386519024,0.8386519024,0.8039196464,0.7188952324,0.6499944841
2012-11-02,0.9471506422,0.8039196464,0.8386519024,0.8386519024,0.8039196464,0.7214810807,0.6525091720
2012-11-05,0.9471506422,0.8039196464,0.8386519024,0.8386519024,0.8039196464,0.7197715743,0.6511259522
2012-11-06,0.9471506422,0.8039196464,0.8386519024,0.8386519024,0.8039196464,0.7156195752,0.6483906280
2012-11-07,0.9471506422,0.8039196464,0.8386519024,0.8386519024,0.8039196464,0.7148183161,0.6470583244
2012-11-08,0.9471506422,0.8039196464,0.8386519024,0.8386519024,0.8039196464,0.6988862645,0.6351524512
2012-11-09,0.9471506422,0.8039196464,0.8386519024,0.8386519024,0.8039196464,0.6972890429,0.6338823782
2012-11-12,0.9471506422,0.8039196464,0.8386519024,0.8386519024,0.8039196464,0.7013036830,0.6369741148
2012-11-13,0.9471506422,0.8039196464,0.8386519024,0.8386519024,0.8039196464,0.6890322158,0.6258263253
2012-11-14,0.9471506422,0.8039196464,0.8386519024,0.8386519024,0.8039196464,0.6904907550,0.6288445165
2012-11-15,0.9471506422,0.8039196464,0.8386519024,0.8386519024,0.8039196464,0.6794787109,0.6205027679
2012-11-16,0.9471506422,0.8039196464,0.8386519024,0.8386519024,0.8039196464,0.6747518202,0.6158694060
2012-11-19,0.9471506422,0.8039196464,0.8386519024,0.8386519024,0.8039196464,0.6759670285,0.6152329551
2012-11-20,0.9471506422,0.8039196464,0.8386519024,0.8386519024,0.8039196464,0.6741193571,0.6123731695
2012-11-21,0.9471506422,0.8039196464,0.8386519024,0.8386519024,0.8039196464,0.6814612949,0.6208648376
2012-11-22,0.9471506422,0.8039196464,0.8386519024,0.8386519024,0.8039196464,0.6747041123,0.6159570947
2012-11-23,0.9471506422,0.8039196464,0.8386519024,0.8386519024,0.8039196464,0.6777326504,0.6202368728
2012-11-26,0.9471506422,0.8039196464,0.8386519024,0.8386519024,0.8039196464,0.6704930111,0.6154055040
2012-11-27,0.9471506422,0.8039196464,0.8386519024,0.8386519024,0.8039196464,0.6523045826,0.6083451430
2012-11-28,0.9471506422,0.8039196464,0.8386519024,0.8386519024,0.8039196464,0.6404855678,0.6022691593
2012-11-29,0.9471506422,0.8039196464,0.8386519024,0.8386519024,0.8039196464,0.6359089477,0.5984561118
2012-11-30,0.9471506422,0.8039196464,0.8386519024,0.8386519024,0.8039196464,0.6440522651,0.6052392631
2012-12-03,0.9471506422,0.8039196464,0.8386519024,0.8386519024,0.8039196464,0.6312773952,0.5965241300
2012-12-04,0.9471506422,0.8039196464,0.8386519024,0.8386519024,0.8039196464,0.6382240381,0.6029225821
2012-12-05,0.9471506422,0.8039196464,0.8386519024,0.8386519024,0.8039196464,0.6599319469,0.6245364517
2012-12-06,0.9471506422,0.8039196464,0.8386519024,0.8386519024,0.8039196464,0.6581442033,0.6233257808
2012-12-07,0.9471506422,0.8039196464,0.8386519024,0.8386519024,0.8039196464,0.6715719692,0.6355343217
2012-12-10,0.9471506422,0.8039196464,0.8386519024,0.8386519024,0.8039196464,0.6814578113,0.6424051618
2012-12-11,0.9471506422,0.8039196464,0.8386519024,0.8386519024,0.8039196464,0.6774371246,0.6388551806
2012-12-12,0.9471506422,0.8039196464,0.8386519024,0.8386519024,0.8039196464,0.6783924007,0.6414773579
2012-12-13,0.9471506422,0.8039196464,0.8386519024,0.8386519024,0.8039196464,0.6708861213,0.6343689095
2012-12-14,0.9471506422,0.8039196464,0.8386519024,0.8386519024,0.8039196464,0.6981630167,0.6663979430
2012-12-17,0.9471506422,0.8039196464,0.8386519024,0.8386519024,0.8039196464,0.7018489281,0.6694613929
2012-12-18,0.9471506422,0.8039196464,0.8386519024,0.8386519024,0.8039196464,0.7003775585,0.6698630641
2012-12-19,0.9471506422,0.8039196464,0.8386519024,0.8386519024,0.8039196464,0.7021936318,0.6707088365
2012-12-20,0.9462034916,0.8031157267,0.8378132505,0.8378132505,0.8031157267,0.7057170916,0.6745869434
2012-12-21,0.9440408656,0.8012801397,0.8358983594,0.8358983594,0.8012801397,0.7054143912,0.6709605881
2012-12-24,0.9467847365,0.8036090740,0.8383279122,0.8383279122,0.8036090740,0.7086293110,0.6735686221
2012-12-25,0.9705416669,0.8237734093,0.8593634202,0.8593634202,0.8237734093,0.7250803163,0.6925716290
2012-12-26,0.9781768746,0.8302539977,0.8661239936,0.8661239936,0.8302539977,0.7334997815,0.6951796630
2012-12-27,0.9737296627,0.8264793067,0.8621862222,0.8621862222,0.8264793067,0.7284996460,0.6914939056
2012-12-28,0.9828280558,0.8342018132,0.8702423691,0.8702423691,0.8342018132,0.7363950723,0.7015243704
2012-12-31,0.9947643674,0.8443330795,0.8808113430,0.8808113430,0.8443330795,0.7445299697,0.7136593659
2013-01-04,0.9978047281,0.8469136676,0.8835034219,0.8835034219,0.8469136676,0.7415417515,0.7140723517
2013-01-07,1.0040662233,0.8522282805,0.8890476455,0.8890476455,0.8522282805,0.7477679946,0.7173479519
2013-01-08,1.0032623521,0.8515459732,0.8883358599,0.8883358599,0.8515459732,0.7532894704,0.7143325894
2013-01-09,1.0012765793,0.8498604949,0.8865775629,0.8865775629,0.8498604949,0.7554803423,0.7145588830
2013-01-10,1.0059848134,0.8538567356,0.8907464557,0.8907464557,0.8538567356,0.7589304714,0.7158148126
2013-01-11,0.9839586786,0.8351614597,0.8712434759,0.8712434759,0.8351614597,0.7440240371,0.7024238876
2013-01-14,1.0134561415,0.8601982268,0.8973619224,0.8973619224,0.8601982268,0.7685046657,0.7291548216
2013-01-15,1.0242815195,0.8693865583,0.9069472232,0.9069472232,0.8693865583,0.7798984721,0.7342832008
2013-01-16,1.0167381657,0.8629839333,0.9002679816,0.9002679816,0.8629839333,0.7782718894,0.7289737867
2013-01-17,1.0129143150,0.8597383369,0.8968821636,0.8968821636,0.8597383369,0.7704384140,0.7220916319
2013-01-18,1.0350249032,0.8785052949,0.9164599225,0.9164599225,0.8785052949,0.7824417864,0.7341643967
2013-01-21,1.0429930257,0.8852684537,0.9235152744,0.9235152744,0.8852684537,0.7873406664,0.7385375209
2013-01-22,1.0279477914,0.8724984054,0.9101935135,0.9101935135,0.8724984054,0.7767544089,0.7345773825
2013-01-23,1.0317575531,0.8757320434,0.9135668564,0.9135668564,0.8757320434,0.7784828520,0.7375644583
2013-01-24,1.0198379255,0.8656149380,0.9030126553,0.9030126553,0.8656149380,0.7636476303,0.7305748141
2013-01-25,1.0155757312,0.8619972857,0.8992387072,0.8992387072,0.8619972857,0.7621434086,0.7274406474
2013-01-28,1.0514399351,0.8924379958,0.9309945668,0.9309945668,0.8924379958,0.7797417783,0.7501237543
2013-01-29,1.0590619701,0.8989074035,0.9377434765,0.9377434765,0.8989074035,0.7853458139,0.7569153916
2013-01-30,1.0653735169,0.9042644990,0.9433320180,0.9433320180,0.9042644990,0.7882337011,0.7605474043
2013-01-31,1.0542570017,0.8948290570,0.9334889306,0.9334889306,0.8948290570,0.7853673970,0.7600297576
2013-02-01,1.0708091292,0.9088781215,0.9481449659,0.9481449659,0.9088781215,0.7914445507,0.7759947726
2013-02-04,1.0683587951,0.9067983344,0.9459753244,0.9459753244,0.9067983344,0.7883968452,0.7773270763
2013-02-05,1.0814495928,0.9179095019,0.9575665347,0.9575665347,0.9179095019,0.7974758661,0.7840168815
2013-02-06,1.0799222309,0.9166131124,0.9562141365,0.9562141365,0.9166131124,0.7992595537,0.7851936083
2013-02-07,1.0794669639,0.9162266922,0.9558110215,0.9558110215,0.9162266922,0.8014644295,0.7806762219
2013-02-08,1.0914814997,0.9264243534,0.9664492588,0.9664492588,0.9264243534,0.8107757458,0.7840310249
2013-02-18,1.0872870955,0.9228642397,0.9627353353,0.9627353353,0.9228642397,0.8107050235,0.7743400005
2013-02-19,1.0580095456,0.8980141298,0.9368116102,0.9368116102,0.8980141298,0.7964031659,0.7596705165
2013-02-20,1.0674138885,0.9059963194,0.9451386594,0.9451386594,0.9059963194,0.8084570933,0.7644877420
2013-02-21,1.0360611619,0.8793848474,0.9173774748,0.9173774748,0.8793848474,0.7902373516,0.7384385174
2013-02-22,1.0277738482,0.8723507664,0.9100394960,0.9100394960,0.8723507664,0.7889702775,0.7344925224
2013-02-25,1.0330020301,0.8767883268,0.9146687751,0.9146687751,0.8767883268,0.7942714323,0.7368572908
2013-02-26,1.0178529813,0.8639301631,0.9012550920,0.9012550920,0.8639301631,0.7821609901,0.7262893786
2013-02-27,1.0278748623,0.8724365048,0.9101289386,0.9101289386,0.8724365048,0.7849793649,0.7339494177
2013-02-28,1.0563371997,0.8965946811,0.9353308361,0.9353308361,0.8965946811,0.8013932173,0.7561969094
2013-03-01,1.0644464432,0.9034776203,0.9425111433,0.9425111433,0.9034776203,0.8073859461,0.7549268364
2013-03-04,1.0184963987,0.8644762809,0.9018248041,0.9018248041,0.8644762809,0.7810470861,0.7201002481
2013-03-05,1.0456572079,0.8875297501,0.9258742671,0.9258742671,0.8875297501,0.7971235533,0.7419064672
2013-03-06,1.0557063104,0.8960591968,0.9347722169,0.9347722169,0.8960591968,0.8088027400,0.7496541951
2013-03-07,1.0426679904,0.8849925712,0.9232274727,0.9232274727,0.8849925712,0.8021343912,0.7409645200
2013-03-08,1.0373222296,0.8804552125,0.9184940837,0.9184940837,0.8804552125,0.7969829732,0.7374145388
2013-03-11,1.0326129800,0.8764581100,0.9143242918,0.9143242918,0.8764581100,0.7966326445,0.7332959949
2013-03-12,1.0126167703,0.8594857878,0.8966187035,0.8966187035,0.8594857878,0.7805433964,0.7229006316
2013-03-13,1.0008519526,0.8495000816,0.8862015783,0.8862015783,0.8495000816,0.7729754721,0.7149435822
2013-03-14,1.0040520578,0.8522162572,0.8890351026,0.8890351026,0.8522162572,0.7751731407,0.7168614206
2013-03-15,1.0071118508,0.8548133390,0.8917443878,0.8917443878,0.8548133390,0.7769005670,0.7184454760
2013-03-18,0.9909351701,0.8410829450,0.8774207909,0.8774207909,0.8410829450,0.7677818033,0.7078719065
2013-03-19,0.9998734399,0.8486695426,0.8853351570,0.8853351570,0.8486695426,0.7708725962,0.7142675300
2013-03-20,1.0321695739,0.8760817571,0.9139316791,0.9139316791,0.8760817571,0.7906139710,0.7383310280
2013-03-21,1.0385984944,0.8815384768,0.9196241489,0.9196241489,0.8815384768,0.7970498263,0.7396944470
2013-03-22,1.0388431776,0.8817461582,0.9198408029,0.9198408029,0.8817461582,0.7989833949,0.7406335656
2013-03-25,1.0372089088,0.8803590284,0.9183937441,0.9183937441,0.8803590284,0.7995440433,0.7391598284
2013-03-26,1.0226072668,0.8679654911,0.9054647608,0.9054647608,0.8679654911,0.7938576999,0.7283967380
2013-03-27,1.0263456750,0.8711385659,0.9087749240,0.9087749240,0.8711385659,0.7950843810,0.7307954504
2013-03-28,0.9999714683,0.8487527468,0.8854219560,0.8854219560,0.8487527468,0.7746690197,0.7069695607
2013-03-29,1.0005896815,0.8492774719,0.8859693511,0.8859693511,0.8492774719,0.7740175054,0.7057758618
2013-04-01,1.0065146179,0.8543064214,0.8912155696,0.8912155696,0.8543064214,0.7770888232,0.7052412431
2013-04-02,0.9835812852,0.8348411370,0.8709093140,0.8709093140,0.8348411370,0.7700598097,0.7033177474
2013-04-03,0.9762640935,0.8286304732,0.8644303269,0.8644303269,0.8286304732,0.7643919423,0.7025144050
2013-04-08,0.9899883052,0.8402792679,0.8765823920,0.8765823920,0.8402792679,0.7646569238,0.6993321509
2013-04-09,0.9945637955,0.8441628387,0.8806337471,0.8806337471,0.8441628387,0.7712501716,0.7041776631
2013-04-10,0.9867968573,0.8375704405,0.8737565333,0.8737565333,0.8375704405,0.7696649023,0.7030122510
2013-04-11,0.9836252402,0.8348784449,0.8709482338,0.8709482338,0.8348784449,0.7670103123,0.7009105490
2013-04-12,0.9750201364,0.8275746311,0.8633288686,0.8633288686,0.8275746311,0.7611361498,0.6964497359
2013-04-15,0.9597459249,0.8146102322,0.8498043605,0.8498043605,0.8146102322,0.7502931744,0.6892960288
2013-04-16,0.9688498282,0.8223374156,0.8578653863,0.8578653863,0.8223374156,0.7567067444,0.6957369110
2013-04-17,0.9837537006,0.8349874791,0.8710619787,0.8710619787,0.8349874791,0.7615751924,0.6954201000
2013-04-18,0.9879407023,0.8385413097,0.8747693477,0.8747693477,0.8385413097,0.7634952261,0.6972247916
2013-04-19,1.0069318510,0.8546605593,0.8915850075,0.8915850075,0.8546605593,0.7794689146,0.7167369591
2013-04-22,1.0224819331,0.8678591108,0.9053537845,0.9053537845,0.8678591108,0.7820554131,0.7158430993
2013-04-23,0.9962885013,0.8456267292,0.8821608831,0.8821608831,0.8456267292,0.7610992955,0.6928742967
2013-04-24,1.0274497225,0.8720756560,0.9097524998,0.9097524998,0.8720756560,0.7759603913,0.7059172953
2013-04-25,1.0085444669,0.8562006878,0.8930128938,0.8930128938,0.8560293105,0.7650409763,0.6980818787
2013-04-26,1.0085444669,0.8392204545,0.8930128938,0.8930128938,0.8560293105,0.7538715817,0.6922633039
2013-05-02,1.0085444669,0.8501246196,0.8930128938,0.8930128938,0.8560293105,0.7553053808,0.6929223841
2013-05-03,1.0085444669,0.8670098157,0.8930128938,0.8930128938,0.8560293105,0.7682270431,0.7051620404
2013-05-06,1.0085444669,0.8818307690,0.8930128938,0.8930128938,0.8560293105,0.7807168554,0.7145164530
2013-05-07,1.0085444669,0.8809766615,0.8930128938,0.8930128938,0.8560293105,0.7834033132,0.7156366064
2013-05-08,1.0085444669,0.8914814998,0.8930128938,0.8930128938,0.8560293105,0.7889198213,0.7192742764
2013-05-09,1.0085444669,0.8914484707,0.8930128938,0.8930128938,0.8560293105,0.7875086050,0.7150284423
2013-05-10,1.0085444669,0.8931930286,0.8930128938,0.8930128938,0.8560293105,0.7922572346,0.7187198570
2013-05-13,1.0085444669,0.8984980771,0.8930128938,0.8930128938,0.8560293105,0.7937496558,0.7158713860
2013-05-14,1.0085444669,0.8863477801,0.8930128938,0.8930128938,0.8560293105,0.7836273312,0.7052836732
2013-05-15,1.0085444669,0.9037824631,0.8930128938,0.8930128938,0.8560293105,0.7914130089,0.7091278361
2013-05-16,1.0085444669,0.9112374733,0.8930128938,0.8930128938,0.8560293105,0.8001152996,0.7220774886
2013-05-17,1.0085444669,0.9239822242,0.8930128938,0.8930128938,0.8560293105,0.8120566629,0.7332054774
2013-05-20,1.0085444669,0.9323620858,0.8930128938,0.8930128938,0.8560293105,0.8212776995,0.7381726224
2013-05-21,1.0085444669,0.9485808748,0.8930128938,0.8930128938,0.8560293105,0.8291270851,0.7396548457
2013-05-22,1.0085444669,0.9324427542,0.8930128938,0.8930128938,0.8560293105,0.8246359815,0.7405543628
2013-05-23,1.0085444669,0.9288904076,0.8930128938,0.8930128938,0.8560293105,0.8171846929,0.7306031008
2013-05-24,1.0085444669,0.9423950636,0.8930128938,0.8930128938,0.8560293105,0.8261574104,0.7346707286
2013-05-27,1.0085444669,0.9493467941,0.8930128938,0.8930128938,0.8560293105,0.8309140216,0.7353382948
2013-05-28,1.0085444669,0.9429638659,0.8930128938,0.8930128938,0.8551732812,0.8350127931,0.7480022516
2013-05-29,1.0085444669,0.9482180685,0.8930128938,0.8930128938,0.8599383139,0.8390680345,0.7474930910
2013-05-30,1.0085444669,0.9459437742,0.8930128938,0.8930128938,0.8578757580,0.8378552222,0.7451622667
2013-05-31,1.0085444669,0.9399780969,0.8930128938,0.8930128938,0.8524654894,0.8315479693,0.7372731053
2013-06-03,1.0085444669,0.9321284783,0.8930128938,0.8930128938,0.8453466757,0.8280166672,0.7361953819
2013-06-04,1.0085444669,0.9103896969,0.8930128938,0.8930128938,0.8256317898,0.8129155870,0.7257434453
2013-06-05,1.0085444669,0.9170168525,0.8930128938,0.8930128938,0.8316419527,0.8150089128,0.7242923374
2013-06-06,1.0085444669,0.9043290473,0.8930128938,0.8930128938,0.8201353908,0.8036457867,0.7150454143
2013-06-07,1.0085444669,0.8930044491,0.8930128938,0.8930128938,0.8098651205,0.7901468137,0.7026869539
2013-06-13,1.0085444669,0.8741787321,0.8930128938,0.8930128938,0.7927920907,0.7666891532,0.6788638929
2013-06-14,1.0085444669,0.8966619457,0.8930128938,0.8930128938,0.8131821016,0.7779373315,0.6836245449
2013-06-17,1.0085444669,0.8968103795,0.8930128938,0.8930128938,0.8133167162,0.7773221781,0.6799670743
2013-06-18,1.0085444669,0.9044400826,0.8930128938,0.8930128938,0.8202360887,0.7802326462,0.6841846217
2013-06-19,1.0085444669,0.8992162980,0.8930128938,0.8930128938,0.8154986420,0.7769456428,0.6790958438
2013-06-20,1.0085444669,0.8703756703,0.8930128938,0.8930128938,0.7893430966,0.7523074736,0.6566673173
2013-06-21,1.0085444669,0.8666302975,0.8930128938,0.8930128938,0.7859464206,0.7483544528,0.6555132198
2013-06-24,1.0085444669,0.8210875245,0.8930128938,0.8930128938,0.7446437111,0.7046334640,0.6141637178
2013-06-25,1.0085444669,0.8288696358,0.8930128938,0.8930128938,0.7517013025,0.7014484139,0.6125259177
2013-06-26,1.0085444669,0.8563009882,0.8930128938,0.8930128938,0.7765787771,0.7107112682,0.6133405747
2013-06-27,1.0085444669,0.8437335255,0.8930128938,0.8930128938,0.7651813538,0.7020050030,0.6112021000
2013-06-28,1.0085444669,0.8395724251,0.8930128938,0.8930128938,0.7614076547,0.7040221336,0.6224884944
2013-07-01,1.0085444669,0.8395724251,0.8930128938,0.8930128938,0.7614076547,0.7146705610,0.6260752483
2013-07-02,1.0085444669,0.8395724251,0.8930128938,0.8930128938,0.7614076547,0.7233320293,0.6285248767
2013-07-03,1.0085444669,0.8395724251,0.8930128938,0.8930128938,0.7614076547,0.7224825480,0.6233908402
2013-07-04,1.0085444669,0.8395724251,0.8930128938,0.8930128938,0.7614076547,0.7286955178,0.6285248767
2013-07-05,1.0085444669,0.8395724251,0.8930128938,0.8930128938,0.7614076547,0.7266484147,0.6299024392
2013-07-08,1.0085444669,0.8395724251,0.8930128938,0.8930128938,0.7614076547,0.7013073077,0.6120167570
2013-07-09,1.0085444669,0.8395724251,0.8930128938,0.8930128938,0.7614076547,0.7033585365,0.6117480334
2013-07-10,1.0085444669,0.8395724251,0.8930128938,0.8930128938,0.7614076547,0.7231866492,0.6291132402
2013-07-11,1.0085444669,0.8395724251,0.8930128938,0.8930128938,0.7614076547,0.7446443636,0.6581438831
2013-07-12,1.0085444669,0.8395724251,0.8930128938,0.8930128938,0.7614076547,0.7363937660,0.6436271473
2013-07-15,1.0085444669,0.8395724251,0.8930128938,0.8930128938,0.7614076547,0.7486880490,0.6526590915
2013-07-16,1.0085444669,0.8395724251,0.8930128938,0.8930128938,0.7614076547,0.7557326798,0.6556433386
2013-07-17,1.0085444669,0.8395724251,0.8930128938,0.8930128938,0.7614076547,0.7454401234,0.6457401640
2013-07-18,1.0085444669,0.8395724251,0.8930128938,0.8930128938,0.7614076547,0.7403422653,0.6351298218
2013-07-19,1.0085444669,0.8395724251,0.8930128938,0.8930128938,0.7614076547,0.7236738084,0.6196145654
2013-07-22,1.0085444669,0.8395724251,0.8930128938,0.8930128938,0.7614076547,0.7334738740,0.6229269383
2013-07-23,1.0085444669,0.8395724251,0.8930128938,0.8930128938,0.7614076547,0.7524797586,0.6409342532
2013-07-24,1.0085444669,0.8395724251,0.8930128938,0.8930128938,0.7614076547,0.7541619670,0.6362103739
2013-07-25,1.0085444669,0.8395724251,0.8930128938,0.8930128938,0.7614076547,0.7444011364,0.6329658891
2013-07-26,1.0085444669,0.8395724251,0.8930128938,0.8930128938,0.7614076547,0.7428460156,0.6290990968
2013-07-29,1.0085444669,0.8395724251,0.8930128938,0.8930128938,0.7614076547,0.7297505134,0.6155101648
2013-07-30,1.0085444669,0.8395724251,0.8930128938,0.8930128938,0.7614076547,0.7300060983,0.6193062403
2013-07-31,1.0085444669,0.8395724251,0.8930128938,0.8930128938,0.7614076547,0.7326435908,0.6203330476
2013-08-01,1.0085444669,0.8395724251,0.8930128938,0.8930128938,0.7614076547,0.7508880730,0.6351383078
2013-08-02,1.0085444669,0.8395724251,0.8930128938,0.8930128938,0.7614076547,0.7536283954,0.6356757552
2013-08-05,1.0085444669,0.8395724251,0.8930128938,0.8930128938,0.7614076547,0.7650618164,0.6444644337
2013-08-06,1.0085444669,0.8395724251,0.8930128938,0.8930128938,0.7614076547,0.7737104059,0.6487951279
2013-08-07,1.0085444669,0.8395724251,0.8930128938,0.8930128938,0.7614076547,0.7670262324,0.6451121992
2013-08-08,1.0085444669,0.8395724251,0.8930128938,0.8930128938,0.7614076547,0.7685897944,0.6440259898
2013-08-09,1.0085444669,0.8395724251,0.8930128938,0.8930128938,0.7614076547,0.7716519558,0.6466368525
2013-08-12,1.0085444669,0.8395724251,0.8930128938,0.8930128938,0.7614076547,0.7857737881,0.6655267125
2013-08-13,1.0085444669,0.8395724251,0.8930128938,0.8930128938,0.7614076547,0.7894238400,0.6673031175
2013-08-14,1.0085444669,0.8395724251,0.8930128938,0.8930128938,0.7614076547,0.7870570522,0.6644772759
2013-08-15,1.0085444669,0.8395724251,0.8930128938,0.8930128938,0.7614076547,0.7793562607,0.6566984326
2013-08-16,1.0085444669,0.8395724251,0.8930128938,0.8930128938,0.7614076547,0.7661568207,0.6517652317
2013-08-19,1.0085444669,0.8395724251,0.8930128938,0.8930128938,0.7614076547,0.7797987009,0.6594846729
2013-08-20,1.0085444669,0.8395724251,0.8930128938,0.8930128938,0.7614076547,0.7777395980,0.6541215140
2013-08-21,1.0085444669,0.8395724251,0.8930128938,0.8930128938,0.7614076547,0.7812527026,0.6530239900
2013-08-22,1.0085444669,0.8395724251,0.8930128938,0.8930128938,0.7614076547,0.7812789931,0.6517058296
2013-08-23,1.0085444669,0.8395724251,0.8930128938,0.8930128938,0.7614076547,0.7789857157,0.6468970901
2013-08-26,1.0085444669,0.8395724251,0.8930128938,0.8930128938,0.7614076547,0.7948747011,0.6606698857
2013-08-27,1.0085444669,0.8395724251,0.8930128938,0.8930128938,0.7614076547,0.8002354999,0.6621577663
2013-08-28,1.0085444669,0.8395724251,0.8930128938,0.8930128938,0.7614076547,0.7956781860,0.6585314110
2013-08-29,1.0085444669,0.8395724251,0.8930128938,0.8930128938,0.7614076547,0.7945503572,0.6557734575
2013-08-30,1.0085444669,0.8395724251,0.8930128938,0.8930128938,0.7614076547,0.7885942761,0.6545288425
2013-09-02,1.0085444669,0.8395724251,0.8930128938,0.8930128938,0.7614076547,0.7929478109,0.6563476775
2013-09-03,1.0085444669,0.8395724251,0.8930128938,0.8930128938,0.7614076547,0.8051929444,0.6660104152
2013-09-04,1.0085444669,0.8395724251,0.8930128938,0.8930128938,0.7614076547,0.8065521891,0.6649355205
2013-09-05,1.0085444669,0.8395724251,0.8930128938,0.8930128938,0.7614076547,0.8056082202,0.6624010319
2013-09-06,1.0085444669,0.8395724251,0.8930128938,0.8930128938,0.7614076547,0.8109868588,0.6669382190
2013-09-09,1.0085444669,0.8395724251,0.8930128938,0.8930128938,0.7614076547,0.8216162093,0.6903680949
2013-09-10,1.0085444669,0.8395724251,0.8930128938,0.8930128938,0.7614076547,0.8307240877,0.7000647765
2013-09-11,1.0085444669,0.8395724251,0.8930128938,0.8930128938,0.7614076547,0.8284400284,0.7023277128
2013-09-12,1.0085444669,0.8395724251,0.8930128938,0.8930128938,0.7614076547,0.8294342717,0.7092777556
2013-09-13,1.0085444669,0.8395724251,0.8930128938,0.8930128938,0.7614076547,0.8300318633,0.7040277436
2013-09-16,1.0085444669,0.8395724251,0.8930128938,0.8930128938,0.7614076547,0.8316706160,0.7010548111
2013-09-17,1.0085444669,0.8395724251,0.8930128938,0.8930128938,0.7614076547,0.8164240925,0.6866087921
2013-09-18,1.0085444669,0.8395724251,0.8930128938,0.8930128938,0.7614076547,0.8227356361,0.6880768719
2013-09-23,1.0085444669,0.8395724251,0.8930128938,0.8930128938,0.7614076547,0.8378946358,0.6993293223
2013-09-24,1.0075359224,0.8387328527,0.8921198809,0.8921198809,0.7606462471,0.8382439224,0.6912958987
2013-09-25,1.0016977210,0.8338727864,0.8869504616,0.8869504616,0.7562386563,0.8348892360,0.6870924947
2013-09-26,0.9690042507,0.8066567964,0.8580021192,0.8580021192,0.7315564937,0.8187484862,0.6744794540
2013-09-27,0.9713367266,0.8085984881,0.8600674035,0.8600674035,0.7333174125,0.8196661450,0.6774580437
2013-09-30,0.9925649479,0.8262701226,0.8788638731,0.8788638731,0.7493438058,0.8302691635,0.6814379828
2013-10-08,1.0046116994,0.8362985554,0.8895306357,0.8895306357,0.7584385845,0.8433147113,0.6907075353
2013-10-09,1.0185576782,0.8479080180,0.9018790638,0.9018790638,0.7689671982,0.8512598562,0.6940368802
2013-10-10,1.0110581250,0.8416649437,0.8952386054,0.8952386054,0.7633053584,0.8473203880,0.6871745261
2013-10-11,1.0270638460,0.8549890582,0.9094108265,0.9094108265,0.7753889887,0.8598984460,0.6982600849
2013-10-14,1.0385979808,0.8645907583,0.9196236941,0.9196236941,0.7840967639,0.8688087136,0.6994000390
2013-10-15,1.0320360730,0.8591282359,0.9138134711,0.9138134711,0.7791428060,0.8680708825,0.6979800466
2013-10-16,1.0022479984,0.8343308700,0.8874377032,0.8874377032,0.7566540920,0.8469753362,0.6849257333
2013-10-17,0.9907965054,0.8247979659,0.8772980106,0.8772980106,0.7480087078,0.8460534230,0.6826514824
2013-10-18,1.0023900452,0.8344491183,0.8875634782,0.8875634782,0.7567613313,0.8507020271,0.6862495509
2013-10-21,1.0246986126,0.8530200972,0.9073165371,0.9073165371,0.7736033393,0.8706020754,0.6990549413
2013-10-22,0.9985029088,0.8312132346,0.8841216241,0.8841216241,0.7538267106,0.8626505190,0.6918616328
2013-10-23,0.9743790416,0.8111310922,0.8627612130,0.8627612130,0.7356142294,0.8436021297,0.6841110762
2013-10-24,0.9678578616,0.8057024739,0.8569870522,0.8569870522,0.7306910192,0.8378140990,0.6790251271
2013-10-25,0.9493794103,0.7903199115,0.8406253589,0.8406253589,0.7167405840,0.8227133850,0.6699875256
2013-10-28,0.9497423377,0.7906220339,0.8409467120,0.8409467120,0.7170145786,0.8218304857,0.6692492426
2013-10-29,0.9378599099,0.7807303939,0.8304254493,0.8304254493,0.7080438571,0.8057368809,0.6709747315
2013-10-30,0.9378599099,0.7807303939,0.8304254493,0.8304254493,0.7080438571,0.8190946024,0.6809938816
2013-10-31,0.9378599099,0.7807303939,0.8304254493,0.8304254493,0.7080438571,0.8092795228,0.6714471194
2013-11-01,0.9378599099,0.7807303939,0.8304254493,0.8304254493,0.7080438571,0.8075555328,0.6746265448
2013-11-04,0.9378599099,0.7807303939,0.8304254493,0.8304254493,0.7080438571,0.8115158154,0.6733508145
2013-11-05,0.9378599099,0.7807303939,0.8304254493,0.8304254493,0.7080438571,0.8206180348,0.6742899330
2013-11-06,0.9378599099,0.7807303939,0.8304254493,0.8304254493,0.7080438571,0.8129057385,0.6657473488
2013-11-07,0.9378599099,0.7807303939,0.8304254493,0.8304254493,0.7080438571,0.8036443893,0.6620644201
2013-11-08,0.9378599099,0.7807303939,0.8304254493,0.8304254493,0.7080438571,0.7928206545,0.6528429551
2013-11-11,0.9378599099,0.7807303939,0.8304254493,0.8304254493,0.7080438571,0.7958754582,0.6550889192
2013-11-12,0.9378599099,0.7807303939,0.8304254493,0.8304254493,0.7080438571,0.8024255533,0.6619088433
2013-11-13,0.9378599099,0.7807303939,0.8304254493,0.8304254493,0.7080438571,0.7878671341,0.6472337019
2013-11-14,0.9378599099,0.7807303939,0.8304254493,0.8304254493,0.7080438571,0.7971602731,0.6518670638
2013-11-15,0.9378599099,0.7807303939,0.8304254493,0.8304254493,0.7080438571,0.8120912084,0.6649440065
2013-11-18,0.9378599099,0.7807303939,0.8304254493,0.8304254493,0.7080438571,0.8317056829,0.6870557220
2013-11-19,0.9378599099,0.7807303939,0.8304254493,0.8304254493,0.7080438571,0.8322617642,0.6823205279
2013-11-20,0.9378599099,0.7807303939,0.8304254493,0.8304254493,0.7080438571,0.8388989772,0.6859101105
2013-11-21,0.9378599099,0.7807303939,0.8304254493,0.8304254493,0.7080438571,0.8365094223,0.6817067065
2013-11-22,0.9378599099,0.7807303939,0.8304254493,0.8304254493,0.7080438571,0.8327618670,0.6783038162
2013-11-25,0.9378599099,0.7807303939,0.8304254493,0.8304254493,0.7080438571,0.8320000269,0.6756646668
2013-11-26,0.9378599099,0.7799496635,0.8295950239,0.8295950239,0.7073358133,0.8335449722,0.6753223977
2013-11-27,0.9378599099,0.7845437582,0.8344815419,0.8344815419,0.7115021946,0.8425854994,0.6829767794
2013-11-28,0.9378599099,0.7897432778,0.8400120213,0.8400120213,0.7162176353,0.8507592914,0.6900625985
2013-11-29,0.9378599099,0.7912538948,0.8416187921,0.8416187921,0.7175876128,0.8547095724,0.6898957069
2013-12-02,0.9378599099,0.7654209671,0.8141415467,0.8141415467,0.6941597484,0.8208270134,0.6841959363
2013-12-03,0.9378599099,0.7776613863,0.8271610932,0.8271610932,0.7052605762,0.8349728834,0.6909819163
2013-12-04,0.9378599099,0.7943473482,0.8449091500,0.8449091500,0.7203930636,0.8477379647,0.7001354933
2013-12-05,0.9378599099,0.7953200138,0.8459437277,0.8459437277,0.7212751734,0.8452342834,0.6981723961
2013-12-06,0.9378599099,0.7925950394,0.8430453032,0.8430453032,0.7188038959,0.8427812844,0.6936719817
2013-12-09,0.9378599099,0.7987981661,0.8496432714,0.8496432714,0.7244295073,0.8486948578,0.6932703106
2013-12-10,0.9378599099,0.8060958269,0.8574054430,0.8574054430,0.7310477508,0.8503232379,0.6939633348
2013-12-11,0.9378599099,0.7961934034,0.8468727103,0.8468727103,0.7220672497,0.8410696145,0.6824902482
2013-12-12,0.9378599099,0.7945510314,0.8451257981,0.8451257981,0.7205777838,0.8436607901,0.6817123638
2013-12-13,0.9378599099,0.7971255156,0.8478641534,0.8478641534,0.7229125817,0.8448069367,0.6807591020
2013-12-16,0.9378599099,0.7832813943,0.8331388259,0.8331388259,0.7103573576,0.8316192544,0.6698064907
2013-12-17,0.9378599099,0.7740080030,0.8232751647,0.8232751647,0.7019473254,0.8257238970,0.6665422052
2013-12-18,0.9378599099,0.7746667874,0.8239758821,0.8239758821,0.7025447766,0.8250467210,0.6667826421
2013-12-19,0.9378599099,0.7662756574,0.8150506398,0.8150506398,0.6949348665,0.8173508235,0.6597618825
2013-12-20,0.9378599099,0.7569597014,0.8051417045,0.8051417045,0.6864862324,0.8056064140,0.6444106890
2013-12-23,0.9378599099,0.7570831257,0.8052729850,0.8052729850,0.6865981658,0.8038483271,0.6462380100
2013-12-24,0.9378599099,0.7605356163,0.8089452336,0.8089452336,0.6897292272,0.8094169286,0.6472704746
2013-12-25,0.9378599099,0.7605356163,0.8089452336,0.8089452336,0.6897292272,0.8180644663,0.6520396127
2013-12-26,0.9378599099,0.7605356163,0.8089452336,0.8089452336,0.6897292272,0.8028737678,0.6407871624
2013-12-27,0.9378599099,0.7605356163,0.8089452336,0.8089452336,0.6897292272,0.8156911623,0.6515785394
2013-12-30,0.9378599099,0.7605356163,0.8089452336,0.8089452336,0.6897292272,0.8177835215,0.6504414140
2013-12-31,0.9378599099,0.7605356163,0.8089452336,0.8089452336,0.6897292272,0.8223772126,0.6590886590
2014-01-02,0.9378599099,0.7605356163,0.8089452336,0.8089452336,0.6897292272,0.8256981659,0.6568115794
2014-01-03,0.9378599099,0.7605356163,0.8089452336,0.8089452336,0.6897292272,0.8196860114,0.6479861282
2014-01-06,0.9378599099,0.7605356163,0.8089452336,0.8089452336,0.6897292272,0.7971049399,0.6332374414
2014-01-07,0.9378599099,0.7605356163,0.8089452336,0.8089452336,0.6897292272,0.8002084342,0.6330564065
2014-01-08,0.9378599099,0.7605356163,0.8089452336,0.8089452336,0.6897292272,0.8016930558,0.6341624166
2014-01-09,0.9378599099,0.7605356163,0.8089452336,0.8089452336,0.6897292272,0.7915979579,0.6285927648
2014-01-10,0.9378599099,0.7605356163,0.8089452336,0.8089452336,0.6897292272,0.7820637724,0.6236793646
2014-01-13,0.9378599099,0.7605356163,0.8089452336,0.8089452336,0.6897292272,0.7789837172,0.6205197399
2014-01-14,0.9378599099,0.7605356163,0.8089452336,0.8089452336,0.6897292272,0.7918594432,0.6259423008
2014-01-15,0.9378599099,0.7605356163,0.8089452336,0.8089452336,0.6897292272,0.7950493559,0.6248362907
2014-01-16,0.9378599099,0.7605356163,0.8089452336,0.8089452336,0.6897292272,0.7958319155,0.6256566051
2014-01-17,0.9378599099,0.7605356163,0.8089452336,0.8089452336,0.6897292272,0.7851949677,0.6162229897
2014-01-20,0.9378599099,0.7605356163,0.8089452336,0.8089452336,0.6897292272,0.7809112728,0.6126871519
2014-01-21,0.9378599099,0.7605356163,0.8089452336,0.8089452336,0.6897292272,0.7908023685,0.6187461636
2014-01-22,0.9378599099,0.7605356163,0.8089452336,0.8089452336,0.6897292272,0.8101132533,0.6346970353
2014-01-23,0.9378599099,0.7605356163,0.8089452336,0.8089452336,0.6897292272,0.8127564664,0.6313280890
2014-01-24,0.9378599099,0.7605356163,0.8089452336,0.8089452336,0.6897292272,0.8219816564,0.6352288253
2014-01-27,0.9378599099,0.7605356163,0.8089452336,0.8089452336,0.6897292272,0.8171065069,0.6268107026
2014-01-28,0.9378599099,0.7605356163,0.8089452336,0.8089452336,0.6897292272,0.8156904768,0.6279251986
2014-01-29,0.9378599099,0.7605356163,0.8089452336,0.8089452336,0.6897292272,0.8207278077,0.6301655055
2014-01-30,0.9378599099,0.7605356163,0.8089452336,0.8089452336,0.6897292272,0.8144328574,0.6230004837
2014-02-07,0.9378599099,0.7605356163,0.8089452336,0.8089452336,0.6897292272,0.8260730708,0.6258376400
2014-02-10,0.9378599099,0.7605356163,0.8089452336,0.8089452336,0.6897292272,0.8478910067,0.6414094698
2014-02-11,0.9378599099,0.7605356163,0.8089452336,0.8089452336,0.6897292272,0.8512745343,0.6465095623
2014-02-12,0.9378599099,0.7605356163,0.8089452336,0.8089452336,0.6897292272,0.8592396915,0.6481190757
2014-02-13,0.9378599099,0.7605356163,0.8089452336,0.8089452336,0.6897292272,0.8480001598,0.6448095315
2014-02-14,0.9378599099,0.7605356163,0.8089452336,0.8089452336,0.6897292272,0.8606326254,0.6493438899
2014-02-17,0.9378599099,0.7605356163,0.8089452336,0.8089452336,0.6897292272,0.8741269269,0.6538895631
2014-02-18,0.9378599099,0.7605356163,0.8089452336,0.8089452336,0.6897292272,0.8709030324,0.6456270172
2014-02-19,0.9378599099,0.7605356163,0.8089452336,0.8089452336,0.6897292272,0.8742566198,0.6530437906
2014-02-20,0.9378599099,0.7605356163,0.8089452336,0.8089452336,0.6897292272,0.8644708599,0.6470413523
2014-02-21,0.9378599099,0.7605356163,0.8089452336,0.8089452336,0.6897292272,0.8644708599,0.6470413523
2014-02-24,0.9378599099,0.7605356163,0.8089452336,0.8089452336,0.6897292272,0.8571879211,0.6328162670
2014-02-25,0.9378599099,0.7605356163,0.8089452336,0.8089452336,0.6897292272,0.8283323917,0.6166423049
2014-02-26,0.9378599099,0.7605356163,0.8089452336,0.8089452336,0.6897292272,0.8321175242,0.6182139797
2014-02-27,0.9378599099,0.7605356163,0.8089452336,0.8089452336,0.6897292272,0.8236039742,0.6155564205
2014-02-28,0.9378599099,0.7605356163,0.8089452336,0.8089452336,0.6897292272,0.8332082441,0.6226603904
2014-03-03,0.9378599099,0.7605356163,0.8089452336,0.8089452336,0.6897292272,0.8462954023,0.6259180436
2014-03-04,0.9378599099,0.7605356163,0.8089452336,0.8089452336,0.6897292272,0.8450881355,0.6241749134
2014-03-05,0.9378599099,0.7605356163,0.8089452336,0.8089452336,0.6897292272,0.8419199459,0.6183768623
2014-03-06,0.9378599099,0.7605356163,0.8089452336,0.8089452336,0.6897292272,0.8433452506,0.6211344371
2014-03-07,0.9378599099,0.7605356163,0.8089452336,0.8089452336,0.6897292272,0.8402827932,0.6196284870
2014-03-10,0.9378599099,0.7605356163,0.8089452336,0.8089452336,0.6897292272,0.8100404926,0.5994624710
2014-03-11,0.9378599099,0.7605356163,0.8089452336,0.8089452336,0.6897292272,0.8110380479,0.6025686719
2014-03-12,0.9378599099,0.7605356163,0.8089452336,0.8089452336,0.6897292272,0.8107860381,0.6041317738
2014-03-13,0.9378599099,0.7605356163,0.8089452336,0.8089452336,0.6897292272,0.8204178407,0.6116186609
2014-03-14,0.9378599099,0.7605356163,0.8089452336,0.8089452336,0.6897292272,0.8160929063,0.6066207351
2014-03-17,0.9378599099,0.7605356163,0.8089452336,0.8089452336,0.6897292272,0.8301152576,0.6123930679
2014-03-18,0.9378599099,0.7605356163,0.8089452336,0.8089452336,0.6897292272,0.8324151666,0.6109899910
2014-03-19,0.9378599099,0.7605356163,0.8089452336,0.8089452336,0.6897292272,0.8295469355,0.6060577898
2014-03-20,0.9378599099,0.7605356163,0.8089452336,0.8089452336,0.6897292272,0.8103283759,0.5963705581
2014-03-21,0.9378599099,0.7605356163,0.8089452336,0.8089452336,0.6897292272,0.8288374994,0.6168966305
2014-03-24,0.9378599099,0.7605356163,0.8089452336,0.8089452336,0.6897292272,0.8345288021,0.6219688536
2014-03-25,0.9378599099,0.7605356163,0.8089452336,0.8089452336,0.6897292272,0.8349339320,0.6213659020
2014-03-26,0.9378599099,0.7605356163,0.8089452336,0.8089452336,0.6897292272,0.8358861908,0.6203971788
2014-03-27,0.9378599099,0.7605356163,0.8089452336,0.8089452336,0.6897292272,0.8234630413,0.6160136350
2014-03-28,0.9378599099,0.7605356163,0.8089452336,0.8089452336,0.6897292272,0.8115218318,0.6149448962
2014-03-31,0.9378599099,0.7605356163,0.8089452336,0.8089452336,0.6897292272,0.8074427405,0.6133246424
2014-04-01,0.9378599099,0.7605356163,0.8089452336,0.8089452336,0.6897292272,0.8181964676,0.6181311096
2014-04-02,0.9378599099,0.7605356163,0.8089452336,0.8089452336,0.6897292272,0.8190950063,0.6231633264
2014-04-03,0.9378599099,0.7605356163,0.8089452336,0.8089452336,0.6897292272,0.8166414818,0.6186711942
2014-04-04,0.9378599099,0.7605356163,0.8089452336,0.8089452336,0.6897292272,0.8253594577,0.6245178243
2014-04-08,0.9378599099,0.7605356163,0.8089452336,0.8089452336,0.6897292272,0.8372635075,0.6393344308
2014-04-09,0.9378599099,0.7605356163,0.8089452336,0.8089452336,0.6897292272,0.8427225865,0.6397059176
2014-04-10,0.9378599099,0.7605356163,0.8089452336,0.8089452336,0.6897292272,0.8503691833,0.6497474905
2014-04-11,0.9378599099,0.7605356163,0.8089452336,0.8089452336,0.6897292272,0.8480208460,0.6488644950
2014-04-14,0.9378599099,0.7605356163,0.8089452336,0.8089452336,0.6897292272,0.8520951832,0.6482758314
2014-04-15,0.9378599099,0.7605356163,0.8089452336,0.8089452336,0.6897292272,0.8434260744,0.6370883647
2014-04-16,0.9378599099,0.7605356163,0.8089452336,0.8089452336,0.6897292272,0.8443836866,0.6379656450
2014-04-17,0.9378599099,0.7605356163,0.8089452336,0.8089452336,0.6897292272,0.8427299473,0.6357567276
2014-04-18,0.9378599099,0.7605356163,0.8089452336,0.8089452336,0.6897292272,0.8446424763,0.6356652847
2014-04-21,0.9378599099,0.7605356163,0.8089452336,0.8089452336,0.6897292272,0.8315440651,0.6250264754
2014-04-22,0.9378599099,0.7605356163,0.8089452336,0.8089452336,0.6897292272,0.8284462877,0.6277526167
2014-04-23,0.9378599099,0.7605356163,0.8089452336,0.8089452336,0.6897292272,0.8270522890,0.6271468075
2014-04-24,0.9378599099,0.7605356163,0.8089452336,0.8089452336,0.6897292272,0.8208431821,0.6259466195
2014-04-25,0.9378599099,0.7605356163,0.8089452336,0.8089452336,0.6897292272,0.8061480682,0.6194770347
2014-04-28,0.9378599099,0.7605356163,0.8089452336,0.8089452336,0.6897292272,0.7851886275,0.6100869924
2014-04-29,0.9378599099,0.7605356163,0.8089452336,0.8089452336,0.6897292272,0.7953801511,0.6168023300
2014-04-30,0.9378599099,0.7605356163,0.8089452336,0.8089452336,0.6897292272,0.8001451044,0.6168566242
2014-05-05,0.9378599099,0.7605356163,0.8089452336,0.8089452336,0.6897292272,0.8056012854,0.6162308119
2014-05-06,0.9378599099,0.7605356163,0.8089452336,0.8089452336,0.6897292272,0.8092926599,0.6164765647
2014-05-07,0.9378599099,0.7605356163,0.8089452336,0.8089452336,0.6897292272,0.7976020427,0.6107585261
2014-05-08,0.9378599099,0.7605356163,0.8089452336,0.8089452336,0.6897292272,0.7973134972,0.6102384447
2014-05-09,0.9378599099,0.7605356163,0.8089452336,0.8089452336,0.6897292272,0.7923382884,0.6097840878
2014-05-12,0.9378599099,0.7605356163,0.8089452336,0.8089452336,0.6897292272,0.8109205407,0.6229690102
2014-05-13,0.9378599099,0.7605356163,0.8089452336,0.8089452336,0.6897292272,0.8098493643,0.6214830632
2014-05-14,0.9378599099,0.7605356163,0.8089452336,0.8089452336,0.6897292272,0.8094158615,0.6207743807
2014-05-15,0.9378599099,0.7605356163,0.8089452336,0.8089452336,0.6897292272,0.7963257993,0.6126902573
2014-05-16,0.9378599099,0.7605356163,0.8089452336,0.8089452336,0.6897292272,0.7956367489,0.6132246267
2014-05-19,0.9378599099,0.7605356163,0.8089452336,0.8089452336,0.6897292272,0.7897758608,0.6044203905
2014-05-20,0.9378599099,0.7605356163,0.8089452336,0.8089452336,0.6897292272,0.7915808219,0.6046004187
2014-05-21,0.9378599099,0.7605356163,0.8089452336,0.8089452336,0.6897292272,0.7984488515,0.6103556059
2014-05-22,0.9378599099,0.7605356163,0.8089452336,0.8089452336,0.6897292272,0.7971951697,0.6089153803
2014-05-23,0.9378599099,0.7605356163,0.8089452336,0.8089452336,0.6897292272,0.8041275588,0.6139275940
2014-05-26,0.9378599099,0.7605356163,0.8089452336,0.8089452336,0.6897292272,0.8114676222,0.6160907900
2014-05-27,0.9378599099,0.7605356163,0.8089452336,0.8089452336,0.6897292272,0.8080304740,0.6136046863
2014-05-28,0.9378599099,0.7605356163,0.8089452336,0.8089452336,0.6897292272,0.8170535155,0.6199113884
2014-05-29,0.9378599099,0.7605356163,0.8089452336,0.8089452336,0.6897292272,0.8088502753,0.6158564675
2014-05-30,0.9378599099,0.7605356163,0.8089452336,0.8089452336,0.6897292272,0.8108983231,0.6162279543
2014-06-03,0.9378599099,0.7605356163,0.8089452336,0.8089452336,0.6897292272,0.8089362086,0.6143590901
2014-06-04,0.9378599099,0.7605356163,0.8089452336,0.8089452336,0.6897292272,0.8021218837,0.6081724068
2014-06-05,0.9378599099,0.7605356163,0.8089452336,0.8089452336,0.6897292272,0.8113826217,0.6145534063
2014-06-06,0.9378599099,0.7605356163,0.8089452336,0.8089452336,0.6897292272,0.8073430037,0.6100155526
2014-06-09,0.9378599099,0.7605356163,0.8089452336,0.8089452336,0.6897292272,0.8044357291,0.6098898186
2014-06-10,0.9378599099,0.7605356163,0.8089452336,0.8089452336,0.6897292272,0.8139450913,0.6176024553
2014-06-11,0.9378599099,0.7605356163,0.8089452336,0.8089452336,0.6897292272,0.8165133619,0.6174595758
2014-06-12,0.9378599099,0.7605356163,0.8089452336,0.8089452336,0.6897292272,0.8152484242,0.6153563892
2014-06-13,0.9378599099,0.7605356163,0.8089452336,0.8089452336,0.6897292272,0.8232573606,0.6218802683
2014-06-16,0.9378599099,0.7605356163,0.8089452336,0.8089452336,0.6897292272,0.8286923641,0.6263438246
2014-06-17,0.9378599099,0.7605356163,0.8089452336,0.8089452336,0.6897292272,0.8206861544,0.6200028313
2014-06-18,0.9378599099,0.7605356163,0.8089452336,0.8089452336,0.6897292272,0.8156820641,0.6173081235
2014-06-19,0.9378599099,0.7605356163,0.8089452336,0.8089452336,0.6897292272,0.7971363918,0.6077837745
2014-06-20,0.9378599099,0.7605356163,0.8089452336,0.8089452336,0.6897292272,0.8029781415,0.6105899283
2014-06-23,0.9378599099,0.7605356163,0.8089452336,0.8089452336,0.6897292272,0.8079271332,0.6098412396
2014-06-24,0.9378599099,0.7605356163,0.8089452336,0.8089452336,0.6897292272,0.8134227901,0.6129017190
2014-06-25,0.9378599099,0.7605356163,0.8089452336,0.8089452336,0.6897292272,0.8098162519,0.6096297779
2014-06-26,0.9378599099,0.7605356163,0.8089452336,0.8089452336,0.6897292272,0.8190581594,0.6141190525
2014-06-27,0.9378599099,0.7605356163,0.8089452336,0.8089452336,0.6897292272,0.8246285837,0.6144562482
2014-06-30,0.9378599099,0.7605356163,0.8089452336,0.8089452336,0.6897292272,0.8320039777,0.6187026276
2014-07-01,0.9378599099,0.7605356163,0.8089452336,0.8089452336,0.6897292272,0.8350382205,0.6185426026
2014-07-02,0.9378599099,0.7605356163,0.8089452336,0.8089452336,0.6897292272,0.8394363753,0.6203457422
2014-07-03,0.9378599099,0.7605356163,0.8089452336,0.8089452336,0.6897292272,0.8438360071,0.6230090165
2014-07-04,0.9378599099,0.7605356163,0.8089452336,0.8089452336,0.6897292272,0.8423064864,0.6225832355
2014-07-07,0.9378599099,0.7605356163,0.8089452336,0.8089452336,0.6897292272,0.8422135335,0.6218945562
2014-07-08,0.9378599099,0.7605356163,0.8089452336,0.8089452336,0.6897292272,0.8462200166,0.6230890290
2014-07-09,0.9378599099,0.7605356163,0.8089452336,0.8089452336,0.6897292272,0.8343338729,0.6140133217
2014-07-10,0.9378599099,0.7605356163,0.8089452336,0.8089452336,0.6897292272,0.8345791648,0.6123387737
2014-07-11,0.9378599099,0.7605356163,0.8089452336,0.8089452336,0.6897292272,0.8409426729,0.6138132904
2014-07-14,0.9378599099,0.7605356163,0.8089452336,0.8089452336,0.6897292272,0.8510230723,0.6206000677
2014-07-15,0.9378599099,0.7605356163,0.8089452336,0.8089452336,0.6897292272,0.8504600347,0.6215202119
2014-07-16,0.9378599099,0.7605356163,0.8089452336,0.8089452336,0.6897292272,0.8448454534,0.6203457422
2014-07-17,0.9378599099,0.7605356163,0.8089452336,0.8089452336,0.6897292272,0.8399585835,0.6164022673
2014-07-18,0.9378599099,0.7605356163,0.8089452336,0.8089452336,0.6897292272,0.8418983463,0.6184225838
2014-07-21,0.9378599099,0.7605356163,0.8089452336,0.8089452336,0.6897292272,0.8413379697,0.6190369657
2014-07-22,0.9378599099,0.7605356163,0.8089452336,0.8089452336,0.6897292272,0.8515900018,0.6265838622
2014-07-23,0.9378599099,0.7605356163,0.8089452336,0.8089452336,0.6897292272,0.8476016721,0.6280498061
2014-07-24,0.9378599099,0.7605356163,0.8089452336,0.8089452336,0.6897292272,0.8504516758,0.6392458455
2014-07-25,0.9378599099,0.7605356163,0.8089452336,0.8089452336,0.6897292272,0.8585457399,0.6459440376
2014-07-28,0.9378599099,0.7605356163,0.8089452336,0.8089452336,0.6897292272,0.8759847346,0.6640754491
2014-07-29,0.9378599099,0.7605356163,0.8089452336,0.8089452336,0.6897292272,0.8824128111,0.6662100692
2014-07-30,0.9378599099,0.7605356163,0.8089452336,0.8089452336,0.6897292272,0.8841529856,0.6635353645
2014-07-31,0.9378599099,0.7605356163,0.8089452336,0.8089452336,0.6897292272,0.8926703299,0.6716052000
2014-08-01,0.9378599099,0.7605356163,0.8089452336,0.8089452336,0.6897292272,0.8839851535,0.6656471239
2014-08-04,0.9378599099,0.7605356163,0.8089452336,0.8089452336,0.6897292272,0.8987202620,0.6788549070
2014-08-05,0.9378599099,0.7605356163,0.8089452336,0.8089452336,0.6897292272,0.9027578097,0.6770631978
2014-08-06,0.9378599099,0.7605356163,0.8089452336,0.8089452336,0.6897292272,0.9056999562,0.6753114948
2014-08-07,0.9378599099,0.7605356163,0.8089452336,0.8089452336,0.6897292272,0.8964938018,0.6650927513
2014-08-08,0.9378599099,0.7605356163,0.8089452336,0.8089452336,0.6897292272,0.9008655802,0.6661414870
2014-08-11,0.9378599099,0.7605356163,0.8089452336,0.8089452336,0.6897292272,0.9139561607,0.6759201616
2014-08-12,0.9378599099,0.7605356163,0.8089452336,0.8089452336,0.6897292272,0.9163992784,0.6735483615
2014-08-13,0.9378599099,0.7605356163,0.8089452336,0.8089452336,0.6897292272,0.9169222202,0.6740770158
2014-08-14,0.9378599099,0.7605356163,0.8089452336,0.8089452336,0.6897292272,0.9101497894,0.6675188456
2014-08-15,0.9369220500,0.7597750807,0.8081362884,0.8081362884,0.6890394980,0.9201015153,0.6745742365
2014-08-18,0.9470995947,0.7680283232,0.8169148663,0.8169148663,0.6965243579,0.9318349486,0.6785520024
2014-08-19,0.9525218946,0.7724254108,0.8215918373,0.8215918373,0.7005120736,0.9356476700,0.6786120118
2014-08-20,0.9516500910,0.7717184420,0.8208398686,0.8208398686,0.6998709242,0.9348857268,0.6761459113
2014-08-21,0.9513143614,0.7714461899,0.8205502871,0.8205502871,0.6996240189,0.9344902992,0.6727453786
2014-08-22,0.9536589037,0.7733474418,0.8225725575,0.8225725575,0.7013482629,0.9399561647,0.6759230192
2014-08-25,0.9432343663,0.7648939064,0.8135809376,0.8135809376,0.6936817575,0.9324183874,0.6694934406
2014-08-26,0.9298027525,0.7540018525,0.8019955826,0.8019955826,0.6838037613,0.9186616554,0.6641297433
2014-08-27,0.9375377641,0.7602743798,0.8086673688,0.8086673688,0.6894923119,0.9222735679,0.6651327576
2014-08-28,0.9266131867,0.7514153485,0.7992444425,0.7992444425,0.6814580626,0.9148082302,0.6604691699
2014-08-29,0.9398261130,0.7621300628,0.8106411698,0.8106411698,0.6911752297,0.9251871775,0.6681875218
2014-09-01,0.9566528406,0.7757753051,0.8251549592,0.8251549592,0.7035500905,0.9384904728,0.6730539984
2014-09-02,0.9761791595,0.7916097180,0.8419972641,0.8419972641,0.7179103086,0.9523981973,0.6819525351
2014-09-03,0.9861474809,0.7996932956,0.8505953777,0.8505953777,0.7252412996,0.9602519842,0.6883478226
2014-09-04,0.9936876328,0.8058078059,0.8570990888,0.8570990888,0.7307865448,0.9687003578,0.6933143148
2014-09-05,1.0051471148,0.8151006056,0.8669833938,0.8669833938,0.7392141784,0.9750120928,0.6998982032
2014-09-09,1.0127072486,0.8212313197,0.8735043402,0.8735043402,0.7447741188,0.9800941032,0.6987437367
2014-09-10,1.0148044042,0.8229319591,0.8753132287,0.8753132287,0.7463164275,0.9826953922,0.6950888785
2014-09-11,1.0103543388,0.8193232824,0.8714748525,0.8714748525,0.7430437211,0.9807348186,0.6925227622
2014-09-12,1.0252740826,0.8314221006,0.8843437848,0.8843437848,0.7540161310,0.9911422727,0.6967834296
2014-09-15,1.0330822191,0.8377539268,0.8910786444,0.8910786444,0.7597584598,0.9986001888,0.6964490915
2014-09-16,1.0008663995,0.8116292593,0.8632910894,0.8632910894,0.7360660169,0.9703071199,0.6826097809
2014-09-17,1.0036872923,0.8139167965,0.8657242330,0.8657242330,0.7381405828,0.9768791131,0.6862017721
2014-09-18,1.0047671473,0.8147924797,0.8666556552,0.8666556552,0.7389347393,0.9816828141,0.6882963859
2014-09-19,1.0175661079,0.8251714983,0.8776953191,0.8776953191,0.7483474641,0.9911351627,0.6930256982
2014-09-22,0.9976818022,0.8090467844,0.8605442348,0.8605442348,0.7337239722,0.9772328264,0.6797979119
2014-09-23,1.0116817777,0.8203997380,0.8726198267,0.8726198267,0.7440199580,0.9894148023,0.6856674027
2014-09-24,1.0324936173,0.8372766138,0.8905709495,0.8905709495,0.7593255850,1.0041557044,0.6977835863
2014-09-25,1.0358219031,0.8399756095,0.8934417417,0.8934417417,0.7617733024,1.0039102962,0.6963862246
2014-09-26,1.0379939803,0.8417370049,0.8953152534,0.8953152534,0.7633707106,1.0071565417,0.6964519491
2014-09-29,1.0465324014,0.8486610383,0.9026800154,0.9026800154,0.7696501117,1.0154092145,0.6994809950
2014-09-30,1.0484249570,0.8501957621,0.9043124275,0.9043124275,0.7710419518,1.0199763853,0.7003925664
2014-10-09,1.0706771336,0.8682406457,0.9235059041,0.9235059041,0.7874068442,1.0364107179,0.7092425241
2014-10-10,1.0652692571,0.8638552544,0.9188413738,0.9188413738,0.7834297359,1.0310967126,0.7049075593
2014-10-13,1.0701798737,0.8678374044,0.9230769956,0.9230769956,0.7870411449,1.0292385846,0.7015241722
2014-10-14,1.0680674006,0.8661243436,0.9212548951,0.9212548951,0.7854875713,1.0269209600,0.6991266538
2014-10-15,1.0697526288,0.8674909401,0.9227084782,0.9227084782,0.7867269367,1.0313948214,0.7040731429
2014-10-16,1.0477554541,0.8496528444,0.9037349519,0.9037349519,0.7705495800,1.0179111524,0.6985094143
2014-10-17,1.0424169633,0.8453237198,0.8991302699,0.8991302699,0.7666234999,1.0095314851,0.6977464376
2014-10-20,1.0525866446,0.8535705856,0.9079020653,0.9079020653,0.7741025768,1.0205718325,0.7014555900
2014-10-21,1.0379097014,0.8416686609,0.8952425592,0.8952425592,0.7633087295,1.0118945269,0.6953632072
2014-10-22,1.0310827647,0.8361325158,0.8893540273,0.8893540273,0.7582880033,1.0022545803,0.6911482612
2014-10-23,1.0155096584,0.8235038686,0.8759215414,0.8759215414,0.7468350919,0.9877305791,0.6846615309
2014-10-24,1.0129164931,0.8214010017,0.8736848228,0.8736848228,0.7449280033,0.9883729640,0.6831670110
2014-10-27,1.0198885033,0.8270547906,0.8796984868,0.8796984868,0.7500554206,0.9904908057,0.6769146031
2014-10-28,1.0527254228,0.8536831246,0.9080217676,0.9080217676,0.7742046383,1.0146008258,0.6905796007
2014-10-29,1.0695246256,0.8673060462,0.9225118155,0.9225118155,0.7865592566,1.0291996829,0.7005040124
2014-10-30,1.0664044353,0.8647758007,0.9198205147,0.9198205147,0.7842645787,1.0321105083,0.7055190837
2014-10-31,1.0694107946,0.8672137376,0.9224136312,0.9224136312,0.7864755420,1.0361904711,0.7167779901
2014-11-03,1.0826044876,0.8779128552,0.9337937691,0.9337937691,0.7961785644,1.0453620027,0.7179838933
2014-11-04,1.0793096199,0.8752409591,0.9309518015,0.9309518015,0.7937554236,1.0425464677,0.7181610639
2014-11-05,1.0807874869,0.8764394008,0.9322265265,0.9322265265,0.7948422896,1.0402050950,0.7153834860
2014-11-06,1.0829293569,0.8781763004,0.9340739831,0.9340739831,0.7964174826,1.0454913238,0.7161321747
2014-11-07,1.0715610006,0.8689573970,0.9242682781,0.9242682781,0.7880568655,1.0381108877,0.7150119992
2014-11-10,1.0856487624,0.8803815388,0.9364195894,0.9364195894,0.7984174118,1.0539418842,0.7331805594
2014-11-11,1.0482336638,0.8500406374,0.9041474287,0.9041474287,0.7709012692,1.0295384206,0.7311459550
2014-11-12,1.0645299592,0.8632557379,0.9182036970,0.9182036970,0.7828860348,1.0458107230,0.7413504106
2014-11-13,1.0536796341,0.8544569200,0.9088448166,0.9088448166,0.7749063929,1.0369007204,0.7371869013
2014-11-14,1.0520501070,0.8531354929,0.9074392780,0.9074392780,0.7737079916,1.0347297315,0.7375698184
2014-11-17,1.0600598978,0.8596308459,0.9143480733,0.9143480733,0.7795986228,1.0408004796,0.7335720493
2014-11-18,1.0608166709,0.8602445334,0.9150008233,0.9150008233,0.7801551755,1.0403298720,0.7262337570
2014-11-19,1.0601021199,0.8596650850,0.9143844918,0.9143844918,0.7796296741,1.0439380368,0.7250335690
2014-11-20,1.0559576842,0.8563042515,0.9108097345,0.9108097345,0.7765817366,1.0423623209,0.7249992779
2014-11-21,1.0686475775,0.8665948245,0.9217553231,0.9217553231,0.7859142501,1.0546748804,0.7382470673
2014-11-24,1.0918053262,0.8853740606,0.9417298952,0.9417298952,0.8029451264,1.0722222545,0.7570500126
2014-11-25,1.1096604141,0.8998532276,0.9571306903,0.9571306903,0.8160762730,1.0876139916,0.7674230660
2014-11-26,1.1147896861,0.9040126911,0.9615549119,0.9615549119,0.8198484876,1.0949262235,0.7781275999
2014-11-27,1.1209753053,0.9090287747,0.9668902793,0.9668902793,0.8243975704,1.1024294185,0.7871204371
2014-11-28,1.1275631774,0.9143710559,0.9725726074,0.9725726074,0.8292424815,1.1077226167,0.8026457261
2014-12-01,1.1252862274,0.9125246164,0.9706086384,0.9706086384,0.8275679468,1.1042593023,0.8057862181
2014-12-02,1.1396406804,0.9241650252,0.9829899825,0.9829899825,0.8381246255,1.1234052506,0.8355423076
2014-12-03,1.1572359844,0.9384335266,0.9981667026,0.9981667026,0.8510647196,1.1392490074,0.8480042597
2014-12-04,1.1804404879,0.9572506773,1.0181816028,1.0181816028,0.8681299807,1.1672727274,0.8870960973
2014-12-05,1.1748275745,0.9526990161,1.0133402192,1.0133402192,0.8640020823,1.1487812780,0.8929655881
2014-12-08,1.2319848597,0.9990493833,1.0626408802,1.0626408802,0.9060371984,1.1712201650,0.9295398885
2014-12-09,1.1858120685,0.9616066353,1.0228148262,1.0228148262,0.8720803960,1.1246125318,0.8878276404
2014-12-10,1.2393054177,1.0049858191,1.0689551820,1.0689551820,0.9114209479,1.1660053400,0.9205870576
2014-12-11,1.2732264962,1.0324933263,1.0982135973,1.0982135973,0.9363674873,1.1763080367,0.9095739039
2014-12-12,1.2764556926,1.0351119678,1.1009989206,1.1009989206,0.9387423315,1.1842154612,0.9124943614
2014-12-15,1.2936982839,1.0490944451,1.1158714105,1.1158714105,0.9514230305,1.1988099594,0.9193525785
2014-12-16,1.3045561923,1.0578994126,1.1252368319,1.1252368319,0.9594082495,1.2055379545,0.9439764356
2014-12-17,1.3389278755,1.0857723273,1.1548839135,1.1548839135,0.9846861766,1.1989752379,0.9603218530
2014-12-18,1.3279604150,1.0768785210,1.1454239986,1.1454239986,0.9766203899,1.2017332926,0.9561297678
2014-12-19,1.3498606022,1.0946379670,1.1643138689,1.1643138689,0.9927264191,1.2015951455,0.9667714347
2014-12-22,1.3369729318,1.0841870113,1.1531976889,1.1531976889,0.9832484546,1.1712973284,0.9700033696
2014-12-23,1.2979345106,1.0525297143,1.1195253415,1.1195253415,0.9545384738,1.1475826925,0.9501259703
2014-12-24,1.2595812879,1.0214280630,1.0864440077,1.0864440077,0.9263324076,1.1503732826,0.9231131676
2014-12-25,1.3060786594,1.0591340217,1.1265500264,1.1265500264,0.9605279157,1.1739496710,0.9531264402
2014-12-26,1.3546937839,1.0985573229,1.1684826997,1.1684826997,0.9962808803,1.1891472686,0.9846799542
2014-12-29,1.3620178215,1.1044965804,1.1748000028,1.1748000028,1.0016671889,1.1786547022,0.9874289562
2014-12-30,1.3597562289,1.1026625946,1.1728492802,1.1728492802,1.0000039485,1.1616261836,0.9880261926
2014-12-31,1.3939191749,1.1303662387,1.2023163168,1.2023163168,1.0251283642,1.1771992838,1.0097896017
2015-01-05,1.4300208580,1.1596420565,1.2334555991,1.2334555991,1.0516785832,1.2049262072,1.0406029997
2015-01-06,1.4171616202,1.1492141576,1.2223639435,1.2223639435,1.0422215289,1.2191180439,1.0404658353
2015-01-07,1.4200236177,1.1515350277,1.2248325417,1.2248325417,1.0443263244,1.2191880805,1.0412459575
2015-01-08,1.3798355880,1.1189454824,1.1901686065,1.1901686065,1.0147708882,1.2073269153,1.0170907453
2015-01-09,1.3738385080,1.1140822904,1.1849958625,1.1849958625,1.0103604627,1.1982594425,1.0135073269
2015-01-12,1.3481540899,1.0932541106,1.1628419274,1.1628419274,0.9914714008,1.1835999050,1.0040372720
2015-01-13,1.3439733351,1.0898638251,1.1592358433,1.1592358433,0.9883967531,1.1957924261,1.0041687212
2015-01-14,1.3429392433,1.0890252524,1.1583438938,1.1583438938,0.9876362522,1.1883013915,1.0008482011
2015-01-15,1.3876887182,1.1253137952,1.1969422751,1.1969422751,1.0205463067,1.2064168164,1.0299098962
2015-01-16,1.3967726564,1.1326802030,1.2047775696,1.2047775696,1.0272268968,1.2207016334,1.0387769994
2015-01-19,1.2797241801,1.0377624715,1.1038181341,1.1038181341,0.9411460715,1.1608354813,0.9587673238
2015-01-20,1.2933541801,1.0488154021,1.1155746059,1.1155746059,0.9511699666,1.1963323523,0.9705005903
2015-01-21,1.3555048463,1.0992150351,1.1691822766,1.1691822766,0.9968773591,1.2316785176,1.0141274240
2015-01-22,1.3610774729,1.1037340266,1.1739889110,1.1739889110,1.0009756294,1.2472939382,1.0194768334
2015-01-23,1.3690122202,1.1101685248,1.1808329779,1.1808329779,1.0068110714,1.2394052350,1.0206541606
2015-01-26,1.3876773784,1.1253045994,1.1969324941,1.1969324941,1.0205379670,1.2632770280,1.0310157837
2015-01-27,1.3809431637,1.1198436451,1.1911239391,1.1911239391,1.0155854313,1.2650705034,1.0215685896
2015-01-28,1.3680764913,1.1094097173,1.1800258708,1.1800258708,1.0061229094,1.2540065051,1.0073920833
2015-01-29,1.3556873315,1.0993630172,1.1693396780,1.1693396780,0.9970115639,1.2451661305,0.9949558495
2015-01-30,1.3298697240,1.0784268306,1.1470708613,1.1470708613,0.9780245508,1.2300683175,0.9814080131
2015-02-02,1.2956244203,1.0506564005,1.1175327875,1.1175327875,0.9528395667,1.2176146481,0.9584244130
2015-02-03,1.3284355039,1.0772637833,1.1458337836,1.1458337836,0.9769697839,1.2398081108,0.9822824358
2015-02-04,1.3253370746,1.0747511843,1.1431612527,1.1431612527,0.9746911096,1.2358394615,0.9720865530
2015-02-05,1.3067724453,1.0596966312,1.1271484471,1.1271484471,0.9610381458,1.2265700334,0.9621364230
2015-02-06,1.2829908068,1.0404114663,1.1066357427,1.1066357427,0.9435484430,1.2022529773,0.9465539822
2015-02-09,1.2959919699,1.0509544562,1.1178498151,1.1178498151,0.9531098733,1.1996650268,0.9561269102
2015-02-10,1.3194479686,1.0699755512,1.1380816409,1.1380816409,0.9703600913,1.2172672822,0.9735639273
2015-02-11,1.3287405072,1.0775111186,1.1460968623,1.1460968623,0.9771940921,1.2311747989,0.9813308582
2015-02-12,1.3299119950,1.0784611093,1.1471073218,1.1471073218,0.9780556380,1.2393636995,0.9838312498
2015-02-13,1.3475012114,1.0927246740,1.1622787911,1.1622787911,0.9909912551,1.2565300188,0.9915353137
2015-02-16,1.3509146595,1.0954927301,1.1652230395,1.1652230395,0.9935016033,1.2774859980,1.0000080695
2015-02-17,1.3657185284,1.1074975823,1.1779920245,1.1779920245,1.0043887954,1.2862693907,1.0065348061
2015-02-25,1.3529391037,1.0971344059,1.1669692112,1.1669692112,0.9949904379,1.2812011206,0.9940785693
2015-02-26,1.3942697038,1.1306504920,1.2026186633,1.2026186633,1.0253861533,1.2989445165,1.0190996314
2015-02-27,1.3974292455,1.1332126486,1.2053439064,1.2053439064,1.0277097714,1.3101073193,1.0209713532
2015-03-02,1.4133470596,1.1461208286,1.2190737180,1.2190737180,1.0394161910,1.3316747469,1.0290926253
2015-03-03,1.3794959539,1.1186700641,1.1898756572,1.1898756572,1.0145211115,1.3168722187,1.0024141607
2015-03-04,1.3802564921,1.1192868049,1.1905316548,1.1905316548,1.0150804333,1.3342788401,1.0089637580
2015-03-05,1.3654298863,1.1072635147,1.1777430581,1.1777430581,1.0041765197,1.3317340847,0.9991107861
2015-03-06,1.3618592494,1.1043679900,1.1746632275,1.1746632275,1.0015505704,1.3201064843,0.9940185599
2015-03-09,1.3848013789,1.1229723748,1.1944518186,1.1944518186,1.0184228741,1.3391483290,1.0109440682
2015-03-10,1.3759290674,1.1157775807,1.1867990614,1.1867990614,1.0118979203,1.3484493229,1.0060461581
2015-03-11,1.3779016386,1.1173771914,1.1885004905,1.1885004905,1.0133486061,1.3484135130,1.0072006247
2015-03-12,1.4078043956,1.1416261346,1.2142929276,1.2142929276,1.0353399560,1.3520106845,1.0266865341
2015-03-13,1.4217041010,1.1528977764,1.2262820321,1.2262820321,1.0455622002,1.3683318064,1.0337790736
2015-03-16,1.4586950488,1.1828947226,1.2581883441,1.2581883441,1.0727664101,1.4066284745,1.0589287274
2015-03-17,1.4853306490,1.2044942413,1.2811627154,1.2811627154,1.0923549988,1.4261284233,1.0736310303
2015-03-18,1.5234999041,1.2354467083,1.3140853691,1.3140853691,1.1204257698,1.4559114502,1.0990435824
2015-03-19,1.5226165098,1.2347303403,1.3133234028,1.3133234028,1.1197760962,1.4641932832,1.0972404428
2015-03-20,1.5460897183,1.2537653912,1.3335700729,1.3335700729,1.1370389707,1.4781923942,1.1123370932
2015-03-23,1.5959790955,1.2942220179,1.3766018450,1.3766018450,1.1737290576,1.5140284647,1.1350520799
2015-03-24,1.6167224113,1.3110433259,1.3944938630,1.3944938630,1.1889842903,1.5238300874,1.1353349813
2015-03-25,1.6303891374,1.3221260386,1.4062820126,1.4062820126,1.1990351948,1.5310563585,1.1260078060
2015-03-26,1.5950488563,1.2934676621,1.3757994729,1.3757994729,1.1730449329,1.5232593548,1.1287482353
2015-03-27,1.6120881179,1.3072852538,1.3904965821,1.3904965821,1.1855760973,1.5362657623,1.1349492066
2015-03-30,1.6123867497,1.3075274223,1.3907541651,1.3907541651,1.1857957197,1.5579643115,1.1682344204
2015-03-31,1.6240849765,1.3170138265,1.4008443979,1.4008443979,1.1943989331,1.5552511410,1.1576670508
2015-04-01,1.6656160439,1.3506924767,1.4366667617,1.4366667617,1.2249420779,1.5885350201,1.1784417336
2015-04-02,1.6979645409,1.3769247358,1.4645687568,1.4645687568,1.2487320956,1.6114200614,1.1786932015
2015-04-03,1.7207300858,1.3953859233,1.4842050359,1.4842050359,1.2654745339,1.6368738461,1.1917695355
2015-04-07,1.7504481458,1.4194850909,1.5098381638,1.5098381638,1.2873300524,1.6692871764,1.2173449702
2015-04-08,1.7260639164,1.3997112689,1.4888056984,1.4888056984,1.2693971868,1.6603244899,1.2275637137
2015-04-09,1.7150438922,1.3907748373,1.4793004449,1.4793004449,1.2612927431,1.6440021857,1.2179450642
2015-04-10,1.7600691315,1.4272870048,1.5181366851,1.5181366851,1.2944056027,1.6819596824,1.2414573186
2015-04-13,1.7872346585,1.4493162553,1.5415681416,1.5415681416,1.3143839148,1.7157833484,1.2633607495
2015-04-14,1.7768573929,1.4409010538,1.5326172957,1.5326172957,1.3067521744,1.7207959456,1.2682500868
2015-04-15,1.7072633149,1.3844653596,1.4725893564,1.4725893564,1.2555706821,1.6705909077,1.2517703626
2015-04-16,1.7342857925,1.4063786075,1.4958974264,1.4958974264,1.2754437916,1.7025380652,1.2897877462
2015-04-17,1.7492069393,1.4184785634,1.5087675688,1.5087675688,1.2864172333,1.7283110734,1.3133885859
2015-04-20,1.7153224905,1.3910007601,1.4795407483,1.4795407483,1.2614976324,1.7062465233,1.2921795494
2015-04-21,1.7862859083,1.4485468884,1.5407498030,1.5407498030,1.3136861765,1.7590489238,1.3199667591
2015-04-22,1.8447608469,1.4959657758,1.5911869977,1.5911869977,1.3566903329,1.8050516785,1.3544435881
2015-04-23,1.8743416744,1.5199536578,1.6167017565,1.6167017565,1.3784449266,1.8223529666,1.3547522079
2015-04-24,1.8852895205,1.5288315582,1.6261447531,1.6261447531,1.3864962883,1.8211983004,1.3438219244
2015-04-27,1.8969667483,1.5383009337,1.6362168733,1.6362168733,1.3950840584,1.8488306242,1.3738123363
2015-04-28,1.8435565283,1.4949891617,1.5901482201,1.5901482201,1.3558046422,1.8033125382,1.3550293942
2015-04-29,1.9022617697,1.5425948078,1.6407840611,1.6407840611,1.3989781699,1.8338169918,1.3643079904
2015-04-30,1.9224169171,1.5589391544,1.6581687581,1.6581687581,1.4138008466,1.8362821248,1.3573240393
2015-05-04,1.9198084141,1.5568238498,1.6559188101,1.6559188101,1.4118824783,1.8552011393,1.3681400193
2015-05-05,1.8644231128,1.5119104317,1.6081465629,1.6081465629,1.3711505303,1.7894779929,1.3135886172
2015-05-06,1.8719720385,1.5180320569,1.6146578418,1.6146578418,1.3767022280,1.7672128314,1.3011552411
2015-05-07,1.8501710920,1.5003530879,1.5958535710,1.5958535710,1.3606691832,1.7270963329,1.2773686580
2015-05-08,1.9447415250,1.5770427744,1.6774247098,1.6774247098,1.4302190071,1.7864240442,1.3026040394
2015-05-11,2.0496496191,1.6621155462,1.7679125341,1.7679125341,1.5073714453,1.8572850656,1.3403613823
2015-05-12,2.1133532969,1.7137745576,1.8228597453,1.8228597453,1.5542209673,1.8958581712,1.3566182145
2015-05-13,2.1446130493,1.7391239246,1.8498226503,1.8498226503,1.5772102908,1.9046264635,1.3483369173
2015-05-14,2.1352431279,1.7315256055,1.8417406829,1.8417406829,1.5703193803,1.9097006125,1.3432904125
2015-05-15,2.1361160610,1.7322334902,1.8424936259,1.8424936259,1.5709613605,1.8953563685,1.3194838263
2015-05-18,2.1924524032,1.7779181327,1.8910861876,1.8910861876,1.6123927314,1.9159998979,1.3073876459
2015-05-19,2.2463602278,1.8216334256,1.9375840465,1.9375840465,1.6520381004,1.9672537991,1.3519889179
2015-05-20,2.2932301768,1.8596415174,1.9780114296,1.9780114296,1.6865076127,1.9986552859,1.3587614073
2015-05-21,2.3595202460,1.9133979026,2.0351895166,2.0351895166,1.7352592415,2.0584688304,1.3833538309
2015-05-22,2.3904594966,1.9384873662,2.0618759748,2.0618759748,1.7580128588,2.0972136407,1.4148901993
2015-05-25,2.4302755422,1.9707752596,2.0962190573,2.0962190573,1.7872947270,2.1553566612,1.4572282597
2015-05-26,2.5104970968,2.0358290579,2.1654136604,2.1654136604,1.8462919720,2.2249413202,1.4856384242
2015-05-27,2.5226838877,2.0457116517,2.1759253012,2.1759253012,1.8552544895,2.2479402595,1.4806404984
2015-05-28,2.3795129068,1.9296104845,2.0524340618,2.0524340618,1.7499624209,2.1141865973,1.3813620904
2015-05-29,2.4111274685,1.9552475759,2.0797030054,2.0797030054,1.7732126814,2.1300785557,1.3833109671
2015-06-01,2.5190041857,2.0427276832,2.1727513970,2.1727513970,1.8525483305,2.2343630192,1.4505643587
2015-06-02,2.6233177997,2.1273183752,2.2627264562,2.2627264562,1.9292635709,2.3036216519,1.4750510515
2015-06-03,2.6474419227,2.1468812700,2.2835345685,2.2835345685,1.9470051467,2.3074134340,1.4698273761
2015-06-04,2.6118605659,2.1180273987,2.2528440904,2.2528440904,1.9208375907,2.3076092619,1.4806376408
2015-06-05,2.6358283210,2.1374634906,2.2735173286,2.2735173286,1.9384641691,2.3439254212,1.4946769828
2015-06-08,2.5733413324,2.0867911248,2.2196195651,2.2196195651,1.8925094354,2.3372419895,1.5298824974
2015-06-09,2.5570319782,2.0735654345,2.2055520330,2.2055520330,1.8805150659,2.3367851429,1.5195123016
2015-06-10,2.6113456643,2.1176098513,2.2523999653,2.2523999653,1.9204589172,2.3665506848,1.5171262135
2015-06-11,2.6416253377,2.1421644460,2.2785175092,2.2785175092,1.9427274623,2.3970918200,1.5164061007
2015-06-12,2.6647603651,2.1609252568,2.2984724833,2.2984724833,1.9597416287,2.4283412215,1.5245588064
2015-06-15,2.5873942337,2.0981869973,2.2317408078,2.2317408078,1.9028443444,2.3888626220,1.4919965630
2015-06-16,2.4644774220,1.9985104762,2.1257196761,2.1257196761,1.8124477759,2.3005131990,1.4473181360
2015-06-17,2.5115037043,2.0366453428,2.1662819035,2.1662819035,1.8470322602,2.3411683439,1.4684671630
2015-06-18,2.4076752683,1.9524480947,2.0767253317,2.0767253317,1.7706738338,2.2631432833,1.4089492687
2015-06-19,2.2665473944,1.8380037374,1.9549963615,1.9549963615,1.6668843250,2.1175405691,1.3250789885
2015-06-23,2.3080708585,1.8716762220,1.9908121673,1.9908121673,1.6974218780,2.1454488817,1.3676685168
2015-06-24,2.3458801408,1.9023367775,2.0234243286,2.0234243286,1.7252279147,2.1954578450,1.3945412976
2015-06-25,2.2526237955,1.8267127197,1.9429866479,1.9429866479,1.6566445088,2.1153470195,1.3449306695
2015-06-26,2.0557781316,1.6670853204,1.7731986444,1.7731986444,1.5118785301,1.9472590565,1.2391055216
2015-06-29,1.8963085779,1.5377672058,1.6356491725,1.6356491725,1.3946000210,1.8411787796,1.1977733331
2015-06-30,1.9989538045,1.6210049579,1.7241851745,1.7241851745,1.4700882811,1.9347854093,1.2782002168
2015-07-01,1.8832342552,1.5271648888,1.6243719967,1.6243719967,1.3849847870,1.8316429285,1.2153389417
2015-07-02,1.7587290108,1.4262002652,1.5169807724,1.5169807724,1.2934200393,1.7248194935,1.1738981647
2015-07-03,1.6495443507,1.3376595121,1.4228042228,1.4228042228,1.2131224912,1.6189563819,1.1104367956
2015-07-06,1.5907127207,1.2899513741,1.3720593661,1.3720593661,1.1698560137,1.5890142635,1.1426189794
2015-07-07,1.4888802938,1.2073727429,1.2842244395,1.2842244395,1.0949655099,1.5102281154,1.1224615363
2015-07-08,1.4218840089,1.1530436685,1.2264372105,1.2264372105,1.0456945097,1.4430972584,1.0467468192
2015-07-09,1.4874765418,1.2062344030,1.2830136419,1.2830136419,1.0939331502,1.5146254901,1.1137830340
2015-07-10,1.5609191333,1.2657909594,1.3463610926,1.3463610926,1.1479449502,1.5907790745,1.1734866717
2015-07-13,1.6520403477,1.3396835826,1.4249571294,1.4249571294,1.2149581194,1.6687655132,1.2035628114
2015-07-14,1.7043684653,1.3821178489,1.4700924219,1.4700924219,1.2534417263,1.6796571202,1.1750840648
2015-07-16,1.7043684653,1.3821178489,1.4700924219,1.4700924219,1.2534417263,1.6237404427,1.1422817838
2015-07-17,1.7043684653,1.3821178489,1.4700924219,1.4700924219,1.2534417263,1.7047572794,1.1863286833
2015-07-20,1.7043684653,1.3821178489,1.4700924219,1.4700924219,1.2534417263,1.7329639030,1.1889319482
2015-07-21,1.7043684653,1.3821178489,1.4700924219,1.4700924219,1.2534417263,1.7578031097,1.1904750470
2015-07-22,1.7043684653,1.3821178489,1.4700924219,1.4700924219,1.2534417263,1.7751989590,1.1879460795
2015-07-23,1.7043684653,1.3821178489,1.4700924219,1.4700924219,1.2534417263,1.8258639048,1.2147074142
2015-07-24,1.7043684653,1.3821178489,1.4700924219,1.4700924219,1.2534417263,1.8040463081,1.1934097924
2015-07-27,1.7043684653,1.3821178489,1.4700924219,1.4700924219,1.2534417263,1.6686383266,1.0912366452
2015-07-28,1.7043684653,1.3821178489,1.4700924219,1.4700924219,1.2534417263,1.6318915210,1.0890534461
2015-07-29,1.7043684653,1.3821178489,1.4700924219,1.4700924219,1.2534417263,1.7039783095,1.1231416428
2015-07-30,1.7043684653,1.3821178489,1.4700924219,1.4700924219,1.2534417263,1.6609780933,1.0902879252
2015-07-31,1.7043684653,1.3821178489,1.4700924219,1.4700924219,1.2534417263,1.6398159803,1.0906565543
2015-08-03,1.7043684653,1.3821178489,1.4700924219,1.4700924219,1.2534417263,1.5993287710,1.0942399728
2015-08-04,1.7043684653,1.3821178489,1.4700924219,1.4700924219,1.2534417263,1.6758660582,1.1282224387
2015-08-05,1.7043684653,1.3821178489,1.4700924219,1.4700924219,1.2534417263,1.6573806731,1.1050016585
2015-08-06,1.7043684653,1.3821178489,1.4700924219,1.4700924219,1.2534417263,1.6467132312,1.0949858039
2015-08-07,1.7043684653,1.3821178489,1.4700924219,1.4700924219,1.2534417263,1.6935054721,1.1164463083
2015-08-10,1.7043684653,1.3821178489,1.4700924219,1.4700924219,1.2534417263,1.7764831735,1.1671428208
2015-08-11,1.7043684653,1.3821178489,1.4700924219,1.4700924219,1.2534417263,1.7884738705,1.1620877433
2015-08-12,1.7043684653,1.3821178489,1.4700924219,1.4700924219,1.2534417263,1.7678636255,1.1476454811
2015-08-13,1.7043684653,1.3821178489,1.4700924219,1.4700924219,1.2534417263,1.8066891049,1.1645995653
2015-08-14,1.7043684653,1.3821178489,1.4700924219,1.4700924219,1.2534417263,1.8162874159,1.1640509080
2015-08-17,1.7043684653,1.3821178489,1.4700924219,1.4700924219,1.2534417263,1.8404527055,1.1652882446
2015-08-18,1.7043684653,1.3821178489,1.4700924219,1.4700924219,1.2534417263,1.7133840055,1.0931455156
2015-08-19,1.7043684653,1.3821178489,1.4700924219,1.4700924219,1.2534417263,1.7498014119,1.1104996626
2015-08-20,1.7043684653,1.3821178489,1.4700924219,1.4700924219,1.2534417263,1.6934772455,1.0748683670
2015-08-21,1.7043684653,1.3821178489,1.4700924219,1.4700924219,1.2534417263,1.6081354527,1.0257435292
2015-08-24,1.7043684653,1.3821178489,1.4700924219,1.4700924219,1.2534417263,1.4791173498,0.9360123309
2015-08-25,1.7043684653,1.3821178489,1.4700924219,1.4700924219,1.2534417263,1.3720331498,0.8695447766
2015-08-26,1.7043684653,1.3821178489,1.4700924219,1.4700924219,1.2534417263,1.3316079106,0.8646182906
2015-08-27,1.7043684653,1.3821178489,1.4700924219,1.4700924219,1.2534417263,1.3861312029,0.9160406311
2015-08-28,1.7043684653,1.3821178489,1.4700924219,1.4700924219,1.2534417263,1.4628628867,0.9550896049
2015-08-31,1.7043684653,1.3821178489,1.4700924219,1.4700924219,1.2534417263,1.4324033161,0.9620192618
2015-09-01,1.7043684653,1.3821178489,1.4700924219,1.4700924219,1.2534417263,1.3751229430,0.9607447764
2015-09-07,1.7043684653,1.3821178489,1.4700924219,1.4700924219,1.2534417263,1.3425531022,0.9288569244
2015-09-08,1.7043684653,1.3821178489,1.4700924219,1.4700924219,1.2534417263,1.3896777429,0.9527263776
2015-09-09,1.7043684653,1.3821178489,1.4700924219,1.4700924219,1.2534417263,1.4311166857,0.9713835858
2015-09-10,1.7043684653,1.3821178489,1.4700924219,1.4700924219,1.2534417263,1.4105682906,0.9594531455
2015-09-11,1.7043684653,1.3821178489,1.4700924219,1.4700924219,1.2534417263,1.4171357375,0.9564898242
2015-09-14,1.7043684653,1.3821178489,1.4700924219,1.4700924219,1.2534417263,1.3443700239,0.9376125816
2015-09-15,1.7043684653,1.3821178489,1.4700924219,1.4700924219,1.2534417263,1.2780414643,0.9007782404
2015-09-16,1.7043684653,1.3821178489,1.4700924219,1.4700924219,1.2534417263,1.3563314237,0.9456481260
2015-09-17,1.7043684653,1.3821178489,1.4700924219,1.4700924219,1.2534417263,1.3297065158,0.9250020349
2015-09-18,1.7043684653,1.3821178489,1.4700924219,1.4700924219,1.2534417263,1.3436506859,0.9290798165
2015-09-21,1.7043684653,1.3821178489,1.4700924219,1.4700924219,1.2534417263,1.3842809929,0.9453623669
2015-09-22,1.7043684653,1.3821178489,1.4700924219,1.4700924219,1.2534417263,1.3936631497,0.9541580304
2015-09-23,1.7043684653,1.3821178489,1.4700924219,1.4700924219,1.2534417263,1.3728543679,0.9324403428
2015-09-24,1.7043684653,1.3821178489,1.4700924219,1.4700924219,1.2534417263,1.3888709461,0.9387184691
2015-09-25,1.7043684653,1.3821178489,1.4700924219,1.4700924219,1.2534417263,1.3497206343,0.9235589517
2015-09-28,1.7043684653,1.3821178489,1.4700924219,1.4700924219,1.2534417263,1.3696599740,0.9266451494
2015-09-29,1.7043684653,1.3821178489,1.4700924219,1.4700924219,1.2534417263,1.3444066642,0.9083851463
2015-09-30,1.7043684653,1.3821178489,1.4700924219,1.4700924219,1.2534417263,1.3503360037,0.9152719393
2015-10-08,1.7043684653,1.3821178489,1.4700924219,1.4700924219,1.2534417263,1.3990921599,0.9419989830
2015-10-09,1.7043684653,1.3821178489,1.4700924219,1.4700924219,1.2534417263,1.4176439640,0.9544695078
2015-10-12,1.7043684653,1.3821178489,1.4700924219,1.4700924219,1.2534417263,1.4714288037,0.9852086084
2015-10-13,1.7043684653,1.3821178489,1.4700924219,1.4700924219,1.2534417263,1.4833012703,0.9844513470
2015-10-14,1.7043684653,1.3821178489,1.4700924219,1.4700924219,1.2534417263,1.4660746950,0.9733267473
2015-10-15,1.7043684653,1.3821178489,1.4700924219,1.4700924219,1.2534417263,1.5075993076,0.9963875024
2015-10-16,1.7043684653,1.3821178489,1.4700924219,1.4700924219,1.2534417263,1.5301582863,1.0098924749
2015-10-19,1.7043684653,1.3821178489,1.4700924219,1.4700924219,1.2534417263,1.5313017024,1.0099239084
2015-10-20,1.7043684653,1.3821178489,1.4700924219,1.4700924219,1.2534417263,1.5550593690,1.0223601421
2015-10-21,1.7043684653,1.3821178489,1.4700924219,1.4700924219,1.2534417263,1.4733463703,0.9925126097
2015-10-22,1.7043684653,1.3821178489,1.4700924219,1.4700924219,1.2534417263,1.5181655276,1.0071663336
2015-10-23,1.7043684653,1.3821178489,1.4700924219,1.4700924219,1.2534417263,1.5525499540,1.0205141387
2015-10-26,1.7043684653,1.3821178489,1.4700924219,1.4700924219,1.2534417263,1.5624158631,1.0256635167
2015-10-27,1.7043684653,1.3821178489,1.4700924219,1.4700924219,1.2534417263,1.5721601428,1.0266979645
2015-10-28,1.7043684653,1.3821178489,1.4700924219,1.4700924219,1.2534417263,1.5383747846,1.0072777796
2015-10-29,1.7043684653,1.3821178489,1.4700924219,1.4700924219,1.2534417263,1.5495737684,1.0096752980
2015-10-30,1.7043684653,1.3821178489,1.4700924219,1.4700924219,1.2534417263,1.5453929331,1.0098953325
2015-11-02,1.7043684653,1.3821178489,1.4700924219,1.4700924219,1.2534417263,1.5145476720,0.9932870167
2015-11-03,1.7043684653,1.3821178489,1.4700924219,1.4700924219,1.2534417263,1.5120259791,0.9902951195
2015-11-04,1.7043684653,1.3821178489,1.4700924219,1.4700924219,1.2534417263,1.5829048825,1.0368881321
2015-11-05,1.7043684653,1.3821178489,1.4700924219,1.4700924219,1.2534417263,1.5974476155,1.0590144551
2015-11-06,1.7043684653,1.3821178489,1.4700924219,1.4700924219,1.2534417263,1.6344959190,1.0839897958
2015-11-09,1.7043684653,1.3821178489,1.4700924219,1.4700924219,1.2534417263,1.6574604416,1.0974147558
2015-11-10,1.7043684653,1.3821178489,1.4700924219,1.4700924219,1.2534417263,1.6652679917,1.0953830090
2015-11-11,1.7043684653,1.3821178489,1.4700924219,1.4700924219,1.2534417263,1.6838961076,1.0955001702
2015-11-12,1.7043684653,1.3821178489,1.4700924219,1.4700924219,1.2534417263,1.6828282757,1.0845470259
2015-11-13,1.7043684653,1.3821178489,1.4700924219,1.4700924219,1.2534417263,1.6518085134,1.0705219719
2015-11-16,1.7043684653,1.3821178489,1.4700924219,1.4700924219,1.2534417263,1.6771827150,1.0756342013
2015-11-17,1.7043684653,1.3821178489,1.4700924219,1.4700924219,1.2534417263,1.6689759349,1.0739939443
2015-11-18,1.7043684653,1.3821178489,1.4700924219,1.4700924219,1.2534417263,1.6446356535,1.0617605995
2015-11-19,1.7043684653,1.3821178489,1.4700924219,1.4700924219,1.2534417263,1.6825909440,1.0787318293
2015-11-20,1.7043684653,1.3821178489,1.4700924219,1.4700924219,1.2534417263,1.7004712769,1.0785632315
2015-11-23,1.7043684653,1.3821178489,1.4700924219,1.4700924219,1.2534417263,1.6879099948,1.0725508611
2015-11-24,1.7043684653,1.3821178489,1.4700924219,1.4700924219,1.2534417263,1.6987591864,1.0727080286
2015-11-25,1.7043684653,1.3821178489,1.4700924219,1.4700924219,1.2534417263,1.7230156123,1.0806292694
2015-11-26,1.7043684653,1.3821178489,1.4700924219,1.4700924219,1.2534417263,1.7164846536,1.0742911337
2015-11-27,1.7043684653,1.3821178489,1.4700924219,1.4700924219,1.2534417263,1.6161400013,1.0164420723
2015-11-30,1.7043684653,1.3821178489,1.4700924219,1.4700924219,1.2534417263,1.6221505036,1.0191339225
2015-12-01,1.7043684653,1.3821178489,1.4700924219,1.4700924219,1.2534417263,1.6264312641,1.0263607688
2015-12-02,1.7043684653,1.3821178489,1.4700924219,1.4700924219,1.2534417263,1.6357227374,1.0635808847
2015-12-03,1.7043684653,1.3821178489,1.4700924219,1.4700924219,1.2534417263,1.6656990634,1.0713963946
2015-12-04,1.7043684653,1.3821178489,1.4700924219,1.4700924219,1.2534417263,1.6534939475,1.0509046133
2015-12-07,1.7043684653,1.3821178489,1.4700924219,1.4700924219,1.2534417263,1.6700526950,1.0537679190
2015-12-08,1.7043684653,1.3821178489,1.4700924219,1.4700924219,1.2534417263,1.6367722789,1.0353107421
2015-12-09,1.7043684653,1.3821178489,1.4700924219,1.4700924219,1.2534417263,1.6352808798,1.0390027490
2015-12-10,1.7043684653,1.3821178489,1.4700924219,1.4700924219,1.2534417263,1.6305674674,1.0353278877
2015-12-11,1.7043684653,1.3821178489,1.4700924219,1.4700924219,1.2534417263,1.6202104039,1.0310357868
2015-12-14,1.7043684653,1.3821178489,1.4700924219,1.4700924219,1.2534417263,1.6545778099,1.0605432660
2015-12-15,1.7043684653,1.3821178489,1.4700924219,1.4700924219,1.2534417263,1.6656286358,1.0557053653
2015-12-16,1.7043684653,1.3821178489,1.4700924219,1.4700924219,1.2534417263,1.6712314747,1.0531478218
2015-12-17,1.7043684653,1.3821178489,1.4700924219,1.4700924219,1.2534417263,1.7117886313,1.0732795467
2015-12-18,1.7043684653,1.3821178489,1.4700924219,1.4700924219,1.2534417263,1.7116119787,1.0767143704
2015-12-21,1.7043684653,1.3821178489,1.4700924219,1.4700924219,1.2534417263,1.7380553240,1.1047330450
2015-12-22,1.7043684653,1.3821178489,1.4700924219,1.4700924219,1.2534417263,1.7509535719,1.1078106699
2015-12-23,1.7043684653,1.3821178489,1.4700924219,1.4700924219,1.2534417263,1.7324887642,1.1048530638
2015-12-24,1.7043684653,1.3821178489,1.4700924219,1.4700924219,1.2534417263,1.7248640350,1.0942856942
2015-12-25,1.7043684653,1.3821178489,1.4700924219,1.4700924219,1.2534417263,1.7347973374,1.0968003739
2015-12-28,1.7043684653,1.3821178489,1.4700924219,1.4700924219,1.2534417263,1.6926039145,1.0652039960
2015-12-29,1.7043684653,1.3821178489,1.4700924219,1.4700924219,1.2534417263,1.7095363700,1.0749883858
2015-12-30,1.7043684653,1.3821178489,1.4700924219,1.4700924219,1.2534417263,1.7225037786,1.0759342482
2015-12-31,1.7043684653,1.3821178489,1.4700924219,1.4700924219,1.2534417263,1.6995274572,1.0661670040
2016-01-04,1.7043684653,1.3821178489,1.4700924219,1.4700924219,1.2534417263,1.5676814739,0.9913181369
2016-01-05,1.7043684653,1.3821178489,1.4700924219,1.4700924219,1.2534417263,1.5532930521,0.9940928572
2016-01-06,1.7043684653,1.3821178489,1.4700924219,1.4700924219,1.2534417263,1.5949695838,1.0115327318
2016-01-07,1.7043684653,1.3821178489,1.4700924219,1.4700924219,1.2534417263,1.4678147559,0.9413988890
2016-01-08,1.7043684653,1.3821178489,1.4700924219,1.4700924219,1.2534417263,1.4911238670,0.9605961817
2016-01-11,1.7043684653,1.3821178489,1.4700924219,1.4700924219,1.2534417263,1.3983983668,0.9122714693
2016-01-12,1.7043684653,1.3821178489,1.4700924219,1.4700924219,1.2534417263,1.3976818052,0.9189182247
2016-01-13,1.7043684653,1.3821178489,1.4700924219,1.4700924219,1.2534417263,1.3542016917,0.9018212610
2016-01-14,1.7043684653,1.3821178489,1.4700924219,1.4700924219,1.2534417263,1.3953003719,0.9205927728
2016-01-15,1.7043684653,1.3821178489,1.4700924219,1.4700924219,1.2534417263,1.3445177250,0.8912053124
2016-01-18,1.7043684653,1.3821178489,1.4700924219,1.4700924219,1.2534417263,1.3619786106,0.8946344209
2016-01-19,1.7043684653,1.3821178489,1.4700924219,1.4700924219,1.2534417263,1.4107061879,0.9210385569
2016-01-20,1.7043684653,1.3821178489,1.4700924219,1.4700924219,1.2534417263,1.3959422296,0.9071078033
2016-01-21,1.7043684653,1.3821178489,1.4700924219,1.4700924219,1.2534417263,1.3422060639,0.8805236392
2016-01-22,1.7043684653,1.3821178489,1.4700924219,1.4700924219,1.2534417263,1.3619494065,0.8896993622
2016-01-25,1.7043684653,1.3821178489,1.4700924219,1.4700924219,1.2534417263,1.3766514335,0.8941086243
2016-01-26,1.7043684653,1.3821178489,1.4700924219,1.4700924219,1.2534417263,1.2811770346,0.8402773350
2016-01-27,1.7043684653,1.3821178489,1.4700924219,1.4700924219,1.2534417263,1.2694450356,0.8373740231
2016-01-28,1.7043684653,1.3821178489,1.4700924219,1.4700924219,1.2534417263,1.2173377488,0.8154877377
2016-01-29,1.7043684653,1.3821178489,1.4700924219,1.4700924219,1.2534417263,1.2596136088,0.8418718705
2016-02-01,1.7043684653,1.3821178489,1.4700924219,1.4700924219,1.2534417263,1.2415360768,0.8290012830
2016-02-02,1.7043684653,1.3821178489,1.4700924219,1.4700924219,1.2534417263,1.2793806614,0.8462268384
2016-02-03,1.7043684653,1.3821178489,1.4700924219,1.4700924219,1.2534417263,1.2819174808,0.8426005561
2016-02-04,1.7043684653,1.3821178489,1.4700924219,1.4700924219,1.2534417263,1.3059679579,0.8529221729
2016-02-05,1.7043684653,1.3821178489,1.4700924219,1.4700924219,1.2534417263,1.2949927181,0.8469298056
2016-02-15,1.7043684653,1.3821178489,1.4700924219,1.4700924219,1.2534417263,1.2930181590,0.8420490411
2016-02-16,1.7043684653,1.3821178489,1.4700924219,1.4700924219,1.2534417263,1.3422845149,0.8678616558
2016-02-17,1.7043684653,1.3821178489,1.4700924219,1.4700924219,1.2534417263,1.3605564419,0.8753714036
2016-02-18,1.7043684653,1.3821178489,1.4700924219,1.4700924219,1.2534417263,1.3576561259,0.8726224016
2016-02-19,1.7043684653,1.3821178489,1.4700924219,1.4700924219,1.2534417263,1.3615855473,0.8720194500
2016-02-22,1.7043684653,1.3821178489,1.4700924219,1.4700924219,1.2534417263,1.3917263327,0.8912453186
2016-02-23,1.7043684653,1.3821178489,1.4700924219,1.4700924219,1.2534417263,1.3834838026,0.8828125692
2016-02-24,1.7043684653,1.3821178489,1.4700924219,1.4700924219,1.2534417263,1.3920475170,0.8885820443
2016-02-25,1.7043684653,1.3821178489,1.4700924219,1.4700924219,1.2534417263,1.2901880930,0.8340592182
2016-02-26,1.7043684653,1.3821178489,1.4700924219,1.4700924219,1.2534417263,1.2949697780,0.8424262431
2016-02-29,1.7043684653,1.3821178489,1.4700924219,1.4700924219,1.2534417263,1.2348770994,0.8222630847
2016-03-01,1.7043684653,1.3821178489,1.4700924219,1.4700924219,1.2534417263,1.2614982268,0.8374711812
2016-03-02,1.7043684653,1.3821178489,1.4700924219,1.4700924219,1.2534417263,1.3214701289,0.8719451526
2016-03-03,1.7043684653,1.3821178489,1.4700924219,1.4700924219,1.2534417263,1.3236341462,0.8739711843
2016-03-04,1.7043684653,1.3821178489,1.4700924219,1.4700924219,1.2534417263,1.2994644879,0.8841070576
2016-03-07,1.7043684653,1.3821178489,1.4700924219,1.4700924219,1.2534417263,1.3234607138,0.8872361192
2016-03-08,1.7043684653,1.3821178489,1.4700924219,1.4700924219,1.2534417263,1.3282634122,0.8880448173
2016-03-09,1.7043684653,1.3821178489,1.4700924219,1.4700924219,1.2534417263,1.3004847726,0.8778260738
2016-03-10,1.7043684653,1.3821178489,1.4700924219,1.4700924219,1.2534417263,1.2782648043,0.8610348722
2016-03-11,1.7043684653,1.3821178489,1.4700924219,1.4700924219,1.2534417263,1.2766795981,0.8625008161
2016-03-14,1.7043684653,1.3821178489,1.4700924219,1.4700924219,1.2534417263,1.3147491403,0.8760486525
2016-03-15,1.7043684653,1.3821178489,1.4700924219,1.4700924219,1.2534417263,1.3082038273,0.8786462023
2016-03-16,1.7043684653,1.3821178489,1.4700924219,1.4700924219,1.2534417263,1.2987860209,0.8830040277
2016-03-17,1.7043684653,1.3821178489,1.4700924219,1.4700924219,1.2534417263,1.3337366195,0.8927684144
2016-03-18,1.7043684653,1.3821178489,1.4700924219,1.4700924219,1.2534417263,1.3732907085,0.9064162664
2016-03-21,1.7043684653,1.3821178489,1.4700924219,1.4700924219,1.2534417263,1.4076499601,0.9285568774
2016-03-22,1.7043684653,1.3821178489,1.4700924219,1.4700924219,1.2534417263,1.4033305924,0.9217986759
2016-03-23,1.7043684653,1.3821178489,1.4700924219,1.4700924219,1.2534417263,1.4132510122,0.9247419941
2016-03-24,1.7043684653,1.3821178489,1.4700924219,1.4700924219,1.2534417263,1.3921258370,0.9092424234
2016-03-25,1.7043684653,1.3821178489,1.4700924219,1.4700924219,1.2534417263,1.4018962850,0.9138059954
2016-03-28,1.7043684653,1.3821178489,1.4700924219,1.4700924219,1.2534417263,1.3940909461,0.9057790238
2016-03-29,1.7043684653,1.3821178489,1.4700924219,1.4700924219,1.2534417263,1.3695953661,0.8959717733
2016-03-30,1.7043684653,1.3821178489,1.4700924219,1.4700924219,1.2534417263,1.4135308103,0.9190811074
2016-03-31,1.7043684653,1.3821178489,1.4700924219,1.4700924219,1.2534417263,1.4172622931,0.9195983313
2016-04-01,1.7043684653,1.3821178489,1.4700924219,1.4700924219,1.2534417263,1.4139392594,0.9206842157
2016-04-05,1.7043684653,1.3821178489,1.4700924219,1.4700924219,1.2534417263,1.4453751823,0.9328575511
2016-04-06,1.7043684653,1.3821178489,1.4700924219,1.4700924219,1.2534417263,1.4491362167,0.9308686681
2016-04-07,1.7043684653,1.3821178489,1.4700924219,1.4700924219,1.2534417263,1.4274735586,0.9170836517
2016-04-08,1.7043684653,1.3821178489,1.4700924219,1.4700924219,1.2534417263,1.4160946850,0.9103511685
2016-04-11,1.7043684653,1.3821178489,1.4700924219,1.4700924219,1.2534417263,1.4431396752,0.9230302974
2016-04-12,1.7043684653,1.3821178489,1.4700924219,1.4700924219,1.2534417263,1.4355668378,0.9197012045
2016-04-13,1.7043684653,1.3821178489,1.4700924219,1.4700924219,1.2534417263,1.4557638929,0.9319688404
2016-04-14,1.7043684653,1.3821178489,1.4700924219,1.4700924219,1.2534417263,1.4682378141,0.9360980586
2016-04-15,1.7043684653,1.3821178489,1.4700924219,1.4700924219,1.2534417263,1.4668849948,0.9350636109
2016-04-20,1.7043684653,1.3821178489,1.4700924219,1.4700924219,1.2534417263,1.3974413064,0.9090081010
2016-04-21,1.7043684653,1.3821178489,1.4700924219,1.4700924219,1.2534417263,1.3846694623,0.9031700437
2016-04-22,1.7043684653,1.3821178489,1.4700924219,1.4700924219,1.2534417263,1.3933599813,0.9072563980
2016-04-25,1.7043684653,1.3821178489,1.4700924219,1.4700924219,1.2534417263,1.3877792550,0.9035786791
2016-04-26,1.7043684653,1.3821178489,1.4700924219,1.4700924219,1.2534417263,1.4011440159,0.9084737316
2016-04-27,1.7043684653,1.3821178489,1.4700924219,1.4700924219,1.2534417263,1.3967913790,0.9046902818
2016-04-28,1.7043684653,1.3821178489,1.4700924219,1.4700924219,1.2534417263,1.3923751566,0.9031643285
2016-04-29,1.7043684653,1.3821178489,1.4700924219,1.4700924219,1.2534417263,1.3923681608,0.9020698713
2016-05-03,1.7043684653,1.3821178489,1.4700924219,1.4700924219,1.2534417263,1.4280772975,0.9182981276
2016-05-04,1.7043684653,1.3821178489,1.4700924219,1.4700924219,1.2534417263,1.4273275401,0.9171322307
2016-05-05,1.7043684653,1.3821178489,1.4700924219,1.4700924219,1.2534417263,1.4341050855,0.9184067160
2016-05-06,1.7043684653,1.3821178489,1.4700924219,1.4700924219,1.2534417263,1.3828230323,0.8945258325
2016-05-09,1.7043684653,1.3821178489,1.4700924219,1.4700924219,1.2534417263,1.3338370837,0.8760286494
2016-05-10,1.7043684653,1.3821178489,1.4700924219,1.4700924219,1.2534417263,1.3331281644,0.8770259485
2016-05-11,1.7043684653,1.3821178489,1.4700924219,1.4700924219,1.2534417263,1.3291089736,0.8809408474
2016-05-12,1.7043684653,1.3821178489,1.4700924219,1.4700924219,1.2534417263,1.3270880004,0.8830354612
2016-05-13,1.7043684653,1.3821178489,1.4700924219,1.4700924219,1.2534417263,1.3229954870,0.8786919237
2016-05-16,1.7043684653,1.3821178489,1.4700924219,1.4700924219,1.2534417263,1.3421513250,0.8845128355
2016-05-17,1.7043684653,1.3821178489,1.4700924219,1.4700924219,1.2534417263,1.3389178218,0.8818581339
2016-05-18,1.7043684653,1.3821178489,1.4700924219,1.4700924219,1.2534417263,1.3075150433,0.8767201863
2016-05-19,1.7043684653,1.3821178489,1.4700924219,1.4700924219,1.2534417263,1.3123394228,0.8751370812
2016-05-20,1.7043684653,1.3821178489,1.4700924219,1.4700924219,1.2534417263,1.3239100553,0.8796292134
2016-05-23,1.7043684653,1.3821178489,1.4700924219,1.4700924219,1.2534417263,1.3392905012,0.8822010448
2016-05-24,1.7043684653,1.3821178489,1.4700924219,1.4700924219,1.2534417263,1.3266761225,0.8754399858
2016-05-25,1.7043684653,1.3821178489,1.4700924219,1.4700924219,1.2534417263,1.3230239234,0.8742026491
2016-05-26,1.7043684653,1.3821178489,1.4700924219,1.4700924219,1.2534417263,1.3277081544,0.8756257291
2016-05-27,1.7043684653,1.3821178489,1.4700924219,1.4700924219,1.2534417263,1.3276534883,0.8751370812
2016-05-30,1.7043684653,1.3821178489,1.4700924219,1.4700924219,1.2534417263,1.3233153434,0.8763401268
2016-05-31,1.7043684653,1.3821178489,1.4700924219,1.4700924219,1.2534417263,1.3728344423,0.9057304447
2016-06-01,1.7043684653,1.3821178489,1.4700924219,1.4700924219,1.2534417263,1.3786543735,0.9031557557
2016-06-02,1.7043684653,1.3821178489,1.4700924219,1.4700924219,1.2534417263,1.3886088289,0.9050274775
2016-06-03,1.7043684653,1.3821178489,1.4700924219,1.4700924219,1.2534417263,1.3946412149,0.9113799011
2016-06-06,1.7043684653,1.3821178489,1.4700924219,1.4700924219,1.2534417263,1.3971477256,0.9083680007
2016-06-07,1.7043684653,1.3821178489,1.4700924219,1.4700924219,1.2534417263,1.3979290445,0.9078707800
2016-06-08,1.7043684653,1.3821178489,1.4700924219,1.4700924219,1.2534417263,1.3931949679,0.9041387668
2016-06-13,1.7043684653,1.3821178489,1.4700924219,1.4700924219,1.2534417263,1.3356658896,0.8762343959
2016-06-14,1.7043684653,1.3821178489,1.4700924219,1.4700924219,1.2534417263,1.3391272705,0.8789891131
2016-06-15,1.7043684653,1.3821178489,1.4700924219,1.4700924219,1.2534417263,1.3741904285,0.8905309210
2016-06-16,1.7043684653,1.3821178489,1.4700924219,1.4700924219,1.2534417263,1.3696336871,0.8843299497
2016-06-17,1.7043684653,1.3821178489,1.4700924219,1.4700924219,1.2534417263,1.3782122669,0.8888135092
2016-06-20,1.7043684653,1.3821178489,1.4700924219,1.4700924219,1.2534417263,1.3798489858,0.8894736125
2016-06-21,1.7043684653,1.3821178489,1.4700924219,1.4700924219,1.2534417263,1.3694212911,0.8876590426
2016-06-22,1.7043684653,1.3821178489,1.4700924219,1.4700924219,1.2534417263,1.3871795248,0.8955574227
2016-06-23,1.7043684653,1.3821178489,1.4700924219,1.4700924219,1.2534417263,1.3814412654,0.8908023921
2016-06-24,1.7043684653,1.3821178489,1.4700924219,1.4700924219,1.2534417263,1.3669640040,0.8793263088
2016-06-27,1.7043684653,1.3821178489,1.4700924219,1.4700924219,1.2534417263,1.3953550405,0.8917225362
2016-06-28,1.7043684653,1.3821178489,1.4700924219,1.4700924219,1.2534417263,1.4060805727,0.8962546747
2016-06-29,1.7043684653,1.3821178489,1.4700924219,1.4700924219,1.2534417263,1.4118804379,0.9005382028
2016-06-30,1.7043684653,1.3821178489,1.4700924219,1.4700924219,1.2534417263,1.4123294277,0.9012611732
2016-07-01,1.7043684653,1.3821178489,1.4700924219,1.4700924219,1.2534417263,1.4118642306,0.9013411858
2016-07-05,1.7043684653,1.3821178489,1.4700924219,1.4700924219,1.2534417263,1.4460606252,0.9165378519
2016-07-06,1.7043684653,1.3821178489,1.4700924219,1.4700924219,1.2534417263,1.4524767290,0.9192297021
2016-07-07,1.7043684653,1.3821178489,1.4700924219,1.4700924219,1.2534417263,1.4523781075,0.9172722526
2016-07-08,1.7043684653,1.3821178489,1.4700924219,1.4700924219,1.2534417263,1.4472437829,0.9122228903
2016-07-11,1.7043684653,1.3821178489,1.4700924219,1.4700924219,1.2534417263,1.4467741301,0.9153805277
2016-07-12,1.7043684653,1.3821178489,1.4700924219,1.4700924219,1.2534417263,1.4682674169,0.9353407972
2016-07-13,1.7043684653,1.3821178489,1.4700924219,1.4700924219,1.2534417263,1.4772555200,0.9381098023
2016-07-14,1.7043684653,1.3807357311,1.4686223295,1.4686223295,1.2521882846,1.4775454692,0.9363638146
2016-07-15,1.7043684653,1.3720800516,1.4594156986,1.4594156986,1.2443384548,1.4756282966,0.9362266502
2016-07-18,1.7043684653,1.3618873990,1.4485742633,1.4485742633,1.2350947452,1.4692041626,0.9321517262
2016-07-19,1.7043684653,1.3600352770,1.4466042500,1.4466042500,1.2334150570,1.4710139860,0.9282111089
2016-07-20,1.7043684653,1.3567478595,1.4431075818,1.4431075818,1.2304337004,1.4694174768,0.9251763479
2016-07-21,1.7043684653,1.3580249068,1.4444659157,1.4444659157,1.2315918537,1.4739418314,0.9294370153
2016-07-22,1.7043684653,1.3452899873,1.4309203931,1.4309203931,1.2200425640,1.4617084012,0.9216186477
2016-07-25,1.7043684653,1.3432738928,1.4287759701,1.4287759701,1.2182141693,1.4630417490,0.9232560471
2016-07-26,1.7043684653,1.3654868815,1.4524028600,1.4524028600,1.2383591134,1.4806742700,0.9343149222
2016-07-27,1.7043684653,1.3097688574,1.3931382720,1.3931382720,1.1878284756,1.4291151400,0.9196411951
2016-07-28,1.7043684653,1.3148366906,1.3985286829,1.3985286829,1.1924244901,1.4307625217,0.9204698964
2016-07-29,1.7043684653,1.2988664925,1.3815419497,1.3815419497,1.1779411284,1.4213407801,0.9155519832
2016-08-01,1.7043684653,1.2757868405,1.3569932315,1.3569932315,1.1570102079,1.4018637995,0.9078021978
2016-08-02,1.7043684653,1.2836336659,1.3653395231,1.3653395231,1.1641264885,1.4130688078,0.9112998886
2016-08-03,1.7043684653,1.2895095082,1.3715893746,1.3715893746,1.1694552859,1.4191617727,0.9125743739
2016-08-04,1.7043684653,1.2973084297,1.3798847131,1.3798847131,1.1765281224,1.4261029427,0.9147975793
2016-08-05,1.7043684653,1.2885194002,1.3705362443,1.3705362443,1.1685573576,1.4211106923,0.9158891788
2016-08-08,1.7043684653,1.3085194507,1.3918093380,1.3918093380,1.1866953896,1.4383266955,0.9241961943
2016-08-09,1.7043684653,1.3187726282,1.4027151508,1.4027151508,1.1959939892,1.4515844414,0.9307115006
2016-08-10,1.7043684653,1.3178945571,1.4017811888,1.4017811888,1.1951976671,1.4479345969,0.9268137472
2016-08-11,1.7026640969,1.2971263416,1.3796910347,1.3796910347,1.1763629868,1.4311177134,0.9239618719
2016-08-12,1.7151347074,1.3066267225,1.3897961339,1.3897961339,1.1849788757,1.4483111111,0.9413560251
2016-08-15,1.7502906166,1.3334092546,1.4182834279,1.4182834279,1.2092679356,1.4818764109,0.9697004650
2016-08-16,1.7592711402,1.3402508118,1.4255604639,1.4255604639,1.2154725391,1.4877498776,0.9653655002
2016-08-17,1.7662048213,1.3455330400,1.4311789165,1.4311789165,1.2202629883,1.4930444842,0.9638795532
2016-08-18,1.7636945696,1.3436206760,1.4291448267,1.4291448267,1.2185286667,1.4925424280,0.9614334557
2016-08-19,1.7653290736,1.3448658765,1.4304692868,1.4304692868,1.2196579382,1.4949204506,0.9615849080
2016-08-22,1.7378105943,1.3239017037,1.4081707023,1.4081707023,1.2006455442,1.4783835156,0.9535179301
2016-08-23,1.7388487392,1.3246925849,1.4090119247,1.4090119247,1.2013627939,1.4808100848,0.9549581557
2016-08-24,1.7467768826,1.3307324161,1.4154362032,1.4154362032,1.2068403126,1.4828130443,0.9515376199
2016-08-25,1.7353020344,1.3219906284,1.4061379833,1.4061379833,1.1989123914,1.4730049009,0.9455681135
2016-08-26,1.7432341310,1.3280334713,1.4125654651,1.4125654651,1.2043926414,1.4766816504,0.9450308864
2016-08-29,1.7434152366,1.3281714414,1.4127122174,1.4127122174,1.2045177665,1.4793815384,0.9452280602
2016-08-30,1.7492390484,1.3326081472,1.4174313284,1.4174313284,1.2085414119,1.4803685907,0.9464311058
2016-08-31,1.7486354861,1.3321483404,1.4169422540,1.4169422540,1.2081244134,1.4831360746,0.9509460987
2016-09-01,1.7386066468,1.3245081537,1.4088157541,1.4088157541,1.2011955333,1.4720087308,0.9434563541
2016-09-02,1.7382162407,1.3242107339,1.4084994029,1.4084994029,1.2009258035,1.4701387128,0.9470369150
2016-09-05,1.7567632935,1.3383402799,1.4235283228,1.4235283228,1.2137398791,1.4771137633,0.9486285929
2016-09-06,1.7847707175,1.3596769414,1.4462231056,1.4462231056,1.2330900827,1.4957026420,0.9551867630
2016-09-07,1.7807694642,1.3566287001,1.4429808376,1.4429808376,1.2303256347,1.4957249021,0.9546695391
2016-09-08,1.7789584106,1.3552490002,1.4415133171,1.4415133171,1.2290743859,1.4996696958,0.9543094827
2016-09-09,1.7664135867,1.3456920820,1.4313480819,1.4313480819,1.2204072234,1.4905956807,0.9481599480
2016-09-12,1.7191710927,1.3097017281,1.3930668698,1.3930668698,1.1877675962,1.4530941122,0.9323174665
2016-09-13,1.7312819037,1.3189280060,1.4028804187,1.4028804187,1.1961349012,1.4603806893,0.9316687934
2016-09-14,1.7174380413,1.3083814520,1.3916625555,1.3916625555,1.1865702387,1.4518083846,0.9254963980
2016-09-19,1.7347219586,1.3215487141,1.4056679402,1.4056679402,1.1985116197,1.4673483758,0.9324660612
2016-09-20,1.7342678788,1.3212027863,1.4052999934,1.4052999934,1.1981978980,1.4662024486,0.9308315194
2016-09-21,1.7352596880,1.3219583680,1.4061036694,1.4061036694,1.1988831345,1.4692555179,0.9334719330
2016-09-22,1.7478141359,1.3315226181,1.4162767032,1.4162767032,1.2075569463,1.4779586061,0.9404673145
2016-09-23,1.7444616076,1.3289685894,1.4135601055,1.4135601055,1.2052406994,1.4727756329,0.9360523372
2016-09-26,1.6992411406,1.2945186595,1.3769173684,1.3769173684,1.1739980817,1.4424634164,0.9202241436
2016-09-27,1.7097261680,1.3025063802,1.3854135235,1.3854135235,1.1812421401,1.4518852420,0.9260736313
2016-09-28,1.7028337000,1.2972555489,1.3798284664,1.3798284664,1.1764801648,1.4487902107,0.9232560471
2016-09-29,1.7068328922,1.3003022201,1.3830690642,1.3830690642,1.1792431888,1.4537857890,0.9271137942
2016-09-30,1.7149889127,1.3065156529,1.3896779945,1.3896779945,1.1848781468,1.4602028315,0.9296541921
2016-10-10,1.7480603473,1.3317101872,1.4164762115,1.4164762115,1.2077270526,1.4856321239,0.9412531518
2016-10-11,1.7627657050,1.3429130468,1.4283921555,1.4283921555,1.2178869183,1.4959196289,0.9448794342
2016-10-12,1.7638458994,1.3437359623,1.4292674512,1.4292674512,1.2186332197,1.4954584743,0.9430077124
2016-10-13,1.7692728840,1.3478703566,1.4336650080,1.4336650080,1.2223826991,1.4972986342,0.9437621163
2016-10-14,1.7726093112,1.3504121190,1.4363685587,1.4363685587,1.2246878216,1.4970185517,0.9446765452
2016-10-17,1.7570462478,1.3382878615,1.4237576044,1.4237576044,1.2136923408,1.4848378242,0.9366838647
2016-10-18,1.7570462478,1.3534747137,1.4237576044,1.4237576044,1.2274652867,1.5061715530,0.9491000953
2016-10-19,1.7570462478,1.3537156596,1.4237576044,1.4237576044,1.2276838003,1.5060482089,0.9476455817
2016-10-20,1.7570462478,1.3554046247,1.4237576044,1.4237576044,1.2292155216,1.5083519437,0.9483199731
2016-10-21,1.7570462478,1.3550337540,1.4237576044,1.4237576044,1.2288791792,1.5062466073,0.9509318108
2016-10-24,1.7570462478,1.3685661033,1.4237576044,1.4237576044,1.2411516575,1.5220269834,0.9623164512
2016-10-25,1.7570462478,1.3748359579,1.4237576044,1.4237576044,1.2468377843,1.5282413392,0.9622793025
2016-10-26,1.7570462478,1.3706009219,1.4237576044,1.4237576044,1.2429970332,1.5221782247,0.9586644506
2016-10-27,1.7570462478,1.3674888142,1.4237576044,1.4237576044,1.2401746648,1.5207670111,0.9560640433
2016-10-28,1.7570462478,1.3621300031,1.4237576044,1.4237576044,1.2353147627,1.5095707672,0.9544723654
2016-10-31,1.7570462478,1.3623166159,1.4237576044,1.4237576044,1.2354840017,1.5080026992,0.9533721930
2016-11-01,1.7570462478,1.3796740263,1.4237576044,1.4237576044,1.2512254253,1.5224701125,0.9598789265
2016-11-02,1.7570462478,1.3741844149,1.4237576044,1.4237576044,1.2462469005,1.5125947946,0.9525349190
2016-11-03,1.7570462478,1.3809068129,1.4237576044,1.4237576044,1.2523434386,1.5234167669,0.9616049112
2016-11-04,1.7570462478,1.3732503090,1.4237576044,1.4237576044,1.2453997605,1.5195007609,0.9584844224
2016-11-07,1.7570462478,1.3732659786,1.4237576044,1.4237576044,1.2454139712,1.5221972341,0.9591759593
2016-11-08,1.7570462478,1.3796010204,1.4237576044,1.4237576044,1.2511592163,1.5302035447,0.9633280382
2016-11-09,1.7570462478,1.3734106422,1.4237576044,1.4237576044,1.2455451665,1.5212884300,0.9581643722
2016-11-10,1.7570462478,1.3900201951,1.4237576044,1.4237576044,1.2606083586,1.5410971868,0.9688974820
2016-11-11,1.7570462478,1.3925597867,1.4237576044,1.4237576044,1.2629115125,1.5514048789,0.9765015303
2016-11-14,1.7570462478,1.3902755279,1.4223338468,1.4223338468,1.2608399198,1.5574116946,0.9802249707
2016-11-15,1.7570462478,1.3939779853,1.4261216791,1.4261216791,1.2641976759,1.5612123404,0.9801163822
2016-11-16,1.7570462478,1.3926443507,1.4247572922,1.4247572922,1.2629882035,1.5612623590,0.9800363697
2016-11-17,1.7570462478,1.3947285874,1.4268895892,1.4268895892,1.2648783963,1.5604683624,0.9820195375
2016-11-18,1.7570462478,1.3923825045,1.4244894081,1.4244894081,1.2627507354,1.5539258553,0.9765701125
2016-11-21,1.7570462478,1.4006144826,1.4329112071,1.4329112071,1.2702163106,1.5601756754,0.9833283139
2016-11-22,1.7570462478,1.4128453545,1.4454241103,1.4454241103,1.2813084800,1.5743692129,0.9911152479
2016-11-23,1.7570462478,1.4056577043,1.4380707203,1.4380707203,1.2747900050,1.5697022443,0.9929355331
2016-11-24,1.7570462478,1.3981369375,1.4303765324,1.4303765324,1.2679694267,1.5671026199,0.9969390173
2016-11-25,1.7570462478,1.4042757534,1.4366569030,1.4366569030,1.2735367146,1.5743242799,1.0062433319
2016-11-28,1.7570462478,1.4122787365,1.4448444266,1.4448444266,1.2807946145,1.5788903914,1.0101810916
2016-11-29,1.7570462478,1.4077304838,1.4401912960,1.4401912960,1.2766698073,1.5726205161,1.0184566736
2016-11-30,1.7570462478,1.3952915233,1.4274655059,1.4274655059,1.2653889226,1.5638232989,1.0110155080
2016-12-01,1.7570462478,1.4032096753,1.4355662423,1.4355662423,1.2725698892,1.5759506905,1.0187424326
2016-12-02,1.7570462478,1.3860465380,1.4180073408,1.4180073408,1.2570046518,1.5531154497,1.0084293886
2016-12-05,1.7570462478,1.3636836199,1.3951287568,1.3951287568,1.2367237367,1.5379165532,0.9914152949
2016-12-06,1.7570462478,1.3696908146,1.4012744712,1.4012744712,1.2421716574,1.5393203773,0.9884834071
2016-12-07,1.7570462478,1.3854995988,1.4174477897,1.4174477897,1.2565086329,1.5550938825,0.9932270073
2016-12-08,1.7570462478,1.3766096527,1.4083528506,1.4083528506,1.2484463469,1.5487077140,0.9916238990
2016-12-09,1.7570462478,1.3765220530,1.4082632309,1.4082632309,1.2483669028,1.5484249504,0.9983563822
2016-12-12,1.7570462478,1.3147059613,1.3450217240,1.3450217240,1.1923059318,1.4871836973,0.9742040275
2016-12-13,1.7570462478,1.3235974084,1.3541181986,1.3541181986,1.2003695790,1.4939943636,0.9730209851
2016-12-14,1.7570462478,1.3076093299,1.3377614516,1.3377614516,1.1858700017,1.4840308181,0.9655655316
2016-12-15,1.7570462478,1.3098194964,1.3400225822,1.3400225822,1.1878744001,1.4897728534,0.9545580931
2016-12-16,1.7570462478,1.3183066668,1.3487054580,1.3487054580,1.1955714091,1.4998945808,0.9561583437
2016-12-19,1.7570462478,1.3139487997,1.3442471030,1.3442471030,1.1916192625,1.4975382141,0.9512861520
2016-12-20,1.7570462478,1.3053553425,1.3354554895,1.3354554895,1.1838258620,1.4921577511,0.9455938318
2016-12-21,1.7570462478,1.3198147592,1.3502483254,1.3502483254,1.1969390971,1.5054851543,0.9540180085
2016-12-22,1.7570462478,1.3209529860,1.3514127986,1.3514127986,1.1979713542,1.5045877595,0.9531978800
2016-12-23,1.7570462478,1.3051208665,1.3352156067,1.3352156067,1.1836132159,1.4882770846,0.9451766236
2016-12-26,1.7570462478,1.3109353535,1.3411641698,1.3411641698,1.1888863702,1.4936105232,0.9494058575
2016-12-27,1.7570462478,1.3152855805,1.3456147086,1.3456147086,1.1928315881,1.4942655123,0.9476884456
2016-12-28,1.7570462478,1.3089272588,1.3391097705,1.3391097705,1.1870652305,1.4888078147,0.9435449394
2016-12-29,1.7570462478,1.3088791838,1.3390605869,1.3390605869,1.1870216313,1.4859603647,0.9423647545
2016-12-30,1.7570462478,1.3083868624,1.3385569132,1.3385569132,1.1865751453,1.4881629862,0.9458853060
2017-01-03,1.7570462478,1.3226021675,1.3531000085,1.3531000085,1.1994669958,1.5032407796,0.9550724594
2017-01-04,1.7570462478,1.3359023649,1.3667068947,1.3667068947,1.2115289356,1.5189328475,0.9625250553
2017-01-05,1.7570462478,1.3374468303,1.3682869739,1.3682869739,1.2129296102,1.5198784064,0.9623764606
2017-01-06,1.7570462478,1.3326329823,1.3633621236,1.3633621236,1.2085639348,1.5106905563,0.9566269886
2017-01-09,1.7570462478,1.3379454839,1.3687971260,1.3687971260,1.2133818389,1.5186050992,0.9612648579
2017-01-10,1.7570462478,1.3373566710,1.3679208777,1.3679208777,1.2128478449,1.5147116203,0.9596560345
2017-01-11,1.7570462478,1.3275039822,1.3679208777,1.3679208777,1.2039124482,1.5003339189,0.9528635419
2017-01-12,1.7570462478,1.3142114435,1.3679208777,1.3679208777,1.1918574540,1.4875966269,0.9480399292
2017-01-13,1.7570462478,1.2977754874,1.3679208777,1.3679208777,1.1769516967,1.4708652450,0.9486943174
2017-01-16,1.7570462478,1.2718753578,1.3679208777,1.3679208777,1.1534628869,1.4360170812,0.9485628683
2017-01-17,1.7570462478,1.2816232394,1.3679208777,1.3679208777,1.1623032341,1.4474755022,0.9505374633
2017-01-18,1.7570462478,1.2919666364,1.3679208777,1.3679208777,1.1716836537,1.4474060229,0.9542551885
2017-01-19,1.7570462478,1.2853919898,1.3679208777,1.3679208777,1.1657211113,1.4411195982,0.9513747373
2017-01-20,1.7570462478,1.2995704278,1.3679208777,1.3679208777,1.1785795269,1.4591316203,0.9586901689
2017-01-23,1.7570462478,1.3093087162,1.3679208777,1.3679208777,1.1874111739,1.4700253509,0.9613162945
2017-01-24,1.7570462478,1.3142458328,1.3679208777,1.3679208777,1.1918886415,1.4677526867,0.9614220254
2017-01-25,1.7570462478,1.3146295447,1.3679208777,1.3679208777,1.1922366296,1.4721448656,0.9646939665
2017-01-26,1.7570462478,1.3172027482,1.3679208777,1.3679208777,1.1945702661,1.4800042016,0.9681402206
2017-02-03,1.7570462478,1.3129372344,1.3679208777,1.3679208777,1.1907018746,1.4742087969,0.9614334557
2017-02-06,1.7570462478,1.3213411661,1.3679208777,1.3679208777,1.1983233945,1.4853198527,0.9639252746
2017-02-07,1.7570462478,1.3257356020,1.3679208777,1.3679208777,1.2023087054,1.4851998353,0.9617735090
2017-02-08,1.7570462478,1.3322777255,1.3679208777,1.3679208777,1.2082417526,1.4948785053,0.9668057258
2017-02-09,1.7570462478,1.3485077727,1.3679208777,1.3679208777,1.2229607713,1.5049497482,0.9705205934
2017-02-10,1.7570462478,1.3667528179,1.3679208777,1.3679208777,1.2395071903,1.5080202281,0.9754356490
2017-02-13,1.7570462478,1.3714392608,1.3679208777,1.3679208777,1.2437573221,1.5173823051,0.9819452401
2017-02-14,1.7570462478,1.3779153375,1.3679208777,1.3679208777,1.2498806980,1.5180489701,0.9818109334
2017-02-15,1.7570462478,1.3732392062,1.3679208777,1.3679208777,1.2498806980,1.5063117074,0.9777845884
2017-02-16,1.7570462478,1.3850406080,1.3679208777,1.3679208777,1.2498806980,1.5166522030,0.9832768773
2017-02-17,1.7570462478,1.3787776084,1.3679208777,1.3679208777,1.2498806980,1.5052634648,0.9777074335
2017-02-20,1.7570462478,1.3987479696,1.3679208777,1.3679208777,1.2498806980,1.5220786470,0.9919810979
2017-02-21,1.7570462478,1.4066917905,1.3679208777,1.3679208777,1.2498806980,1.5324882561,0.9952473238
2017-02-22,1.7570462478,1.4086099003,1.3679208777,1.3679208777,1.2498806980,1.5387540594,0.9972304915
2017-02-23,1.7570462478,1.3969953952,1.3679208777,1.3679208777,1.2498806980,1.5344091513,0.9925326128
2017-02-24,1.7570462478,1.3978160347,1.3679208777,1.3679208777,1.2498806980,1.5376136226,0.9926840651
2017-02-27,1.7570462478,1.3883724731,1.3679208777,1.3679208777,1.2498806980,1.5270231666,0.9847885426
2017-02-28,1.7570462478,1.3914410027,1.3679208777,1.3679208777,1.2498806980,1.5333630170,0.9866716948
2017-03-01,1.7570462478,1.3951085914,1.3679208777,1.3679208777,1.2498806980,1.5380016815,0.9882805182
2017-03-02,1.7570462478,1.3841005842,1.3679208777,1.3679208777,1.2498806980,1.5283969158,0.9816109020
2017-03-03,1.7570462478,1.3815496367,1.3679208777,1.3679208777,1.2498806980,1.5287975726,0.9795420065
2017-03-06,1.7570462478,1.3977741349,1.3679208777,1.3679208777,1.2498806980,1.5432699442,0.9848628400
2017-03-07,1.7570462478,1.3967694257,1.3679208777,1.3679208777,1.2498806980,1.5465325110,0.9870003177
2017-03-08,1.7570462478,1.3934468339,1.3679208777,1.3679208777,1.2498806980,1.5424464367,0.9855057979
2017-03-09,1.7570462478,1.3826894399,1.3679208777,1.3679208777,1.2498806980,1.5310172185,0.9792791082
2017-03-10,1.7570462478,1.3871330046,1.3679208777,1.3679208777,1.2498806980,1.5322973993,0.9795505793
2017-03-13,1.7570462478,1.3943029179,1.3679208777,1.3679208777,1.2498806980,1.5439898452,0.9881833601
2017-03-14,1.7570462478,1.3923258143,1.3679208777,1.3679208777,1.2498806980,1.5418973650,0.9877804399
2017-03-15,1.7570462478,1.3965436740,1.3679208777,1.3679208777,1.2498806980,1.5427576984,0.9897664652
2017-03-16,1.7570462478,1.4066011265,1.3679208777,1.3679208777,1.2498806980,1.5560712047,0.9948729794
2017-03-17,1.7570462478,1.3887822831,1.3679208777,1.3679208777,1.2498806980,1.5427062647,0.9846713814
2017-03-20,1.7570462478,1.3926632552,1.3679208777,1.3679208777,1.2498806980,1.5482156999,0.9857572658
2017-03-21,1.7570462478,1.3969018156,1.3679208777,1.3679208777,1.2498806980,1.5537586127,0.9905408723
2017-03-22,1.7570462478,1.3862537465,1.3679208777,1.3679208777,1.2498806980,1.5480237270,0.9858829998
2017-03-23,1.7570462478,1.3932272975,1.3679208777,1.3679208777,1.2498806980,1.5505192806,0.9892921052
2017-03-24,1.7570462478,1.4043745821,1.3679208777,1.3679208777,1.2498806980,1.5583223682,0.9971847701
2017-03-27,1.7570462478,1.3994630646,1.3679208777,1.3679208777,1.2498806980,1.5537268829,0.9938813955
2017-03-28,1.7570462478,1.3949189148,1.3679208777,1.3679208777,1.2498806980,1.5485154284,0.9915295986
2017-03-29,1.7570462478,1.3942022921,1.3679208777,1.3679208777,1.2498806980,1.5417135744,0.9902093918
2017-03-30,1.7570462478,1.3678699409,1.3679208777,1.3679208777,1.2498806980,1.5166349389,0.9820852621
2017-03-31,1.7570462478,1.3765687109,1.3679208777,1.3679208777,1.2498806980,1.5217294081,0.9875975541
2017-04-06,1.7570462478,1.4161073382,1.3679208777,1.3679208777,1.2498806980,1.5561905028,1.0041715788
2017-04-07,1.7570462478,1.4215531831,1.3679208777,1.3679208777,1.2498806980,1.5578975472,1.0051460171
2017-04-10,1.7570462478,1.4274353899,1.3679208777,1.3679208777,1.2498806980,1.5494237282,1.0016254657
2017-04-11,1.7570462478,1.4529490246,1.3679208777,1.3679208777,1.2498806980,1.5614904527,1.0051088685
2017-04-12,1.7570462478,1.4402635307,1.3679208777,1.3679208777,1.2498806980,1.5506067309,1.0028542296
2017-04-13,1.7570462478,1.4440544424,1.3679208777,1.3679208777,1.2498806980,1.5555080272,1.0043201735
2017-04-14,1.7570462478,1.4273980650,1.3665529568,1.3665529568,1.2486308173,1.5370816709,0.9962989171
2017-04-17,1.7570462478,1.4199375516,1.3594104595,1.3594104595,1.2421046581,1.5194660403,0.9944243377
2017-04-18,1.7570462478,1.4190628429,1.3585730367,1.3585730367,1.2413394979,1.5083339628,0.9895092821
2017-04-19,1.7570462478,1.4048203924,1.3449376933,1.3449376933,1.2288807710,1.4932255029,0.9846913846
2017-04-20,1.7570462478,1.4053591267,1.3454534632,1.3454534632,1.2293520343,1.4907183494,0.9891692288
2017-04-21,1.7570462478,1.3943078212,1.3348732371,1.3348732371,1.2196847936,1.4848299043,0.9906666062
2017-04-24,1.7570462478,1.3539220905,1.2962090123,1.2962090123,1.1843569694,1.4512048035,0.9805135873
2017-04-25,1.7570462478,1.3680196714,1.3097056614,1.3097056614,1.1966889701,1.4574176446,0.9832883077
2017-04-26,1.7570462478,1.3705735032,1.3121506321,1.3121506321,1.1989229602,1.4601573097,0.9844913532
2017-04-27,1.7570462478,1.3725773244,1.3140690372,1.3140690372,1.2006758229,1.4641797684,0.9849314222
2017-04-28,1.7570462478,1.3752323351,1.3166108739,1.3166108739,1.2029983202,1.4685005013,0.9829396816
2017-05-02,1.7570462478,1.3831250152,1.3241671159,1.3241671159,1.2099025215,1.4683600876,0.9791762350
2017-05-03,1.7570462478,1.3766339329,1.3179527263,1.3179527263,1.2042243820,1.4640560385,0.9753327758
2017-05-04,1.7570462478,1.3821014638,1.3231871950,1.3231871950,1.2090071596,1.4591663533,0.9728352417
2017-05-05,1.7570462478,1.3705081153,1.3120880315,1.3120880315,1.1988657615,1.4422806521,0.9665942641
2017-05-08,1.7570462478,1.3381496259,1.2811088740,1.2811088740,1.1705598473,1.4174544065,0.9598103444
2017-05-09,1.7570462478,1.3365663944,1.2795931303,1.2795931303,1.1691748997,1.4221613255,0.9580157775
2017-05-10,1.7570462478,1.3155365237,1.2594596912,1.2594596912,1.1507788086,1.4002856430,0.9537779709
2017-05-11,1.7570462478,1.3237534722,1.2673263792,1.2673263792,1.1579666670,1.3981918583,0.9591931048
2017-05-12,1.7570462478,1.3216824115,1.2653436007,1.2653436007,1.1561549858,1.3998722483,0.9674029622
2017-05-15,1.7570462478,1.3230931494,1.2666942037,1.2666942037,1.1573890430,1.4051944591,0.9713492947
2017-05-16,1.7570462478,1.3230931494,1.2666942037,1.2666942037,1.1573890430,1.4286061233,0.9797677562
2017-05-17,1.7570462478,1.3230931494,1.2666942037,1.2666942037,1.1573890430,1.4301903759,0.9744297772
2017-05-18,1.7570462478,1.3230931494,1.2666942037,1.2666942037,1.1573890430,1.4215393093,0.9710406749
2017-05-19,1.7570462478,1.3230931494,1.2666942037,1.2666942037,1.1573890430,1.4221317011,0.9726809318
2017-05-22,1.7570462478,1.3230931494,1.2666942037,1.2666942037,1.1573890430,1.4062051965,0.9747926912
2017-05-23,1.7570462478,1.3230931494,1.2666942037,1.2666942037,1.1573890430,1.3812175811,0.9784932708
2017-05-24,1.7570462478,1.3230931494,1.2666942037,1.2666942037,1.1573890430,1.3857467640,0.9784875557
2017-05-25,1.7570462478,1.3230931494,1.2666942037,1.2666942037,1.1573890430,1.3998538917,0.9960588795
2017-05-26,1.7570462478,1.3230931494,1.2666942037,1.2666942037,1.1573890430,1.3995467101,0.9945643596
2017-05-31,1.7570462478,1.3230931494,1.2666942037,1.2666942037,1.1573890430,1.3989526387,0.9981220598
2017-06-01,1.7570462478,1.3230931494,1.2666942037,1.2666942037,1.1573890430,1.3767102659,0.9995108487
2017-06-02,1.7570462478,1.3230931494,1.2666942037,1.2666942037,1.1573890430,1.3856906615,0.9963017746
2017-06-05,1.7570462478,1.3230931494,1.2666942037,1.2666942037,1.1573890430,1.3915965678,0.9912266940
2017-06-06,1.7570462478,1.3230931494,1.2666942037,1.2666942037,1.1573890430,1.3990275261,0.9981220598
2017-06-07,1.7570462478,1.3230931494,1.2666942037,1.2666942037,1.1573890430,1.4241857355,1.0098353231
2017-06-08,1.7570462478,1.3230931494,1.2666942037,1.2666942037,1.1573890430,1.4283518336,1.0175822509
2017-06-09,1.7570462478,1.3230931494,1.2666942037,1.2666942037,1.1573890430,1.4317845393,1.0219229308
2017-06-12,1.7570462478,1.3230931494,1.2666942037,1.2666942037,1.1573890430,1.4188498139,1.0214142797
2017-06-13,1.7570462478,1.3230931494,1.2666942037,1.2666942037,1.1573890430,1.4328143798,1.0236660610
2017-06-14,1.7570462478,1.3217700563,1.2666942037,1.2666942037,1.1562316540,1.4261264438,1.0102439585
2017-06-15,1.7570462478,1.3224153434,1.2666942037,1.2666942037,1.1567961254,1.4352878357,1.0083836671
2017-06-16,1.7570462478,1.3196267276,1.2666942037,1.2666942037,1.1543567557,1.4322950501,1.0055175039
2017-06-19,1.7570462478,1.3369609087,1.2666942037,1.2666942037,1.1695200050,1.4434498557,1.0154933522
2017-06-20,1.7570462478,1.3356739174,1.2666942037,1.2666942037,1.1683941964,1.4427941068,1.0134416023
2017-06-21,1.7570462478,1.3488813110,1.2666942037,1.2666942037,1.1799474968,1.4498155198,1.0252920300
2017-06-22,1.7570462478,1.3459187247,1.2666942037,1.2666942037,1.1773559446,1.4333555158,1.0259721365
2017-06-23,1.7570462478,1.3549526009,1.2666942037,1.2666942037,1.1852584187,1.4383907359,1.0352707359
2017-06-26,1.7570462478,1.3643064518,1.2666942037,1.2666942037,1.1934407939,1.4569221640,1.0481899024
2017-06-27,1.7570462478,1.3685427681,1.2666942037,1.2666942037,1.1971465542,1.4597371850,1.0500844849
2017-06-28,1.7570462478,1.3576601979,1.2666942037,1.2666942037,1.1876269164,1.4503134572,1.0419260641
2017-06-29,1.7570462478,1.3634681245,1.2666942037,1.2666942037,1.1927074587,1.4573663824,1.0484013641
2017-06-30,1.7570462478,1.3642326225,1.2666942037,1.2666942037,1.1933762110,1.4595392403,1.0478212732
2017-07-03,1.7570462478,1.3603820974,1.2666942037,1.2666942037,1.1900079254,1.4661991278,1.0432634164
2017-07-04,1.7570462478,1.3498545523,1.2666942037,1.2666942037,1.1807988494,1.4595179229,1.0344420346
2017-07-05,1.7570462478,1.3638479847,1.2666942037,1.2666942037,1.1930397452,1.4713804583,1.0457866688
2017-07-06,1.7570462478,1.3651789260,1.2666942037,1.2666942037,1.1942039995,1.4727806172,1.0459066876
2017-07-07,1.7570462478,1.3617305495,1.2666942037,1.2666942037,1.1911874974,1.4766060577,1.0447150724
2017-07-10,1.7570462478,1.3598068796,1.2666942037,1.2666942037,1.1895047478,1.4722929252,1.0440749721
2017-07-11,1.7570462478,1.3690508658,1.2666942037,1.2666942037,1.1975910178,1.4625528308,1.0489671670
2017-07-12,1.7570462478,1.3600718285,1.2666942037,1.2666942037,1.1897365146,1.4597483634,1.0455409160
2017-07-13,1.7570462478,1.3710356861,1.2666942037,1.2666942037,1.1993272593,1.4640891213,1.0535707452
2017-07-14,1.7570462478,1.3752029170,1.2666942037,1.2666942037,1.2029725864,1.4609681620,1.0581914690
2017-07-17,1.7570462478,1.3565032819,1.2666942037,1.2666942037,1.1866148925,1.4080701630,1.0468954139
2017-07-18,1.7570462478,1.3514939388,1.2666942037,1.2666942037,1.1822329193,1.4193870329,1.0479298617
2017-07-19,1.7570462478,1.3697928410,1.2666942037,1.2666942037,1.1982400680,1.4423219260,1.0658098052
2017-07-20,1.7570462478,1.3791939700,1.2666942037,1.2666942037,1.2064638002,1.4496298563,1.0709906167
2017-07-24,1.7570462478,1.3840765596,1.2666942037,1.2666942037,1.2107348945,1.4571350390,1.0697304193
2017-07-25,1.7570462478,1.3795410394,1.2666942037,1.2666942037,1.2067674027,1.4514739601,1.0628979205
2017-07-26,1.7570462478,1.3690589238,1.2666942037,1.2666942037,1.1975980666,1.4492976073,1.0588487148
2017-07-27,1.7570462478,1.3692600832,1.2666942037,1.2666942037,1.1977740328,1.4592058684,1.0607918764
2017-07-28,1.7570462478,1.3755224322,1.2666942037,1.2666942037,1.2032520856,1.4626097850,1.0635637391
2017-07-31,1.7570462478,1.3788158910,1.2666942037,1.2666942037,1.2061330718,1.4748426108,1.0681301687
2017-08-01,1.7570462478,1.3911140814,1.2666942037,1.2666942037,1.2168910376,1.4771922108,1.0774201953
2017-08-02,1.7570462478,1.3884922634,1.2666942037,1.2666942037,1.2145975759,1.4685261837,1.0746969116
2017-08-03,1.7570462478,1.3746204273,1.2666942037,1.2666942037,1.2024630478,1.4693188827,1.0652611478
2017-08-04,1.7570462478,1.3641140986,1.2666942037,1.2666942037,1.1932725310,1.4641797408,1.0594745271
2017-08-07,1.7570462478,1.3768161193,1.2666942037,1.2666942037,1.2043837514,1.4771142888,1.0649639584
2017-08-08,1.7570462478,1.3773729190,1.2666942037,1.2666942037,1.2048708175,1.4805672625,1.0665127725
2017-08-09,1.7570462478,1.3849719424,1.2666942037,1.2666942037,1.2115181397,1.4857931601,1.0661784344
2017-08-10,1.7552892015,1.3783648730,1.2654275095,1.2654275095,1.2057385392,1.4753895064,1.0618577576
2017-08-11,1.6852856290,1.3233936094,1.2149603578,1.2149603578,1.1576518734,1.4483654909,1.0422632598
2017-08-14,1.7050351324,1.3389021773,1.2291982195,1.2291982195,1.1712181492,1.4720439672,1.0557882354
2017-08-15,1.7103144232,1.3430478126,1.2330041791,1.2330041791,1.1748445854,1.4756977900,1.0590401734
2017-08-16,1.6992725137,1.3343770020,1.2250438179,1.2250438179,1.1672597066,1.4788781555,1.0577142514
2017-08-17,1.7172418319,1.3484876551,1.2379983040,1.2379983040,1.1796031424,1.4904514349,1.0633894261
2017-08-18,1.7081631393,1.3413584875,1.2314532701,1.2314532701,1.1733668312,1.4879022982,1.0643581493
2017-08-21,1.7288360226,1.3575921521,1.2463568172,1.2463568172,1.1875673927,1.4997681658,1.0690217369
2017-08-22,1.7353119343,1.3626774504,1.2510254478,1.2510254478,1.1920158086,1.4952838901,1.0722536717
2017-08-23,1.7180435351,1.3491172036,1.2385762699,1.2385762699,1.1801538462,1.4876926936,1.0733366985
2017-08-24,1.7103671788,1.3430892397,1.2330422118,1.2330422118,1.1748808242,1.4792023418,1.0672100245
2017-08-25,1.7529380961,1.3765186352,1.2637325446,1.2637325446,1.2041235242,1.4964166643,1.0846699023
2017-08-28,1.7800181232,1.3977835972,1.2832551460,1.2832551460,1.2227252636,1.5124003565,1.0980891472
2017-08-29,1.7792869010,1.3972093950,1.2827279914,1.2827279914,1.2222229744,1.5100187162,1.0957544957
2017-08-30,1.7996421069,1.4131935990,1.2974025177,1.2974025177,1.2362053178,1.5162485839,1.0956859136
2017-08-31,1.8050361562,1.4174293501,1.3012912093,1.3012912093,1.2399105836,1.5184995442,1.0921967956
2017-09-01,1.8407361806,1.4454632829,1.3270281608,1.3270281608,1.2644335484,1.5283231141,1.0946114596
2017-09-04,1.8480522903,1.4512083582,1.3323025090,1.3323025090,1.2694591108,1.5367172395,1.0989207060
2017-09-05,1.8440979296,1.4481031424,1.3294517213,1.3294517213,1.2667427920,1.5369655554,1.1021869319
2017-09-06,1.8472774480,1.4505999027,1.3317439077,1.3317439077,1.2689268582,1.5413106267,1.1000151631
2017-09-07,1.8218552186,1.4306367491,1.3134164501,1.3134164501,1.2514638887,1.5333436064,1.0944200010
2017-09-08,1.8260522545,1.4339325290,1.3164421878,1.3164421878,1.2543469054,1.5355278993,1.0933112559
2017-09-11,1.8394086927,1.4444208549,1.3260711448,1.3260711448,1.2635216740,1.5456074839,1.0932140978
2017-09-12,1.8442447328,1.4482184216,1.3295575550,1.3295575550,1.2668436336,1.5441181011,1.0967232189
2017-09-13,1.8523385809,1.4545742266,1.3353925924,1.3353925924,1.2724034380,1.5516462161,1.0980605713
2017-09-14,1.8259916255,1.4338849192,1.3163984790,1.3163984790,1.2543052582,1.5497256272,1.0944457193
2017-09-15,1.7895129793,1.4052395630,1.2901002016,1.2901002016,1.2292474447,1.5435505768,1.0948286364
2017-09-18,1.7944453895,1.4091128055,1.2936560871,1.2936560871,1.2326356026,1.5510139436,1.0982120235
2017-09-19,1.7881234121,1.4041483863,1.2890984313,1.2890984313,1.2282929269,1.5448845524,1.0950629588
2017-09-20,1.8041627732,1.4167435142,1.3006615679,1.3006615679,1.2393106417,1.5552408272,1.0980119922
2017-09-21,1.7867791942,1.4030928208,1.2881293543,1.2881293543,1.2273695604,1.5430745284,1.0966917854
2017-09-22,1.7758895600,1.3945415864,1.2802787718,1.2802787718,1.2198892821,1.5386196580,1.0966660671
2017-09-25,1.7566945755,1.3794684621,1.2664406752,1.2664406752,1.2067039149,1.5224406572,1.0909680317
2017-09-26,1.7705605470,1.3903569060,1.2764369663,1.2764369663,1.2162286908,1.5257990414,1.0918224513
2017-09-27,1.7817312493,1.3991288530,1.2844901772,1.2844901772,1.2239020396,1.5349250283,1.0919424701
2017-09-28,1.7675970463,1.3880297765,1.2743005120,1.2743005120,1.2141930109,1.5307820501,1.0923253872
2017-09-29,1.7756738169,1.3943721712,1.2801232378,1.2801232378,1.2197410844,1.5402240487,1.0963145835
2017-10-09,1.7858515209,1.4023643526,1.2874605738,1.2874605738,1.2267323255,1.5570620620,1.1093766295
2017-10-10,1.7750053840,1.3938472752,1.2796413495,1.2796413495,1.2192819263,1.5638233201,1.1115626862
2017-10-11,1.7682351892,1.3885308870,1.2747605635,1.2747605635,1.2146313623,1.5626551507,1.1152289748
2017-10-12,1.7657115058,1.3865491301,1.2729411834,1.2729411834,1.2128978005,1.5617717091,1.1181608626
2017-10-13,1.7731349606,1.3923784996,1.2782929191,1.2782929191,1.2179971001,1.5686261609,1.1204612229
2017-10-16,1.7637492254,1.3850082225,1.2715265312,1.2715265312,1.2115498761,1.5511680506,1.1183037421
2017-10-17,1.7481336662,1.3727458909,1.2602689230,1.2602689230,1.2008232782,1.5503012239,1.1181951537
2017-10-18,1.7347812726,1.3622607410,1.2506428818,1.2506428818,1.1916512878,1.5444800185,1.1270794025
2017-10-19,1.7206926076,1.3511974240,1.2404860460,1.2404860460,1.1819735400,1.5312955185,1.1233902532
2017-10-20,1.7367270937,1.3637887237,1.2520456680,1.2520456680,1.1929879061,1.5437237524,1.1221329134
2017-10-23,1.7374153464,1.3643291836,1.2525418449,1.2525418449,1.1934606787,1.5495937996,1.1232616616
2017-10-24,1.7407928374,1.3669814046,1.2549767542,1.2549767542,1.1957807357,1.5488774261,1.1314343703
2017-10-25,1.7432817468,1.3689358547,1.2567710650,1.2567710650,1.1974904107,1.5581080800,1.1364494416
2017-10-26,1.7661326615,1.3868798483,1.2732448040,1.2732448040,1.2131870996,1.5655365554,1.1412016146
2017-10-27,1.7613533033,1.3831267919,1.2697992570,1.2697992570,1.2099040757,1.5617045130,1.1493143139
2017-10-30,1.7267898311,1.3559853522,1.2448816717,1.2448816717,1.1861618283,1.5371982633,1.1458137656
2017-10-31,1.7375543849,1.3644383654,1.2526420809,1.2526420809,1.1935561867,1.5458979734,1.1449564884
2017-11-01,1.7392073834,1.3657364051,1.2538337647,1.2538337647,1.1946916599,1.5447314536,1.1420703221
2017-11-02,1.7321766906,1.3602154574,1.2487651800,1.2487651800,1.1898621554,1.5341950697,1.1422160592
2017-11-03,1.7193388377,1.3501343577,1.2395100827,1.2395100827,1.1810436120,1.5240166152,1.1409501466
2017-11-06,1.7499950848,1.3742075953,1.2616108615,1.2616108615,1.2021019188,1.5395795782,1.1490056941
2017-11-07,1.7657291631,1.3865629957,1.2729539129,1.2729539129,1.2129099296,1.5505568048,1.1585386159
2017-11-08,1.7654481347,1.3863423143,1.2727513132,1.2727513132,1.2127168863,1.5531493068,1.1567554795
2017-11-09,1.7789349540,1.3969330238,1.2824742649,1.2824742649,1.2219812160,1.5627542137,1.1647252993
2017-11-10,1.8113906589,1.4224193103,1.3058723134,1.3058723134,1.2442756015,1.5683473692,1.1750154826
2017-11-13,1.8205566898,1.4296170616,1.3124803115,1.3124803115,1.2505719068,1.5733879012,1.1796333488
2017-11-14,1.7860818740,1.4025452405,1.2876266404,1.2876266404,1.2268905590,1.5635918437,1.1714263490
2017-11-15,1.7811692481,1.3986875338,1.2840850178,1.2840850178,1.2235159912,1.5499452827,1.1640880566
2017-11-16,1.8000425565,1.4135080576,1.2976912109,1.2976912109,1.2364803935,1.5520308617,1.1730437452
2017-11-17,1.7553603194,1.3784207193,1.2654787800,1.2654787800,1.2057873913,1.5189211135,1.1775701685
2017-11-20,1.7697844362,1.3897474544,1.2758774506,1.2758774506,1.2156955669,1.5269270381,1.1841369114
2017-11-21,1.8027611297,1.4156428544,1.2996510915,1.2996510915,1.2383478285,1.5365042030,1.2052459322
2017-11-22,1.7786427626,1.3967035765,1.2822636176,1.2822636176,1.2217805046,1.5378320755,1.2080663740
2017-11-23,1.7121681083,1.3445034442,1.2343405424,1.2343405424,1.1761179138,1.4992293338,1.1722979140
2017-11-24,1.7041064089,1.3381728844,1.2285286818,1.2285286818,1.1705801929,1.5001293470,1.1728122803
2017-11-27,1.6599509147,1.3034991782,1.1966959918,1.1966959918,1.1402490195,1.4809172747,1.1573098520
2017-11-28,1.6849433215,1.3231248077,1.2147135806,1.2147135806,1.1574167364,1.4987003029,1.1589872576
2017-11-29,1.6667879165,1.3088680275,1.2016249404,1.2016249404,1.1449454745,1.5024058551,1.1583957364
2017-11-30,1.6589147179,1.3026854904,1.1959489742,1.1959489742,1.1395372380,1.4912740231,1.1447793178
2017-12-01,1.6669494538,1.3089948768,1.2017413962,1.2017413962,1.1450564372,1.4974499258,1.1425046758
2017-12-04,1.6724400965,1.3133064792,1.2056997242,1.2056997242,1.1488280548,1.4892683365,1.1484256033
2017-12-05,1.6530649649,1.2980918918,1.1917317555,1.1917317555,1.1355189414,1.4679400409,1.1545151286
2017-12-06,1.6584154746,1.3022934528,1.1955890584,1.1955890584,1.1391942992,1.4725077337,1.1475568958
2017-12-07,1.6352888224,1.2838758489,1.1786805148,1.1789165341,1.1230833149,1.4636415804,1.1347663208
2017-12-08,1.6352888224,1.3004748608,1.1939194741,1.1789165341,1.1376034675,1.4786626181,1.1440020532
2017-12-11,1.6352888224,1.3271576241,1.2184159652,1.1789165341,1.1609444832,1.4978756657,1.1628964414
2017-12-12,1.6352888224,1.3120273586,1.2045254094,1.1789165341,1.1477091312,1.4816724548,1.1476140476
2017-12-13,1.6352888224,1.3269562157,1.2182310593,1.1789165341,1.1607682991,1.4923926334,1.1573498583
2017-12-14,1.6352888224,1.3238605792,1.2153890661,1.1789165341,1.1580603599,1.4910388997,1.1505087867
2017-12-15,1.6352888224,1.3073329212,1.2002156142,1.1789165341,1.1436026249,1.4801461645,1.1375667595
2017-12-18,1.6352888224,1.3125053485,1.2049642347,1.1789165341,1.1481272576,1.4767910905,1.1388326721
2017-12-19,1.6352888224,1.3271937100,1.2184490943,1.1789165341,1.1609760496,1.4879684210,1.1531320548
2017-12-20,1.6352888224,1.3243061809,1.2157981571,1.1789165341,1.1584501545,1.4784960054,1.1517489810
2017-12-21,1.6352888224,1.3373303796,1.2277552083,1.1789165341,1.1698432033,1.4860678060,1.1624249390
2017-12-22,1.6352888224,1.3340423304,1.2247365678,1.1789165341,1.1669669492,1.4843126081,1.1586386316
2017-12-25,1.6352888224,1.3352734207,1.2258667879,1.1789165341,1.1680438579,1.4710913211,1.1549066185
2017-12-26,1.6352888224,1.3342700700,1.2249456475,1.1789165341,1.1671661668,1.4782061376,1.1583585877
2017-12-27,1.6352888224,1.3105188925,1.2031405405,1.1789165341,1.1463895853,1.4674931111,1.1405243656
2017-12-28,1.6352888224,1.3250008961,1.2164359503,1.1789165341,1.1590578637,1.4757536494,1.1484370336
2017-12-29,1.6352888224,1.3276326274,1.2188520487,1.1789165341,1.1613599970,1.4839892744,1.1518547118
2018-01-02,1.6352888224,1.3577805804,1.2465298065,1.1789165341,1.1877322222,1.5024421900,1.1680115283
2018-01-03,1.6352888224,1.3639832961,1.2522242980,1.1789165341,1.1931581102,1.5157017184,1.1748668879
2018-01-04,1.6352888224,1.3787140446,1.2657480715,1.1789165341,1.2060439806,1.5216520770,1.1798448105
2018-01-05,1.6352888224,1.3909570566,1.2769879431,1.1789165341,1.2167536786,1.5226819659,1.1826852554
2018-01-08,1.6352888224,1.3931170292,1.2789709368,1.1789165341,1.2186431363,1.5302772827,1.1888033566
2018-01-09,1.6352888224,1.4150825526,1.2991366984,1.1789165341,1.2378576989,1.5319689222,1.1971303752
2018-01-10,1.6352888224,1.4256234790,1.3088139461,1.1789165341,1.2470784803,1.5275903449,1.2024197752
2018-01-11,1.6352888224,1.4230406955,1.3064427849,1.1789165341,1.2448191644,1.5287469585,1.2017853901
2018-01-12,1.6352888224,1.4385909822,1.3207189471,1.1789165341,1.2584219342,1.5268899622,1.2073319732
2018-01-15,1.6352888224,1.4448043157,1.3264231865,1.1789165341,1.2638571102,1.5017617655,1.2074005554
2018-01-16,1.6352888224,1.4512282261,1.3323207490,1.1789165341,1.2694764904,1.5138835586,1.2168963285
2018-01-17,1.6352888224,1.4413699042,1.3232701761,1.1789165341,1.2608528241,1.5092312837,1.2139387224
2018-01-18,1.6352888224,1.4501672186,1.3313466759,1.1789165341,1.2685483634,1.5145815961,1.2205969082
2018-01-19,1.6352888224,1.4490502657,1.3303212414,1.1789165341,1.2675712976,1.5140632284,1.2245918196
2018-01-22,1.6352888224,1.4769717643,1.3559549710,1.1789165341,1.2919959095,1.5314362439,1.2392226828
2018-01-23,1.6352888224,1.4881767927,1.3662419069,1.1789165341,1.3017976207,1.5378909058,1.2523704566
2018-01-24,1.6352888224,1.4848437901,1.3631819964,1.1789165341,1.2988820432,1.5439768832,1.2544507824
2018-01-25,1.6352888224,1.4720070941,1.3513970848,1.1789165341,1.2876530142,1.5423646539,1.2473611005
2018-01-26,1.6352888224,1.4808506014,1.3595159927,1.1789165341,1.2953889612,1.5433222133,1.2519961122
2018-01-29,1.6352888224,1.4450635504,1.3266611806,1.1789165341,1.2640838784,1.5246605886,1.2293411350
2018-01-30,1.6352888224,1.4331637299,1.3157363809,1.1789165341,1.2536743906,1.5165432331,1.2162190796
2018-01-31,1.6352888224,1.4447677877,1.3263896515,1.1789165341,1.2638251570,1.4988557370,1.2218771087
2018-02-01,1.6352888224,1.4302747590,1.3130841200,1.1789165341,1.2511472343,1.4591267279,1.2133043373
2018-02-02,1.6352888224,1.4263476206,1.3092166491,1.1789165341,1.2477119304,1.4648984318,1.2205426139
2018-02-05,1.6352888224,1.4200889733,1.3092166491,1.1789165341,1.2422371158,1.4610728942,1.2213770304
2018-02-06,1.6352888224,1.3725234018,1.3092166491,1.1789165341,1.2006286536,1.3979389874,1.1855828521
2018-02-07,1.6352888224,1.3279392611,1.3092166491,1.1789165341,1.1616282279,1.3872311328,1.1574670195
2018-02-08,1.6352888224,1.3238900887,1.3092166491,1.1789165341,1.1580861737,1.3924452921,1.1464795842
2018-02-09,1.6352888224,1.2753253483,1.3092166491,1.1789165341,1.1156036784,1.3407915435,1.0975004835
2018-02-12,1.6352888224,1.2992443698,1.3092166491,1.1789165341,1.1365270832,1.3686920460,1.1116312684
2018-02-13,1.6352888224,1.3152726838,1.3092166491,1.1789165341,1.1505480120,1.3771008045,1.1246418778
2018-02-14,1.6352888224,1.3289924798,1.3092166491,1.1789165341,1.1625495416,1.3858503380,1.1335947087
2018-02-22,1.6352888224,1.3593473006,1.3092166491,1.1789165341,1.1891027265,1.4134544859,1.1581042622
2018-02-23,1.6352888224,1.3640518195,1.3092166491,1.1789165341,1.1932180517,1.4193697199,1.1633507983
2018-02-26,1.6352888224,1.3736599606,1.3092166491,1.1789165341,1.2016228698,1.4440538174,1.1768757740
2018-02-27,1.6352888224,1.3423139382,1.3092166491,1.1789165341,1.1742026214,1.4357118225,1.1598902562
2018-02-28,1.6352888224,1.3321550622,1.3092166491,1.1789165341,1.1653160424,1.4346754809,1.1497915315
2018-03-01,1.6352888224,1.3404090240,1.3092166491,1.1789165341,1.1725362785,1.4482941823,1.1570640993
2018-03-02,1.6352888224,1.3361332412,1.3092166491,1.1789165341,1.1687959945,1.4391060165,1.1477397816
2018-03-05,1.6352888224,1.3278943196,1.3092166491,1.1789165341,1.1615889149,1.4411477434,1.1482084264
2018-03-06,1.6352888224,1.3438999147,1.3092166491,1.1789165341,1.1755899702,1.4583015472,1.1620563098
2018-03-07,1.6352888224,1.3374442476,1.3092166491,1.1789165341,1.1699428106,1.4470429615,1.1535092567
2018-03-08,1.6352888224,1.3577989492,1.3092166491,1.1789165341,1.1877482905,1.4585975999,1.1652110897
2018-03-09,1.6352888224,1.3614779722,1.3079074325,1.1789165341,1.1909665529,1.4747304727,1.1741467751
2018-03-12,1.6352888224,1.3652888319,1.3115683451,1.1789165341,1.1943001408,1.4906854725,1.1795190452
2018-03-13,1.6352888224,1.3596148810,1.3061176490,1.1789165341,1.1893367952,1.4818684723,1.1691117007
2018-03-14,1.6352888224,1.3592018994,1.3057209172,1.1789165341,1.1889755354,1.4719434751,1.1639937561
2018-03-15,1.6352888224,1.3652430542,1.3115243686,1.1789165341,1.1942600963,1.4705258670,1.1705147776
2018-03-16,1.6352888224,1.3491765828,1.2960900701,1.1789165341,1.1802057888,1.4621165155,1.1591587131
2018-03-19,1.6352888224,1.3462858932,1.2933131215,1.1789165341,1.1776771290,1.4620726653,1.1642537969
2018-03-20,1.6352888224,1.3443589431,1.2914619917,1.1789165341,1.1759915100,1.4637983101,1.1652396656
2018-03-21,1.6352888224,1.3380172522,1.2853698295,1.1789165341,1.1704440521,1.4558164589,1.1604817775
2018-03-22,1.6352888224,1.3192502439,1.2673412531,1.1789165341,1.1540274227,1.4494343902,1.1488513842
2018-03-23,1.6352888224,1.2766037935,1.2263728272,1.1789165341,1.1167220113,1.3887877078,1.1158719326
2018-03-26,1.6352888224,1.2633968126,1.2136855059,1.1789165341,1.1051690718,1.3971763659,1.1087136685
2018-03-27,1.6352888224,1.2720396374,1.2219882585,1.1789165341,1.1127294698,1.4227830848,1.1182523055
2018-03-28,1.6352888224,1.2523502238,1.2030735710,1.1789165341,1.0955059571,1.4057163922,1.0980920047
2018-03-29,1.6352888224,1.2748523108,1.2246902607,1.1789165341,1.1151898842,1.4205631561,1.1127600166
2018-03-30,1.6352888224,1.2708097983,1.2208068103,1.1789165341,1.1116536557,1.4324825761,1.1140316444
2018-04-02,1.6352888224,1.2671913696,1.2173307571,1.1789165341,1.1084883987,1.4349793851,1.1107225546
2018-04-03,1.6352888224,1.2582072972,1.2087001841,1.1789165341,1.1006294910,1.4226992916,1.1037386035
2018-04-04,1.6352888224,1.2627944785,1.2131068720,1.1789165341,1.1046421740,1.4164122229,1.1015611196
2018-04-09,1.6352888224,1.2611851572,1.2115608732,1.1789165341,1.1032344040,1.4175636018,1.1010096046
2018-04-10,1.6352888224,1.2837033247,1.2331930107,1.1789165341,1.1229323976,1.4294734667,1.1222243563
2018-04-11,1.6352888224,1.2837033247,1.2331930107,1.1789165341,1.1229323976,1.4351805925,1.1254162848
2018-04-12,1.6352888224,1.2837033247,1.2331930107,1.1789165341,1.1229323976,1.4246436682,1.1140716507
2018-04-13,1.6352888224,1.2837033247,1.2331930107,1.1789165341,1.1229323976,1.4201916405,1.1062132769
2018-04-16,1.6352888224,1.2837033247,1.2331930107,1.1789165341,1.1229323976,1.4076939912,1.0884162034
2018-04-17,1.6352888224,1.2837033247,1.2331930107,1.1789165341,1.1229323976,1.3805635826,1.0712077936
2018-04-18,1.6352888224,1.2837033247,1.2331930107,1.1789165341,1.1229323976,1.3915462023,1.0762485832
2018-04-19,1.6352888224,1.2837033247,1.2331930107,1.1789165341,1.1229323976,1.4038811672,1.0892677654
2018-04-20,1.6352888224,1.2837033247,1.2331930107,1.1789165341,1.1229323976,1.3789056868,1.0746969116
2018-04-23,1.6352888224,1.2837033247,1.2331930107,1.1789165341,1.1229323976,1.3713663918,1.0762628712
2018-04-24,1.6352888224,1.2837033247,1.2331930107,1.1789165341,1.1229323976,1.3996184087,1.0983120392
2018-04-25,1.6352888224,1.2837033247,1.2331930107,1.1789165341,1.1229323976,1.3992951428,1.0940856629
2018-04-26,1.6352888224,1.2837033247,1.2331930107,1.1789165341,1.1229323976,1.3730858743,1.0731652431
2018-04-27,1.6352888224,1.2837033247,1.2331930107,1.1789165341,1.1229323976,1.3735959091,1.0735624482
2018-05-02,1.6352888224,1.2837033247,1.2331930107,1.1789165341,1.1229323976,1.3724246754,1.0754970369
2018-05-03,1.6352888224,1.2837033247,1.2331930107,1.1789165341,1.1229323976,1.3839636229,1.0838840649
2018-05-04,1.6352888224,1.2837033247,1.2331930107,1.1789165341,1.1229323976,1.3802101025,1.0786260985
2018-05-07,1.6352888224,1.2837033247,1.2331930107,1.1789165341,1.1229323976,1.4025396260,1.0956544801
2018-05-08,1.6352888224,1.2837033247,1.2331930107,1.1789165341,1.1229323976,1.4135172481,1.1083679001
2018-05-09,1.6352888224,1.2837033247,1.2331930107,1.1789165341,1.1229323976,1.4115754026,1.1063504412
2018-05-10,1.6352888224,1.2837033247,1.2331930107,1.1789165341,1.1229323976,1.4176848991,1.1124771152
2018-05-11,1.6352888224,1.2837033247,1.2331930107,1.1789165341,1.1229323976,1.4077097712,1.1066990672
2018-05-14,1.6352888224,1.2837033247,1.2331930107,1.1789165341,1.1229323976,1.4077785835,1.1171149845
2018-05-15,1.6352888224,1.2837033247,1.2331930107,1.1789165341,1.1229323976,1.4178790585,1.1213470760
2018-05-16,1.6352888224,1.2837033247,1.2331930107,1.1789165341,1.1229323976,1.4113878505,1.1124142482
2018-05-17,1.6352888224,1.2837033247,1.2331930107,1.1789165341,1.1229323976,1.4041964657,1.1041872452
2018-05-18,1.6352888224,1.2837033247,1.2331930107,1.1789165341,1.1229323976,1.4138457514,1.1153347056
2018-05-21,1.6352888224,1.2837033247,1.2331930107,1.1789165341,1.1229323976,1.4269800375,1.1205298051
2018-05-22,1.6352888224,1.2837033247,1.2331930107,1.1789165341,1.1229323976,1.4279336683,1.1162348466
2018-05-23,1.6352888224,1.2837033247,1.2331930107,1.1789165341,1.1229323976,1.4100994383,1.1014811070
2018-05-24,1.6352888224,1.2837033247,1.2331930107,1.1789165341,1.1229323976,1.4042771084,1.0936627395
2018-05-25,1.6352888224,1.2837033247,1.2331930107,1.1789165341,1.1229323976,1.3941716226,1.0905994025
2018-05-28,1.6352888224,1.2837033247,1.2331930107,1.1789165341,1.1229323976,1.3889075319,1.0953887242
2018-05-29,1.6352888224,1.2837033247,1.2331930107,1.1789165341,1.1229323976,1.3803712442,1.0870302720
2018-05-30,1.6352888224,1.2837033247,1.2331930107,1.1789165341,1.1229323976,1.3436540667,1.0639866625
2018-05-31,1.6352888224,1.2837033247,1.2331930107,1.1789165341,1.1229323976,1.3682734757,1.0865644848
2018-06-01,1.6352888224,1.2837033247,1.2331930107,1.1789165341,1.1229323976,1.3570416294,1.0774802047
2018-06-04,1.6352888224,1.2837033247,1.2331930107,1.1789165341,1.1229323976,1.3592071764,1.0880504318
2018-06-05,1.6352888224,1.2837033247,1.2331930107,1.1789165341,1.1229323976,1.3756570247,1.0988349783
2018-06-06,1.6352888224,1.2837033247,1.2331930107,1.1789165341,1.1229323976,1.3767139941,1.0965574787
2018-06-07,1.6352888224,1.2837033247,1.2331930107,1.1789165341,1.1229323976,1.3701620828,1.0947457663
2018-06-08,1.6352888224,1.2837033247,1.2331930107,1.1789165341,1.1229323976,1.3528583423,1.0800606089
2018-06-11,1.6352888224,1.2837033247,1.2331930107,1.1789165341,1.1229323976,1.3467817881,1.0801634821
2018-06-12,1.6352888224,1.2837033247,1.2331930107,1.1789165341,1.1229323976,1.3605581948,1.0932998255
2018-06-13,1.6352888224,1.2837033247,1.2331930107,1.1789165341,1.1229323976,1.3428431256,1.0825524278
2018-06-14,1.6352888224,1.2837033247,1.2331930107,1.1789165341,1.1229323976,1.3371397403,1.0782746148
2018-06-15,1.6352888224,1.2837033247,1.2331930107,1.1789165341,1.1229323976,1.3171161119,1.0725765794
2018-06-19,1.6352888224,1.2837033247,1.2331930107,1.1789165341,1.1229323976,1.2463858376,1.0347678000
2018-06-20,1.6352888224,1.2837033247,1.2331930107,1.1789165341,1.1229323976,1.2552016476,1.0388598695
2018-06-21,1.6352888224,1.2837033247,1.2331930107,1.1789165341,1.1229323976,1.2338390846,1.0267236828
2018-06-22,1.6352888224,1.2837033247,1.2331930107,1.1789165341,1.1229323976,1.2464347901,1.0312758244
2018-06-25,1.6352888224,1.2837033247,1.2331930107,1.1789165341,1.1229323976,1.2365413801,1.0174393713
2018-06-26,1.6352888224,1.2837033247,1.2331930107,1.1789165341,1.1229323976,1.2370716951,1.0090466281
2018-06-27,1.6352888224,1.2837033247,1.2331930107,1.1789165341,1.1229323976,1.2222614831,0.9885148406
2018-06-28,1.6352888224,1.2837033247,1.2331930107,1.1789165341,1.1229323976,1.2095970846,0.9783046699
2018-06-29,1.6352888224,1.2837033247,1.2331930107,1.1789165341,1.1229323976,1.2417821508,1.0032942985
2018-07-02,1.6352888224,1.2837033247,1.2331930107,1.1789165341,1.1229323976,1.2167521113,0.9738554015
2018-07-03,1.6352888224,1.2837033247,1.2331930107,1.1789165341,1.1229323976,1.2247304697,0.9742326035
2018-07-04,1.6352888224,1.2837033247,1.2331930107,1.1789165341,1.1229323976,1.2069018550,0.9612219940
2018-07-05,1.6352888224,1.2837033247,1.2331930107,1.1789165341,1.1229323976,1.1836782387,0.9551324688
2018-07-06,1.6352888224,1.2837033247,1.2331930107,1.1789165341,1.1229323976,1.1890485753,0.9616134839
2018-07-09,1.6352888224,1.2837033247,1.2331930107,1.1789165341,1.1229323976,1.2156882979,0.9884919799
2018-07-10,1.6352888224,1.2837033247,1.2331930107,1.1789165341,1.1229323976,1.2233465963,0.9908752103
2018-07-11,1.6352888224,1.2837033247,1.2331930107,1.1789165341,1.1229323976,1.1991780712,0.9737325251
2018-07-12,1.6352888224,1.2837033247,1.2331930107,1.1789165341,1.1229323976,1.2270755210,0.9947443878
2018-07-13,1.6352888224,1.2837033247,1.2331930107,1.1789165341,1.1229323976,1.2313161894,0.9980677656
2018-07-16,1.6352888224,1.2837033247,1.2331930107,1.1789165341,1.1229323976,1.2300801236,0.9921811292
2018-07-17,1.6352888224,1.2837033247,1.2331930107,1.1789165341,1.1229323976,1.2284061174,0.9856915412
2018-07-18,1.6352888224,1.2837033247,1.2331930107,1.1789165341,1.1229323976,1.2218946222,0.9805307328
2018-07-19,1.6352888224,1.2837033247,1.2331930107,1.1789165341,1.1229323976,1.2150580299,0.9796791709
2018-07-20,1.6352888224,1.2837033247,1.2331930107,1.1789165341,1.1229323976,1.2299567261,0.9981249174
2018-07-23,1.6352888224,1.2837033247,1.2331930107,1.1789165341,1.1229323976,1.2438463072,1.0075149596
2018-07-24,1.6352888224,1.2837033247,1.2331930107,1.1789165341,1.1229323976,1.2663437271,1.0235060359
2018-07-25,1.6352888224,1.2837033247,1.2331930107,1.1789165341,1.1229323976,1.2672910236,1.0223744301
2018-07-26,1.6352888224,1.2837033247,1.2331930107,1.1789165341,1.1229323976,1.2593925188,1.0105154296
2018-07-27,1.6352888224,1.2837033247,1.2331930107,1.1789165341,1.1229323976,1.2539593985,1.0062233288
2018-07-30,1.6352888224,1.2837033247,1.2331930107,1.1789165341,1.1229323976,1.2438878432,1.0044659106
2018-07-31,1.6352888224,1.2837033247,1.2331930107,1.1789165341,1.1229323976,1.2438788386,1.0052031690
2018-08-01,1.6352888224,1.2837033247,1.2331930107,1.1789165341,1.1229323976,1.2228645717,0.9851228807
2018-08-02,1.6352888224,1.2837033247,1.2331930107,1.1789165341,1.1229323976,1.1947724051,0.9632823168
2018-08-03,1.6352888224,1.2837033247,1.2331930107,1.1789165341,1.1229323976,1.1781369174,0.9473712530
2018-08-06,1.6352888224,1.2837033247,1.2331930107,1.1789165341,1.1229323976,1.1574389625,0.9353665155
2018-08-07,1.6352888224,1.2837033247,1.2331930107,1.1789165341,1.1229323976,1.1886874711,0.9626850804
2018-08-08,1.6352888224,1.2837033247,1.2331930107,1.1789165341,1.1229323976,1.1719441069,0.9471512186
2018-08-09,1.6352888224,1.2837033247,1.2331930107,1.1789165341,1.1229323976,1.1974766110,0.9708749347
2018-08-10,1.6352888224,1.2837033247,1.2331930107,1.1789165341,1.1229323976,1.2025738347,0.9730152699
2018-08-13,1.6352888224,1.2837033247,1.2331930107,1.1789165341,1.1229323976,1.2045073365,0.9688203271
2018-08-14,1.6352888224,1.2837033247,1.2331930107,1.1789165341,1.1229323976,1.2007159355,0.9638395469
2018-08-15,1.6352888224,1.2837033247,1.2331930107,1.1789165341,1.1229323976,1.1756157231,0.9407130673
2018-08-16,1.6352888224,1.2837033247,1.2331930107,1.1789165341,1.1229323976,1.1643460939,0.9363552418
2018-08-17,1.6352888224,1.2837033247,1.2331930107,1.1789165341,1.1229323976,1.1456111634,0.9228931331
2018-08-20,1.6352888224,1.2837033247,1.2331930107,1.1789165341,1.1229323976,1.1529412963,0.9336462460
2018-08-21,1.6352888224,1.2837033247,1.2331930107,1.1789165341,1.1229323976,1.1688838088,0.9506203334
2018-08-22,1.6352888224,1.2837033247,1.2331930107,1.1789165341,1.1229323976,1.1581864593,0.9452766392
2018-08-23,1.6352888224,1.2837033247,1.2331930107,1.1789165341,1.1229323976,1.1619827551,0.9487286085
2018-08-24,1.6352888224,1.2837033247,1.2331930107,1.1789165341,1.1229323976,1.1592685546,0.9502431315
2018-08-27,1.6352888224,1.2837033247,1.2331930107,1.1789165341,1.1229323976,1.1858536342,0.9734581964
2018-08-28,1.6352888224,1.2837033247,1.2331930107,1.1789165341,1.1229323976,1.1867426341,0.9716293385
2018-08-29,1.6352888224,1.2837033247,1.2331930107,1.1789165341,1.1229323976,1.1802668486,0.9677430155
2018-08-30,1.6352888224,1.2837033247,1.2331930107,1.1789165341,1.1229323976,1.1649503480,0.9576042845
2018-08-31,1.6352888224,1.2837033247,1.2331930107,1.1789165341,1.1229323976,1.1547157146,0.9528635419
2018-09-03,1.6352888224,1.2837033247,1.2331930107,1.1789165341,1.1229323976,1.1528628080,0.9492401172
2018-09-04,1.6352888224,1.2837033247,1.2331930107,1.1789165341,1.1229323976,1.1659789920,0.9612648579
2018-09-05,1.6352888224,1.2837033247,1.2331930107,1.1789165341,1.1229323976,1.1470127114,0.9424733430
2018-09-06,1.6352888224,1.2837033247,1.2331930107,1.1789165341,1.1229323976,1.1393163737,0.9323974790
2018-09-07,1.6352888224,1.2837033247,1.2331930107,1.1789165341,1.1229323976,1.1431628779,0.9366152825
2018-09-10,1.6352888224,1.2837033247,1.2331930107,1.1789165341,1.1229323976,1.1237119143,0.9230217247
2018-09-11,1.6352888224,1.2837033247,1.2331930107,1.1789165341,1.1229323976,1.1227654590,0.9213471766
2018-09-12,1.6352888224,1.2837033247,1.2331930107,1.1789165341,1.1229323976,1.1199247123,0.9150061834
2018-09-13,1.6352888224,1.2837033247,1.2331930107,1.1789165341,1.1229323976,1.1303097213,0.9248791585
2018-09-14,1.6352888224,1.2837033247,1.2331930107,1.1789165341,1.1229323976,1.1248179702,0.9264565484
2018-09-17,1.6352888224,1.2837033247,1.2331930107,1.1789165341,1.1229323976,1.1090124627,0.9158348846
2018-09-18,1.6352888224,1.2837033247,1.2331930107,1.1789165341,1.1229323976,1.1297775836,0.9342692007
2018-09-19,1.6352888224,1.2837033247,1.2331930107,1.1789165341,1.1229323976,1.1435787118,0.9465711277
2018-09-20,1.6352888224,1.2837033247,1.2331930107,1.1789165341,1.1229323976,1.1419925826,0.9458995940
2018-09-21,1.6352888224,1.2837033247,1.2331930107,1.1789165341,1.1229323976,1.1637019857,0.9745783719
2018-09-25,1.6352888224,1.2837033247,1.2331930107,1.1789165341,1.1229323976,1.1583518443,0.9658084268
2018-09-26,1.6352888224,1.2837033247,1.2331930107,1.1789165341,1.1229323976,1.1657919102,0.9765072455
2018-09-27,1.6352888224,1.2837033247,1.2331930107,1.1789165341,1.1229323976,1.1531647173,0.9726066345
2018-09-28,1.6352888224,1.2837033247,1.2331930107,1.1789165341,1.1229323976,1.1641410762,0.9826882137
2018-10-08,1.6352888224,1.2837033247,1.2331930107,1.1789165341,1.1229323976,1.1225256550,0.9404044475
2018-10-09,1.6352888224,1.2837033247,1.2331930107,1.1789165341,1.1229323976,1.1230628575,0.9397729200
2018-10-10,1.6352888224,1.2837033247,1.2331930107,1.1789165341,1.1229323976,1.1233511516,0.9377468883
2018-10-11,1.6352888224,1.2837033247,1.2331930107,1.1789165341,1.1229323976,1.0538269540,0.8927426960
2018-10-12,1.6352888224,1.2837033247,1.2331930107,1.1789165341,1.1229323976,1.0565247995,0.9060647828
2018-10-15,1.6352888224,1.2837033247,1.2331930107,1.1789165341,1.1229323976,1.0408284441,0.8934113722
2018-10-16,1.6352888224,1.2837033247,1.2331930107,1.1789165341,1.1229323976,1.0225748746,0.8861302317
2018-10-17,1.6352888224,1.2837033247,1.2331930107,1.1789165341,1.1229323976,1.0289675943,0.8910681480
2018-10-18,1.6352888224,1.2837033247,1.2331930107,1.1789165341,1.1229323976,0.9991704527,0.8699619848
2018-10-19,1.6352888224,1.2837033247,1.2331930107,1.1789165341,1.1229323976,1.0228615704,0.8958403241
2018-10-22,1.6352888224,1.2837033247,1.2331930107,1.1789165341,1.1229323976,1.0707308694,0.9345092383
2018-10-23,1.6352888224,1.2837033247,1.2331930107,1.1789165341,1.1229323976,1.0503997391,0.9096939227
2018-10-24,1.6352888224,1.2837033247,1.2331930107,1.1789165341,1.1229323976,1.0495671520,0.9110569934
2018-10-25,1.6352888224,1.2837033247,1.2331930107,1.1789165341,1.1229323976,1.0453068054,0.9128029811
2018-10-26,1.6352888224,1.2837033247,1.2331930107,1.1789165341,1.1229323976,1.0456349744,0.9068963416
2018-10-29,1.6352888224,1.2837033247,1.2331930107,1.1789165341,1.1229323976,1.0228461666,0.8792491539
2018-10-30,1.6352888224,1.2837033247,1.2331930107,1.1789165341,1.1229323976,1.0318020030,0.8887849332
2018-10-31,1.6352888224,1.2837033247,1.2331930107,1.1789165341,1.1229323976,1.0491233232,0.9012325973
2018-11-01,1.6352888224,1.2837033247,1.2331930107,1.1789165341,1.1229323976,1.0558994576,0.9078650648
2018-11-02,1.6352888224,1.2837033247,1.2331930107,1.1789165341,1.1229323976,1.0895970512,0.9402187041
2018-11-05,1.6352888224,1.2837033247,1.2331930107,1.1789165341,1.1229323976,1.0907489263,0.9323860486
2018-11-06,1.6352888224,1.2837033247,1.2331930107,1.1789165341,1.1229323976,1.0880606331,0.9267594530
2018-11-07,1.6352888224,1.2837033247,1.2331930107,1.1789165341,1.1229323976,1.0831012896,0.9206899308
2018-11-08,1.6352888224,1.2837033247,1.2331930107,1.1789165341,1.1229323976,1.0791742051,0.9180780931
2018-11-09,1.6352888224,1.2837033247,1.2331930107,1.1789165341,1.1229323976,1.0726746055,0.9051246355
2018-11-12,1.6352888224,1.2837033247,1.2331930107,1.1789165341,1.1229323976,1.0957524167,0.9158977516
2018-11-13,1.6352888224,1.2837033247,1.2331930107,1.1789165341,1.1229323976,1.1129463385,0.9251106233
2018-11-14,1.6352888224,1.2837033247,1.2331930107,1.1789165341,1.1229323976,1.1084818886,0.9158405998
2018-11-15,1.6352888224,1.2837033247,1.2331930107,1.1789165341,1.1229323976,1.1244833966,0.9265365609
2018-11-16,1.6352888224,1.2837033247,1.2331930107,1.1789165341,1.1229323976,1.1330637889,0.9309086744
2018-11-19,1.6352888224,1.2837033247,1.2331930107,1.1789165341,1.1229323976,1.1393927063,0.9414617560
2018-11-20,1.6352888224,1.2837033247,1.2331930107,1.1789165341,1.1229323976,1.1111238265,0.9196897742
2018-11-21,1.6352888224,1.2837033247,1.2331930107,1.1789165341,1.1229323976,1.1164522363,0.9219987073
2018-11-22,1.6352888224,1.2837033247,1.2331930107,1.1789165341,1.1229323976,1.1144685543,0.9185524532
2018-11-23,1.6352888224,1.2837033247,1.2331930107,1.1789165341,1.1229323976,1.0760543195,0.8982778488
2018-11-26,1.6352888224,1.2837033247,1.2331930107,1.1789165341,1.1229323976,1.0739333656,0.8976377485
2018-11-27,1.6352888224,1.2837033247,1.2331930107,1.1789165341,1.1229323976,1.0774879381,0.8964947123
2018-11-28,1.6352888224,1.2837033247,1.2331930107,1.1789165341,1.1229323976,1.0908438843,0.9084080070
2018-11-29,1.6352888224,1.2837033247,1.2331930107,1.1789165341,1.1229323976,1.0699611198,0.8966118735
2018-11-30,1.6352888224,1.2837033247,1.2331930107,1.1789165341,1.1229323976,1.0782104794,0.9066248705
2018-12-03,1.6352888224,1.2837033247,1.2331930107,1.1789165341,1.1229323976,1.1106454885,0.9318459640
2018-12-04,1.6352888224,1.2837033247,1.2331930107,1.1789165341,1.1229323976,1.1170761794,0.9337776952
2018-12-05,1.6352888224,1.2837033247,1.2331930107,1.1789165341,1.1229323976,1.1104024067,0.9292884206
2018-12-06,1.6352888224,1.2837033247,1.2331930107,1.1789165341,1.1229323976,1.0899241709,0.9091909868
2018-12-07,1.6352888224,1.2837033247,1.2331930107,1.1789165341,1.1229323976,1.0921297585,0.9091595533
2018-12-10,1.6352888224,1.2837033247,1.2331930107,1.1789165341,1.1229323976,1.0800445085,0.8986436204
2018-12-11,1.6352888224,1.2837033247,1.2331930107,1.1789165341,1.1229323976,1.0871631519,0.9029471516
2018-12-12,1.6352888224,1.2837033247,1.2331930107,1.1789165341,1.1229323976,1.0891124662,0.9060304917
2018-12-13,1.6352888224,1.2837033247,1.2331930107,1.1789165341,1.1229323976,1.1028871567,0.9200555457
2018-12-14,1.6352888224,1.2837033247,1.2331930107,1.1789165341,1.1229323976,1.0793063580,0.9046874242
2018-12-17,1.6352888224,1.2837033247,1.2331930107,1.1789165341,1.1229323976,1.0790613836,0.9033414991
2018-12-18,1.6352888224,1.2837033247,1.2331930107,1.1789165341,1.1229323976,1.0709129853,0.8939771751
2018-12-19,1.6352888224,1.2837033247,1.2331930107,1.1789165341,1.1229323976,1.0583625424,0.8833183627
2018-12-20,1.6352888224,1.2837033247,1.2331930107,1.1789165341,1.1229323976,1.0586495563,0.8765430157
2018-12-21,1.6352888224,1.2837033247,1.2331930107,1.1789165341,1.1229323976,1.0489802872,0.8656784567
2018-12-24,1.6352888224,1.2837033247,1.2331930107,1.1789165341,1.1229323976,1.0561575280,0.8681931363
2018-12-25,1.6352888224,1.2837033247,1.2331930107,1.1789165341,1.1229323976,1.0457426550,0.8622150571
2018-12-26,1.6352888224,1.2837033247,1.2331930107,1.1789165341,1.1229323976,1.0427090849,0.8578572316
2018-12-27,1.6352888224,1.2837033247,1.2331930107,1.1789165341,1.1229323976,1.0319555204,0.8545652874
2018-12-28,1.6352888224,1.2837033247,1.2331930107,1.1789165341,1.1229323976,1.0358116844,0.8603204746
2019-01-02,1.6352888224,1.2837033247,1.2331930107,1.1789165341,1.1229323976,1.0281045772,0.8485729202
2019-01-03,1.6352888224,1.2837033247,1.2331930107,1.1789165341,1.1229323976,1.0233481488,0.8472298526
2019-01-04,1.6352888224,1.2837033247,1.2331930107,1.1789165341,1.1229323976,1.0464901518,0.8675273177
2019-01-07,1.6352888224,1.2837033247,1.2331930107,1.1789165341,1.1229323976,1.0634179975,0.8727938570
2019-01-08,1.6352888224,1.2837033247,1.2331930107,1.1789165341,1.1229323976,1.0616941326,0.8709078473
2019-01-09,1.6352888224,1.2837033247,1.2331930107,1.1789165341,1.1229323976,1.0678421615,0.8797035107
2019-01-10,1.6352888224,1.2837033247,1.2331930107,1.1789165341,1.1229323976,1.0663178361,0.8780489659
2019-01-11,1.6352888224,1.2837033247,1.2331930107,1.1789165341,1.1229323976,1.0746537381,0.8843613832
2019-01-14,1.6352888224,1.2837033247,1.2331930107,1.1789165341,1.1229323976,1.0687837982,0.8766458889
2019-01-15,1.6352888224,1.2837033247,1.2331930107,1.1789165341,1.1229323976,1.0827912412,0.8938514411
2019-01-16,1.6352888224,1.2837033247,1.2331930107,1.1789165341,1.1229323976,1.0811781660,0.8940400421
2019-01-17,1.6352888224,1.2837033247,1.2331930107,1.1789165341,1.1229323976,1.0741553742,0.8891164137
2019-01-18,1.6352888224,1.2837033247,1.2331930107,1.1789165341,1.1229323976,1.0858420715,0.9053332397
2019-01-21,1.6352888224,1.2837033247,1.2331930107,1.1789165341,1.1229323976,1.0918171531,0.9103254502
2019-01-22,1.6352888224,1.2837033247,1.2331930107,1.1789165341,1.1229323976,1.0779337436,0.8982321273
2019-01-23,1.6352888224,1.2837033247,1.2331930107,1.1789165341,1.1229323976,1.0790992446,0.8975834543
2019-01-24,1.6352888224,1.2837033247,1.2331930107,1.1789165341,1.1229323976,1.0823873807,0.9026499622
2019-01-25,1.6352888224,1.2837033247,1.2331930107,1.1789165341,1.1229323976,1.0815049077,0.9099911121
2019-01-28,1.6352888224,1.2837033247,1.2331930107,1.1789165341,1.1229323976,1.0776562883,0.9097939384
2019-01-29,1.6352888224,1.2837033247,1.2331930107,1.1789165341,1.1229323976,1.0690628678,0.9127058231
2019-01-30,1.6352888224,1.2837033247,1.2331930107,1.1789165341,1.1229323976,1.0567503244,0.9054218250
2019-01-31,1.6352888224,1.2837033247,1.2331930107,1.1789165341,1.1229323976,1.0502662371,0.9148947374
2019-02-01,1.6352888224,1.2837033247,1.2331930107,1.1789165341,1.1229323976,1.0728843024,0.9279739289
2019-02-11,1.6352888224,1.2837033247,1.2331930107,1.1789165341,1.1229323976,1.0994746871,0.9448537158
2019-02-12,1.6352888224,1.2837033247,1.2331930107,1.1789165341,1.1229323976,1.1109282588,0.9516747843
2019-02-13,1.6352888224,1.2837033247,1.2331930107,1.1789165341,1.1229323976,1.1309100754,0.9707320551
2019-02-14,1.6352888224,1.2837033247,1.2331930107,1.1789165341,1.1229323976,1.1348850049,0.9721922839
2019-02-15,1.6352888224,1.2837033247,1.2331930107,1.1789165341,1.1229323976,1.1253765998,0.9540637299
2019-02-18,1.6352888224,1.2837033247,1.2331930107,1.1789165341,1.1229323976,1.1614067764,0.9846513783
2019-02-19,1.6352888224,1.2837033247,1.2331930107,1.1789165341,1.1229323976,1.1627839218,0.9828996753
2019-02-20,1.6352888224,1.2837033247,1.2331930107,1.1789165341,1.1229323976,1.1673824675,0.9864202268
2019-02-21,1.6352888224,1.2837033247,1.2331930107,1.1789165341,1.1229323976,1.1642350365,0.9837855284
2019-02-22,1.6352888224,1.2837033247,1.2331930107,1.1789165341,1.1229323976,1.1878162519,1.0059061362
2019-02-25,1.6352888224,1.2837033247,1.2331930107,1.1789165341,1.1229323976,1.2492050165,1.0657326503
2019-02-26,1.6352888224,1.2837033247,1.2331930107,1.1789165341,1.1229323976,1.2448580230,1.0529335026
2019-02-27,1.6352888224,1.2837033247,1.2331930107,1.1789165341,1.1229323976,1.2424754040,1.0511332206
2019-02-28,1.6352888224,1.2837033247,1.2331930107,1.1789165341,1.1229323976,1.2441690480,1.0485556740
2019-03-01,1.6352888224,1.2837033247,1.2331930107,1.1789165341,1.1229323976,1.2593763671,1.0715135558
2019-03-04,1.6352888224,1.2837033247,1.2331930107,1.1789165341,1.1229323976,1.2808712328,1.0841983999
2019-03-05,1.6352888224,1.2837033247,1.2331930107,1.1789165341,1.1229323976,1.3055011913,1.0904593806
2019-03-06,1.6336535336,1.2824196214,1.2319598177,1.1777376176,1.1218094652,1.3262260309,1.0996265308
2019-03-07,1.6411283665,1.2882873725,1.2375966884,1.1831263929,1.1269423395,1.3336700014,1.0884133458
2019-03-08,1.5973843919,1.2539483097,1.2046087765,1.1515903767,1.0969038989,1.2771814669,1.0451865748
2019-03-11,1.6603640975,1.3033874402,1.2521026086,1.1969938646,1.1401512757,1.3192052214,1.0658669570
2019-03-12,1.7030754410,1.3369158866,1.2843117997,1.2277854338,1.1694806214,1.3398291131,1.0731252368
2019-03-13,1.6433260602,1.2900125643,1.2392539985,1.1847107599,1.1284514684,1.3179579272,1.0642209849
2019-03-14,1.5933891457,1.2508120376,1.2015959083,1.1487101138,1.0941604133,1.2922977817,1.0568769774
2019-03-15,1.6096305563,1.2635615607,1.2138437716,1.1604189123,1.1053131869,1.3113421275,1.0701676307
2019-03-18,1.6455091240,1.2917262715,1.2409002758,1.1862845797,1.1299505510,1.3455150351,1.1006724089
2019-03-19,1.6485832350,1.2941394517,1.2432185038,1.1885007756,1.1320615046,1.3474498130,1.0955887555
2019-03-20,1.6367186873,1.2848257701,1.2342712909,1.1799473560,1.1239142680,1.3468704198,1.0960116789
2019-03-21,1.6513813389,1.2963359659,1.2453285911,1.1905179916,1.1339829276,1.3568995257,1.0964260295
2019-03-22,1.6410787311,1.2882484088,1.2375592578,1.1830906097,1.1269082556,1.3624836957,1.0955430340
2019-03-25,1.6197409657,1.2714982420,1.2214681656,1.1677077341,1.1122558787,1.3438852153,1.0695475336
2019-03-26,1.5834393921,1.2430014712,1.1940926670,1.1415371123,1.0873280418,1.3154463151,1.0574342076
2019-03-27,1.5865939287,1.2454777855,1.1964715449,1.1438112888,1.0894942226,1.3258900267,1.0697075586
2019-03-28,1.5807307135,1.2408751559,1.1920500165,1.1395843649,1.0854680261,1.3124541400,1.0654240305
2019-03-29,1.6371632096,1.2851747206,1.2346065110,1.1802678221,1.1242195159,1.3533643829,1.1065561877
2019-04-01,1.6973230591,1.3324002612,1.2799738522,1.2236384122,1.1655305327,1.3995561674,1.1355864493
2019-04-02,1.6955996663,1.3310473962,1.2786742188,1.2223959795,1.1643471004,1.4037420790,1.1348320454
2019-04-03,1.7074932957,1.3403839069,1.2876433626,1.2309703648,1.1725143071,1.4202299936,1.1493686081
2019-04-04,1.7157121538,1.3468357186,1.2938413127,1.2368955247,1.1781580942,1.4305864749,1.1608189731
2019-04-08,1.6895617595,1.3263076335,1.2741209531,1.2180431166,1.1602009453,1.4281250063,1.1593901779
2019-04-09,1.6853040830,1.3229653532,1.2709101828,1.2149736617,1.1572772520,1.4319342145,1.1645909926
2019-04-10,1.6744521977,1.3144466126,1.2627266320,1.2071502932,1.1498253980,1.4316639076,1.1675686018
2019-04-11,1.6472920817,1.2931258950,1.2422448279,1.1875699540,1.1311748857,1.4036384398,1.1423446508
2019-04-12,1.6527483343,1.2974090586,1.2463594604,1.1915034894,1.1349216262,1.4012679014,1.1397842497
2019-04-15,1.6380923968,1.2859041334,1.2353072234,1.1809376941,1.1248575771,1.3924044840,1.1360408062
2019-04-16,1.6660204733,1.3078277008,1.2563681567,1.2010716733,1.1440354382,1.4218652761,1.1675514563
2019-04-17,1.6836017357,1.3216290089,1.2696264200,1.2137464012,1.1561082714,1.4306260245,1.1679658069
2019-04-18,1.6774778008,1.3168217141,1.2650082795,1.2093315187,1.1519030419,1.4250233901,1.1636336997
2019-04-19,1.6839164594,1.3218760673,1.2698637573,1.2139732926,1.1563243882,1.4376321891,1.1775015863
2019-04-22,1.6748151909,1.3147315626,1.2630003699,1.2074119832,1.1500746609,1.4154045025,1.1503544768
2019-04-23,1.6437615450,1.2903544202,1.2395824033,1.1850247106,1.1287505103,1.3967768060,1.1484684671
2019-04-24,1.6692786834,1.3103853989,1.2588252162,1.2034205903,1.1462728104,1.4062070310,1.1516346774
2019-04-25,1.6102972260,1.2640848971,1.2143465161,1.1608995296,1.1057709807,1.3593770450,1.1264107263
2019-04-26,1.5885429649,1.2470077809,1.1979413390,1.1452163929,1.0908326015,1.3399752340,1.1113940884
2019-04-29,1.5277416686,1.1992787039,1.1520902743,1.1013833693,1.0490811112,1.3129565513,1.1145545834
2019-04-30,1.5523680129,1.2186104082,1.1706613274,1.1191370554,1.0659917140,1.3231803187,1.1182351600
2019-05-06,1.4360695681,1.1273160153,1.0829591263,1.0352948879,0.9861310254,1.2340485682,1.0529134994
2019-05-07,1.4498583650,1.1381402343,1.0933574410,1.0452355420,0.9955996199,1.2492004945,1.0632151131
2019-05-08,1.4345268992,1.1261050187,1.0817957792,1.0341827431,0.9850716939,1.2387100529,1.0480098742
2019-05-09,1.4205501099,1.1151332254,1.0712556968,1.0241065610,0.9754740074,1.2242880876,1.0286468412
2019-05-10,1.4891713426,1.1690009602,1.1230038794,1.0735771528,1.0225953503,1.2675882922,1.0660098366
2019-05-13,1.4696631671,1.1536870234,1.1082925053,1.0595132698,1.0091993300,1.2546201848,1.0483727882
2019-05-14,1.4624265295,1.1480062558,1.1028352608,1.0542962148,1.0042300214,1.2456756809,1.0416345898
2019-05-15,1.5003417640,1.1777697520,1.1314276425,1.0816301611,1.0302659391,1.2723452477,1.0650496862
2019-05-16,1.4977254364,1.1757159322,1.1294546351,1.0797439917,1.0284693396,1.2817056926,1.0698704413
2019-05-17,1.4579367927,1.1444818080,1.0994494906,1.0510594625,1.0011469752,1.2414761262,1.0426661800
2019-05-20,1.4432339116,1.1329400320,1.0883618528,1.0404598244,0.9910506905,1.2326541945,1.0338162223
2019-05-21,1.4722051084,1.1556824498,1.1102094169,1.0613458125,1.0109448493,1.2537443425,1.0478155580
2019-05-22,1.4769544536,1.1594106904,1.1137909612,1.0647697224,1.0142061653,1.2469267365,1.0428433506
2019-05-23,1.4280776601,1.1210423597,1.0769323223,1.0295333414,0.9806430820,1.2220864860,1.0241489938
2019-05-24,1.4100636160,1.1069013175,1.0633476926,1.0165466114,0.9682730631,1.2154359005,1.0269922963
2019-05-27,1.4584382464,1.1448754496,1.0998276435,1.0514209717,1.0014913172,1.2408956525,1.0393628054
2019-05-28,1.4734806432,1.1566837459,1.1111713147,1.0622653743,1.0118207431,1.2476523716,1.0493815176
2019-05-29,1.4775765050,1.1598990013,1.1142600584,1.0652181733,1.0146333202,1.2479285616,1.0469954296
2019-05-30,1.4717893755,1.1553560990,1.1098959072,1.0610461013,1.0106593707,1.2410518246,1.0405001264
2019-05-31,1.4694308004,1.1535046153,1.1081172745,1.0593457514,1.0090397667,1.2394255039,1.0372453309
2019-06-03,1.4660985816,1.1508888203,1.1056044040,1.0569434799,1.0067515737,1.2292420546,1.0378797160
2019-06-04,1.4435536709,1.1331910433,1.0886029875,1.0406903461,0.9912702652,1.2126489529,1.0282953575
2019-06-05,1.4435536709,1.1331910433,1.0886029875,1.0406903461,0.9912702652,1.2130041492,1.0279067252
2019-06-06,1.4435536709,1.1331910433,1.0886029875,1.0406903461,0.9912702652,1.1909823048,1.0186395593
2019-06-10,1.4435536709,1.1331910433,1.0886029875,1.0406903461,0.9912702652,1.2047147967,1.0318016210
2019-06-11,1.4435536709,1.1331910433,1.0886029875,1.0406903461,0.9912702652,1.2459158498,1.0628179080
2019-06-12,1.4435536709,1.1331910433,1.0886029875,1.0406903461,0.9912702652,1.2385834110,1.0547652181
2019-06-13,1.4435536709,1.1331910433,1.0886029875,1.0406903461,0.9912702652,1.2410629348,1.0531335339
2019-06-14,1.4435536709,1.1331910433,1.0886029875,1.0406903461,0.9912702652,1.2226691555,1.0444150254
2019-06-17,1.4435536709,1.1331910433,1.0886029875,1.0406903461,0.9912702652,1.2217447829,1.0443978798
2019-06-18,1.4435536709,1.1331910433,1.0886029875,1.0406903461,0.9912702652,1.2217552755,1.0480555956
2019-06-19,1.4435536709,1.1331910433,1.0886029875,1.0406903461,0.9912702652,1.2371854670,1.0618634728
2019-06-20,1.4435536709,1.1331910433,1.0886029875,1.0406903461,0.9912702652,1.2617797650,1.0940342263
2019-06-21,1.4435536709,1.1331910433,1.0886029875,1.0406903461,0.9912702652,1.2745707426,1.0955830403
2019-06-24,1.4435536709,1.1331910433,1.0886029875,1.0406903461,0.9912702652,1.2759143961,1.0976776541
2019-06-25,1.4435536709,1.1331910433,1.0886029875,1.0406903461,0.9912702652,1.2640613520,1.0862587226
2019-06-26,1.4435536709,1.1331910433,1.0886029875,1.0406903461,0.9912702652,1.2633493421,1.0842641245
2019-06-27,1.4435536709,1.1331910433,1.0886029875,1.0406903461,0.9912702652,1.2724090697,1.0958345083
2019-06-28,1.4435536709,1.1331910433,1.0886029875,1.0406903461,0.9912702652,1.2622085099,1.0931969523
2019-07-01,1.4435536709,1.1331910433,1.0886029875,1.0406903461,0.9912702652,1.2967213260,1.1246933144
2019-07-02,1.4435536709,1.1331910433,1.0886029875,1.0406903461,0.9912702652,1.2981036397,1.1250819467
2019-07-03,1.4435536709,1.1320578523,1.0886029875,1.0406903461,0.9912702652,1.2858379197,1.1126114219
2019-07-04,1.4435536709,1.1240803945,1.0886029875,1.0406903461,0.9912702652,1.2805137443,1.1067733646
2019-07-05,1.4435536709,1.1323910832,1.0886029875,1.0406903461,0.9912702652,1.2856846598,1.1125171214
2019-07-08,1.4435536709,1.1035404447,1.0886029875,1.0406903461,0.9912702652,1.2481603361,1.0866816460
2019-07-09,1.4435536709,1.1005565201,1.0886029875,1.0406903461,0.9912702652,1.2491103766,1.0839212136
2019-07-10,1.4435536709,1.0957366703,1.0886029875,1.0406903461,0.9912702652,1.2424305012,1.0820952133
2019-07-11,1.4435536709,1.0988244746,1.0886029875,1.0406903461,0.9912702652,1.2413606565,1.0816608595
2019-07-12,1.4435536709,1.1047400653,1.0886029875,1.0406903461,0.9912702652,1.2453625123,1.0883790547
2019-07-15,1.4435536709,1.1058011295,1.0886029875,1.0406903461,0.9912702652,1.2564180491,1.0927968896
2019-07-16,1.4435536709,1.0974086511,1.0886029875,1.0406903461,0.9912702652,1.2554479278,1.0878418277
2019-07-17,1.4435536709,1.0925513195,1.0886029875,1.0406903461,0.9912702652,1.2547360574,1.0872103002
2019-07-18,1.4435536709,1.0862766978,1.0886029875,1.0406903461,0.9912702652,1.2369560313,1.0768543924
2019-07-19,1.4435536709,1.0976365847,1.0886029875,1.0406903461,0.9912702652,1.2458536174,1.0881590203
2019-07-22,1.4435536709,1.0835140451,1.0886029875,1.0406903461,0.9912702652,1.2230030498,1.0806492725
2019-07-23,1.4435536709,1.0841975679,1.0886029875,1.0406903461,0.9912702652,1.2323487191,1.0830010695
2019-07-24,1.4435536709,1.0917257371,1.0886029875,1.0406903461,0.9912702652,1.2443985046,1.0915509802
2019-07-25,1.4435536709,1.0979647431,1.0886029875,1.0406903461,0.9912702652,1.2495442482,1.1004780928
2019-07-26,1.4435536709,1.0974130776,1.0886029875,1.0406903461,0.9912702652,1.2520023794,1.1026212856
2019-07-29,1.4435536709,1.0956203104,1.0886029875,1.0406903461,0.9912702652,1.2517819434,1.1013925217
2019-07-30,1.4435536709,1.1032822381,1.0886029875,1.0406903461,0.9912702652,1.2570627419,1.1059789544
2019-07-31,1.4435536709,1.0933272061,1.0875143846,1.0396496557,0.9902789950,1.2484176996,1.0959888182
2019-08-01,1.4435536709,1.0820217489,1.0762690342,1.0288992466,0.9800390990,1.2403012194,1.0868759622
2019-08-02,1.4435536709,1.0725603407,1.0668579289,1.0199023519,0.9714694469,1.2232834337,1.0708648828
2019-08-05,1.4435536709,1.0585015858,1.0528739193,1.0065338199,0.9587357569,1.2054684822,1.0503616711
2019-08-06,1.4435536709,1.0438144741,1.0382648936,0.9925677808,0.9454329340,1.1805835557,1.0391141951
2019-08-07,1.4435536709,1.0437745547,1.0382251865,0.9925298213,0.9453967771,1.1773898101,1.0348563853
2019-08-08,1.4435536709,1.0564600483,1.0508432359,1.0045925130,0.9568866383,1.1876227646,1.0485328132
2019-08-09,1.4435536709,1.0440648128,1.0385139014,0.9928058290,0.9456596779,1.1738678117,1.0383140697
2019-08-12,1.4435536709,1.0587613826,1.0531323349,1.0067808619,0.9589710674,1.1913277624,1.0570512904
2019-08-13,1.4435536709,1.0545231457,1.0489166311,1.0027507037,0.9551322925,1.1830915276,1.0475212262
2019-08-14,1.4435536709,1.0636935917,1.0580383212,1.0114709212,0.9634384062,1.1894904481,1.0522791143
2019-08-15,1.4435536709,1.0623881629,1.0567398329,1.0102295832,0.9622560166,1.1922104280,1.0555939193
2019-08-16,1.4435536709,1.0744684131,1.0687558568,1.0217167463,0.9731976798,1.1981279258,1.0603203739
2019-08-19,1.4435536709,1.0966156716,1.0907853664,1.0427766720,0.9932575162,1.2291085614,1.0833382652
2019-08-20,1.4435536709,1.1005173392,1.0946662903,1.0464867849,0.9967914440,1.2303302801,1.0823781148
2019-08-21,1.4435536709,1.0948197047,1.0889989480,1.0410688792,0.9916308227,1.2306042143,1.0806721332
2019-08-22,1.4435536709,1.1073520302,1.1014646437,1.0529859227,1.0029819521,1.2347592650,1.0840298020
2019-08-23,1.4435536709,1.1105229508,1.1046187057,1.0560011650,1.0058540073,1.2352966814,1.0918453120
2019-08-26,1.4435536709,1.1004329145,1.0945823145,1.0464065051,0.9967149766,1.2241373660,1.0761428524
2019-08-27,1.4435536709,1.1150506213,1.1091223042,1.0603065469,1.0099549361,1.2441884810,1.0907279941
2019-08-28,1.4421101172,1.1121743721,1.1062613470,1.0575715088,1.0073497789,1.2442187097,1.0866216366
2019-08-29,1.4494979382,1.1178719572,1.1119286401,1.0629893676,1.0125103556,1.2420656645,1.0830810820
2019-08-30,1.4447588386,1.1142171010,1.1082932155,1.0595139488,1.0091999767,1.2341624067,1.0857672171
2019-09-02,1.4725343181,1.1356379176,1.1296001454,1.0798830976,1.0286018398,1.2578899865,1.0996922554
2019-09-03,1.4845167165,1.1448789016,1.1387919985,1.0886703900,1.0369718431,1.2634554602,1.1012039208
2019-09-04,1.4876597837,1.1473028766,1.1412030860,1.0909753585,1.0391673537,1.2734767042,1.1104596563
2019-09-05,1.5079834155,1.1629767299,1.1567936072,1.1058796946,1.0533639159,1.2831863574,1.1216957020
2019-09-06,1.5176831221,1.1704572717,1.1642343777,1.1129929748,1.0601394022,1.2871999336,1.1283224543
2019-09-09,1.5466912666,1.1928287360,1.1864869011,1.1342660987,1.0804023125,1.3060151031,1.1353064054
2019-09-10,1.5343775170,1.1833322096,1.1770408643,1.1252358100,1.0718008522,1.3051143048,1.1313943641
2019-09-11,1.5132129095,1.1670097847,1.1608052198,1.1097147442,1.0570168475,1.2961065028,1.1230616303
2019-09-12,1.5303757056,1.1802459597,1.1739710229,1.1223010814,1.0690054874,1.3050012104,1.1351435228
2019-09-16,1.5331336325,1.1823729094,1.1760866643,1.1243236072,1.0709319679,1.3062053446,1.1309542951
2019-09-17,1.5039721620,1.1598831982,1.1537165227,1.1029380417,1.0505619556,1.2803465366,1.1119513185
2019-09-18,1.5160246596,1.1691782436,1.1629621497,1.1117767413,1.0589809249,1.2827365108,1.1173407341
2019-09-19,1.5365043225,1.1849724301,1.1786723643,1.1267955028,1.0732864787,1.2926804771,1.1214270885
2019-09-20,1.5380767514,1.1861851080,1.1798785948,1.1279486436,1.0743848594,1.2929182711,1.1246475930
2019-09-23,1.5285645740,1.1788491911,1.1725816804,1.1209728879,1.0677403669,1.2795203662,1.1117912935
2019-09-24,1.5377562947,1.1859379676,1.1796327684,1.1277136367,1.0741610124,1.2821127285,1.1147689027
2019-09-25,1.5137689441,1.1674386059,1.1612317611,1.1101225122,1.0574052515,1.2655281890,1.1061675554
2019-09-26,1.4797844925,1.1410008736,1.1349345885,1.0852000134,1.0334593268,1.2413433807,1.0976405055
2019-09-27,1.4797844925,1.1602701660,1.1541014331,1.0852000134,1.0509124509,1.2474168404,1.1009295921
2019-09-30,1.4797844925,1.1458744353,1.1397822393,1.0852000134,1.0378735458,1.2370788393,1.0900364572
2019-10-08,1.4797844925,1.1406752701,1.1346107161,1.0852000134,1.0331644120,1.2416768095,1.0966517792
2019-10-09,1.4797844925,1.1482277307,1.1421230231,1.0852000134,1.0400050386,1.2475622537,1.0982405995
2019-10-10,1.4797844925,1.1692637772,1.1630472286,1.0852000134,1.0590583968,1.2614983158,1.1072134335
2019-10-11,1.4797844925,1.1677520234,1.1615435122,1.0852000134,1.0576891287,1.2667942675,1.1178122366
2019-10-14,1.4797844925,1.1870572413,1.1807460913,1.0852000134,1.0751747924,1.2814036742,1.1296740946
2019-10-15,1.4797844925,1.1649478987,1.1587542961,1.0852000134,1.0551492983,1.2700895551,1.1248190484
2019-10-16,1.4797844925,1.1591280014,1.1529653410,1.0852000134,1.0498779376,1.2644870125,1.1209441557
2019-10-17,1.4797844925,1.1602800492,1.1541112638,1.0852000134,1.0509214027,1.2632301313,1.1216671261
2019-10-18,1.4797844925,1.1462233269,1.1401292760,1.0852000134,1.0381895537,1.2484121746,1.1057103409
2019-10-21,1.4797844925,1.1517888181,1.1456651775,1.0852000134,1.0432304866,1.2473252060,1.1089851396
2019-10-22,1.4797844925,1.1656228347,1.1594256436,1.0852000134,1.0557606202,1.2564137048,1.1132829557
2019-10-23,1.4797844925,1.1615257080,1.1553502998,1.0852000134,1.0520496556,1.2482317455,1.1061961313
2019-10-24,1.4797844925,1.1644284545,1.1582376136,1.0852000134,1.0546788127,1.2462108386,1.1060789701
2019-10-25,1.4797844925,1.1818616160,1.1755780893,1.0852000134,1.0704688649,1.2555429263,1.1135429964
2019-10-28,1.4797844925,1.2134765876,1.2070249756,1.0852000134,1.0991040640,1.2718882606,1.1220586160
2019-10-29,1.4797844925,1.1981590255,1.1917888514,1.0852000134,1.0852302119,1.2601150326,1.1173835980
2019-10-30,1.4797844925,1.1895205875,1.1831963408,1.0852000134,1.0774059635,1.2486102698,1.1119541761
2019-10-31,1.4797844925,1.1699615919,1.1637413332,1.0852000134,1.0596904411,1.2401523061,1.1106739756
2019-11-01,1.4797844925,1.1823577935,1.1760716288,1.0852000134,1.0709182767,1.2548073064,1.1294311994
2019-11-04,1.4797844925,1.1927431301,1.1864017503,1.0852000134,1.0803247751,1.2612301178,1.1367837797
2019-11-05,1.4797844925,1.1986080251,1.1922354639,1.0852000134,1.0856368924,1.2659959694,1.1438391706
2019-11-06,1.4797844925,1.1854957190,1.1791928710,1.0852000134,1.0737604466,1.2572373764,1.1387155109
2019-11-07,1.4797844925,1.1958777985,1.1895197529,1.0852000134,1.0831639950,1.2617947562,1.1407158242
2019-11-08,1.4797844925,1.1965920825,1.1902302393,1.0852000134,1.0838109563,1.2573207102,1.1353235510
2019-11-11,1.4797844925,1.1724055126,1.1661722606,1.0852000134,1.0619040176,1.2295337544,1.1153118449
2019-11-12,1.4797844925,1.1739860560,1.1677444007,1.0852000134,1.0633355917,1.2307728752,1.1155147338
2019-11-13,1.4797844925,1.1804390196,1.1741630563,1.0852000134,1.0691803509,1.2267401174,1.1144545678
2019-11-14,1.4797844925,1.1925767953,1.1862362999,1.0852000134,1.0801741177,1.2307550646,1.1161348310
2019-11-15,1.4797844925,1.1834230768,1.1771312484,1.0852000134,1.0718831550,1.2181412438,1.1079135432
2019-11-18,1.4797844925,1.1896608384,1.1833358460,1.0852000134,1.0775329954,1.2274820562,1.1167263522
2019-11-19,1.4797844925,1.2151105671,1.2086502678,1.0852000134,1.1005840378,1.2461615418,1.1279023885
2019-11-20,1.4797844925,1.2089263454,1.2024989254,1.0852000134,1.0949826910,1.2374504892,1.1167063491
2019-11-21,1.4797844925,1.2047035113,1.1982985426,1.0852000134,1.0911578672,1.2355800987,1.1114883889
2019-11-22,1.4797844925,1.1775668543,1.1713061612,1.0852000134,1.0665788928,1.2276379179,1.1001694730
2019-11-25,1.4797844925,1.1600312171,1.1538637546,1.0852000134,1.0506960235,1.2339120717,1.1082335933
2019-11-26,1.4797844925,1.1667296279,1.1605265524,1.0852000134,1.0567630960,1.2334513767,1.1120741949
2019-11-27,1.4797844925,1.1683341643,1.1621225581,1.0852000134,1.0582164017,1.2304876506,1.1074934774
2019-11-28,1.4797844925,1.1639388353,1.1577505975,1.0852000134,1.0542353411,1.2257116729,1.1036871669
2019-11-29,1.4797844925,1.1597988495,1.1536326224,1.0852000134,1.0504855569,1.2223493584,1.0940770901
2019-12-02,1.4797844925,1.1631550070,1.1569709364,1.0852000134,1.0535253900,1.2249866749,1.0961888495
2019-12-03,1.4797844925,1.1720782132,1.1658467012,1.0852000134,1.0616075667,1.2306741558,1.1004838080
2019-12-04,1.4797844925,1.1770445558,1.1707866396,1.0852000134,1.0661058219,1.2311697881,1.1001208940
2019-12-05,1.4797844925,1.1921063219,1.1857683278,1.0852000134,1.0797479873,1.2417261963,1.1085622162
2019-12-06,1.4797844925,1.2040638580,1.1976622901,1.0852000134,1.0905785025,1.2491346757,1.1151432471
2019-12-09,1.4797844925,1.2059877934,1.1995759966,1.0852000134,1.0923211032,1.2524221819,1.1131600793
2019-12-10,1.4797844925,1.2191503516,1.2126685743,1.0852000134,1.1042430648,1.2556392498,1.1145688714
2019-12-11,1.4797844925,1.2114550698,1.2050142055,1.0852000134,1.0972730782,1.2539823503,1.1152461203
2019-12-12,1.4797844925,1.2104030917,1.2039678204,1.0852000134,1.0963202511,1.2506479225,1.1118941667
2019-12-13,1.4797844925,1.2326249955,1.2260715784,1.0852000134,1.1164476974,1.2677458188,1.1339547651
2019-12-16,1.4797844925,1.2565778572,1.2498970914,1.0852000134,1.1381429553,1.2812513725,1.1394784875
2019-12-17,1.4797844925,1.2701253462,1.2633725534,1.0852000134,1.1504135672,1.2972014707,1.1549809158
2019-12-18,1.4797844925,1.2711567670,1.2643984906,1.0852000134,1.1513477746,1.2959949682,1.1524033692
2019-12-19,1.4797844925,1.2732778961,1.2665083423,1.0852000134,1.1532689831,1.3000903699,1.1507945458
2019-12-20,1.4797844925,1.2567409363,1.2500593036,1.0852000134,1.1382906639,1.2921607349,1.1479655312
2019-12-23,1.4797844925,1.2309597970,1.2244152332,1.0852000134,1.1149394470,1.2712957578,1.1336347150
2019-12-24,1.4797844925,1.2488856869,1.2422458177,1.0852000134,1.1311757870,1.2869165453,1.1410244440
2019-12-25,1.4797844925,1.2575414833,1.2508555943,1.0852000134,1.1390157578,1.2895913689,1.1404272075
2019-12-26,1.4797844925,1.2648390139,1.2581143266,1.0841148133,1.1456254820,1.3002874398,1.1504630653
2019-12-27,1.4797844925,1.2535693412,1.2469045707,1.0744553872,1.1354179978,1.2976696874,1.1493314594
2019-12-30,1.4797844925,1.2653513789,1.2586239676,1.0845539700,1.1460895556,1.3113099339,1.1663626986
2019-12-31,1.4797844925,1.2716774694,1.2649164246,1.0899761687,1.1518193998,1.3183358830,1.1706347964
2020-01-02,1.4797844925,1.3072880679,1.3003376945,1.1204986122,1.1840736302,1.3411534260,1.1865401449
2020-01-03,1.4797844925,1.3066295832,1.2996827108,1.1199342139,1.1834772090,1.3439209148,1.1844598191
2020-01-06,1.4797844925,1.3084350896,1.3014786179,1.1214817438,1.1851125429,1.3492279430,1.1799848324
2020-01-07,1.4797844925,1.3234440771,1.3164078081,1.1343461997,1.1987069042,1.3649113722,1.1888233597
2020-01-08,1.4797844925,1.3067917722,1.2998440374,1.1200732288,1.1836241114,1.3489767146,1.1751326438
2020-01-09,1.4797844925,1.3268079640,1.3197538105,1.1372294438,1.2017537383,1.3660816404,1.1900064022
2020-01-10,1.4797844925,1.3292309764,1.3221639406,1.1393062485,1.2039483770,1.3623244913,1.1896692065
2020-01-13,1.4797844925,1.3399662150,1.3328421039,1.1485076022,1.2136717986,1.3736424405,1.2013281756
2020-01-14,1.4797844925,1.3373417512,1.3302315933,1.1462581301,1.2112946956,1.3717820607,1.1972989731
2020-01-15,1.4797844925,1.3315487266,1.3244693682,1.1412928312,1.2060476748,1.3643931820,1.1906807935
2020-01-16,1.4797844925,1.3243869247,1.3173456430,1.1351543302,1.1995608866,1.3599174728,1.1856257160
2020-01-17,1.4797844925,1.3220418828,1.3150130688,1.1331443553,1.1974368695,1.3576687926,1.1872859761
2020-01-20,1.4797844925,1.3368218800,1.3297144861,1.1458125397,1.2108238232,1.3668737099,1.1961387913
2020-01-21,1.4797844925,1.3122824936,1.3053055667,1.1247794186,1.1885973217,1.3442679146,1.1757013043
2020-01-22,1.4797844925,1.3222659169,1.3152359117,1.1333363787,1.1976397879,1.3479979998,1.1807363787
2020-01-23,1.4797844925,1.2775294036,1.2707372462,1.0949919600,1.1571197778,1.3028110033,1.1441506479
2020-02-03,1.4783047080,1.1678168222,1.1616079665,1.0009554594,1.0577478201,1.1917792308,1.0539822383
2020-02-04,1.5053729526,1.1891999316,1.1828773897,1.0192832825,1.0771155300,1.2057768069,1.0817808783
2020-02-05,1.5371406169,1.2142954431,1.2078394776,1.0407930679,1.0998457408,1.2300384012,1.0940370839
2020-02-06,1.5723175536,1.2420841786,1.2354804705,1.0646112609,1.1250153340,1.2595489662,1.1143974160
2020-02-07,1.5820989817,1.2498112163,1.2431664263,1.0712342350,1.1320140834,1.2682714382,1.1144231343
2020-02-10,1.6215835555,1.2810028571,1.2741922326,1.0979691155,1.1602658516,1.2874623419,1.1190352853
2020-02-11,1.6249008204,1.2836233979,1.2767988409,1.1002152251,1.1626394013,1.2874284098,1.1294512026
2020-02-12,1.6580399561,1.3098023310,1.3028385902,1.1226536295,1.1863509192,1.3036369353,1.1385869193
2020-02-13,1.6554243445,1.3077360756,1.3007833203,1.1208826071,1.1844794123,1.2930729401,1.1315829650
2020-02-14,1.6619759530,1.3129116517,1.3059313798,1.1253186805,1.1891671804,1.2978658893,1.1395299241
2020-02-17,1.7141041502,1.3540913796,1.3468921701,1.1606145186,1.2264656390,1.3341224617,1.1651596531
2020-02-18,1.7328716378,1.3689171375,1.3616391048,1.1733219253,1.2398940404,1.3440665189,1.1594701904
2020-02-19,1.7184545062,1.3575280317,1.3503105508,1.1635601310,1.2295783799,1.3386331788,1.1576984843
2020-02-20,1.7548648088,1.3862910895,1.3789206859,1.1882134321,1.2556304637,1.3637057797,1.1843740914
2020-02-21,1.7841745496,1.4094449144,1.4019514104,1.2080589652,1.2766019957,1.3727480504,1.1857543076
2020-02-24,1.8080852802,1.4283336816,1.4207397529,1.2242488456,1.2937104599,1.3786644422,1.1809964194
2020-02-25,1.8136571887,1.4327353238,1.4251179932,1.2280215673,1.2976972388,1.3768889808,1.1784274456
2020-02-26,1.7672456590,1.3960715936,1.3886491906,1.1965964668,1.2644891363,1.3616928528,1.1639023133
2020-02-27,1.7713199287,1.3992901456,1.3918506308,1.1993551419,1.2674043336,1.3657135557,1.1672914155
2020-02-28,1.6742755836,1.3226279947,1.3155960645,1.1336467217,1.1979677392,1.3065194872,1.1259049328
2020-03-02,1.7432724197,1.3771334464,1.3698117307,1.1803642620,1.2473359463,1.3580389990,1.1629450204
2020-03-03,1.7432724197,1.3771334464,1.3698117307,1.1803642620,1.2473359463,1.3693168383,1.1691431342
2020-03-04,1.7432724197,1.3771334464,1.3698117307,1.1803642620,1.2473359463,1.3811090378,1.1759127660
2020-03-05,1.7432724197,1.3771334464,1.3698117307,1.1803642620,1.2473359463,1.4074599045,1.2021111554
2020-03-06,1.7432724197,1.3771334464,1.3698117307,1.1803642620,1.2473359463,1.3960613123,1.1826166732
2020-03-09,1.7432724197,1.3771334464,1.3698117307,1.1803642620,1.2473359463,1.3479454174,1.1422160592
2020-03-10,1.7432724197,1.3771334464,1.3698117307,1.1803642620,1.2473359463,1.3767837650,1.1666770336
2020-03-11,1.7432724197,1.3771334464,1.3698117307,1.1803642620,1.2473359463,1.3631223312,1.1511603173
2020-03-12,1.7432724197,1.3771334464,1.3698117307,1.1803642620,1.2473359463,1.3358983451,1.1290082760
2020-03-13,1.7432724197,1.3771334464,1.3698117307,1.1803642620,1.2473359463,1.3207962433,1.1131200730
2020-03-16,1.7432724197,1.3771334464,1.3698117307,1.1803642620,1.2473359463,1.2662431838,1.0652640054
2020-03-17,1.7432724197,1.3771334464,1.3698117307,1.1803642620,1.2473359463,1.2603620521,1.0600746211
2020-03-18,1.7432724197,1.3771334464,1.3698117307,1.1803642620,1.2473359463,1.2391417883,1.0390941919
2020-03-19,1.7432724197,1.3771334464,1.3698117307,1.1803642620,1.2473359463,1.2363779165,1.0256149377
2020-03-20,1.7432724197,1.3771334464,1.3698117307,1.1803642620,1.2473359463,1.2553012573,1.0439406654
2020-03-23,1.7432724197,1.3771334464,1.3698117307,1.1803642620,1.2473359463,1.2073815214,1.0088180209
2020-03-24,1.7432724197,1.3771334464,1.3698117307,1.1803642620,1.2473359463,1.2348319465,1.0359079785
2020-03-25,1.7432724197,1.3771334464,1.3698117307,1.1803642620,1.2473359463,1.2653391221,1.0637437673
2020-03-26,1.7432724197,1.3771334464,1.3698117307,1.1803642620,1.2473359463,1.2523304115,1.0567512434
2020-03-27,1.7432724197,1.3771334464,1.3698117307,1.1803642620,1.2473359463,1.2524333254,1.0601832096
2020-03-30,1.7432724197,1.3771334464,1.3698117307,1.1803642620,1.2473359463,1.2325961450,1.0499101718
2020-03-31,1.7432724197,1.3771334464,1.3698117307,1.1803642620,1.2473359463,1.2356444139,1.0533535684
2020-04-01,1.7432724197,1.3771334464,1.3698117307,1.1803642620,1.2473359463,1.2294384893,1.0501873581
2020-04-02,1.7432724197,1.3771334464,1.3698117307,1.1803642620,1.2473359463,1.2526721977,1.0671757335
2020-04-03,1.7432724197,1.3771334464,1.3698117307,1.1803642620,1.2473359463,1.2462751634,1.0610862082
2020-04-07,1.7432724197,1.3771334464,1.3698117307,1.1803642620,1.2473359463,1.2819770605,1.0853185753
2020-04-08,1.7432724197,1.3771334464,1.3698117307,1.1803642620,1.2473359463,1.2822463496,1.0802663554
2020-04-09,1.7432724197,1.3771334464,1.3698117307,1.1803642620,1.2473359463,1.2902513730,1.0838297707
2020-04-10,1.7432724197,1.3771334464,1.3698117307,1.1803642620,1.2473359463,1.2697762406,1.0770772844
2020-04-13,1.7432724197,1.3771334464,1.3698117307,1.1803642620,1.2473359463,1.2629694310,1.0725280004
2020-04-14,1.7432724197,1.3771334464,1.3698117307,1.1803642620,1.2473359463,1.2866086455,1.0932283858
2020-04-15,1.7432724197,1.3771334464,1.3698117307,1.1803642620,1.2473359463,1.2760500944,1.0851299744
2020-04-16,1.7432724197,1.3771334464,1.3698117307,1.1803642620,1.2473359463,1.2801951743,1.0865644848
2020-04-17,1.7432724197,1.3771334464,1.3698117307,1.1803642620,1.2473359463,1.2872372074,1.0971690030
2020-04-20,1.7432724197,1.3771334464,1.3698117307,1.1803642620,1.2473359463,1.2981699542,1.1011610569
2020-04-21,1.7432724197,1.3771334464,1.3698117307,1.1803642620,1.2473359463,1.2885492771,1.0881847386
2020-04-22,1.7432724197,1.3771334464,1.3698117307,1.1803642620,1.2473359463,1.2998311302,1.0971375695
2020-04-23,1.7432724197,1.3771334464,1.3698117307,1.1803642620,1.2473359463,1.2954530885,1.0943857099
2020-04-24,1.7432724197,1.3771334464,1.3698117307,1.1803642620,1.2473359463,1.2792046121,1.0850185284
2020-04-27,1.7432724197,1.3771334464,1.3698117307,1.1803642620,1.2473359463,1.2772120986,1.0923911118
2020-04-28,1.7432724197,1.3771334464,1.3698117307,1.1803642620,1.2473359463,1.2682123458,1.0999294354
2020-04-29,1.7432724197,1.3771334464,1.3698117307,1.1803642620,1.2473359463,1.2694183076,1.1050388072
2020-04-30,1.7432724197,1.3771334464,1.3698117307,1.1803642620,1.2473359463,1.2919140393,1.1180551318
2020-05-06,1.7432724197,1.3771334464,1.3698117307,1.1803642620,1.2473359463,1.3053953824,1.1248190484
2020-05-07,1.7432724197,1.3771334464,1.3698117307,1.1803642620,1.2473359463,1.3036504571,1.1215728256
2020-05-08,1.7432724197,1.3771334464,1.3698117307,1.1803642620,1.2473359463,1.3177084095,1.1326402735
2020-05-11,1.7432724197,1.3771334464,1.3698117307,1.1803642620,1.2473359463,1.3162140479,1.1316572624
2020-05-12,1.7432724197,1.3771334464,1.3698117307,1.1803642620,1.2473359463,1.3161706541,1.1316744079
2020-05-13,1.7432724197,1.3771334464,1.3698117307,1.1803642620,1.2473359463,1.3204608452,1.1339633379
2020-05-14,1.7432724197,1.3771334464,1.3698117307,1.1803642620,1.2473359463,1.3070975093,1.1216671261
2020-05-15,1.7432724197,1.3771334464,1.3698117307,1.1803642620,1.2473359463,1.3069260033,1.1181237139
2020-05-18,1.7432724197,1.3771334464,1.3698117307,1.1803642620,1.2473359463,1.3074442763,1.1210070227
2020-05-19,1.7432724197,1.3771334464,1.3698117307,1.1803642620,1.2473359463,1.3195119981,1.1305342293
2020-05-20,1.7432724197,1.3771334464,1.3698117307,1.1803642620,1.2473359463,1.3085120423,1.1245247166
2020-05-21,1.7432724197,1.3771334464,1.3698117307,1.1803642620,1.2473359463,1.2966133872,1.1184009002
2020-05-22,1.7432724197,1.3771334464,1.3698117307,1.1803642620,1.2473359463,1.2728434500,1.0927597409
2020-05-25,1.7432724197,1.3771334464,1.3698117307,1.1803642620,1.2473359463,1.2727004347,1.0942628335
2020-05-26,1.7432724197,1.3771334464,1.3698117307,1.1803642620,1.2473359463,1.2950303177,1.1066790641
2020-05-27,1.7432724197,1.3771334464,1.3698117307,1.1803642620,1.2473359463,1.2905223097,1.0989178484
2020-05-28,1.7432724197,1.3771334464,1.3698117307,1.1803642620,1.2473359463,1.2887232983,1.1020669131
2020-05-29,1.7432724197,1.3771334464,1.3698117307,1.1803642620,1.2473359463,1.2988331009,1.1050359496
2020-06-01,1.7432724197,1.3771334464,1.3698117307,1.1803642620,1.2473359463,1.3328422053,1.1348463334
2020-06-02,1.7432724197,1.3771334464,1.3698117307,1.1803642620,1.2473359463,1.3342766224,1.1383411665
2020-06-03,1.7432724197,1.3771334464,1.3698117307,1.1803642620,1.2473359463,1.3343382717,1.1383640272
2020-06-04,1.7432724197,1.3771334464,1.3698117307,1.1803642620,1.2473359463,1.3352666636,1.1379468190
2020-06-05,1.7432724197,1.3771334464,1.3698117307,1.1803642620,1.2473359463,1.3369121833,1.1433933865
2020-06-08,1.7432724197,1.3771334464,1.3698117307,1.1803642620,1.2473359463,1.3386036806,1.1493085987
2020-06-09,1.7432724197,1.3771334464,1.3698117307,1.1803642620,1.2473359463,1.3463735995,1.1564754356
2020-06-10,1.7432724197,1.3771334464,1.3698117307,1.1803642620,1.2473359463,1.3448118752,1.1543836794
2020-06-11,1.7432724197,1.3771334464,1.3698117307,1.1803642620,1.2473359463,1.3369185767,1.1418588604
2020-06-12,1.7432724197,1.3771334464,1.3698117307,1.1803642620,1.2473359463,1.3401181364,1.1439163255
2020-06-15,1.7432724197,1.3771334464,1.3698117307,1.1803642620,1.2473359463,1.3316152867,1.1301741729
2020-06-16,1.7432724197,1.3771334464,1.3698117307,1.1803642620,1.2473359463,1.3544611299,1.1471996970
2020-06-17,1.7432724197,1.3771334464,1.3698117307,1.1803642620,1.2473359463,1.3570590219,1.1480626893
2020-06-18,1.7432724197,1.3771334464,1.3698117307,1.1803642620,1.2473359463,1.3619052032,1.1557181741
2020-06-19,1.7432724197,1.3771334464,1.3698117307,1.1803642620,1.2473359463,1.3725433655,1.1712434632
2020-06-22,1.7432724197,1.3771334464,1.3698117307,1.1803642620,1.2473359463,1.3702115353,1.1721978984
2020-06-23,1.7432724197,1.3771334464,1.3698117307,1.1803642620,1.2473359463,1.3704807476,1.1778387820
2020-06-24,1.7432724197,1.3771334464,1.3698117307,1.1803642620,1.2473359463,1.3703230707,1.1827538376
2020-06-29,1.7432724197,1.3771334464,1.3698117307,1.1803642620,1.2473359463,1.3637287031,1.1743896703
2020-06-30,1.7415291473,1.3757563130,1.3684419189,1.1791838978,1.2460886103,1.3845805005,1.1898892410
2020-07-01,1.7723703020,1.4001199094,1.3926759830,1.2000663464,1.2681558905,1.4032339454,1.2138415643
2020-07-02,1.7915392289,1.4152627924,1.4077383568,1.2130455664,1.2818715274,1.4244413284,1.2390055060
2020-07-03,1.8287266078,1.4446397174,1.4369590955,1.2382250234,1.3084796202,1.4474802447,1.2629406837
2020-07-06,1.8978140959,1.4992167816,1.4912459933,1.2850039439,1.3579126902,1.5153421741,1.3345204674
2020-07-07,1.9241107360,1.5199903464,1.5119091127,1.3028093161,1.3767283062,1.5273281783,1.3425331511
2020-07-08,1.9507492713,1.5410339983,1.5328408831,1.3208461844,1.3957885530,1.5579546625,1.3642136900
2020-07-09,2.0007009251,1.5804943215,1.5720914102,1.3546682918,1.4315296642,1.5933167196,1.3832938215
2020-07-10,2.0312979327,1.6046650490,1.5961336307,1.3753854292,1.4534222537,1.5767886244,1.3582498986
2020-07-13,2.0708004397,1.6358708565,1.6271735284,1.4021324522,1.4816868533,1.6195523742,1.3867772243
2020-07-14,2.0520998848,1.6210979734,1.6124791873,1.3894703654,1.4683063431,1.6072661291,1.3735551532
2020-07-15,2.0410957626,1.6124050436,1.6038324746,1.3820195089,1.4604327388,1.5746966536,1.3557752253
2020-07-16,1.9062357572,1.5058696440,1.4978634848,1.2907062243,1.3639385073,1.5027028567,1.2905592956
2020-07-17,1.9404114568,1.5328674318,1.5247177353,1.3138464828,1.3883917013,1.5127672578,1.2986891405
2020-07-20,1.9678160312,1.5545162318,1.5462514366,1.3324020338,1.4080000599,1.5670452962,1.3374380673
2020-07-21,1.9934599181,1.5747741410,1.5664016418,1.3497654288,1.4263486218,1.5696542107,1.3405071194
2020-07-22,2.0238437275,1.5987764482,1.5902763375,1.3703382104,1.4480886650,1.5782958069,1.3471967387
2020-07-23,2.0534205640,1.6221412707,1.6135169378,1.3903645931,1.4692513076,1.5789127575,1.3466223630
2020-07-24,1.9309890455,1.5254240067,1.5173138841,1.3074665978,1.3816498334,1.5105434421,1.2875131042
2020-07-27,1.9273810290,1.5225737807,1.5144788118,1.3050236212,1.3790682468,1.5101882986,1.2940455560
2020-07-28,1.9591226315,1.5476487042,1.5394204210,1.3265157602,1.4017798100,1.5263430827,1.3054216236
2020-07-29,2.0222461943,1.5975144444,1.5890210433,1.3692565256,1.4469456074,1.5618278635,1.3370694381
2020-07-30,2.0176115408,1.5938532057,1.5853792701,1.3661184164,1.4436294477,1.5579224587,1.3305369863
2020-07-31,2.0649134896,1.6312203407,1.6225477377,1.3981464169,1.4774746576,1.5734732641,1.3416530132
2020-08-03,2.1044162163,1.6624263218,1.6535878079,1.4248935886,1.5057394144,1.6093356241,1.3634449981
2020-08-04,2.0731372868,1.6377168963,1.6290097535,1.4037147241,1.4833589003,1.6034336661,1.3647280562
2020-08-05,2.0801141742,1.6432284302,1.6344919845,1.4084387525,1.4883509613,1.6161213666,1.3651024006
2020-08-06,2.0704025734,1.6355565539,1.6268608969,1.4018630582,1.4814021744,1.6146544506,1.3610017583
2020-08-07,2.0435231063,1.6143225731,1.6057398093,1.3836630557,1.4621695374,1.5997404796,1.3453335897
2020-08-10,2.0411846250,1.6124752423,1.6039023001,1.3820796774,1.4604963211,1.6062622149,1.3501743480
2020-08-11,2.0093542229,1.5873301698,1.5788909148,1.3605274124,1.4377212205,1.5839499335,1.3378609906
2020-08-12,1.9941575417,1.5753252429,1.5669498138,1.3502377875,1.4268477813,1.5690953709,1.3281051768
2020-08-13,1.9973662831,1.5778600533,1.5694711474,1.3524104162,1.4291436809,1.5756018192,1.3246960714
2020-08-14,2.0212029725,1.5966903301,1.5882013106,1.3685501634,1.4461991676,1.5907322734,1.3443905849
2020-08-17,2.0634974262,1.6301016926,1.6214350371,1.3971876048,1.4764614443,1.6207699710,1.3759955355
2020-08-18,2.0711536854,1.6361499101,1.6274510983,1.4023716337,1.4819396055,1.6302548643,1.3752897106
2020-08-19,2.0131485426,1.5903275697,1.5818723786,1.3630965344,1.4404361097,1.6059808523,1.3546921985
2020-08-20,1.9939483190,1.5751599632,1.5667854128,1.3500961235,1.4266980795,1.5848604399,1.3371094444
2020-08-21,2.0226731754,1.5978517468,1.5893565524,1.3695456332,1.4472511185,1.5965293250,1.3484512209
2020-08-24,2.0403864736,1.6118447263,1.6032751364,1.3815392516,1.4599252325,1.6078688372,1.3590271633
2020-08-25,2.0394185249,1.6110800757,1.6025145511,1.3808838566,1.4592326517,1.6008848565,1.3607702934
2020-08-26,1.9844928377,1.5676904137,1.5593555761,1.3436938469,1.4199325496,1.5735657869,1.3448192234
2020-08-27,2.0080365741,1.5862892664,1.5778555455,1.3596352366,1.4367784243,1.5846735706,1.3520260666
2020-08-28,2.0614743427,1.6285035168,1.6198453581,1.3958177813,1.4750138996,1.6111296377,1.3842939782
2020-08-31,2.0421429450,1.6132322867,1.6046553196,1.3827285529,1.4611820126,1.6063653509,1.3762784369
2020-09-01,2.0813064993,1.6441703316,1.6354288782,1.4092460721,1.4892040867,1.6170855284,1.3836795962
2020-09-02,2.0858111486,1.6477288708,1.6389684979,1.4122961559,1.4924272267,1.6196137951,1.3841853897
2020-09-03,2.0648144349,1.6311420904,1.6224699034,1.3980793472,1.4774037826,1.6070577944,1.3765299049
2020-09-04,2.0541300002,1.6227017043,1.6140743917,1.3908449501,1.4697589192,1.5990257413,1.3631335208
2020-09-07,1.9997753242,1.5797631243,1.5713641005,1.3540415703,1.4308673837,1.5714687566,1.3343147209
2020-09-08,2.0064830888,1.5850620591,1.5766348628,1.3585833766,1.4356668836,1.5816303258,1.3414644122
2020-09-09,1.9579511608,1.5467232772,1.5384999142,1.3257225611,1.4009416063,1.5450633435,1.3100880689
2020-09-10,1.9266467682,1.5219937365,1.5139018515,1.3045264555,1.3785428729,1.5178782977,1.3093422378
2020-09-11,1.9615949200,1.5496017387,1.5413630720,1.3281897389,1.4035487673,1.5334352982,1.3222871226
2020-09-14,1.9938648835,1.5750940516,1.5667198516,1.3500396295,1.4266383802,1.5488674101,1.3290796151
2020-09-15,2.0164227066,1.5929140620,1.5844451195,1.3653134605,1.4427788201,1.5601499678,1.3397755763
2020-09-16,1.9967491408,1.5773725292,1.5689862154,1.3519925511,1.4287021069,1.5503728944,1.3308827547
2020-09-17,1.9977743037,1.5781823775,1.5697917580,1.3526866856,1.4294356254,1.5496275769,1.3238387942
2020-09-18,2.0419977089,1.6131175544,1.6045411973,1.3826302140,1.4610780941,1.5752503724,1.3536663235
2020-09-21,2.0363131722,1.6086269392,1.6000744571,1.3787812321,1.4570107281,1.5691658776,1.3406185655
2020-09-22,2.0030462030,1.5823470214,1.5739342600,1.3562562720,1.4332077435,1.5455062162,1.3247103593
2020-09-23,2.0254439706,1.6000405927,1.5915337611,1.3714217299,1.4492336614,1.5524550372,1.3294453867
2020-09-24,1.9680640704,1.5547121754,1.5464463384,1.3325699803,1.4081775354,1.5155940373,1.3039385342
2020-09-25,1.9754223218,1.5605249755,1.5522282339,1.3375522291,1.4134424678,1.5126891133,1.3059245596
2020-09-28,1.9776896766,1.5623161185,1.5540098540,1.3390874479,1.4150647921,1.5037931178,1.3093222346
2020-09-29,2.0008026127,1.5805746517,1.5721713133,1.3547371441,1.4316024231,1.5130205887,1.3121483916
2020-09-30,2.0065398018,1.5851068607,1.5766794262,1.3586217768,1.4357074626,1.5092099856,1.3108910518
2020-10-09,2.0329484575,1.6059689145,1.5974305641,1.3765029943,1.4546032274,1.5433940379,1.3376781049
2020-10-12,2.1036879662,1.6618510258,1.6530155706,1.4244004927,1.5052183412,1.5871315115,1.3782616047
2020-10-13,2.1101241928,1.6669354537,1.6580729665,1.4287584415,1.5098235519,1.5930660438,1.3828451798
2020-10-14,2.0950536436,1.6550301673,1.6462309762,1.4185542201,1.4990403619,1.5832884802,1.3736723144
2020-10-15,2.0725054290,1.6372177474,1.6285132584,1.4032868951,1.4829067971,1.5749535117,1.3712833688
2020-10-16,2.0506311061,1.6199376819,1.6113250646,1.3884758600,1.4672554113,1.5720044667,1.3692659099
2020-10-19,2.0283774056,1.6023579192,1.5938387672,1.3734079495,1.4513325754,1.5628490672,1.3589242900
2020-10-20,2.0511871473,1.6203769379,1.6117619853,1.3888523537,1.4676532666,1.5751432694,1.3697774186
2020-10-21,2.0183989285,1.5944752187,1.5859979760,1.3666515541,1.4441928347,1.5625179478,1.3695945328
2020-10-22,2.0081000079,1.5863393772,1.5779053899,1.3596781874,1.4368238120,1.5548560467,1.3653510110
2020-10-23,1.9771727468,1.5619077593,1.5536036660,1.3387374364,1.4146949215,1.5335869269,1.3483512053
2020-10-26,1.9694844596,1.5558342407,1.5475624381,1.3335317214,1.4091938439,1.5315885495,1.3405642712
2020-10-27,1.9820707160,1.5657770095,1.5574523448,1.3420538359,1.4181994874,1.5339752491,1.3428617740
2020-10-28,2.0068428641,1.5850288843,1.5766018644,1.3585549419,1.4356368356,1.5417805243,1.3537177602
2020-10-29,2.0068428641,1.5940940222,1.5856188062,1.3663248242,1.4438475667,1.5444881628,1.3639050702
2020-10-30,2.0068428641,1.5635705046,1.5552575711,1.3401626034,1.4162009499,1.5143408904,1.3417330257
2020-11-02,2.0068428641,1.5861182716,1.5776854598,1.3594886741,1.4366235461,1.5213815470,1.3490198814
2020-11-03,2.0068428641,1.5971480653,1.5886566121,1.3689424960,1.4466137603,1.5442369455,1.3652309922
2020-11-04,2.0068428641,1.6063391508,1.5977988320,1.3768203301,1.4549385682,1.5494182158,1.3755468938
2020-11-05,2.0068428641,1.6502777991,1.6415038745,1.4144808853,1.4947359136,1.5765504772,1.3959643777
2020-11-06,2.0068428641,1.6332983073,1.6246146565,1.3999274770,1.4793567718,1.5706533806,1.3961386907
2020-11-09,2.0068428641,1.6609110020,1.6520805445,1.4235947825,1.5043669164,1.6000950522,1.4234658283
2020-11-10,2.0068428641,1.6517954164,1.6430134232,1.4157816607,1.4961104925,1.5859237216,1.4156160273
2020-11-11,2.0068428641,1.6275651559,1.6189119861,1.3950134964,1.4741639811,1.5716839178,1.4016195492
2020-11-12,2.0068428641,1.6350817009,1.6263885684,1.4014560537,1.4809720771,1.5761537987,1.4026368514
2020-11-13,2.0068428641,1.6295081826,1.6208446825,1.3966788973,1.4759238738,1.5702459096,1.3878888270
2020-11-16,2.0068428641,1.6496111789,1.6408407985,1.4139095139,1.4941321236,1.5883344673,1.4014109451
2020-11-17,2.0068428641,1.6394074125,1.6306912819,1.4051636940,1.4848900821,1.5802596051,1.3987305252
2020-11-18,2.0068428641,1.6326948074,1.6240143651,1.3994102070,1.4788101529,1.5804121325,1.3978389570
2020-11-19,2.0068428641,1.6377380600,1.6290308047,1.4037328638,1.4833780693,1.5886396417,1.4082177256
2020-11-20,2.0068428641,1.6618046882,1.6529694794,1.4243607760,1.5051763710,1.5993261096,1.4125898390
2020-11-23,2.0068428641,1.6832256572,1.6742765609,1.4427210492,1.5245783721,1.6130111588,1.4302326026
2020-11-24,2.0068428641,1.6800155601,1.6710835307,1.4399696209,1.5216708329,1.6108832324,1.4214483695
2020-11-25,2.0068428641,1.6511086985,1.6423303563,1.4151930631,1.4954884991,1.5863694907,1.4032769517
2020-11-26,2.0068428641,1.6307625434,1.6220923743,1.3977540311,1.4770600086,1.5830875789,1.4058173496
2020-11-27,2.0068428641,1.6381886097,1.6294789590,1.4041190376,1.4837861538,1.5902960192,1.4233000881
2020-11-30,2.0068428641,1.6161295960,1.6075372249,1.3852118855,1.4638062449,1.5847105471,1.4174363124
2020-12-01,2.0068428641,1.6407197396,1.6319966317,1.4062885116,1.4860787197,1.6080033368,1.4479696666
2020-12-02,2.0068428641,1.6430606726,1.6343251188,1.4082949646,1.4881990152,1.6099306316,1.4479810970
2020-12-03,2.0068428641,1.6359905859,1.6272926212,1.4022350743,1.4817952979,1.6040905104,1.4451006458
2020-12-04,2.0068428641,1.6433615603,1.6346244069,1.4085528606,1.4884715438,1.6075590098,1.4476324709
2020-12-07,2.0068428641,1.6411123936,1.6323871982,1.4066250620,1.4864343654,1.6011006963,1.4351476582
2020-12-08,2.0068428641,1.6439599585,1.6352196236,1.4090657578,1.4890135417,1.5972927991,1.4316185339
2020-12-09,2.0068428641,1.6152982909,1.6067103396,1.3844993599,1.4630532919,1.5712130305,1.4124212412
2020-12-10,2.0068428641,1.6270696542,1.6184191189,1.3945887936,1.4737151814,1.5725423853,1.4117982864
2020-12-11,2.0068428641,1.6150275238,1.6064410121,1.3842672809,1.4628080452,1.5526640425,1.3972560085
2020-12-14,2.0068428641,1.6263154596,1.6176689340,1.3939423607,1.4730320711,1.5637642736,1.4101751751
2020-12-15,2.0068428641,1.6367007458,1.6279990054,1.4028437643,1.4824385239,1.5652801589,1.4131070629
2020-12-16,2.0068428641,1.6400202290,1.6313008402,1.4056889493,1.4854451394,1.5591000297,1.4156131697
2020-12-17,2.0068428641,1.6588043084,1.6499850515,1.4217891000,1.5024587829,1.5746488206,1.4337903027
2020-12-18,2.0068428641,1.6727188193,1.6638255841,1.4337154615,1.5150618241,1.5739115834,1.4287866618
2020-12-21,2.0068428641,1.7097396751,1.7006496135,1.4654466603,1.5485933924,1.5928202850,1.4421801883
2020-12-22,2.0068428641,1.6812976111,1.6723587655,1.4410684884,1.5228320481,1.5625161832,1.4187279433
2020-12-23,2.0048360212,1.7044133232,1.6953515798,1.4608813544,1.5437690595,1.5771795017,1.4308298390
2020-12-24,1.9908716975,1.6925415396,1.6835429141,1.4507058488,1.5330162145,1.5634269893,1.4288009497
2020-12-25,2.0034614383,1.7032447202,1.6941891898,1.4598797251,1.5427105995,1.5786797922,1.4407999721
2020-12-28,2.0277605896,1.7239026676,1.7147373065,1.4775859996,1.5614214954,1.5746315481,1.4472009748
2020-12-29,1.9935863052,1.6948493660,1.6858384707,1.4526839257,1.5351065238,1.5679925037,1.4410657280
2020-12-30,2.0278875106,1.7240105697,1.7148446349,1.4776784843,1.5615192274,1.5837317180,1.4612888958
2020-12-31,2.0651743822,1.7557100404,1.7463755711,1.5048486343,1.5902309615,1.6103293165,1.4891732636
2021-01-04,2.1140848931,1.7972913595,1.7877358175,1.5404886830,1.6278931606,1.6383589666,1.5052986466
2021-01-05,2.1424947788,1.8214440519,1.8117600988,1.5611903623,1.6497694148,1.6489701380,1.5340974433
2021-01-06,2.1483770751,1.8264448919,1.8167343512,1.5654766664,1.6542989160,1.6486214958,1.5481482157
2021-01-07,2.1840658456,1.8567857354,1.8469138835,1.5914823142,1.6817800761,1.6508597838,1.5755782266
2021-01-08,2.1710061302,1.8456830054,1.8358701827,1.5819659774,1.6717238000,1.6493184808,1.5703688392
2021-01-11,2.1445502047,1.8231914743,1.8134982308,1.5626881074,1.6513521393,1.6250168679,1.5548606957
2021-01-12,2.1894801125,1.8613886797,1.8514923557,1.5954275753,1.6859491840,1.6543477556,1.5992076422
2021-01-13,2.1769824498,1.8507637795,1.8409239441,1.5863207944,1.6763257012,1.6420500929,1.5939553909
2021-01-14,2.1314841590,1.8120833626,1.8024491769,1.5531671579,1.6412909887,1.6232045213,1.5632334358
2021-01-15,2.1390489516,1.8185145785,1.8088462004,1.5586794613,1.6471160500,1.6275881219,1.5596957388
2021-01-18,2.1563935153,1.8332600764,1.8235133019,1.5713180758,1.6604717561,1.6461904903,1.5769670156
2021-01-19,2.1223237598,1.8042956402,1.7947028590,1.5464921699,1.6342372742,1.6352338687,1.5538205328
2021-01-20,2.1483538146,1.8264251169,1.8167146814,1.5654597170,1.6542810048,1.6456163310,1.5649394173
2021-01-21,2.1858399975,1.8582940324,1.8484141614,1.5927751009,1.6831462131,1.6631537439,1.5902405233
2021-01-22,2.2143627332,1.8825426643,1.8725338722,1.6135590116,1.7051093644,1.6592282729,1.5916150243
2021-01-25,2.2669285310,1.9272315292,1.9169851427,1.6518625901,1.7455862171,1.6590283523,1.6076575372
2021-01-26,2.2025617908,1.8725100814,1.8625546290,1.6049599159,1.6960223720,1.6343940474,1.5753810529
2021-01-27,2.1999466791,1.8702868417,1.8603432093,1.6030543397,1.6940086769,1.6402715508,1.5796760113
2021-01-28,2.1379483836,1.8175789295,1.8079155259,1.5578775008,1.6462685877,1.6051370167,1.5365664015
2021-01-29,2.1193273555,1.8017482441,1.7921690065,1.5443087538,1.6319299751,1.5898263205,1.5293709887
2021-02-01,2.1289794474,1.8099539796,1.8003311151,1.5513420278,1.6393623041,1.6046258269,1.5481425005
2021-02-02,2.1966896412,1.8675178677,1.8575889570,1.6006810055,1.6915006841,1.6242352881,1.5719862354
2021-02-03,2.1956894045,1.8666675155,1.8567431258,1.5999521543,1.6907304792,1.6139107189,1.5674455241
2021-02-04,2.1658527671,1.8413018687,1.8315123389,1.5782108314,1.6677555939,1.5948424536,1.5642307348
2021-02-05,2.1555173394,1.8325151947,1.8227723804,1.5706796251,1.6597970809,1.5842795371,1.5669340154
2021-02-08,2.1984601332,1.8690230532,1.8590861400,1.6019711253,1.6928640030,1.6023929813,1.5901233621
2021-02-09,2.2734816992,1.9328027116,1.9225267052,1.6566377443,1.7506323048,1.6335677981,1.6248973805
2021-02-10,2.3340534383,1.9842978354,1.9737480482,1.7007750819,1.7972739132,1.6548977175,1.6596085319
2021-02-18,2.3386354982,1.9881932781,1.9776227803,1.7041139314,1.8008022029,1.6751077928,1.6483667710
2021-02-19,2.3392972610,1.9887558765,1.9781823876,1.7045961440,1.8013117753,1.6964149138,1.6513558107
2021-02-22,2.2720827136,1.9316133627,1.9213436796,1.6556183333,1.7495550542,1.6809784625,1.5994876860
2021-02-23,2.2696359761,1.9295332664,1.9192746424,1.6538354477,1.7476710111,1.6712542971,1.5944411813
2021-02-24,2.1960741585,1.8669946145,1.8570684857,1.6002325163,1.6910267485,1.6465097510,1.5538348207
2021-02-25,2.1891276684,1.8610890491,1.8511943180,1.5951707568,1.6856777941,1.6499383558,1.5629762526
2021-02-26,2.1340877729,1.8142968276,1.8046508737,1.5550643560,1.6432958303,1.6193283282,1.5250274512
2021-03-01,2.1958681356,1.8668194639,1.8568942663,1.6000823918,1.6908681062,1.6530858898,1.5484654082
2021-03-02,2.1561676774,1.8330680802,1.8233223264,1.5711535126,1.6602978559,1.6402753294,1.5287051701
2021-03-03,2.1957150181,1.8666892909,1.8567647854,1.5999708183,1.6907502022,1.6677022531,1.5580183332
2021-03-04,2.0994598201,1.7848578393,1.7753684018,1.5298317035,1.6166315238,1.6358323037,1.5090106566
2021-03-05,2.0879210543,1.7750481461,1.7656108632,1.5214236503,1.6077464133,1.6310471523,1.5038927121
2021-03-08,1.9835351928,1.6863044029,1.6773389381,1.4453598940,1.5273669401,1.5917567056,1.4516616735
2021-03-09,1.9520406640,1.6595292981,1.6507061867,1.4224105009,1.5031154409,1.5601667917,1.4205082222
2021-03-10,1.9860753056,1.6884638823,1.6794869363,1.4472108201,1.5293228843,1.5578971654,1.4298268247
2021-03-11,2.0512894798,1.7439057769,1.7346340665,1.4947310014,1.5795392728,1.5925651182,1.4654352596
2021-03-12,2.0628674596,1.7537488079,1.7444247657,1.5031676289,1.5884545790,1.5995305747,1.4706246438
2021-03-15,2.0125698546,1.7109882493,1.7018915494,1.4665168342,1.5497242860,1.5841618413,1.4389511111
2021-03-16,2.0293487228,1.7252528207,1.7160802813,1.4787432385,1.5626443938,1.5965052419,1.4514730725
2021-03-17,2.0526800359,1.7450879596,1.7358099640,1.4957442700,1.5806100324,1.6057532054,1.4576168920
2021-03-18,2.0814930590,1.7695833796,1.7601751508,1.5167397069,1.6027967115,1.6146690935,1.4693072946
2021-03-19,2.0360386830,1.7309402969,1.7217375193,1.4836180702,1.5677958144,1.5916210115,1.4308212662
2021-03-22,2.0559927302,1.7479042498,1.7386112811,1.4981581598,1.5831608819,1.6125600292,1.4451263641
2021-03-23,2.0136713741,1.7119247072,1.7028230285,1.4673194881,1.5505724809,1.5911621341,1.4314385057
2021-03-24,1.9734187316,1.6777038834,1.6687841444,1.4379882439,1.5195770362,1.5678687706,1.4084177569
2021-03-25,1.9789089772,1.6823714211,1.6734268665,1.4419888691,1.5238046495,1.5683180964,1.4077490808
2021-03-26,1.9789089772,1.6823714211,1.6734268665,1.4419888691,1.5238046495,1.5967813384,1.4396512207
2021-03-29,1.9789089772,1.6823714211,1.6734268665,1.4419888691,1.5238046495,1.6013787642,1.4421916187
2021-03-30,1.9789089772,1.6823714211,1.6734268665,1.4419888691,1.5238046495,1.6051086815,1.4558651891
2021-03-31,1.9789089772,1.6823714211,1.6734268665,1.4419888691,1.5238046495,1.5978380573,1.4426145421
2021-04-01,1.9789089772,1.6823714211,1.6734268665,1.4419888691,1.5238046495,1.6124546299,1.4604516218
2021-04-02,1.9789089772,1.6823714211,1.6734268665,1.4419888691,1.5238046495,1.6202998041,1.4749624662
2021-04-06,1.9789089772,1.6823714211,1.6734268665,1.4419888691,1.5238046495,1.6239942153,1.4688986592
2021-04-07,1.9789089772,1.6823714211,1.6734268665,1.4419888691,1.5238046495,1.6280676016,1.4584398781
2021-04-08,1.9789089772,1.6823714211,1.6734268665,1.4419888691,1.5238046495,1.6234179741,1.4608602572
2021-04-09,1.9789089772,1.6823714211,1.6734268665,1.4419888691,1.5238046495,1.6158341389,1.4388939593
2021-04-12,1.9789089772,1.6823714211,1.6734268665,1.4419888691,1.5238046495,1.5915202856,1.4138643244
2021-04-13,1.9789089772,1.6823714211,1.6734268665,1.4419888691,1.5238046495,1.5787583561,1.4115468185
2021-04-14,1.9789089772,1.6823714211,1.6734268665,1.4419888691,1.5238046495,1.5998875820,1.4232600818
2021-04-15,1.9789089772,1.6823714211,1.6734268665,1.4419888691,1.5238046495,1.5932127707,1.4142129504
2021-04-16,1.9789089772,1.6823714211,1.6734268665,1.4419888691,1.5238046495,1.6073281419,1.4191308636
2021-04-19,1.9789089772,1.6823714211,1.6734268665,1.4419888691,1.5238046495,1.6335900636,1.4536619868
2021-04-20,1.9789089772,1.6823714211,1.6734268665,1.4419888691,1.5238046495,1.6309759542,1.4526189663
2021-04-21,1.9789089772,1.6823714211,1.6734268665,1.4419888691,1.5238046495,1.6264911526,1.4570139404
2021-04-22,1.9789089772,1.6823714211,1.6734268665,1.4419888691,1.5238046495,1.6297375172,1.4542963719
2021-04-23,1.9789089772,1.6823714211,1.6734268665,1.4419888691,1.5238046495,1.6300553407,1.4675012975
2021-04-26,1.9789089772,1.6823714211,1.6734268665,1.4419888691,1.5238046495,1.6180229226,1.4508672633
2021-04-27,1.9789089772,1.6823714211,1.6734268665,1.4419888691,1.5238046495,1.6143818286,1.4546621435
2021-04-28,1.9789089772,1.6823714211,1.6734268665,1.4419888691,1.5238046495,1.6242883735,1.4628691433
2021-04-29,1.9789089772,1.6823714211,1.6734268665,1.4419888691,1.5238046495,1.6287784279,1.4757082973
2021-04-30,1.9789089772,1.6823714211,1.6734268665,1.4419888691,1.5238046495,1.6163590867,1.4640836193
2021-05-06,1.9789089772,1.6823714211,1.6734268665,1.4419888691,1.5238046495,1.6161309254,1.4462608275
2021-05-07,1.9789089772,1.6823714211,1.6734268665,1.4419888691,1.5238046495,1.6048108116,1.4276664863
2021-05-10,1.9789089772,1.6823714211,1.6734268665,1.4419888691,1.5238046495,1.6134741449,1.4266291810
2021-05-11,1.9789089772,1.6823714211,1.6734268665,1.4419888691,1.5238046495,1.6136356006,1.4353848382
2021-05-12,1.9789089772,1.6823714211,1.6734268665,1.4419888691,1.5238046495,1.6246972421,1.4415258001
2021-05-13,1.9789089772,1.6823714211,1.6734268665,1.4419888691,1.5238046495,1.6043983892,1.4267863485
2021-05-14,1.9789089772,1.6823714211,1.6734268665,1.4419888691,1.5238046495,1.6288182064,1.4603973276
2021-05-17,1.9789089772,1.6823714211,1.6734268665,1.4419888691,1.5238046495,1.6370052476,1.4816578006
2021-05-18,1.9789089772,1.6823714211,1.6734268665,1.4419888691,1.5238046495,1.6436746484,1.4824036318
2021-05-19,1.9789089772,1.6823714211,1.6734268665,1.4419888691,1.5238046495,1.6409168201,1.4780229456
2021-05-20,1.9789089772,1.6823714211,1.6734268665,1.4419888691,1.5238046495,1.6351134062,1.4820635785
2021-05-21,1.9789089772,1.6823714211,1.6734268665,1.4419888691,1.5238046495,1.6315836262,1.4671298107
2021-05-24,1.9789089772,1.6823714211,1.6734268665,1.4419888691,1.5238046495,1.6370324791,1.4732564847
2021-05-25,1.9789089772,1.6823714211,1.6734268665,1.4419888691,1.5238046495,1.6648326711,1.5198037758
2021-05-26,1.9789089772,1.6806890497,1.6717534396,1.4419888691,1.5222808448,1.6695682776,1.5204067274
2021-05-27,1.9789089772,1.6905224102,1.6815345197,1.4419888691,1.5311873920,1.6786019049,1.5254475170
2021-05-28,1.9789089772,1.6773728657,1.6684548866,1.4419888691,1.5192772176,1.6745802258,1.5205496069
2021-05-31,1.9789089772,1.6896463808,1.6806631479,1.4419888691,1.5303939301,1.6851508407,1.5235443617
2021-06-01,1.9789089772,1.7073387719,1.6982614749,1.4419888691,1.5464187789,1.6911972817,1.5264333857
2021-06-02,1.9789089772,1.6975484012,1.6885231561,1.4419888691,1.5375511697,1.6777421138,1.5116567854
2021-06-03,1.9789089772,1.7034573812,1.6944007202,1.4419888691,1.5429032169,1.6754554380,1.5017466616
2021-06-04,1.9789089772,1.6883218523,1.6793456614,1.4419888691,1.5291942410,1.6756829698,1.5094592983
2021-06-07,1.9789089772,1.6856322951,1.6766704036,1.4419888691,1.5267581797,1.6782719130,1.5081305188
2021-06-08,1.9789089772,1.6788183254,1.6698926613,1.4419888691,1.5205864399,1.6734549306,1.4951256245
2021-06-09,1.9789089772,1.6979729059,1.6889454039,1.4419888691,1.5379356640,1.6764770826,1.4963629612
2021-06-10,1.9789089772,1.7001046267,1.6910657911,1.4419888691,1.5398664660,1.6865761379,1.5063702430
2021-06-11,1.9789089772,1.7059839432,1.6969138494,1.4419888691,1.5451916455,1.6786139657,1.4930052924
2021-06-15,1.9789089772,1.6764462257,1.6675331732,1.4419888691,1.5184379152,1.6586111178,1.4763912614
2021-06-16,1.9789089772,1.6514584143,1.6426782128,1.4419888691,1.4958052535,1.6341371933,1.4517959802
2021-06-17,1.9789089772,1.6515353751,1.6427547644,1.4419888691,1.4958749606,1.6406518883,1.4579112238
2021-06-18,1.9789089772,1.6532238789,1.6444342911,1.4419888691,1.4974043197,1.6487304732,1.4580769641
2021-06-21,1.9789089772,1.6705374322,1.6616557946,1.4419888691,1.5130860370,1.6539727447,1.4546249948
2021-06-22,1.9789089772,1.6866257465,1.6776585731,1.4419888691,1.5276579964,1.6628774594,1.4637035597
2021-06-23,1.9789089772,1.7045572963,1.6954947875,1.4419888691,1.5438994628,1.6772584078,1.4709132605
2021-06-24,1.9789089772,1.6960456916,1.6870284359,1.4419888691,1.5361900934,1.6720339339,1.4733650731
2021-06-25,1.9789089772,1.6960456916,1.6870284359,1.4419888691,1.5361900934,1.6859098902,1.4973688330
2021-06-28,1.9789089772,1.6960456916,1.6870284359,1.4419888691,1.5361900934,1.6903460008,1.5007379322
2021-06-29,1.9789089772,1.6960456916,1.6870284359,1.4419888691,1.5361900934,1.6740958238,1.4832437634
2021-06-30,1.9789089772,1.6960456916,1.6870284359,1.4419888691,1.5361900934,1.6821378373,1.4928166914
2021-07-01,1.9789089772,1.6960456916,1.6870284359,1.4419888691,1.5361900934,1.6687876275,1.4944226573
2021-07-02,1.9789089772,1.6960456916,1.6870284359,1.4419888691,1.5361900934,1.6441801580,1.4519760084
2021-07-05,1.9789089772,1.6960456916,1.6870284359,1.4419888691,1.5361900934,1.6532508508,1.4533105032
2021-07-06,1.9789089772,1.6960456916,1.6870284359,1.4419888691,1.5361900934,1.6564864635,1.4525418114
2021-07-07,1.9789089772,1.6960456916,1.6870284359,1.4419888691,1.5361900934,1.6725519256,1.4689415231
2021-07-08,1.9789089772,1.6960456916,1.6870284359,1.4419888691,1.5361900934,1.6605810898,1.4540163280
2021-07-09,1.9789089772,1.6960456916,1.6870284359,1.4419888691,1.5361900934,1.6665489919,1.4486383428
2021-07-12,1.9789089772,1.6960456916,1.6870284359,1.4419888691,1.5361900934,1.6909444711,1.4667183177
2021-07-13,1.9789089772,1.6960456916,1.6870284359,1.4419888691,1.5361900934,1.7045541546,1.4694015951
2021-07-14,1.9789089772,1.6960456916,1.6870284359,1.4419888691,1.5361900934,1.6854781841,1.4525389538
2021-07-15,1.9789089772,1.6960456916,1.6870284359,1.4419888691,1.5361900934,1.6929487175,1.4720762998
2021-07-16,1.9789089772,1.6960456916,1.6870284359,1.4419888691,1.5361900934,1.6840407884,1.4558766194
2021-07-19,1.9789089772,1.6960456916,1.6870284359,1.4419888691,1.5361900934,1.6819215259,1.4612260288
2021-07-20,1.9789089772,1.6960456916,1.6870284359,1.4419888691,1.5361900934,1.6814598592,1.4599401131
2021-07-21,1.9789089772,1.6960456916,1.6870284359,1.4419888691,1.5361900934,1.6953686950,1.4699559677
2021-07-22,1.9789089772,1.6960456916,1.6870284359,1.4419888691,1.5361900934,1.7050354561,1.4721591699
2021-07-23,1.9789089772,1.6960456916,1.6870284359,1.4419888691,1.5361900934,1.6871112523,1.4542935143
2021-07-26,1.9789089772,1.6960456916,1.6870284359,1.4419888691,1.5361900934,1.6509184041,1.4074490338
2021-07-27,1.9789089772,1.6960456916,1.6870284359,1.4419888691,1.5361900934,1.6026207500,1.3577298172
2021-07-28,1.9789089772,1.6960456916,1.6870284359,1.4419888691,1.5361900934,1.5818032471,1.3603502276
2021-07-29,1.9789089772,1.6960456916,1.6870284359,1.4419888691,1.5361900934,1.6164809238,1.3860085325
2021-07-30,1.9789089772,1.6960456916,1.6870284359,1.4419888691,1.5361900934,1.6195643909,1.3748353537
2021-08-02,1.9789089772,1.6960456916,1.6870284359,1.4419888691,1.5361900934,1.6514818242,1.4098608401
2021-08-03,1.9789089772,1.6960456916,1.6870284359,1.4419888691,1.5361900934,1.6472616219,1.4100665866
2021-08-04,1.9789089772,1.6960456916,1.6870284359,1.4419888691,1.5361900934,1.6681137822,1.4227514307
2021-08-05,1.9789089772,1.6960456916,1.6870284359,1.4419888691,1.5361900934,1.6625903781,1.4141272227
2021-08-09,1.9789089772,1.6960456916,1.6870284359,1.4419888691,1.5361900934,1.6843138748,1.4246688739
2021-08-10,1.9789089772,1.6960456916,1.6870284359,1.4419888691,1.5361900934,1.6980772386,1.4411257374
2021-08-11,1.9789089772,1.6960456916,1.6870284359,1.4419888691,1.5361900934,1.7018228492,1.4331787783
2021-08-12,1.9789089772,1.6960456916,1.6870284359,1.4419888691,1.5361900934,1.6985125580,1.4211797560
2021-08-13,1.9789089772,1.6960456916,1.6870284359,1.4419888691,1.5361900934,1.6971272379,1.4133585308
2021-08-16,1.9789089772,1.6960456916,1.6870284359,1.4419888691,1.5361900934,1.6949369121,1.4119554539
2021-08-17,1.9789089772,1.6960456916,1.6870284359,1.4419888691,1.5361900934,1.6599193372,1.3823308135
2021-08-18,1.9789089772,1.6960456916,1.6870284359,1.4419888691,1.5361900934,1.6731392447,1.3985733578
2021-08-19,1.9789089772,1.6960456916,1.6870284359,1.4419888691,1.5361900934,1.6721100756,1.3894004923
2021-08-20,1.9789089772,1.6960456916,1.6870284359,1.4419888691,1.5361900934,1.6591639458,1.3628620497
2021-08-23,1.9789089772,1.6960456916,1.6870284359,1.4419888691,1.5361900934,1.6873373148,1.3818964598
2021-08-24,1.9789089772,1.6960456916,1.6870284359,1.4419888691,1.5361900934,1.7008885063,1.3969016673
2021-08-25,1.9789089772,1.6960456916,1.6870284359,1.4419888691,1.5361900934,1.7126122199,1.3996935332
2021-08-26,1.9789089772,1.6960456916,1.6870284359,1.4419888691,1.5361900934,1.6969738929,1.3721034972
2021-08-27,1.9789089772,1.6960456916,1.6870284359,1.4419888691,1.5361900934,1.7012851980,1.3793703498
2021-08-30,1.9789089772,1.6960456916,1.6870284359,1.4419888691,1.5361900934,1.7036178814,1.3754354477
2021-08-31,1.9789089772,1.6960456916,1.6870284359,1.4419888691,1.5361900934,1.7114252908,1.3732465334
2021-09-01,1.9789089772,1.6960456916,1.6870284359,1.4419888691,1.5361900934,1.7162664370,1.3914922486
2021-09-02,1.9789089772,1.6960456916,1.6870284359,1.4419888691,1.5361900934,1.7301525717,1.3914779606
2021-09-03,1.9789089772,1.6960456916,1.6870284359,1.4419888691,1.5361900934,1.7230158599,1.3839482097
2021-09-06,1.9789089772,1.6960456916,1.6870284359,1.4419888691,1.5361900934,1.7452623912,1.4098579825
2021-09-07,1.9789089772,1.6960456916,1.6870284359,1.4419888691,1.5361900934,1.7712888177,1.4267463422
2021-09-08,1.9789089772,1.6960456916,1.6870284359,1.4419888691,1.5361900934,1.7777030596,1.4208311299
2021-09-09,1.9789089772,1.6960456916,1.6870284359,1.4419888691,1.5361900934,1.7866714185,1.4202253207
2021-09-10,1.9789089772,1.6960456916,1.6870284359,1.4419888691,1.5361900934,1.7854942918,1.4326586969
2021-09-13,1.9789089772,1.6960456916,1.6870284359,1.4419888691,1.5361900934,1.7892141346,1.4264120041
2021-09-14,1.9789089772,1.6960456916,1.6870284359,1.4419888691,1.5361900934,1.7634541449,1.4051229551
2021-09-15,1.9789089772,1.6960456916,1.6870284359,1.4419888691,1.5361900934,1.7593857759,1.3908807242
2021-09-16,1.9789089772,1.6960456916,1.6870284359,1.4419888691,1.5361900934,1.7315316973,1.3738437698
2021-09-17,1.9789089772,1.6960456916,1.6870284359,1.4419888691,1.5361900934,1.7298879619,1.3876287863
2021-09-22,1.9789089772,1.6960456916,1.6870284359,1.4419888691,1.5361900934,1.7319181403,1.3778643996
2021-09-23,1.9789089772,1.6960456916,1.6870284359,1.4419888691,1.5361900934,1.7458333333,1.3868458065
2021-09-24,1.9789089772,1.6960456916,1.6870284359,1.4419888691,1.5361900934,1.7251784392,1.3857684949
2021-09-27,1.9789089772,1.6960456916,1.6870284359,1.4419888691,1.5361900934,1.6946305032,1.3937526026
2021-09-28,1.9789089772,1.6960456916,1.6870284359,1.4419888691,1.5361900934,1.7009778924,1.3955986061
2021-09-29,1.9789089772,1.6960456916,1.6870284359,1.4419888691,1.5361900934,1.6612799941,1.3813392296
2021-09-30,1.9789089772,1.6960456916,1.6870284359,1.4419888691,1.5361900934,1.6883512744,1.3906121107
2021-10-11,1.9789089772,1.6960456916,1.6870284359,1.4419888691,1.5361900934,1.7062482739,1.4105609498
2021-10-12,1.9789089772,1.6960456916,1.6870284359,1.4419888691,1.5361900934,1.6798788484,1.3956014637
2021-10-13,1.9789089772,1.6960456916,1.6870284359,1.4419888691,1.5361900934,1.6893976486,1.4116811252
2021-10-14,1.9789089772,1.6960456916,1.6870284359,1.4419888691,1.5361900934,1.6913505402,1.4041085105
2021-10-15,1.9789089772,1.6960456916,1.6870284359,1.4419888691,1.5361900934,1.6906313214,1.4093950529
2021-10-18,1.9789089772,1.6960456916,1.6870284359,1.4419888691,1.5361900934,1.6960078358,1.3930124867
2021-10-19,1.9789089772,1.6960456916,1.6870284359,1.4419888691,1.5361900934,1.7060515069,1.4067117754
2021-10-20,1.9789089772,1.6960456916,1.6870284359,1.4419888691,1.5361900934,1.7013329153,1.4031283570
2021-10-21,1.9789089772,1.6960456916,1.6870284359,1.4419888691,1.5361900934,1.7004835052,1.4082262984
2021-10-25,1.9789089772,1.6960456916,1.6870284359,1.4419888691,1.5361900934,1.7047376087,1.4229428893
2021-10-26,1.9789089772,1.6960456916,1.6870284359,1.4419888691,1.5361900934,1.6983754175,1.4182507257
2021-10-27,1.9789089772,1.6960456916,1.6870284359,1.4419888691,1.5361900934,1.6758908867,1.3996935332
2021-10-28,1.9789089772,1.6960456916,1.6870284359,1.4419888691,1.5361900934,1.6537307841,1.3899720104
2021-10-29,1.9789089772,1.6960456916,1.6870284359,1.4419888691,1.5361900934,1.6749330550,1.4027254367
2021-11-01,1.9789089772,1.6960456916,1.6870284359,1.4419888691,1.5361900934,1.6773651919,1.3975589131
2021-11-02,1.9789089772,1.6960456916,1.6870284359,1.4419888691,1.5361900934,1.6555320626,1.3830309232
2021-11-03,1.9789089772,1.6960456916,1.6870284359,1.4419888691,1.5361900934,1.6604236390,1.3776757987
2021-11-04,1.9789089772,1.6960456916,1.6870284359,1.4419888691,1.5361900934,1.6763431880,1.3912865021
2021-11-05,1.9789089772,1.6960456916,1.6870284359,1.4419888691,1.5361900934,1.6587015605,1.3837453208
2021-11-08,1.9789089772,1.6960456916,1.6870284359,1.4419888691,1.5361900934,1.6692741160,1.3854112961
2021-11-09,1.9789089772,1.6960456916,1.6870284359,1.4419888691,1.5361900934,1.6775398885,1.3849998030
2021-11-10,1.9789089772,1.6960456916,1.6870284359,1.4419888691,1.5361900934,1.6724320433,1.3776986594
2021-11-11,1.9789089772,1.6960456916,1.6870284359,1.4419888691,1.5361900934,1.6942987825,1.3998335552
2021-11-12,1.9789089772,1.6960456916,1.6870284359,1.4419888691,1.5361900934,1.6976901690,1.3968988097
2021-11-15,1.9789089772,1.6960456916,1.6870284359,1.4419888691,1.5361900934,1.6972529324,1.3951842555
2021-11-16,1.9789089772,1.6960456916,1.6870284359,1.4419888691,1.5361900934,1.6874132254,1.3954528690
2021-11-17,1.9789089772,1.6960456916,1.6870284359,1.4419888691,1.5361900934,1.7004358658,1.3961472634
2021-11-18,1.9789089772,1.6960456916,1.6870284359,1.4419888691,1.5361900934,1.6918275102,1.3823936805
2021-11-19,1.9789089772,1.6960456916,1.6870284359,1.4419888691,1.5361900934,1.7096288543,1.3973788849
2021-11-22,1.9789089772,1.6960456916,1.6870284359,1.4419888691,1.5361900934,1.7216863797,1.4037627420
2021-11-23,1.9789089772,1.6960456916,1.6870284359,1.4419888691,1.5361900934,1.7235464142,1.4040342131
2021-11-24,1.9789089772,1.6960456916,1.6870284359,1.4419888691,1.5361900934,1.7266198616,1.4049800756
2021-11-25,1.9789089772,1.6960456916,1.6870284359,1.4419888691,1.5361900934,1.7173116931,1.3992020277
2021-11-26,1.9789089772,1.6960456916,1.6870284359,1.4419888691,1.5361900934,1.7109537202,1.3888261167
2021-11-29,1.9789089772,1.6960456916,1.6870284359,1.4419888691,1.5361900934,1.7077853110,1.3863371554
2021-11-30,1.9789089772,1.6960456916,1.6870284359,1.4419888691,1.5361900934,1.7112497478,1.3807962874
2021-12-01,1.9789089772,1.6960456916,1.6870284359,1.4419888691,1.5361900934,1.7214408379,1.3841739594
2021-12-02,1.9789089772,1.6960456916,1.6870284359,1.4419888691,1.5361900934,1.7163280503,1.3876916532
2021-12-03,1.9789089772,1.6960456916,1.6870284359,1.4419888691,1.5361900934,1.7313446651,1.4005108041
2021-12-06,1.9789089772,1.6960456916,1.6870284359,1.4419888691,1.5361900934,1.7200327195,1.3981104281
2021-12-07,1.9789089772,1.6960456916,1.6870284359,1.4419888691,1.5361900934,1.7200153217,1.4065346048
2021-12-08,1.9789089772,1.6960456916,1.6870284359,1.4419888691,1.5361900934,1.7389331381,1.4276321952
2021-12-09,1.9789089772,1.6960456916,1.6870284359,1.4419888691,1.5361900934,1.7554177241,1.4512816140
2021-12-10,1.9789089772,1.6960456916,1.6870284359,1.4419888691,1.5361900934,1.7549256436,1.4445462732
2021-12-13,1.9789089772,1.6960456916,1.6870284359,1.4419888691,1.5361900934,1.7549256436,1.4445462732
2021-12-14,1.9789089772,1.6960456916,1.6870284359,1.4419888691,1.5361900934,1.7468666932,1.4348568622
2021-12-15,1.9789089772,1.6960456916,1.6870284359,1.4419888691,1.5361900934,1.7445342717,1.4224112257
2021-12-16,1.9789089772,1.6960456916,1.6870284359,1.4419888691,1.5361900934,1.7623738323,1.4306031823
2021-12-17,1.9789089772,1.6960456916,1.6870284359,1.4419888691,1.5361900934,1.7449701929,1.4078799506
2021-12-20,1.9789089772,1.6960456916,1.6870284359,1.4419888691,1.5361900934,1.7217890593,1.3867564662
2021-12-21,1.9789089772,1.6960456916,1.6870284359,1.4419888691,1.5361900934,1.7461428016,1.3961532059
2021-12-22,1.9789089772,1.6960456916,1.6870284359,1.4419888691,1.5361900934,1.7501715223,1.3964259869
2021-12-23,1.9789089772,1.6960456916,1.6870284359,1.4419888691,1.5361900934,1.7525240211,1.4061693859
2021-12-24,1.9789089772,1.6960456916,1.6870284359,1.4419888691,1.5361900934,1.7340500124,1.3983837594
2021-12-27,1.9789089772,1.6960456916,1.6870284359,1.4419888691,1.5361900934,1.7377634503,1.3978097826
2021-12-28,1.9789089772,1.6960456916,1.6870284359,1.4419888691,1.5361900934,1.7452074460,1.4082209269
2021-12-29,1.9789089772,1.6960456916,1.6870284359,1.4419888691,1.5361900934,1.7353356589,1.3876259559
2021-12-30,1.9789089772,1.6960456916,1.6870284359,1.4419888691,1.5361900934,1.7484502602,1.3984320644
2021-12-31,1.9789089772,1.6960456916,1.6870284359,1.4419888691,1.5361900934,1.7599842085,1.4037910759
2022-01-04,1.9789089772,1.6960456916,1.6870284359,1.4419888691,1.5361900934,1.7700721671,1.3973693548
2022-01-05,1.9789089772,1.6960456916,1.6870284359,1.4419888691,1.5361900934,1.7505899445,1.3832614587
2022-01-06,1.9789089772,1.6960456916,1.6870284359,1.4419888691,1.5361900934,1.7517880708,1.3690853673
2022-01-07,1.9789089772,1.6960456916,1.6870284359,1.4419888691,1.5361900934,1.7401745287,1.3702617356
2022-01-10,1.9789089772,1.6960456916,1.6870284359,1.4419888691,1.5361900934,1.7503953155,1.3764192001
2022-01-11,1.9789089772,1.6960456916,1.6870284359,1.4419888691,1.5361900934,1.7345151836,1.3632717206
2022-01-12,1.9789089772,1.6960456916,1.6870284359,1.4419888691,1.5361900934,1.7498943953,1.3768567864
2022-01-13,1.9789089772,1.6960456916,1.6870284359,1.4419888691,1.5361900934,1.7264716311,1.3542216402
2022-01-14,1.9789089772,1.6960456916,1.6870284359,1.4419888691,1.5361900934,1.7112068594,1.3430859212
2022-01-17,1.9789089772,1.6960456916,1.6870284359,1.4419888691,1.5361900934,1.7284944334,1.3546080801
2022-01-18,1.9789089772,1.6960456916,1.6870284359,1.4419888691,1.5361900934,1.7316317553,1.3676987301
2022-01-19,1.9789089772,1.6960456916,1.6870284359,1.4419888691,1.5361900934,1.7280306265,1.3583304051
2022-01-20,1.9789089772,1.6960456916,1.6870284359,1.4419888691,1.5361900934,1.7144359087,1.3705856632
2022-01-21,1.9789089772,1.6960456916,1.6870284359,1.4419888691,1.5361900934,1.6960272965,1.3580263679
2022-01-24,1.9789089772,1.6960456916,1.6870284359,1.4419888691,1.5361900934,1.6971000374,1.3601375797
2022-01-25,1.9789089772,1.6960456916,1.6870284359,1.4419888691,1.5361900934,1.6412064337,1.3293673063
2022-01-26,1.9789089772,1.6960456916,1.6870284359,1.4419888691,1.5361900934,1.6514150384,1.3389885221
2022-01-27,1.9789089772,1.6960456916,1.6870284359,1.4419888691,1.5361900934,1.6121780625,1.3127248194
2022-01-28,1.9789089772,1.6960456916,1.6870284359,1.4419888691,1.5361900934,1.6116968495,1.2967813339
2022-02-07,1.9789089772,1.6960456916,1.6870284359,1.4419888691,1.5361900934,1.6409148693,1.3167625476
2022-02-08,1.9789089772,1.6960456916,1.6870284359,1.4419888691,1.5361900934,1.6585923841,1.3095679467
2022-02-09,1.9789089772,1.6960456916,1.6870284359,1.4419888691,1.5361900934,1.6795059319,1.3218686683
2022-02-10,1.9789089772,1.6960456916,1.6870284359,1.4419888691,1.5361900934,1.6824801962,1.3184020755
2022-02-11,1.9789089772,1.6960456916,1.6870284359,1.4419888691,1.5361900934,1.6638058719,1.3074737837
2022-02-14,1.9789089772,1.6960456916,1.6870284359,1.4419888691,1.5361900934,1.6515043563,1.2933488387
2022-02-15,1.9789089772,1.6960456916,1.6870284359,1.4419888691,1.5361900934,1.6590894788,1.3071043927
2022-02-16,1.9789089772,1.6960456916,1.6870284359,1.4419888691,1.5361900934,1.6728050419,1.3121877816
2022-02-17,1.9789089772,1.6960456916,1.6870284359,1.4419888691,1.5361900934,1.6724020090,1.3153645446
2022-02-18,1.9789089772,1.6960456916,1.6870284359,1.4419888691,1.5361900934,1.6870351092,1.3216356678
2022-02-21,1.9789089772,1.6960456916,1.6870284359,1.4419888691,1.5361900934,1.6970927541,1.3168250599
2022-02-22,1.9789089772,1.6960456916,1.6870284359,1.4419888691,1.5361900934,1.6767229973,1.2997307793
2022-02-23,1.9789089772,1.6960456916,1.6870284359,1.4419888691,1.5361900934,1.6933709404,1.3136255652
2022-02-24,1.9789089772,1.6960456916,1.6870284359,1.4419888691,1.5361900934,1.6556164310,1.2869924714
2022-02-25,1.9789089772,1.6960456916,1.6870284359,1.4419888691,1.5361900934,1.6681232629,1.2995233520
2022-02-28,1.9789089772,1.6960456916,1.6870284359,1.4419888691,1.5361900934,1.6720085932,1.3018618814
2022-03-01,1.9789089772,1.6960456916,1.6870284359,1.4419888691,1.5361900934,1.6848082533,1.3126708315
2022-03-02,1.9789089772,1.6960456916,1.6870284359,1.4419888691,1.5361900934,1.6818506946,1.3009952332
2022-03-04,1.9789089772,1.6960456916,1.6870284359,1.4419888691,1.5361900934,1.6618724336,1.2776468782
2022-03-07,1.9789089772,1.6960456916,1.6870284359,1.4419888691,1.5361900934,1.6274303173,1.2368291686
2022-03-08,1.9789089772,1.6960456916,1.6870284359,1.4419888691,1.5361900934,1.5791507562,1.2119975665
2022-03-09,1.9789089772,1.6960456916,1.6870284359,1.4419888691,1.5361900934,1.5598810957,1.2009044695
2022-03-10,1.9789089772,1.6960456916,1.6870284359,1.4419888691,1.5361900934,1.5831397807,1.2197974003
2022-03-11,1.9789089772,1.6960456916,1.6870284359,1.4419888691,1.5361900934,1.5885382708,1.2236845306
2022-03-14,1.9789089772,1.6960456916,1.6870284359,1.4419888691,1.5361900934,1.5413296578,1.1862453282
2022-03-15,1.9789089772,1.6960456916,1.6870284359,1.4419888691,1.5361900934,1.4600458264,1.1319874678
2022-03-16,1.9789089772,1.6960456916,1.6870284359,1.4419888691,1.5361900934,1.5117018235,1.1809374632
2022-03-17,1.9789089772,1.6960456916,1.6870284359,1.4419888691,1.5361900934,1.5412764422,1.2041295374
2022-03-18,1.9789089772,1.6960456916,1.6870284359,1.4419888691,1.5361900934,1.5608432827,1.2121424814
2022-03-21,1.9789089772,1.6960456916,1.6870284359,1.4419888691,1.5361900934,1.5692287583,1.2101108307
2022-03-22,1.9789089772,1.6960456916,1.6870284359,1.4419888691,1.5361900934,1.5725956725,1.2091276822
2022-03-24,1.9789089772,1.6960456916,1.6870284359,1.4419888691,1.5361900934,1.5641659931,1.2079967774
2022-03-25,1.9789089772,1.6960456916,1.6870284359,1.4419888691,1.5361900934,1.5501146877,1.1861913403
2022-03-28,1.9789089772,1.6960456916,1.6870284359,1.4419888691,1.5361900934,1.5478100059,1.1787751049
2022-03-29,1.9789089772,1.6960456916,1.6870284359,1.4419888691,1.5361900934,1.5396431626,1.1747032790
2022-03-30,1.9789089772,1.6960456916,1.6870284359,1.4419888691,1.5361900934,1.5717549526,1.2087895474
2022-04-01,1.9789089772,1.6960456916,1.6870284359,1.4419888691,1.5361900934,1.5779924324,1.2150578291
2022-04-06,1.9789089772,1.6960456916,1.6870284359,1.4419888691,1.5361900934,1.5856292557,1.2115571387
2022-04-07,1.9789089772,1.6960456916,1.6870284359,1.4419888691,1.5361900934,1.5573634706,1.1960029345
2022-04-08,1.9789089772,1.6960456916,1.6870284359,1.4419888691,1.5361900934,1.5590800803,1.2021603990
2022-04-11,1.9789089772,1.6960456916,1.6870284359,1.4419888691,1.5361900934,1.5151188795,1.1650223924
2022-04-12,1.9789089772,1.6960456916,1.6870284359,1.4419888691,1.5361900934,1.5425941450,1.1877257338
2022-04-13,1.9789089772,1.6960456916,1.6870284359,1.4419888691,1.5361900934,1.5217166076,1.1762945020
2022-04-15,1.9789089772,1.6960456916,1.6870284359,1.4419888691,1.5361900934,1.5251096931,1.1902205441
2022-04-18,1.9789089772,1.6960456916,1.6870284359,1.4419888691,1.5361900934,1.5236375860,1.1838641768
2022-04-19,1.9789089772,1.6960456916,1.6870284359,1.4419888691,1.5361900934,1.5269642894,1.1749192307
2022-04-20,1.9789089772,1.6960456916,1.6870284359,1.4419888691,1.5361900934,1.5042838780,1.1567025696
2022-04-21,1.9789089772,1.6960456916,1.6870284359,1.4419888691,1.5361900934,1.4582998899,1.1354029141
2022-04-22,1.9789089772,1.6960456916,1.6870284359,1.4419888691,1.5361900934,1.4583535273,1.1403527540
2022-04-25,1.9789089772,1.6960456916,1.6870284359,1.4419888691,1.5361900934,1.3696705038,1.0839950476
2022-04-26,1.9789089772,1.6960456916,1.6870284359,1.4419888691,1.5361900934,1.3421546131,1.0752461630
2022-04-27,1.9789089772,1.6960456916,1.6870284359,1.4419888691,1.5361900934,1.3852783095,1.1069058164
2022-04-28,1.9789089772,1.6960456916,1.6870284359,1.4419888691,1.5361900934,1.3821371762,1.1141714539
2022-04-29,1.9789089772,1.6960456916,1.6870284359,1.4419888691,1.5361900934,1.4284720206,1.1412023534
2022-05-06,1.9789089772,1.6960456916,1.6870284359,1.4419888691,1.5361900934,1.4107643119,1.1106792879
2022-05-10,1.9789089772,1.6960456916,1.6870284359,1.4419888691,1.5361900934,1.4336531370,1.1138191117
2022-05-11,1.9789089772,1.6960456916,1.6870284359,1.4419888691,1.5361900934,1.4430915843,1.1298876218
2022-05-12,1.9789089772,1.6960456916,1.6870284359,1.4419888691,1.5361900934,1.4430846375,1.1248639037
2022-05-13,1.9789089772,1.6960456916,1.6870284359,1.4419888691,1.5361900934,1.4538576516,1.1333485317
2022-05-16,1.9789089772,1.6960456916,1.6870284359,1.4419888691,1.5361900934,1.4574806429,1.1242387804
2022-05-17,1.9789089772,1.6960456916,1.6870284359,1.4419888691,1.5361900934,1.4636518449,1.1382614325
2022-05-18,1.9789089772,1.6960456916,1.6870284359,1.4419888691,1.5361900934,1.4626226421,1.1342890581
2022-05-19,1.9789089772,1.6960456916,1.6870284359,1.4419888691,1.5361900934,1.4681918515,1.1364741482
2022-05-20,1.9789089772,1.6960456916,1.6870284359,1.4419888691,1.5361900934,1.4925715360,1.1586376104
2022-05-23,1.9789089772,1.6960456916,1.6870284359,1.4419888691,1.5361900934,1.4984665096,1.1519260594
2022-05-24,1.9789089772,1.6960456916,1.6870284359,1.4419888691,1.5361900934,1.4496468135,1.1249804040
2022-05-25,1.9789089772,1.6960456916,1.6870284359,1.4419888691,1.5361900934,1.4704988217,1.1318084552
2022-05-26,1.9789089772,1.6960456916,1.6870284359,1.4419888691,1.5361900934,1.4828240606,1.1346101441
2022-05-27,1.9789089772,1.6960456916,1.6870284359,1.4419888691,1.5361900934,1.4845925397,1.1369571980
2022-05-30,1.9789089772,1.6960456916,1.6870284359,1.4419888691,1.5361900934,1.4970106577,1.1448337515
2022-05-31,1.9789089772,1.6960456916,1.6870284359,1.4419888691,1.5361900934,1.5138829989,1.1625929360
2022-06-01,1.9789089772,1.6960456916,1.6870284359,1.4419888691,1.5361900934,1.5146831439,1.1602231504
2022-06-02,1.9789089772,1.6960456916,1.6870284359,1.4419888691,1.5361900934,1.5166141127,1.1620388494
2022-06-06,1.9789089772,1.6960456916,1.6870284359,1.4419888691,1.5361900934,1.5395010030,1.1837817741
2022-06-07,1.9789089772,1.6960456916,1.6870284359,1.4419888691,1.5361900934,1.5398895822,1.1874870504
2022-06-08,1.9789089772,1.6960456916,1.6870284359,1.4419888691,1.5361900934,1.5488624195,1.1990461484
2022-06-09,1.9789089772,1.6960456916,1.6870284359,1.4419888691,1.5361900934,1.5303608131,1.1865039019
2022-06-10,1.9789089772,1.6960456916,1.6870284359,1.4419888691,1.5361900934,1.5521256647,1.2044960869
2022-06-13,1.9789089772,1.6960456916,1.6870284359,1.4419888691,1.5361900934,1.5457556293,1.1903910322
2022-06-14,1.9789089772,1.6960456916,1.6870284359,1.4419888691,1.5361900934,1.5556346291,1.1997565158
2022-06-15,1.9789089772,1.6960456916,1.6870284359,1.4419888691,1.5361900934,1.5603539196,1.2156431718
2022-06-16,1.9789089772,1.6960456916,1.6870284359,1.4419888691,1.5361900934,1.5597177990,1.2076415937
2022-06-17,1.9789089772,1.6960456916,1.6870284359,1.4419888691,1.5361900934,1.5689560709,1.2244005809
2022-06-20,1.9789089772,1.6960456916,1.6870284359,1.4419888691,1.5361900934,1.5790831548,1.2304784842
2022-06-21,1.9789089772,1.6960456916,1.6870284359,1.4419888691,1.5361900934,1.5734149908,1.2290975300
2022-06-22,1.9789089772,1.6960456916,1.6870284359,1.4419888691,1.5361900934,1.5505838739,1.2134836550
2022-06-23,1.9789089772,1.6960456916,1.6870284359,1.4419888691,1.5361900934,1.5769696879,1.2343002607
2022-06-24,1.9789089772,1.6960456916,1.6870284359,1.4419888691,1.5361900934,1.5923707193,1.2487604991
2022-06-27,1.9789089772,1.6960456916,1.6870284359,1.4419888691,1.5361900934,1.6109442025,1.2628229317
2022-06-28,1.9789089772,1.6960456916,1.6870284359,1.4419888691,1.5361900934,1.6291214282,1.2759675697
2022-06-29,1.9789089772,1.6960456916,1.6870284359,1.4419888691,1.5361900934,1.6040282977,1.2563159665
2022-06-30,1.9789089772,1.6960456916,1.6870284359,1.4419888691,1.5361900934,1.6227460592,1.2744019200
2022-07-01,1.9789089772,1.6960456916,1.6870284359,1.4419888691,1.5361900934,1.6185557464,1.2692048722
2022-07-04,1.9789089772,1.6960456916,1.6870284359,1.4419888691,1.5361900934,1.6317627103,1.2775332194
2022-07-05,1.9789089772,1.6960456916,1.6870284359,1.4419888691,1.5361900934,1.6260935475,1.2756891057
2022-07-06,1.9789089772,1.6960456916,1.6870284359,1.4419888691,1.5361900934,1.6005696645,1.2570575901
2022-07-07,1.9789089772,1.6960456916,1.6870284359,1.4419888691,1.5361900934,1.6087756329,1.2625984556
2022-07-08,1.9789089772,1.6960456916,1.6870284359,1.4419888691,1.5361900934,1.6048515893,1.2584243369
2022-07-11,1.9789089772,1.6960456916,1.6870284359,1.4419888691,1.5361900934,1.5843520628,1.2373519990
2022-07-12,1.9789089772,1.6960456916,1.6870284359,1.4419888691,1.5361900934,1.5700021836,1.2257019739
2022-07-13,1.9789089772,1.6960456916,1.6870284359,1.4419888691,1.5361900934,1.5795478272,1.2279296860
2022-07-14,1.9789089772,1.6960456916,1.6870284359,1.4419888691,1.5361900934,1.5804506377,1.2281030157
2022-07-15,1.9789089772,1.6960456916,1.6870284359,1.4419888691,1.5361900934,1.5522373089,1.2072068488
2022-07-18,1.9789089772,1.6960456916,1.6870284359,1.4419888691,1.5361900934,1.5815614980,1.2197263635
2022-07-19,1.9789089772,1.6960456916,1.6870284359,1.4419888691,1.5361900934,1.5870354376,1.2131199469
2022-07-20,1.9789089772,1.6960456916,1.6870284359,1.4419888691,1.5361900934,1.5999296701,1.2172287118
2022-07-21,1.9789089772,1.6960456916,1.6870284359,1.4419888691,1.5361900934,1.5846078880,1.2036635364
2022-07-22,1.9789089772,1.6960456916,1.6870284359,1.4419888691,1.5361900934,1.5807209676,1.2042801352
2022-07-25,1.9789089772,1.6960456916,1.6870284359,1.4419888691,1.5361900934,1.5699783672,1.1970088147
2022-07-26,1.9789089772,1.6960456916,1.6870284359,1.4419888691,1.5361900934,1.5887451065,1.2064822741
2022-07-27,1.9789089772,1.6960456916,1.6870284359,1.4419888691,1.5361900934,1.5906326252,1.2005322370
2022-07-28,1.9789089772,1.6960456916,1.6870284359,1.4419888691,1.5361900934,1.5950924476,1.2007112495
2022-07-29,1.9789089772,1.6960456916,1.6870284359,1.4419888691,1.5361900934,1.5799555708,1.1849212034
2022-08-01,1.9789089772,1.6960456916,1.6870284359,1.4419888691,1.5361900934,1.5846724072,1.1902006538
2022-08-02,1.9789089772,1.6960456916,1.6870284359,1.4419888691,1.5361900934,1.5378787160,1.1669972137
2022-08-03,1.9789089772,1.6960456916,1.6870284359,1.4419888691,1.5361900934,1.5236411682,1.1556199698
2022-08-04,1.9789089772,1.6960456916,1.6870284359,1.4419888691,1.5361900934,1.5348107107,1.1654400884
2022-08-05,1.9789089772,1.6960456916,1.6870284359,1.4419888691,1.5361900934,1.5524233257,1.1811733051
2022-08-08,1.9789089772,1.6960456916,1.6870284359,1.4419888691,1.5361900934,1.5625072220,1.1786614461
2022-08-09,1.9789089772,1.6960456916,1.6870284359,1.4419888691,1.5361900934,1.5671717046,1.1809971340
2022-08-10,1.9789089772,1.6960456916,1.6870284359,1.4419888691,1.5361900934,1.5615531055,1.1677700934
2022-08-11,1.9789089772,1.6960456916,1.6870284359,1.4419888691,1.5361900934,1.5855925820,1.1915816080
2022-08-12,1.9789089772,1.6960456916,1.6870284359,1.4419888691,1.5361900934,1.5871448287,1.1909024968
2022-08-15,1.9789089772,1.6960456916,1.6870284359,1.4419888691,1.5361900934,1.5894219744,1.1893482129
2022-08-16,1.9789089772,1.6960456916,1.6870284359,1.4419888691,1.5361900934,1.5946630134,1.1871205008
2022-08-17,1.9789089772,1.6960456916,1.6870284359,1.4419888691,1.5361900934,1.6028430144,1.1982363296
2022-08-18,1.9789089772,1.6960456916,1.6870284359,1.4419888691,1.5361900934,1.5920891567,1.1877626729
2022-08-19,1.9789089772,1.6960456916,1.6870284359,1.4419888691,1.5361900934,1.5855504937,1.1795138869
2022-08-22,1.9789089772,1.6960456916,1.6870284359,1.4419888691,1.5361900934,1.6007691621,1.1881320640
2022-08-23,1.9789089772,1.6960456916,1.6870284359,1.4419888691,1.5361900934,1.6000452898,1.1823581979
2022-08-24,1.9789089772,1.6960456916,1.6870284359,1.4419888691,1.5361900934,1.5643758904,1.1600071987
2022-08-25,1.9789089772,1.6960456916,1.6870284359,1.4419888691,1.5361900934,1.5745853158,1.1696170486
2022-08-26,1.9789089772,1.6960456916,1.6870284359,1.4419888691,1.5361900934,1.5691197481,1.1671478116
2022-08-29,1.9789089772,1.6960456916,1.6870284359,1.4419888691,1.5361900934,1.5738422011,1.1620246421
2022-08-30,1.9789089772,1.6960456916,1.6870284359,1.4419888691,1.5361900934,1.5688483848,1.1581233044
2022-08-31,1.9789089772,1.6960456916,1.6870284359,1.4419888691,1.5361900934,1.5464289624,1.1589899526
2022-09-01,1.9789089772,1.6960456916,1.6870284359,1.4419888691,1.5361900934,1.5387363198,1.1490163946
2022-09-02,1.9789089772,1.6960456916,1.6870284359,1.4419888691,1.5361900934,1.5442219001,1.1432965165
2022-09-05,1.9789089772,1.6960456916,1.6870284359,1.4419888691,1.5361900934,1.5503048629,1.1409721944
2022-09-06,1.9789089772,1.6960456916,1.6870284359,1.4419888691,1.5361900934,1.5697210067,1.1514430096
2022-09-07,1.9789089772,1.6960456916,1.6870284359,1.4419888691,1.5361900934,1.5705918943,1.1522102063
2022-09-08,1.9789089772,1.6960456916,1.6870284359,1.4419888691,1.5361900934,1.5636237618,1.1472944641
2022-09-09,1.9789089772,1.6960456916,1.6870284359,1.4419888691,1.5361900934,1.5764004104,1.1632379495
2022-09-13,1.9789089772,1.6960456916,1.6870284359,1.4419888691,1.5361900934,1.5796076842,1.1681593747
2022-09-14,1.9789089772,1.6960456916,1.6870284359,1.4419888691,1.5361900934,1.5660758996,1.1551596517
2022-09-15,1.9789089772,1.6960456916,1.6870284359,1.4419888691,1.5361900934,1.5429401237,1.1442938723
2022-09-16,1.9789089772,1.6960456916,1.6870284359,1.4419888691,1.5361900934,1.5047703096,1.1174590341
2022-09-19,1.9789089772,1.6960456916,1.6870284359,1.4419888691,1.5361900934,1.4927451904,1.1161292264
2022-09-20,1.9789089772,1.6960456916,1.6870284359,1.4419888691,1.5361900934,1.5033453982,1.1175044977
2022-09-21,1.9789089772,1.6960456916,1.6870284359,1.4419888691,1.5361900934,1.5021269324,1.1092329799
2022-09-22,1.9789089772,1.6960456916,1.6870284359,1.4419888691,1.5361900934,1.4937741094,1.0994611662
2022-09-23,1.9789089772,1.6960456916,1.6870284359,1.4419888691,1.5361900934,1.4760993737,1.0956763288
2022-09-26,1.9789089772,1.6960456916,1.6870284359,1.4419888691,1.5361900934,1.4567729064,1.0901809268
2022-09-27,1.9789089772,1.6960456916,1.6870284359,1.4419888691,1.5361900934,1.4843359176,1.1059851802
2022-09-28,1.9789089772,1.6960456916,1.6870284359,1.4419888691,1.5361900934,1.4521713815,1.0879162756
2022-09-29,1.9789089772,1.6960456916,1.6870284359,1.4419888691,1.5361900934,1.4464990469,1.0874701649
2022-09-30,1.9789089772,1.6960456916,1.6870284359,1.4419888691,1.5361900934,1.4359963390,1.0811478952
2022-10-10,1.9789089772,1.6960456916,1.6870284359,1.4419888691,1.5361900934,1.4148950090,1.0572937586
2022-10-11,1.9789089772,1.6960456916,1.6870284359,1.4419888691,1.5361900934,1.4200852817,1.0592117505
2022-10-12,1.9789089772,1.6960456916,1.6870284359,1.4419888691,1.5361900934,1.4465888030,1.0753001509
2022-10-13,1.9789089772,1.6960456916,1.6870284359,1.4419888691,1.5361900934,1.4448801175,1.0663097414
2022-10-14,1.9789089772,1.6960456916,1.6870284359,1.4419888691,1.5361900934,1.4722682623,1.0918261376
2022-10-17,1.9789089772,1.6960456916,1.6870284359,1.4419888691,1.5361900934,1.4826113529,1.0929456766
2022-10-18,1.9789089772,1.6960456916,1.6870284359,1.4419888691,1.5361900934,1.4834128953,1.0906327204
2022-10-19,1.9789089772,1.6960456916,1.6870284359,1.4419888691,1.5361900934,1.4654285050,1.0730894876
2022-10-20,1.9789089772,1.6960456916,1.6870284359,1.4419888691,1.5361900934,1.4586431020,1.0669519135
2022-10-21,1.9789089772,1.6960456916,1.6870284359,1.4419888691,1.5361900934,1.4567949207,1.0635307842
2022-10-24,1.9789089772,1.6960456916,1.6870284359,1.4419888691,1.5361900934,1.4269001245,1.0324110100
2022-10-25,1.9789089772,1.6960456916,1.6870284359,1.4419888691,1.5361900934,1.4237330133,1.0307288601
2022-10-26,1.9789089772,1.6960456916,1.6870284359,1.4419888691,1.5361900934,1.4413068082,1.0390969878
2022-10-27,1.9789089772,1.6960456916,1.6870284359,1.4419888691,1.5361900934,1.4371933492,1.0317773623
2022-10-28,1.9789089772,1.6960456916,1.6870284359,1.4419888691,1.5361900934,1.3937541888,1.0062581246
2022-10-31,1.9789089772,1.6960456916,1.6870284359,1.4419888691,1.5361900934,1.3874229065,0.9969864095
2022-11-01,1.9789089772,1.6960456916,1.6870284359,1.4419888691,1.5361900934,1.4278797040,1.0326383276
2022-11-02,1.9789089772,1.6960456916,1.6870284359,1.4419888691,1.5361900934,1.4462866692,1.0450385006
2022-11-03,1.9789089772,1.6960456916,1.6870284359,1.4419888691,1.5361900934,1.4435009785,1.0365396652
2022-11-04,1.9789089772,1.6960456916,1.6870284359,1.4419888691,1.5361900934,1.4805840702,1.0704298722
2022-11-07,1.9789089772,1.6960456916,1.6870284359,1.4419888691,1.5361900934,1.4895631916,1.0727399869
2022-11-08,1.9789089772,1.6960456916,1.6870284359,1.4419888691,1.5361900934,1.4853315316,1.0653606905
2022-11-09,1.9789089772,1.6960456916,1.6870284359,1.4419888691,1.5361900934,1.4815358758,1.0553984984
2022-11-10,1.9789089772,1.6960456916,1.6870284359,1.4419888691,1.5361900934,1.4777819766,1.0472775785
2022-11-11,1.9789089772,1.6960456916,1.6870284359,1.4419888691,1.5361900934,1.5013825430,1.0764736778
2022-11-14,1.9789089772,1.6960456916,1.6870284359,1.4419888691,1.5361900934,1.4954240871,1.0780592178
2022-11-15,1.9789089772,1.6960456916,1.6870284359,1.4419888691,1.5361900934,1.5193078138,1.0985035910
2022-11-16,1.9789089772,1.6960456916,1.6870284359,1.4419888691,1.5361900934,1.5145973432,1.0895302303
2022-11-17,1.9789089772,1.6960456916,1.6870284359,1.4419888691,1.5361900934,1.5128035160,1.0850605987
2022-11-18,1.9789089772,1.6960456916,1.6870284359,1.4419888691,1.5361900934,1.5040609281,1.0802045273
2022-11-21,1.9789089772,1.6960456916,1.6870284359,1.4419888691,1.5361900934,1.4967895853,1.0709868002
2022-11-22,1.9789089772,1.6960456916,1.6870284359,1.4419888691,1.5361900934,1.4915698794,1.0711118248
2022-11-23,1.9789089772,1.6960456916,1.6870284359,1.4419888691,1.5361900934,1.4896007064,1.0722370468
2022-11-24,1.9789089772,1.6960456916,1.6870284359,1.4419888691,1.5361900934,1.4889665120,1.0674861097
2022-11-25,1.9789089772,1.6960456916,1.6870284359,1.4419888691,1.5361900934,1.4913860722,1.0728763774
2022-11-28,1.9789089772,1.6960456916,1.6870284359,1.4419888691,1.5361900934,1.4840580296,1.0607887661
2022-11-29,1.9789089772,1.6960456916,1.6870284359,1.4419888691,1.5361900934,1.5200782654,1.0935168120
2022-11-30,1.9789089772,1.6960456916,1.6870284359,1.4419888691,1.5361900934,1.5211001459,1.0948295709
2022-12-01,1.9789089772,1.6960456916,1.6870284359,1.4419888691,1.5361900934,1.5335895773,1.1066870232
2022-12-02,1.9789089772,1.6960456916,1.6870284359,1.4419888691,1.5361900934,1.5332492152,1.0999186428
2022-12-05,1.9789089772,1.6960456916,1.6870284359,1.4419888691,1.5361900934,1.5569379095,1.1214939209
2022-12-06,1.9789089772,1.6960456916,1.6870284359,1.4419888691,1.5361900934,1.5575983194,1.1275519339
2022-12-07,1.9789089772,1.6960456916,1.6870284359,1.4419888691,1.5361900934,1.5564568040,1.1247786596
2022-12-08,1.9789089772,1.6960456916,1.6870284359,1.4419888691,1.5361900934,1.5532216528,1.1249889284
2022-12-09,1.9789089772,1.6960456916,1.6870284359,1.4419888691,1.5361900934,1.5583715638,1.1360877083
2022-12-12,1.9789089772,1.6960456916,1.6870284359,1.4419888691,1.5361900934,1.5425107236,1.1233579249
2022-12-13,1.9789089772,1.6960456916,1.6870284359,1.4419888691,1.5361900934,1.5442756169,1.1211529445
2022-12-14,1.9789089772,1.6960456916,1.6870284359,1.4419888691,1.5361900934,1.5460294241,1.1237699379
2022-12-15,1.9789089772,1.6960456916,1.6870284359,1.4419888691,1.5361900934,1.5414144566,1.1229459118
2022-12-16,1.9789089772,1.6960456916,1.6870284359,1.4419888691,1.5361900934,1.5362289870,1.1235824010
2022-12-19,1.9789089772,1.6960456916,1.6870284359,1.4419888691,1.5361900934,1.5069601301,1.1062465954
2022-12-20,1.9789089772,1.6960456916,1.6870284359,1.4419888691,1.5361900934,1.4901113086,1.0880043611
2022-12-21,1.9789089772,1.6960456916,1.6870284359,1.4419888691,1.5361900934,1.4875641270,1.0884362645
2022-12-22,1.9789089772,1.6960456916,1.6870284359,1.4419888691,1.5361900934,1.4809100742,1.0899962313
2022-12-23,1.9789089772,1.6960456916,1.6870284359,1.4419888691,1.5361900934,1.4768612652,1.0877770436
2022-12-26,1.9789089772,1.6960456916,1.6870284359,1.4419888691,1.5361900934,1.4899111975,1.0921159675
2022-12-27,1.9789089772,1.6960456916,1.6870284359,1.4419888691,1.5361900934,1.5048809362,1.1047207263
2022-12-28,1.9789089772,1.6960456916,1.6870284359,1.4419888691,1.5361900934,1.4942591782,1.1000067284
2022-12-29,1.9789089772,1.6960456916,1.6870284359,1.4419888691,1.5361900934,1.4852883082,1.0958695488
2022-12-30,1.9789089772,1.6960456916,1.6870284359,1.4419888691,1.5361900934,1.4947221687,1.1001118627
2023-01-03,1.9789089772,1.6960456916,1.6870284359,1.4419888691,1.5361900934,1.5116539081,1.1047349336
2023-01-04,1.9789089772,1.6960456916,1.6870284359,1.4419888691,1.5361900934,1.5177380812,1.1061698758
2023-01-05,1.9789089772,1.6960456916,1.6870284359,1.4419888691,1.5361900934,1.5330946329,1.1276599097
2023-01-06,1.9789089772,1.6960456916,1.6870284359,1.4419888691,1.5361900934,1.5306325358,1.1311577587
2023-01-09,1.9789089772,1.6960456916,1.6870284359,1.4419888691,1.5361900934,1.5394945934,1.1403158149
2023-01-10,1.9789089772,1.6960456916,1.6870284359,1.4419888691,1.5361900934,1.5377601420,1.1415518542
2023-01-11,1.9789089772,1.6960456916,1.6870284359,1.4419888691,1.5361900934,1.5328850341,1.1394378009
2023-01-12,1.9789089772,1.6960456916,1.6870284359,1.4419888691,1.5361900934,1.5307812445,1.1416655130
2023-01-13,1.9789089772,1.6960456916,1.6870284359,1.4419888691,1.5361900934,1.5443078578,1.1577226572
2023-01-16,1.9789089772,1.6960456916,1.6870284359,1.4419888691,1.5361900934,1.5607081065,1.1757887204
2023-01-17,1.9769300682,1.6943496459,1.6853414075,1.4405468802,1.5346539033,1.5577206573,1.1755841346
2023-01-18,1.9676272275,1.6863765441,1.6774106956,1.4337680981,1.5274322818,1.5588104339,1.1736149962
2023-01-19,1.9688512625,1.6874256167,1.6784541907,1.4346600263,1.5283824773,1.5658380433,1.1809175729
2023-01-20,1.9704462824,1.6887926460,1.6798139520,1.4358222834,1.5296206614,1.5798359964,1.1881690031
2023-01-30,1.9838364048,1.7002687976,1.6912290892,1.4455793807,1.5400151635,1.5873137658,1.1938007957
2023-01-31,1.9679104802,1.6866193089,1.6776521698,1.4339744983,1.5276521655,1.5865907638,1.1811590978
2023-02-01,1.9876156647,1.7035078539,1.6944509246,1.4483332470,1.5429489324,1.6047166663,1.1922607192
2023-02-02,1.9953243339,1.7101146535,1.7010225983,1.4539503902,1.5489330284,1.6047035980,1.1880610272
2023-02-03,1.9935024342,1.7085531744,1.6994694209,1.4526228107,1.5475187216,1.5960220084,1.1768315397
2023-02-06,1.9769723470,1.6943858815,1.6853774503,1.4405776879,1.5346867236,1.5844724917,1.1612744941
2023-02-07,1.9843997287,1.7007516005,1.6917093252,1.4459898628,1.5404524613,1.5924553659,1.1633629742
2023-02-08,1.9686129320,1.6872213529,1.6782510130,1.4344863600,1.5281974657,1.5829719359,1.1582227558
2023-02-09,2.0025145728,1.7162771268,1.7071523079,1.4591897643,1.5545146765,1.6020264803,1.1737712770
2023-02-10,2.0181155212,1.7296480912,1.7204521837,1.4705578435,1.5666254016,1.6002642956,1.1667954694
2023-02-13,2.0693684517,1.7735749786,1.7641455279,1.5079047635,1.6064120946,1.6177596824,1.1773827848
2023-02-14,2.0639289301,1.7689129768,1.7595083123,1.5039410998,1.6021894955,1.6183687397,1.1778715176
2023-02-15,2.0642084390,1.7691525330,1.7597465949,1.5041447721,1.6024064731,1.6126950174,1.1717339434
2023-02-16,2.0469019887,1.7543198496,1.7449927714,1.4915339299,1.5889717989,1.5904743076,1.1631527055
2023-02-17,2.0343172579,1.7435339677,1.7342642341,1.4823637044,1.5792025073,1.5801627822,1.1463937182
2023-02-20,2.0766794573,1.7798409563,1.7703781918,1.5132321378,1.6120874918,1.6113935227,1.1745185835
2023-02-21,2.0599488066,1.7655017682,1.7561152399,1.5010408686,1.5990998000,1.6192626407,1.1776044194
2023-02-22,2.0545311274,1.7608584867,1.7514966450,1.4970931210,1.5948941568,1.6143410323,1.1669773234
2023-02-23,2.0285250729,1.7385697119,1.7293263714,1.4781430624,1.5747061422,1.6110460589,1.1660396385
2023-02-24,2.0223510297,1.7332781802,1.7240629729,1.4736441684,1.5699133477,1.6036355427,1.1539349783
2023-02-27,2.0105599011,1.7231724639,1.7140109850,1.4650522239,1.5607601147,1.5939887648,1.1490448093
2023-02-28,2.0325244066,1.7419973847,1.7327358206,1.4810572917,1.5778107503,1.6058661182,1.1563246542
2023-03-01,2.0677503430,1.7721881608,1.7627660833,1.5067256822,1.6051559871,1.6219813003,1.1726574210
2023-03-02,2.0776792509,1.7806978404,1.7712305201,1.5139606661,1.6128636129,1.6212955082,1.1700432690
2023-03-03,2.0691091779,1.7733527651,1.7639244959,1.5077158362,1.6062108252,1.6248053865,1.1736831915
2023-03-06,2.0673131877,1.7718134920,1.7623934066,1.5064071364,1.6048166316,1.6187905536,1.1675626661
2023-03-07,2.0198300498,1.7311175467,1.7219138267,1.4718071840,1.5679563581,1.5920895205,1.1504683855
2023-03-08,2.0324961861,1.7419731981,1.7327117626,1.4810367281,1.5777888433,1.5959624101,1.1462800595
2023-03-09,2.0233986781,1.7341760788,1.7249560977,1.4744075675,1.5707266176,1.5913006149,1.1422281239
2023-03-10,1.9956517550,1.7103952734,1.7013017262,1.4541889751,1.5491871993,1.5659784369,1.1272507381
2023-03-13,2.0285969053,1.7386312766,1.7293876088,1.4781954051,1.5747619043,1.5793585267,1.1390570439
2023-03-14,2.0083094230,1.7212436668,1.7120924427,1.4634123484,1.5590131106,1.5639202185,1.1322403586
2023-03-15,1.9893967860,1.7050343835,1.6959693381,1.4496311122,1.5443315836,1.5715117404,1.1328654819
2023-03-16,1.9831216291,1.6996561913,1.6906197398,1.4450585389,1.5394602964,1.5489111779,1.1192974649
2023-03-17,2.0101551156,1.7228255380,1.7136659036,1.4647572653,1.5604458873,1.5602048552,1.1248866355
2023-03-20,1.9989376352,1.7132114732,1.7041029532,1.4565833260,1.5517379667,1.5515077305,1.1192775746
2023-03-21,2.0410096197,1.7489195257,1.7399695014,1.4872402860,1.5840804660,1.5703883810,1.1315811376
2023-03-22,2.0410096197,1.7783187566,1.7399695014,1.4872402860,1.6107087623,1.5777607801,1.1364286846
2023-03-23,2.0410096197,1.8009377655,1.7399695014,1.4872402860,1.6311958858,1.5826612393,1.1476951113
2023-03-24,2.0410096197,1.8108976171,1.7399695014,1.4872402860,1.6402170020,1.5812461439,1.1442739820
2023-03-27,2.0410096197,1.8183187354,1.7399695014,1.4872402860,1.6469386655,1.5772213009,1.1401339609
2023-03-28,2.0410096197,1.8077668746,1.7399695014,1.4872402860,1.6373813380,1.5713339035,1.1364485749
2023-03-29,2.0410096197,1.7977051266,1.7399695014,1.4872402860,1.6282679293,1.5662811299,1.1383324692
2023-03-30,2.0410096197,1.7779977512,1.7399695014,1.4872402860,1.6104180124,1.5735699850,1.1475359890
2023-03-31,2.0410096197,1.8201071639,1.7399695014,1.4872402860,1.6485585311,1.5841779507,1.1510594112
2023-04-03,2.0410096197,1.8745438513,1.7399695014,1.4872402860,1.6978644551,1.6014160201,1.1623229964
2023-04-04,2.0410096197,1.8782463281,1.7399695014,1.4872402860,1.7012179663,1.5975289983,1.1658861991
2023-04-06,2.0410096197,1.8670220264,1.7399695014,1.4872402860,1.6910515768,1.5938029455,1.1640477683
2023-04-07,2.0410096197,1.8986819716,1.7399695014,1.4872402860,1.7197275108,1.6062285454,1.1716174431
2023-04-10,2.0410096197,1.8542644918,1.7399695014,1.4872402860,1.6794964646,1.5934988875,1.1663692489
2023-04-11,2.0410096197,1.8742783482,1.7399695014,1.4872402860,1.6976239761,1.5979841066,1.1650451241
2023-04-12,2.0410096197,1.9215571715,1.7399695014,1.4872402860,1.7404466786,1.6040945177,1.1642324639
2023-04-13,2.0410096197,1.8924411889,1.7399695014,1.4872402860,1.7140749339,1.5968689564,1.1561882637
2023-04-14,2.0410096197,1.8890904736,1.7399695014,1.4872402860,1.7110400300,1.5998224001,1.1627293265
2023-04-17,2.0410096197,1.8781773711,1.7399695014,1.4872402860,1.7011555086,1.6102095726,1.1790336786
2023-04-18,2.0410096197,1.8886887842,1.7399695014,1.4872402860,1.7106762006,1.6099787946,1.1826281375
2023-04-19,2.0410096197,1.8832553430,1.7382295319,1.4872402860,1.7057548718,1.5990679477,1.1719811512
2023-04-20,2.0410096197,1.9182910358,1.7705671944,1.4872402860,1.7374883825,1.5943713049,1.1687020954
2023-04-21,2.0410096197,1.8309513139,1.6899533338,1.4872402860,1.6583805990,1.5602526227,1.1458424732
2023-04-24,2.0410096197,1.8379468389,1.6964101471,1.4872402860,1.6647167822,1.5490254810,1.1316550159
2023-04-25,2.0410096197,1.8155883655,1.6757734559,1.4872402860,1.6444656382,1.5333998007,1.1259806012
2023-04-26,2.0410096197,1.7875788794,1.6499209256,1.4872402860,1.6190961006,1.5375593829,1.1250031357
2023-04-27,2.0410096197,1.7563411383,1.6210887419,1.4872402860,1.5908025772,1.5413228141,1.1332973852
2023-04-28,2.0410096197,1.8233865515,1.6829711189,1.4872402860,1.6515288301,1.5637395705,1.1448536418
2023-05-04,2.0410096197,1.8208208293,1.6806029779,1.4872402860,1.6492049322,1.5679651826,1.1451832522
2023-05-05,2.0410096197,1.8028380795,1.6640050445,1.4872402860,1.6329170914,1.5584595585,1.1413842075
2023-05-08,2.0410096197,1.8154994681,1.6756914044,1.4872402860,1.6443851197,1.5698773655,1.1543924549
2023-05-09,2.0410096197,1.7867944259,1.6491968813,1.4872402860,1.6183855833,1.5529908951,1.1445098239
2023-05-10,2.0410096197,1.7788099352,1.6418272606,1.4872402860,1.6111536464,1.5492635814,1.1356984270
2023-05-11,2.0410096197,1.7846872209,1.6472519481,1.4872402860,1.6164769865,1.5512989751,1.1339338744
2023-05-12,2.0410096197,1.7518613373,1.6169539216,1.4872402860,1.5867450062,1.5333021594,1.1189025007
2023-05-15,2.0410096197,1.7564023302,1.6211452215,1.4872402860,1.5908580017,1.5464894067,1.1362724038
2023-05-16,2.0410096197,1.7170966923,1.5848664339,1.4872402860,1.5552569964,1.5309584469,1.1303962449
2023-05-17,2.0410096197,1.7257759376,1.5928773075,1.4872402860,1.5631182060,1.5327234379,1.1252702338
2023-05-18,2.0410096197,1.7623814364,1.6266638884,1.4872402860,1.5962735655,1.5347407912,1.1241052313
2023-05-19,2.0410096197,1.7570093859,1.6217055290,1.4872402860,1.5914078412,1.5304195847,1.1208290170
2023-05-22,2.0410096197,1.7436124801,1.6093402927,1.4872402860,1.5792736197,1.5363624670,1.1278730199
2023-05-23,2.0410096197,1.7436124801,1.6093402927,1.4872402860,1.5792736197,1.5181617255,1.1119210101
2023-05-24,2.0410096197,1.7436124801,1.6093402927,1.4872402860,1.5792736197,1.5044905329,1.0965486600
2023-05-25,2.0410096197,1.7436124801,1.6093402927,1.4872402860,1.5792736197,1.4997346254,1.0941078376
2023-05-26,2.0410096197,1.7436124801,1.6093402927,1.4872402860,1.5792736197,1.5042672136,1.0942357038
2023-05-29,2.0410096197,1.7436124801,1.6093402927,1.4872402860,1.5792736197,1.4991676978,1.0894023641
2023-05-30,2.0410096197,1.7436124801,1.6093402927,1.4872402860,1.5792736197,1.5044378122,1.0904849640
2023-05-31,2.0410096197,1.7436124801,1.6093402927,1.4872402860,1.5792736197,1.4968020279,1.0793435620
2023-06-01,2.0410096197,1.7436124801,1.6093402927,1.4872402860,1.5792736197,1.4991103002,1.0817105061
2023-06-02,2.0410096197,1.7436124801,1.6093402927,1.4872402860,1.5792736197,1.5171687928,1.0973272226
2023-06-05,2.0410096197,1.7436124801,1.6093402927,1.4872402860,1.5792736197,1.5179878684,1.0923319192
2023-06-06,2.0410096197,1.7436124801,1.6093402927,1.4872402860,1.5792736197,1.4984837644,1.0820770557
2023-06-07,2.0410096197,1.7436124801,1.6093402927,1.4872402860,1.5792736197,1.4997972200,1.0767294101
2023-06-08,2.0410096197,1.7436124801,1.6093402927,1.4872402860,1.5792736197,1.5040199630,1.0854953435
2023-06-09,2.0410096197,1.7436124801,1.6093402927,1.4872402860,1.5792736197,1.5090992346,1.0901866097
2023-06-12,2.0410096197,1.7436124801,1.6093402927,1.4872402860,1.5792736197,1.5164225950,1.0923830657
2023-06-13,2.0410096197,1.7436124801,1.6093402927,1.4872402860,1.5792736197,1.5195596825,1.0982023952
2023-06-14,2.0410096197,1.7436124801,1.6093402927,1.4872402860,1.5792736197,1.5235227411,1.0979495044
2023-06-15,2.0410096197,1.7436124801,1.6093402927,1.4872402860,1.5792736197,1.5360723697,1.1154188590
2023-06-16,2.0410096197,1.7436124801,1.6093402927,1.4872402860,1.5792736197,1.5465207453,1.1261738212
2023-06-19,2.0410096197,1.7436124801,1.6093402927,1.4872402860,1.5792736197,1.5376690001,1.1169560940
2023-06-20,2.0410096197,1.7436124801,1.6093402927,1.4872402860,1.5792736197,1.5310137440,1.1150608339
2023-06-21,2.0410096197,1.7436124801,1.6093402927,1.4872402860,1.5792736197,1.5075603603,1.0979523459
2023-06-26,2.0410096197,1.7436124801,1.6093402927,1.4872402860,1.5792736197,1.4832951698,1.0825146420
2023-06-27,2.0410096197,1.7436124801,1.6093402927,1.4872402860,1.5792736197,1.5088675249,1.0926672126
2023-06-28,2.0410096197,1.7436124801,1.6093402927,1.4872402860,1.5792736197,1.5054542346,1.0913516122
2023-06-29,2.0410096197,1.7436124801,1.6093402927,1.4872402860,1.5792736197,1.5046123668,1.0859641860
2023-06-30,2.0410096197,1.7436124801,1.6093402927,1.4872402860,1.5792736197,1.5176102485,1.0918204547
2023-07-03,2.0410096197,1.7436124801,1.6093402927,1.4872402860,1.5792736197,1.5318984766,1.1061499855
2023-07-04,2.0410096197,1.7436124801,1.6093402927,1.4872402860,1.5792736197,1.5335005444,1.1078918063
2023-07-05,2.0410096197,1.7436124801,1.6093402927,1.4872402860,1.5792736197,1.5234653204,1.0993105683
2023-07-06,2.0410096197,1.7436124801,1.6093402927,1.4872402860,1.5792736197,1.5178735959,1.0919056988
2023-07-07,2.0410096197,1.7436124801,1.6093402927,1.4872402860,1.5792736197,1.5133026492,1.0870609932
2023-07-10,2.0410096197,1.7436124801,1.6093402927,1.4872402860,1.5792736197,1.5173713209,1.0923546510
2023-07-11,2.0410096197,1.7436124801,1.6093402927,1.4872402860,1.5792736197,1.5251058622,1.0995037883
2023-07-12,2.0410096197,1.7436124801,1.6093402927,1.4872402860,1.5792736197,1.5096209981,1.0921017602
2023-07-13,2.0410096197,1.7436124801,1.6093402927,1.4872402860,1.5792736197,1.5267718626,1.1077241596
2023-07-14,2.0410096197,1.7436124801,1.6093402927,1.4872402860,1.5792736197,1.5258940889,1.1079173795
2023-07-17,2.0410096197,1.7436124801,1.6093402927,1.4872402860,1.5792736197,1.5177027206,1.0988445673
2023-07-18,2.0410096197,1.7436124801,1.6093402927,1.4872402860,1.5792736197,1.5157676789,1.0953694501
2023-07-19,2.0410096197,1.7436124801,1.6093402927,1.4872402860,1.5792736197,1.5184812895,1.0942129720
2023-07-20,2.0410096197,1.7436124801,1.6093402927,1.4872402860,1.5792736197,1.5067635604,1.0864898579
2023-07-21,2.0410096197,1.7436124801,1.6093402927,1.4872402860,1.5792736197,1.5066590215,1.0859840763
2023-07-24,2.0410096197,1.7436124801,1.6093402927,1.4872402860,1.5792736197,1.5017539122,1.0812416637
2023-07-25,2.0410096197,1.7436124801,1.6093402927,1.4872402860,1.5792736197,1.5349271967,1.1124694137
2023-07-26,2.0410096197,1.7436124801,1.6093402927,1.4872402860,1.5792736197,1.5325529431,1.1101649819
2023-07-27,2.0410096197,1.7436124801,1.6093402927,1.4872402860,1.5792736197,1.5269752276,1.1088408571
2023-07-28,2.0410096197,1.7436124801,1.6093402927,1.4872402860,1.5792736197,1.5492848030,1.1345249001
2023-07-31,2.0410096197,1.7436124801,1.6093402927,1.4872402860,1.5792736197,1.5650090624,1.1407448768
2023-08-01,2.0410096197,1.7436124801,1.6093402927,1.4872402860,1.5792736197,1.5622984657,1.1360195130
2023-08-02,2.0410096197,1.7436124801,1.6093402927,1.4872402860,1.5792736197,1.5546202304,1.1280349837
2023-08-03,2.0410096197,1.7436124801,1.6093402927,1.4872402860,1.5792736197,1.5579094474,1.1380028588
2023-08-04,2.0410096197,1.7436124801,1.6093402927,1.4872402860,1.5792736197,1.5608642938,1.1424355512
2023-08-07,2.0410096197,1.7436124801,1.6093402927,1.4872402860,1.5792736197,1.5507502125,1.1337889595
2023-08-08,2.0410096197,1.7436124801,1.6093402927,1.4872402860,1.5792736197,1.5454889880,1.1308281482
2023-08-09,2.0410096197,1.7436124801,1.6093402927,1.4872402860,1.5792736197,1.5340724217,1.1273729213
2023-08-10,2.0410096197,1.7436124801,1.6093402927,1.4872402860,1.5792736197,1.5382767733,1.1296887189
2023-08-11,2.0410096197,1.7436124801,1.6093402927,1.4872402860,1.5792736197,1.5090572725,1.1036977973
2023-08-14,2.0410096197,1.7436124801,1.6093402927,1.4872402860,1.5792736197,1.5104056971,1.0956450727
2023-08-15,2.0410096197,1.7436124801,1.6093402927,1.4872402860,1.5792736197,1.5040796703,1.0929826157
2023-08-16,2.0410096197,1.7436124801,1.6093402927,1.4872402860,1.5792736197,1.4933765101,1.0849668302
2023-08-17,2.0410096197,1.7436124801,1.6093402927,1.4872402860,1.5792736197,1.5047829532,1.0885953868
2023-08-18,2.0410096197,1.7436124801,1.6093402927,1.4872402860,1.5792736197,1.4827696405,1.0752120654
2023-08-21,2.0410096197,1.7436124801,1.6093402927,1.4872402860,1.5792736197,1.4692814935,1.0597431053
2023-08-22,2.0410096197,1.7436124801,1.6093402927,1.4872402860,1.5792736197,1.4764522907,1.0678895984
2023-08-23,2.0410096197,1.7436124801,1.6093402927,1.4872402860,1.5792736197,1.4542311886,1.0503861462
2023-08-24,2.0410096197,1.7436124801,1.6093402927,1.4872402860,1.5792736197,1.4566384947,1.0580012845
2023-08-25,2.0410096197,1.7436124801,1.6093402927,1.4872402860,1.5792736197,1.4417188029,1.0539436660
2023-08-28,2.0410096197,1.7436124801,1.6093402927,1.4872402860,1.5792736197,1.4600693527,1.0662955340
2023-08-29,2.0410096197,1.7436124801,1.6093402927,1.4872402860,1.5792736197,1.4860314822,1.0769482032
2023-08-30,2.0410096197,1.7436124801,1.6093402927,1.4872402860,1.5792736197,1.4865485100,1.0764935681
2023-08-31,2.0410096197,1.7436124801,1.6093402927,1.4872402860,1.5792736197,1.4745594823,1.0698899930
2023-09-01,2.0410096197,1.7436124801,1.6093402927,1.4872402860,1.5792736197,1.4846887830,1.0773403260
2023-09-04,2.0410096197,1.7436124801,1.6093402927,1.4872402860,1.5792736197,1.5097139093,1.0936674099
2023-09-05,2.0410096197,1.7436124801,1.6093402927,1.4872402860,1.5792736197,1.4990777452,1.0855322826
2023-09-06,2.0410096197,1.7436124801,1.6093402927,1.4872402860,1.5792736197,1.4983552708,1.0831767044
2023-09-07,2.0410096197,1.7436124801,1.6093402927,1.4872402860,1.5792736197,1.4789170743,1.0679577937
2023-09-11,2.0410096197,1.7436124801,1.6093402927,1.4872402860,1.5792736197,1.4873640976,1.0705350065
2023-09-12,2.0410096197,1.7436124801,1.6093402927,1.4872402860,1.5792736197,1.4853611049,1.0685630267
2023-09-13,2.0410096197,1.7436124801,1.6093402927,1.4872402860,1.5792736197,1.4754178227,1.0617577072
2023-09-14,2.0410096197,1.7436124801,1.6093402927,1.4872402860,1.5792736197,1.4714406806,1.0608654858
2023-09-15,2.0410096197,1.7436124801,1.6093402927,1.4872402860,1.5792736197,1.4695409260,1.0538385316
2023-09-18,2.0410096197,1.7436124801,1.6093402927,1.4872402860,1.5792736197,1.4756583780,1.0592174334
2023-09-19,2.0410096197,1.7436124801,1.6093402927,1.4872402860,1.5792736197,1.4677214249,1.0571687339
2023-09-20,2.0410096197,1.7436124801,1.6093402927,1.4872402860,1.5792736197,1.4600776413,1.0529605176
2023-09-21,2.0410096197,1.7436124801,1.6093402927,1.4872402860,1.5792736197,1.4483104394,1.0435126314
2023-09-22,2.0410096197,1.7436124801,1.6093402927,1.4872402860,1.5792736197,1.4692139418,1.0624055622
2023-09-25,2.0410096197,1.7436124801,1.6093402927,1.4872402860,1.5792736197,1.4598736007,1.0554922669
2023-09-26,2.0410096197,1.7436124801,1.6093402927,1.4872402860,1.5792736197,1.4532446583,1.0493234366
2023-09-27,2.0410096197,1.7436124801,1.6093402927,1.4872402860,1.5792736197,1.4567879415,1.0514857949
2023-09-28,2.0410096197,1.7436124801,1.6093402927,1.4872402860,1.5792736197,1.4616021576,1.0483658614
2023-10-09,2.0410096197,1.7436124801,1.6093402927,1.4872402860,1.5792736197,1.4521693905,1.0470047975
2023-10-10,2.0410096197,1.7436124801,1.6093402927,1.4872402860,1.5792736197,1.4439738943,1.0391623416
2023-10-11,2.0410096197,1.7436124801,1.6093402927,1.4872402860,1.5792736197,1.4426768365,1.0421231528
2023-10-12,2.0410096197,1.7436124801,1.6093402927,1.4872402860,1.5792736197,1.4526918736,1.0520199912
2023-10-13,2.0410096197,1.7436124801,1.6093402927,1.4872402860,1.5792736197,1.4391018643,1.0409467844
2023-10-16,2.0410096197,1.7436124801,1.6093402927,1.4872402860,1.5792736197,1.4312725130,1.0304873352
2023-10-17,2.0410096197,1.7436124801,1.6093402927,1.4872402860,1.5792736197,1.4335373631,1.0341244161
2023-10-18,2.0410096197,1.7436124801,1.6093402927,1.4872402860,1.5792736197,1.4144601014,1.0259353010
2023-10-19,2.0410096197,1.7436124801,1.6093402927,1.4872402860,1.5792736197,1.3940491202,1.0040446198
2023-10-20,2.0410096197,1.7436124801,1.6093402927,1.4872402860,1.5792736197,1.3836889010,0.9975234473
2023-10-23,2.0410096197,1.7436124801,1.6093402927,1.4872402860,1.5792736197,1.3569875213,0.9871947056
2023-10-24,2.0410096197,1.7436124801,1.6093402927,1.4872402860,1.5792736197,1.3756372650,0.9908573598
2023-10-25,2.0410096197,1.7436124801,1.6093402927,1.4872402860,1.5792736197,1.3883600221,0.9957816265
2023-10-26,2.0410096197,1.7436124801,1.6093402927,1.4872402860,1.5792736197,1.3911264985,0.9985321690
2023-10-27,2.0410096197,1.7436124801,1.6093402927,1.4872402860,1.5792736197,1.4100049087,1.0122422594
2023-10-30,2.0410096197,1.7436124801,1.6093402927,1.4872402860,1.5792736197,1.4192356006,1.0183173212
2023-10-31,2.0410096197,1.7436124801,1.6093402927,1.4872402860,1.5792736197,1.4153238818,1.0151178265
2023-11-01,2.0410096197,1.7436124801,1.6093402927,1.4872402860,1.5792736197,1.4145227168,1.0146972890
2023-11-02,2.0410096197,1.7436124801,1.6093402927,1.4872402860,1.5792736197,1.4045798476,1.0099122544
2023-11-03,2.0410096197,1.7436124801,1.6093402927,1.4872402860,1.5792736197,1.4148830711,1.0184224556
2023-11-06,2.0410096197,1.7436124801,1.6093402927,1.4872402860,1.5792736197,1.4341672587,1.0321950583
2023-11-07,2.0410096197,1.7436124801,1.6093402927,1.4872402860,1.5792736197,1.4363068181,1.0285437700
2023-11-08,2.0410096197,1.7436124801,1.6093402927,1.4872402860,1.5792736197,1.4362635269,1.0260745330
2023-11-09,2.0410096197,1.7436124801,1.6093402927,1.4872402860,1.5792736197,1.4335195704,1.0265746316
2023-11-10,2.0410096197,1.7436124801,1.6093402927,1.4872402860,1.5792736197,1.4275425196,1.0190902009
2023-11-13,2.0410096197,1.7436124801,1.6093402927,1.4872402860,1.5792736197,1.4355366779,1.0170784405
2023-11-14,2.0410096197,1.7436124801,1.6093402927,1.4872402860,1.5792736197,1.4397342535,1.0178314299
2023-11-15,2.0410096197,1.7436124801,1.6093402927,1.4872402860,1.5792736197,1.4483045129,1.0249890916
2023-11-16,2.0410096197,1.7436124801,1.6093402927,1.4872402860,1.5792736197,1.4382644946,1.0150752045
2023-11-17,2.0410096197,1.7436124801,1.6093402927,1.4872402860,1.5792736197,1.4417983600,1.0138562141
2023-11-20,2.0410096197,1.7436124801,1.6093402927,1.4872402860,1.5792736197,1.4505348523,1.0162004264
2023-11-21,2.0410096197,1.7436124801,1.6093402927,1.4872402860,1.5792736197,1.4498533859,1.0175501244
2023-11-22,2.0410096197,1.7436124801,1.6093402927,1.4872402860,1.5792736197,1.4371950585,1.0071361387
2023-11-23,2.0410096197,1.7436124801,1.6093402927,1.4872402860,1.5792736197,1.4476714882,1.0119950515
2023-11-24,2.0410096197,1.7436124801,1.6093402927,1.4872402860,1.5792736197,1.4362125956,1.0053147567
2023-11-27,2.0410096197,1.7436124801,1.6093402927,1.4872402860,1.5792736197,1.4304135645,0.9979070457
2023-11-28,2.0410096197,1.7436124801,1.6093402927,1.4872402860,1.5792736197,1.4356090512,0.9997767326
2023-11-29,2.0410096197,1.7436124801,1.6093402927,1.4872402860,1.5792736197,1.4258554725,0.9911926532
2023-11-30,2.0410096197,1.7436124801,1.6093402927,1.4872402860,1.5792736197,1.4237789182,0.9934345727
2023-12-01,2.0410096197,1.7436124801,1.6093402927,1.4872402860,1.5792736197,1.4286855704,0.9896497353
2023-12-04,2.0410096197,1.7436124801,1.6093402927,1.4872402860,1.5792736197,1.4271021167,0.9831882336
2023-12-05,2.0410096197,1.7436124801,1.6093402927,1.4872402860,1.5792736197,1.4011181119,0.9644686324
2023-12-06,2.0410096197,1.7436124801,1.6093402927,1.4872402860,1.5792736197,1.4069625604,0.9659859771
2023-12-07,2.0410096197,1.7436124801,1.6093402927,1.4872402860,1.5792736197,1.4049715751,0.9636218745
2023-12-08,2.0410096197,1.7436124801,1.6093402927,1.4872402860,1.5792736197,1.3984446219,0.9659461965
2023-12-11,2.0410096197,1.7436124801,1.6093402927,1.4872402860,1.5792736197,1.4110112781,0.9716262941
2023-12-12,2.0410096197,1.7436124801,1.6093402927,1.4872402860,1.5792736197,1.4176563124,0.9737147742
2023-12-13,2.0410096197,1.7436124801,1.6093402927,1.4872402860,1.5792736197,1.4009280657,0.9574644100
2023-12-14,2.0410096197,1.7436124801,1.6093402927,1.4872402860,1.5792736197,1.3982369243,0.9524492163
2023-12-15,2.0410096197,1.7436124801,1.6093402927,1.4872402860,1.5792736197,1.3948436035,0.9494912466
2023-12-18,2.0410096197,1.7436124801,1.6093402927,1.4872402860,1.5792736197,1.3802122494,0.9460303367
2023-12-19,2.0410096197,1.7436124801,1.6093402927,1.4872402860,1.5792736197,1.3788024800,0.9473573030
2023-12-20,2.0410096197,1.7436124801,1.6093402927,1.4872402860,1.5792736197,1.3625732229,0.9369745733
2023-12-21,2.0410096197,1.7436124801,1.6093402927,1.4872402860,1.5792736197,1.3739356981,0.9464565571
2023-12-22,2.0410096197,1.7436124801,1.6093402927,1.4872402860,1.5792736197,1.3639047849,0.9482637317
2023-12-25,2.0410096197,1.7436124801,1.6093402927,1.4872402860,1.5792736197,1.3619271673,0.9511677136
2023-12-26,2.0410096197,1.7436124801,1.6093402927,1.4872402860,1.5792736197,1.3488936524,0.9447289437
2023-12-27,2.0410096197,1.7436124801,1.6093402927,1.4872402860,1.5792736197,1.3549872683,0.9480165239
2023-12-28,2.0410096197,1.7436124801,1.6093402927,1.4872402860,1.5792736197,1.3797389349,0.9702311326
2023-12-29,2.0410096197,1.7436124801,1.6093402927,1.4872402860,1.5792736197,1.3918992939,0.9749394476
2024-01-02,2.0410096197,1.7436124801,1.6093402927,1.4872402860,1.5792736197,1.3884205757,0.9622210300
2024-01-03,2.0410096197,1.7436124801,1.6093402927,1.4872402860,1.5792736197,1.3870644238,0.9599336470
2024-01-04,2.0410096197,1.7436124801,1.6093402927,1.4872402860,1.5792736197,1.3809267884,0.9510540548
2024-01-05,2.0410096197,1.7436124801,1.6093402927,1.4872402860,1.5792736197,1.3652719321,0.9459564585
2024-01-08,2.0410096197,1.7436124801,1.6093402927,1.4872402860,1.5792736197,1.3431936406,0.9337239322
2024-01-09,2.0410096197,1.7436124801,1.6093402927,1.4872402860,1.5792736197,1.3501628603,0.9355538386
2024-01-10,2.0410096197,1.7436124801,1.6093402927,1.4872402860,1.5792736197,1.3434403163,0.9311864999
2024-01-11,2.0410096197,1.7436124801,1.6093402927,1.4872402860,1.5792736197,1.3568626027,0.9364545844
2024-01-12,2.0410096197,1.7436124801,1.6093402927,1.4872402860,1.5792736197,1.3514611951,0.9331868945
2024-01-15,2.0410096197,1.7436124801,1.6093402927,1.4872402860,1.5792736197,1.3513525898,0.9322634169
2024-01-16,2.0410096197,1.7436124801,1.6093402927,1.4872402860,1.5792736197,1.3503957491,0.9379349900
2024-01-17,2.0410096197,1.7436124801,1.6093402927,1.4872402860,1.5792736197,1.3199298706,0.9175332389
2024-01-18,2.0410096197,1.7436124801,1.6093402927,1.4872402860,1.5792736197,1.3207881224,0.9305045472
2024-01-19,2.0410096197,1.7436124801,1.6093402927,1.4872402860,1.5792736197,1.3122724973,0.9290980198
2024-01-22,2.0410096197,1.7436124801,1.6093402927,1.4872402860,1.5792736197,1.2583902455,0.9146406229
2024-01-23,2.0410096197,1.7436124801,1.6093402927,1.4872402860,1.5792736197,1.2682678486,0.9183430577
2024-01-24,2.0410096197,1.7436124801,1.6093402927,1.4872402860,1.5792736197,1.2907577573,0.9311808170
2024-01-25,2.0410096197,1.7436124801,1.6093402927,1.4872402860,1.5792736197,1.3297384881,0.9498805279
2024-01-26,2.0410096197,1.7436124801,1.6093402927,1.4872402860,1.5792736197,1.3288276399,0.9472947906
2024-01-29,2.0410096197,1.7436124801,1.6093402927,1.4872402860,1.5792736197,1.3047249743,0.9388101626
2024-01-30,2.0410096197,1.7436124801,1.6093402927,1.4872402860,1.5792736197,1.2735168049,0.9220682243
2024-01-31,2.0410096197,1.7436124801,1.6093402927,1.4872402860,1.5792736197,1.2392956043,0.9136319013
2024-02-01,2.0410096197,1.7436124801,1.6093402927,1.4872402860,1.5792736197,1.2282637496,0.9143024881
2024-02-02,2.0410096197,1.7436124801,1.6093402927,1.4872402860,1.5792736197,1.1995650857,0.9034821721
2024-02-05,2.0410096197,1.7436124801,1.6093402927,1.4872402860,1.5792736197,1.1577771587,0.9093895873
2024-02-06,2.0410096197,1.7436124801,1.6093402927,1.4872402860,1.5792736197,1.2014574323,0.9410066186
2024-02-07,2.0410096197,1.7436124801,1.6093402927,1.4872402860,1.5792736197,1.2190500661,0.9500822722
2024-02-08,2.0410096197,1.7436124801,1.6093402927,1.4872402860,1.5792736197,1.2531437064,0.9561346023
2024-02-19,2.0410096197,1.7436124801,1.6093402927,1.4872402860,1.5792736197,1.2749239831,0.9671822358
2024-02-20,2.0410096197,1.7436124801,1.6093402927,1.4872402860,1.5792736197,1.2818636713,0.9691826303
2024-02-21,2.0410096197,1.7436124801,1.6093402927,1.4872402860,1.5792736197,1.2948242855,0.9822590730
2024-02-22,2.0410096197,1.7436124801,1.6093402927,1.4872402860,1.5792736197,1.3118305075,0.9907266522
2024-02-23,2.0410096197,1.7436124801,1.6093402927,1.4872402860,1.5792736197,1.3245027279,0.9915989833
2024-02-26,2.0410096197,1.7436124801,1.6093402927,1.4872402860,1.5792736197,1.3241551686,0.9812617172
2024-02-27,2.0410096197,1.7436124801,1.6093402927,1.4872402860,1.5792736197,1.3485756629,0.9930339254
2024-02-28,2.0410096197,1.7436124801,1.6093402927,1.4872402860,1.5792736197,1.3066048548,0.9803808617
2024-02-29,2.0410096197,1.7436124801,1.6093402927,1.4872402860,1.5792736197,1.3411484412,0.9990834141
2024-03-01,2.0410096197,1.7436124801,1.6093402927,1.4872402860,1.5792736197,1.3489669078,1.0052550858
2024-03-04,2.0410096197,1.7436124801,1.6093402927,1.4872402860,1.5792736197,1.3508003152,1.0061274170
2024-03-05,2.0410096197,1.7436124801,1.6093402927,1.4872402860,1.5792736197,1.3449371418,1.0131287979
2024-03-06,2.0410096197,1.7436124801,1.6093402927,1.4872402860,1.5792736197,1.3479658105,1.0090200330
2024-03-07,2.0410096197,1.7436124801,1.6093402927,1.4872402860,1.5792736197,1.3408734782,1.0029591785
2024-03-08,2.0410096197,1.7436124801,1.6093402927,1.4872402860,1.5792736197,1.3500214158,1.0072753707
2024-03-11,2.0410096197,1.7436124801,1.6093402927,1.4872402860,1.5792736197,1.3677278561,1.0198772880
2024-03-12,2.0410096197,1.7436124801,1.6093402927,1.4872402860,1.5792736197,1.3736127758,1.0222158174
2024-03-13,2.0410096197,1.7436124801,1.6093402927,1.4872402860,1.5792736197,1.3702788782,1.0150752045
2024-03-14,2.0410096197,1.7436124801,1.6093402927,1.4872402860,1.5792736197,1.3667311764,1.0121939544
2024-03-15,2.0410096197,1.7436124801,1.6093402927,1.4872402860,1.5792736197,1.3778715168,1.0144017762
2024-03-18,2.0410096197,1.7436124801,1.6093402927,1.4872402860,1.5792736197,1.3933129697,1.0239320650
2024-03-19,2.0410096197,1.7418688676,1.6077309524,1.4857530457,1.5776943461,1.3873481879,1.0165726589
2024-03-20,2.0410096197,1.7483979269,1.6137572217,1.4913221043,1.5836080289,1.3957737842,1.0187747978
2024-03-21,2.0410096197,1.7465493409,1.6120509916,1.4897453252,1.5819336757,1.3957691126,1.0175558074
2024-03-22,2.0410096197,1.7362262160,1.6025228304,1.4809400618,1.5725835253,1.3810962127,1.0073009439
2024-03-25,2.0410096197,1.7405677912,1.6065300694,1.4846432732,1.5765158987,1.3638336563,1.0018339565
2024-03-26,2.0410096197,1.7353033741,1.6016710547,1.4801529100,1.5717476631,1.3644495805,1.0069457602
2024-03-27,2.0410096197,1.7273852343,1.5943626754,1.4733990145,1.5645758233,1.3349638882,0.9953071011
2024-03-28,2.0410096197,1.7419813897,1.6078348094,1.4858490231,1.5777962628,1.3530662474,1.0004700512
2024-03-29,2.0410096197,1.7722488197,1.6357714039,1.5116660792,1.6052109288,1.3674030475,1.0051641588
2024-04-01,2.0410096197,1.7883543774,1.6506367041,1.5254035550,1.6197985064,1.3919298346,1.0216929870
2024-04-02,2.0410096197,1.8026602276,1.6638408887,1.5376059434,1.6327560024,1.3892868231,1.0174393071
2024-04-03,2.0410096197,1.8263179825,1.6856768062,1.5577851786,1.6541839681,1.3852799806,1.0137794944
2024-04-08,2.0410096197,1.8165968072,1.6767042396,1.5494933570,1.6453790324,1.3654332887,1.0048601216
2024-04-09,2.0410096197,1.8094316414,1.6700908491,1.5433817219,1.6388891973,1.3722579650,1.0040304125
2024-04-10,2.0410096197,1.8149427538,1.6751775616,1.5480825075,1.6438808767,1.3546921450,0.9958526632
2024-04-11,2.0410096197,1.8207679720,1.6805541911,1.5530512143,1.6491570568,1.3584970406,0.9957191141
2024-04-12,2.0410096197,1.8248416257,1.6843141407,1.5565258980,1.6528467608,1.3490826043,0.9876493407
2024-04-15,2.0410096197,1.8493962983,1.7069779060,1.5774701724,1.6750871078,1.3443141556,1.0084602635
2024-04-16,2.0410096197,1.8262407544,1.6856055252,1.5577193056,1.6541140188,1.3008464958,0.9976712037
2024-04-17,2.0410096197,1.8576825437,1.7146260438,1.5845380491,1.6825923585,1.3428565377,1.0130975417
2024-04-18,2.0410096197,1.8672410159,1.7234484368,1.5926910906,1.6912499261,1.3423431636,1.0143477883
2024-04-19,2.0410096197,1.8712369799,1.7271366794,1.5960995077,1.6948692627,1.3368258725,1.0063518931
2024-04-22,2.0410096197,1.8212771546,1.6810241625,1.5534855291,1.6496182479,1.3275865998,1.0032944719
2024-04-23,2.0410096197,1.7920117430,1.6540124231,1.5285231596,1.6231111582,1.3194790635,0.9962817251
2024-04-24,2.0410096197,1.8107385407,1.6712971067,1.5444964611,1.6400729188,1.3327666352,1.0006575882
2024-04-25,2.0410096197,1.8189198808,1.6788484178,1.5514748573,1.6474831518,1.3346921014,1.0031183008
2024-04-26,2.0410096197,1.8377458974,1.6962246796,1.5675327891,1.6645347797,1.3542252065,1.0184593947
2024-04-29,2.0410096197,1.8427784322,1.7008696688,1.5718253647,1.6690929884,1.3789898094,1.0297229799
2024-04-30,2.0410096197,1.8417441308,1.6999150170,1.5709431420,1.6681561719,1.3701187134,1.0241764314
2024-05-06,2.0410096197,1.8493082551,1.7068966428,1.5773950747,1.6750073628,1.3929788231,1.0393754518
2024-05-07,2.0410096197,1.8520491293,1.7094264476,1.5797329442,1.6774899043,1.3961650820,1.0396965379
2024-05-08,2.0410096197,1.8512403038,1.7086799082,1.5790430444,1.6767573122,1.3815362356,1.0315159471
2024-05-09,2.0410096197,1.8619783296,1.7185910196,1.5882022038,1.6864832582,1.3984783164,1.0412735534
2024-05-10,2.0410096197,1.8682121259,1.7243447635,1.5935194134,1.6921295071,1.3961981878,1.0417622862
2024-05-13,2.0410096197,1.8580841121,1.7149966882,1.5848805728,1.6829560782,1.3877359228,1.0413104925
2024-05-14,2.0410096197,1.8512704273,1.7087077119,1.5790687387,1.6767845964,1.3917399321,1.0391396098
2024-05-15,2.0410096197,1.8439663200,1.7019660797,1.5728385914,1.6701689155,1.3825217401,1.0303338958
2024-05-16,2.0410096197,1.8471048484,1.7048629161,1.5755156460,1.6730116314,1.3864903868,1.0343971972
2024-05-17,2.0410096197,1.8666948981,1.7229443744,1.5922252712,1.6907552809,1.4034259902,1.0450839641
2024-05-20,2.0410096197,1.9008401232,1.7544601425,1.6213499506,1.7216822523,1.4102224963,1.0487750330
2024-05-21,2.0389686101,1.8857322246,1.7405156737,1.6084634431,1.7079983025,1.4003992144,1.0445696581
2024-05-22,2.0295498731,1.8770213422,1.7324755993,1.6010333659,1.7001084377,1.4010744409,1.0469252363
2024-05-23,1.9924470371,1.8427069280,1.7008036710,1.5717643742,1.6690282236,1.3759532887,1.0348035274
2024-05-24,1.9802434621,1.8314204989,1.6903863877,1.5621374461,1.6588055624,1.3628683593,1.0233495637
2024-05-27,2.0035159853,1.8529440019,1.7102524079,1.5804962392,1.6783004335,1.3736810079,1.0330759139
2024-05-28,1.9833010931,1.8342483371,1.6929964597,1.5645494929,1.6613668714,1.3599237035,1.0255346538
2024-05-29,1.9963279736,1.8462961972,1.7041165376,1.5748258949,1.6722791972,1.3622422867,1.0267706930
2024-05-30,1.9810050423,1.8321248434,1.6910364921,1.5627382272,1.6594435211,1.3518662809,1.0213122301
2024-05-31,1.9780816151,1.8294211231,1.6885409799,1.5604320486,1.6569946316,1.3519255453,1.0172233554
2024-06-03,1.9619625978,1.8145135124,1.6747813752,1.5477163796,1.6434920921,1.3398738860,1.0197323730
2024-06-04,1.9653565604,1.8176524055,1.6776785483,1.5503937453,1.6463351385,1.3457404976,1.0273816090
2024-06-05,1.9348136719,1.7894049333,1.6516063587,1.5262996424,1.6207500454,1.3279832363,1.0214486206
2024-06-06,1.9209941024,1.7766239580,1.6398096213,1.5153979187,1.6091737018,1.3072250345,1.0207268874
2024-06-07,1.9250733826,1.7803966645,1.6432917991,1.5186159051,1.6125908234,1.3147106863,1.0155724617
2024-06-11,1.9176391441,1.7735211378,1.6369457432,1.5127513220,1.6063633285,1.3096867542,1.0066985524
2024-06-12,1.9311858354,1.7860497428,1.6485095449,1.5234377826,1.6177110881,1.3173188189,1.0070508946
2024-06-13,1.9152493196,1.7713109178,1.6349057280,1.5108660818,1.6043614260,1.3052274739,1.0019390909
2024-06-14,1.9186666979,1.7744714670,1.6378228894,1.5135619194,1.6072240872,1.3094134999,1.0063149540
2024-06-17,1.9105033797,1.7669216537,1.6308544725,1.5071221935,1.6003858585,1.3005480201,1.0048004507
2024-06-18,1.9320940617,1.7868897124,1.6492848300,1.5241542471,1.6184718889,1.3093374207,1.0074685906
2024-06-19,1.9138320866,1.7689371323,1.6336959418,1.5097480816,1.6031742417,1.2995986726,1.0026835559
2024-06-20,1.9138320866,1.7659014014,1.6336959418,1.5097480816,1.6031742417,1.2809528515,0.9954463331
2024-06-21,1.9138320866,1.7605422718,1.6336959418,1.5097480816,1.6031742417,1.2792013076,0.9932697674
2024-06-24,1.9138320866,1.7459745404,1.6336959418,1.5097480816,1.6031742417,1.2525200292,0.9879249633
2024-06-25,1.9138320866,1.7456302095,1.6336959418,1.5097480816,1.6031742417,1.2504731724,0.9825517444
2024-06-26,1.9138320866,1.7465711623,1.6336959418,1.5097480816,1.6031742417,1.2688477361,0.9889052702
2024-06-27,1.9138320866,1.7342389393,1.6336959418,1.5097480816,1.6031742417,1.2493808068,0.9814776689
2024-06-28,1.9138320866,1.7428122056,1.6336959418,1.5097480816,1.6031742417,1.2536581105,0.9836201369
2024-07-01,1.9138320866,1.7737799752,1.6336959418,1.5097480816,1.6031742417,1.2684174625,0.9883142446
2024-07-02,1.9138320866,1.7716451896,1.6336959418,1.5097480816,1.6031742417,1.2647253728,0.9864985456
2024-07-03,1.9138320866,1.7570347881,1.6336959418,1.5097480816,1.6031742417,1.2593663105,0.9841173941
2024-07-04,1.9138320866,1.7485226314,1.6336959418,1.5097480816,1.6031742417,1.2386739058,0.9791164078
2024-07-05,1.9138320866,1.7384145106,1.6336959418,1.5097480816,1.6031742417,1.2437453192,0.9749252402
2024-07-08,1.9138320866,1.7306467507,1.6336959418,1.5097480816,1.6031742417,1.2218141232,0.9665997345
2024-07-09,1.9138320866,1.7339325712,1.6336959418,1.5097480816,1.6031742417,1.2355014133,0.9774115260
2024-07-10,1.9138320866,1.7098053120,1.6336959418,1.5097480816,1.6031742417,1.2261122646,0.9743313731
2024-07-11,1.9138320866,1.7193587654,1.6336959418,1.5097480816,1.6031742417,1.2510950822,0.9854699336
2024-07-12,1.9138320866,1.7126874473,1.6336959418,1.5097480816,1.6031742417,1.2489768719,0.9866718752
2024-07-15,1.9138320866,1.7254394926,1.6336959418,1.5097480816,1.6031742417,1.2419262044,0.9877658410
2024-07-16,1.9138320866,1.7241927343,1.6336959418,1.5097480816,1.6031742417,1.2426837395,0.9940255983
2024-07-17,1.9138320866,1.7100876610,1.6336959418,1.5097480816,1.6031742417,1.2381633699,0.9949632833
2024-07-18,1.9138320866,1.7100876610,1.6336959418,1.5097480816,1.6031742417,1.2432810754,1.0004615268
2024-07-19,1.9138320866,1.7100876610,1.6336959418,1.5097480816,1.6031742417,1.2432622537,1.0056017451
2024-07-22,1.9138320866,1.7100876610,1.6336959418,1.5097480816,1.6031742417,1.2387384725,0.9987538036
2024-07-23,1.9138320866,1.7100876610,1.6336959418,1.5097480816,1.6031742417,1.2118992107,0.9774314163
2024-07-24,1.9138320866,1.7100876610,1.6336959418,1.5097480816,1.6031742417,1.1986524490,0.9712625860
2024-07-25,1.9138320866,1.7100876610,1.6336959418,1.5097480816,1.6031742417,1.1987103388,0.9658922086
2024-07-26,1.9138320866,1.7100876610,1.6336959418,1.5097480816,1.6031742417,1.2127245019,0.9687393611
2024-07-29,1.9138320866,1.7100876610,1.6336959418,1.5097480816,1.6031742417,1.2099234377,0.9634684351
2024-07-30,1.9138320866,1.7100876610,1.6336959418,1.5097480816,1.6031742417,1.2096386737,0.9573990562
2024-07-31,1.9138320866,1.7100876610,1.6336959418,1.5097480816,1.6031742417,1.2459568147,0.9780565396
2024-08-01,1.9138320866,1.7100876610,1.6336959418,1.5097480816,1.6031742417,1.2391580615,0.9715751477
2024-08-02,1.9138320866,1.7100876610,1.6336959418,1.5097480816,1.6031742417,1.2274428600,0.9616641020
2024-08-05,1.9138320866,1.7100876610,1.6336959418,1.5097480816,1.6031742417,1.2082971487,0.9499941867
2024-08-06,1.9138320866,1.7100876610,1.6336959418,1.5097480816,1.6031742417,1.2204423305,0.9498975767
2024-08-07,1.9138320866,1.7100876610,1.6336959418,1.5097480816,1.6031742417,1.2200277627,0.9494741977
2024-08-08,1.9138320866,1.7100876610,1.6336959418,1.5097480816,1.6031742417,1.2209331980,0.9498862108
2024-08-09,1.9138320866,1.7100876610,1.6336959418,1.5097480816,1.6031742417,1.2135336619,0.9466725088
2024-08-12,1.9138320866,1.7100876610,1.6336959418,1.5097480816,1.6031742417,1.2070579062,0.9450329809
2024-08-13,1.9138320866,1.7100876610,1.6336959418,1.5097480816,1.6031742417,1.2115291242,0.9474567544
2024-08-14,1.9138320866,1.7100876610,1.6336959418,1.5097480816,1.6031742417,1.2013582003,0.9403104586
2024-08-15,1.9138320866,1.7100876610,1.6336959418,1.5097480816,1.6031742417,1.2116004347,0.9496049053
2024-08-16,1.9138320866,1.7100876610,1.6336959418,1.5097480816,1.6031742417,1.2054054255,0.9506505661
2024-08-19,1.9138320866,1.7100876610,1.6336959418,1.5097480816,1.6031742417,1.2069557461,0.9538727926
2024-08-20,1.9138320866,1.7100876610,1.6336959418,1.5097480816,1.6031742417,1.1894450258,0.9469765460
2024-08-21,1.9138320866,1.7100876610,1.6336959418,1.5097480816,1.6031742417,1.1844512570,0.9438338808
2024-08-22,1.9138320866,1.7100876610,1.6336959418,1.5097480816,1.6031742417,1.1725169895,0.9414186317
2024-08-23,1.9138320866,1.7100876610,1.6336959418,1.5097480816,1.6031742417,1.1736445498,0.9454108963
2024-08-26,1.9138320866,1.7100876610,1.6336959418,1.5097480816,1.6031742417,1.1775715387,0.9445669799
2024-08-27,1.9138320866,1.7100876610,1.6336959418,1.5097480816,1.6031742417,1.1668206149,0.9391994440
2024-08-28,1.9138320866,1.7100876610,1.6336959418,1.5097480816,1.6031742417,1.1662189623,0.9338489569
2024-08-29,1.9138320866,1.7100876610,1.6336959418,1.5097480816,1.6031742417,1.1729129208,0.9313427808
2024-08-30,1.9138320866,1.7100876610,1.6336959418,1.5097480816,1.6031742417,1.1924396361,0.9437742099
2024-09-02,1.9138320866,1.7100876610,1.6336959418,1.5097480816,1.6031742417,1.1727561535,0.9277426389
2024-09-03,1.9138320866,1.7100876610,1.6336959418,1.5097480816,1.6031742417,1.1794632218,0.9301351562
2024-09-04,1.9138320866,1.7100876610,1.6336959418,1.5097480816,1.6031742417,1.1709333741,0.9240913505
2024-09-05,1.9138320866,1.7100876610,1.6336959418,1.5097480816,1.6031742417,1.1776955060,0.9256825735
2024-09-06,1.9138320866,1.7100876610,1.6336959418,1.5097480816,1.6031742417,1.1625939731,0.9181782525
2024-09-09,1.9138320866,1.7100876610,1.6336959418,1.5097480816,1.6031742417,1.1529047632,0.9072670095
2024-09-10,1.9138320866,1.7100876610,1.6336959418,1.5097480816,1.6031742417,1.1541583202,0.9080654625
2024-09-11,1.9138320866,1.7100876610,1.6336959418,1.5097480816,1.6031742417,1.1497622064,0.9053291273
2024-09-12,1.9138320866,1.7100876610,1.6336959418,1.5097480816,1.6031742417,1.1465238063,0.9014476800
2024-09-13,1.9138320866,1.7100876610,1.6336959418,1.5097480816,1.6031742417,1.1390510999,0.8976912573
2024-09-18,1.9138320866,1.7100876610,1.6336959418,1.5097480816,1.6031742417,1.1396425860,0.9010328254
2024-09-19,1.9138320866,1.7100876610,1.6336959418,1.5097480816,1.6031742417,1.1583145404,0.9081450236
2024-09-20,1.9138320866,1.7100876610,1.6336959418,1.5097480816,1.6031742417,1.1568079921,0.9095685998
2024-09-23,1.9138320866,1.7100876610,1.6336959418,1.5097480816,1.6031742417,1.1604632083,0.9128959607
2024-09-24,1.9138320866,1.7100876610,1.6336959418,1.5097480816,1.6031742417,1.2070620572,0.9524350090
2024-09-25,1.9138320866,1.7100876610,1.6336959418,1.5097480816,1.6031742417,1.2232597827,0.9665343807
2024-09-26,1.9138320866,1.7100876610,1.6336959418,1.5097480816,1.6031742417,1.2753516683,1.0073918709
2024-09-27,1.9138320866,1.7100876610,1.6336959418,1.5097480816,1.6031742417,1.3336122663,1.0523893822
2024-09-30,1.9138320866,1.7100876610,1.6336959418,1.5097480816,1.6031742417,1.4591900746,1.1416598300
2024-10-08,1.9138320866,1.7100876610,1.6336959418,1.5097480816,1.6031742417,1.5439723689,1.2093578413
2024-10-09,1.9138320866,1.7100876610,1.6336959418,1.5097480816,1.6031742417,1.4200258820,1.1240796581
2024-10-10,1.9138320866,1.7100876610,1.6336959418,1.5097480816,1.6031742417,1.4317569985,1.1359598422
2024-10-11,1.9138320866,1.7100876610,1.6336959418,1.5097480816,1.6031742417,1.3877274603,1.1045275064
2024-10-14,1.9138320866,1.7100876610,1.6336959418,1.5097480816,1.6031742417,1.4220250622,1.1256026858
2024-10-15,1.9138320866,1.7100876610,1.6336959418,1.5097480816,1.6031742417,1.3919267721,1.0956678044
2024-10-16,1.9138320866,1.7100876610,1.6336959418,1.5097480816,1.6031742417,1.3940745344,1.0887346188
2024-10-17,1.9138320866,1.7100876610,1.6336959418,1.5097480816,1.6031742417,1.3797313962,1.0764111655
2024-10-18,1.9119182546,1.7083775733,1.6320622458,1.5082383335,1.6015710675,1.4203923407,1.1153421394
2024-10-21,1.9300904765,1.7246152008,1.6475745185,1.5225736963,1.6167935305,1.4348139153,1.1181750845
2024-10-22,1.9460304329,1.7388582073,1.6611812724,1.5351481111,1.6301460747,1.4503664025,1.1245911226
2024-10-23,1.9554538074,1.7472783799,1.6692253055,1.5425818467,1.6380398243,1.4556258984,1.1289755101
2024-10-24,1.9391577660,1.7327171968,1.6553145884,1.5297265301,1.6243889957,1.4454359282,1.1163650684
2024-10-25,1.9838432449,1.7726455096,1.6934592543,1.5649771755,1.6618210198,1.4664337572,1.1242046828
2024-10-28,2.0249609356,1.8093858569,1.7285583651,1.5974133307,1.6962643876,1.4947948773,1.1264039802
2024-10-29,2.0107765416,1.7967115176,1.7164502041,1.5862238111,1.6843824387,1.4733726858,1.1151773341
2024-10-30,2.0154711331,1.8009063281,1.7204576273,1.5899271926,1.6883149927,1.4740665772,1.1051753614
2024-10-31,2.0363418889,1.8195552066,1.7382734375,1.6063913244,1.7057979571,1.4845569835,1.1056271551
2024-11-01,1.9840373952,1.7728189909,1.6936249860,1.5651303331,1.6619836551,1.4665794874,1.1053373252
2024-11-04,2.0174602146,1.8026836542,1.7221555581,1.5914963021,1.6899812018,1.4842994659,1.1208915293
2024-11-05,2.0879157737,1.8656385932,1.7822982225,1.6470759665,1.7490002444,1.5229795237,1.1492522366
2024-11-06,2.0885748987,1.8662275485,1.7828608684,1.6475959247,1.7495523786,1.5286543691,1.1434868949
2024-11-07,2.1709108869,1.9397981394,1.8531449706,1.7125476001,1.8185233905,1.5685548347,1.1779880178
2024-11-08,2.1555489762,1.9260716406,1.8400316513,1.7004291831,1.8056550622,1.5595370942,1.1661532973
2024-11-11,2.1914331231,1.9581356013,1.8706632755,1.7287367981,1.8357144078,1.5723186510,1.1738479967
2024-11-12,2.1647644343,1.9343060312,1.8478982016,1.7076989014,1.8133746448,1.5562563083,1.1609505666
2024-11-13,2.1666413190,1.9359831050,1.8495003584,1.7091795032,1.8149468692,1.5592084316,1.1680968624
2024-11-14,2.1212508637,1.8954248668,1.8107539066,1.6733727292,1.7769243021,1.5236539662,1.1478457092
2024-11-15,2.0555915300,1.8367555524,1.7547054226,1.6215766214,1.7219229500,1.4965498211,1.1277309464
2024-11-18,2.0062056429,1.7926272316,1.7125483683,1.5826180059,1.6805534993,1.4806314490,1.1224884352
2024-11-19,2.0355028368,1.8188054790,1.7375572011,1.6057294286,1.7050951020,1.4996510272,1.1300211709
2024-11-20,2.0765023749,1.8554402521,1.7725554538,1.6380723778,1.7394394961,1.5192251948,1.1325443958
2024-11-21,2.0875242320,1.8652887346,1.7819639925,1.6467670945,1.7486722587,1.5205905785,1.1335474345
2024-11-22,2.0250385003,1.8094551641,1.7286245763,1.5974745185,1.6963293619,1.4737728663,1.0984268713
2024-11-25,2.0261879824,1.8104822736,1.7296058035,1.5983813004,1.6972922572,1.4788357111,1.0934230435
2024-11-26,2.0139945233,1.7995869166,1.7191971555,1.5887623524,1.6870780699,1.4704626737,1.0911754411
2024-11-27,2.0671710501,1.8471023297,1.7645899967,1.6307112568,1.7316228544,1.4950334146,1.1101735063
2024-11-28,2.0675668814,1.8474560212,1.7649278884,1.6310235127,1.7319544334,1.4922991928,1.1003732779
2024-11-29,2.1116677231,1.8868619367,1.8025734931,1.6658129604,1.7688967201,1.5112457497,1.1128842682
2024-12-02,2.1564189368,1.9268489861,1.8407742719,1.7011154613,1.8063838087,1.5388025765,1.1217070311
2024-12-03,2.1549641056,1.9255490346,1.8395323908,1.6999678013,1.8051651292,1.5412249729,1.1229174971
2024-12-04,2.1156691008,1.8904373321,1.8059891713,1.6689694925,1.7722485845,1.5255139262,1.1168566426
2024-12-05,2.1516909992,1.9226243794,1.8367383836,1.6973857743,1.8024233213,1.5336820753,1.1143078444
2024-12-06,2.1850009962,1.9523882314,1.8651726477,1.7236627421,1.8303263592,1.5525182362,1.1289556198
2024-12-09,2.1566021745,1.9270127165,1.8409306882,1.7012600105,1.8065373028,1.5458703336,1.1270887743
2024-12-10,2.1867775064,1.9539756163,1.8666891221,1.7250641622,1.8318145020,1.5565940961,1.1353489262
2024-12-11,2.2131070475,1.9775021439,1.8891646908,1.7458345185,1.8538701684,1.5740933890,1.1334138855
2024-12-12,2.2479650233,2.0086491785,1.9189203490,1.7733326268,1.8830699134,1.5920411848,1.1446859951
2024-12-13,2.2042024337,1.9695455054,1.8815634851,1.7388100132,1.8464109730,1.5614814198,1.1176011076
2024-12-16,2.1843412996,1.9517987653,1.8646095138,1.7231423329,1.8297737461,1.5543989500,1.1115374117
2024-12-17,2.1306117693,1.9037892208,1.8187446147,1.6807571854,1.7847657229,1.5249730040,1.1144328691
2024-12-18,2.1340790189,1.9068873509,1.8217043475,1.6834923645,1.7876701602,1.5311704250,1.1200760276
2024-12-19,2.1377016755,1.9101243436,1.8247967397,1.6863501382,1.7907047785,1.5273953414,1.1210904322
2024-12-20,2.1462182993,1.9177342970,1.8320667472,1.6930685731,1.7978389633,1.5281525941,1.1160553482
2024-12-23,2.0801407706,1.8586913083,1.7756612813,1.6409425675,1.7424872986,1.4964676286,1.1177119249
2024-12-24,2.1051609982,1.8810479104,1.7970191865,1.6606800569,1.7634461824,1.5121570340,1.1319533702
2024-12-25,2.0781991567,1.8569563964,1.7740038701,1.6394109034,1.7408608522,1.4983762380,1.1325046152
2024-12-26,2.1022597863,1.8784555583,1.7945426380,1.6583914031,1.7610159023,1.5058829666,1.1330302871
2024-12-27,2.1113263562,1.8865569113,1.8022820936,1.6655436693,1.7686107647,1.5120686022,1.1311975393
2024-12-30,2.1067352704,1.8824545873,1.7983630255,1.6619219393,1.7647649150,1.5060497414,1.1363178673
2024-12-31,2.0466197675,1.8287389137,1.7470468970,1.6144991451,1.7144075056,1.4774190591,1.1180926818
2025-01-02,1.9937682344,1.7815138958,1.7019314788,1.5728066156,1.6701349610,1.4480570256,1.0855550144
2025-01-03,1.9208385046,1.7163481835,1.6396767991,1.5152751737,1.6090433610,1.4115301977,1.0727002063
2025-01-06,1.9114373848,1.7079478964,1.6316517631,1.5078589940,1.6011682537,1.4060689170,1.0709413367
2025-01-07,1.9527964706,1.7449039402,1.6669569349,1.5404855765,1.6358138328,1.4232230300,1.0786530849
2025-01-08,1.9574587821,1.7490699072,1.6709368031,1.5441634936,1.6397193467,1.4215382002,1.0766953124
2025-01-09,1.9558201224,1.7476056974,1.6695380013,1.5428708184,1.6383466781,1.4183796267,1.0740413799
2025-01-10,1.9099732458,1.7066396280,1.6304019367,1.5067039914,1.5999417773,1.3884442598,1.0605728144
2025-01-13,1.9151075711,1.7101995946,1.6347847279,1.5107542620,1.6032791774,1.3895615386,1.0577398693
2025-01-14,1.9151075711,1.7786517655,1.6347847279,1.5107542620,1.6674517690,1.4367326645,1.0855947950
2025-01-15,1.9151075711,1.7651348357,1.6347847279,1.5107542620,1.6547799077,1.4290554083,1.0786303532
2025-01-16,1.9151075711,1.7811092821,1.6347847279,1.5107542620,1.6697556434,1.4381084010,1.0798663924
2025-01-17,1.9151075711,1.7760317783,1.6347847279,1.5107542620,1.6649955815,1.4392307169,1.0832647900
2025-01-20,1.9151075711,1.7950703653,1.6347847279,1.5107542620,1.6828438901,1.4457735955,1.0881918981
2025-01-21,1.9151075711,1.7951775198,1.6347847279,1.5107542620,1.6829443454,1.4433252747,1.0890244487
2025-01-22,1.9151075711,1.7772673911,1.6347847279,1.5107542620,1.6661539446,1.4286288924,1.0789116587
2025-01-23,1.9151075711,1.7678074186,1.6347847279,1.5107542620,1.6572854027,1.4283032807,1.0808211262
2025-01-24,1.9151075711,1.7849427008,1.6347847279,1.5107542620,1.6733493997,1.4418231799,1.0890954854
2025-01-27,1.9151075711,1.7631913709,1.6347847279,1.5107542620,1.6529579469,1.4350848278,1.0846116465
2025-02-05,1.9151075711,1.7511570349,1.6347847279,1.5107542620,1.6416759887,1.4316420785,1.0783604136
2025-02-06,1.9151075711,1.7773200936,1.6347847279,1.5107542620,1.6662033523,1.4529719949,1.0919284305
2025-02-07,1.9151075711,1.8034832963,1.6347847279,1.5107542620,1.6907308509,1.4731551840,1.1060988390
2025-02-10,1.9151075711,1.8301882674,1.6347847279,1.5107542620,1.7157662468,1.4879128273,1.1084743075
2025-02-11,1.9151075711,1.8340918942,1.6347847279,1.5107542620,1.7194258218,1.4835578557,1.1033823942
2025-02-12,1.9151075711,1.8525941505,1.6347847279,1.5107542620,1.7367713306,1.4965688770,1.1138162702
2025-02-13,1.9151075711,1.8399858000,1.6347847279,1.5107542620,1.7249512450,1.4927899792,1.1096336271
2025-02-14,1.9151075711,1.8306194730,1.6347847279,1.5107542620,1.7161704938,1.4955865259,1.1192576843
2025-02-17,1.9151075711,1.8480714742,1.6347847279,1.5107542620,1.7325314087,1.5029951655,1.1216416773
2025-02-18,1.9151075711,1.7965588572,1.6347847279,1.5107542620,1.6845765751,1.4749502272,1.1118045098
2025-02-19,1.9151075711,1.8254729886,1.6347847279,1.5107542620,1.6845765751,1.4918742782,1.1195844533
2025-02-20,1.9151075711,1.8319339303,1.6347847279,1.5107542620,1.6845765751,1.4959304959,1.1163849587
2025-02-21,1.9151075711,1.8398172380,1.6347847279,1.5107542620,1.6845765751,1.5070566941,1.1304615987
2025-02-24,1.9151075711,1.8451004142,1.6347847279,1.5107542620,1.6845765751,1.5113566855,1.1279838372
2025-02-25,1.9151075711,1.8398455439,1.6347847279,1.5107542620,1.6845765751,1.4976125983,1.1154614811
2025-02-26,1.9151075711,1.8560275334,1.6347847279,1.5107542620,1.6845765751,1.5144925866,1.1252048800
2025-02-27,1.9151075711,1.8702215982,1.6347847279,1.5107542620,1.6845765751,1.5180984012,1.1275292021
2025-02-28,1.9151075711,1.8210474787,1.6347847279,1.5107542620,1.6845765751,1.4838300802,1.1053458496
2025-03-03,1.9151075711,1.8209056085,1.6347847279,1.5107542620,1.6845765751,1.4870334312,1.1048968974
2025-03-04,1.9151075711,1.8232822825,1.6347847279,1.5107542620,1.6845765751,1.4931123655,1.1039734198
2025-03-05,1.9151075711,1.8389134940,1.6347847279,1.5107542620,1.6845765751,1.4961612986,1.1089033694
2025-03-06,1.9151075711,1.8593025514,1.6347847279,1.5107542620,1.6845765751,1.5180455103,1.1241535363
2025-03-07,1.9151075711,1.8575714547,1.6347847279,1.5107542620,1.6845765751,1.5138000027,1.1206784191
2025-03-10,1.9151075711,1.8608345458,1.6347847279,1.5107542620,1.6845765751,1.5157685382,1.1163565440
2025-03-11,1.9151075711,1.8718222887,1.6347847279,1.5107542620,1.6845765751,1.5263468166,1.1199424785
2025-03-12,1.9151075711,1.8698492301,1.6347847279,1.5107542620,1.6845765751,1.5257574922,1.1159104333
2025-03-13,1.9151075711,1.8475048545,1.6347847279,1.5107542620,1.6845765751,1.5190494469,1.1114635335
2025-03-14,1.9151075711,1.8833340501,1.6347847279,1.5107542620,1.6845765751,1.5458354639,1.1384518109
2025-03-17,1.9151075711,1.8965874565,1.6347847279,1.5107542620,1.6845765751,1.5506434854,1.1356756952
2025-03-18,1.9151075711,1.8988889855,1.6347847279,1.5107542620,1.6828919985,1.5532238549,1.1387814214
2025-03-19,1.9151075711,1.8809580949,1.6347847279,1.5107542620,1.6670007313,1.5475375009,1.1394775814
2025-03-20,1.9151075711,1.8742857240,1.6347847279,1.5107542620,1.6610873368,1.5411806577,1.1294812917
2025-03-21,1.9151075711,1.8249004785,1.6347847279,1.5107542620,1.6173196205,1.5229789608,1.1123500720
2025-03-24,1.9151075711,1.8110822245,1.6347847279,1.5107542620,1.6050731809,1.5158413488,1.1180756330
2025-03-25,1.9151075711,1.7789849591,1.6347847279,1.5107542620,1.5766269519,1.5132723658,1.1173510583
2025-03-26,1.9151075711,1.7881327441,1.6347847279,1.5107542620,1.5847341842,1.5176877339,1.1136741967
2025-03-27,1.9151075711,1.7840501384,1.6347847279,1.5107542620,1.5811159713,1.5141301483,1.1173823145
2025-03-28,1.9151075711,1.7688392004,1.6347847279,1.5107542620,1.5676352645,1.5005402503,1.1124836210
2025-03-31,1.9151075711,1.7615168194,1.6347847279,1.5107542620,1.5611457980,1.4862156035,1.1045672869
2025-04-01,1.9151075711,1.7543305730,1.6347847279,1.5107542620,1.5547769809,1.4940691546,1.1046724213
2025-04-02,1.9151075711,1.7616652687,1.6347847279,1.5107542620,1.5612773613,1.4954744233,1.1037375778
2025-04-03,1.9151075711,1.7284540016,1.6347847279,1.5107542620,1.5318438472,1.4903197391,1.0972334541
2025-04-07,1.9151075711,1.5295213255,1.6347847279,1.5107542620,1.3555395918,1.3554322369,1.0199284344
2025-04-08,1.9151075711,1.5168781862,1.6347847279,1.5107542620,1.3443345986,1.3755282378,1.0373523255
2025-04-09,1.9151075711,1.5568772070,1.6347847279,1.5107542620,1.3797837653,1.4023059135,1.0475901402
2025-04-10,1.9151075711,1.5975779329,1.6347847279,1.5107542620,1.4158548187,1.4299919636,1.0613229624
2025-04-11,1.9151075711,1.6261373186,1.6347847279,1.5107542620,1.4411655988,1.4319665874,1.0656988254
2025-04-14,1.9151075711,1.6443052375,1.6347847279,1.5107542620,1.4572669326,1.4485139783,1.0681481721
2025-04-15,1.9151075711,1.6358408343,1.6347847279,1.5107542620,1.4497653479,1.4477902897,1.0687420393
2025-04-16,1.9151075711,1.6130317943,1.6347847279,1.5107542620,1.4295508166,1.4402467583,1.0720353024
2025-04-17,1.9151075711,1.6130317943,1.6347847279,1.5107542620,1.4295508166,1.4439416654,1.0718648143
2025-04-18,1.9151075711,1.6130317943,1.6347847279,1.5107542620,1.4295508166,1.4408812266,1.0719500584
2025-04-21,1.9151075711,1.6130317943,1.6347847279,1.5107542620,1.4295508166,1.4564443042,1.0754621147
2025-04-22,1.9151075711,1.6130317943,1.6347847279,1.5107542620,1.4295508166,1.4573627005,1.0751978580
2025-04-23,1.9151075711,1.6130317943,1.6347847279,1.5107542620,1.4295508166,1.4575878724,1.0760304086
2025-04-24,1.9151075711,1.6130317943,1.6347847279,1.5107542620,1.4295508166,1.4528354999,1.0753143583
2025-04-25,1.9151075711,1.6130317943,1.6347847279,1.5107542620,1.4295508166,1.4563256991,1.0760616647
2025-04-28,1.9151075711,1.6130317943,1.6347847279,1.5107542620,1.4295508166,1.4437076024,1.0745357956
2025-04-29,1.9151075711,1.6130317943,1.6347847279,1.5107542620,1.4295508166,1.4467693898,1.0726774745
2025-04-30,1.9151075711,1.6130317943,1.6347847279,1.5107542620,1.4295508166,1.4503529763,1.0713959718
2025-05-06,1.9151075711,1.6130317943,1.6347847279,1.5107542620,1.4295508166,1.4764016329,1.0821850316
2025-05-07,1.9151075711,1.6130317943,1.6347847279,1.5107542620,1.4295508166,1.4852704122,1.0887459847
2025-05-08,1.9151075711,1.6130317943,1.6347847279,1.5107542620,1.4295508166,1.4925723759,1.0947897903
2025-05-09,1.9151075711,1.6130317943,1.6347847279,1.5107542620,1.4295508166,1.4838653972,1.0928746399
2025-05-12,1.9151075711,1.6130317943,1.6347847279,1.5107542620,1.4295508166,1.4985265376,1.1055049719
2025-05-13,1.9151075711,1.6130317943,1.6347847279,1.5107542620,1.4295508166,1.4982985531,1.1071104022
2025-05-14,1.9151075711,1.6130317943,1.6347847279,1.5107542620,1.4295508166,1.5070371486,1.1204511015
2025-05-15,1.9151075711,1.6130317943,1.6347847279,1.5107542620,1.4295508166,1.4947863707,1.1102189698
2025-05-16,1.9151075711,1.6130317943,1.6347847279,1.5107542620,1.4295508166,1.4937414977,1.1050730685
2025-05-19,1.9151075711,1.6114187625,1.6347847279,1.5107542620,1.4295508166,1.5013839976,1.1016803539
2025-05-20,1.9151075711,1.6278162678,1.6347847279,1.5107542620,1.4295508166,1.5131722662,1.1076531228
2025-05-21,1.9151075711,1.6233966139,1.6347847279,1.5107542620,1.4295508166,1.5134548100,1.1128274388
2025-05-22,1.9151075711,1.6099198968,1.6347847279,1.5107542620,1.4295508166,1.5015792151,1.1121142300
2025-05-23,1.9151075711,1.5905471788,1.6347847279,1.5107542620,1.4295508166,1.4860514101,1.1031351863
2025-05-26,1.9151075711,1.5955775232,1.6347847279,1.5107542620,1.4295508166,1.4898397873,1.0968384899
2025-05-27,1.9151075711,1.5995302592,1.6347847279,1.5107542620,1.4295508166,1.4882060089,1.0909538065
2025-05-28,1.9151075711,1.5959436254,1.6347847279,1.5107542620,1.4295508166,1.4868707455,1.0900559021
2025-05-29,1.9151075711,1.6010223926,1.6347847279,1.5107542620,1.4295508166,1.5003169206,1.0964378427
2025-05-30,1.9151075711,1.5968217816,1.6347847279,1.5107542620,1.4295508166,1.4885498787,1.0911896485
2025-06-03,1.9151075711,1.6152861118,1.6347847279,1.5107542620,1.4295508166,1.4964983782,1.0945368995
2025-06-04,1.9151075711,1.6265730151,1.6347847279,1.5107542620,1.4295508166,1.5104642309,1.0992906780
2025-06-05,1.9151075711,1.6100002077,1.6347847279,1.5107542620,1.4295508166,1.5094606851,1.1017968542
2025-06-06,1.9151075711,1.6025632750,1.6347847279,1.5107542620,1.4295508166,1.5083304477,1.1007796081
2025-06-09,1.9151075711,1.6142258058,1.6347847279,1.5107542620,1.4295508166,1.5194085865,1.1039819442
2025-06-10,1.9151075711,1.6087111907,1.6347847279,1.5107542620,1.4295508166,1.5108624707,1.0983615175
2025-06-11,1.9151075711,1.6169272221,1.6347847279,1.5107542620,1.4295508166,1.5208002816,1.1066472426
2025-06-12,1.9151075711,1.6108680767,1.6347847279,1.5107542620,1.4295508166,1.5206530650,1.1059567655
2025-06-13,1.9151075711,1.5941971641,1.6347847279,1.5107542620,1.4295508166,1.5030671081,1.0979949679
2025-06-16,1.9151075711,1.5892438740,1.6347847279,1.5107542620,1.4295508166,1.5095806063,1.1007284616
2025-06-17,1.9151075711,1.5864100496,1.6347847279,1.5107542620,1.4295508166,1.5087745212,1.0997566790
2025-06-18,1.9151075711,1.5777188930,1.6347847279,1.5107542620,1.4295508166,1.5026828752,1.1010609136
2025-06-19,1.9151075711,1.5575222891,1.6347847279,1.5107542620,1.4295508166,1.4826683686,1.0920023087
2025-06-20,1.9151075711,1.5560028939,1.6347847279,1.5107542620,1.4295508166,1.4764556619,1.0930110304
2025-06-23,1.9151075711,1.5655583617,1.6347847279,1.5107542620,1.4295508166,1.4876891284,1.0962105251
2025-06-24,1.9151075711,1.5773708068,1.6347847279,1.5107542620,1.4295508166,1.5078579891,1.1093182240
2025-06-25,1.9151075711,1.5859160130,1.6347847279,1.5107542620,1.4295508166,1.5230042112,1.1252418192
2025-06-26,1.9151075711,1.5808921561,1.6347847279,1.5107542620,1.4295508166,1.5191891219,1.1212495545
2025-06-27,1.9151075711,1.5692698818,1.6347847279,1.5107542620,1.4295508166,1.5209121802,1.1143561494
2025-06-30,1.9151075711,1.5770580298,1.6347847279,1.5107542620,1.4295508166,1.5336322600,1.1184251338
2025-07-01,1.9151075711,1.5946300318,1.6347847279,1.5107542620,1.4295508166,1.5386781628,1.1203232354
2025-07-02,1.9151075711,1.5933594146,1.6347847279,1.5107542620,1.4295508166,1.5375427498,1.1205846506
2025-07-03,1.9151075711,1.6020858556,1.6347847279,1.5107542620,1.4295508166,1.5436601245,1.1275149948
2025-07-04,1.9151075711,1.6059267780,1.6347847279,1.5107542620,1.4295508166,1.5401125461,1.1315299912
2025-07-07,1.9151075711,1.6105713831,1.6347847279,1.5107542620,1.4295508166,1.5438494650,1.1266909686
2025-07-08,1.9151075711,1.6141784969,1.6347847279,1.5107542620,1.4295508166,1.5590309383,1.1361473792
2025-07-09,1.9151075711,1.6185748471,1.6347847279,1.5107542620,1.4295508166,1.5580427316,1.1341441431
2025-07-10,1.9151075711,1.6219683712,1.6347847279,1.5107542620,1.4295508166,1.5647054120,1.1394349594
2025-07-11,1.9151075711,1.6207030298,1.6347847279,1.5107542620,1.4295508166,1.5692024531,1.1407960233
2025-07-14,1.9151075711,1.6287060956,1.6347847279,1.5107542620,1.4295508166,1.5718009990,1.1416086836
2025-07-15,1.9131924636,1.6071025353,1.6331499431,1.5092435077,1.4281212658,1.5630158497,1.1420036478
2025-07-16,1.9124266128,1.6064592123,1.6324961934,1.5086393577,1.4275495890,1.5648959186,1.1386336650
2025-07-17,1.9365471279,1.6267207080,1.6530860811,1.5276670988,1.4455545839,1.5761065209,1.1463880353
2025-07-18,1.9378909067,1.6278494969,1.6542331649,1.5287271538,1.4465576608,1.5820926620,1.1532246110
2025-07-21,1.9405325423,1.6300684996,1.6564881325,1.5308110379,1.4485295355,1.6017581294,1.1609136275
2025-07-22,1.9349649284,1.6253916432,1.6517354751,1.5264189628,1.4443735356,1.6184198789,1.1703899283
2025-07-23,1.9302758969,1.6214528056,1.6477327981,1.5227199673,1.4408733621,1.6123827627,1.1706200873
2025-07-24,1.9407749032,1.6302720854,1.6566950180,1.5310022271,1.4487104482,1.6320254010,1.1789370686
2025-07-25,1.9369326099,1.6270445171,1.6534151383,1.5279711906,1.4458423307,1.6257793958,1.1727199333
2025-07-28,1.9537310238,1.6411553680,1.6677546934,1.5412228093,1.4583816714,1.6253119000,1.1751806459
2025-07-29,1.9700503273,1.6548637609,1.6816852676,1.5540964764,1.4705633755,1.6292972871,1.1797838265
2025-07-30,1.9647729287,1.6504306885,1.6771803454,1.5499333409,1.4666240095,1.6273413659,1.1795621919
2025-07-31,1.9562544091,1.6432750392,1.6699087196,1.5432134104,1.4602652771,1.6016382544,1.1580664750
2025-08-01,1.9466877677,1.6352389560,1.6617423901,1.5356666571,1.4531241638,1.5996053011,1.1521959990
2025-08-04,1.9667690963,1.6521074911,1.6788843250,1.5515080402,1.4681140684,1.6091154078,1.1566769964
2025-08-05,1.9933960465,1.6744744196,1.7016137697,1.5725130110,1.4879900164,1.6224681410,1.1659828091
2025-08-06,2.0110835359,1.6893321036,1.7167122623,1.5864659870,1.5011930162,1.6315554406,1.1688356445
2025-08-07,2.0115444070,1.6897192404,1.7171056736,1.5868295504,1.5015370379,1.6331638125,1.1691709379
2025-08-08,2.0097625112,1.6882224285,1.7155846019,1.5854238817,1.5002069244,1.6341890688,1.1664147125
2025-08-11,2.0240830266,1.7002518176,1.7278089595,1.5967207822,1.5108966134,1.6471078342,1.1713986500
2025-08-12,2.0301183931,1.7053215913,1.7329609025,1.6014818493,1.5154017719,1.6504599732,1.1774566630
2025-08-13,2.0703035683,1.7390775767,1.7672639942,1.6331823791,1.5453983898,1.6613450567,1.1867624757
2025-08-14,2.0414123255,1.7148086177,1.7426016916,1.6103911956,1.5238322384,1.6431024446,1.1858333151
2025-08-15,2.0653257884,1.7348961873,1.7630148342,1.6292556012,1.5416826772,1.6640526023,1.1940849426
2025-08-18,2.1211013683,1.7817482827,1.8106262935,1.6732547981,1.5833169055,1.6838090999,1.2046154286
2025-08-19,2.1189090658,1.7799067247,1.8087548881,1.6715253755,1.5816804398,1.6868459123,1.2000577115
2025-08-20,2.1292409742,1.7885856405,1.8175744690,1.6796758182,1.5893927941,1.7019905115,1.2137052896
2025-08-21,2.1304648555,1.7896137141,1.8186192053,1.6806412908,1.5903063723,1.7042660576,1.2184420193
2025-08-22,2.1805477368,1.8316838806,1.8613712317,1.7201497380,1.6276912299,1.7218947840,1.2439953547
2025-08-25,2.2307275600,1.8738354794,1.9042060102,1.7597346589,1.6651484507,1.7516014041,1.2699152396
2025-08-26,2.2271498253,1.8708301432,1.9011519645,1.7569123225,1.6624778156,1.7555649768,1.2651898758
2025-08-27,2.1970519416,1.8455475926,1.8754596424,1.7331692666,1.6400109553,1.7188803666,1.2463054694
2025-08-28,2.2498604686,1.8899073313,1.9205383495,1.7748278702,1.6794303978,1.7344729336,1.2683694802
2025-08-29,2.2499621167,1.8899927168,1.9206251190,1.7749080565,1.6795062741,1.7394768644,1.2777406467
2025-09-01,2.2907252338,1.9242341797,1.9554215567,1.8070645023,1.7099343024,1.7524999071,1.2853984070
2025-09-02,2.2202973263,1.8650739694,1.8953024964,1.7515066512,1.6573627006,1.7330931067,1.2759476794
2025-09-03,2.1885812619,1.8384321294,1.8682288539,1.7264870752,1.6336879335,1.7104549377,1.2672470997
2025-09-04,2.1039695543,1.7673573721,1.7960021396,1.6597401729,1.5705286950,1.6888823575,1.2403611152
2025-09-05,2.1625807691,1.8165914318,1.8460341693,1.7059762924,1.6142796108,1.7222609879,1.2673863318
2025-09-08,2.1701134625,1.8229189764,1.8524642687,1.7119185428,1.6199024635,1.7373139686,1.2694463972
2025-09-09,2.1338448463,1.7924529433,1.8215044518,1.6833076348,1.5928293996,1.7293497121,1.2605497561
2025-09-10,2.1512486485,1.8070723270,1.8363607818,1.6970368210,1.6058206383,1.7313083602,1.2631354934
2025-09-11,2.2423599498,1.8836068137,1.9141357152,1.7689110012,1.6738315621,1.7587143026,1.2923088609
2025-09-12,2.2390395183,1.8808176151,1.9113013101,1.7662916413,1.6713529935,1.7535506946,1.2849125157
2025-09-15,2.2192906862,1.8642283806,1.8944432026,1.7507125517,1.6566112842,1.7545201927,1.2880551810
2025-09-16,2.2492618121,1.8894044533,1.9200273211,1.7743556133,1.6789835249,1.7639887471,1.2852932727
2025-09-17,2.2662071117,1.9036386898,1.9344922616,1.7877231045,1.6916325098,1.7709225533,1.2931584603
2025-09-18,2.2365892168,1.8787593351,1.9092096702,1.7643586933,1.6695239419,1.7460960938,1.2781242451
2025-09-19,2.2344278359,1.8769437515,1.9073646602,1.7626536634,1.6679105579,1.7461440689,1.2792068449
2025-09-22,2.2658449592,1.9033344778,1.9341831190,1.7874374164,1.6913621776,1.7424923546,1.2850858454
2025-09-23,2.2415708993,1.8829440027,1.9134621615,1.7682885498,1.6732425676,1.7272817363,1.2842817095
2025-09-24,2.2725988326,1.9090078051,1.9399483978,1.7927652858,1.6964036726,1.7449312249,1.2974348719
2025-09-25,2.2909850618,1.9244524381,1.9556433526,1.8072694706,1.7101282536,1.7422637942,1.3052261813
2025-09-26,2.2437059546,1.8847374724,1.9152846992,1.7699728123,1.6748363006,1.7302435466,1.2928828377
2025-09-29,2.2874132685,1.9214520928,1.9525943786,1.8044518211,1.7074620535,1.7468807813,1.3127731244
2025-09-30,2.2995114564,1.9316147025,1.9629217007,1.8139956134,1.7164928643,1.7529933928,1.3186379174
2025-10-09,2.3569635100,1.9798750542,2.0119642408,1.8593173155,1.7593785129,1.7698304826,1.3381843862
2025-10-10,2.2892773284,1.9230179234,1.9541855877,1.8059223058,1.7088534992,1.7622154959,1.3118581712
2025-10-13,2.2999985288,1.9320238487,1.9633374781,1.8143798460,1.7168564443,1.7553815787,1.3053654133
2025-10-14,2.2236480907,1.8678886480,1.8981627944,1.7541499396,1.6598639115,1.7424432153,1.2897600627
2025-10-15,2.2561278155,1.8951719711,1.9258883170,1.7797719377,1.6841087204,1.7620342575,1.3088632623
2025-10-16,2.2412077016,1.8826389126,1.9131521267,1.7680020371,1.6729714551,1.7509090110,1.3123099648
2025-10-17,2.1661137196,1.8195591488,1.8490499860,1.7087633004,1.6169168163,1.7163673622,1.2827046939
2025-10-20,2.1887735625,1.8385936640,1.8683930066,1.7266387737,1.6338314781,1.7284762424,1.2895213793
2025-10-21,2.2497410713,1.8898070363,1.9204364290,1.7747336824,1.6793412726,1.7520551662,1.3093122145
2025-10-22,2.2331762893,1.8758924387,1.9062963081,1.7616663667,1.6669763287,1.7477639077,1.3049647661
2025-10-23,2.2312244907,1.8742529066,1.9046302029,1.7601266684,1.6655193895,1.7519566013,1.3088774696
2025-10-24,2.2928152221,1.9259897927,1.9572056241,1.8087132133,1.7114943946,1.7584783471,1.3243180150
2025-10-27,2.3477149862,1.9721061933,2.0040694647,1.8520215129,1.7524748616,1.7747253861,1.3400427073
2025-10-28,2.3425210095,1.9677431962,1.9996357535,1.8479241857,1.7485977668,1.7699928608,1.3332089731
2025-10-29,2.3883745839,2.0062606988,2.0387775355,1.8840962963,1.7828256168,1.7826423802,1.3490842633
2025-10-30,2.3577341768,1.9805224227,2.0126221016,1.8599252647,1.7599537846,1.7665335781,1.3383065694
2025-10-31,2.3108903812,1.9411731235,1.9726350414,1.8229720069,1.7249867743,1.7671353767,1.3186322345
2025-11-03,2.3099133671,1.9403524210,1.9718010373,1.8222012783,1.7242574726,1.7774012784,1.3222494252
2025-11-04,2.2730153906,1.9093577183,1.9403039823,1.7930938923,1.6967146163,1.7642476526,1.3123895260
2025-11-05,2.2924616644,1.9256928004,1.9569038182,1.8084343053,1.7112304780,1.7715292234,1.3148218239
2025-11-06,2.3436219653,1.9686680111,2.0005755575,1.8487926871,1.7494195861,1.7835338635,1.3336153033
2025-11-07,2.3495239933,1.9736257790,2.0056136794,1.8534485687,1.7538252127,1.7835735743,1.3294639163
2025-11-10,2.3457455768,1.9704518679,2.0023883265,1.8504679221,1.7510047767,1.7985586694,1.3340841457
2025-11-11,2.3217846222,1.9503244048,1.9819346438,1.8315660521,1.7331188873,1.7956883179,1.3218999244
2025-11-12,2.3162887003,1.9457077704,1.9772431845,1.8272305319,1.7290164025,1.7916915369,1.3201211645
2025-11-13,2.3632390968,1.9851466156,2.0173212419,1.8642678831,1.7640629862,1.8119795137,1.3360788573
2025-11-14,2.3103012091,1.9406782125,1.9721321091,1.8225072318,1.7245469810,1.7981281578,1.3150718732
2025-11-17,2.3174868196,1.9467142037,1.9782659297,1.8281756819,1.7299107504,1.7983673735,1.3065218914
2025-11-18,2.2956088645,1.9283364828,1.9595903486,1.8109170096,1.7135797364,1.7793034774,1.2980372634
2025-11-19,2.2975723329,1.9299858177,1.9612664154,1.8124659139,1.7150453866,1.7717355171,1.3037486172
2025-11-20,2.2814224139,1.9164197095,1.9474804320,1.7997258677,1.7029901213,1.7616261733,1.2971166273
2025-11-21,2.1785923398,1.8300413258,1.8597020549,1.7186072010,1.6262316046,1.7096186281,1.2654797057
2025-11-24,2.1941898618,1.8431434144,1.8730164980,1.7309114826,1.6378745278,1.7205117141,1.2638998487
2025-11-25,2.2415664231,1.8829402426,1.9134583406,1.7682850187,1.6732392263,1.7390740017,1.2759334721
2025-11-26,2.2659791004,1.9034471578,1.9342976253,1.7875432352,1.6914623086,1.7396824439,1.2836707936
2025-11-27,2.2640910450,1.9018611707,1.9326859330,1.7860538214,1.6900529511,1.7381001362,1.2830371459
2025-11-28,2.2867440345,1.9208899289,1.9520231033,1.8039238883,1.7069624972,1.7511123333,1.2862366405
2025-12-01,2.3254036682,1.9533644429,1.9850239539,1.8344209775,1.7358203597,1.7653496351,1.3003956831
2025-12-02,2.3051328086,1.9363366997,1.9677202305,1.8184300806,1.7206889778,1.7584508801,1.2940989867
2025-12-03,2.2834132105,1.9180920004,1.9491798269,1.8012963301,1.7044761709,1.7466727786,1.2874840457
2025-12-04,2.2913029209,1.9247194432,1.9559146852,1.8075202174,1.7103655226,1.7386838544,1.2918940063
2025-12-05,2.3257164279,1.9536271644,1.9852909336,1.8346677015,1.7360538222,1.7568648270,1.3026830661
2025-12-08,2.3765657744,1.9963411701,2.0286972342,1.8747807834,1.7740108153,1.7685192131,1.3132561742
2025-12-09,2.3698414884,1.9906926965,2.0229572120,1.8694762544,1.7689914061,1.7568248325,1.3065701964
2025-12-10,2.3691660079,1.9905237090,2.0227854856,1.8693175568,1.7688412385,1.7644927440,1.3047544974
2025-12-11,2.3691660079,1.9653502053,1.9972039778,1.8456769078,1.7464712807,1.7407429193,1.2934880707
2025-12-12,2.3691660079,1.9851207593,2.0172949667,1.8642436013,1.7640400095,1.7468590503,1.3016629785
2025-12-15,2.3691660079,1.9751412450,2.0071537075,1.8548717555,1.7551719029,1.7434818409,1.2934539731
2025-12-16,2.3691660079,1.9299750355,1.9612554584,1.8124557882,1.7150358052,1.7220045065,1.2779651228
2025-12-17,2.3691660079,1.9737593436,2.0057494087,1.8535740003,1.7539439024,1.7402446598,1.3013589413
2025-12-18,2.3691660079,1.9651597330,1.9970104184,1.8454980337,1.7463020211,1.7392021257,1.2936614004
2025-12-19,2.3691660079,1.9850048279,2.0171771562,1.8641347291,1.7639369892,1.7594024149,1.2980344220
2025-12-22,2.3691660079,2.0206015613,2.0533508301,1.8975639208,1.7955693529,1.7720130601,1.3103777656
2025-12-23,2.3691660079,2.0220217489,2.0547940357,1.8988976310,1.7968313758,1.7658401069,1.3129663443
2025-12-24,2.3691660079,2.0333936470,2.0663502459,1.9095770761,1.8069367979,1.7790854715,1.3167540231
2025-12-25,2.3691660079,2.0331627715,2.0661156285,1.9093602590,1.8067316348,1.7891940941,1.3191635893
2025-12-26,2.3691660079,2.0580291725,2.0913850563,1.9327125054,1.8288286917,1.7948340234,1.3233405495
2025-12-29,2.3691660079,2.0426559543,2.0757626738,1.9182753868,1.8151675721,1.7897743978,1.3182628435
2025-12-30,2.3691660079,2.0459507452,2.0791108656,1.9213695527,1.8180954257,1.7894841652,1.3216470337
2025-12-31,2.3691660079,2.0393093620,2.0723618410,1.9151325739,1.8121936862,1.7909165024,1.3155833377
2026-01-05,2.3691660079,2.0663534939,2.0998442956,1.9405299456,1.8362259424,1.8160742481,1.3405342815
2026-01-06,2.3691660079,2.1031367012,2.1372236735,1.9750733649,1.8689126437,1.8425196739,1.3612599602
2026-01-07,2.3691660079,2.1250802973,2.1595229244,1.9956807806,1.8884124053,1.8452721973,1.3572762199
2026-01-08,2.3691660079,2.1167732683,2.1510812577,1.9878795798,1.8810305211,1.8524523103,1.3461888059
2026-01-09,2.3667968419,2.1385812440,2.1732426902,2.0083596332,1.9004097662,1.8757861204,1.3522326115
2026-01-12,2.4096581410,2.1773096929,2.2125988374,2.0447298453,1.9348250696,1.9056046903,1.3610411670
2026-01-13,2.3791960862,2.1497849057,2.1846279373,2.0188810862,1.9103656882,1.8879385235,1.3528321616
2026-01-14,2.3908770852,2.1603395782,2.1953536765,2.0287930678,1.9197448982,1.8928022347,1.3474049548
2026-01-15,2.3942775182,2.1634121285,2.1984760257,2.0316785257,1.9224752619,1.8829712378,1.3501043509
2026-01-16,2.3685195082,2.1401378043,2.1748244787,2.0098214120,1.9017929740,1.8693851066,1.3445464365
2026-01-19,2.3960475050,2.1650114464,2.2001012649,2.0331804585,1.9238964655,1.8840372626,1.3452823771
2026-01-20,2.3819719556,2.1522931152,2.1871767991,2.0212365668,1.9125945611,1.8831610333,1.3408553676
2026-01-21,2.4070864478,2.1749859721,2.2102374545,2.0425476196,1.9327601391,1.8874710204,1.3420459433
2026-01-22,2.4550057282,2.2182846923,2.2542379466,2.0832098119,1.9712367277,1.9025016446,1.3422277974
2026-01-23,2.4786965846,2.2396911858,2.2759913898,2.1033128299,1.9902592032,1.9179165953,1.3362010405
2026-01-26,2.4942281714,2.2537251576,2.2902528198,2.1164922509,2.0027302268,1.9074088826,1.3374683359
2026-01-27,2.5048366231,2.2633107019,2.2999937235,2.1254941161,2.0112482393,1.9009309933,1.3371074693
2026-01-28,2.5553507435,2.3089540577,2.3463768523,2.1683581755,2.0518083440,1.9034548152,1.3406024768
2026-01-29,2.5564299031,2.3099291606,2.3473677595,2.1692739029,2.0526748508,1.9106608573,1.3507976694
2026-01-30,2.5218434532,2.2786776684,2.3156097529,2.1399253637,2.0249038034,1.8947703920,1.3372921648
2026-02-02,2.4036124119,2.1718469160,2.2070475216,2.0395997056,1.9299706763,1.8439413066,1.3087751767
2026-02-03,2.4686627895,2.2306248876,2.2667781479,2.0947985930,1.9822026088,1.8820379395,1.3241560512
2026-02-04,2.4694601617,2.2313453741,2.2675103118,2.0954752080,1.9828428555,1.9014949012,1.3351155992
2026-02-05,2.4139957625,2.1812290642,2.2165817327,2.0484105599,1.9383079448,1.8891232788,1.3270856063
2026-02-06,2.4211029572,2.1889648606,2.2244429084,2.0556753113,1.9451822139,1.8836934163,1.3194647851
2026-02-09,2.4211029572,2.2441822450,2.2805552387,2.1075304214,1.9942500980,1.9150310256,1.3409065140
2026-02-10,2.4211029572,2.2623547132,2.2990222404,2.1245963391,2.0103987181,1.9169364004,1.3423954441
2026-02-11,2.4211029572,2.2601152819,2.2967465131,2.1224932704,2.0084086898,1.9182925894,1.3394175840
2026-02-12,2.4211029572,2.2718327425,2.3086538867,2.1334972362,2.0188211895,1.9204406307,1.3410542705
2026-02-13,2.4211029572,2.2311187853,2.2672800505,2.0952624165,1.9826415016,1.8999554793,1.3242412953
2026-02-24,2.4211029572,2.2754919208,2.3123723717,2.1369336013,2.0220728491,1.9214494974,1.3376331412
2026-02-25,2.4211029572,2.2968932298,2.3341205464,2.1570317506,2.0410907175,1.9415298053,1.3456887072
2026-02-26,2.4211029572,2.3036469434,2.3409837220,2.1633742198,2.0470922773,1.9394675077,1.3431257017
2026-02-27,2.4211029572,2.3186849308,2.3562654404,2.1774965203,2.0604555003,1.9535601851,1.3385168382
2026-03-02,2.4211029572,2.3719423440,2.4103860328,2.2275110050,2.1077816931,1.9473449774,1.3436371663
2026-03-03,2.4211029572,2.3118381819,2.3493077215,2.1710666807,2.0543712664,1.9035729667,1.3229597926
2026-03-04,2.4211029572,2.2934932451,2.3306654558,2.1538387964,2.0380693854,1.8886712478,1.3078204430
2026-03-05,2.4211029572,2.3037708447,2.3411096315,2.1634905766,2.0472023798,1.9016985720,1.3206269461
2026-03-06,2.4211029572,2.2869569085,2.3240231804,2.1477004677,2.0322609936,1.9194245770,1.3242498197
2026-03-09,2.4211029572,2.2649408818,2.3016503249,2.1270250318,2.0126968679,1.9070331070,1.3114688898
2026-03-10,2.4211029572,2.2782068782,2.3151313324,2.1394832407,2.0244854447,1.9251172433,1.3283188041
2026-03-11,2.4211029572,2.2727454679,2.3095814052,2.1343543843,2.0196322657,1.9297157693,1.3367693344
2026-03-12,2.4211029572,2.2480498358,2.2844855142,2.1111625085,1.9976869594,1.9257030027,1.3319558851
2026-03-13,2.4211029572,2.2055422381,2.2412889668,2.0712432660,1.9599133869,1.9080188182,1.3267218982
2026-03-16,2.4211029572,2.1937319174,2.2292872282,2.0601520944,1.9494183688,1.9037877046,1.3274095338
2026-03-17,2.4211029572,2.1496780299,2.1845193292,2.0187807182,1.9102707150,1.8794993187,1.3177144398
2026-03-18,2.4211029572,2.1578786735,2.1928528863,2.0264820115,1.9175580618,1.8884889371,1.3236502697
2026-03-19,2.4211029572,2.0964321082,2.1304104145,1.9687770253,1.8629547340,1.8510902509,1.3023165165
2026-03-20,2.4211029572,2.0357076817,2.0687017858,1.9117502056,1.8089931211,1.8209198246,1.2977048115
2026-03-23,2.4211029572,1.9625572074,1.9943657118,1.8430539799,1.7439893359,1.7454702840,1.2553612328
2026-03-24,2.4211029572,1.9954272821,2.0277685343,1.8739225435,1.7731987060,1.7851599606,1.2714780479
2026-03-25,2.4211029572,2.0348921676,2.0678730542,1.9109843495,1.8082684300,1.8165164515,1.2893082691
2026-03-26,2.4211029572,2.0143413403,2.0469891455,1.8916848947,1.7900063260,1.7924559247,1.2722765008
2026-03-27,2.4211029572,2.0440733184,2.0772030100,1.9196064454,1.8164270859,1.8093415748,1.2793915405
2026-03-30,2.4211029572,2.0650195354,2.0984887168,1.9392772140,1.8350405454,1.8122809891,1.2763738998
2026-03-31,2.4211029572,2.0319211752,2.0648539089,1.9081942656,1.8056283138,1.7900549059,1.2644681426
2026-04-01,2.4211029572,2.0538614381,2.0871497725,1.9287985509,1.8251251133,1.8167219452,1.2860689938
2026-04-02,2.4211029572,2.0306079112,2.0635193598,1.9069609682,1.8044613065,1.7955892992,1.2726686236
2026-04-03,2.4211029572,2.0047355107,2.0372276277,1.8826639793,1.7814702873,1.7677783208,1.2618369418
2026-04-07,2.4211029572,2.0380299189,2.0710616611,1.9139310381,1.8110567333,1.7811682541,1.2617886368
2026-04-08,2.4211029572,2.0945358920,2.1284834651,1.9669962727,1.8612696974,1.8406191117,1.3058143655
2026-04-09,2.4211029572,2.0830340653,2.1167952204,1.9561948105,1.8510488166,1.8228488482,1.2974774939
2026-04-10,2.4211029572,2.0871841067,2.1210125243,1.9600921493,1.8547366724,1.8359086157,1.3174672320
2026-04-13,2.4211029572,2.1022984416,2.1363718276,1.9742861483,1.8681677402,1.8389926873,1.3201893598
2026-04-14,2.4211029572,2.1254729767,2.1612199983,1.9972490982,1.8887613524,1.8561328650,1.3358543812
2026-04-15,2.4211029572,2.1097006157,2.1612199983,1.9972490982,1.8747455422,1.8490246153,1.3312995056
2026-04-16,2.4211029572,2.1341330054,2.1612199983,1.9972490982,1.8964569231,1.8719538919,1.3458932930
2026-04-17,2.4211029572,2.1428010549,2.1612199983,1.9972490982,1.9041596213,1.8698486044,1.3436371663
2026-04-20,2.4211029572,2.1457504465,2.1612199983,1.9972490982,1.9067805423,1.8796889426,1.3518120741
2026-04-21,2.4211029572,2.1616403161,2.1612199983,1.9972490982,1.9209007743,1.8796808753,1.3548126659
2026-04-22,2.4211029572,2.1814850517,2.1612199983,1.9972490982,1.9385354232,1.8875937595,1.3638002339
2026-04-23,2.4211029572,2.2040634447,2.1612199983,1.9972490982,1.9585992850,1.8783783240,1.3600210795
2026-04-24,2.4211029572,2.1784143285,2.1612199983,1.9972490982,1.9358066831,1.8673825009,1.3552019472
2026-04-27,2.4211029572,2.1790845802,2.1612199983,1.9972490982,1.9364022896,1.8707206841,1.3556508994
2026-04-28,2.4211029572,2.1962656622,2.1612199983,1.9972490982,1.9516699331,1.8646040477,1.3520308672
2026-04-29,2.4211029572,2.2247497098,2.1612199983,1.9972490982,1.9769817432,1.8908309815,1.3668462893
2026-04-30,2.4211029572,2.2139861836,2.1612199983,1.9972490982,1.9674169392,1.8927753587,1.3659824825
2026-05-06,2.4211029572,2.2424424890,2.1612199983,1.9972490982,1.9927040968,1.9188723860,1.3858102568
2026-05-07,2.4211029572,2.2340386849,2.1612199983,1.9972490982,1.9852362152,1.9316867476,1.3924649784
2026-05-08,2.4211029572,2.2346662656,2.1612199983,1.9972490982,1.9857939029,1.9352527753,1.3843383756
2026-05-11,2.4211029572,2.2618226020,2.1612199983,1.9972490982,2.0099258676,1.9483880345,1.4070502415
2026-05-12,2.4211029572,2.2743491050,2.1612199983,1.9972490982,2.0210573075,1.9332545376,1.4059733245
2026-05-13,2.4211029572,2.2901372033,2.1612199983,1.9972490982,2.0350871023,1.9458697190,1.4202630747
2026-05-14,2.4211029572,2.2685258077,2.1612199983,1.9972490982,2.0158825445,1.9105411244,1.3964686090
2026-05-15,2.4186818542,2.2395190116,2.1590587783,1.9952518491,1.9901062039,1.8905736072,1.3808376852
2026-05-18,2.4369461892,2.2564304236,2.1753626061,2.0103187120,2.0051342102,1.8819170035,1.3734299741
2026-05-19,2.4558555348,2.2739390674,2.1922422088,2.0259176660,2.0206929353,1.8915625153,1.3789310591
2026-05-20,2.4643738136,2.2818263583,2.1998461293,2.0329446801,2.0277018271,1.8802254040,1.3783116188
2026-05-21,2.3667361266,2.1914211420,2.1126889430,1.9524000747,1.9473649419,1.8371871269,1.3591032848
2026-05-22,2.4337852071,2.2535035900,2.1725409262,2.0077111118,2.0025333349,1.8568416692,1.3767203958
2026-05-25,2.4763997233,2.2929614538,2.2105811691,2.0428652566,2.0375968191,1.8633200525,1.3984576377
2026-05-26,2.4499921196,2.2685099823,2.1870081769,2.0210807380,2.0158684815,1.8542428521,1.4059164951
2026-05-27,2.4630269097,2.2805792257,2.1986438031,2.0318335738,2.0265935864,1.8296423356,1.3946415441
2026-05-28,2.5034504782,2.3180084353,2.2347282762,2.0651803323,2.0598543454,1.8321821302,1.3963577917
2026-05-29,2.4463229825,2.2651126349,2.1837328876,2.0180539436,2.0128494931,1.8177775643,1.3900809855
2026-06-01,2.4414461887,2.2605970875,2.1793795724,2.0140309126,2.0088368373,1.8273489275,1.3764817124
2026-06-02,2.4718513520,2.2887500012,2.2065210233,2.0391131525,2.0338543914,1.8206668166,1.3964572431
