rank,name,factor_set,description,enabled_factors,top_k,risk_off_exposure,risk_control,market_score_control,market_score_threshold,risk_control_mode,soft_exposure_min,state_aware_risk_control,portfolio_mode,softmax_temperature,rebalances,final_equity,annualized_return,max_drawdown,sharpe_ratio,calmar_ratio,monthly_win_rate,max_consecutive_losing_months,average_turnover,total_transaction_cost,equal_weight_final_equity,excess_return_vs_equal_weight,benchmark_final_equity,excess_return_vs_benchmark
1,rel_ret60_ret5_fundamental_top3_riskoff0_riskctrl1_mscore0,rel_ret60_ret5_fundamental,"market-excess momentum, reversal, valuation, and prosperity",rel_ret60;ret5;valuation;prosperity,3,0.000000,true,false,0.000000,hard,0.200000,false,equal,1.000000,48,1.3588163029,0.0746660774,-0.2527689149,0.5314768906,0.2953926411,0.3454545455,3.0000000000,0.5937500000,0.0285000000,1.0374609450,0.3097517641,0.9667099414,0.4056091127
2,ret60_ret5_fundamental_top3_riskoff0_riskctrl1_mscore0,ret60_ret5_fundamental,"60-day momentum, 5-day overheating penalty, valuation, and prosperity",ret60;ret5;valuation;prosperity,3,0.000000,true,false,0.000000,hard,0.200000,false,equal,1.000000,48,1.3588163029,0.0746660774,-0.2527689149,0.5314768906,0.2953926411,0.3454545455,3.0000000000,0.5937500000,0.0285000000,1.0374609450,0.3097517641,0.9667099414,0.4056091127
3,rel_ret60_ret5_top5_riskoff0_riskctrl1_mscore0,rel_ret60_ret5,60-day market-excess momentum with 5-day overheating penalty,rel_ret60;ret5,5,0.000000,true,false,0.000000,hard,0.200000,false,equal,1.000000,48,1.3494624658,0.0729240688,-0.2448267212,0.5148941360,0.2978599250,0.3272727273,4.0000000000,0.6291666667,0.0302000000,1.0374609450,0.3007356781,0.9667099414,0.3959331626
4,ret60_ret5_top5_riskoff0_riskctrl1_mscore0,ret60_ret5,60-day momentum with 5-day overheating penalty,ret60;ret5,5,0.000000,true,false,0.000000,hard,0.200000,false,equal,1.000000,48,1.3494624658,0.0729240688,-0.2448267212,0.5148941360,0.2978599250,0.3272727273,4.0000000000,0.6291666667,0.0302000000,1.0374609450,0.3007356781,0.9667099414,0.3959331626
5,rel_ret60_ret5_top5_riskoff0_riskctrl1_mscore1,rel_ret60_ret5,60-day market-excess momentum with 5-day overheating penalty,rel_ret60;ret5,5,0.000000,true,true,0.000000,hard,0.200000,false,equal,1.000000,48,1.3079335098,0.0650764702,-0.1725948937,0.5249082578,0.3770474831,0.2909090909,2.0000000000,0.4458333333,0.0214000000,1.0374609450,0.2607062619,0.9667099414,0.3529740968
6,ret60_ret5_top5_riskoff0_riskctrl1_mscore1,ret60_ret5,60-day momentum with 5-day overheating penalty,ret60;ret5,5,0.000000,true,true,0.000000,hard,0.200000,false,equal,1.000000,48,1.3079335098,0.0650764702,-0.1725948937,0.5249082578,0.3770474831,0.2909090909,2.0000000000,0.4458333333,0.0214000000,1.0374609450,0.2607062619,0.9667099414,0.3529740968
7,rel_ret60_ret5_top5_riskoff0p2_riskctrl1_mscore0,rel_ret60_ret5,60-day market-excess momentum with 5-day overheating penalty,rel_ret60;ret5,5,0.200000,true,false,0.000000,hard,0.200000,false,equal,1.000000,48,1.3072580520,0.0649472650,-0.2448267212,0.4654586935,0.2652784987,0.4545454545,4.0000000000,0.7141666667,0.0342800000,1.0374609450,0.2600551936,0.9667099414,0.3522753786
8,ret60_ret5_top5_riskoff0p2_riskctrl1_mscore0,ret60_ret5,60-day momentum with 5-day overheating penalty,ret60;ret5,5,0.200000,true,false,0.000000,hard,0.200000,false,equal,1.000000,48,1.3072580520,0.0649472650,-0.2448267212,0.4654586935,0.2652784987,0.4545454545,4.0000000000,0.7141666667,0.0342800000,1.0374609450,0.2600551936,0.9667099414,0.3522753786
9,rel_ret60_ret5_fundamental_top3_riskoff0p2_riskctrl1_mscore0,rel_ret60_ret5_fundamental,"market-excess momentum, reversal, valuation, and prosperity",rel_ret60;ret5;valuation;prosperity,3,0.200000,true,false,0.000000,hard,0.200000,false,equal,1.000000,48,1.3030299194,0.0641373224,-0.2527689149,0.4654243276,0.2537389631,0.4727272727,6.0000000000,0.7076388889,0.0339666667,1.0374609450,0.2559797317,0.9667099414,0.3479016441
10,ret60_ret5_fundamental_top3_riskoff0p2_riskctrl1_mscore0,ret60_ret5_fundamental,"60-day momentum, 5-day overheating penalty, valuation, and prosperity",ret60;ret5;valuation;prosperity,3,0.200000,true,false,0.000000,hard,0.200000,false,equal,1.000000,48,1.3030299194,0.0641373224,-0.2527689149,0.4654243276,0.2537389631,0.4727272727,6.0000000000,0.7076388889,0.0339666667,1.0374609450,0.2559797317,0.9667099414,0.3479016441
11,rel_ret60_ret5_valuation_top5_riskoff0_riskctrl1_mscore0,rel_ret60_ret5_valuation,"market-excess momentum, reversal, and valuation",rel_ret60;ret5;valuation,5,0.000000,true,false,0.000000,hard,0.200000,false,equal,1.000000,48,1.2990176969,0.0633668779,-0.2310899426,0.4629467749,0.2742087225,0.3272727273,4.0000000000,0.6708333333,0.0322000000,1.0374609450,0.2521123837,0.9667099414,0.3437512550
12,ret60_ret5_valuation_top5_riskoff0_riskctrl1_mscore0,ret60_ret5_valuation,"60-day momentum, 5-day overheating penalty, and valuation",ret60;ret5;valuation,5,0.000000,true,false,0.000000,hard,0.200000,false,equal,1.000000,48,1.2990176969,0.0633668779,-0.2310899426,0.4629467749,0.2742087225,0.3272727273,4.0000000000,0.6708333333,0.0322000000,1.0374609450,0.2521123837,0.9667099414,0.3437512550
13,rel_ret60_ret5_valuation_top5_riskoff0_riskctrl1_mscore1,rel_ret60_ret5_valuation,"market-excess momentum, reversal, and valuation",rel_ret60;ret5;valuation,5,0.000000,true,true,0.000000,hard,0.200000,false,equal,1.000000,48,1.2975318015,0.0630810878,-0.1725948937,0.5110887723,0.3654864083,0.3090909091,2.0000000000,0.4708333333,0.0226000000,1.0374609450,0.2506801415,0.9667099414,0.3422141906
14,ret60_ret5_valuation_top5_riskoff0_riskctrl1_mscore1,ret60_ret5_valuation,"60-day momentum, 5-day overheating penalty, and valuation",ret60;ret5;valuation,5,0.000000,true,true,0.000000,hard,0.200000,false,equal,1.000000,48,1.2975318015,0.0630810878,-0.1725948937,0.5110887723,0.3654864083,0.3090909091,2.0000000000,0.4708333333,0.0226000000,1.0374609450,0.2506801415,0.9667099414,0.3422141906
15,rel_ret60_ret5_top8_riskoff0_riskctrl1_mscore0,rel_ret60_ret5,60-day market-excess momentum with 5-day overheating penalty,rel_ret60;ret5,8,0.000000,true,false,0.000000,hard,0.200000,false,equal,1.000000,48,1.2965923639,0.0629002715,-0.1691206369,0.4887868639,0.3719254651,0.3090909091,4.0000000000,0.5520833333,0.0265000000,1.0374609450,0.2497746254,0.9667099414,0.3412424021
16,ret60_ret5_top8_riskoff0_riskctrl1_mscore0,ret60_ret5,60-day momentum with 5-day overheating penalty,ret60;ret5,8,0.000000,true,false,0.000000,hard,0.200000,false,equal,1.000000,48,1.2965923639,0.0629002715,-0.1691206369,0.4887868639,0.3719254651,0.3090909091,4.0000000000,0.5520833333,0.0265000000,1.0374609450,0.2497746254,0.9667099414,0.3412424021
17,rel_ret60_ret5_fundamental_top5_riskoff0_riskctrl1_mscore0,rel_ret60_ret5_fundamental,"market-excess momentum, reversal, valuation, and prosperity",rel_ret60;ret5;valuation;prosperity,5,0.000000,true,false,0.000000,hard,0.200000,false,equal,1.000000,48,1.2958361877,0.0627546553,-0.2401115054,0.4565582766,0.2613563026,0.3272727273,4.0000000000,0.6125000000,0.0294000000,1.0374609450,0.2490457534,0.9667099414,0.3404601859
18,ret60_ret5_fundamental_top5_riskoff0_riskctrl1_mscore0,ret60_ret5_fundamental,"60-day momentum, 5-day overheating penalty, valuation, and prosperity",ret60;ret5;valuation;prosperity,5,0.000000,true,false,0.000000,hard,0.200000,false,equal,1.000000,48,1.2958361877,0.0627546553,-0.2401115054,0.4565582766,0.2613563026,0.3272727273,4.0000000000,0.6125000000,0.0294000000,1.0374609450,0.2490457534,0.9667099414,0.3404601859
19,rel_ret60_ret5_top5_riskoff0p3_riskctrl1_mscore0,rel_ret60_ret5,60-day market-excess momentum with 5-day overheating penalty,rel_ret60;ret5,5,0.300000,true,false,0.000000,hard,0.200000,false,equal,1.000000,48,1.2853761834,0.0607336797,-0.2448267212,0.4374768572,0.2480680189,0.4727272727,4.0000000000,0.7566666667,0.0363200000,1.0374609450,0.2389634420,0.9667099414,0.3296399762
20,ret60_ret5_top5_riskoff0p3_riskctrl1_mscore0,ret60_ret5,60-day momentum with 5-day overheating penalty,ret60;ret5,5,0.300000,true,false,0.000000,hard,0.200000,false,equal,1.000000,48,1.2853761834,0.0607336797,-0.2448267212,0.4374768572,0.2480680189,0.4727272727,4.0000000000,0.7566666667,0.0363200000,1.0374609450,0.2389634420,0.9667099414,0.3296399762
21,rel_ret60_ret5_valuation_top3_riskoff0_riskctrl1_mscore1,rel_ret60_ret5_valuation,"market-excess momentum, reversal, and valuation",rel_ret60;ret5;valuation,3,0.000000,true,true,0.000000,hard,0.200000,false,equal,1.000000,48,1.2806409935,0.0598146547,-0.1664968097,0.4879583412,0.3592540593,0.2727272727,3.0000000000,0.4437500000,0.0213000000,1.0374609450,0.2343992317,0.9667099414,0.3247417231
22,ret60_ret5_valuation_top3_riskoff0_riskctrl1_mscore1,ret60_ret5_valuation,"60-day momentum, 5-day overheating penalty, and valuation",ret60;ret5;valuation,3,0.000000,true,true,0.000000,hard,0.200000,false,equal,1.000000,48,1.2806409935,0.0598146547,-0.1664968097,0.4879583412,0.3592540593,0.2727272727,3.0000000000,0.4437500000,0.0213000000,1.0374609450,0.2343992317,0.9667099414,0.3247417231
23,rel_ret60_ret5_valuation_top3_riskoff0_riskctrl1_mscore0,rel_ret60_ret5_valuation,"market-excess momentum, reversal, and valuation",rel_ret60;ret5;valuation,3,0.000000,true,false,0.000000,hard,0.200000,false,equal,1.000000,48,1.2796685714,0.0596256014,-0.2621972332,0.4410455436,0.2274074393,0.3272727273,4.0000000000,0.6437500000,0.0309000000,1.0374609450,0.2334619221,0.9667099414,0.3237358142
24,ret60_ret5_valuation_top3_riskoff0_riskctrl1_mscore0,ret60_ret5_valuation,"60-day momentum, 5-day overheating penalty, and valuation",ret60;ret5;valuation,3,0.000000,true,false,0.000000,hard,0.200000,false,equal,1.000000,48,1.2796685714,0.0596256014,-0.2621972332,0.4410455436,0.2274074393,0.3272727273,4.0000000000,0.6437500000,0.0309000000,1.0374609450,0.2334619221,0.9667099414,0.3237358142
25,rel_ret60_ret5_fundamental_top8_riskoff0_riskctrl1_mscore0,rel_ret60_ret5_fundamental,"market-excess momentum, reversal, valuation, and prosperity",rel_ret60;ret5;valuation;prosperity,8,0.000000,true,false,0.000000,hard,0.200000,false,equal,1.000000,48,1.2790695413,0.0595090863,-0.1980862621,0.4597865725,0.3004200578,0.3090909091,4.0000000000,0.5572916667,0.0267500000,1.0374609450,0.2328845220,0.9667099414,0.3231161557
26,ret60_ret5_fundamental_top8_riskoff0_riskctrl1_mscore0,ret60_ret5_fundamental,"60-day momentum, 5-day overheating penalty, valuation, and prosperity",ret60;ret5;valuation;prosperity,8,0.000000,true,false,0.000000,hard,0.200000,false,equal,1.000000,48,1.2790695413,0.0595090863,-0.1980862621,0.4597865725,0.3004200578,0.3090909091,4.0000000000,0.5572916667,0.0267500000,1.0374609450,0.2328845220,0.9667099414,0.3231161557
27,rel_ret60_ret5_top5_riskoff0p2_riskctrl1_mscore1,rel_ret60_ret5,60-day market-excess momentum with 5-day overheating penalty,rel_ret60;ret5,5,0.200000,true,true,0.000000,hard,0.200000,false,equal,1.000000,48,1.2782716300,0.0593538227,-0.1725948937,0.4779592751,0.3438909544,0.4545454545,4.0000000000,0.5675000000,0.0272400000,1.0374609450,0.2321154220,0.9667099414,0.3222907672
28,ret60_ret5_top5_riskoff0p2_riskctrl1_mscore1,ret60_ret5,60-day momentum with 5-day overheating penalty,ret60;ret5,5,0.200000,true,true,0.000000,hard,0.200000,false,equal,1.000000,48,1.2782716300,0.0593538227,-0.1725948937,0.4779592751,0.3438909544,0.4545454545,4.0000000000,0.5675000000,0.0272400000,1.0374609450,0.2321154220,0.9667099414,0.3222907672
29,rel_ret60_ret5_valuation_top5_riskoff0p2_riskctrl1_mscore1,rel_ret60_ret5_valuation,"market-excess momentum, reversal, and valuation",rel_ret60;ret5;valuation,5,0.200000,true,true,0.000000,hard,0.200000,false,equal,1.000000,48,1.2752802599,0.0587710784,-0.1725948937,0.4742145512,0.3405145840,0.4727272727,4.0000000000,0.6125000000,0.0294000000,1.0374609450,0.2292320651,0.9667099414,0.3191963849
30,ret60_ret5_valuation_top5_riskoff0p2_riskctrl1_mscore1,ret60_ret5_valuation,"60-day momentum, 5-day overheating penalty, and valuation",ret60;ret5;valuation,5,0.200000,true,true,0.000000,hard,0.200000,false,equal,1.000000,48,1.2752802599,0.0587710784,-0.1725948937,0.4742145512,0.3405145840,0.4727272727,4.0000000000,0.6125000000,0.0294000000,1.0374609450,0.2292320651,0.9667099414,0.3191963849
31,rel_ret60_ret5_fundamental_top3_riskoff0p3_riskctrl1_mscore0,rel_ret60_ret5_fundamental,"market-excess momentum, reversal, valuation, and prosperity",rel_ret60;ret5;valuation;prosperity,3,0.300000,true,false,0.000000,hard,0.200000,false,equal,1.000000,48,1.2745271269,0.0586241969,-0.2646561936,0.4287493045,0.2215107688,0.4909090909,6.0000000000,0.7645833333,0.0367000000,1.0374609450,0.2285061264,0.9667099414,0.3184173166
32,ret60_ret5_fundamental_top3_riskoff0p3_riskctrl1_mscore0,ret60_ret5_fundamental,"60-day momentum, 5-day overheating penalty, valuation, and prosperity",ret60;ret5;valuation;prosperity,3,0.300000,true,false,0.000000,hard,0.200000,false,equal,1.000000,48,1.2745271269,0.0586241969,-0.2646561936,0.4287493045,0.2215107688,0.4909090909,6.0000000000,0.7645833333,0.0367000000,1.0374609450,0.2285061264,0.9667099414,0.3184173166
33,rel_ret60_ret5_valuation_top5_riskoff0p2_riskctrl1_mscore0,rel_ret60_ret5_valuation,"market-excess momentum, reversal, and valuation",rel_ret60;ret5;valuation,5,0.200000,true,false,0.000000,hard,0.200000,false,equal,1.000000,48,1.2733913165,0.0584025572,-0.2310899426,0.4307659259,0.2527265211,0.4545454545,4.0000000000,0.7725000000,0.0370800000,1.0374609450,0.2274113282,0.9667099414,0.3172423930
34,ret60_ret5_valuation_top5_riskoff0p2_riskctrl1_mscore0,ret60_ret5_valuation,"60-day momentum, 5-day overheating penalty, and valuation",ret60;ret5;valuation,5,0.200000,true,false,0.000000,hard,0.200000,false,equal,1.000000,48,1.2733913165,0.0584025572,-0.2310899426,0.4307659259,0.2527265211,0.4545454545,4.0000000000,0.7725000000,0.0370800000,1.0374609450,0.2274113282,0.9667099414,0.3172423930
35,rel_ret60_ret5_valuation_top5_riskoff0p3_riskctrl1_mscore1,rel_ret60_ret5_valuation,"market-excess momentum, reversal, and valuation",rel_ret60;ret5;valuation,5,0.300000,true,true,0.000000,hard,0.200000,false,equal,1.000000,48,1.2625320765,0.0562758341,-0.1852191564,0.4493377247,0.3038337674,0.4727272727,4.0000000000,0.6833333333,0.0328000000,1.0374609450,0.2169441968,0.9667099414,0.3060091993
36,ret60_ret5_valuation_top5_riskoff0p3_riskctrl1_mscore1,ret60_ret5_valuation,"60-day momentum, 5-day overheating penalty, and valuation",ret60;ret5;valuation,5,0.300000,true,true,0.000000,hard,0.200000,false,equal,1.000000,48,1.2625320765,0.0562758341,-0.1852191564,0.4493377247,0.3038337674,0.4727272727,4.0000000000,0.6833333333,0.0328000000,1.0374609450,0.2169441968,0.9667099414,0.3060091993
37,rel_ret60_ret5_top5_riskoff0p3_riskctrl1_mscore1,rel_ret60_ret5,60-day market-excess momentum with 5-day overheating penalty,rel_ret60;ret5,5,0.300000,true,true,0.000000,hard,0.200000,false,equal,1.000000,48,1.2618425766,0.0561403274,-0.1764047076,0.4479495022,0.3182473312,0.4727272727,4.0000000000,0.6283333333,0.0301600000,1.0374609450,0.2162795936,0.9667099414,0.3052959555
38,ret60_ret5_top5_riskoff0p3_riskctrl1_mscore1,ret60_ret5,60-day momentum with 5-day overheating penalty,ret60;ret5,5,0.300000,true,true,0.000000,hard,0.200000,false,equal,1.000000,48,1.2618425766,0.0561403274,-0.1764047076,0.4479495022,0.3182473312,0.4727272727,4.0000000000,0.6283333333,0.0301600000,1.0374609450,0.2162795936,0.9667099414,0.3052959555
39,rel_ret60_ret5_valuation_top5_riskoff0p3_riskctrl1_mscore0,rel_ret60_ret5_valuation,"market-excess momentum, reversal, and valuation",rel_ret60;ret5;valuation,5,0.300000,true,false,0.000000,hard,0.200000,false,equal,1.000000,48,1.2595586769,0.0556910700,-0.2331088218,0.4115180281,0.2389058878,0.4545454545,4.0000000000,0.8233333333,0.0395200000,1.0374609450,0.2140781617,0.9667099414,0.3029334064
40,ret60_ret5_valuation_top5_riskoff0p3_riskctrl1_mscore0,ret60_ret5_valuation,"60-day momentum, 5-day overheating penalty, and valuation",ret60;ret5;valuation,5,0.300000,true,false,0.000000,hard,0.200000,false,equal,1.000000,48,1.2595586769,0.0556910700,-0.2331088218,0.4115180281,0.2389058878,0.4545454545,4.0000000000,0.8233333333,0.0395200000,1.0374609450,0.2140781617,0.9667099414,0.3029334064
41,rel_ret60_ret5_top8_riskoff0p2_riskctrl1_mscore0,rel_ret60_ret5,60-day market-excess momentum with 5-day overheating penalty,rel_ret60;ret5,8,0.200000,true,false,0.000000,hard,0.200000,false,equal,1.000000,48,1.2555572965,0.0549024685,-0.1729196202,0.4334823502,0.3175028286,0.4181818182,7.0000000000,0.6281250000,0.0301500000,1.0374609450,0.2102212642,0.9667099414,0.2987942326
42,ret60_ret5_top8_riskoff0p2_riskctrl1_mscore0,ret60_ret5,60-day momentum with 5-day overheating penalty,ret60;ret5,8,0.200000,true,false,0.000000,hard,0.200000,false,equal,1.000000,48,1.2555572965,0.0549024685,-0.1729196202,0.4334823502,0.3175028286,0.4181818182,7.0000000000,0.6281250000,0.0301500000,1.0374609450,0.2102212642,0.9667099414,0.2987942326
43,rel_ret60_ret5_top5_riskoff0p5_riskctrl1_mscore0,rel_ret60_ret5,60-day market-excess momentum with 5-day overheating penalty,rel_ret60;ret5,5,0.500000,true,false,0.000000,hard,0.200000,false,equal,1.000000,48,1.2402406702,0.0518659463,-0.2512238250,0.3780827665,0.2064531353,0.4909090909,4.0000000000,0.8416666667,0.0404000000,1.0374609450,0.1954576952,0.9667099414,0.2829501561
44,ret60_ret5_top5_riskoff0p5_riskctrl1_mscore0,ret60_ret5,60-day momentum with 5-day overheating penalty,ret60;ret5,5,0.500000,true,false,0.000000,hard,0.200000,false,equal,1.000000,48,1.2402406702,0.0518659463,-0.2512238250,0.3780827665,0.2064531353,0.4909090909,4.0000000000,0.8416666667,0.0404000000,1.0374609450,0.1954576952,0.9667099414,0.2829501561
45,rel_ret60_ret5_fundamental_top8_riskoff0p2_riskctrl1_mscore0,rel_ret60_ret5_fundamental,"market-excess momentum, reversal, valuation, and prosperity",rel_ret60;ret5;valuation;prosperity,8,0.200000,true,false,0.000000,hard,0.200000,false,equal,1.000000,48,1.2385055549,0.0515201534,-0.2028019446,0.4059872621,0.2540417129,0.4181818182,7.0000000000,0.6364583333,0.0305500000,1.0374609450,0.1937852320,0.9667099414,0.2811552896
46,ret60_ret5_fundamental_top8_riskoff0p2_riskctrl1_mscore0,ret60_ret5_fundamental,"60-day momentum, 5-day overheating penalty, valuation, and prosperity",ret60;ret5;valuation;prosperity,8,0.200000,true,false,0.000000,hard,0.200000,false,equal,1.000000,48,1.2385055549,0.0515201534,-0.2028019446,0.4059872621,0.2540417129,0.4181818182,7.0000000000,0.6364583333,0.0305500000,1.0374609450,0.1937852320,0.9667099414,0.2811552896
47,rel_ret60_ret5_fundamental_top5_riskoff0p2_riskctrl1_mscore0,rel_ret60_ret5_fundamental,"market-excess momentum, reversal, valuation, and prosperity",rel_ret60;ret5;valuation;prosperity,5,0.200000,true,false,0.000000,hard,0.200000,false,equal,1.000000,48,1.2383175270,0.0514826588,-0.2401115054,0.3882109468,0.2144114616,0.4727272727,4.0000000000,0.7041666667,0.0338000000,1.0374609450,0.1936039934,0.9667099414,0.2809607867
48,ret60_ret5_fundamental_top5_riskoff0p2_riskctrl1_mscore0,ret60_ret5_fundamental,"60-day momentum, 5-day overheating penalty, valuation, and prosperity",ret60;ret5;valuation;prosperity,5,0.200000,true,false,0.000000,hard,0.200000,false,equal,1.000000,48,1.2383175270,0.0514826588,-0.2401115054,0.3882109468,0.2144114616,0.4727272727,4.0000000000,0.7041666667,0.0338000000,1.0374609450,0.1936039934,0.9667099414,0.2809607867
49,rel_ret60_ret5_valuation_top3_riskoff0p2_riskctrl1_mscore1,rel_ret60_ret5_valuation,"market-excess momentum, reversal, and valuation",rel_ret60;ret5;valuation,3,0.200000,true,true,0.000000,hard,0.200000,false,equal,1.000000,48,1.2378903890,0.0513974673,-0.1914505039,0.4228416823,0.2684634737,0.4181818182,8.0000000000,0.6048611111,0.0290333333,1.0374609450,0.1931922787,0.9667099414,0.2805189396
50,ret60_ret5_valuation_top3_riskoff0p2_riskctrl1_mscore1,ret60_ret5_valuation,"60-day momentum, 5-day overheating penalty, and valuation",ret60;ret5;valuation,3,0.200000,true,true,0.000000,hard,0.200000,false,equal,1.000000,48,1.2378903890,0.0513974673,-0.1914505039,0.4228416823,0.2684634737,0.4181818182,8.0000000000,0.6048611111,0.0290333333,1.0374609450,0.1931922787,0.9667099414,0.2805189396
51,rel_ret60_ret5_top8_riskoff0p3_riskctrl1_mscore0,rel_ret60_ret5,60-day market-excess momentum with 5-day overheating penalty,rel_ret60;ret5,8,0.300000,true,false,0.000000,hard,0.200000,false,equal,1.000000,48,1.2343412362,0.0506887269,-0.1975792359,0.4024085376,0.2565488560,0.4363636364,7.0000000000,0.6661458333,0.0319750000,1.0374609450,0.1897712797,0.9667099414,0.2768475665
52,ret60_ret5_top8_riskoff0p3_riskctrl1_mscore0,ret60_ret5,60-day momentum with 5-day overheating penalty,ret60;ret5,8,0.300000,true,false,0.000000,hard,0.200000,false,equal,1.000000,48,1.2343412362,0.0506887269,-0.1975792359,0.4024085376,0.2565488560,0.4363636364,7.0000000000,0.6661458333,0.0319750000,1.0374609450,0.1897712797,0.9667099414,0.2768475665
53,rel_ret60_ret5_valuation_top3_riskoff0p2_riskctrl1_mscore0,rel_ret60_ret5_valuation,"market-excess momentum, reversal, and valuation",rel_ret60;ret5;valuation,3,0.200000,true,false,0.000000,hard,0.200000,false,equal,1.000000,48,1.2340413229,0.0506287650,-0.2644038153,0.3849008608,0.1914827324,0.4363636364,6.0000000000,0.7604166667,0.0365000000,1.0374609450,0.1894821958,0.9667099414,0.2765373253
54,ret60_ret5_valuation_top3_riskoff0p2_riskctrl1_mscore0,ret60_ret5_valuation,"60-day momentum, 5-day overheating penalty, and valuation",ret60;ret5;valuation,3,0.200000,true,false,0.000000,hard,0.200000,false,equal,1.000000,48,1.2340413229,0.0506287650,-0.2644038153,0.3849008608,0.1914827324,0.4363636364,6.0000000000,0.7604166667,0.0365000000,1.0374609450,0.1894821958,0.9667099414,0.2765373253
55,rel_ret60_ret5_valuation_top5_riskoff0p5_riskctrl1_mscore1,rel_ret60_ret5_valuation,"market-excess momentum, reversal, and valuation",rel_ret60;ret5;valuation,5,0.500000,true,true,0.000000,hard,0.200000,false,equal,1.000000,48,1.2339456124,0.0506096272,-0.2389552135,0.3931707291,0.2117954508,0.4727272727,4.0000000000,0.8250000000,0.0396000000,1.0374609450,0.1893899413,0.9667099414,0.2764383189
56,ret60_ret5_valuation_top5_riskoff0p5_riskctrl1_mscore1,ret60_ret5_valuation,"60-day momentum, 5-day overheating penalty, and valuation",ret60;ret5;valuation,5,0.500000,true,true,0.000000,hard,0.200000,false,equal,1.000000,48,1.2339456124,0.0506096272,-0.2389552135,0.3931707291,0.2117954508,0.4727272727,4.0000000000,0.8250000000,0.0396000000,1.0374609450,0.1893899413,0.9667099414,0.2764383189
57,rel_ret60_ret5_valuation_top5_riskoff0p5_riskctrl1_mscore0,rel_ret60_ret5_valuation,"market-excess momentum, reversal, and valuation",rel_ret60;ret5;valuation,5,0.500000,true,false,0.000000,hard,0.200000,false,equal,1.000000,48,1.2299818854,0.0498160589,-0.2520369579,0.3690476854,0.1976537857,0.4727272727,4.0000000000,0.9250000000,0.0444000000,1.0374609450,0.1855693376,0.9667099414,0.2723380951
58,ret60_ret5_valuation_top5_riskoff0p5_riskctrl1_mscore0,ret60_ret5_valuation,"60-day momentum, 5-day overheating penalty, and valuation",ret60;ret5;valuation,5,0.500000,true,false,0.000000,hard,0.200000,false,equal,1.000000,48,1.2299818854,0.0498160589,-0.2520369579,0.3690476854,0.1976537857,0.4727272727,4.0000000000,0.9250000000,0.0444000000,1.0374609450,0.1855693376,0.9667099414,0.2723380951
59,rel_ret60_ret5_fundamental_top5_riskoff0_riskctrl1_mscore1,rel_ret60_ret5_fundamental,"market-excess momentum, reversal, valuation, and prosperity",rel_ret60;ret5;valuation;prosperity,5,0.000000,true,true,0.000000,hard,0.200000,false,equal,1.000000,48,1.2282462605,0.0494679575,-0.1725948937,0.4192664958,0.2866130997,0.2727272727,2.0000000000,0.4375000000,0.0210000000,1.0374609450,0.1838963832,0.9667099414,0.2705427015
60,ret60_ret5_fundamental_top5_riskoff0_riskctrl1_mscore1,ret60_ret5_fundamental,"60-day momentum, 5-day overheating penalty, valuation, and prosperity",ret60;ret5;valuation;prosperity,5,0.000000,true,true,0.000000,hard,0.200000,false,equal,1.000000,48,1.2282462605,0.0494679575,-0.1725948937,0.4192664958,0.2866130997,0.2727272727,2.0000000000,0.4375000000,0.0210000000,1.0374609450,0.1838963832,0.9667099414,0.2705427015
61,rel_ret60_ret5_top5_riskoff0p5_riskctrl1_mscore1,rel_ret60_ret5,60-day market-excess momentum with 5-day overheating penalty,rel_ret60;ret5,5,0.500000,true,true,0.000000,hard,0.200000,false,equal,1.000000,48,1.2259975000,0.0490163801,-0.2278329391,0.3824021554,0.2151417626,0.4727272727,4.0000000000,0.7500000000,0.0360000000,1.0374609450,0.1817288216,0.9667099414,0.2682165017
62,ret60_ret5_top5_riskoff0p5_riskctrl1_mscore1,ret60_ret5,60-day momentum with 5-day overheating penalty,ret60;ret5,5,0.500000,true,true,0.000000,hard,0.200000,false,equal,1.000000,48,1.2259975000,0.0490163801,-0.2278329391,0.3824021554,0.2151417626,0.4727272727,4.0000000000,0.7500000000,0.0360000000,1.0374609450,0.1817288216,0.9667099414,0.2682165017
63,rel_ret60_ret5_fundamental_top3_riskoff0_riskctrl1_mscore1,rel_ret60_ret5_fundamental,"market-excess momentum, reversal, valuation, and prosperity",rel_ret60;ret5;valuation;prosperity,3,0.000000,true,true,0.000000,hard,0.200000,false,equal,1.000000,48,1.2236764280,0.0485496166,-0.1745627622,0.4123368941,0.2781212669,0.2545454545,3.0000000000,0.4187500000,0.0201000000,1.0374609450,0.1794915596,0.9667099414,0.2658155002
64,ret60_ret5_fundamental_top3_riskoff0_riskctrl1_mscore1,ret60_ret5_fundamental,"60-day momentum, 5-day overheating penalty, valuation, and prosperity",ret60;ret5;valuation;prosperity,3,0.000000,true,true,0.000000,hard,0.200000,false,equal,1.000000,48,1.2236764280,0.0485496166,-0.1745627622,0.4123368941,0.2781212669,0.2545454545,3.0000000000,0.4187500000,0.0201000000,1.0374609450,0.1794915596,0.9667099414,0.2658155002
65,rel_ret60_ret5_fundamental_top8_riskoff0p3_riskctrl1_mscore0,rel_ret60_ret5_fundamental,"market-excess momentum, reversal, valuation, and prosperity",rel_ret60;ret5;valuation;prosperity,8,0.300000,true,false,0.000000,hard,0.200000,false,equal,1.000000,48,1.2174800693,0.0473002129,-0.2116080554,0.3759103459,0.2235274682,0.4363636364,7.0000000000,0.6760416667,0.0324500000,1.0374609450,0.1735189408,0.9667099414,0.2594057609
66,ret60_ret5_fundamental_top8_riskoff0p3_riskctrl1_mscore0,ret60_ret5_fundamental,"60-day momentum, 5-day overheating penalty, valuation, and prosperity",ret60;ret5;valuation;prosperity,8,0.300000,true,false,0.000000,hard,0.200000,false,equal,1.000000,48,1.2174800693,0.0473002129,-0.2116080554,0.3759103459,0.2235274682,0.4363636364,7.0000000000,0.6760416667,0.0324500000,1.0374609450,0.1735189408,0.9667099414,0.2594057609
67,rel_ret60_ret5_fundamental_top3_riskoff0p5_riskctrl1_mscore0,rel_ret60_ret5_fundamental,"market-excess momentum, reversal, valuation, and prosperity",rel_ret60;ret5;valuation;prosperity,3,0.500000,true,false,0.000000,hard,0.200000,false,equal,1.000000,48,1.2165658799,0.0471154685,-0.2920383467,0.3527275023,0.1613331574,0.4909090909,6.0000000000,0.8784722222,0.0421666667,1.0374609450,0.1726377612,0.9667099414,0.2584600901
68,ret60_ret5_fundamental_top3_riskoff0p5_riskctrl1_mscore0,ret60_ret5_fundamental,"60-day momentum, 5-day overheating penalty, valuation, and prosperity",ret60;ret5;valuation;prosperity,3,0.500000,true,false,0.000000,hard,0.200000,false,equal,1.000000,48,1.2165658799,0.0471154685,-0.2920383467,0.3527275023,0.1613331574,0.4909090909,6.0000000000,0.8784722222,0.0421666667,1.0374609450,0.1726377612,0.9667099414,0.2584600901
69,rel_ret60_ret5_valuation_top3_riskoff0p3_riskctrl1_mscore1,rel_ret60_ret5_valuation,"market-excess momentum, reversal, and valuation",rel_ret60;ret5;valuation,3,0.300000,true,true,0.000000,hard,0.200000,false,equal,1.000000,48,1.2149969650,0.0467981660,-0.2135854154,0.3844205826,0.2191074981,0.4181818182,8.0000000000,0.6854166667,0.0329000000,1.0374609450,0.1711254971,0.9667099414,0.2568371473
70,ret60_ret5_valuation_top3_riskoff0p3_riskctrl1_mscore1,ret60_ret5_valuation,"60-day momentum, 5-day overheating penalty, and valuation",ret60;ret5;valuation,3,0.300000,true,true,0.000000,hard,0.200000,false,equal,1.000000,48,1.2149969650,0.0467981660,-0.2135854154,0.3844205826,0.2191074981,0.4181818182,8.0000000000,0.6854166667,0.0329000000,1.0374609450,0.1711254971,0.9667099414,0.2568371473
71,rel_ret60_ret5_valuation_top3_riskoff0p3_riskctrl1_mscore0,rel_ret60_ret5_valuation,"market-excess momentum, reversal, and valuation",rel_ret60;ret5;valuation,3,0.300000,true,false,0.000000,hard,0.200000,false,equal,1.000000,48,1.2104349684,0.0458737482,-0.2656215539,0.3538659118,0.1727034102,0.4363636364,6.0000000000,0.8187500000,0.0393000000,1.0374609450,0.1667282264,0.9667099414,0.2521180517
72,ret60_ret5_valuation_top3_riskoff0p3_riskctrl1_mscore0,ret60_ret5_valuation,"60-day momentum, 5-day overheating penalty, and valuation",ret60;ret5;valuation,3,0.300000,true,false,0.000000,hard,0.200000,false,equal,1.000000,48,1.2104349684,0.0458737482,-0.2656215539,0.3538659118,0.1727034102,0.4363636364,6.0000000000,0.8187500000,0.0393000000,1.0374609450,0.1667282264,0.9667099414,0.2521180517
73,rel_ret60_ret5_fundamental_top5_riskoff0p3_riskctrl1_mscore0,rel_ret60_ret5_fundamental,"market-excess momentum, reversal, valuation, and prosperity",rel_ret60;ret5;valuation;prosperity,5,0.300000,true,false,0.000000,hard,0.200000,false,equal,1.000000,48,1.2092783410,0.0456389520,-0.2401115054,0.3515825839,0.1900739907,0.4727272727,4.0000000000,0.7500000000,0.0360000000,1.0374609450,0.1656133629,0.9667099414,0.2509215942
74,ret60_ret5_fundamental_top5_riskoff0p3_riskctrl1_mscore0,ret60_ret5_fundamental,"60-day momentum, 5-day overheating penalty, valuation, and prosperity",ret60;ret5;valuation;prosperity,5,0.300000,true,false,0.000000,hard,0.200000,false,equal,1.000000,48,1.2092783410,0.0456389520,-0.2401115054,0.3515825839,0.1900739907,0.4727272727,4.0000000000,0.7500000000,0.0360000000,1.0374609450,0.1656133629,0.9667099414,0.2509215942
75,rel_ret60_ret5_fundamental_top3_riskoff0p2_riskctrl1_mscore1,rel_ret60_ret5_fundamental,"market-excess momentum, reversal, valuation, and prosperity",rel_ret60;ret5;valuation;prosperity,3,0.200000,true,true,0.000000,hard,0.200000,false,equal,1.000000,48,1.2039937217,0.0445639796,-0.1873466416,0.3783135983,0.2378691136,0.4727272727,6.0000000000,0.5715277778,0.0274333333,1.0374609450,0.1605195622,0.9667099414,0.2454549914
76,ret60_ret5_fundamental_top3_riskoff0p2_riskctrl1_mscore1,ret60_ret5_fundamental,"60-day momentum, 5-day overheating penalty, valuation, and prosperity",ret60;ret5;valuation;prosperity,3,0.200000,true,true,0.000000,hard,0.200000,false,equal,1.000000,48,1.2039937217,0.0445639796,-0.1873466416,0.3783135983,0.2378691136,0.4727272727,6.0000000000,0.5715277778,0.0274333333,1.0374609450,0.1605195622,0.9667099414,0.2454549914
77,rel_ret60_ret5_fundamental_top8_riskoff0_riskctrl1_mscore1,rel_ret60_ret5_fundamental,"market-excess momentum, reversal, valuation, and prosperity",rel_ret60;ret5;valuation;prosperity,8,0.000000,true,true,0.000000,hard,0.200000,false,equal,1.000000,48,1.2020991089,0.0441777071,-0.1626810674,0.4008393532,0.2715602240,0.2545454545,3.0000000000,0.4322916667,0.0207500000,1.0374609450,0.1586933606,0.9667099414,0.2434951348
78,ret60_ret5_fundamental_top8_riskoff0_riskctrl1_mscore1,ret60_ret5_fundamental,"60-day momentum, 5-day overheating penalty, valuation, and prosperity",ret60;ret5;valuation;prosperity,8,0.000000,true,true,0.000000,hard,0.200000,false,equal,1.000000,48,1.2020991089,0.0441777071,-0.1626810674,0.4008393532,0.2715602240,0.2545454545,3.0000000000,0.4322916667,0.0207500000,1.0374609450,0.1586933606,0.9667099414,0.2434951348
79,rel_ret60_ret5_top3_riskoff0_riskctrl1_mscore1,rel_ret60_ret5,60-day market-excess momentum with 5-day overheating penalty,rel_ret60;ret5,3,0.000000,true,true,0.000000,hard,0.200000,false,equal,1.000000,48,1.2002723113,0.0438048194,-0.1745627622,0.3803998741,0.2509402285,0.2545454545,3.0000000000,0.4312500000,0.0207000000,1.0374609450,0.1569325256,0.9667099414,0.2416054288
80,ret60_ret5_top3_riskoff0_riskctrl1_mscore1,ret60_ret5,60-day momentum with 5-day overheating penalty,ret60;ret5,3,0.000000,true,true,0.000000,hard,0.200000,false,equal,1.000000,48,1.2002723113,0.0438048194,-0.1745627622,0.3803998741,0.2509402285,0.2545454545,3.0000000000,0.4312500000,0.0207000000,1.0374609450,0.1569325256,0.9667099414,0.2416054288
81,rel_ret60_ret5_valuation_top8_riskoff0_riskctrl1_mscore0,rel_ret60_ret5_valuation,"market-excess momentum, reversal, and valuation",rel_ret60;ret5;valuation,8,0.000000,true,false,0.000000,hard,0.200000,false,equal,1.000000,48,1.2001616819,0.0437822237,-0.2007965890,0.3693369684,0.2180426667,0.3090909091,4.0000000000,0.6406250000,0.0307500000,1.0374609450,0.1568258908,0.9667099414,0.2414909897
82,ret60_ret5_valuation_top8_riskoff0_riskctrl1_mscore0,ret60_ret5_valuation,"60-day momentum, 5-day overheating penalty, and valuation",ret60;ret5;valuation,8,0.000000,true,false,0.000000,hard,0.200000,false,equal,1.000000,48,1.2001616819,0.0437822237,-0.2007965890,0.3693369684,0.2180426667,0.3090909091,4.0000000000,0.6406250000,0.0307500000,1.0374609450,0.1568258908,0.9667099414,0.2414909897
83,rel_ret60_ret5_top8_riskoff0_riskctrl1_mscore1,rel_ret60_ret5,60-day market-excess momentum with 5-day overheating penalty,rel_ret60;ret5,8,0.000000,true,true,0.000000,hard,0.200000,false,equal,1.000000,48,1.1941840687,0.0425589379,-0.1644124078,0.3959018695,0.2588547814,0.2727272727,3.0000000000,0.4218750000,0.0202500000,1.0374609450,0.1510641190,0.9667099414,0.2353075287
84,ret60_ret5_top8_riskoff0_riskctrl1_mscore1,ret60_ret5,60-day momentum with 5-day overheating penalty,ret60;ret5,8,0.000000,true,true,0.000000,hard,0.200000,false,equal,1.000000,48,1.1941840687,0.0425589379,-0.1644124078,0.3959018695,0.2588547814,0.2727272727,3.0000000000,0.4218750000,0.0202500000,1.0374609450,0.1510641190,0.9667099414,0.2353075287
85,rel_ret60_ret5_top3_riskoff0_riskctrl1_mscore0,rel_ret60_ret5,60-day market-excess momentum with 5-day overheating penalty,rel_ret60;ret5,3,0.000000,true,false,0.000000,hard,0.200000,false,equal,1.000000,48,1.1926012095,0.0422342301,-0.2669268613,0.3380099675,0.1582239788,0.2909090909,4.0000000000,0.6187500000,0.0297000000,1.0374609450,0.1495384142,0.9667099414,0.2336701615
86,ret60_ret5_top3_riskoff0_riskctrl1_mscore0,ret60_ret5,60-day momentum with 5-day overheating penalty,ret60;ret5,3,0.000000,true,false,0.000000,hard,0.200000,false,equal,1.000000,48,1.1926012095,0.0422342301,-0.2669268613,0.3380099675,0.1582239788,0.2909090909,4.0000000000,0.6187500000,0.0297000000,1.0374609450,0.1495384142,0.9667099414,0.2336701615
87,rel_ret60_ret5_fundamental_top3_riskoff0p3_riskctrl1_mscore1,rel_ret60_ret5_fundamental,"market-excess momentum, reversal, valuation, and prosperity",rel_ret60;ret5;valuation;prosperity,3,0.300000,true,true,0.000000,hard,0.200000,false,equal,1.000000,48,1.1922814381,0.0421685921,-0.2100798128,0.3553806318,0.2007265311,0.4727272727,6.0000000000,0.6479166667,0.0311000000,1.0374609450,0.1492301892,0.9667099414,0.2333393783
88,ret60_ret5_fundamental_top3_riskoff0p3_riskctrl1_mscore1,ret60_ret5_fundamental,"60-day momentum, 5-day overheating penalty, valuation, and prosperity",ret60;ret5;valuation;prosperity,3,0.300000,true,true,0.000000,hard,0.200000,false,equal,1.000000,48,1.1922814381,0.0421685921,-0.2100798128,0.3553806318,0.2007265311,0.4727272727,6.0000000000,0.6479166667,0.0311000000,1.0374609450,0.1492301892,0.9667099414,0.2333393783
89,rel_ret60_ret5_top8_riskoff0p5_riskctrl1_mscore0,rel_ret60_ret5,60-day market-excess momentum with 5-day overheating penalty,rel_ret60;ret5,8,0.500000,true,false,0.000000,hard,0.200000,false,equal,1.000000,48,1.1906846183,0.0418406187,-0.2517409067,0.3373511089,0.1662050847,0.4363636364,7.0000000000,0.7421875000,0.0356250000,1.0374609450,0.1476910279,0.9667099414,0.2316875697
90,ret60_ret5_top8_riskoff0p5_riskctrl1_mscore0,ret60_ret5,60-day momentum with 5-day overheating penalty,ret60;ret5,8,0.500000,true,false,0.000000,hard,0.200000,false,equal,1.000000,48,1.1906846183,0.0418406187,-0.2517409067,0.3373511089,0.1662050847,0.4363636364,7.0000000000,0.7421875000,0.0356250000,1.0374609450,0.1476910279,0.9667099414,0.2316875697
91,rel_ret60_ret5_fundamental_top5_riskoff0p2_riskctrl1_mscore1,rel_ret60_ret5_fundamental,"market-excess momentum, reversal, valuation, and prosperity",rel_ret60;ret5;valuation;prosperity,5,0.200000,true,true,0.000000,hard,0.200000,false,equal,1.000000,48,1.1894823114,0.0415934528,-0.1767503790,0.3592422461,0.2353231323,0.4545454545,4.0000000000,0.5641666667,0.0270800000,1.0374609450,0.1465321341,0.9667099414,0.2304438596
92,ret60_ret5_fundamental_top5_riskoff0p2_riskctrl1_mscore1,ret60_ret5_fundamental,"60-day momentum, 5-day overheating penalty, valuation, and prosperity",ret60;ret5;valuation;prosperity,5,0.200000,true,true,0.000000,hard,0.200000,false,equal,1.000000,48,1.1894823114,0.0415934528,-0.1767503790,0.3592422461,0.2353231323,0.4545454545,4.0000000000,0.5641666667,0.0270800000,1.0374609450,0.1465321341,0.9667099414,0.2304438596
93,rel_ret60_ret5_valuation_top8_riskoff0_riskctrl1_mscore1,rel_ret60_ret5_valuation,"market-excess momentum, reversal, and valuation",rel_ret60;ret5;valuation,8,0.000000,true,true,0.000000,hard,0.200000,false,equal,1.000000,48,1.1843333604,0.0405327828,-0.1626810674,0.3834121975,0.2491548862,0.2909090909,3.0000000000,0.4531250000,0.0217500000,1.0374609450,0.1415691030,0.9667099414,0.2251175970
94,ret60_ret5_valuation_top8_riskoff0_riskctrl1_mscore1,ret60_ret5_valuation,"60-day momentum, 5-day overheating penalty, and valuation",ret60;ret5;valuation,8,0.000000,true,true,0.000000,hard,0.200000,false,equal,1.000000,48,1.1843333604,0.0405327828,-0.1626810674,0.3834121975,0.2491548862,0.2909090909,3.0000000000,0.4531250000,0.0217500000,1.0374609450,0.1415691030,0.9667099414,0.2251175970
95,rel_ret60_ret5_fundamental_top8_riskoff0p2_riskctrl1_mscore1,rel_ret60_ret5_fundamental,"market-excess momentum, reversal, valuation, and prosperity",rel_ret60;ret5;valuation;prosperity,8,0.200000,true,true,0.000000,hard,0.200000,false,equal,1.000000,48,1.1810685316,0.0398584077,-0.1648365047,0.3624561502,0.2418057077,0.4000000000,7.0000000000,0.5364583333,0.0257500000,1.0374609450,0.1384221616,0.9667099414,0.2217403391
96,ret60_ret5_fundamental_top8_riskoff0p2_riskctrl1_mscore1,ret60_ret5_fundamental,"60-day momentum, 5-day overheating penalty, valuation, and prosperity",ret60;ret5;valuation;prosperity,8,0.200000,true,true,0.000000,hard,0.200000,false,equal,1.000000,48,1.1810685316,0.0398584077,-0.1648365047,0.3624561502,0.2418057077,0.4000000000,7.0000000000,0.5364583333,0.0257500000,1.0374609450,0.1384221616,0.9667099414,0.2217403391
97,rel_ret60_ret5_top8_riskoff0p2_riskctrl1_mscore1,rel_ret60_ret5,60-day market-excess momentum with 5-day overheating penalty,rel_ret60;ret5,8,0.200000,true,true,0.000000,hard,0.200000,false,equal,1.000000,48,1.1780562658,0.0392349350,-0.1644124078,0.3640325661,0.2386373118,0.4000000000,7.0000000000,0.5239583333,0.0251500000,1.0374609450,0.1355186636,0.9667099414,0.2186243416
98,ret60_ret5_top8_riskoff0p2_riskctrl1_mscore1,ret60_ret5,60-day momentum with 5-day overheating penalty,ret60;ret5,8,0.200000,true,true,0.000000,hard,0.200000,false,equal,1.000000,48,1.1780562658,0.0392349350,-0.1644124078,0.3640325661,0.2386373118,0.4000000000,7.0000000000,0.5239583333,0.0251500000,1.0374609450,0.1355186636,0.9667099414,0.2186243416
99,rel_ret60_ret5_fundamental_top8_riskoff0p5_riskctrl1_mscore0,rel_ret60_ret5_fundamental,"market-excess momentum, reversal, valuation, and prosperity",rel_ret60;ret5;valuation;prosperity,8,0.500000,true,false,0.000000,hard,0.200000,false,equal,1.000000,48,1.1741234886,0.0384190983,-0.2588711821,0.3131722967,0.1484101010,0.4363636364,7.0000000000,0.7552083333,0.0362500000,1.0374609450,0.1317278923,0.9667099414,0.2145561335
100,ret60_ret5_fundamental_top8_riskoff0p5_riskctrl1_mscore0,ret60_ret5_fundamental,"60-day momentum, 5-day overheating penalty, valuation, and prosperity",ret60;ret5;valuation;prosperity,8,0.500000,true,false,0.000000,hard,0.200000,false,equal,1.000000,48,1.1741234886,0.0384190983,-0.2588711821,0.3131722967,0.1484101010,0.4363636364,7.0000000000,0.7552083333,0.0362500000,1.0374609450,0.1317278923,0.9667099414,0.2145561335
101,rel_ret60_ret5_valuation_top5_riskoff0p3_riskctrl0_mscore1,rel_ret60_ret5_valuation,"market-excess momentum, reversal, and valuation",rel_ret60;ret5;valuation,5,0.300000,false,true,0.000000,hard,0.200000,false,equal,1.000000,48,1.1719461742,0.0379665247,-0.2341250141,0.3185692003,0.1621634700,0.4545454545,7.0000000000,0.8466666667,0.0406400000,1.0374609450,0.1296291970,0.9667099414,0.2123038401
102,ret60_ret5_valuation_top5_riskoff0p3_riskctrl0_mscore1,ret60_ret5_valuation,"60-day momentum, 5-day overheating penalty, and valuation",ret60;ret5;valuation,5,0.300000,false,true,0.000000,hard,0.200000,false,equal,1.000000,48,1.1719461742,0.0379665247,-0.2341250141,0.3185692003,0.1621634700,0.4545454545,7.0000000000,0.8466666667,0.0406400000,1.0374609450,0.1296291970,0.9667099414,0.2123038401
103,rel_ret60_ret5_valuation_top5_riskoff0p2_riskctrl0_mscore1,rel_ret60_ret5_valuation,"market-excess momentum, reversal, and valuation",rel_ret60;ret5;valuation,5,0.200000,false,true,0.000000,hard,0.200000,false,equal,1.000000,48,1.1718560170,0.0379477709,-0.2178387103,0.3218054252,0.1742012282,0.4545454545,7.0000000000,0.7991666667,0.0383600000,1.0374609450,0.1295422951,0.9667099414,0.2122105782
104,ret60_ret5_valuation_top5_riskoff0p2_riskctrl0_mscore1,ret60_ret5_valuation,"60-day momentum, 5-day overheating penalty, and valuation",ret60;ret5;valuation,5,0.200000,false,true,0.000000,hard,0.200000,false,equal,1.000000,48,1.1718560170,0.0379477709,-0.2178387103,0.3218054252,0.1742012282,0.4545454545,7.0000000000,0.7991666667,0.0383600000,1.0374609450,0.1295422951,0.9667099414,0.2122105782
105,rel_ret60_ret5_valuation_top5_riskoff0p5_riskctrl0_mscore1,rel_ret60_ret5_valuation,"market-excess momentum, reversal, and valuation",rel_ret60;ret5;valuation,5,0.500000,false,true,0.000000,hard,0.200000,false,equal,1.000000,48,1.1692865324,0.0374128215,-0.2664456141,0.3061799817,0.1404144768,0.4727272727,4.0000000000,0.9416666667,0.0452000000,1.0374609450,0.1270655903,0.9667099414,0.2095526097
106,ret60_ret5_valuation_top5_riskoff0p5_riskctrl0_mscore1,ret60_ret5_valuation,"60-day momentum, 5-day overheating penalty, and valuation",ret60;ret5;valuation,5,0.500000,false,true,0.000000,hard,0.200000,false,equal,1.000000,48,1.1692865324,0.0374128215,-0.2664456141,0.3061799817,0.1404144768,0.4727272727,4.0000000000,0.9416666667,0.0452000000,1.0374609450,0.1270655903,0.9667099414,0.2095526097
107,rel_ret60_ret5_fundamental_top8_riskoff0p3_riskctrl1_mscore1,rel_ret60_ret5_fundamental,"market-excess momentum, reversal, valuation, and prosperity",rel_ret60;ret5;valuation;prosperity,8,0.300000,true,true,0.000000,hard,0.200000,false,equal,1.000000,48,1.1690456519,0.0373626257,-0.1936838406,0.3378850764,0.1929052294,0.4000000000,7.0000000000,0.5885416667,0.0282500000,1.0374609450,0.1268334076,0.9667099414,0.2093034341
108,ret60_ret5_fundamental_top8_riskoff0p3_riskctrl1_mscore1,ret60_ret5_fundamental,"60-day momentum, 5-day overheating penalty, valuation, and prosperity",ret60;ret5;valuation;prosperity,8,0.300000,true,true,0.000000,hard,0.200000,false,equal,1.000000,48,1.1690456519,0.0373626257,-0.1936838406,0.3378850764,0.1929052294,0.4000000000,7.0000000000,0.5885416667,0.0282500000,1.0374609450,0.1268334076,0.9667099414,0.2093034341
109,rel_ret60_ret5_valuation_top5_riskoff0_riskctrl0_mscore1,rel_ret60_ret5_valuation,"market-excess momentum, reversal, and valuation",rel_ret60;ret5;valuation,5,0.000000,false,true,0.000000,hard,0.200000,false,equal,1.000000,48,1.1688513440,0.0373221291,-0.1889975903,0.3206486963,0.1974741005,0.3454545455,4.0000000000,0.7041666667,0.0338000000,1.0374609450,0.1266461158,0.9667099414,0.2091024349
110,ret60_ret5_valuation_top5_riskoff0_riskctrl0_mscore1,ret60_ret5_valuation,"60-day momentum, 5-day overheating penalty, and valuation",ret60;ret5;valuation,5,0.000000,false,true,0.000000,hard,0.200000,false,equal,1.000000,48,1.1688513440,0.0373221291,-0.1889975903,0.3206486963,0.1974741005,0.3454545455,4.0000000000,0.7041666667,0.0338000000,1.0374609450,0.1266461158,0.9667099414,0.2091024349
111,rel_ret60_ret5_fundamental_top5_riskoff0p3_riskctrl1_mscore1,rel_ret60_ret5_fundamental,"market-excess momentum, reversal, valuation, and prosperity",rel_ret60;ret5;valuation;prosperity,5,0.300000,true,true,0.000000,hard,0.200000,false,equal,1.000000,48,1.1687972641,0.0373108572,-0.1842946590,0.3248011994,0.2024521893,0.4545454545,4.0000000000,0.6275000000,0.0301200000,1.0374609450,0.1265939886,0.9667099414,0.2090464927
112,ret60_ret5_fundamental_top5_riskoff0p3_riskctrl1_mscore1,ret60_ret5_fundamental,"60-day momentum, 5-day overheating penalty, valuation, and prosperity",ret60;ret5;valuation;prosperity,5,0.300000,true,true,0.000000,hard,0.200000,false,equal,1.000000,48,1.1687972641,0.0373108572,-0.1842946590,0.3248011994,0.2024521893,0.4545454545,4.0000000000,0.6275000000,0.0301200000,1.0374609450,0.1265939886,0.9667099414,0.2090464927
113,rel_ret60_ret5_top8_riskoff0p3_riskctrl1_mscore1,rel_ret60_ret5,60-day market-excess momentum with 5-day overheating penalty,rel_ret60;ret5,8,0.300000,true,true,0.000000,hard,0.200000,false,equal,1.000000,48,1.1684958339,0.0372480224,-0.1926236994,0.3424506786,0.1933719606,0.4181818182,7.0000000000,0.5750000000,0.0276000000,1.0374609450,0.1263034426,0.9667099414,0.2087346823
114,ret60_ret5_top8_riskoff0p3_riskctrl1_mscore1,ret60_ret5,60-day momentum with 5-day overheating penalty,ret60;ret5,8,0.300000,true,true,0.000000,hard,0.200000,false,equal,1.000000,48,1.1684958339,0.0372480224,-0.1926236994,0.3424506786,0.1933719606,0.4181818182,7.0000000000,0.5750000000,0.0276000000,1.0374609450,0.1263034426,0.9667099414,0.2087346823
115,rel_ret60_ret5_top3_riskoff0p2_riskctrl1_mscore1,rel_ret60_ret5,60-day market-excess momentum with 5-day overheating penalty,rel_ret60;ret5,3,0.200000,true,true,0.000000,hard,0.200000,false,equal,1.000000,48,1.1675487512,0.0370505171,-0.1911626284,0.3277831229,0.1938167379,0.4363636364,4.0000000000,0.5756944444,0.0276333333,1.0374609450,0.1253905574,0.9667099414,0.2077549855
116,ret60_ret5_top3_riskoff0p2_riskctrl1_mscore1,ret60_ret5,60-day momentum with 5-day overheating penalty,ret60;ret5,3,0.200000,true,true,0.000000,hard,0.200000,false,equal,1.000000,48,1.1675487512,0.0370505171,-0.1911626284,0.3277831229,0.1938167379,0.4363636364,4.0000000000,0.5756944444,0.0276333333,1.0374609450,0.1253905574,0.9667099414,0.2077549855
117,rel_ret60_ret5_valuation_top3_riskoff0p5_riskctrl1_mscore1,rel_ret60_ret5_valuation,"market-excess momentum, reversal, and valuation",rel_ret60;ret5;valuation,3,0.500000,true,true,0.000000,hard,0.200000,false,equal,1.000000,48,1.1665040779,0.0368325178,-0.2617097203,0.3053406839,0.1407380581,0.4363636364,6.0000000000,0.8465277778,0.0406333333,1.0374609450,0.1243836055,0.9667099414,0.2066743373
118,ret60_ret5_valuation_top3_riskoff0p5_riskctrl1_mscore1,ret60_ret5_valuation,"60-day momentum, 5-day overheating penalty, and valuation",ret60;ret5;valuation,3,0.500000,true,true,0.000000,hard,0.200000,false,equal,1.000000,48,1.1665040779,0.0368325178,-0.2617097203,0.3053406839,0.1407380581,0.4363636364,6.0000000000,0.8465277778,0.0406333333,1.0374609450,0.1243836055,0.9667099414,0.2066743373
119,rel_ret60_ret5_fundamental_top3_riskoff0p5_riskctrl1_mscore1,rel_ret60_ret5_fundamental,"market-excess momentum, reversal, valuation, and prosperity",rel_ret60;ret5;valuation;prosperity,3,0.500000,true,true,0.000000,hard,0.200000,false,equal,1.000000,48,1.1652920272,0.0365794036,-0.2660916316,0.3045778719,0.1374691994,0.4727272727,6.0000000000,0.8006944444,0.0384333333,1.0374609450,0.1232153199,0.9667099414,0.2054205479
120,ret60_ret5_fundamental_top3_riskoff0p5_riskctrl1_mscore1,ret60_ret5_fundamental,"60-day momentum, 5-day overheating penalty, valuation, and prosperity",ret60;ret5;valuation;prosperity,3,0.500000,true,true,0.000000,hard,0.200000,false,equal,1.000000,48,1.1652920272,0.0365794036,-0.2660916316,0.3045778719,0.1374691994,0.4727272727,6.0000000000,0.8006944444,0.0384333333,1.0374609450,0.1232153199,0.9667099414,0.2054205479
121,rel_ret60_ret5_valuation_top3_riskoff0p5_riskctrl1_mscore0,rel_ret60_ret5_valuation,"market-excess momentum, reversal, and valuation",rel_ret60;ret5;valuation,3,0.500000,true,false,0.000000,hard,0.200000,false,equal,1.000000,48,1.1618706746,0.0358638291,-0.2945485957,0.2897098293,0.1217586151,0.4363636364,6.0000000000,0.9354166667,0.0449000000,1.0374609450,0.1199175065,0.9667099414,0.2018813761
122,ret60_ret5_valuation_top3_riskoff0p5_riskctrl1_mscore0,ret60_ret5_valuation,"60-day momentum, 5-day overheating penalty, and valuation",ret60;ret5;valuation,3,0.500000,true,false,0.000000,hard,0.200000,false,equal,1.000000,48,1.1618706746,0.0358638291,-0.2945485957,0.2897098293,0.1217586151,0.4363636364,6.0000000000,0.9354166667,0.0449000000,1.0374609450,0.1199175065,0.9667099414,0.2018813761
123,rel_ret60_ret5_top3_riskoff0p2_riskctrl1_mscore0,rel_ret60_ret5,60-day market-excess momentum with 5-day overheating penalty,rel_ret60;ret5,3,0.200000,true,false,0.000000,hard,0.200000,false,equal,1.000000,48,1.1586506538,0.0351888888,-0.2669268613,0.2939650254,0.1318297028,0.4363636364,4.0000000000,0.7215277778,0.0346333333,1.0374609450,0.1168137551,0.9667099414,0.1985504692
124,ret60_ret5_top3_riskoff0p2_riskctrl1_mscore0,ret60_ret5,60-day momentum with 5-day overheating penalty,ret60;ret5,3,0.200000,true,false,0.000000,hard,0.200000,false,equal,1.000000,48,1.1586506538,0.0351888888,-0.2669268613,0.2939650254,0.1318297028,0.4363636364,4.0000000000,0.7215277778,0.0346333333,1.0374609450,0.1168137551,0.9667099414,0.1985504692
125,rel_ret60_ret5_valuation_top8_riskoff0p2_riskctrl1_mscore0,rel_ret60_ret5_valuation,"market-excess momentum, reversal, and valuation",rel_ret60;ret5;valuation,8,0.200000,true,false,0.000000,hard,0.200000,false,equal,1.000000,48,1.1585970477,0.0351776404,-0.2008713641,0.3097321821,0.1751252130,0.4000000000,7.0000000000,0.7218750000,0.0346500000,1.0374609450,0.1167620847,0.9667099414,0.1984950171
126,ret60_ret5_valuation_top8_riskoff0p2_riskctrl1_mscore0,ret60_ret5_valuation,"60-day momentum, 5-day overheating penalty, and valuation",ret60;ret5;valuation,8,0.200000,true,false,0.000000,hard,0.200000,false,equal,1.000000,48,1.1585970477,0.0351776404,-0.2008713641,0.3097321821,0.1751252130,0.4000000000,7.0000000000,0.7218750000,0.0346500000,1.0374609450,0.1167620847,0.9667099414,0.1984950171
127,rel_ret60_ret5_fundamental_top5_riskoff0p5_riskctrl1_mscore0,rel_ret60_ret5_fundamental,"market-excess momentum, reversal, valuation, and prosperity",rel_ret60;ret5;valuation;prosperity,5,0.500000,true,false,0.000000,hard,0.200000,false,equal,1.000000,48,1.1508590390,0.0335497502,-0.2594960728,0.2771185912,0.1292880844,0.4909090909,4.0000000000,0.8416666667,0.0404000000,1.0374609450,0.1093034822,0.9667099414,0.1904905388
128,ret60_ret5_fundamental_top5_riskoff0p5_riskctrl1_mscore0,ret60_ret5_fundamental,"60-day momentum, 5-day overheating penalty, valuation, and prosperity",ret60;ret5;valuation;prosperity,5,0.500000,true,false,0.000000,hard,0.200000,false,equal,1.000000,48,1.1508590390,0.0335497502,-0.2594960728,0.2771185912,0.1292880844,0.4909090909,4.0000000000,0.8416666667,0.0404000000,1.0374609450,0.1093034822,0.9667099414,0.1904905388
129,rel_ret60_ret5_top3_riskoff0p3_riskctrl1_mscore1,rel_ret60_ret5,60-day market-excess momentum with 5-day overheating penalty,rel_ret60;ret5,3,0.300000,true,true,0.000000,hard,0.200000,false,equal,1.000000,48,1.1494852801,0.0332598696,-0.2066427536,0.2967336465,0.1609534767,0.4363636364,4.0000000000,0.6479166667,0.0311000000,1.0374609450,0.1079793274,0.9667099414,0.1890694725
130,ret60_ret5_top3_riskoff0p3_riskctrl1_mscore1,ret60_ret5,60-day momentum with 5-day overheating penalty,ret60;ret5,3,0.300000,true,true,0.000000,hard,0.200000,false,equal,1.000000,48,1.1494852801,0.0332598696,-0.2066427536,0.2967336465,0.1609534767,0.4363636364,4.0000000000,0.6479166667,0.0311000000,1.0374609450,0.1079793274,0.9667099414,0.1890694725
131,rel_ret60_ret5_valuation_top8_riskoff0p2_riskctrl1_mscore1,rel_ret60_ret5_valuation,"market-excess momentum, reversal, and valuation",rel_ret60;ret5;valuation,8,0.200000,true,true,0.000000,hard,0.200000,false,equal,1.000000,48,1.1486387747,0.0330811143,-0.1626810674,0.3200071722,0.2033495034,0.4181818182,7.0000000000,0.5718750000,0.0274500000,1.0374609450,0.1071633879,0.9667099414,0.1881938165
132,ret60_ret5_valuation_top8_riskoff0p2_riskctrl1_mscore1,ret60_ret5_valuation,"60-day momentum, 5-day overheating penalty, and valuation",ret60;ret5;valuation,8,0.200000,true,true,0.000000,hard,0.200000,false,equal,1.000000,48,1.1486387747,0.0330811143,-0.1626810674,0.3200071722,0.2033495034,0.4181818182,7.0000000000,0.5718750000,0.0274500000,1.0374609450,0.1071633879,0.9667099414,0.1881938165
133,rel_ret60_ret5_top8_riskoff0p5_riskctrl1_mscore1,rel_ret60_ret5,60-day market-excess momentum with 5-day overheating penalty,rel_ret60;ret5,8,0.500000,true,true,0.000000,hard,0.200000,false,equal,1.000000,48,1.1464955223,0.0326280755,-0.2568621691,0.2944510620,0.1270256171,0.4181818182,7.0000000000,0.6770833333,0.0325000000,1.0374609450,0.1050975246,0.9667099414,0.1859767580
134,ret60_ret5_top8_riskoff0p5_riskctrl1_mscore1,ret60_ret5,60-day momentum with 5-day overheating penalty,ret60;ret5,8,0.500000,true,true,0.000000,hard,0.200000,false,equal,1.000000,48,1.1464955223,0.0326280755,-0.2568621691,0.2944510620,0.1270256171,0.4181818182,7.0000000000,0.6770833333,0.0325000000,1.0374609450,0.1050975246,0.9667099414,0.1859767580
135,rel_ret60_ret5_valuation_top5_riskoff0_riskctrl0_mscore0,rel_ret60_ret5_valuation,"market-excess momentum, reversal, and valuation",rel_ret60;ret5;valuation,5,0.000000,false,false,0.000000,hard,0.200000,false,equal,1.000000,48,1.1461701218,0.0325592360,-0.3611962606,0.2600937427,0.0901427827,0.4727272727,4.0000000000,1.1791666667,0.0566000000,1.0374609450,0.1047838738,0.9667099414,0.1856401520
136,rel_ret60_ret5_valuation_top5_riskoff0p2_riskctrl0_mscore0,rel_ret60_ret5_valuation,"market-excess momentum, reversal, and valuation",rel_ret60;ret5;valuation,5,0.200000,false,false,0.000000,hard,0.200000,false,equal,1.000000,48,1.1461701218,0.0325592360,-0.3611962606,0.2600937427,0.0901427827,0.4727272727,4.0000000000,1.1791666667,0.0566000000,1.0374609450,0.1047838738,0.9667099414,0.1856401520
137,rel_ret60_ret5_valuation_top5_riskoff0p3_riskctrl0_mscore0,rel_ret60_ret5_valuation,"market-excess momentum, reversal, and valuation",rel_ret60;ret5;valuation,5,0.300000,false,false,0.000000,hard,0.200000,false,equal,1.000000,48,1.1461701218,0.0325592360,-0.3611962606,0.2600937427,0.0901427827,0.4727272727,4.0000000000,1.1791666667,0.0566000000,1.0374609450,0.1047838738,0.9667099414,0.1856401520
138,rel_ret60_ret5_valuation_top5_riskoff0p5_riskctrl0_mscore0,rel_ret60_ret5_valuation,"market-excess momentum, reversal, and valuation",rel_ret60;ret5;valuation,5,0.500000,false,false,0.000000,hard,0.200000,false,equal,1.000000,48,1.1461701218,0.0325592360,-0.3611962606,0.2600937427,0.0901427827,0.4727272727,4.0000000000,1.1791666667,0.0566000000,1.0374609450,0.1047838738,0.9667099414,0.1856401520
139,ret60_ret5_valuation_top5_riskoff0_riskctrl0_mscore0,ret60_ret5_valuation,"60-day momentum, 5-day overheating penalty, and valuation",ret60;ret5;valuation,5,0.000000,false,false,0.000000,hard,0.200000,false,equal,1.000000,48,1.1461701218,0.0325592360,-0.3611962606,0.2600937427,0.0901427827,0.4727272727,4.0000000000,1.1791666667,0.0566000000,1.0374609450,0.1047838738,0.9667099414,0.1856401520
140,ret60_ret5_valuation_top5_riskoff0p2_riskctrl0_mscore0,ret60_ret5_valuation,"60-day momentum, 5-day overheating penalty, and valuation",ret60;ret5;valuation,5,0.200000,false,false,0.000000,hard,0.200000,false,equal,1.000000,48,1.1461701218,0.0325592360,-0.3611962606,0.2600937427,0.0901427827,0.4727272727,4.0000000000,1.1791666667,0.0566000000,1.0374609450,0.1047838738,0.9667099414,0.1856401520
141,ret60_ret5_valuation_top5_riskoff0p3_riskctrl0_mscore0,ret60_ret5_valuation,"60-day momentum, 5-day overheating penalty, and valuation",ret60;ret5;valuation,5,0.300000,false,false,0.000000,hard,0.200000,false,equal,1.000000,48,1.1461701218,0.0325592360,-0.3611962606,0.2600937427,0.0901427827,0.4727272727,4.0000000000,1.1791666667,0.0566000000,1.0374609450,0.1047838738,0.9667099414,0.1856401520
142,ret60_ret5_valuation_top5_riskoff0p5_riskctrl0_mscore0,ret60_ret5_valuation,"60-day momentum, 5-day overheating penalty, and valuation",ret60;ret5;valuation,5,0.500000,false,false,0.000000,hard,0.200000,false,equal,1.000000,48,1.1461701218,0.0325592360,-0.3611962606,0.2600937427,0.0901427827,0.4727272727,4.0000000000,1.1791666667,0.0566000000,1.0374609450,0.1047838738,0.9667099414,0.1856401520
143,rel_ret60_ret5_top5_riskoff0p3_riskctrl0_mscore1,rel_ret60_ret5,60-day market-excess momentum with 5-day overheating penalty,rel_ret60;ret5,5,0.300000,false,true,0.000000,hard,0.200000,false,equal,1.000000,48,1.1451455539,0.0323423877,-0.2479416375,0.2824379786,0.1304435514,0.4545454545,7.0000000000,0.7800000000,0.0374400000,1.0374609450,0.1037963014,0.9667099414,0.1845803016
144,ret60_ret5_top5_riskoff0p3_riskctrl0_mscore1,ret60_ret5,60-day momentum with 5-day overheating penalty,ret60;ret5,5,0.300000,false,true,0.000000,hard,0.200000,false,equal,1.000000,48,1.1451455539,0.0323423877,-0.2479416375,0.2824379786,0.1304435514,0.4545454545,7.0000000000,0.7800000000,0.0374400000,1.0374609450,0.1037963014,0.9667099414,0.1845803016
145,rel_ret60_ret5_top5_riskoff0p2_riskctrl0_mscore1,rel_ret60_ret5,60-day market-excess momentum with 5-day overheating penalty,rel_ret60;ret5,5,0.200000,false,true,0.000000,hard,0.200000,false,equal,1.000000,48,1.1447394121,0.0322563873,-0.2345577363,0.2845512929,0.1375200317,0.4545454545,7.0000000000,0.7408333333,0.0355600000,1.0374609450,0.1034048246,0.9667099414,0.1841601737
146,ret60_ret5_top5_riskoff0p2_riskctrl0_mscore1,ret60_ret5,60-day momentum with 5-day overheating penalty,ret60;ret5,5,0.200000,false,true,0.000000,hard,0.200000,false,equal,1.000000,48,1.1447394121,0.0322563873,-0.2345577363,0.2845512929,0.1375200317,0.4545454545,7.0000000000,0.7408333333,0.0355600000,1.0374609450,0.1034048246,0.9667099414,0.1841601737
147,rel_ret60_ret5_top5_riskoff0p5_riskctrl0_mscore1,rel_ret60_ret5,60-day market-excess momentum with 5-day overheating penalty,rel_ret60;ret5,5,0.500000,false,true,0.000000,hard,0.200000,false,equal,1.000000,48,1.1430753893,0.0319037870,-0.2767612433,0.2727542060,0.1152754867,0.4545454545,7.0000000000,0.8583333333,0.0412000000,1.0374609450,0.1018008869,0.9667099414,0.1824388479
148,ret60_ret5_top5_riskoff0p5_riskctrl0_mscore1,ret60_ret5,60-day momentum with 5-day overheating penalty,ret60;ret5,5,0.500000,false,true,0.000000,hard,0.200000,false,equal,1.000000,48,1.1430753893,0.0319037870,-0.2767612433,0.2727542060,0.1152754867,0.4545454545,7.0000000000,0.8583333333,0.0412000000,1.0374609450,0.1018008869,0.9667099414,0.1824388479
149,rel_ret60_ret5_fundamental_top8_riskoff0p5_riskctrl1_mscore1,rel_ret60_ret5_fundamental,"market-excess momentum, reversal, valuation, and prosperity",rel_ret60;ret5;valuation;prosperity,8,0.500000,true,true,0.000000,hard,0.200000,false,equal,1.000000,48,1.1421359822,0.0317045566,-0.2606672274,0.2847325907,0.1216284722,0.4000000000,7.0000000000,0.6927083333,0.0332500000,1.0374609450,0.1008954001,0.9667099414,0.1814670909
150,ret60_ret5_fundamental_top8_riskoff0p5_riskctrl1_mscore1,ret60_ret5_fundamental,"60-day momentum, 5-day overheating penalty, valuation, and prosperity",ret60;ret5;valuation;prosperity,8,0.500000,true,true,0.000000,hard,0.200000,false,equal,1.000000,48,1.1421359822,0.0317045566,-0.2606672274,0.2847325907,0.1216284722,0.4000000000,7.0000000000,0.6927083333,0.0332500000,1.0374609450,0.1008954001,0.9667099414,0.1814670909
151,rel_ret60_ret5_top5_riskoff0_riskctrl0_mscore1,rel_ret60_ret5,60-day market-excess momentum with 5-day overheating penalty,rel_ret60;ret5,5,0.000000,false,true,0.000000,hard,0.200000,false,equal,1.000000,48,1.1410642311,0.0314771054,-0.2151622985,0.2818219822,0.1462947069,0.3636363636,4.0000000000,0.6625000000,0.0318000000,1.0374609450,0.0998623481,0.9667099414,0.1803584325
152,ret60_ret5_top5_riskoff0_riskctrl0_mscore1,ret60_ret5,60-day momentum with 5-day overheating penalty,ret60;ret5,5,0.000000,false,true,0.000000,hard,0.200000,false,equal,1.000000,48,1.1410642311,0.0314771054,-0.2151622985,0.2818219822,0.1462947069,0.3636363636,4.0000000000,0.6625000000,0.0318000000,1.0374609450,0.0998623481,0.9667099414,0.1803584325
153,rel_ret60_ret5_top3_riskoff0p3_riskctrl1_mscore0,rel_ret60_ret5,60-day market-excess momentum with 5-day overheating penalty,rel_ret60;ret5,3,0.300000,true,false,0.000000,hard,0.200000,false,equal,1.000000,48,1.1406566828,0.0313905710,-0.2669268613,0.2696126180,0.1175998956,0.4363636364,4.0000000000,0.7729166667,0.0371000000,1.0374609450,0.0994695157,0.9667099414,0.1799368497
154,ret60_ret5_top3_riskoff0p3_riskctrl1_mscore0,ret60_ret5,60-day momentum with 5-day overheating penalty,ret60;ret5,3,0.300000,true,false,0.000000,hard,0.200000,false,equal,1.000000,48,1.1406566828,0.0313905710,-0.2669268613,0.2696126180,0.1175998956,0.4363636364,4.0000000000,0.7729166667,0.0371000000,1.0374609450,0.0994695157,0.9667099414,0.1799368497
155,rel_ret60_ret5_valuation_top3_riskoff0_riskctrl0_mscore1,rel_ret60_ret5_valuation,"market-excess momentum, reversal, and valuation",rel_ret60;ret5;valuation,3,0.000000,false,true,0.000000,hard,0.200000,false,equal,1.000000,48,1.1377430553,0.0307712328,-0.2322139322,0.2767526547,0.1325124315,0.3090909091,5.0000000000,0.6562500000,0.0315000000,1.0374609450,0.0966610943,0.9667099414,0.1769228872
156,ret60_ret5_valuation_top3_riskoff0_riskctrl0_mscore1,ret60_ret5_valuation,"60-day momentum, 5-day overheating penalty, and valuation",ret60;ret5;valuation,3,0.000000,false,true,0.000000,hard,0.200000,false,equal,1.000000,48,1.1377430553,0.0307712328,-0.2322139322,0.2767526547,0.1325124315,0.3090909091,5.0000000000,0.6562500000,0.0315000000,1.0374609450,0.0966610943,0.9667099414,0.1769228872
157,rel_ret60_ret5_valuation_top8_riskoff0p3_riskctrl1_mscore0,rel_ret60_ret5_valuation,"market-excess momentum, reversal, and valuation",rel_ret60;ret5;valuation,8,0.300000,true,false,0.000000,hard,0.200000,false,equal,1.000000,48,1.1372581303,0.0306680365,-0.2108289285,0.2777093990,0.1454640816,0.4000000000,7.0000000000,0.7625000000,0.0366000000,1.0374609450,0.0961936792,0.9667099414,0.1764212632
158,ret60_ret5_valuation_top8_riskoff0p3_riskctrl1_mscore0,ret60_ret5_valuation,"60-day momentum, 5-day overheating penalty, and valuation",ret60;ret5;valuation,8,0.300000,true,false,0.000000,hard,0.200000,false,equal,1.000000,48,1.1372581303,0.0306680365,-0.2108289285,0.2777093990,0.1454640816,0.4000000000,7.0000000000,0.7625000000,0.0366000000,1.0374609450,0.0961936792,0.9667099414,0.1764212632
159,rel_ret60_ret5_valuation_top8_riskoff0p3_riskctrl1_mscore1,rel_ret60_ret5_valuation,"market-excess momentum, reversal, and valuation",rel_ret60;ret5;valuation,8,0.300000,true,true,0.000000,hard,0.200000,false,equal,1.000000,48,1.1296927492,0.0290536794,-0.1870863626,0.2843000029,0.1552955491,0.4181818182,7.0000000000,0.6312500000,0.0303000000,1.0374609450,0.0889014711,0.9667099414,0.1685953572
160,ret60_ret5_valuation_top8_riskoff0p3_riskctrl1_mscore1,ret60_ret5_valuation,"60-day momentum, 5-day overheating penalty, and valuation",ret60;ret5;valuation,8,0.300000,true,true,0.000000,hard,0.200000,false,equal,1.000000,48,1.1296927492,0.0290536794,-0.1870863626,0.2843000029,0.1552955491,0.4181818182,7.0000000000,0.6312500000,0.0303000000,1.0374609450,0.0889014711,0.9667099414,0.1685953572
161,rel_ret60_ret5_valuation_top3_riskoff0p2_riskctrl0_mscore1,rel_ret60_ret5_valuation,"market-excess momentum, reversal, and valuation",rel_ret60;ret5;valuation,3,0.200000,false,true,0.000000,hard,0.200000,false,equal,1.000000,48,1.1276624658,0.0286190351,-0.2430816047,0.2607360225,0.1177342693,0.4181818182,8.0000000000,0.7701388889,0.0369666667,1.0374609450,0.0869444977,0.9667099414,0.1664951580
162,ret60_ret5_valuation_top3_riskoff0p2_riskctrl0_mscore1,ret60_ret5_valuation,"60-day momentum, 5-day overheating penalty, and valuation",ret60;ret5;valuation,3,0.200000,false,true,0.000000,hard,0.200000,false,equal,1.000000,48,1.1276624658,0.0286190351,-0.2430816047,0.2607360225,0.1177342693,0.4181818182,8.0000000000,0.7701388889,0.0369666667,1.0374609450,0.0869444977,0.9667099414,0.1664951580
163,rel_ret60_ret5_fundamental_top5_riskoff0p5_riskctrl1_mscore1,rel_ret60_ret5_fundamental,"market-excess momentum, reversal, valuation, and prosperity",rel_ret60;ret5;valuation;prosperity,5,0.500000,true,true,0.000000,hard,0.200000,false,equal,1.000000,48,1.1250853965,0.0280664714,-0.2417505048,0.2544955240,0.1160968470,0.4545454545,4.0000000000,0.7541666667,0.0362000000,1.0374609450,0.0844604820,0.9667099414,0.1638293436
164,ret60_ret5_fundamental_top5_riskoff0p5_riskctrl1_mscore1,ret60_ret5_fundamental,"60-day momentum, 5-day overheating penalty, valuation, and prosperity",ret60;ret5;valuation;prosperity,5,0.500000,true,true,0.000000,hard,0.200000,false,equal,1.000000,48,1.1250853965,0.0280664714,-0.2417505048,0.2544955240,0.1160968470,0.4545454545,4.0000000000,0.7541666667,0.0362000000,1.0374609450,0.0844604820,0.9667099414,0.1638293436
165,rel_ret60_ret5_top5_riskoff0_riskctrl0_mscore0,rel_ret60_ret5,60-day market-excess momentum with 5-day overheating penalty,rel_ret60;ret5,5,0.000000,false,false,0.000000,hard,0.200000,false,equal,1.000000,48,1.1211623858,0.0272234547,-0.3590832182,0.2341735099,0.0758137760,0.4909090909,4.0000000000,1.0541666667,0.0506000000,1.0374609450,0.0806791245,0.9667099414,0.1597712383
166,rel_ret60_ret5_top5_riskoff0p2_riskctrl0_mscore0,rel_ret60_ret5,60-day market-excess momentum with 5-day overheating penalty,rel_ret60;ret5,5,0.200000,false,false,0.000000,hard,0.200000,false,equal,1.000000,48,1.1211623858,0.0272234547,-0.3590832182,0.2341735099,0.0758137760,0.4909090909,4.0000000000,1.0541666667,0.0506000000,1.0374609450,0.0806791245,0.9667099414,0.1597712383
167,rel_ret60_ret5_top5_riskoff0p3_riskctrl0_mscore0,rel_ret60_ret5,60-day market-excess momentum with 5-day overheating penalty,rel_ret60;ret5,5,0.300000,false,false,0.000000,hard,0.200000,false,equal,1.000000,48,1.1211623858,0.0272234547,-0.3590832182,0.2341735099,0.0758137760,0.4909090909,4.0000000000,1.0541666667,0.0506000000,1.0374609450,0.0806791245,0.9667099414,0.1597712383
168,rel_ret60_ret5_top5_riskoff0p5_riskctrl0_mscore0,rel_ret60_ret5,60-day market-excess momentum with 5-day overheating penalty,rel_ret60;ret5,5,0.500000,false,false,0.000000,hard,0.200000,false,equal,1.000000,48,1.1211623858,0.0272234547,-0.3590832182,0.2341735099,0.0758137760,0.4909090909,4.0000000000,1.0541666667,0.0506000000,1.0374609450,0.0806791245,0.9667099414,0.1597712383
169,ret60_ret5_top5_riskoff0_riskctrl0_mscore0,ret60_ret5,60-day momentum with 5-day overheating penalty,ret60;ret5,5,0.000000,false,false,0.000000,hard,0.200000,false,equal,1.000000,48,1.1211623858,0.0272234547,-0.3590832182,0.2341735099,0.0758137760,0.4909090909,4.0000000000,1.0541666667,0.0506000000,1.0374609450,0.0806791245,0.9667099414,0.1597712383
170,ret60_ret5_top5_riskoff0p2_riskctrl0_mscore0,ret60_ret5,60-day momentum with 5-day overheating penalty,ret60;ret5,5,0.200000,false,false,0.000000,hard,0.200000,false,equal,1.000000,48,1.1211623858,0.0272234547,-0.3590832182,0.2341735099,0.0758137760,0.4909090909,4.0000000000,1.0541666667,0.0506000000,1.0374609450,0.0806791245,0.9667099414,0.1597712383
171,ret60_ret5_top5_riskoff0p3_riskctrl0_mscore0,ret60_ret5,60-day momentum with 5-day overheating penalty,ret60;ret5,5,0.300000,false,false,0.000000,hard,0.200000,false,equal,1.000000,48,1.1211623858,0.0272234547,-0.3590832182,0.2341735099,0.0758137760,0.4909090909,4.0000000000,1.0541666667,0.0506000000,1.0374609450,0.0806791245,0.9667099414,0.1597712383
172,ret60_ret5_top5_riskoff0p5_riskctrl0_mscore0,ret60_ret5,60-day momentum with 5-day overheating penalty,ret60;ret5,5,0.500000,false,false,0.000000,hard,0.200000,false,equal,1.000000,48,1.1211623858,0.0272234547,-0.3590832182,0.2341735099,0.0758137760,0.4909090909,4.0000000000,1.0541666667,0.0506000000,1.0374609450,0.0806791245,0.9667099414,0.1597712383
173,rel_ret60_ret5_valuation_top3_riskoff0p3_riskctrl0_mscore1,rel_ret60_ret5_valuation,"market-excess momentum, reversal, and valuation",rel_ret60;ret5;valuation,3,0.300000,false,true,0.000000,hard,0.200000,false,equal,1.000000,48,1.1210553658,0.0272004255,-0.2542756712,0.2495402840,0.1069721905,0.4181818182,8.0000000000,0.8270833333,0.0397000000,1.0374609450,0.0805759689,0.9667099414,0.1596605329
174,ret60_ret5_valuation_top3_riskoff0p3_riskctrl0_mscore1,ret60_ret5_valuation,"60-day momentum, 5-day overheating penalty, and valuation",ret60;ret5;valuation,3,0.300000,false,true,0.000000,hard,0.200000,false,equal,1.000000,48,1.1210553658,0.0272004255,-0.2542756712,0.2495402840,0.1069721905,0.4181818182,8.0000000000,0.8270833333,0.0397000000,1.0374609450,0.0805759689,0.9667099414,0.1596605329
175,rel_ret60_ret5_top3_riskoff0p5_riskctrl1_mscore1,rel_ret60_ret5,60-day market-excess momentum with 5-day overheating penalty,rel_ret60;ret5,3,0.500000,true,true,0.000000,hard,0.200000,false,equal,1.000000,48,1.1102358576,0.0248634930,-0.2447949799,0.2332140531,0.1015686391,0.4545454545,4.0000000000,0.7923611111,0.0380333333,1.0374609450,0.0701471347,0.9667099414,0.1484684393
176,ret60_ret5_top3_riskoff0p5_riskctrl1_mscore1,ret60_ret5,60-day momentum with 5-day overheating penalty,ret60;ret5,3,0.500000,true,true,0.000000,hard,0.200000,false,equal,1.000000,48,1.1102358576,0.0248634930,-0.2447949799,0.2332140531,0.1015686391,0.4545454545,4.0000000000,0.7923611111,0.0380333333,1.0374609450,0.0701471347,0.9667099414,0.1484684393
177,rel_ret60_ret5_fundamental_top3_riskoff0p5_riskctrl0_mscore1,rel_ret60_ret5_fundamental,"market-excess momentum, reversal, valuation, and prosperity",rel_ret60;ret5;valuation;prosperity,3,0.500000,false,true,0.000000,hard,0.200000,false,equal,1.000000,48,1.1089048740,0.0245748084,-0.2876745590,0.2287925788,0.0854257271,0.4727272727,6.0000000000,0.8951388889,0.0429666667,1.0374609450,0.0688642105,0.9667099414,0.1470916213
178,ret60_ret5_fundamental_top3_riskoff0p5_riskctrl0_mscore1,ret60_ret5_fundamental,"60-day momentum, 5-day overheating penalty, valuation, and prosperity",ret60;ret5;valuation;prosperity,3,0.500000,false,true,0.000000,hard,0.200000,false,equal,1.000000,48,1.1089048740,0.0245748084,-0.2876745590,0.2287925788,0.0854257271,0.4727272727,6.0000000000,0.8951388889,0.0429666667,1.0374609450,0.0688642105,0.9667099414,0.1470916213
179,rel_ret60_ret5_fundamental_top3_riskoff0p3_riskctrl0_mscore1,rel_ret60_ret5_fundamental,"market-excess momentum, reversal, valuation, and prosperity",rel_ret60;ret5;valuation;prosperity,3,0.300000,false,true,0.000000,hard,0.200000,false,equal,1.000000,48,1.1080477682,0.0243887655,-0.2584583789,0.2321480023,0.0943624486,0.4727272727,6.0000000000,0.7895833333,0.0379000000,1.0374609450,0.0680380534,0.9667099414,0.1462049998
180,ret60_ret5_fundamental_top3_riskoff0p3_riskctrl0_mscore1,ret60_ret5_fundamental,"60-day momentum, 5-day overheating penalty, valuation, and prosperity",ret60;ret5;valuation;prosperity,3,0.300000,false,true,0.000000,hard,0.200000,false,equal,1.000000,48,1.1080477682,0.0243887655,-0.2584583789,0.2321480023,0.0943624486,0.4727272727,6.0000000000,0.7895833333,0.0379000000,1.0374609450,0.0680380534,0.9667099414,0.1462049998
181,rel_ret60_ret5_fundamental_top3_riskoff0p2_riskctrl0_mscore1,rel_ret60_ret5_fundamental,"market-excess momentum, reversal, valuation, and prosperity",rel_ret60;ret5;valuation;prosperity,3,0.200000,false,true,0.000000,hard,0.200000,false,equal,1.000000,48,1.1060785845,0.0239609181,-0.2538084425,0.2311783747,0.0944055205,0.4727272727,6.0000000000,0.7368055556,0.0353666667,1.0374609450,0.0661399735,0.9667099414,0.1441680044
182,ret60_ret5_fundamental_top3_riskoff0p2_riskctrl0_mscore1,ret60_ret5_fundamental,"60-day momentum, 5-day overheating penalty, valuation, and prosperity",ret60;ret5;valuation;prosperity,3,0.200000,false,true,0.000000,hard,0.200000,false,equal,1.000000,48,1.1060785845,0.0239609181,-0.2538084425,0.2311783747,0.0944055205,0.4727272727,6.0000000000,0.7368055556,0.0353666667,1.0374609450,0.0661399735,0.9667099414,0.1441680044
183,rel_ret60_ret5_valuation_top3_riskoff0p5_riskctrl0_mscore1,rel_ret60_ret5_valuation,"market-excess momentum, reversal, and valuation",rel_ret60;ret5;valuation,3,0.500000,false,true,0.000000,hard,0.200000,false,equal,1.000000,48,1.1047869675,0.0236799700,-0.2839495693,0.2234706983,0.0833949849,0.4363636364,6.0000000000,0.9409722222,0.0451666667,1.0374609450,0.0648949947,0.9667099414,0.1428319088
184,ret60_ret5_valuation_top3_riskoff0p5_riskctrl0_mscore1,ret60_ret5_valuation,"60-day momentum, 5-day overheating penalty, and valuation",ret60;ret5;valuation,3,0.500000,false,true,0.000000,hard,0.200000,false,equal,1.000000,48,1.1047869675,0.0236799700,-0.2839495693,0.2234706983,0.0833949849,0.4363636364,6.0000000000,0.9409722222,0.0451666667,1.0374609450,0.0648949947,0.9667099414,0.1428319088
185,rel_ret60_ret5_top3_riskoff0p5_riskctrl1_mscore0,rel_ret60_ret5,60-day market-excess momentum with 5-day overheating penalty,rel_ret60;ret5,3,0.500000,true,false,0.000000,hard,0.200000,false,equal,1.000000,48,1.1028302870,0.0232538805,-0.2850891612,0.2193655222,0.0815670452,0.4363636364,4.0000000000,0.8756944444,0.0420333333,1.0374609450,0.0630089665,0.9667099414,0.1408078471
186,ret60_ret5_top3_riskoff0p5_riskctrl1_mscore0,ret60_ret5,60-day momentum with 5-day overheating penalty,ret60;ret5,3,0.500000,true,false,0.000000,hard,0.200000,false,equal,1.000000,48,1.1028302870,0.0232538805,-0.2850891612,0.2193655222,0.0815670452,0.4363636364,4.0000000000,0.8756944444,0.0420333333,1.0374609450,0.0630089665,0.9667099414,0.1408078471
187,rel_ret60_ret5_fundamental_top3_riskoff0_riskctrl0_mscore1,rel_ret60_ret5_fundamental,"market-excess momentum, reversal, valuation, and prosperity",rel_ret60;ret5;valuation;prosperity,3,0.000000,false,true,0.000000,hard,0.200000,false,equal,1.000000,48,1.0990957678,0.0224390381,-0.2475576871,0.2228015123,0.0906416535,0.3090909091,5.0000000000,0.6312500000,0.0303000000,1.0374609450,0.0594092944,0.9667099414,0.1369447243
188,ret60_ret5_fundamental_top3_riskoff0_riskctrl0_mscore1,ret60_ret5_fundamental,"60-day momentum, 5-day overheating penalty, valuation, and prosperity",ret60;ret5;valuation;prosperity,3,0.000000,false,true,0.000000,hard,0.200000,false,equal,1.000000,48,1.0990957678,0.0224390381,-0.2475576871,0.2228015123,0.0906416535,0.3090909091,5.0000000000,0.6312500000,0.0303000000,1.0374609450,0.0594092944,0.9667099414,0.1369447243
189,rel_ret60_ret5_fundamental_top3_riskoff0_riskctrl0_mscore0,rel_ret60_ret5_fundamental,"market-excess momentum, reversal, valuation, and prosperity",rel_ret60;ret5;valuation;prosperity,3,0.000000,false,false,0.000000,hard,0.200000,false,equal,1.000000,48,1.0982559474,0.0222555043,-0.3861353869,0.2103450751,0.0576365312,0.4545454545,6.0000000000,1.1062500000,0.0531000000,1.0374609450,0.0585997985,0.9667099414,0.1360759835
190,rel_ret60_ret5_fundamental_top3_riskoff0p2_riskctrl0_mscore0,rel_ret60_ret5_fundamental,"market-excess momentum, reversal, valuation, and prosperity",rel_ret60;ret5;valuation;prosperity,3,0.200000,false,false,0.000000,hard,0.200000,false,equal,1.000000,48,1.0982559474,0.0222555043,-0.3861353869,0.2103450751,0.0576365312,0.4545454545,6.0000000000,1.1062500000,0.0531000000,1.0374609450,0.0585997985,0.9667099414,0.1360759835
191,rel_ret60_ret5_fundamental_top3_riskoff0p3_riskctrl0_mscore0,rel_ret60_ret5_fundamental,"market-excess momentum, reversal, valuation, and prosperity",rel_ret60;ret5;valuation;prosperity,3,0.300000,false,false,0.000000,hard,0.200000,false,equal,1.000000,48,1.0982559474,0.0222555043,-0.3861353869,0.2103450751,0.0576365312,0.4545454545,6.0000000000,1.1062500000,0.0531000000,1.0374609450,0.0585997985,0.9667099414,0.1360759835
192,rel_ret60_ret5_fundamental_top3_riskoff0p5_riskctrl0_mscore0,rel_ret60_ret5_fundamental,"market-excess momentum, reversal, valuation, and prosperity",rel_ret60;ret5;valuation;prosperity,3,0.500000,false,false,0.000000,hard,0.200000,false,equal,1.000000,48,1.0982559474,0.0222555043,-0.3861353869,0.2103450751,0.0576365312,0.4545454545,6.0000000000,1.1062500000,0.0531000000,1.0374609450,0.0585997985,0.9667099414,0.1360759835
193,ret60_ret5_fundamental_top3_riskoff0_riskctrl0_mscore0,ret60_ret5_fundamental,"60-day momentum, 5-day overheating penalty, valuation, and prosperity",ret60;ret5;valuation;prosperity,3,0.000000,false,false,0.000000,hard,0.200000,false,equal,1.000000,48,1.0982559474,0.0222555043,-0.3861353869,0.2103450751,0.0576365312,0.4545454545,6.0000000000,1.1062500000,0.0531000000,1.0374609450,0.0585997985,0.9667099414,0.1360759835
194,ret60_ret5_fundamental_top3_riskoff0p2_riskctrl0_mscore0,ret60_ret5_fundamental,"60-day momentum, 5-day overheating penalty, valuation, and prosperity",ret60;ret5;valuation;prosperity,3,0.200000,false,false,0.000000,hard,0.200000,false,equal,1.000000,48,1.0982559474,0.0222555043,-0.3861353869,0.2103450751,0.0576365312,0.4545454545,6.0000000000,1.1062500000,0.0531000000,1.0374609450,0.0585997985,0.9667099414,0.1360759835
195,ret60_ret5_fundamental_top3_riskoff0p3_riskctrl0_mscore0,ret60_ret5_fundamental,"60-day momentum, 5-day overheating penalty, valuation, and prosperity",ret60;ret5;valuation;prosperity,3,0.300000,false,false,0.000000,hard,0.200000,false,equal,1.000000,48,1.0982559474,0.0222555043,-0.3861353869,0.2103450751,0.0576365312,0.4545454545,6.0000000000,1.1062500000,0.0531000000,1.0374609450,0.0585997985,0.9667099414,0.1360759835
196,ret60_ret5_fundamental_top3_riskoff0p5_riskctrl0_mscore0,ret60_ret5_fundamental,"60-day momentum, 5-day overheating penalty, valuation, and prosperity",ret60;ret5;valuation;prosperity,3,0.500000,false,false,0.000000,hard,0.200000,false,equal,1.000000,48,1.0982559474,0.0222555043,-0.3861353869,0.2103450751,0.0576365312,0.4545454545,6.0000000000,1.1062500000,0.0531000000,1.0374609450,0.0585997985,0.9667099414,0.1360759835
197,rel_ret60_ret5_valuation_top8_riskoff0p5_riskctrl1_mscore0,rel_ret60_ret5_valuation,"market-excess momentum, reversal, and valuation",rel_ret60;ret5;valuation,8,0.500000,true,false,0.000000,hard,0.200000,false,equal,1.000000,48,1.0936356871,0.0212438705,-0.2515785735,0.2130123048,0.0844422887,0.4181818182,7.0000000000,0.8437500000,0.0405000000,1.0374609450,0.0541463680,0.9667099414,0.1312966178
198,ret60_ret5_valuation_top8_riskoff0p5_riskctrl1_mscore0,ret60_ret5_valuation,"60-day momentum, 5-day overheating penalty, and valuation",ret60;ret5;valuation,8,0.500000,true,false,0.000000,hard,0.200000,false,equal,1.000000,48,1.0936356871,0.0212438705,-0.2515785735,0.2130123048,0.0844422887,0.4181818182,7.0000000000,0.8437500000,0.0405000000,1.0374609450,0.0541463680,0.9667099414,0.1312966178
199,rel_ret60_ret5_valuation_top8_riskoff0p5_riskctrl1_mscore1,rel_ret60_ret5_valuation,"market-excess momentum, reversal, and valuation",rel_ret60;ret5;valuation,8,0.500000,true,true,0.000000,hard,0.200000,false,equal,1.000000,48,1.0898153839,0.0204049195,-0.2457326580,0.2128842477,0.0830370681,0.4000000000,7.0000000000,0.7500000000,0.0360000000,1.0374609450,0.0504640094,0.9667099414,0.1273447570
200,ret60_ret5_valuation_top8_riskoff0p5_riskctrl1_mscore1,ret60_ret5_valuation,"60-day momentum, 5-day overheating penalty, and valuation",ret60;ret5;valuation,8,0.500000,true,true,0.000000,hard,0.200000,false,equal,1.000000,48,1.0898153839,0.0204049195,-0.2457326580,0.2128842477,0.0830370681,0.4000000000,7.0000000000,0.7500000000,0.0360000000,1.0374609450,0.0504640094,0.9667099414,0.1273447570
201,rel_ret60_ret5_fundamental_top8_riskoff0p3_riskctrl0_mscore1,rel_ret60_ret5_fundamental,"market-excess momentum, reversal, valuation, and prosperity",rel_ret60;ret5;valuation;prosperity,8,0.300000,false,true,0.000000,hard,0.200000,false,equal,1.000000,48,1.0837374099,0.0190655267,-0.2820972595,0.2024884050,0.0675849412,0.4000000000,11.0000000000,0.7307291667,0.0350750000,1.0374609450,0.0446055006,0.9667099414,0.1210574791
202,ret60_ret5_fundamental_top8_riskoff0p3_riskctrl0_mscore1,ret60_ret5_fundamental,"60-day momentum, 5-day overheating penalty, valuation, and prosperity",ret60;ret5;valuation;prosperity,8,0.300000,false,true,0.000000,hard,0.200000,false,equal,1.000000,48,1.0837374099,0.0190655267,-0.2820972595,0.2024884050,0.0675849412,0.4000000000,11.0000000000,0.7307291667,0.0350750000,1.0374609450,0.0446055006,0.9667099414,0.1210574791
203,rel_ret60_ret5_fundamental_top8_riskoff0p2_riskctrl0_mscore1,rel_ret60_ret5_fundamental,"market-excess momentum, reversal, valuation, and prosperity",rel_ret60;ret5;valuation;prosperity,8,0.200000,false,true,0.000000,hard,0.200000,false,equal,1.000000,48,1.0836853869,0.0190540377,-0.2627993089,0.2037197776,0.0725041392,0.4000000000,11.0000000000,0.6989583333,0.0335500000,1.0374609450,0.0445553561,0.9667099414,0.1210036646
204,ret60_ret5_fundamental_top8_riskoff0p2_riskctrl0_mscore1,ret60_ret5_fundamental,"60-day momentum, 5-day overheating penalty, valuation, and prosperity",ret60;ret5;valuation;prosperity,8,0.200000,false,true,0.000000,hard,0.200000,false,equal,1.000000,48,1.0836853869,0.0190540377,-0.2627993089,0.2037197776,0.0725041392,0.4000000000,11.0000000000,0.6989583333,0.0335500000,1.0374609450,0.0445553561,0.9667099414,0.1210036646
205,rel_ret60_ret5_top8_riskoff0p5_riskctrl0_mscore1,rel_ret60_ret5,60-day market-excess momentum with 5-day overheating penalty,rel_ret60;ret5,8,0.500000,false,true,0.000000,hard,0.200000,false,equal,1.000000,48,1.0820085694,0.0186834953,-0.3194820919,0.1978031390,0.0584805715,0.4181818182,11.0000000000,0.7786458333,0.0373750000,1.0374609450,0.0429390856,0.9667099414,0.1192691035
206,ret60_ret5_top8_riskoff0p5_riskctrl0_mscore1,ret60_ret5,60-day momentum with 5-day overheating penalty,ret60;ret5,8,0.500000,false,true,0.000000,hard,0.200000,false,equal,1.000000,48,1.0820085694,0.0186834953,-0.3194820919,0.1978031390,0.0584805715,0.4181818182,11.0000000000,0.7786458333,0.0373750000,1.0374609450,0.0429390856,0.9667099414,0.1192691035
207,rel_ret60_ret5_fundamental_top8_riskoff0p5_riskctrl0_mscore1,rel_ret60_ret5_fundamental,"market-excess momentum, reversal, valuation, and prosperity",rel_ret60;ret5;valuation;prosperity,8,0.500000,false,true,0.000000,hard,0.200000,false,equal,1.000000,48,1.0812249828,0.0185101881,-0.3199160931,0.1957701514,0.0578595090,0.4000000000,11.0000000000,0.7942708333,0.0381250000,1.0374609450,0.0421837931,0.9667099414,0.1184585329
208,ret60_ret5_fundamental_top8_riskoff0p5_riskctrl0_mscore1,ret60_ret5_fundamental,"60-day momentum, 5-day overheating penalty, valuation, and prosperity",ret60;ret5;valuation;prosperity,8,0.500000,false,true,0.000000,hard,0.200000,false,equal,1.000000,48,1.0812249828,0.0185101881,-0.3199160931,0.1957701514,0.0578595090,0.4000000000,11.0000000000,0.7942708333,0.0381250000,1.0374609450,0.0421837931,0.9667099414,0.1184585329
209,rel_ret60_ret5_fundamental_top8_riskoff0_riskctrl0_mscore1,rel_ret60_ret5_fundamental,"market-excess momentum, reversal, valuation, and prosperity",rel_ret60;ret5;valuation;prosperity,8,0.000000,false,true,0.000000,hard,0.200000,false,equal,1.000000,48,1.0809745106,0.0184547704,-0.2400045819,0.2007041944,0.0768934088,0.3454545455,5.0000000000,0.6354166667,0.0305000000,1.0374609450,0.0419423650,0.9667099414,0.1181994354
210,ret60_ret5_fundamental_top8_riskoff0_riskctrl0_mscore1,ret60_ret5_fundamental,"60-day momentum, 5-day overheating penalty, valuation, and prosperity",ret60;ret5;valuation;prosperity,8,0.000000,false,true,0.000000,hard,0.200000,false,equal,1.000000,48,1.0809745106,0.0184547704,-0.2400045819,0.2007041944,0.0768934088,0.3454545455,5.0000000000,0.6354166667,0.0305000000,1.0374609450,0.0419423650,0.9667099414,0.1181994354
211,rel_ret60_ret5_fundamental_top5_riskoff0_riskctrl0_mscore1,rel_ret60_ret5_fundamental,"market-excess momentum, reversal, valuation, and prosperity",rel_ret60;ret5;valuation;prosperity,5,0.000000,false,true,0.000000,hard,0.200000,false,equal,1.000000,48,1.0794277273,0.0181123226,-0.2205217104,0.1950259704,0.0821339655,0.3454545455,4.0000000000,0.6458333333,0.0310000000,1.0374609450,0.0404514334,0.9667099414,0.1165993863
212,ret60_ret5_fundamental_top5_riskoff0_riskctrl0_mscore1,ret60_ret5_fundamental,"60-day momentum, 5-day overheating penalty, valuation, and prosperity",ret60;ret5;valuation;prosperity,5,0.000000,false,true,0.000000,hard,0.200000,false,equal,1.000000,48,1.0794277273,0.0181123226,-0.2205217104,0.1950259704,0.0821339655,0.3454545455,4.0000000000,0.6458333333,0.0310000000,1.0374609450,0.0404514334,0.9667099414,0.1165993863
213,rel_ret60_ret5_top8_riskoff0p3_riskctrl0_mscore1,rel_ret60_ret5,60-day market-excess momentum with 5-day overheating penalty,rel_ret60;ret5,8,0.300000,false,true,0.000000,hard,0.200000,false,equal,1.000000,48,1.0785623401,0.0179205676,-0.2856666188,0.1959056193,0.0627324524,0.4181818182,11.0000000000,0.7171875000,0.0344250000,1.0374609450,0.0396172938,0.9667099414,0.1157041982
214,ret60_ret5_top8_riskoff0p3_riskctrl0_mscore1,ret60_ret5,60-day momentum with 5-day overheating penalty,ret60;ret5,8,0.300000,false,true,0.000000,hard,0.200000,false,equal,1.000000,48,1.0785623401,0.0179205676,-0.2856666188,0.1959056193,0.0627324524,0.4181818182,11.0000000000,0.7171875000,0.0344250000,1.0374609450,0.0396172938,0.9667099414,0.1157041982
215,rel_ret60_ret5_top8_riskoff0_riskctrl0_mscore0,rel_ret60_ret5,60-day market-excess momentum with 5-day overheating penalty,rel_ret60;ret5,8,0.000000,false,false,0.000000,hard,0.200000,false,equal,1.000000,48,1.0760181413,0.0173561341,-0.4009157024,0.1861342936,0.0432912305,0.4363636364,7.0000000000,0.9322916667,0.0447500000,1.0374609450,0.0371649617,0.9667099414,0.1130723863
216,rel_ret60_ret5_top8_riskoff0p2_riskctrl0_mscore0,rel_ret60_ret5,60-day market-excess momentum with 5-day overheating penalty,rel_ret60;ret5,8,0.200000,false,false,0.000000,hard,0.200000,false,equal,1.000000,48,1.0760181413,0.0173561341,-0.4009157024,0.1861342936,0.0432912305,0.4363636364,7.0000000000,0.9322916667,0.0447500000,1.0374609450,0.0371649617,0.9667099414,0.1130723863
217,rel_ret60_ret5_top8_riskoff0p3_riskctrl0_mscore0,rel_ret60_ret5,60-day market-excess momentum with 5-day overheating penalty,rel_ret60;ret5,8,0.300000,false,false,0.000000,hard,0.200000,false,equal,1.000000,48,1.0760181413,0.0173561341,-0.4009157024,0.1861342936,0.0432912305,0.4363636364,7.0000000000,0.9322916667,0.0447500000,1.0374609450,0.0371649617,0.9667099414,0.1130723863
218,rel_ret60_ret5_top8_riskoff0p5_riskctrl0_mscore0,rel_ret60_ret5,60-day market-excess momentum with 5-day overheating penalty,rel_ret60;ret5,8,0.500000,false,false,0.000000,hard,0.200000,false,equal,1.000000,48,1.0760181413,0.0173561341,-0.4009157024,0.1861342936,0.0432912305,0.4363636364,7.0000000000,0.9322916667,0.0447500000,1.0374609450,0.0371649617,0.9667099414,0.1130723863
219,ret60_ret5_top8_riskoff0_riskctrl0_mscore0,ret60_ret5,60-day momentum with 5-day overheating penalty,ret60;ret5,8,0.000000,false,false,0.000000,hard,0.200000,false,equal,1.000000,48,1.0760181413,0.0173561341,-0.4009157024,0.1861342936,0.0432912305,0.4363636364,7.0000000000,0.9322916667,0.0447500000,1.0374609450,0.0371649617,0.9667099414,0.1130723863
220,ret60_ret5_top8_riskoff0p2_riskctrl0_mscore0,ret60_ret5,60-day momentum with 5-day overheating penalty,ret60;ret5,8,0.200000,false,false,0.000000,hard,0.200000,false,equal,1.000000,48,1.0760181413,0.0173561341,-0.4009157024,0.1861342936,0.0432912305,0.4363636364,7.0000000000,0.9322916667,0.0447500000,1.0374609450,0.0371649617,0.9667099414,0.1130723863
221,ret60_ret5_top8_riskoff0p3_riskctrl0_mscore0,ret60_ret5,60-day momentum with 5-day overheating penalty,ret60;ret5,8,0.300000,false,false,0.000000,hard,0.200000,false,equal,1.000000,48,1.0760181413,0.0173561341,-0.4009157024,0.1861342936,0.0432912305,0.4363636364,7.0000000000,0.9322916667,0.0447500000,1.0374609450,0.0371649617,0.9667099414,0.1130723863
222,ret60_ret5_top8_riskoff0p5_riskctrl0_mscore0,ret60_ret5,60-day momentum with 5-day overheating penalty,ret60;ret5,8,0.500000,false,false,0.000000,hard,0.200000,false,equal,1.000000,48,1.0760181413,0.0173561341,-0.4009157024,0.1861342936,0.0432912305,0.4363636364,7.0000000000,0.9322916667,0.0447500000,1.0374609450,0.0371649617,0.9667099414,0.1130723863
223,rel_ret60_ret5_top8_riskoff0p2_riskctrl0_mscore1,rel_ret60_ret5,60-day market-excess momentum with 5-day overheating penalty,rel_ret60;ret5,8,0.200000,false,true,0.000000,hard,0.200000,false,equal,1.000000,48,1.0756045953,0.0172642919,-0.2685225324,0.1925206018,0.0642936434,0.4181818182,11.0000000000,0.6864583333,0.0329500000,1.0374609450,0.0367663481,0.9667099414,0.1126445992
224,ret60_ret5_top8_riskoff0p2_riskctrl0_mscore1,ret60_ret5,60-day momentum with 5-day overheating penalty,ret60;ret5,8,0.200000,false,true,0.000000,hard,0.200000,false,equal,1.000000,48,1.0756045953,0.0172642919,-0.2685225324,0.1925206018,0.0642936434,0.4181818182,11.0000000000,0.6864583333,0.0329500000,1.0374609450,0.0367663481,0.9667099414,0.1126445992
225,rel_ret60_ret5_fundamental_top5_riskoff0p2_riskctrl0_mscore1,rel_ret60_ret5_fundamental,"market-excess momentum, reversal, valuation, and prosperity",rel_ret60;ret5;valuation;prosperity,5,0.200000,false,true,0.000000,hard,0.200000,false,equal,1.000000,48,1.0714828684,0.0163474408,-0.2487336553,0.1828605796,0.0657226733,0.4363636364,7.0000000000,0.7308333333,0.0350800000,1.0374609450,0.0327934498,0.9667099414,0.1083809347
226,ret60_ret5_fundamental_top5_riskoff0p2_riskctrl0_mscore1,ret60_ret5_fundamental,"60-day momentum, 5-day overheating penalty, valuation, and prosperity",ret60;ret5;valuation;prosperity,5,0.200000,false,true,0.000000,hard,0.200000,false,equal,1.000000,48,1.0714828684,0.0163474408,-0.2487336553,0.1828605796,0.0657226733,0.4363636364,7.0000000000,0.7308333333,0.0350800000,1.0374609450,0.0327934498,0.9667099414,0.1083809347
227,rel_ret60_ret5_top8_riskoff0_riskctrl0_mscore1,rel_ret60_ret5,60-day market-excess momentum with 5-day overheating penalty,rel_ret60;ret5,8,0.000000,false,true,0.000000,hard,0.200000,false,equal,1.000000,48,1.0672632983,0.0154060253,-0.2345695149,0.1802164290,0.0656778667,0.3636363636,5.0000000000,0.6250000000,0.0300000000,1.0374609450,0.0287262412,0.9667099414,0.1040160576
228,ret60_ret5_top8_riskoff0_riskctrl0_mscore1,ret60_ret5,60-day momentum with 5-day overheating penalty,ret60;ret5,8,0.000000,false,true,0.000000,hard,0.200000,false,equal,1.000000,48,1.0672632983,0.0154060253,-0.2345695149,0.1802164290,0.0656778667,0.3636363636,5.0000000000,0.6250000000,0.0300000000,1.0374609450,0.0287262412,0.9667099414,0.1040160576
229,rel_ret60_ret5_fundamental_top5_riskoff0p3_riskctrl0_mscore1,rel_ret60_ret5_fundamental,"market-excess momentum, reversal, valuation, and prosperity",rel_ret60;ret5;valuation;prosperity,5,0.300000,false,true,0.000000,hard,0.200000,false,equal,1.000000,48,1.0661519338,0.0151575984,-0.2662408271,0.1747327532,0.0569319087,0.4363636364,7.0000000000,0.7733333333,0.0371200000,1.0374609450,0.0276550062,0.9667099414,0.1028664217
230,ret60_ret5_fundamental_top5_riskoff0p3_riskctrl0_mscore1,ret60_ret5_fundamental,"60-day momentum, 5-day overheating penalty, valuation, and prosperity",ret60;ret5;valuation;prosperity,5,0.300000,false,true,0.000000,hard,0.200000,false,equal,1.000000,48,1.0661519338,0.0151575984,-0.2662408271,0.1747327532,0.0569319087,0.4363636364,7.0000000000,0.7733333333,0.0371200000,1.0374609450,0.0276550062,0.9667099414,0.1028664217
231,rel_ret60_ret5_valuation_top3_riskoff0_riskctrl0_mscore0,rel_ret60_ret5_valuation,"market-excess momentum, reversal, and valuation",rel_ret60;ret5;valuation,3,0.000000,false,false,0.000000,hard,0.200000,false,equal,1.000000,48,1.0606409336,0.0139227711,-0.3756127225,0.1698689833,0.0370668252,0.4181818182,6.0000000000,1.1687500000,0.0561000000,1.0374609450,0.0223429987,0.9667099414,0.0971656421
232,rel_ret60_ret5_valuation_top3_riskoff0p2_riskctrl0_mscore0,rel_ret60_ret5_valuation,"market-excess momentum, reversal, and valuation",rel_ret60;ret5;valuation,3,0.200000,false,false,0.000000,hard,0.200000,false,equal,1.000000,48,1.0606409336,0.0139227711,-0.3756127225,0.1698689833,0.0370668252,0.4181818182,6.0000000000,1.1687500000,0.0561000000,1.0374609450,0.0223429987,0.9667099414,0.0971656421
233,rel_ret60_ret5_valuation_top3_riskoff0p3_riskctrl0_mscore0,rel_ret60_ret5_valuation,"market-excess momentum, reversal, and valuation",rel_ret60;ret5;valuation,3,0.300000,false,false,0.000000,hard,0.200000,false,equal,1.000000,48,1.0606409336,0.0139227711,-0.3756127225,0.1698689833,0.0370668252,0.4181818182,6.0000000000,1.1687500000,0.0561000000,1.0374609450,0.0223429987,0.9667099414,0.0971656421
234,rel_ret60_ret5_valuation_top3_riskoff0p5_riskctrl0_mscore0,rel_ret60_ret5_valuation,"market-excess momentum, reversal, and valuation",rel_ret60;ret5;valuation,3,0.500000,false,false,0.000000,hard,0.200000,false,equal,1.000000,48,1.0606409336,0.0139227711,-0.3756127225,0.1698689833,0.0370668252,0.4181818182,6.0000000000,1.1687500000,0.0561000000,1.0374609450,0.0223429987,0.9667099414,0.0971656421
235,ret60_ret5_valuation_top3_riskoff0_riskctrl0_mscore0,ret60_ret5_valuation,"60-day momentum, 5-day overheating penalty, and valuation",ret60;ret5;valuation,3,0.000000,false,false,0.000000,hard,0.200000,false,equal,1.000000,48,1.0606409336,0.0139227711,-0.3756127225,0.1698689833,0.0370668252,0.4181818182,6.0000000000,1.1687500000,0.0561000000,1.0374609450,0.0223429987,0.9667099414,0.0971656421
236,ret60_ret5_valuation_top3_riskoff0p2_riskctrl0_mscore0,ret60_ret5_valuation,"60-day momentum, 5-day overheating penalty, and valuation",ret60;ret5;valuation,3,0.200000,false,false,0.000000,hard,0.200000,false,equal,1.000000,48,1.0606409336,0.0139227711,-0.3756127225,0.1698689833,0.0370668252,0.4181818182,6.0000000000,1.1687500000,0.0561000000,1.0374609450,0.0223429987,0.9667099414,0.0971656421
237,ret60_ret5_valuation_top3_riskoff0p3_riskctrl0_mscore0,ret60_ret5_valuation,"60-day momentum, 5-day overheating penalty, and valuation",ret60;ret5;valuation,3,0.300000,false,false,0.000000,hard,0.200000,false,equal,1.000000,48,1.0606409336,0.0139227711,-0.3756127225,0.1698689833,0.0370668252,0.4181818182,6.0000000000,1.1687500000,0.0561000000,1.0374609450,0.0223429987,0.9667099414,0.0971656421
238,ret60_ret5_valuation_top3_riskoff0p5_riskctrl0_mscore0,ret60_ret5_valuation,"60-day momentum, 5-day overheating penalty, and valuation",ret60;ret5;valuation,3,0.500000,false,false,0.000000,hard,0.200000,false,equal,1.000000,48,1.0606409336,0.0139227711,-0.3756127225,0.1698689833,0.0370668252,0.4181818182,6.0000000000,1.1687500000,0.0561000000,1.0374609450,0.0223429987,0.9667099414,0.0971656421
239,rel_ret60_ret5_fundamental_top8_riskoff0_riskctrl0_mscore0,rel_ret60_ret5_fundamental,"market-excess momentum, reversal, valuation, and prosperity",rel_ret60;ret5;valuation;prosperity,8,0.000000,false,false,0.000000,hard,0.200000,false,equal,1.000000,48,1.0598190831,0.0137382021,-0.4096672923,0.1681738281,0.0335350230,0.4363636364,7.0000000000,0.9531250000,0.0457500000,1.0374609450,0.0215508239,0.9667099414,0.0963154900
240,rel_ret60_ret5_fundamental_top8_riskoff0p2_riskctrl0_mscore0,rel_ret60_ret5_fundamental,"market-excess momentum, reversal, valuation, and prosperity",rel_ret60;ret5;valuation;prosperity,8,0.200000,false,false,0.000000,hard,0.200000,false,equal,1.000000,48,1.0598190831,0.0137382021,-0.4096672923,0.1681738281,0.0335350230,0.4363636364,7.0000000000,0.9531250000,0.0457500000,1.0374609450,0.0215508239,0.9667099414,0.0963154900
241,rel_ret60_ret5_fundamental_top8_riskoff0p3_riskctrl0_mscore0,rel_ret60_ret5_fundamental,"market-excess momentum, reversal, valuation, and prosperity",rel_ret60;ret5;valuation;prosperity,8,0.300000,false,false,0.000000,hard,0.200000,false,equal,1.000000,48,1.0598190831,0.0137382021,-0.4096672923,0.1681738281,0.0335350230,0.4363636364,7.0000000000,0.9531250000,0.0457500000,1.0374609450,0.0215508239,0.9667099414,0.0963154900
242,rel_ret60_ret5_fundamental_top8_riskoff0p5_riskctrl0_mscore0,rel_ret60_ret5_fundamental,"market-excess momentum, reversal, valuation, and prosperity",rel_ret60;ret5;valuation;prosperity,8,0.500000,false,false,0.000000,hard,0.200000,false,equal,1.000000,48,1.0598190831,0.0137382021,-0.4096672923,0.1681738281,0.0335350230,0.4363636364,7.0000000000,0.9531250000,0.0457500000,1.0374609450,0.0215508239,0.9667099414,0.0963154900
243,ret60_ret5_fundamental_top8_riskoff0_riskctrl0_mscore0,ret60_ret5_fundamental,"60-day momentum, 5-day overheating penalty, valuation, and prosperity",ret60;ret5;valuation;prosperity,8,0.000000,false,false,0.000000,hard,0.200000,false,equal,1.000000,48,1.0598190831,0.0137382021,-0.4096672923,0.1681738281,0.0335350230,0.4363636364,7.0000000000,0.9531250000,0.0457500000,1.0374609450,0.0215508239,0.9667099414,0.0963154900
244,ret60_ret5_fundamental_top8_riskoff0p2_riskctrl0_mscore0,ret60_ret5_fundamental,"60-day momentum, 5-day overheating penalty, valuation, and prosperity",ret60;ret5;valuation;prosperity,8,0.200000,false,false,0.000000,hard,0.200000,false,equal,1.000000,48,1.0598190831,0.0137382021,-0.4096672923,0.1681738281,0.0335350230,0.4363636364,7.0000000000,0.9531250000,0.0457500000,1.0374609450,0.0215508239,0.9667099414,0.0963154900
245,ret60_ret5_fundamental_top8_riskoff0p3_riskctrl0_mscore0,ret60_ret5_fundamental,"60-day momentum, 5-day overheating penalty, valuation, and prosperity",ret60;ret5;valuation;prosperity,8,0.300000,false,false,0.000000,hard,0.200000,false,equal,1.000000,48,1.0598190831,0.0137382021,-0.4096672923,0.1681738281,0.0335350230,0.4363636364,7.0000000000,0.9531250000,0.0457500000,1.0374609450,0.0215508239,0.9667099414,0.0963154900
246,ret60_ret5_fundamental_top8_riskoff0p5_riskctrl0_mscore0,ret60_ret5_fundamental,"60-day momentum, 5-day overheating penalty, valuation, and prosperity",ret60;ret5;valuation;prosperity,8,0.500000,false,false,0.000000,hard,0.200000,false,equal,1.000000,48,1.0598190831,0.0137382021,-0.4096672923,0.1681738281,0.0335350230,0.4363636364,7.0000000000,0.9531250000,0.0457500000,1.0374609450,0.0215508239,0.9667099414,0.0963154900
247,rel_ret60_ret5_valuation_top8_riskoff0_riskctrl0_mscore1,rel_ret60_ret5_valuation,"market-excess momentum, reversal, and valuation",rel_ret60;ret5;valuation,8,0.000000,false,true,0.000000,hard,0.200000,false,equal,1.000000,48,1.0585717914,0.0134578792,-0.2158506774,0.1665563766,0.0623480980,0.3636363636,5.0000000000,0.6562500000,0.0315000000,1.0374609450,0.0203485697,0.9667099414,0.0950252460
248,ret60_ret5_valuation_top8_riskoff0_riskctrl0_mscore1,ret60_ret5_valuation,"60-day momentum, 5-day overheating penalty, and valuation",ret60;ret5;valuation,8,0.000000,false,true,0.000000,hard,0.200000,false,equal,1.000000,48,1.0585717914,0.0134578792,-0.2158506774,0.1665563766,0.0623480980,0.3636363636,5.0000000000,0.6562500000,0.0315000000,1.0374609450,0.0203485697,0.9667099414,0.0950252460
249,rel_ret60_ret5_fundamental_top5_riskoff0p5_riskctrl0_mscore1,rel_ret60_ret5_fundamental,"market-excess momentum, reversal, valuation, and prosperity",rel_ret60;ret5;valuation;prosperity,5,0.500000,false,true,0.000000,hard,0.200000,false,equal,1.000000,48,1.0528285651,0.0121638457,-0.3007017842,0.1561059055,0.0404515249,0.4363636364,7.0000000000,0.8583333333,0.0412000000,1.0374609450,0.0148127216,0.9667099414,0.0890842434
250,ret60_ret5_fundamental_top5_riskoff0p5_riskctrl0_mscore1,ret60_ret5_fundamental,"60-day momentum, 5-day overheating penalty, valuation, and prosperity",ret60;ret5;valuation;prosperity,5,0.500000,false,true,0.000000,hard,0.200000,false,equal,1.000000,48,1.0528285651,0.0121638457,-0.3007017842,0.1561059055,0.0404515249,0.4363636364,7.0000000000,0.8583333333,0.0412000000,1.0374609450,0.0148127216,0.9667099414,0.0890842434
251,rel_ret60_ret5_valuation_top8_riskoff0p2_riskctrl0_mscore1,rel_ret60_ret5_valuation,"market-excess momentum, reversal, and valuation",rel_ret60;ret5;valuation,8,0.200000,false,true,0.000000,hard,0.200000,false,equal,1.000000,48,1.0488484427,0.0112638935,-0.2517767770,0.1503443062,0.0447376187,0.4181818182,11.0000000000,0.7343750000,0.0352500000,1.0374609450,0.0109763145,0.9667099414,0.0849670597
252,ret60_ret5_valuation_top8_riskoff0p2_riskctrl0_mscore1,ret60_ret5_valuation,"60-day momentum, 5-day overheating penalty, and valuation",ret60;ret5;valuation,8,0.200000,false,true,0.000000,hard,0.200000,false,equal,1.000000,48,1.0488484427,0.0112638935,-0.2517767770,0.1503443062,0.0447376187,0.4181818182,11.0000000000,0.7343750000,0.0352500000,1.0374609450,0.0109763145,0.9667099414,0.0849670597
253,rel_ret60_ret5_valuation_top8_riskoff0p3_riskctrl0_mscore1,rel_ret60_ret5_valuation,"market-excess momentum, reversal, and valuation",rel_ret60;ret5;valuation,8,0.300000,false,true,0.000000,hard,0.200000,false,equal,1.000000,48,1.0428414496,0.0099006813,-0.2708408830,0.1405901607,0.0365553426,0.4181818182,11.0000000000,0.7734375000,0.0371250000,1.0374609450,0.0051862237,0.9667099414,0.0787532071
254,ret60_ret5_valuation_top8_riskoff0p3_riskctrl0_mscore1,ret60_ret5_valuation,"60-day momentum, 5-day overheating penalty, and valuation",ret60;ret5;valuation,8,0.300000,false,true,0.000000,hard,0.200000,false,equal,1.000000,48,1.0428414496,0.0099006813,-0.2708408830,0.1405901607,0.0365553426,0.4181818182,11.0000000000,0.7734375000,0.0371250000,1.0374609450,0.0051862237,0.9667099414,0.0787532071
255,rel_ret60_ret5_top3_riskoff0p5_riskctrl0_mscore1,rel_ret60_ret5,60-day market-excess momentum with 5-day overheating penalty,rel_ret60;ret5,3,0.500000,false,true,0.000000,hard,0.200000,false,equal,1.000000,48,1.0311976423,0.0072410611,-0.2968862581,0.1273072470,0.0243900177,0.4363636364,6.0000000000,0.8812500000,0.0423000000,1.0374609450,-0.0060371456,0.9667099414,0.0667084284
256,ret60_ret5_top3_riskoff0p5_riskctrl0_mscore1,ret60_ret5,60-day momentum with 5-day overheating penalty,ret60;ret5,3,0.500000,false,true,0.000000,hard,0.200000,false,equal,1.000000,48,1.0311976423,0.0072410611,-0.2968862581,0.1273072470,0.0243900177,0.4363636364,6.0000000000,0.8812500000,0.0423000000,1.0374609450,-0.0060371456,0.9667099414,0.0667084284
257,rel_ret60_ret5_top3_riskoff0p3_riskctrl0_mscore1,rel_ret60_ret5,60-day market-excess momentum with 5-day overheating penalty,rel_ret60;ret5,3,0.300000,false,true,0.000000,hard,0.200000,false,equal,1.000000,48,1.0301936587,0.0070106620,-0.2842494281,0.1232268627,0.0246637682,0.4181818182,8.0000000000,0.7812500000,0.0375000000,1.0374609450,-0.0070048770,0.9667099414,0.0656698712
258,ret60_ret5_top3_riskoff0p3_riskctrl0_mscore1,ret60_ret5,60-day momentum with 5-day overheating penalty,ret60;ret5,3,0.300000,false,true,0.000000,hard,0.200000,false,equal,1.000000,48,1.0301936587,0.0070106620,-0.2842494281,0.1232268627,0.0246637682,0.4181818182,8.0000000000,0.7812500000,0.0375000000,1.0374609450,-0.0070048770,0.9667099414,0.0656698712
259,rel_ret60_ret5_valuation_top8_riskoff0p5_riskctrl0_mscore1,rel_ret60_ret5_valuation,"market-excess momentum, reversal, and valuation",rel_ret60;ret5;valuation,8,0.500000,false,true,0.000000,hard,0.200000,false,equal,1.000000,48,1.0285925482,0.0066428756,-0.3082645610,0.1196374332,0.0215492678,0.4000000000,11.0000000000,0.8515625000,0.0408750000,1.0374609450,-0.0085481741,0.9667099414,0.0640136241
260,ret60_ret5_valuation_top8_riskoff0p5_riskctrl0_mscore1,ret60_ret5_valuation,"60-day momentum, 5-day overheating penalty, and valuation",ret60;ret5;valuation,8,0.500000,false,true,0.000000,hard,0.200000,false,equal,1.000000,48,1.0285925482,0.0066428756,-0.3082645610,0.1196374332,0.0215492678,0.4000000000,11.0000000000,0.8515625000,0.0408750000,1.0374609450,-0.0085481741,0.9667099414,0.0640136241
261,rel_ret60_ret5_top3_riskoff0p2_riskctrl0_mscore1,rel_ret60_ret5,60-day market-excess momentum with 5-day overheating penalty,rel_ret60;ret5,3,0.200000,false,true,0.000000,hard,0.200000,false,equal,1.000000,48,1.0281711636,0.0065460077,-0.2813275716,0.1194349473,0.0232682766,0.4181818182,8.0000000000,0.7312500000,0.0351000000,1.0374609450,-0.0089543432,0.9667099414,0.0635777286
262,ret60_ret5_top3_riskoff0p2_riskctrl0_mscore1,ret60_ret5,60-day momentum with 5-day overheating penalty,ret60;ret5,3,0.200000,false,true,0.000000,hard,0.200000,false,equal,1.000000,48,1.0281711636,0.0065460077,-0.2813275716,0.1194349473,0.0232682766,0.4181818182,8.0000000000,0.7312500000,0.0351000000,1.0374609450,-0.0089543432,0.9667099414,0.0635777286
263,rel_ret60_ret5_top3_riskoff0_riskctrl0_mscore1,rel_ret60_ret5,60-day market-excess momentum with 5-day overheating penalty,rel_ret60;ret5,3,0.000000,false,true,0.000000,hard,0.200000,false,equal,1.000000,48,1.0211275487,0.0049223071,-0.2803693312,0.1080636485,0.0175565104,0.3090909091,5.0000000000,0.6312500000,0.0303000000,1.0374609450,-0.0157436252,0.9667099414,0.0562915566
264,ret60_ret5_top3_riskoff0_riskctrl0_mscore1,ret60_ret5,60-day momentum with 5-day overheating penalty,ret60;ret5,3,0.000000,false,true,0.000000,hard,0.200000,false,equal,1.000000,48,1.0211275487,0.0049223071,-0.2803693312,0.1080636485,0.0175565104,0.3090909091,5.0000000000,0.6312500000,0.0303000000,1.0374609450,-0.0157436252,0.9667099414,0.0562915566
265,rel_ret60_ret5_top3_riskoff0_riskctrl0_mscore0,rel_ret60_ret5,60-day market-excess momentum with 5-day overheating penalty,rel_ret60;ret5,3,0.000000,false,false,0.000000,hard,0.200000,false,equal,1.000000,48,1.0209791456,0.0048880050,-0.3635212983,0.1261214356,0.0134462685,0.4363636364,4.0000000000,1.0812500000,0.0519000000,1.0374609450,-0.0158866697,0.9667099414,0.0561380430
266,rel_ret60_ret5_top3_riskoff0p2_riskctrl0_mscore0,rel_ret60_ret5,60-day market-excess momentum with 5-day overheating penalty,rel_ret60;ret5,3,0.200000,false,false,0.000000,hard,0.200000,false,equal,1.000000,48,1.0209791456,0.0048880050,-0.3635212983,0.1261214356,0.0134462685,0.4363636364,4.0000000000,1.0812500000,0.0519000000,1.0374609450,-0.0158866697,0.9667099414,0.0561380430
267,rel_ret60_ret5_top3_riskoff0p3_riskctrl0_mscore0,rel_ret60_ret5,60-day market-excess momentum with 5-day overheating penalty,rel_ret60;ret5,3,0.300000,false,false,0.000000,hard,0.200000,false,equal,1.000000,48,1.0209791456,0.0048880050,-0.3635212983,0.1261214356,0.0134462685,0.4363636364,4.0000000000,1.0812500000,0.0519000000,1.0374609450,-0.0158866697,0.9667099414,0.0561380430
268,rel_ret60_ret5_top3_riskoff0p5_riskctrl0_mscore0,rel_ret60_ret5,60-day market-excess momentum with 5-day overheating penalty,rel_ret60;ret5,3,0.500000,false,false,0.000000,hard,0.200000,false,equal,1.000000,48,1.0209791456,0.0048880050,-0.3635212983,0.1261214356,0.0134462685,0.4363636364,4.0000000000,1.0812500000,0.0519000000,1.0374609450,-0.0158866697,0.9667099414,0.0561380430
269,ret60_ret5_top3_riskoff0_riskctrl0_mscore0,ret60_ret5,60-day momentum with 5-day overheating penalty,ret60;ret5,3,0.000000,false,false,0.000000,hard,0.200000,false,equal,1.000000,48,1.0209791456,0.0048880050,-0.3635212983,0.1261214356,0.0134462685,0.4363636364,4.0000000000,1.0812500000,0.0519000000,1.0374609450,-0.0158866697,0.9667099414,0.0561380430
270,ret60_ret5_top3_riskoff0p2_riskctrl0_mscore0,ret60_ret5,60-day momentum with 5-day overheating penalty,ret60;ret5,3,0.200000,false,false,0.000000,hard,0.200000,false,equal,1.000000,48,1.0209791456,0.0048880050,-0.3635212983,0.1261214356,0.0134462685,0.4363636364,4.0000000000,1.0812500000,0.0519000000,1.0374609450,-0.0158866697,0.9667099414,0.0561380430
271,ret60_ret5_top3_riskoff0p3_riskctrl0_mscore0,ret60_ret5,60-day momentum with 5-day overheating penalty,ret60;ret5,3,0.300000,false,false,0.000000,hard,0.200000,false,equal,1.000000,48,1.0209791456,0.0048880050,-0.3635212983,0.1261214356,0.0134462685,0.4363636364,4.0000000000,1.0812500000,0.0519000000,1.0374609450,-0.0158866697,0.9667099414,0.0561380430
272,ret60_ret5_top3_riskoff0p5_riskctrl0_mscore0,ret60_ret5,60-day momentum with 5-day overheating penalty,ret60;ret5,3,0.500000,false,false,0.000000,hard,0.200000,false,equal,1.000000,48,1.0209791456,0.0048880050,-0.3635212983,0.1261214356,0.0134462685,0.4363636364,4.0000000000,1.0812500000,0.0519000000,1.0374609450,-0.0158866697,0.9667099414,0.0561380430
273,rel_ret60_ret5_fundamental_top5_riskoff0_riskctrl0_mscore0,rel_ret60_ret5_fundamental,"market-excess momentum, reversal, valuation, and prosperity",rel_ret60;ret5;valuation;prosperity,5,0.000000,false,false,0.000000,hard,0.200000,false,equal,1.000000,48,1.0047512635,0.0011138379,-0.4001497853,0.1092817380,0.0027835525,0.4909090909,4.0000000000,1.0708333333,0.0514000000,1.0374609450,-0.0315285907,0.9667099414,0.0393513303
274,rel_ret60_ret5_fundamental_top5_riskoff0p2_riskctrl0_mscore0,rel_ret60_ret5_fundamental,"market-excess momentum, reversal, valuation, and prosperity",rel_ret60;ret5;valuation;prosperity,5,0.200000,false,false,0.000000,hard,0.200000,false,equal,1.000000,48,1.0047512635,0.0011138379,-0.4001497853,0.1092817380,0.0027835525,0.4909090909,4.0000000000,1.0708333333,0.0514000000,1.0374609450,-0.0315285907,0.9667099414,0.0393513303
275,rel_ret60_ret5_fundamental_top5_riskoff0p3_riskctrl0_mscore0,rel_ret60_ret5_fundamental,"market-excess momentum, reversal, valuation, and prosperity",rel_ret60;ret5;valuation;prosperity,5,0.300000,false,false,0.000000,hard,0.200000,false,equal,1.000000,48,1.0047512635,0.0011138379,-0.4001497853,0.1092817380,0.0027835525,0.4909090909,4.0000000000,1.0708333333,0.0514000000,1.0374609450,-0.0315285907,0.9667099414,0.0393513303
276,rel_ret60_ret5_fundamental_top5_riskoff0p5_riskctrl0_mscore0,rel_ret60_ret5_fundamental,"market-excess momentum, reversal, valuation, and prosperity",rel_ret60;ret5;valuation;prosperity,5,0.500000,false,false,0.000000,hard,0.200000,false,equal,1.000000,48,1.0047512635,0.0011138379,-0.4001497853,0.1092817380,0.0027835525,0.4909090909,4.0000000000,1.0708333333,0.0514000000,1.0374609450,-0.0315285907,0.9667099414,0.0393513303
277,ret60_ret5_fundamental_top5_riskoff0_riskctrl0_mscore0,ret60_ret5_fundamental,"60-day momentum, 5-day overheating penalty, valuation, and prosperity",ret60;ret5;valuation;prosperity,5,0.000000,false,false,0.000000,hard,0.200000,false,equal,1.000000,48,1.0047512635,0.0011138379,-0.4001497853,0.1092817380,0.0027835525,0.4909090909,4.0000000000,1.0708333333,0.0514000000,1.0374609450,-0.0315285907,0.9667099414,0.0393513303
278,ret60_ret5_fundamental_top5_riskoff0p2_riskctrl0_mscore0,ret60_ret5_fundamental,"60-day momentum, 5-day overheating penalty, valuation, and prosperity",ret60;ret5;valuation;prosperity,5,0.200000,false,false,0.000000,hard,0.200000,false,equal,1.000000,48,1.0047512635,0.0011138379,-0.4001497853,0.1092817380,0.0027835525,0.4909090909,4.0000000000,1.0708333333,0.0514000000,1.0374609450,-0.0315285907,0.9667099414,0.0393513303
279,ret60_ret5_fundamental_top5_riskoff0p3_riskctrl0_mscore0,ret60_ret5_fundamental,"60-day momentum, 5-day overheating penalty, valuation, and prosperity",ret60;ret5;valuation;prosperity,5,0.300000,false,false,0.000000,hard,0.200000,false,equal,1.000000,48,1.0047512635,0.0011138379,-0.4001497853,0.1092817380,0.0027835525,0.4909090909,4.0000000000,1.0708333333,0.0514000000,1.0374609450,-0.0315285907,0.9667099414,0.0393513303
280,ret60_ret5_fundamental_top5_riskoff0p5_riskctrl0_mscore0,ret60_ret5_fundamental,"60-day momentum, 5-day overheating penalty, valuation, and prosperity",ret60;ret5;valuation;prosperity,5,0.500000,false,false,0.000000,hard,0.200000,false,equal,1.000000,48,1.0047512635,0.0011138379,-0.4001497853,0.1092817380,0.0027835525,0.4909090909,4.0000000000,1.0708333333,0.0514000000,1.0374609450,-0.0315285907,0.9667099414,0.0393513303
281,rel_ret60_ret5_valuation_top8_riskoff0_riskctrl0_mscore0,rel_ret60_ret5_valuation,"market-excess momentum, reversal, and valuation",rel_ret60;ret5;valuation,8,0.000000,false,false,0.000000,hard,0.200000,false,equal,1.000000,48,0.9806266994,-0.0045840393,-0.3974162274,0.0714238274,-0.0115346053,0.4181818182,7.0000000000,1.0468750000,0.0502500000,1.0374609450,-0.0547820580,0.9667099414,0.0143960018
282,rel_ret60_ret5_valuation_top8_riskoff0p2_riskctrl0_mscore0,rel_ret60_ret5_valuation,"market-excess momentum, reversal, and valuation",rel_ret60;ret5;valuation,8,0.200000,false,false,0.000000,hard,0.200000,false,equal,1.000000,48,0.9806266994,-0.0045840393,-0.3974162274,0.0714238274,-0.0115346053,0.4181818182,7.0000000000,1.0468750000,0.0502500000,1.0374609450,-0.0547820580,0.9667099414,0.0143960018
283,rel_ret60_ret5_valuation_top8_riskoff0p3_riskctrl0_mscore0,rel_ret60_ret5_valuation,"market-excess momentum, reversal, and valuation",rel_ret60;ret5;valuation,8,0.300000,false,false,0.000000,hard,0.200000,false,equal,1.000000,48,0.9806266994,-0.0045840393,-0.3974162274,0.0714238274,-0.0115346053,0.4181818182,7.0000000000,1.0468750000,0.0502500000,1.0374609450,-0.0547820580,0.9667099414,0.0143960018
284,rel_ret60_ret5_valuation_top8_riskoff0p5_riskctrl0_mscore0,rel_ret60_ret5_valuation,"market-excess momentum, reversal, and valuation",rel_ret60;ret5;valuation,8,0.500000,false,false,0.000000,hard,0.200000,false,equal,1.000000,48,0.9806266994,-0.0045840393,-0.3974162274,0.0714238274,-0.0115346053,0.4181818182,7.0000000000,1.0468750000,0.0502500000,1.0374609450,-0.0547820580,0.9667099414,0.0143960018
285,ret60_ret5_valuation_top8_riskoff0_riskctrl0_mscore0,ret60_ret5_valuation,"60-day momentum, 5-day overheating penalty, and valuation",ret60;ret5;valuation,8,0.000000,false,false,0.000000,hard,0.200000,false,equal,1.000000,48,0.9806266994,-0.0045840393,-0.3974162274,0.0714238274,-0.0115346053,0.4181818182,7.0000000000,1.0468750000,0.0502500000,1.0374609450,-0.0547820580,0.9667099414,0.0143960018
286,ret60_ret5_valuation_top8_riskoff0p2_riskctrl0_mscore0,ret60_ret5_valuation,"60-day momentum, 5-day overheating penalty, and valuation",ret60;ret5;valuation,8,0.200000,false,false,0.000000,hard,0.200000,false,equal,1.000000,48,0.9806266994,-0.0045840393,-0.3974162274,0.0714238274,-0.0115346053,0.4181818182,7.0000000000,1.0468750000,0.0502500000,1.0374609450,-0.0547820580,0.9667099414,0.0143960018
287,ret60_ret5_valuation_top8_riskoff0p3_riskctrl0_mscore0,ret60_ret5_valuation,"60-day momentum, 5-day overheating penalty, and valuation",ret60;ret5;valuation,8,0.300000,false,false,0.000000,hard,0.200000,false,equal,1.000000,48,0.9806266994,-0.0045840393,-0.3974162274,0.0714238274,-0.0115346053,0.4181818182,7.0000000000,1.0468750000,0.0502500000,1.0374609450,-0.0547820580,0.9667099414,0.0143960018
288,ret60_ret5_valuation_top8_riskoff0p5_riskctrl0_mscore0,ret60_ret5_valuation,"60-day momentum, 5-day overheating penalty, and valuation",ret60;ret5;valuation,8,0.500000,false,false,0.000000,hard,0.200000,false,equal,1.000000,48,0.9806266994,-0.0045840393,-0.3974162274,0.0714238274,-0.0115346053,0.4181818182,7.0000000000,1.0468750000,0.0502500000,1.0374609450,-0.0547820580,0.9667099414,0.0143960018
