date,农林牧渔,基础化工,钢铁,有色金属,电子,家用电器,食品饮料,纺织服饰,轻工制造,医药生物,公用事业,交通运输,房地产,商贸零售,社会服务,综合,建筑材料,建筑装饰,电力设备,国防军工,计算机,传媒,通信,银行,非银金融,汽车,机械设备,煤炭,石油石化,环保,美容护理
2021-12-13,185.88,855.87,169.38,686.46,981.33,189.12,757.55,76.26,156.81,662.49,531.13,215.93,175.22,118.73,84.63,20.84,221.81,322.77,1390.74,357.63,585.07,556.62,213.36,200.95,693.28,578.34,631.13,192.54,174.90,106.23,49.34
2021-12-14,158.92,773.00,149.23,671.82,886.14,153.41,587.71,67.46,151.46,672.59,407.40,211.17,164.95,113.53,93.50,20.43,159.31,251.70,1129.74,375.36,717.70,593.73,229.80,193.35,413.19,585.01,576.56,144.94,114.54,106.77,39.53
2021-12-15,142.25,678.52,151.62,648.26,898.82,137.41,522.20,71.08,175.66,747.82,523.83,185.92,167.26,106.30,89.08,23.80,131.53,290.00,1228.03,323.42,733.41,557.45,231.92,129.72,393.72,490.98,573.00,161.36,80.95,118.16,46.95
2021-12-16,177.82,644.13,218.19,570.08,819.24,127.08,583.29,59.99,156.64,766.50,446.28,170.80,149.55,97.75,89.02,24.80,127.66,321.74,1034.80,331.60,658.29,563.34,201.46,127.61,352.59,557.46,627.87,316.06,102.90,151.47,40.89
2021-12-17,173.41,659.10,193.10,616.74,899.94,123.27,503.19,80.43,148.54,693.16,545.74,181.97,163.40,103.75,97.08,31.16,135.64,304.29,1323.60,361.44,653.01,595.85,225.68,125.02,435.80,488.85,612.81,291.40,115.00,140.58,38.46
2021-12-20,209.09,686.54,163.41,677.61,823.64,127.77,438.80,81.93,166.69,883.07,484.51,215.75,216.87,104.82,85.33,29.38,131.80,384.42,1359.42,329.91,576.02,518.26,202.30,128.47,397.65,542.52,581.46,217.75,103.09,124.06,33.41
2021-12-21,184.38,520.94,128.55,520.60,689.96,143.52,413.82,102.69,176.36,654.29,338.06,211.21,351.42,109.83,92.06,31.03,156.69,340.13,1016.65,256.11,562.70,464.91,199.97,158.00,393.06,485.09,488.18,160.54,81.89,108.81,29.59
2021-12-22,218.78,573.99,127.48,510.17,1010.35,120.62,348.92,110.25,208.30,762.48,338.13,211.78,357.83,121.25,89.94,33.53,156.06,333.15,937.65,254.06,647.73,596.25,192.05,131.07,327.59,497.11,537.17,163.69,99.56,106.82,27.42
2021-12-23,261.07,575.59,125.13,670.74,850.84,103.31,507.57,94.08,178.27,730.44,585.96,164.27,230.31,114.40,84.24,32.04,136.81,271.71,1021.27,281.89,591.16,497.05,167.04,130.61,312.98,624.40,512.48,215.55,113.31,108.05,30.97
2021-12-24,253.19,628.96,147.43,667.64,853.09,107.30,628.13,91.03,159.66,940.11,625.55,165.47,182.96,153.65,75.90,28.28,120.72,259.87,1226.67,288.69,578.98,450.42,189.02,101.01,288.96,602.12,571.73,201.04,98.79,112.65,27.94
2021-12-27,246.72,503.35,113.09,458.82,675.51,152.65,500.45,73.08,164.70,1037.57,512.53,152.36,179.57,127.79,73.62,22.60,130.71,219.07,999.96,248.53,486.17,403.00,164.73,129.84,239.85,453.46,479.88,173.73,99.91,93.23,25.37
2021-12-28,204.16,599.96,112.27,550.01,685.24,207.37,437.08,71.99,167.17,1040.73,416.10,159.02,171.46,117.13,82.19,21.47,121.26,225.15,1002.70,244.96,560.36,387.48,164.55,144.83,303.41,421.00,536.53,205.58,103.59,88.02,26.51
2021-12-29,193.93,628.58,115.73,527.70,686.34,150.22,589.00,72.96,159.16,1078.25,364.70,242.84,137.96,103.51,79.57,28.21,109.05,181.51,983.04,361.82,529.05,327.97,164.91,166.72,279.90,386.37,526.67,151.54,106.59,97.20,31.19
2021-12-30,164.35,551.98,103.19,525.14,836.01,134.23,428.01,77.49,162.04,1002.03,334.25,199.94,146.71,100.60,81.08,43.33,109.88,206.41,964.95,422.36,614.56,497.12,169.72,145.28,392.38,371.61,542.94,132.54,105.51,87.71,30.01
2021-12-31,197.98,566.78,112.42,537.61,748.63,119.76,426.51,96.07,196.41,1225.50,408.28,152.00,166.78,111.44,82.61,49.54,119.22,238.01,1091.38,350.71,583.36,517.59,185.20,126.92,358.68,384.06,555.88,155.52,112.27,101.95,31.22
2022-01-04,377.35,671.20,149.52,649.51,926.34,163.48,492.58,118.13,202.44,1497.07,394.50,253.31,207.60,162.97,119.80,36.08,147.00,256.07,1209.40,366.03,763.15,679.21,222.53,174.56,357.47,457.77,575.24,205.59,114.28,123.42,35.95
2022-01-05,371.42,628.93,147.63,535.79,1006.81,265.16,519.47,145.56,208.74,1352.12,373.49,266.76,248.12,139.73,143.85,40.48,152.34,248.86,1113.11,417.41,805.47,727.18,212.77,288.08,458.94,471.88,618.02,173.48,142.62,118.02,35.02
2022-01-06,263.43,614.30,172.20,487.44,756.75,181.67,499.39,125.50,215.60,1222.27,267.67,211.58,212.37,129.48,107.91,38.16,194.48,327.36,919.38,317.75,696.59,587.03,174.59,181.64,449.39,424.29,596.09,129.11,150.20,133.03,50.73
2022-01-07,256.21,631.18,234.60,568.81,775.50,236.85,444.74,120.69,219.60,1318.26,283.05,201.02,316.93,139.79,127.10,39.22,218.16,405.20,925.42,282.00,737.22,602.52,201.57,235.73,404.17,426.88,684.43,139.46,180.53,127.80,60.94
2022-01-10,295.54,535.14,193.56,458.59,754.82,181.71,458.10,96.46,172.44,1179.96,229.00,176.86,289.63,137.84,96.09,31.95,165.03,303.95,795.93,246.74,670.57,444.91,187.17,214.27,312.20,362.14,520.79,133.14,159.89,104.96,57.58
2022-01-11,228.69,658.21,194.70,482.53,722.97,154.34,368.00,101.00,158.33,1305.81,243.70,212.83,300.76,130.03,94.92,31.44,175.63,268.26,807.63,284.16,578.47,490.22,167.65,254.17,330.44,371.86,504.77,122.69,116.35,112.24,50.73
2022-01-12,239.36,628.84,178.59,627.10,702.59,138.71,398.70,103.72,188.75,1301.47,217.61,174.04,223.13,135.74,123.95,27.51,172.37,235.11,1064.01,243.61,512.49,445.06,171.63,218.92,284.42,433.56,483.33,100.63,123.57,104.83,42.08
2022-01-13,253.08,622.50,143.63,658.98,658.31,127.21,537.96,94.33,190.05,1378.82,233.61,161.47,237.33,135.72,136.44,29.32,168.09,227.56,887.77,244.73,648.79,464.90,205.16,203.89,349.66,436.44,491.87,183.47,143.05,100.35,35.69
2022-01-14,286.64,619.46,139.29,522.68,730.77,131.23,409.78,96.71,186.03,1591.64,219.83,174.50,229.40,139.66,140.21,47.63,148.53,233.89,886.66,242.32,610.31,475.39,193.85,240.85,424.85,437.32,489.34,132.48,119.91,97.51,44.36
2022-01-17,264.53,511.37,110.33,464.81,823.17,121.85,382.37,91.09,166.51,1530.00,189.53,148.81,184.17,146.75,131.10,48.51,116.24,176.24,928.36,275.05,1107.67,528.33,275.97,155.11,316.24,484.96,465.54,107.63,101.98,86.63,42.34
2022-01-18,226.29,552.46,131.34,426.88,775.29,140.00,433.40,95.88,179.12,1506.52,313.81,156.83,215.43,142.84,144.25,44.23,144.41,336.25,852.73,292.65,1438.30,607.06,263.24,215.16,356.05,407.20,497.11,152.73,105.76,92.21,52.67
2022-01-19,191.74,506.94,208.38,448.87,632.69,141.66,376.11,87.51,161.80,1168.48,216.29,143.13,209.06,124.55,125.09,35.20,224.75,340.36,867.36,277.35,1058.47,603.48,219.32,194.66,328.43,406.82,437.59,167.00,104.03,80.39,43.11
2022-01-20,256.77,568.08,198.58,459.43,676.34,163.65,422.15,91.62,161.54,1281.89,256.87,155.66,275.25,145.00,129.11,47.40,162.51,329.27,731.96,304.21,1027.70,586.00,210.13,348.72,552.17,371.74,457.89,126.61,102.35,94.29,38.37
2022-01-21,194.77,450.25,135.65,417.23,586.04,125.40,443.24,80.92,146.26,1202.58,259.46,188.18,193.64,160.22,134.53,42.96,122.97,214.24,682.30,317.47,944.80,500.88,178.05,210.76,360.38,307.89,366.00,164.30,90.82,68.94,33.99
2022-01-24,143.50,440.21,114.17,499.68,597.96,95.19,322.76,61.10,132.73,829.48,205.91,144.57,180.28,138.18,116.19,21.98,113.96,215.47,786.09,228.16,849.82,391.68,174.28,189.74,287.04,279.71,327.76,149.95,74.51,64.42,29.75
2022-01-25,165.95,492.59,126.73,530.18,639.23,124.56,355.33,82.92,144.61,907.32,212.02,177.90,185.09,139.77,126.18,27.80,115.41,236.71,730.76,267.62,932.95,416.66,193.71,204.11,330.52,338.16,382.03,135.92,76.21,81.48,29.28
2022-01-26,126.27,397.19,98.13,391.51,533.08,98.74,359.65,58.26,117.29,721.32,181.34,135.63,143.91,107.29,103.77,20.72,101.88,198.07,748.75,223.64,784.25,298.64,173.31,156.98,312.39,295.15,308.41,120.67,67.47,60.01,23.16
2022-01-27,133.16,411.97,105.02,431.46,574.80,123.61,374.41,62.05,107.88,769.88,172.35,133.81,151.22,114.17,78.54,26.80,91.43,217.56,775.59,211.49,745.63,288.06,202.81,181.29,364.77,290.42,346.66,111.43,65.97,67.51,26.94
2022-01-28,153.00,412.54,128.55,436.79,561.58,109.04,369.74,62.15,109.55,693.49,167.09,147.99,147.24,138.64,98.12,22.37,100.29,204.63,923.70,210.38,628.69,268.91,179.85,205.53,349.06,326.14,320.48,117.38,83.25,60.84,24.63
2022-02-07,170.15,449.28,158.91,481.21,569.93,96.03,376.50,71.19,112.02,649.15,171.07,167.58,172.73,113.23,95.22,24.19,141.03,315.14,787.22,186.14,594.70,261.96,172.36,248.20,312.40,293.06,322.93,117.03,132.79,69.06,24.65
2022-02-08,149.38,474.89,175.90,440.50,607.33,91.75,377.89,75.78,117.48,680.41,190.47,203.57,180.45,140.99,118.43,29.28,140.93,378.65,849.66,194.18,646.88,259.22,192.58,289.72,356.18,295.63,331.15,193.01,133.73,73.26,23.80
2022-02-09,242.79,494.20,148.83,604.65,573.25,104.36,387.57,75.93,129.57,814.24,227.52,176.24,212.00,124.70,110.60,28.81,136.63,329.44,744.37,206.98,857.06,338.43,262.34,246.47,318.43,311.58,342.57,178.63,108.39,77.62,19.80
2022-02-10,284.28,543.77,139.39,600.87,523.51,112.57,303.40,70.33,129.79,803.66,208.94,196.63,195.39,170.09,135.26,25.19,137.41,395.82,934.19,169.83,729.15,359.74,232.50,186.08,312.51,278.35,334.97,152.67,116.50,112.63,20.58
2022-02-11,219.47,610.53,145.62,609.81,569.31,128.24,376.74,77.22,128.73,784.45,195.77,189.09,238.14,164.84,158.48,26.53,169.52,363.75,868.88,171.53,848.73,387.49,214.91,272.62,468.05,309.48,356.07,197.74,133.13,111.84,25.04
2022-02-14,179.78,517.36,121.65,537.59,500.22,107.83,310.86,80.47,116.19,647.77,182.56,178.22,211.30,139.86,178.33,29.40,138.20,301.85,688.52,200.03,692.19,337.83,202.92,229.62,526.99,270.25,317.27,132.59,139.90,84.12,22.39
2022-02-15,143.11,480.10,103.94,481.45,545.81,91.95,317.02,76.36,110.31,804.90,156.59,147.75,162.35,122.11,160.74,29.97,105.69,308.52,789.30,194.80,614.72,321.27,195.90,212.24,289.82,299.75,338.02,116.77,100.76,68.04,32.47
2022-02-16,146.08,544.82,133.93,534.89,476.30,81.50,260.35,74.72,109.78,728.01,153.09,147.34,145.33,113.76,161.68,29.80,122.08,430.99,662.30,169.25,635.21,319.21,201.23,143.28,249.74,281.45,389.54,107.31,85.05,75.72,27.02
2022-02-17,170.35,723.23,119.12,787.96,521.37,90.92,256.18,82.50,121.27,653.00,197.21,141.84,157.88,126.71,150.17,34.45,131.23,446.73,946.46,210.03,641.31,317.58,224.10,160.19,245.38,280.64,428.09,100.31,87.54,170.17,21.76
2022-02-18,155.53,577.44,184.45,567.61,397.75,76.90,230.17,66.64,102.20,663.40,155.98,146.63,209.10,99.85,113.68,29.95,144.52,445.08,655.08,156.97,734.97,259.98,204.34,156.50,236.45,219.59,336.29,186.12,86.61,140.13,17.66
2022-02-21,169.57,585.23,154.54,517.75,490.74,84.45,279.30,75.38,112.21,828.02,183.62,139.55,191.12,112.16,125.33,32.04,128.78,409.12,701.52,191.17,1015.14,327.11,318.09,143.17,305.78,237.21,374.94,199.51,88.39,111.05,23.96
2022-02-22,157.30,654.27,170.60,697.65,577.97,109.08,356.58,79.00,129.13,808.46,230.25,142.63,199.36,126.69,124.71,31.88,124.18,401.15,820.22,233.57,978.97,351.76,270.24,152.69,324.22,257.78,455.80,176.50,129.83,107.68,24.55
2022-02-23,233.30,854.85,139.58,657.40,824.48,78.96,294.40,74.24,129.77,771.13,213.90,153.38,185.33,117.28,128.36,35.73,141.37,360.68,986.71,299.26,957.17,295.58,271.67,165.36,307.82,363.83,480.47,152.83,118.08,101.61,24.15
2022-02-24,273.34,1075.14,179.48,999.95,880.14,129.59,471.07,110.28,161.49,1082.82,392.66,211.87,222.06,155.43,145.92,42.55,182.69,454.79,1232.68,545.22,1080.92,437.52,281.39,203.30,441.36,439.00,654.58,175.33,244.10,139.02,32.98
2022-02-25,181.47,734.32,189.87,788.28,630.39,95.06,305.61,88.00,111.67,959.38,373.69,176.77,164.00,122.50,90.11,32.83,127.92,357.43,984.14,316.35,660.06,244.38,208.63,170.15,286.58,316.37,471.04,209.52,180.87,95.50,34.48
2022-02-28,168.01,717.10,124.94,757.22,532.98,125.12,288.10,78.49,122.26,852.42,355.02,229.58,154.16,113.11,78.52,34.75,114.39,277.77,918.04,294.32,643.65,220.99,183.87,147.56,277.89,275.11,424.93,153.24,170.38,89.51,26.01
2022-03-01,241.92,725.69,136.16,745.74,500.12,117.86,411.26,68.79,119.65,769.84,264.23,213.37,152.87,113.45,103.18,37.35,124.51,297.08,1022.99,323.66,685.21,228.79,219.24,169.08,300.29,324.74,414.64,154.54,150.75,90.84,20.07
2022-03-02,269.43,644.99,115.73,709.35,478.55,89.69,273.83,71.34,109.49,832.21,248.09,195.00,167.21,110.64,82.86,32.71,110.32,268.99,902.79,234.42,673.17,205.41,180.50,136.49,212.52,292.93,419.58,197.39,240.15,78.51,20.54
2022-03-04,221.29,705.62,185.29,677.32,580.87,97.06,331.33,88.93,130.95,1092.70,298.33,286.62,192.49,135.89,117.77,41.58,112.94,265.87,820.67,254.10,645.77,296.77,169.39,162.40,267.24,385.09,478.95,242.09,235.63,100.35,29.91
2022-03-07,217.13,692.20,184.56,743.17,630.79,124.67,461.75,101.03,140.06,1010.86,277.73,261.52,204.92,141.49,119.45,37.34,124.90,297.82,866.77,232.20,587.48,252.08,193.77,208.68,314.15,341.01,451.65,238.09,231.24,91.91,35.75
2022-03-08,223.81,745.82,184.39,938.99,703.03,130.42,451.54,104.49,168.01,1045.70,279.93,220.22,196.31,133.37,128.57,67.83,136.82,341.22,1043.22,263.84,658.11,280.88,204.93,209.77,337.30,364.83,485.67,208.32,193.15,106.08,38.46
2022-03-09,217.13,740.44,176.47,796.61,774.21,143.16,476.49,102.40,162.82,1046.17,349.35,238.92,238.18,136.98,119.64,67.02,142.82,394.75,1098.80,302.26,745.30,283.46,243.44,269.01,402.61,369.28,501.13,217.27,179.33,124.53,38.51
2022-03-10,167.31,740.31,137.52,696.58,727.27,120.29,419.79,90.65,143.31,1052.75,358.68,200.71,160.29,128.43,103.77,55.91,135.06,383.64,1235.30,237.76,675.97,258.76,235.55,193.42,306.28,319.07,466.28,183.08,165.14,123.53,36.76
2022-03-11,258.70,709.46,130.22,535.00,638.61,101.95,466.01,78.83,123.67,1368.63,284.26,214.00,171.69,128.45,105.35,64.51,111.60,320.12,985.76,194.21,672.52,250.18,228.63,204.10,409.03,312.13,420.00,183.42,139.11,100.12,33.50
2022-03-14,227.67,597.94,106.42,504.87,499.79,89.71,428.06,82.77,141.00,1609.57,220.77,194.45,179.82,135.29,95.42,55.24,105.41,274.10,793.92,232.22,610.44,228.11,223.17,193.70,312.52,261.37,357.28,178.58,120.28,93.73,30.31
2022-03-15,228.89,661.59,163.56,663.03,672.47,121.35,529.62,97.68,161.70,1443.47,293.92,251.62,232.60,139.69,95.65,47.52,149.70,373.17,954.92,247.30,676.03,258.43,242.33,304.83,463.47,324.77,434.13,197.94,146.24,103.19,31.84
2022-03-16,204.52,720.74,134.80,631.42,805.34,125.34,533.92,92.23,147.53,1448.83,270.61,241.35,230.93,130.34,119.48,47.71,141.82,363.48,1243.61,262.82,758.66,278.75,281.03,289.12,596.08,385.19,459.49,147.03,128.73,98.80,31.28
2022-03-17,212.09,766.56,136.19,623.58,882.72,138.15,524.88,97.35,163.16,1702.26,252.71,219.33,265.46,139.67,151.97,49.06,158.64,345.19,1310.44,264.72,864.02,336.76,305.43,261.11,600.89,415.09,496.03,159.80,129.84,100.31,33.19
2022-03-18,196.18,565.65,101.87,475.94,550.51,106.36,348.68,69.94,128.59,1434.54,238.31,207.89,284.52,105.78,120.66,37.52,145.48,402.55,795.19,208.56,616.42,248.80,222.07,264.72,447.41,307.79,398.24,171.66,122.79,85.41,23.86
2022-03-21,296.05,614.03,121.28,515.32,571.98,91.21,335.48,70.53,128.66,1515.28,228.66,194.21,280.64,109.51,121.90,46.66,155.52,380.21,876.90,218.42,636.12,242.72,202.73,185.44,364.77,355.69,400.46,158.21,108.15,100.46,24.78
2022-03-22,280.12,585.03,110.62,459.77,493.82,84.96,264.99,67.95,133.00,1407.29,194.71,209.36,432.57,104.46,118.14,45.05,146.76,357.76,766.26,205.52,636.66,272.53,193.68,199.29,296.12,295.92,422.01,172.17,117.22,86.16,20.62
2022-03-24,213.69,638.61,84.19,518.53,472.90,74.62,292.23,64.44,120.11,1543.35,204.32,155.50,376.27,94.42,92.61,52.35,138.80,298.33,756.79,197.26,488.69,202.65,269.10,142.21,246.66,276.39,428.97,159.39,104.22,70.89,28.37
2022-03-25,310.66,687.26,82.17,481.52,483.94,92.61,327.12,88.15,122.84,1536.77,178.69,167.16,411.88,118.90,95.90,49.75,128.23,298.95,686.21,198.67,450.88,236.30,195.60,144.74,239.38,307.12,375.50,131.98,96.00,68.66,25.30
2022-03-28,324.65,621.56,95.44,440.80,439.87,81.43,389.70,76.59,109.68,1226.13,171.89,167.03,443.94,120.71,101.88,42.35,122.28,294.49,672.86,171.19,442.36,290.99,169.11,174.81,226.36,292.71,309.79,161.78,98.70,62.44,20.88
2022-03-29,366.73,695.73,78.10,393.05,542.58,72.57,302.26,71.69,94.88,1360.18,165.44,150.74,417.37,118.80,101.25,39.27,105.40,257.23,637.43,227.16,434.96,265.38,163.33,139.20,178.80,253.28,315.26,165.29,76.80,66.28,23.11
2022-03-30,364.20,648.16,92.17,434.85,518.16,88.70,362.80,67.01,103.68,1409.01,167.72,165.51,584.46,139.62,100.90,43.33,173.16,329.62,776.15,181.37,418.44,259.49,163.66,191.85,407.66,312.65,332.46,176.56,84.71,63.39,34.23
2022-04-01,293.14,612.40,98.43,336.66,432.64,104.54,359.47,62.97,110.39,1279.84,146.94,300.89,702.78,180.01,128.17,40.31,150.90,294.89,601.11,164.91,481.91,398.93,176.17,274.95,366.65,262.79,309.41,165.75,69.42,81.69,30.30
2022-04-06,278.13,550.58,191.82,355.51,489.92,92.04,282.39,70.20,127.20,1225.63,167.69,292.18,732.12,186.71,147.14,44.79,177.15,392.23,626.73,174.61,479.22,407.82,167.34,324.05,325.43,285.55,342.12,161.35,82.47,79.16,30.36
2022-04-07,278.14,667.59,225.33,354.72,473.93,86.39,264.77,63.11,108.17,1157.31,164.11,216.11,661.24,139.90,133.97,40.38,238.27,368.89,562.45,181.62,466.27,344.24,151.27,269.19,309.45,281.19,366.53,160.28,80.35,69.06,25.13
2022-04-08,234.16,815.34,191.69,464.87,465.62,77.64,266.31,61.25,94.40,1003.88,144.35,194.80,678.05,128.04,128.44,38.84,238.70,526.97,567.24,171.01,415.99,307.59,155.31,208.86,306.93,292.39,403.82,165.91,81.55,83.24,26.80
2022-04-11,354.81,751.47,176.62,535.45,507.38,94.78,375.94,60.89,92.05,981.88,171.27,310.36,547.64,178.78,118.05,37.47,225.62,524.09,691.38,185.66,413.66,270.46,143.01,204.70,323.18,296.93,369.72,175.09,91.46,82.21,23.63
2022-04-12,279.35,642.24,139.71,397.14,445.07,93.62,422.85,58.49,95.31,954.09,149.09,386.64,557.05,208.90,170.50,28.43,206.81,504.89,546.26,189.15,353.93,320.20,122.40,220.28,411.29,243.43,331.95,179.17,83.04,76.12,29.84
2022-04-13,303.89,625.94,141.32,540.34,369.47,82.46,406.42,55.85,95.54,936.60,131.22,444.98,471.20,238.80,167.79,40.28,164.73,384.31,482.63,142.03,331.68,262.48,109.83,177.16,349.53,209.01,345.58,237.14,88.08,80.95,26.89
2022-04-15,262.25,723.97,208.81,461.18,421.22,76.53,410.86,55.22,94.46,1073.87,170.73,283.46,511.26,204.12,121.84,30.84,131.10,307.95,608.43,181.52,345.78,219.07,131.74,209.89,330.72,287.40,311.65,422.41,88.72,74.72,28.32
2022-04-18,286.59,522.49,134.65,342.28,464.60,64.81,353.92,44.86,71.55,809.46,154.57,251.43,452.31,180.42,87.56,24.17,101.96,241.63,532.50,171.94,305.44,169.37,104.17,286.31,311.49,327.48,263.19,255.11,71.66,59.98,20.40
2022-04-19,447.90,592.83,138.72,362.66,417.79,72.07,347.38,54.27,81.92,806.49,169.96,225.30,370.58,165.73,92.38,29.47,105.97,218.93,534.32,145.27,279.64,192.28,94.20,252.82,233.03,352.73,283.62,232.28,93.94,59.52,30.50
2022-04-20,444.80,608.15,147.69,372.69,379.65,82.32,456.56,68.10,97.55,817.71,165.09,252.59,422.87,195.53,116.06,29.03,115.42,249.98,610.18,134.31,353.39,235.51,95.16,184.56,257.13,307.83,287.72,220.37,86.41,71.51,33.93
2022-04-21,418.63,610.03,130.69,389.90,471.77,94.26,416.14,100.56,102.82,862.58,180.50,266.31,325.77,203.13,113.03,33.87,115.47,233.63,642.27,150.69,353.56,219.47,106.40,210.58,316.62,298.22,332.10,208.21,94.77,75.85,41.23
2022-04-22,284.80,469.20,95.50,325.78,444.06,92.59,376.65,149.83,91.63,777.71,215.29,222.33,293.85,191.01,85.04,32.88,100.72,210.47,539.57,146.84,308.67,182.84,109.10,232.46,285.84,250.33,262.35,170.94,87.52,62.78,38.27
2022-04-25,285.52,554.32,123.52,443.42,527.45,116.61,441.32,162.25,106.17,906.37,255.92,241.92,306.81,180.83,86.17,36.43,112.71,290.76,644.92,182.39,370.74,192.48,125.91,345.24,410.10,301.50,334.70,189.24,108.18,79.18,34.34
2022-04-26,251.54,522.86,105.80,375.11,474.88,127.93,463.45,112.78,91.98,912.60,210.56,218.42,312.60,200.53,81.70,31.01,114.08,311.80,585.61,179.49,372.19,189.13,118.93,246.19,415.70,279.48,298.27,178.77,97.11,65.63,43.82
2022-04-27,242.93,558.13,126.66,453.02,544.04,111.40,486.32,88.35,90.61,952.88,223.09,223.24,357.61,182.61,80.39,34.95,177.28,425.79,818.25,189.03,380.75,208.69,139.99,261.90,366.41,314.22,325.92,173.14,89.64,74.09,34.13
2022-04-28,186.95,517.16,105.91,468.55,509.32,96.92,456.63,96.19,79.37,847.69,218.98,235.78,360.53,164.48,72.15,33.75,137.29,402.18,781.32,165.39,305.36,184.33,102.15,244.42,282.95,249.94,278.98,210.62,136.63,62.79,34.22
2022-04-29,225.54,519.51,119.68,501.14,592.28,149.77,527.89,100.84,95.30,1021.39,239.14,243.79,432.18,197.76,78.89,47.75,147.45,416.12,810.35,209.97,375.86,243.43,117.63,276.20,434.41,313.04,316.86,206.45,158.45,72.83,39.05
2022-05-06,179.46,475.62,93.08,355.91,371.79,108.44,357.66,96.71,79.83,907.76,206.89,237.74,334.71,210.00,60.96,25.89,109.53,305.99,492.83,170.41,459.28,176.88,101.42,170.30,234.13,272.59,268.28,152.59,162.63,67.24,27.42
2022-05-10,200.35,454.19,104.59,435.25,524.23,114.21,367.51,77.31,121.87,916.93,232.82,242.39,377.53,208.70,68.74,34.92,130.32,464.15,735.76,187.25,344.57,187.54,108.84,200.25,243.36,270.71,305.11,165.62,153.18,78.90,27.25
2022-05-11,249.19,618.90,119.33,596.25,729.21,131.07,413.40,91.09,132.47,1262.74,306.12,292.88,418.07,255.41,86.08,35.53,163.15,520.16,1006.38,215.25,441.49,263.62,141.13,191.12,355.87,464.53,376.78,169.71,133.34,104.18,33.26
2022-05-12,183.97,459.26,82.74,376.07,517.13,96.12,334.51,92.05,98.44,1053.50,258.26,228.71,357.00,220.44,71.91,30.56,118.97,486.40,643.12,153.39,339.40,186.09,98.14,130.50,218.20,323.80,291.51,146.28,113.68,97.13,27.43
2022-05-13,199.36,437.81,64.83,336.52,395.06,97.50,288.25,85.74,82.73,919.14,224.35,232.76,445.29,187.00,72.38,32.63,114.01,396.36,532.54,125.89,323.84,165.95,82.14,151.77,194.16,478.10,272.48,133.03,99.65,75.87,21.02
2022-05-16,301.98,511.82,75.48,340.93,376.74,94.17,323.53,82.44,89.15,911.93,193.64,259.46,468.64,199.32,74.14,38.90,135.89,346.89,544.27,148.37,309.51,210.50,81.35,157.66,196.94,408.46,286.88,171.06,105.81,65.60,28.88
2022-05-17,268.17,487.76,71.86,485.70,506.47,83.91,271.91,78.95,84.90,838.27,170.24,223.94,367.75,170.85,65.83,46.51,149.61,322.53,666.47,135.33,283.10,188.14,93.49,183.09,176.60,470.94,271.66,168.74,123.62,67.76,28.95
2022-05-18,204.77,454.41,69.22,391.74,485.33,84.10,293.58,92.97,89.28,695.17,206.57,221.12,307.69,165.23,81.42,47.32,129.49,320.14,638.12,163.70,396.23,195.58,109.36,162.19,227.52,523.92,281.44,138.98,105.82,67.10,32.01
2022-05-19,254.88,507.34,74.17,427.38,513.53,89.13,252.97,88.07,91.16,681.76,250.58,226.47,378.00,160.89,80.10,35.61,150.40,382.70,925.67,159.67,296.40,174.33,109.78,132.36,189.51,444.81,300.64,130.22,94.68,67.36,24.90
2022-05-20,243.93,582.63,96.08,588.78,539.46,104.85,487.85,94.07,106.69,842.07,239.52,305.66,396.74,180.31,84.07,40.60,148.16,361.30,908.93,168.58,304.03,176.48,113.23,202.16,316.08,422.60,333.55,201.14,111.71,65.96,39.31
2022-05-23,292.35,587.69,136.81,645.40,494.30,124.54,359.52,81.82,87.54,772.80,183.63,287.09,305.29,169.15,71.71,43.96,128.93,290.27,753.66,170.69,320.11,224.34,108.52,141.18,227.54,506.65,315.48,191.52,107.57,67.06,28.78
2022-05-24,283.54,676.41,137.08,688.70,586.38,115.15,359.62,86.84,111.04,951.44,212.48,284.91,314.12,160.34,83.51,53.88,139.96,349.19,872.56,255.02,369.83,257.70,123.33,157.15,252.48,741.07,394.98,215.26,120.51,91.87,29.24
2022-05-25,244.62,480.65,81.32,496.54,406.53,86.13,320.13,61.75,75.60,675.51,216.91,289.55,210.29,139.22,71.09,41.94,95.36,291.12,731.73,166.71,286.19,235.99,86.75,115.38,159.90,556.91,301.14,174.21,126.50,73.84,20.45
2022-05-26,214.40,500.41,88.97,444.28,484.39,115.04,340.39,73.06,89.59,680.34,213.53,263.02,259.61,168.95,70.80,34.09,116.02,356.71,705.13,317.76,309.37,253.44,132.74,142.66,254.81,464.51,360.58,223.45,129.34,74.53,24.05
2022-05-27,225.44,562.21,89.99,426.28,431.32,115.41,332.65,75.43,85.51,719.88,186.21,261.01,253.89,164.01,98.86,29.86,129.88,407.79,643.78,229.73,321.89,247.37,111.28,126.90,222.15,471.53,345.41,230.82,189.20,80.14,28.91
2022-05-30,269.12,551.11,75.43,399.45,425.83,103.83,469.23,73.05,89.90,651.86,218.52,243.72,262.49,168.57,124.74,27.35,114.21,369.38,638.13,229.38,301.77,218.42,99.64,139.94,180.45,553.14,339.74,178.82,155.19,76.69,32.40
2022-05-31,360.50,560.72,79.72,421.49,688.17,127.12,582.26,73.50,102.12,744.06,276.71,255.75,252.57,180.85,106.99,26.71,121.74,331.97,914.53,215.92,343.13,252.31,124.27,156.58,269.22,512.18,366.14,165.44,151.63,85.23,46.66
2022-06-01,289.64,555.47,83.46,442.70,574.34,132.34,393.81,81.63,103.36,660.03,237.64,293.33,239.01,185.67,99.49,30.91,136.18,267.56,862.29,253.23,333.56,272.45,116.38,125.16,206.99,609.96,365.24,168.40,132.36,67.39,37.37
2022-06-02,259.09,513.90,125.57,508.47,646.74,114.88,296.16,62.72,91.42,602.85,221.98,263.46,236.66,154.20,79.21,29.67,149.87,288.59,970.95,224.55,321.25,221.24,122.92,126.08,213.51,657.36,384.39,155.94,114.43,64.24,31.45
2022-06-06,264.26,729.40,136.96,777.48,795.67,151.27,405.88,72.25,104.09,704.55,252.57,274.93,274.15,172.46,74.98,27.74,197.62,346.15,1207.42,260.78,478.50,217.67,144.69,216.90,361.71,727.37,419.03,190.72,128.00,89.10,40.38
2022-06-07,274.65,706.51,115.84,609.34,659.98,129.76,450.85,76.81,106.32,948.98,270.79,300.75,258.97,192.92,78.65,29.48,148.35,325.36,1086.19,238.53,399.10,204.95,127.10,191.20,363.40,615.70,390.32,177.54,136.27,82.08,34.50
2022-06-08,230.71,772.50,131.86,763.93,593.01,129.14,490.16,83.35,110.48,954.15,317.75,266.47,236.34,198.77,91.25,32.60,147.74,306.96,1161.44,247.41,487.79,233.57,127.84,160.14,386.04,676.78,406.20,280.81,174.01,82.01,36.02
2022-06-09,279.22,751.54,117.47,613.99,554.94,109.02,371.56,67.02,89.80,692.73,302.41,251.00,241.67,167.52,84.85,29.96,126.63,365.29,886.95,210.46,386.84,217.94,115.58,223.01,460.06,565.34,348.97,301.32,210.25,77.93,31.55
2022-06-10,234.65,868.54,121.22,719.73,626.38,115.25,381.23,62.38,88.17,640.30,341.70,236.57,225.31,155.38,85.48,32.24,123.34,305.92,1129.42,262.89,358.79,214.99,115.79,227.74,536.16,721.52,366.05,264.73,207.28,82.01,34.54
2022-06-13,283.90,945.70,142.60,849.17,602.29,126.05,378.38,77.99,104.95,688.69,310.31,244.33,232.24,160.21,99.70,33.72,140.83,283.43,1152.25,301.44,377.89,221.48,121.33,208.56,453.25,832.48,436.11,259.04,206.29,81.25,32.02
2022-06-14,293.49,950.44,129.53,726.83,651.66,122.48,358.66,90.38,100.85,641.00,287.67,240.67,229.56,143.27,78.50,36.64,136.99,254.23,1128.58,282.28,402.03,216.84,134.29,192.06,666.55,933.82,413.58,267.44,237.45,83.74,41.51
2022-06-15,266.66,959.00,143.70,718.91,811.90,181.96,490.95,95.82,117.31,731.00,289.93,294.60,333.16,169.94,110.55,36.86,204.20,360.60,1185.43,297.81,562.41,249.33,157.77,374.51,1285.40,983.85,470.36,251.42,222.23,95.64,47.52
2022-06-16,307.40,715.46,115.34,614.88,783.51,120.71,369.53,76.39,133.92,737.69,227.42,230.52,210.89,130.74,122.86,31.42,141.57,248.99,1003.84,227.59,471.60,352.28,150.67,212.89,920.70,679.22,386.73,298.92,200.94,79.08,39.46
2022-06-17,245.51,729.52,116.08,803.54,684.36,170.72,446.19,75.02,117.31,822.11,227.92,211.27,203.32,156.63,124.96,26.05,144.75,223.75,1381.82,248.78,387.05,293.94,157.22,165.92,633.86,696.99,410.45,210.42,149.61,74.25,47.98
2022-06-20,229.78,808.31,112.39,815.28,746.49,218.30,471.63,70.39,132.11,917.81,305.01,219.08,252.68,139.07,125.85,28.29,202.61,243.50,1535.21,281.11,413.47,238.56,147.05,165.45,421.95,715.33,509.72,278.94,193.79,79.40,51.16
2022-06-21,231.22,685.15,146.84,744.68,746.02,194.49,394.96,66.73,122.66,798.84,279.85,205.54,290.38,138.33,116.72,35.97,165.66,260.17,1250.82,232.52,485.42,286.12,134.44,166.63,404.32,704.38,577.24,185.13,124.49,68.25,40.43
2022-06-22,243.79,601.62,149.61,645.63,754.62,158.86,315.16,57.62,90.16,829.26,209.22,212.03,205.56,122.39,92.79,35.00,136.06,214.92,1235.20,213.86,425.82,253.09,123.58,145.98,389.38,681.78,497.86,176.09,109.02,65.34,34.96
2022-06-23,186.64,681.05,148.72,752.35,811.30,182.09,319.33,63.52,91.81,755.98,208.77,206.37,197.29,115.14,84.81,41.72,116.97,203.92,1287.32,333.73,439.92,218.07,122.54,143.17,557.43,1014.03,545.70,177.04,100.59,65.16,28.70
2022-06-24,202.02,776.61,154.30,688.80,919.36,285.13,441.39,64.62,108.90,813.39,215.95,194.85,198.29,128.64,125.64,42.46,159.78,216.08,1465.37,400.42,472.21,216.92,167.37,164.64,468.08,918.45,581.17,168.41,105.32,65.48,33.40
2022-06-27,251.80,878.94,136.53,885.77,910.69,253.28,556.87,72.16,129.04,866.64,239.91,237.77,208.36,197.76,148.90,39.32,206.04,230.57,1466.34,291.39,430.68,264.40,148.35,201.88,416.44,941.92,593.68,226.94,125.41,83.29,40.20
2022-06-28,248.71,898.57,126.64,803.28,1135.57,185.49,424.94,73.51,124.06,725.25,267.26,257.93,200.82,173.25,153.91,37.91,173.80,225.11,1436.76,327.59,466.92,248.57,158.59,164.13,390.21,992.03,712.38,224.88,123.93,85.67,34.31
2022-06-29,283.74,901.29,110.11,790.60,1203.67,192.84,417.92,84.71,128.20,824.56,243.64,272.20,359.45,160.82,170.92,39.25,203.67,349.73,1512.73,278.36,519.72,250.37,189.45,184.09,438.05,1120.21,765.89,215.14,127.99,99.53,47.61
2022-06-30,208.74,752.46,100.48,640.26,1005.27,176.17,637.16,92.48,111.21,861.49,221.48,251.01,299.97,196.28,179.52,36.26,180.38,282.82,1294.08,242.24,430.03,256.56,169.30,217.10,364.85,796.88,623.75,150.98,90.67,83.45,51.78
2022-07-01,199.71,838.72,113.56,671.69,883.74,145.58,420.06,89.68,95.51,708.90,310.23,194.54,227.13,146.44,160.26,39.33,150.85,257.23,1169.60,250.43,388.23,206.86,137.42,139.40,278.60,728.55,624.11,171.46,82.24,108.17,34.44
2022-07-04,357.56,914.00,109.20,781.96,922.69,146.46,422.36,88.44,89.82,1037.48,360.11,196.09,200.95,121.51,113.14,33.37,143.52,210.46,1347.52,315.94,372.41,184.49,149.31,162.64,281.24,621.77,604.82,158.32,97.40,105.57,34.38
2022-07-05,360.30,1034.97,148.95,849.23,841.41,156.56,435.15,111.59,104.44,944.78,416.21,225.24,193.34,138.35,100.54,32.23,175.26,246.34,1432.51,259.40,427.98,215.70,164.46,150.22,303.91,645.22,624.10,255.04,116.17,96.00,38.17
2022-07-06,253.34,949.71,164.48,800.29,842.39,138.42,414.69,116.29,87.77,897.46,349.12,207.84,175.20,139.72,89.19,31.39,139.39,223.13,1261.85,253.54,321.89,174.96,141.67,168.81,281.83,612.95,575.80,231.43,130.89,75.45,32.24
2022-07-07,251.98,805.99,129.11,673.99,793.53,158.08,340.91,92.96,83.28,711.77,384.97,208.94,147.28,113.59,78.80,42.12,104.33,172.57,1538.11,299.28,334.83,147.08,145.00,125.07,202.02,898.89,614.74,164.74,87.41,73.05,28.61
2022-07-08,230.08,744.40,125.74,680.80,906.23,150.80,314.09,82.53,82.55,730.77,348.33,181.83,133.21,98.33,90.11,42.08,114.91,202.17,1457.04,247.94,363.97,178.62,161.20,122.57,247.36,751.89,630.31,148.34,71.90,68.13,25.80
2022-07-11,285.41,704.15,145.05,704.26,745.41,180.02,337.75,72.23,85.95,895.71,412.29,167.74,134.82,98.26,84.34,32.69,137.97,212.14,1320.42,231.07,347.89,164.32,151.67,161.67,207.03,625.96,583.41,148.59,84.41,62.04,30.23
2022-07-12,232.61,578.09,124.43,657.22,658.90,208.67,289.57,65.11,88.05,883.53,380.87,178.01,152.33,100.14,69.14,27.63,141.80,361.03,1263.15,243.66,295.67,145.45,128.33,182.90,257.68,653.10,571.72,129.17,66.43,70.64,24.96
2022-07-13,208.49,584.30,142.54,579.04,567.80,191.57,267.95,55.57,88.59,637.25,385.96,211.25,206.93,87.75,63.84,24.43,147.50,395.84,1466.65,211.79,246.60,155.41,139.98,257.29,209.11,560.75,556.45,111.70,75.44,75.46,22.81
2022-07-14,174.42,623.98,143.48,618.41,636.68,245.66,260.45,66.14,101.76,738.42,474.92,203.84,214.23,99.43,69.42,34.74,157.63,312.83,1634.36,269.13,260.38,141.72,157.83,327.72,257.04,583.94,631.44,122.11,77.58,77.05,23.25
2022-07-15,199.60,663.24,142.60,630.63,749.67,195.89,395.46,81.88,112.29,789.74,404.83,210.63,239.29,125.41,93.72,39.47,160.11,273.40,1579.81,242.05,340.73,174.47,162.12,229.07,283.60,811.09,635.01,170.37,86.07,113.32,24.39
2022-07-18,184.27,645.62,121.34,657.10,706.56,178.39,312.88,77.61,111.73,698.27,407.06,208.52,191.00,104.20,73.38,28.51,142.35,222.02,1496.01,225.32,320.16,164.33,176.75,162.64,227.53,694.17,666.35,172.26,97.86,164.93,32.91
2022-07-19,163.85,725.38,113.71,603.42,675.59,149.08,272.85,68.28,98.35,617.79,371.58,206.81,165.31,97.75,81.93,32.72,160.97,205.03,1358.50,257.94,466.29,215.29,210.64,130.69,193.30,764.97,667.72,143.08,76.53,140.77,26.17
2022-07-20,175.83,659.21,143.11,561.92,700.31,146.53,292.02,78.17,97.70,646.78,315.59,180.68,148.59,95.59,90.23,29.37,152.59,186.76,1178.95,449.40,459.98,196.58,184.01,121.51,159.70,554.33,690.48,118.39,71.23,112.98,41.66
2022-07-21,156.40,741.85,173.77,659.26,868.83,139.90,256.65,72.10,95.55,608.79,336.43,178.14,185.56,103.46,76.89,29.39,132.87,231.72,1283.88,360.19,415.43,265.61,158.51,148.55,171.91,649.48,745.76,151.67,71.82,96.17,31.33
2022-07-22,151.21,632.79,128.33,529.81,777.54,145.13,253.57,66.14,87.43,616.28,315.43,187.88,139.95,96.22,68.29,30.29,156.65,210.54,1315.34,267.77,341.19,197.55,147.60,117.14,187.29,616.01,748.32,105.71,67.05,148.86,28.40
2022-07-25,126.22,540.18,102.58,497.18,623.42,149.11,250.81,67.86,86.81,591.56,288.67,192.15,190.38,92.03,57.07,24.88,140.62,172.85,1176.63,263.75,315.33,164.89,156.51,92.59,152.80,579.40,712.34,103.91,51.00,124.46,24.39
2022-07-26,113.72,488.66,89.03,574.95,551.44,143.50,264.80,74.82,93.09,618.62,223.60,180.60,271.83,91.82,90.46,27.33,118.30,175.45,1075.77,218.82,366.42,176.73,147.59,116.37,130.99,527.99,620.64,93.84,66.36,103.99,28.65
2022-07-27,120.35,504.74,86.53,512.00,580.86,169.73,235.68,78.79,98.25,620.94,258.22,156.98,244.88,81.23,73.89,26.44,101.57,162.88,1230.47,269.99,325.48,173.26,172.71,93.44,136.01,571.00,722.23,107.02,75.20,108.07,49.21
2022-07-28,159.78,584.40,103.25,603.57,1014.71,177.49,264.46,79.36,101.70,600.77,289.92,183.56,224.87,108.13,64.64,29.46,118.07,181.94,1327.96,299.68,387.49,188.70,189.44,104.76,220.05,620.60,813.12,147.51,105.15,112.42,38.50
2022-07-29,198.06,568.94,120.47,554.07,839.29,194.24,418.40,68.43,89.86,622.33,321.78,190.79,199.81,104.57,70.68,34.49,145.39,208.82,1357.10,267.47,388.25,186.45,152.35,116.69,187.22,722.92,823.52,142.39,80.16,102.14,36.89
2022-08-01,146.74,626.45,77.32,711.94,868.19,184.28,318.08,66.11,82.66,497.04,275.46,189.85,164.62,78.59,53.66,18.16,135.38,209.80,1377.29,259.51,393.53,135.82,152.25,130.15,181.24,886.52,761.70,132.13,81.07,99.39,30.35
2022-08-02,229.68,731.40,114.65,759.14,1002.33,194.18,353.06,91.33,114.69,696.88,323.91,225.12,189.31,114.74,76.42,27.81,176.25,260.72,1459.86,495.74,481.36,196.70,198.06,171.09,275.52,841.41,874.05,143.34,113.46,130.06,34.43
2022-08-03,183.29,659.23,99.98,678.58,1106.96,192.55,258.61,74.73,94.60,538.61,259.38,187.10,164.56,94.00,55.18,22.42,155.70,187.65,1413.16,711.61,472.00,155.73,180.19,130.91,185.58,884.20,849.09,114.68,91.73,100.05,25.49
2022-08-04,137.93,563.85,65.31,548.71,927.65,149.33,266.93,59.09,76.91,498.66,208.79,142.73,126.33,77.19,51.58,23.02,117.77,155.29,1146.98,463.05,377.51,131.28,152.58,109.66,153.38,681.65,645.19,101.96,73.92,79.36,23.99
2022-08-05,138.21,559.72,65.70,665.45,1325.47,148.19,236.54,61.44,76.82,538.73,209.00,131.42,136.87,82.91,44.60,18.41,111.92,150.27,1116.97,397.87,600.80,159.71,213.36,95.89,210.08,578.81,635.53,105.59,90.11,83.36,21.82
2022-08-08,131.61,550.92,69.87,617.54,1237.80,147.09,230.55,61.67,67.30,591.37,205.69,133.19,169.89,96.71,43.26,19.12,120.72,142.11,1075.07,372.61,531.07,128.83,192.85,90.44,149.40,594.43,571.97,118.51,87.02,78.35,20.89
2022-08-09,160.41,644.65,64.11,560.60,1089.01,136.32,194.72,61.67,80.62,455.20,231.46,136.00,143.54,84.35,42.01,20.13,119.76,149.32,1393.01,399.35,480.90,126.42,212.01,77.24,135.68,597.73,612.19,162.12,94.39,80.92,21.02
2022-08-10,124.31,660.31,69.34,683.89,1103.82,157.49,261.56,75.32,79.92,450.72,213.61,117.84,131.76,68.45,43.50,20.10,137.11,161.44,1256.14,383.62,455.00,121.80,188.59,80.24,153.98,676.43,687.23,121.51,91.69,86.41,23.44
2022-08-11,122.58,737.95,69.29,630.24,1369.13,178.29,278.65,72.60,89.87,529.95,208.85,137.64,140.37,92.03,57.56,26.09,136.10,193.58,1279.87,368.98,497.86,195.71,202.80,138.75,495.98,658.87,687.78,94.03,88.67,88.79,30.68
2022-08-12,111.98,727.04,68.26,565.17,1250.13,172.59,243.87,64.78,101.86,450.68,279.55,152.71,155.50,97.44,49.07,26.39,130.41,175.15,1066.12,334.47,546.21,183.15,190.24,101.96,377.30,519.87,710.44,142.63,135.49,91.71,25.28
2022-08-15,152.23,700.54,78.98,672.22,1048.58,156.36,255.00,64.75,97.36,434.32,317.30,154.43,150.62,78.76,49.62,25.19,123.50,165.60,1357.11,236.01,501.64,146.69,170.79,116.63,266.21,528.46,677.87,165.84,133.60,80.74,34.01
2022-08-16,187.40,732.93,95.80,633.94,1059.98,154.82,236.67,74.68,95.92,433.72,332.51,158.68,196.23,85.48,48.50,26.14,151.11,204.28,1580.02,253.82,448.08,145.20,160.92,87.20,201.11,625.26,761.35,156.58,105.49,89.75,26.53
2022-08-17,188.00,751.17,92.21,573.08,1138.18,168.93,263.69,78.68,102.90,436.27,413.68,152.86,217.32,95.88,59.52,22.81,143.51,216.81,1686.61,259.12,406.44,187.12,152.34,116.63,354.71,675.47,758.65,141.06,105.16,91.51,31.07
2022-08-18,153.34,658.00,80.76,516.56,1256.05,161.06,319.20,83.25,98.62,441.99,358.22,147.29,162.73,102.34,58.19,19.31,126.59,205.95,1684.00,264.28,416.44,167.44,180.65,104.28,234.91,650.06,768.61,121.75,104.87,90.04,32.35
2022-08-19,222.59,669.75,73.08,561.29,1246.80,170.31,243.56,75.64,104.08,503.07,528.94,146.64,196.37,114.80,60.93,19.41,122.23,204.97,1726.99,304.92,480.72,248.07,217.40,118.30,219.41,638.28,744.97,174.96,123.82,97.49,25.67
2022-08-22,223.16,678.64,82.16,758.24,963.65,140.98,230.07,69.29,102.49,507.61,463.81,173.87,186.75,114.97,64.66,18.43,122.23,209.30,1476.48,256.84,379.81,228.50,176.01,103.94,187.21,556.13,625.88,210.70,106.30,88.04,29.32
2022-08-23,214.68,640.37,71.49,628.23,944.20,145.59,271.89,70.63,97.97,505.68,427.28,173.54,151.98,99.37,54.91,23.48,139.12,185.30,1504.02,236.99,378.04,194.75,161.21,114.32,262.61,516.76,652.66,235.60,171.07,86.01,21.63
2022-08-24,308.57,732.53,90.97,672.31,1078.84,158.92,270.61,79.01,105.00,513.24,404.90,212.51,166.49,107.74,56.74,25.38,130.67,213.43,1587.76,289.83,456.58,214.45,184.57,112.12,409.79,669.67,741.57,240.13,181.40,115.12,27.31
2022-08-25,252.99,611.75,65.67,647.94,815.32,129.46,330.76,62.53,101.44,447.77,374.28,257.47,160.13,105.58,50.45,22.54,114.02,196.61,1322.89,225.53,367.93,199.21,157.83,117.21,380.67,504.66,591.25,320.09,209.44,104.80,28.93
2022-08-26,244.59,639.43,55.77,617.86,740.35,121.34,426.63,56.05,91.15,455.15,365.62,257.93,137.31,108.76,69.37,18.19,106.18,185.01,1163.14,210.98,334.36,196.22,147.48,104.15,278.60,475.53,560.10,259.83,165.27,96.45,26.80
2022-08-29,245.87,588.93,57.18,442.61,634.79,130.58,355.27,68.50,88.13,415.86,321.66,197.74,124.82,84.11,63.45,18.88,93.82,178.91,1126.71,232.68,279.90,203.89,136.75,133.93,222.51,401.32,532.81,246.75,151.26,87.19,26.53
2022-08-30,224.59,553.95,59.03,425.68,681.34,137.46,324.36,71.27,116.49,441.45,297.04,236.64,135.49,101.25,61.24,17.77,88.12,189.26,1086.02,211.38,258.36,234.21,177.43,123.68,247.15,383.22,493.09,235.23,161.28,81.11,24.45
2022-08-31,230.36,593.73,67.07,563.31,739.76,224.19,489.93,68.36,136.91,549.90,310.91,254.61,177.26,123.00,75.44,16.11,122.54,210.70,1310.45,226.88,313.44,287.89,197.05,224.01,357.71,558.12,529.57,191.08,153.68,85.99,26.88
2022-09-01,194.08,453.80,52.36,367.43,564.19,212.96,379.54,58.46,106.54,523.34,226.62,207.32,226.85,115.96,74.64,14.58,115.23,190.36,880.59,186.04,316.39,233.16,186.87,120.48,234.30,364.80,417.20,191.29,120.23,72.63,22.40
2022-09-02,176.40,442.79,45.39,346.29,597.33,159.50,325.97,56.32,98.23,449.45,235.00,190.61,165.34,124.83,62.68,15.03,89.61,155.77,812.31,255.36,310.92,234.23,217.41,102.80,212.71,359.22,388.82,136.79,96.45,60.54,20.62
2022-09-05,178.73,464.39,58.08,314.05,573.86,128.61,360.81,57.71,105.91,475.36,280.59,201.69,180.16,113.36,49.42,18.68,105.01,175.03,806.19,242.25,294.05,212.57,207.94,102.63,194.94,412.10,393.72,217.21,165.56,62.60,20.52
2022-09-06,172.97,662.17,65.19,492.19,591.89,145.01,270.06,55.67,101.46,435.90,354.65,229.20,263.52,96.75,56.80,16.11,118.96,203.05,1172.86,281.79,278.86,172.34,220.38,127.36,248.26,423.91,448.87,201.74,165.33,66.16,28.08
2022-09-07,181.45,596.24,57.01,530.75,756.15,144.80,298.14,71.57,98.79,427.27,387.91,197.34,211.99,84.97,52.71,19.05,123.63,211.00,1123.76,232.95,314.01,179.76,205.80,103.29,181.33,448.18,485.08,165.68,160.41,82.11,27.63
2022-09-08,179.52,514.88,78.08,459.43,598.70,122.14,259.74,73.32,95.09,381.07,371.28,227.20,181.89,98.65,71.24,16.50,109.53,216.51,937.54,265.41,281.48,162.49,173.34,110.41,176.81,430.76,444.56,155.82,134.13,70.26,20.78
2022-09-09,133.61,481.83,68.46,540.50,467.29,166.40,280.17,63.76,107.16,453.21,286.29,231.08,312.82,99.68,54.64,15.96,168.63,245.59,762.46,225.15,264.75,133.92,153.60,198.50,323.06,329.31,374.69,152.13,116.56,68.52,24.65
2022-09-13,203.60,479.25,62.19,520.40,455.53,138.40,329.52,63.76,117.15,572.93,264.33,245.62,255.48,103.11,58.72,15.56,146.62,210.12,694.45,232.59,290.98,142.68,140.17,194.30,267.67,360.41,344.95,126.57,126.41,60.05,28.86
2022-09-14,142.12,438.93,60.79,497.03,478.61,108.61,230.26,65.63,107.59,451.44,241.02,225.85,216.14,127.02,50.89,15.60,127.08,160.37,785.69,270.43,276.45,142.29,130.83,113.63,237.22,368.24,360.57,125.46,128.14,60.36,23.67
2022-09-15,158.60,541.28,76.57,598.29,640.03,157.99,299.93,74.84,136.32,487.11,293.09,229.03,327.47,133.77,65.04,18.89,171.33,204.97,1171.55,271.91,351.24,182.31,155.66,208.92,270.43,455.60,468.21,212.08,137.24,69.66,28.72
2022-09-16,139.77,416.62,72.46,481.34,504.65,130.81,271.22,76.00,115.30,448.57,234.03,204.92,332.20,128.91,75.53,17.88,124.76,190.69,764.45,264.16,456.16,168.46,138.25,168.59,477.30,344.22,351.34,201.88,124.82,60.51,26.16
2022-09-19,134.43,364.07,54.97,354.19,481.15,104.16,253.35,68.36,94.75,359.75,200.87,186.62,229.76,112.08,76.70,13.20,96.70,146.33,663.08,217.53,364.99,139.03,131.54,108.43,223.24,355.92,321.22,136.37,87.19,47.88,45.99
2022-09-20,114.46,384.10,48.07,493.46,449.37,124.86,247.61,61.64,93.35,309.08,168.95,171.42,237.93,116.68,74.92,11.39,104.90,148.96,779.17,184.81,249.27,117.74,118.00,106.62,166.15,392.06,343.64,122.28,78.12,42.22,35.17
2022-09-21,127.13,372.24,64.68,419.43,455.48,118.50,216.43,52.90,84.19,335.06,218.16,199.59,233.64,120.37,60.85,10.53,88.79,143.12,633.30,185.39,275.54,121.25,109.24,103.57,187.67,376.13,341.93,121.86,105.31,46.87,32.10
2022-09-22,119.13,389.98,76.60,390.58,429.45,127.89,223.67,54.98,81.74,332.44,183.10,216.10,210.76,98.41,56.44,11.56,86.09,125.78,684.64,268.31,273.18,105.05,110.44,93.91,165.26,343.49,344.68,175.19,113.80,54.58,26.97
2022-09-23,137.08,435.10,67.77,411.57,465.91,134.09,247.46,57.65,92.64,347.02,175.99,203.29,214.14,103.53,56.02,14.54,85.18,152.92,701.41,251.44,279.72,128.65,134.46,112.86,184.07,332.58,353.94,156.23,116.05,57.12,22.41
2022-09-26,131.01,384.62,60.37,412.92,412.74,137.32,305.03,54.85,90.98,339.57,167.35,205.50,204.88,127.67,67.52,14.89,95.15,156.88,812.60,215.43,245.13,115.11,126.89,132.76,181.29,336.45,347.40,141.19,123.47,59.00,33.86
2022-09-27,126.98,359.35,51.93,396.28,427.29,148.97,399.31,64.98,103.20,509.83,160.43,207.99,189.97,122.76,102.15,13.71,91.62,130.96,722.68,186.56,234.68,129.55,116.64,103.82,144.88,307.53,348.85,138.60,104.28,51.44,26.12
2022-09-28,118.91,366.82,52.88,408.15,401.44,150.89,336.70,71.54,102.47,478.27,210.07,187.02,161.84,107.08,80.97,11.62,83.01,130.31,739.32,203.41,228.01,118.37,102.93,120.17,167.15,298.30,344.97,111.92,90.40,59.12,23.55
2022-09-29,104.46,337.38,43.64,365.26,377.76,157.85,281.79,67.11,102.93,540.80,175.61,172.38,156.83,102.80,69.73,14.16,97.10,138.67,694.13,175.88,237.08,112.41,96.10,119.16,171.75,281.24,315.52,148.61,89.95,59.89,24.49
2022-09-30,86.41,314.45,37.88,310.43,346.94,139.30,236.21,49.08,95.68,459.47,156.38,146.66,183.24,87.54,55.85,11.09,89.88,117.10,646.08,170.74,230.74,94.77,85.82,99.01,139.31,287.90,279.90,132.09,74.51,45.58,22.17
2022-10-10,182.25,322.61,46.77,298.96,426.78,133.83,399.96,50.17,82.49,523.56,197.57,152.53,197.04,98.00,52.51,12.15,73.86,118.55,591.89,163.65,288.29,97.77,100.14,165.89,148.01,259.63,284.23,162.80,120.85,45.61,23.59
2022-10-11,134.29,331.16,39.12,282.99,377.68,143.59,298.07,47.55,83.56,417.24,201.19,142.93,148.87,74.97,49.68,11.54,70.68,101.73,662.11,139.83,252.07,91.34,96.51,109.14,147.90,237.75,263.33,127.36,94.71,45.80,19.14
2022-10-12,169.64,430.84,52.61,415.83,548.46,145.94,348.98,54.15,84.94,439.93,207.45,149.35,152.72,92.45,50.11,14.82,82.74,122.41,911.44,196.87,363.98,107.30,136.01,133.99,187.71,329.59,380.51,126.29,93.14,51.73,21.67
2022-10-13,201.59,392.09,46.77,386.63,487.72,159.28,352.57,51.43,86.49,554.03,245.89,138.99,166.58,80.47,51.14,11.06,76.59,122.13,837.64,195.51,522.31,111.61,148.86,144.46,160.67,315.29,369.50,162.78,102.28,56.99,25.63
2022-10-14,179.67,460.27,55.59,457.94,526.72,162.98,350.67,65.59,99.45,1075.23,242.54,188.99,165.51,102.12,63.60,16.74,108.00,136.09,1052.13,212.48,508.13,126.44,160.76,159.96,208.90,340.63,399.89,130.30,107.19,58.77,35.93
2022-10-17,161.91,411.15,48.88,407.58,535.15,145.29,298.84,59.92,95.54,1011.33,221.16,190.05,167.73,91.23,81.66,13.31,82.98,126.69,783.02,258.03,530.79,118.82,139.28,110.59,162.24,325.86,449.86,161.68,103.04,63.27,30.10
2022-10-18,151.85,430.44,47.40,354.65,483.30,133.99,266.01,58.52,103.58,1060.29,229.03,195.20,152.51,87.29,97.44,17.14,87.53,124.62,880.86,245.85,430.30,113.32,153.10,106.72,160.28,380.00,477.71,125.46,85.22,64.45,26.46
2022-10-19,153.99,400.90,54.67,361.82,461.10,145.89,363.02,52.06,102.89,827.19,188.90,225.64,144.53,87.67,83.68,17.09,72.56,132.52,928.64,200.35,440.22,100.23,165.81,103.17,152.27,321.49,436.62,136.03,82.63,63.49,24.58
2022-10-20,121.17,365.41,52.88,332.63,664.22,142.48,328.41,59.67,100.14,893.58,186.92,220.47,128.17,100.81,97.57,17.31,72.15,130.41,856.91,207.87,558.92,111.17,172.98,104.92,187.53,368.57,421.86,115.42,88.88,56.88,29.97
2022-10-21,113.22,342.50,55.30,273.94,544.71,115.34,262.17,50.49,102.09,748.84,199.73,161.59,155.49,96.34,89.53,18.24,67.43,168.01,772.56,175.82,482.11,96.76,165.50,107.00,243.22,281.69,391.50,89.86,93.13,53.90,27.05
2022-10-24,166.87,415.32,69.47,396.92,627.75,130.58,509.06,57.84,115.08,831.47,205.58,188.70,169.26,127.90,90.12,19.95,101.11,176.17,888.15,384.70,562.64,122.26,164.89,200.18,301.30,332.21,498.38,108.84,109.80,64.76,36.31
2022-10-25,155.49,417.21,58.84,359.85,549.70,123.57,368.93,57.11,100.75,698.00,178.04,164.17,126.98,96.60,72.77,18.11,115.54,154.89,886.72,315.68,482.85,102.80,149.35,144.93,267.57,383.70,565.66,99.13,105.62,61.83,29.35
2022-10-26,208.10,427.64,65.16,385.77,659.88,124.83,380.23,56.62,124.22,976.78,176.41,174.23,151.81,107.61,88.49,16.62,124.28,155.76,985.01,306.63,691.93,121.02,164.43,160.25,237.78,430.95,574.74,113.27,102.19,65.00,45.34
2022-10-27,174.07,379.74,58.45,411.43,700.59,119.99,483.21,54.61,135.16,1006.52,221.05,162.33,135.58,98.68,90.35,18.92,96.44,140.02,1075.94,253.12,747.45,131.73,261.59,132.14,211.46,370.38,526.59,112.05,83.22,59.57,42.36
2022-10-28,176.03,429.87,65.60,427.70,714.27,136.08,441.20,60.79,135.18,847.97,225.73,158.22,141.80,100.98,86.06,15.72,111.67,165.55,978.07,246.07,729.04,150.70,200.84,140.29,229.51,425.16,491.78,144.08,89.09,78.33,32.09
2022-10-31,154.78,362.33,56.31,378.60,695.58,155.55,344.27,50.22,102.64,888.28,176.75,178.99,173.15,104.21,77.75,14.27,85.53,157.77,827.74,323.13,863.14,131.88,200.40,159.79,210.59,354.78,445.52,156.80,111.55,62.30,30.13
2022-11-01,174.93,404.04,51.32,498.08,672.92,137.67,555.15,54.28,101.23,1078.67,193.80,207.70,165.89,127.00,109.50,16.44,102.71,165.24,1005.34,293.33,841.15,146.05,213.40,190.76,267.06,397.09,490.34,146.43,103.18,65.89,35.94
2022-11-02,165.16,397.51,55.80,474.14,794.36,147.61,539.63,57.73,112.79,1410.19,189.32,252.24,149.82,162.88,159.47,20.80,99.22,162.30,952.01,306.70,818.09,232.77,248.22,152.65,232.09,510.08,527.64,120.06,92.14,82.41,40.60
2022-11-03,157.43,387.53,49.08,488.36,809.37,133.30,297.31,48.14,98.33,876.08,184.81,178.20,125.53,126.47,113.87,15.96,77.83,162.45,895.08,270.26,760.27,182.34,236.22,99.48,160.82,439.44,441.78,82.83,77.70,69.42,25.91
2022-11-04,168.71,553.43,78.85,673.10,824.85,152.26,542.55,61.82,109.78,954.47,237.24,245.07,148.36,165.88,146.09,18.72,116.58,195.93,1200.29,303.21,679.91,193.08,216.40,157.76,340.72,556.81,553.51,136.61,105.14,105.62,37.24
2022-11-07,165.82,535.38,101.04,737.67,800.54,134.58,349.00,66.66,129.75,866.52,220.09,192.37,141.45,139.91,130.11,23.65,99.20,178.39,1117.86,337.43,668.68,226.03,234.06,122.32,228.24,437.37,493.09,131.12,123.02,114.77,31.83
2022-11-08,164.63,398.06,78.25,525.49,614.69,119.87,294.88,67.28,109.97,820.06,178.15,162.10,152.15,99.43,118.94,18.76,85.98,167.36,876.05,236.61,744.02,197.94,200.18,87.49,155.54,352.56,408.89,101.51,86.54,84.36,22.02
2022-11-09,141.74,384.69,72.55,524.96,562.62,100.73,238.68,56.78,116.81,958.93,163.23,128.62,220.50,84.12,104.84,14.88,97.82,160.83,732.44,237.00,608.77,163.09,153.03,85.46,137.82,330.53,395.87,78.64,70.92,78.09,21.51
2022-11-10,153.54,411.83,92.98,455.58,649.73,105.36,276.39,60.13,109.80,1025.77,186.80,146.26,180.33,111.82,126.98,18.83,82.94,151.98,782.73,221.89,663.79,249.81,159.60,86.77,189.08,368.75,425.48,85.38,76.52,80.52,28.85
2022-11-11,194.82,507.98,100.14,663.62,826.48,180.36,506.16,78.29,175.17,1711.81,222.21,294.01,385.77,204.08,219.16,28.23,164.82,237.87,959.78,271.91,851.86,326.31,213.78,256.92,468.30,464.55,535.24,131.01,100.30,90.27,39.50
2022-11-14,179.37,466.19,79.74,530.63,640.31,198.81,402.00,61.24,179.32,1498.02,183.69,225.32,432.33,141.29,153.80,18.12,215.08,238.00,881.82,234.60,689.79,239.26,192.99,297.47,442.96,362.43,457.32,158.96,100.45,72.06,42.78
2022-11-15,175.67,438.04,61.97,431.29,1071.28,138.61,402.00,55.79,131.19,1383.50,192.01,187.68,369.68,116.04,135.61,17.83,154.40,190.35,862.20,230.40,792.59,214.32,206.99,163.46,561.55,377.37,481.13,100.54,72.47,66.00,35.13
2022-11-16,152.31,384.29,50.89,381.06,838.99,112.09,304.68,59.62,128.90,1309.59,242.63,198.02,304.82,129.23,164.93,19.53,98.74,165.59,742.55,279.16,690.04,279.57,224.10,119.31,354.21,352.34,439.10,95.56,78.03,57.67,31.72
2022-11-17,169.87,381.44,46.69,395.34,843.63,99.56,283.69,50.55,106.49,1224.14,163.70,165.88,235.88,108.49,124.14,17.26,88.41,166.90,702.16,224.61,809.02,369.83,230.87,118.54,300.00,352.39,381.05,150.51,75.75,54.29,31.70
2022-11-18,165.43,408.26,52.52,351.39,761.45,101.04,257.99,74.86,127.35,1586.57,166.94,176.03,222.30,125.71,162.93,19.49,86.21,178.42,849.17,200.62,919.88,408.75,263.72,111.83,274.05,322.94,448.79,104.39,77.93,64.64,40.68
2022-11-21,128.87,378.19,58.82,303.66,572.31,98.93,301.58,65.81,128.95,1419.03,145.02,135.49,196.71,114.47,131.10,18.14,80.99,152.78,761.27,194.99,695.63,289.58,176.09,100.56,235.15,328.40,448.31,78.48,64.77,58.93,40.41
2022-11-22,118.50,402.32,57.74,318.21,624.92,87.83,243.84,65.05,131.69,1426.78,165.97,190.40,198.30,109.29,117.45,20.96,98.31,341.55,726.62,238.12,630.64,234.44,249.69,164.09,236.78,319.88,433.95,88.79,84.38,68.73,39.36
2022-11-23,119.75,381.36,56.23,301.71,579.20,80.81,219.35,55.93,115.37,1041.77,221.27,177.82,133.95,95.17,97.79,21.17,88.32,408.71,874.91,200.65,567.48,230.76,238.60,166.71,210.74,307.16,411.83,93.85,92.31,80.80,33.62
2022-11-24,98.11,444.65,58.60,316.06,461.53,79.76,220.32,57.94,110.90,947.69,196.75,138.56,258.11,79.77,87.67,18.86,98.34,287.90,819.71,159.42,464.70,165.22,169.98,98.59,179.39,283.65,388.26,88.70,84.22,75.90,25.93
2022-11-25,115.86,394.06,59.00,294.70,456.01,86.14,184.32,59.60,122.57,849.15,176.88,146.10,382.45,101.77,80.95,18.24,125.07,299.39,633.21,159.28,426.17,164.90,197.96,224.74,242.38,259.22,350.51,130.98,90.33,69.21,22.64
2022-11-28,131.93,359.02,51.34,285.05,439.59,88.14,326.08,58.32,115.63,941.31,238.80,167.49,291.95,132.00,113.26,17.97,102.72,266.51,646.67,172.89,419.14,196.53,223.34,171.99,257.23,249.40,329.25,109.68,99.35,79.91,27.15
2022-11-29,133.29,401.27,70.72,345.69,511.46,140.88,485.02,74.65,154.27,1237.52,242.79,238.52,533.81,176.58,174.88,29.12,181.28,356.11,661.13,186.61,447.65,229.09,181.56,372.25,512.33,304.96,388.65,128.93,92.20,79.23,36.98
2022-11-30,182.36,403.39,58.64,392.30,513.69,115.47,301.16,68.31,130.63,1042.62,265.29,221.63,631.38,161.66,166.60,28.16,135.99,270.54,669.14,204.16,428.45,214.46,205.39,231.55,392.33,600.12,363.26,154.25,106.39,74.82,28.58
2022-12-01,195.54,416.39,72.14,436.17,607.31,127.36,598.22,94.70,133.52,1260.24,237.90,247.55,513.59,210.81,192.13,33.90,121.54,247.61,856.32,201.29,597.81,274.84,266.51,193.95,471.43,580.59,406.98,134.45,101.74,75.68,46.47
2022-12-02,207.24,385.20,46.22,342.49,469.10,110.16,407.28,102.22,127.76,893.39,190.57,181.88,409.01,170.38,151.16,27.49,109.78,237.50,823.85,176.44,620.55,248.03,205.78,148.69,281.47,351.32,366.63,88.70,97.95,62.36,41.26
2022-12-05,208.61,432.55,97.42,473.44,572.40,150.06,482.18,114.87,147.73,1202.12,229.59,292.65,406.86,186.82,145.33,33.33,159.38,419.04,863.72,230.88,584.67,277.16,277.99,221.35,549.78,367.07,448.96,115.61,115.19,81.67,49.00
2022-12-06,234.29,479.08,66.42,396.51,685.60,111.08,615.96,99.80,142.47,1172.77,197.73,252.62,311.05,232.04,154.23,30.45,115.00,328.45,823.95,212.58,511.98,250.09,232.49,154.68,445.86,402.34,390.57,93.19,109.09,72.07,58.12
2022-12-07,242.83,448.51,62.44,400.95,549.05,117.73,479.07,120.74,121.42,1241.08,171.52,314.08,262.77,279.93,172.99,39.13,99.99,254.88,887.89,181.99,460.93,246.88,198.41,153.33,378.69,398.00,348.38,104.37,100.73,67.90,54.26
2022-12-08,208.99,461.03,50.88,289.48,455.70,110.34,350.17,106.20,110.04,1417.77,164.16,299.43,297.11,307.79,175.78,34.79,89.18,199.64,766.37,162.16,445.03,220.15,166.58,134.62,268.37,296.99,331.53,72.09,82.77,59.89,44.99
2022-12-09,173.46,503.10,87.10,442.09,531.68,174.23,574.50,103.19,147.83,1469.75,186.72,301.29,398.85,265.76,152.78,27.08,162.91,222.37,772.05,215.41,417.71,221.32,167.01,203.41,406.84,290.90,390.17,118.16,90.57,65.64,46.59
2022-12-12,158.80,435.50,78.93,378.24,632.24,146.09,451.52,94.37,128.83,1584.59,163.68,253.81,260.76,209.11,131.21,24.73,130.03,215.11,590.53,197.14,446.20,182.31,156.52,152.34,305.77,270.76,360.95,131.45,94.25,66.32,42.61
2022-12-13,240.64,354.68,60.16,328.99,479.21,106.92,414.12,95.32,127.43,1494.67,124.55,270.57,221.48,209.21,157.24,37.25,89.52,168.78,607.69,154.04,443.40,215.70,131.50,112.90,206.13,264.49,313.40,71.21,66.81,55.20,40.34
2022-12-14,186.07,321.80,49.64,281.52,699.33,104.21,561.10,106.70,126.59,1357.52,118.34,248.42,193.24,250.67,171.64,31.09,85.56,153.04,516.90,138.01,386.97,199.00,138.74,115.20,212.16,240.02,326.85,77.80,75.76,51.23,52.01
2022-12-15,181.59,299.57,41.25,306.52,696.86,103.28,469.81,116.98,118.20,1026.06,113.31,223.91,220.06,228.85,153.71,24.92,85.65,152.29,597.76,123.68,427.97,209.28,129.60,97.42,180.52,342.31,309.75,73.92,66.76,50.30,52.07
2022-12-16,149.67,365.95,62.87,296.62,568.63,95.76,381.07,88.99,118.23,1235.91,133.00,204.00,308.82,188.58,161.21,21.15,114.58,164.06,533.22,134.21,380.55,182.59,132.87,130.09,192.47,264.75,312.90,68.68,65.56,61.15,43.74
2022-12-19,189.16,336.93,57.31,326.10,487.72,90.97,374.96,93.85,111.57,1290.78,139.89,203.46,323.51,178.24,177.72,19.89,103.18,175.78,500.72,112.64,326.42,180.28,125.44,123.13,253.47,323.69,292.12,68.23,74.75,63.04,42.72
2022-12-20,150.81,251.99,34.65,217.53,435.25,85.98,466.31,78.92,102.33,884.78,111.40,162.55,267.58,175.45,141.00,14.05,76.26,118.68,469.09,115.86,363.13,160.34,115.41,122.33,173.92,296.99,285.60,54.04,51.44,50.17,34.74
2022-12-21,157.47,277.03,29.99,210.71,412.22,75.05,339.04,71.05,100.39,814.02,92.50,145.82,208.53,183.54,128.90,13.79,67.68,107.06,458.51,112.27,267.87,159.81,99.34,74.82,134.49,244.37,265.11,41.11,62.41,42.13,33.35
2022-12-22,188.47,330.54,39.21,241.98,402.95,85.14,446.30,84.37,115.41,870.51,109.26,180.35,222.58,203.97,184.45,19.33,80.39,126.39,575.38,123.77,276.46,194.36,119.33,78.27,170.19,266.20,261.69,64.19,67.07,44.35,70.14
2022-12-23,160.02,262.42,27.25,185.99,373.46,75.93,398.83,92.31,119.59,762.98,84.95,147.28,182.86,167.98,206.59,16.88,55.39,99.81,450.46,94.29,311.60,226.95,121.23,72.69,136.60,238.76,230.99,48.78,53.66,40.60,51.71
2022-12-26,184.74,253.12,28.78,209.13,405.89,84.51,359.83,79.43,122.69,765.16,95.82,152.54,195.84,173.32,212.04,22.56,56.78,114.98,652.67,130.28,288.74,205.94,111.97,89.53,150.98,243.64,253.89,47.02,58.77,43.67,42.69
2022-12-27,230.50,290.53,31.03,255.65,382.03,87.39,377.96,95.66,120.59,863.10,97.51,196.27,211.31,195.15,224.90,20.21,64.56,154.53,614.87,114.54,295.82,201.40,114.03,105.26,189.86,219.42,254.15,66.53,64.34,46.90,70.72
2022-12-28,193.43,257.98,37.15,272.15,340.03,87.91,376.42,95.33,123.20,746.87,219.45,197.17,207.92,188.74,219.43,15.04,62.05,134.06,595.61,124.20,302.06,233.04,123.88,116.44,166.02,250.82,231.07,53.56,58.65,42.80,57.16
2022-12-29,138.50,240.53,36.48,214.02,319.24,86.07,357.18,76.84,101.78,845.44,148.91,154.86,197.38,201.31,211.93,17.84,69.88,112.73,465.16,146.06,335.59,259.26,100.79,105.17,194.26,219.64,226.60,56.05,62.74,35.90,51.07
2022-12-30,148.35,254.39,29.64,228.35,314.04,74.60,375.42,80.74,105.99,691.26,140.05,159.48,169.49,241.75,209.81,15.86,65.09,108.56,501.98,108.89,310.11,298.00,103.34,119.82,186.52,228.09,222.57,42.67,53.06,53.15,48.21
2023-01-03,161.35,318.19,38.08,322.73,423.92,102.40,436.14,97.53,110.18,845.61,189.78,197.00,193.17,254.37,163.53,22.09,70.22,142.93,674.45,178.62,594.46,361.86,207.00,159.01,292.39,278.23,310.90,67.54,61.62,55.94,68.75
2023-01-04,150.96,302.80,38.30,268.48,537.12,125.17,354.20,91.40,155.89,782.53,155.64,162.17,310.28,209.55,171.89,21.01,97.97,163.99,655.31,148.70,595.10,374.02,204.53,201.55,243.82,246.35,339.51,82.16,68.25,56.41,55.72
2023-01-05,178.63,310.30,36.96,342.28,536.98,131.69,561.06,89.37,177.10,827.93,185.55,195.08,246.34,242.03,176.70,22.48,77.99,168.22,801.98,132.87,559.75,347.38,177.39,147.95,348.70,329.38,358.16,67.13,65.04,52.82,57.64
2023-01-06,153.70,422.65,43.92,402.90,587.72,111.71,444.29,84.29,182.37,654.67,213.69,186.36,232.56,184.46,159.00,20.40,95.82,178.37,1047.79,144.91,511.45,281.00,157.03,131.82,253.54,354.41,366.44,69.30,77.73,56.99,45.89
2023-01-09,164.36,394.38,44.80,478.35,525.73,104.16,502.39,84.01,143.97,657.99,199.90,175.11,183.29,131.58,146.39,16.11,77.81,155.64,913.80,181.85,467.45,227.49,143.45,112.79,363.45,379.74,348.66,79.43,86.06,52.89,47.99
2023-01-10,142.91,312.83,38.21,365.47,557.26,97.89,425.16,82.45,119.75,658.97,156.92,161.38,152.75,154.75,138.84,15.59,74.93,135.21,809.59,174.94,462.04,245.66,125.62,117.71,315.33,454.38,307.90,58.90,70.62,53.09,48.45
2023-01-11,138.93,297.83,36.95,311.15,600.97,112.53,367.76,92.60,124.75,662.10,155.11,165.33,194.55,131.39,141.58,20.08,87.81,151.69,724.56,171.37,451.80,236.40,154.44,115.37,292.93,347.23,324.36,158.53,88.15,51.50,45.97
2023-01-12,113.19,264.65,31.47,313.69,514.07,85.83,326.46,77.28,115.58,591.36,139.82,152.88,170.73,134.60,125.28,15.52,72.81,141.10,715.50,177.97,451.52,206.46,152.21,91.91,245.30,343.96,347.09,104.42,81.74,49.08,49.87
2023-01-13,163.18,260.27,29.41,283.66,456.08,119.51,448.13,76.34,123.58,634.64,133.98,150.21,142.41,142.29,117.72,15.03,111.05,135.75,775.11,154.80,363.81,230.51,162.13,112.76,378.41,313.76,328.96,77.92,69.72,46.90,49.42
2023-01-16,200.41,332.12,42.57,347.58,679.89,150.20,563.89,96.39,132.85,953.97,164.20,215.75,161.78,166.64,132.33,16.55,104.18,162.57,817.25,222.39,545.61,241.01,172.91,201.07,747.33,366.20,343.62,84.19,83.09,55.34,62.73
2023-01-17,132.32,278.15,29.03,266.03,669.67,104.96,373.14,96.05,112.33,631.58,131.33,137.72,136.45,142.86,145.97,14.07,86.09,120.91,636.04,195.15,415.82,211.64,135.46,126.03,459.58,267.15,313.29,66.33,62.61,42.71,36.56
2023-01-18,111.48,263.59,30.92,291.46,480.15,87.01,348.90,83.44,113.78,458.99,115.35,132.95,123.94,107.05,115.74,13.91,80.39,117.34,587.61,151.71,492.95,234.50,141.98,114.61,360.12,270.08,308.12,76.98,63.33,41.92,33.93
2023-01-19,108.18,274.35,36.41,287.30,558.19,83.52,322.32,77.95,106.38,621.08,129.13,120.55,125.82,131.41,105.23,14.95,77.31,127.75,566.18,176.93,649.56,199.38,179.08,114.16,436.04,247.83,303.45,74.78,54.82,41.28,31.89
2023-01-20,130.07,309.34,58.12,532.90,485.90,84.04,323.13,72.35,95.48,557.38,164.60,142.66,133.91,111.20,105.22,15.77,73.19,179.94,760.40,176.15,657.37,190.36,222.25,114.02,402.28,302.59,348.24,113.21,78.88,45.79,39.06
2023-01-30,190.29,441.18,71.23,659.33,771.71,150.74,507.14,103.41,138.11,746.30,202.68,210.03,203.26,199.70,154.25,20.28,104.21,199.39,1090.69,328.76,835.89,311.73,240.65,188.26,458.15,583.05,496.39,130.51,98.77,75.24,44.22
2023-01-31,214.01,384.93,50.96,450.52,672.35,134.44,435.25,85.54,134.68,637.48,177.38,185.78,190.92,159.50,134.26,16.54,102.33,164.01,845.36,261.47,747.60,245.71,197.97,143.28,370.62,492.06,501.60,97.45,102.90,66.12,45.15
2023-02-01,206.32,442.54,83.00,668.54,719.22,141.21,395.56,96.55,153.49,672.90,173.67,195.05,182.07,167.86,138.01,19.21,119.56,224.08,962.18,259.22,831.37,309.37,225.70,168.90,461.52,569.90,555.92,87.27,97.34,67.42,43.51
2023-02-02,205.63,419.13,59.27,537.36,812.41,139.00,466.82,93.83,150.03,692.22,175.72,177.85,194.98,169.98,128.80,20.63,115.95,210.62,848.49,279.13,942.71,377.89,253.18,146.67,606.95,478.72,547.52,103.23,86.03,79.63,43.89
2023-02-03,177.33,441.82,60.27,484.12,715.33,111.78,399.90,87.08,158.47,581.71,152.14,163.54,160.84,157.71,100.53,17.62,108.32,190.49,797.49,247.33,910.13,338.00,256.19,130.18,382.26,427.55,495.17,84.10,76.57,79.15,35.75
2023-02-06,153.31,346.12,39.49,416.86,641.91,118.38,427.49,69.77,158.08,564.18,139.12,150.57,162.22,138.49,107.18,18.61,90.15,192.57,715.11,219.06,1078.25,371.72,253.19,135.29,357.12,375.57,453.29,65.08,65.09,79.10,36.74
2023-02-07,148.39,332.80,43.09,387.34,604.58,127.73,293.44,79.47,145.00,490.48,162.43,137.68,176.83,138.34,110.77,16.94,78.31,208.85,731.24,209.56,1075.09,417.07,265.80,101.97,248.41,355.70,522.72,67.53,58.92,96.42,33.01
2023-02-08,126.33,362.26,38.89,461.62,584.79,123.20,253.62,77.95,165.34,457.99,148.38,142.28,158.88,121.49,84.20,21.00,79.09,168.38,778.39,178.77,952.16,374.37,259.88,87.20,219.50,356.16,456.19,61.31,72.75,84.23,31.19
2023-02-09,111.40,420.86,58.44,358.87,861.06,126.07,382.34,76.23,150.08,489.81,160.07,139.61,137.61,120.18,99.44,18.69,78.34,169.85,822.02,251.81,1016.38,326.63,307.72,115.93,349.27,408.13,478.11,60.01,59.34,84.01,35.63
2023-02-10,165.26,421.74,61.63,381.11,746.95,99.43,349.05,69.96,179.58,499.37,200.96,139.31,146.46,124.50,148.02,17.14,72.75,174.01,736.83,229.83,1050.60,420.39,357.77,104.90,247.24,366.18,455.83,69.52,62.19,85.93,35.41
2023-02-13,200.18,462.65,73.81,323.80,705.53,124.10,587.77,86.30,183.75,620.24,222.82,197.98,158.61,147.54,164.05,18.39,140.64,206.74,781.34,284.27,936.11,384.03,299.65,181.91,262.56,394.85,618.99,82.17,79.40,89.51,62.61
2023-02-14,220.10,493.17,72.12,392.11,714.91,115.91,440.48,74.55,200.53,564.22,190.24,163.60,147.70,129.90,120.99,15.74,112.14,184.68,837.79,294.08,917.16,344.50,243.30,120.42,226.56,360.44,542.45,77.71,86.52,83.56,37.36
2023-02-15,141.54,447.56,55.14,374.99,795.62,109.51,380.24,66.14,177.11,621.40,159.69,172.50,144.53,125.02,91.09,20.21,111.15,178.94,839.86,276.65,1166.88,435.62,352.66,124.92,217.03,376.26,516.63,72.26,72.70,71.16,30.64
2023-02-16,192.08,542.37,70.82,452.32,969.04,135.51,485.24,97.61,208.59,891.39,204.09,208.10,174.70,168.15,141.57,23.18,130.55,261.00,964.45,290.84,1493.64,620.66,462.66,149.47,446.36,459.64,597.70,84.27,91.01,102.45,41.34
2023-02-17,140.59,406.10,48.29,331.49,703.30,101.71,429.18,88.85,160.31,921.00,134.40,151.53,124.37,116.34,105.33,15.86,96.79,168.71,748.91,252.69,1107.73,439.29,306.60,128.68,277.90,330.23,422.26,114.42,68.87,75.04,50.40
2023-02-20,150.23,438.97,76.45,443.52,597.47,162.91,417.70,93.28,171.31,779.88,139.44,155.12,139.91,126.01,96.73,14.81,158.28,224.82,747.87,217.08,954.89,452.38,299.33,212.45,432.86,376.86,496.54,135.21,93.10,67.31,47.63
2023-02-21,148.15,484.48,115.47,510.72,537.85,144.59,367.71,78.08,160.47,618.96,135.01,148.86,183.77,122.55,81.77,17.79,112.75,199.48,769.98,275.85,1027.03,430.31,295.45,132.74,310.52,464.58,446.80,167.59,77.85,64.74,39.41
2023-02-22,176.01,359.79,74.36,346.83,458.12,107.48,367.76,67.38,155.32,598.42,108.57,110.30,124.36,98.63,84.69,13.65,78.27,165.82,670.89,281.35,907.02,312.59,283.38,90.57,266.52,385.83,377.53,129.66,57.84,60.60,30.73
2023-02-23,158.91,367.44,62.28,307.17,510.08,140.14,337.06,83.37,148.78,575.64,121.49,125.19,140.05,100.78,88.34,13.97,81.27,157.64,742.95,283.66,835.62,305.91,268.09,106.44,340.84,421.91,388.32,184.76,76.26,60.31,35.99
2023-02-24,135.18,312.03,56.39,325.12,502.14,99.74,308.75,84.68,147.19,449.19,106.07,110.00,115.27,91.25,69.82,16.40,79.33,125.84,583.89,393.96,815.31,244.18,234.64,103.88,317.65,369.58,363.97,98.55,54.38,52.32,29.70
2023-02-27,128.44,450.69,62.33,311.92,522.32,111.69,337.83,100.95,140.28,510.00,120.63,118.46,113.19,87.80,88.18,15.46,73.54,126.15,667.51,329.04,776.40,233.60,262.33,91.27,226.79,357.18,392.17,112.75,58.25,50.88,32.01
2023-02-28,118.31,347.80,49.16,271.94,518.96,109.45,276.31,120.88,128.15,638.21,130.49,120.78,123.01,91.97,97.40,14.80,73.41,161.98,617.26,249.85,990.48,227.23,374.26,97.88,216.68,304.37,333.70,79.95,62.50,49.23,30.99
2023-03-01,119.99,337.76,52.02,312.01,599.86,139.76,301.87,125.39,147.17,648.87,145.87,159.73,139.86,102.48,92.18,12.77,101.06,263.24,631.73,276.98,1446.96,405.93,513.32,146.77,330.47,354.78,429.87,75.50,68.71,51.45,28.00
2023-03-02,107.18,375.60,67.20,421.38,602.06,146.33,250.25,114.45,144.41,499.65,166.09,161.11,140.63,95.60,111.53,14.26,123.05,345.88,718.85,363.87,1261.38,458.57,531.46,121.88,227.89,380.93,480.83,86.12,89.68,67.86,32.09
2023-03-03,110.58,318.72,63.94,302.83,746.69,126.17,263.08,106.74,131.99,456.68,181.41,171.30,130.78,112.97,130.00,15.06,98.49,371.28,519.76,431.39,1074.72,366.38,457.05,164.52,274.54,285.73,416.65,71.11,103.37,57.92,27.56
2023-03-06,175.67,366.34,63.32,366.45,716.62,139.49,298.93,90.44,128.56,547.31,175.67,177.60,146.40,153.58,173.02,14.24,116.11,306.62,864.58,513.85,947.98,316.75,426.19,192.88,299.12,331.60,469.38,102.71,96.49,67.59,29.43
2023-03-07,164.36,357.86,61.34,343.18,687.25,116.84,317.55,87.52,131.21,603.36,188.72,194.97,126.12,139.65,130.97,16.57,104.90,369.89,676.81,444.26,895.95,336.14,401.66,297.69,358.92,330.67,424.94,117.67,173.77,79.64,42.53
2023-03-08,109.97,267.04,51.84,261.10,564.99,85.75,234.05,61.91,113.01,412.06,133.06,123.02,95.69,99.42,91.10,12.52,89.18,247.34,569.30,391.54,856.50,277.20,331.36,168.26,210.26,252.88,299.97,64.23,101.15,56.48,25.36
2023-03-09,106.23,286.68,45.36,246.59,699.84,86.13,287.47,59.20,109.38,432.85,116.89,148.71,101.96,110.05,88.05,11.42,86.02,247.69,542.92,337.46,849.22,307.34,414.12,152.20,183.52,273.51,340.97,64.43,80.36,92.02,36.49
2023-03-10,115.16,318.70,59.11,281.30,700.87,108.74,235.45,62.02,104.03,480.52,121.81,148.92,119.45,99.02,86.10,12.65,94.32,245.06,614.54,369.40,982.46,299.67,379.25,146.46,221.57,461.88,335.56,69.72,80.44,85.13,31.93
2023-03-13,120.80,300.82,48.21,331.86,620.05,115.49,267.24,63.23,92.70,541.71,119.38,180.28,111.07,110.88,90.01,11.79,85.60,293.77,614.05,315.42,1241.81,338.75,443.21,133.83,205.87,352.74,366.27,65.78,105.86,69.51,26.91
2023-03-14,214.80,331.37,54.11,436.28,847.61,117.20,259.77,80.22,91.29,504.18,148.32,174.84,119.80,113.76,91.82,13.17,78.32,295.01,749.83,403.43,1175.77,387.79,451.49,138.52,241.01,373.27,393.82,77.07,98.14,77.67,28.91
2023-03-15,148.70,277.37,66.93,285.18,863.78,94.24,231.95,58.68,97.58,555.98,143.23,180.18,113.84,94.32,76.74,9.20,83.57,377.32,561.20,336.00,894.06,298.42,359.69,142.33,228.30,273.96,356.03,69.50,98.34,72.40,27.82
2023-03-16,159.00,298.51,61.85,381.93,784.26,96.61,226.29,72.61,89.68,637.64,149.69,183.11,120.40,104.07,76.63,10.56,79.20,327.02,703.10,348.37,853.60,355.85,323.85,196.90,241.68,263.20,358.17,96.75,116.28,67.38,31.90
2023-03-17,143.37,281.69,51.96,327.47,856.77,110.29,299.74,68.17,94.77,681.44,145.40,172.37,122.19,125.34,84.18,10.67,75.58,368.58,692.93,324.10,1246.62,575.26,473.48,201.38,358.37,270.20,393.33,76.48,136.89,64.70,32.67
2023-03-20,139.18,304.19,68.39,402.35,1040.95,109.15,289.02,85.52,108.62,603.70,164.60,189.68,127.97,139.32,104.76,12.31,109.33,490.17,743.98,311.04,1318.56,720.23,565.00,186.07,295.65,276.70,418.99,75.55,144.56,73.77,38.20
2023-03-21,100.73,267.52,77.07,367.27,793.04,106.91,323.62,71.53,104.34,515.94,118.77,149.40,115.77,177.86,112.13,9.76,95.72,354.78,646.06,398.80,1061.79,599.91,385.19,138.23,222.49,315.72,342.58,58.38,94.59,58.57,31.84
2023-03-22,99.16,274.63,56.95,342.56,934.45,96.92,246.83,74.93,115.40,497.57,124.10,131.55,121.22,181.13,99.19,10.55,89.28,329.80,650.57,332.56,1416.46,699.96,528.04,131.60,297.55,318.25,365.13,65.32,80.46,62.18,26.83
2023-03-23,105.81,276.04,60.72,325.54,1325.75,100.75,248.41,66.72,98.96,482.65,120.12,153.89,133.24,166.94,89.53,11.61,82.33,369.23,543.27,387.22,1573.47,638.74,620.64,128.98,279.62,244.76,384.78,71.20,80.15,67.14,21.18
2023-03-24,103.04,318.56,55.82,315.33,1301.80,117.68,222.14,58.26,101.04,548.08,133.47,146.52,181.24,168.90,107.70,15.55,82.23,345.36,673.58,371.65,1727.94,753.36,618.57,126.09,280.40,254.89,430.66,76.57,98.72,61.94,22.57
2023-03-27,143.39,324.01,61.19,315.84,1198.62,127.20,223.37,62.90,148.23,596.51,157.89,146.35,155.57,170.22,125.45,13.35,91.57,327.93,816.75,326.78,1970.16,820.35,632.87,136.99,305.59,262.45,456.52,115.88,110.76,71.57,25.28
2023-03-28,148.57,316.85,47.26,296.61,945.97,124.09,250.37,57.68,119.09,601.85,144.56,119.99,130.90,159.84,113.62,12.87,73.08,292.69,598.91,294.91,1736.85,702.07,545.26,111.21,243.73,284.50,408.39,88.25,164.57,71.03,30.28
2023-03-29,121.70,303.45,43.69,292.42,998.65,127.79,250.70,56.22,115.21,529.57,147.94,135.75,128.22,134.06,116.28,12.68,69.56,276.97,593.66,299.76,1666.94,630.78,499.78,103.94,227.80,318.44,404.89,69.18,125.67,64.51,29.08
2023-03-30,118.12,282.84,47.94,279.52,1051.53,170.50,278.66,52.08,111.78,450.63,147.90,153.01,118.26,145.23,134.01,15.04,83.58,228.59,578.25,263.86,1432.18,529.87,498.26,135.69,258.44,295.50,371.97,111.41,191.37,53.64,35.87
2023-03-31,216.75,284.46,49.02,334.76,904.13,164.99,306.23,50.53,92.78,609.77,127.10,140.97,115.00,159.05,131.34,19.96,76.29,199.67,645.05,228.46,1438.75,667.10,439.92,145.19,226.36,298.85,358.00,73.48,120.07,57.49,29.54
2023-04-03,218.98,342.47,52.93,408.12,1375.45,190.97,296.67,57.35,125.37,643.20,153.71,201.81,159.79,172.98,134.52,25.20,92.75,231.96,698.55,331.13,2071.24,888.38,668.85,128.88,586.52,325.98,440.25,89.52,162.13,65.20,40.15
2023-04-04,234.12,360.61,52.67,390.72,1603.73,154.80,308.40,63.81,123.13,654.03,150.96,204.83,139.57,176.09,139.66,19.44,87.83,398.92,808.08,360.23,2178.97,820.10,657.39,138.47,478.61,345.90,508.98,74.17,142.99,70.44,35.93
2023-04-06,174.28,297.23,44.41,415.44,1918.81,131.47,262.65,64.39,99.68,617.08,115.34,151.12,124.66,135.68,106.99,19.46,71.94,309.77,589.75,336.05,1795.51,683.41,656.29,110.57,327.84,258.93,462.22,71.88,103.21,64.08,29.28
2023-04-07,133.33,257.64,40.00,289.53,1386.55,131.13,228.29,60.76,91.49,708.21,102.79,155.65,222.45,125.61,121.57,16.96,80.63,258.03,526.32,262.17,1592.44,692.29,599.68,91.54,336.30,210.94,425.12,59.30,107.99,64.35,24.87
2023-04-10,141.23,312.88,40.97,322.92,1469.80,131.01,380.57,67.84,101.68,671.60,165.45,146.56,173.91,129.58,151.04,17.10,80.06,275.25,831.00,314.16,1816.93,763.03,640.64,111.47,375.11,270.21,491.70,68.84,128.60,60.79,30.11
2023-04-11,143.75,282.56,46.11,457.85,1143.78,164.53,318.90,58.97,85.17,543.39,128.13,136.00,172.91,129.39,159.94,15.20,81.89,242.04,724.22,239.85,1518.22,885.56,493.86,129.09,388.84,230.80,412.61,60.49,110.84,54.06,29.00
2023-04-12,137.92,301.22,68.19,441.97,1294.93,136.09,376.77,62.11,84.06,521.52,120.00,154.31,141.75,151.97,161.44,15.43,76.34,273.46,618.07,218.61,1736.02,1028.88,603.99,148.09,323.63,231.90,440.34,66.86,117.65,60.46,29.74
2023-04-13,128.48,286.04,49.44,403.07,1223.19,110.80,295.51,61.46,97.49,659.88,151.40,154.28,129.52,188.57,222.94,14.71,85.13,294.18,567.86,242.71,1666.17,1157.43,567.13,163.83,294.01,252.67,437.74,63.90,163.50,60.96,34.04
2023-04-14,109.74,301.06,45.25,639.05,1244.25,95.47,263.89,60.60,86.57,634.95,170.13,145.28,135.41,182.65,208.96,12.01,92.67,372.95,673.18,207.54,1395.72,969.27,471.68,142.98,259.76,290.42,409.92,68.81,118.28,61.27,31.16
2023-04-17,133.59,350.74,60.80,538.72,1090.74,162.86,314.14,56.20,94.29,636.55,183.81,221.14,135.13,182.60,149.60,14.56,113.69,425.19,677.09,221.98,1265.16,710.02,444.02,221.68,568.66,274.64,478.68,123.29,188.77,67.24,32.66
2023-04-18,130.31,305.25,44.38,499.16,1022.46,179.82,289.74,53.40,90.28,579.32,141.70,192.75,117.51,141.01,133.28,13.31,94.72,342.38,742.82,237.65,1225.63,669.65,583.35,258.17,488.20,236.91,447.19,139.97,124.52,55.76,40.13
2023-04-19,135.14,294.09,49.41,470.99,1145.05,163.30,227.15,51.67,94.87,545.85,138.85,164.30,149.82,159.04,161.20,12.00,102.73,321.26,658.94,291.44,1509.59,726.86,644.72,196.58,356.91,238.70,444.35,107.15,104.54,60.80,41.01
2023-04-20,135.36,316.27,58.47,459.26,1251.75,198.48,247.39,51.04,89.36,532.39,131.57,150.58,125.88,166.58,153.30,17.22,104.79,353.66,691.82,279.15,1577.79,923.28,621.15,180.43,313.73,229.70,443.32,93.98,117.43,61.29,39.84
2023-04-21,150.64,350.04,56.78,370.09,1377.56,177.88,248.72,56.96,96.16,674.08,147.56,169.13,140.64,150.27,150.94,19.03,111.58,330.77,728.91,457.28,1730.10,928.47,642.41,185.38,408.70,248.30,526.59,78.74,117.24,64.48,38.03
2023-04-24,132.65,288.44,60.77,410.23,994.30,162.37,281.46,52.82,97.39,743.36,137.03,161.50,126.78,142.65,143.61,16.09,91.60,306.84,650.25,356.69,1310.93,956.33,592.47,200.28,338.33,290.51,473.85,78.24,112.07,57.98,40.60
2023-04-25,130.53,342.78,64.31,438.77,1012.49,173.12,286.05,57.74,116.31,777.32,150.56,158.58,112.56,167.62,146.32,14.61,93.05,285.92,749.59,324.38,1415.22,1073.02,584.15,247.84,299.53,267.63,496.65,86.67,128.19,67.02,42.30
2023-04-26,116.18,273.17,55.04,401.42,967.70,155.15,306.46,55.91,110.05,665.98,195.82,145.59,98.57,172.16,131.25,10.66,82.49,285.18,999.89,319.02,1446.80,1142.31,574.82,227.75,242.67,258.58,470.30,81.23,100.13,59.74,48.67
2023-04-27,113.34,260.40,46.16,328.99,849.48,128.19,318.75,58.13,114.94,828.59,172.39,150.96,93.93,172.40,126.35,10.60,69.74,304.12,750.44,358.85,1154.90,1025.16,469.47,214.08,422.81,278.18,429.07,102.59,94.84,60.96,43.09
2023-04-28,127.70,288.97,51.69,327.47,859.00,146.33,378.63,75.75,128.52,757.97,176.04,194.13,110.40,203.94,142.09,11.93,85.87,379.48,715.62,336.76,1203.92,1189.94,469.63,237.13,565.01,296.66,442.83,90.81,116.96,62.89,33.42
2023-05-04,131.80,280.44,70.77,389.08,763.46,205.20,392.57,108.89,106.68,777.80,232.35,294.96,147.28,244.26,168.54,15.04,87.78,421.40,672.83,323.03,1146.07,1346.62,464.76,402.60,544.13,292.48,496.57,101.32,123.28,77.70,39.43
2023-05-05,111.48,247.32,58.08,309.92,668.37,152.63,290.77,89.69,111.77,635.34,174.26,241.54,198.09,202.63,153.66,12.53,91.94,423.51,594.96,286.17,1139.23,1265.17,426.89,388.95,645.34,247.80,456.19,80.22,96.87,63.60,38.59
2023-05-08,103.76,247.28,72.34,309.96,633.89,125.70,295.58,74.35,103.15,642.48,242.96,330.81,166.66,207.70,159.73,13.64,100.44,507.31,608.29,413.08,1222.09,1123.04,429.68,609.39,812.01,258.03,432.44,146.68,141.35,69.44,32.68
2023-05-09,109.40,273.54,93.53,350.51,763.32,123.40,296.05,73.97,108.21,618.82,222.26,351.50,196.25,229.58,142.49,12.13,114.42,532.25,562.40,478.72,1296.12,1116.11,406.82,589.63,1276.57,246.01,431.64,142.05,134.48,95.53,34.77
2023-05-10,81.92,229.75,55.79,311.39,635.58,114.58,202.95,54.80,104.60,487.51,161.84,259.76,130.09,221.78,137.27,11.08,69.07,374.27,751.81,317.40,1063.59,1051.88,359.48,414.84,770.60,421.82,365.08,83.38,128.42,69.07,29.53
2023-05-11,79.81,204.05,48.18,278.41,569.02,108.66,177.62,70.18,93.80,500.86,177.92,176.53,113.57,204.32,153.26,10.52,65.78,273.10,726.61,235.95,940.87,1149.60,318.45,238.66,465.64,374.67,324.47,72.04,77.49,75.88,25.68
2023-05-12,82.91,211.81,43.74,342.14,608.53,105.04,197.48,112.10,96.36,494.74,235.12,182.49,110.03,199.56,181.28,11.21,73.30,289.90,538.25,222.28,788.12,1000.97,335.18,209.44,396.66,243.44,305.84,70.53,91.88,65.34,21.33
2023-05-15,92.28,239.06,46.64,431.48,580.24,114.85,215.70,101.43,99.16,508.11,289.51,191.24,114.51,196.69,172.03,12.78,72.80,280.36,850.30,291.36,833.92,945.12,374.34,275.14,558.47,252.38,332.16,81.56,84.17,68.98,22.60
2023-05-16,75.87,216.03,35.75,326.60,692.16,96.27,199.65,66.31,95.52,620.11,219.76,147.76,87.40,165.90,139.66,10.62,60.34,232.41,851.30,280.18,795.62,841.86,317.89,221.52,392.87,220.65,342.49,78.99,73.62,64.53,28.11
2023-05-17,68.15,213.86,36.41,233.12,671.02,93.18,194.41,62.31,85.53,483.93,202.62,132.20,83.63,140.84,91.77,10.66,52.78,204.93,758.21,383.39,706.09,679.84,344.69,154.84,305.47,207.38,388.92,51.71,56.65,57.91,24.10
2023-05-18,109.76,216.66,36.79,256.92,749.58,127.61,197.24,55.87,95.43,434.43,191.16,146.69,84.33,180.09,97.69,9.53,58.23,226.27,699.72,325.77,1008.03,776.63,490.96,214.75,306.87,231.12,511.71,57.68,75.39,51.67,30.46
2023-05-19,95.47,205.98,35.71,230.41,924.06,140.75,250.05,54.40,94.98,507.92,156.30,135.58,100.54,149.33,90.52,8.76,52.25,221.20,579.89,281.96,864.72,672.34,459.01,162.25,305.37,186.68,496.41,54.97,64.08,47.93,38.31
2023-05-22,104.83,235.30,34.65,178.54,732.12,129.40,402.63,50.34,94.96,490.48,278.76,157.54,101.46,135.44,92.08,11.69,51.75,185.17,658.15,212.16,756.11,557.91,329.26,140.21,232.30,253.83,460.48,63.57,62.46,54.73,50.77
2023-05-23,96.97,230.08,32.58,213.42,611.81,97.58,245.21,55.40,81.75,663.28,222.11,139.10,100.55,140.23,83.86,9.84,55.68,195.54,653.72,223.52,706.37,503.15,357.84,180.07,253.84,230.47,458.51,58.66,59.77,59.34,37.29
2023-05-24,85.27,232.13,36.62,213.53,699.97,97.48,209.35,56.38,82.82,557.13,208.12,140.42,109.52,126.40,73.92,10.60,57.16,207.44,741.00,202.36,766.84,558.77,400.82,226.24,301.30,204.74,506.19,64.94,61.83,58.17,32.05
2023-05-25,96.63,264.45,36.37,222.59,743.88,109.21,221.56,66.43,99.43,458.38,263.31,122.34,86.81,131.10,79.81,16.27,66.43,202.52,891.87,225.54,845.85,589.97,516.83,168.31,295.39,235.38,558.81,72.62,76.72,60.73,33.88
2023-05-26,67.91,214.98,34.09,217.12,759.20,98.93,177.38,58.13,72.17,551.96,283.57,95.19,86.99,113.90,97.80,14.01,69.15,194.66,763.62,213.55,890.55,542.54,501.36,114.03,214.90,317.13,501.35,79.95,65.31,69.89,29.03
2023-05-29,81.66,239.09,34.58,215.84,953.10,110.09,199.40,59.86,76.31,589.17,342.48,111.00,87.21,131.79,106.36,11.40,72.14,219.56,712.60,273.38,1044.10,757.52,517.41,154.32,272.97,269.58,472.30,80.79,90.83,71.04,40.14
2023-05-30,74.96,225.39,37.33,215.04,919.35,106.15,231.49,54.26,102.70,544.97,315.94,120.64,112.90,124.36,97.90,10.23,60.40,264.44,706.74,257.21,1156.39,853.74,535.58,136.19,273.70,304.75,524.98,69.05,70.79,71.63,40.01
2023-05-31,96.86,215.71,36.69,227.70,959.09,133.16,271.38,53.16,108.45,591.74,264.17,139.97,91.37,150.68,125.03,14.14,56.79,208.79,605.70,265.20,1251.81,807.34,486.97,133.33,257.28,255.39,504.78,102.63,74.61,74.03,31.15
2023-06-01,98.21,228.84,39.87,252.89,965.34,128.65,256.42,63.06,132.52,572.56,243.15,158.84,87.73,152.89,143.67,14.35,56.32,238.73,611.03,326.41,1410.30,966.90,491.89,141.54,269.21,265.27,487.22,62.19,69.52,66.33,35.83
2023-06-02,77.13,285.74,40.45,388.83,844.24,174.02,262.51,59.29,136.49,479.28,223.27,131.42,171.28,184.16,129.06,12.79,95.50,209.12,669.74,272.44,1158.93,849.29,457.97,140.48,268.55,269.58,456.44,60.58,64.99,58.26,30.65
2023-06-05,77.58,219.79,35.56,260.20,847.61,134.25,231.60,69.37,114.04,519.22,228.04,109.81,127.19,166.39,133.80,11.32,67.92,212.79,629.43,244.85,1031.94,854.64,455.09,122.13,195.88,282.11,401.02,56.64,61.18,56.54,25.64
2023-06-06,80.36,230.78,38.74,248.23,875.23,137.71,242.91,64.80,154.31,554.57,241.62,118.65,167.10,171.61,132.16,9.85,91.22,261.07,648.35,250.26,1116.17,920.21,461.05,150.09,268.33,263.31,483.16,75.20,56.15,66.52,32.27
2023-06-07,72.00,192.44,25.26,187.84,769.93,117.53,211.73,53.48,120.31,486.33,156.75,129.76,155.61,160.07,149.61,9.29,72.60,198.98,617.60,190.88,1005.56,862.88,409.72,121.48,197.90,215.40,423.86,51.02,49.89,46.30,30.11
2023-06-08,138.47,195.02,29.84,245.95,769.76,144.49,199.77,56.16,141.87,508.62,155.81,152.66,185.77,148.80,146.47,12.77,89.95,273.56,562.39,188.38,1034.64,807.41,466.44,180.25,264.72,200.61,410.21,56.22,58.88,51.99,30.81
2023-06-09,121.82,231.57,36.57,298.24,911.77,155.24,216.73,61.42,128.59,617.58,209.15,159.02,147.96,154.81,128.42,14.88,93.79,261.83,640.09,220.11,1221.08,937.67,589.46,152.70,252.51,315.39,441.63,50.48,72.60,59.79,41.49
2023-06-12,119.48,222.40,34.88,231.57,913.07,190.22,336.58,67.37,136.98,531.77,197.55,150.51,131.24,157.55,151.10,18.94,94.90,218.18,606.95,203.67,1162.37,804.99,581.63,160.59,238.54,481.27,467.17,58.73,71.07,58.68,40.31
2023-06-13,101.04,201.68,31.37,184.88,957.87,144.92,253.52,53.73,134.98,436.46,152.24,121.66,119.73,140.39,134.98,19.89,69.24,209.93,514.90,201.50,1558.85,966.58,516.49,109.27,197.93,456.09,436.90,56.98,73.03,51.92,28.56
2023-06-14,124.83,233.41,32.55,258.75,888.62,146.97,388.54,58.41,133.81,463.70,164.89,135.03,121.02,188.00,151.04,25.82,63.75,190.09,539.93,232.50,1435.84,1006.00,626.34,170.01,255.60,452.97,509.59,54.66,62.05,58.75,45.00
2023-06-15,120.69,263.67,33.12,358.22,827.06,183.82,338.66,52.61,131.08,511.88,175.84,133.51,126.11,210.44,143.02,20.53,72.57,177.79,1008.90,216.09,1189.59,956.09,718.19,122.02,334.30,533.67,657.12,61.17,62.71,58.93,41.34
2023-06-16,114.26,272.73,34.04,291.86,824.78,156.97,318.55,56.16,117.45,488.73,190.23,144.71,143.87,166.40,112.78,18.40,87.31,277.35,851.31,311.40,1379.57,923.02,735.56,134.51,298.95,449.50,675.36,59.12,72.80,58.83,33.04
2023-06-19,109.98,262.44,31.93,275.14,1018.30,151.59,310.96,56.66,130.09,470.66,179.06,139.67,144.30,161.20,107.12,16.36,82.58,251.26,662.79,318.25,1638.15,980.24,831.32,145.02,252.20,440.40,706.54,51.42,58.30,55.71,31.58
2023-06-20,90.80,271.88,33.49,230.77,999.30,172.21,236.99,55.26,125.49,432.62,150.03,113.76,115.41,146.97,105.82,16.30,82.58,190.18,673.74,482.34,1655.45,984.95,779.12,107.00,231.74,465.67,746.82,45.44,63.39,55.68,28.86
2023-06-21,83.92,250.36,32.26,227.56,924.61,156.64,203.75,48.71,139.02,473.53,205.19,107.83,104.40,147.69,99.68,12.99,56.96,176.77,664.73,400.27,1422.73,937.26,703.51,122.95,226.09,483.60,712.61,47.55,65.46,54.83,28.96
2023-06-26,86.38,269.35,33.85,231.74,837.41,176.42,254.26,50.42,120.87,427.27,336.95,119.20,107.75,126.21,88.97,11.04,57.62,179.10,695.62,336.18,1244.28,724.06,619.83,135.28,234.43,556.17,701.99,50.73,57.40,64.69,29.60
2023-06-27,75.52,275.92,36.44,234.05,629.90,176.28,223.70,63.05,133.46,380.13,301.49,117.76,138.39,114.62,98.98,10.07,75.75,188.75,627.69,355.90,859.94,544.33,502.99,112.09,171.20,460.83,593.58,54.34,72.71,58.22,25.78
2023-06-28,66.26,251.19,31.16,188.92,735.33,161.07,210.85,52.13,134.77,351.22,334.85,121.26,101.31,96.31,91.31,10.05,65.73,167.87,692.16,362.18,1037.54,687.65,539.41,96.02,157.87,478.72,656.03,98.52,54.16,53.11,25.48
2023-06-29,87.90,262.84,25.04,246.65,711.23,158.38,210.13,48.77,109.15,414.87,277.64,131.78,86.98,112.96,75.40,12.54,55.19,160.40,696.75,338.91,928.01,557.24,558.57,87.72,141.07,497.18,733.15,74.22,49.83,52.01,20.63
2023-06-30,96.55,351.47,31.64,291.38,813.59,163.63,218.04,66.84,157.44,448.09,208.75,105.55,101.88,101.04,75.79,14.38,67.11,156.07,801.38,357.28,887.63,516.29,648.84,98.09,199.17,491.39,736.05,64.30,54.95,57.58,26.16
2023-07-03,100.07,346.05,45.43,322.56,898.18,188.10,283.44,60.96,134.39,458.61,235.20,171.19,104.98,129.28,117.19,13.25,80.31,210.88,917.62,350.18,969.99,609.14,589.48,136.68,273.25,635.09,744.46,83.25,73.60,57.63,32.03
2023-07-04,81.60,281.17,40.00,330.32,894.53,151.18,229.56,47.93,130.15,479.32,193.99,138.27,114.94,96.65,88.41,11.44,68.66,166.77,692.98,348.89,922.70,476.49,496.01,106.03,184.59,846.68,661.97,63.41,60.25,52.29,26.28
2023-07-05,76.24,271.67,56.36,550.54,804.81,130.24,211.56,41.53,107.15,433.95,186.05,99.94,96.32,98.58,73.38,9.71,61.86,166.34,607.08,290.20,875.20,405.59,496.43,86.59,142.21,717.07,661.14,64.51,46.93,59.01,23.22
2023-07-06,97.14,268.62,37.53,451.65,848.16,110.22,192.48,39.88,111.25,402.67,172.79,97.43,126.95,88.28,71.13,10.47,57.09,140.03,556.88,255.58,845.95,431.59,490.81,109.85,155.32,615.68,577.64,50.28,45.31,46.92,21.23
2023-07-07,149.30,243.17,31.30,393.02,762.76,126.54,160.77,38.32,110.85,341.69,234.47,117.42,142.44,92.09,73.65,11.19,53.09,134.69,522.95,230.09,867.99,411.71,489.14,90.52,196.91,614.90,542.07,57.23,43.02,49.27,16.16
2023-07-10,134.14,285.10,26.08,365.47,608.53,136.68,191.28,40.37,92.85,366.81,269.07,112.77,102.27,143.41,83.73,10.41,55.13,147.74,765.12,226.05,660.81,363.73,378.39,77.11,165.63,554.27,484.23,58.03,44.83,55.77,21.21
2023-07-11,97.45,265.34,26.52,317.16,767.13,125.16,159.40,44.89,82.38,314.61,223.17,97.98,115.05,100.33,67.03,8.96,60.48,148.28,603.78,247.27,813.78,355.51,390.15,92.19,146.53,752.95,497.71,56.59,39.00,53.40,21.17
2023-07-12,108.22,335.17,28.39,354.41,828.80,135.70,179.13,44.82,100.71,328.53,237.69,122.00,125.72,113.77,88.62,10.84,60.46,166.29,852.70,264.69,947.48,448.94,523.60,122.20,179.79,917.22,572.61,52.11,62.37,54.56,20.22
2023-07-13,94.73,297.78,33.31,408.11,973.89,116.63,338.46,45.43,105.47,428.54,228.36,114.13,99.06,120.15,93.67,8.92,52.75,170.56,828.63,223.02,823.24,550.69,485.71,137.65,302.93,686.81,525.06,47.92,76.82,57.46,29.41
2023-07-14,98.55,298.66,27.71,343.41,1087.89,122.04,239.02,53.37,93.87,332.70,205.16,104.72,90.41,107.40,103.41,9.27,48.56,154.96,746.19,245.52,1051.48,594.95,664.90,121.48,187.02,578.68,586.54,53.97,64.93,55.79,23.76
2023-07-17,106.87,287.90,36.45,282.32,947.26,105.89,185.26,48.37,92.44,365.39,158.82,100.84,93.39,85.56,78.69,9.06,42.32,129.88,665.54,216.19,887.24,497.79,504.76,102.11,158.50,506.88,508.89,54.33,54.87,83.12,23.36
2023-07-18,122.71,308.29,26.50,268.48,1027.99,121.42,171.74,41.32,99.82,324.04,156.71,121.69,107.65,96.53,62.75,7.63,48.50,135.12,612.46,213.32,744.26,388.03,393.01,96.71,147.09,623.54,528.89,42.74,44.65,69.71,17.78
2023-07-19,92.41,254.65,24.77,267.31,857.12,104.68,170.36,46.84,114.86,277.61,127.72,104.24,136.95,122.20,59.42,8.01,79.04,135.25,552.67,173.96,652.34,393.15,313.00,85.25,170.07,480.35,467.07,38.35,45.25,86.96,17.66
2023-07-20,95.33,344.19,27.88,324.54,804.33,98.80,218.40,58.49,108.50,305.45,133.31,108.35,152.64,200.85,97.35,9.95,95.76,143.93,623.37,182.85,725.61,454.27,440.85,95.03,187.86,534.91,536.93,46.81,54.83,71.22,22.74
2023-07-21,131.04,294.13,25.15,244.26,714.69,92.74,365.61,71.15,93.24,380.92,116.94,98.47,201.38,191.33,98.30,8.63,64.00,169.99,530.19,142.38,538.66,403.64,334.94,77.38,166.18,414.29,453.41,37.14,40.54,66.53,31.85
2023-07-24,108.98,262.48,22.25,233.16,615.68,78.42,245.13,53.82,110.25,399.51,109.02,101.40,229.56,171.01,75.27,7.14,67.28,239.69,437.84,155.84,625.52,359.21,330.90,75.29,144.50,357.04,350.49,35.39,42.43,55.28,21.82
2023-07-25,111.98,294.16,58.49,359.87,721.95,160.75,507.74,57.80,149.97,420.21,185.12,158.16,368.78,199.35,96.50,11.26,141.58,311.24,568.83,174.63,794.06,461.86,371.97,216.48,787.46,601.52,429.22,56.96,62.27,57.07,34.26
2023-07-26,91.92,304.71,63.58,250.54,605.64,102.95,296.33,61.47,143.41,400.67,126.77,103.08,396.58,167.50,90.23,9.81,144.92,325.24,492.57,150.11,650.19,432.12,328.44,103.59,495.51,443.75,382.83,49.13,51.53,102.84,30.77
2023-07-27,96.94,280.13,116.14,227.63,580.34,90.60,334.60,57.35,103.71,360.93,126.89,112.69,402.28,176.18,96.44,9.88,106.54,301.80,541.41,264.10,553.35,358.32,253.62,149.84,405.28,599.47,360.77,45.55,55.67,89.01,29.27
2023-07-28,93.28,283.74,107.58,288.81,574.26,120.64,428.13,90.79,129.39,435.78,137.17,149.93,413.88,196.35,87.05,14.18,134.83,289.95,524.21,263.03,731.65,325.98,295.66,286.03,1191.96,702.51,374.58,55.25,68.56,78.95,46.19
2023-07-31,204.20,311.14,86.05,340.48,612.08,133.73,539.61,102.69,143.69,706.14,160.58,192.60,471.90,272.98,140.51,20.32,175.28,363.23,630.34,268.21,789.31,447.42,324.29,298.96,1226.93,745.14,419.74,78.78,84.46,82.40,55.54
2023-08-01,149.55,279.60,134.74,356.35,599.93,94.34,339.53,88.17,130.33,595.40,211.44,160.56,444.92,239.25,125.95,20.18,114.31,287.34,553.17,217.89,737.81,318.05,361.17,179.15,978.85,601.38,404.15,68.86,79.75,80.93,44.28
2023-08-02,109.24,246.22,92.89,363.20,545.43,90.37,235.72,66.46,111.04,472.75,140.83,129.53,429.84,205.52,90.51,15.88,93.72,219.67,499.65,179.60,622.50,296.60,303.29,220.46,820.72,557.91,403.10,65.09,95.42,61.46,35.84
2023-08-03,105.43,233.21,66.67,278.65,503.33,82.60,304.43,61.39,124.59,567.67,135.67,116.45,447.07,190.23,75.44,13.16,76.88,200.35,626.04,136.15,638.54,277.92,268.01,178.83,1118.41,453.50,338.64,43.11,65.25,70.02,29.39
2023-08-04,115.41,263.12,61.39,309.16,618.83,96.82,325.79,67.14,128.20,529.21,143.09,133.68,438.55,208.25,84.28,17.55,98.32,234.05,662.33,184.96,1106.17,420.09,475.26,231.51,1873.92,476.57,390.22,49.66,66.36,74.03,45.72
2023-08-07,159.27,257.57,53.41,276.01,537.75,82.29,293.71,53.18,121.01,685.85,121.09,101.73,331.66,142.97,68.93,11.21,83.78,206.57,497.95,135.28,940.24,557.17,507.96,140.86,1020.62,384.08,354.01,40.87,53.66,66.16,32.60
2023-08-08,146.21,259.17,43.87,273.40,481.51,78.09,227.58,47.16,117.68,599.34,116.34,85.39,237.22,110.69,71.72,10.04,65.19,183.76,487.39,162.02,721.36,501.11,378.91,120.44,1018.26,413.91,347.37,49.21,49.14,61.64,27.24
2023-08-09,108.08,226.43,38.39,218.84,460.65,75.33,200.60,43.57,103.16,762.99,112.16,81.96,223.25,99.74,67.26,7.66,66.52,199.81,397.14,118.76,796.10,422.91,360.89,99.38,661.87,379.02,341.11,39.63,44.66,66.32,30.35
2023-08-10,119.23,228.61,34.29,178.38,409.00,90.80,217.33,40.26,99.59,564.18,119.01,149.88,185.95,97.86,64.38,8.61,61.01,155.93,409.58,109.19,725.12,328.26,277.88,95.48,831.52,303.07,282.45,76.78,90.06,61.20,26.20
2023-08-11,124.26,242.26,41.21,217.11,443.29,93.89,262.85,41.88,95.00,691.38,160.32,138.42,285.56,99.87,86.77,11.23,80.09,185.37,429.29,124.86,696.31,340.06,284.18,141.49,933.88,337.27,337.87,57.44,74.75,61.46,27.21
2023-08-14,103.65,231.94,41.56,215.57,429.19,85.04,255.36,43.69,99.13,665.77,140.59,111.97,227.85,104.63,101.54,8.70,74.19,193.49,448.38,130.37,759.50,402.27,304.32,136.79,707.44,397.81,334.53,41.30,55.23,51.49,28.57
2023-08-15,83.08,216.96,35.52,176.58,470.74,72.06,198.72,55.33,126.12,666.82,135.18,109.66,178.98,141.50,82.87,12.50,55.51,147.20,473.85,109.96,716.75,342.69,334.47,137.37,658.10,311.01,323.20,35.22,49.79,53.89,28.98
2023-08-16,70.15,204.92,34.47,182.57,408.59,68.33,181.09,62.25,165.15,691.70,103.40,94.92,264.03,115.47,67.20,13.47,63.68,151.81,421.82,114.92,778.86,328.27,309.03,109.23,825.50,272.23,290.13,29.13,49.45,47.98,29.22
2023-08-17,72.24,225.29,42.11,186.88,410.56,78.14,251.11,59.50,156.03,571.61,115.68,113.70,212.11,117.59,61.95,14.31,64.14,157.36,484.17,229.91,726.40,323.93,291.04,138.37,808.12,383.31,408.59,39.11,48.35,56.99,30.22
2023-08-18,74.91,220.36,40.22,181.67,407.36,77.22,249.79,55.73,133.56,577.14,114.88,163.79,218.04,136.24,68.01,13.72,67.62,189.43,485.58,192.27,673.28,350.62,315.24,156.99,625.48,365.83,440.86,41.45,51.97,122.03,35.70
2023-08-21,76.33,219.46,38.58,162.08,360.15,76.20,228.52,56.83,126.60,448.80,120.11,204.66,174.56,98.76,59.45,12.41,71.61,183.03,480.94,151.47,634.27,274.69,289.58,138.05,618.07,307.06,395.06,37.91,48.48,153.49,35.83
2023-08-22,94.98,275.48,46.63,233.02,499.57,87.10,252.84,59.19,162.02,502.74,135.39,178.68,166.63,116.09,73.64,11.99,75.34,225.68,579.91,192.47,983.56,390.91,441.37,132.74,612.80,335.52,420.77,42.83,58.48,168.65,42.32
2023-08-23,102.47,235.65,36.60,190.90,389.69,70.96,188.50,45.38,140.84,399.34,123.88,132.92,154.76,91.91,73.70,9.46,57.52,193.11,453.17,162.43,919.68,423.08,324.68,131.10,482.64,322.38,381.27,84.55,47.45,183.16,30.37
2023-08-24,155.61,267.26,40.45,257.81,476.87,80.94,254.93,49.23,133.06,466.37,125.11,131.08,153.46,93.06,83.28,9.30,61.06,284.81,500.94,151.19,965.38,550.21,359.69,128.15,536.12,339.24,362.13,51.55,48.15,198.14,33.95
2023-08-25,201.73,288.78,42.04,216.92,483.20,74.99,226.91,46.44,127.10,464.44,133.18,115.83,212.09,98.97,91.85,10.85,62.27,201.09,440.76,169.72,937.80,452.59,370.83,140.06,485.14,299.14,366.16,41.58,48.82,251.68,37.41
2023-08-28,216.50,398.51,71.30,341.06,576.68,122.51,439.73,72.41,171.74,664.80,192.06,197.75,395.38,126.04,114.99,19.04,109.70,318.29,674.45,217.69,1095.37,490.79,367.23,289.67,1441.51,420.78,465.04,124.88,91.35,266.56,48.97
2023-08-29,176.28,330.98,60.84,281.52,632.53,132.69,318.84,61.15,162.60,575.07,150.36,159.67,405.21,119.24,114.59,13.17,93.86,281.37,661.99,226.30,1016.92,553.75,379.50,222.58,923.32,538.95,564.14,80.05,67.61,213.91,40.80
2023-08-30,133.53,271.88,45.51,266.79,797.37,128.09,264.01,58.71,158.14,495.82,136.85,158.16,335.10,108.36,105.94,10.21,92.59,239.04,565.70,249.40,1108.86,586.83,377.34,174.91,628.51,486.23,589.65,62.89,55.44,172.16,36.48
2023-08-31,127.85,236.08,40.48,229.93,679.51,118.43,242.43,51.36,136.55,497.18,135.35,152.37,322.17,96.82,96.69,9.83,85.53,199.94,459.88,178.63,830.76,457.61,295.49,148.49,496.03,377.42,493.61,55.08,46.01,131.38,30.10
2023-09-01,113.83,242.41,59.71,261.85,541.16,113.84,294.07,56.52,146.62,373.89,125.45,132.07,264.22,124.70,102.42,8.74,84.63,197.81,355.08,145.57,643.27,383.96,249.51,159.78,424.70,420.48,437.88,146.02,57.72,106.25,30.45
2023-09-04,136.01,326.72,104.51,424.30,606.33,130.09,460.18,69.41,166.16,417.87,172.44,176.17,250.84,161.14,101.26,11.07,118.46,218.23,459.57,191.27,775.91,360.52,281.49,225.67,433.66,447.64,516.50,179.45,117.28,107.74,38.27
2023-09-05,106.86,254.87,60.76,270.06,832.02,109.59,270.97,50.04,165.87,358.32,175.63,128.16,205.68,119.65,81.56,10.11,83.01,188.46,532.26,216.66,853.57,346.59,296.77,140.44,348.13,365.17,466.02,119.07,66.75,110.65,28.67
2023-09-06,85.58,276.90,44.26,210.07,962.67,102.00,201.02,44.63,128.73,343.74,123.73,134.03,253.18,100.26,65.61,10.65,61.52,163.54,513.60,287.55,755.97,313.01,302.10,106.79,318.81,342.14,456.86,102.89,78.95,89.51,21.77
2023-09-07,92.47,265.92,43.51,205.75,902.78,86.03,207.16,46.14,147.63,343.60,125.71,107.75,250.29,104.94,111.46,11.42,62.49,153.59,475.96,281.12,795.98,357.22,295.07,111.96,350.85,326.34,427.77,110.82,83.70,87.49,25.15
2023-09-11,79.13,283.59,43.66,241.97,837.46,108.17,226.66,50.94,118.81,569.71,131.32,113.06,230.04,109.30,103.71,10.87,63.77,144.30,464.59,376.14,897.83,339.97,420.18,132.56,416.14,465.93,437.31,98.85,66.07,72.55,24.57
2023-09-12,97.71,252.12,32.86,235.15,706.86,110.76,179.94,37.98,99.23,485.72,123.33,88.97,201.76,88.09,73.37,7.31,56.32,124.42,385.08,258.20,782.76,250.18,391.16,82.53,271.24,490.65,415.98,63.30,57.42,63.04,20.69
2023-09-13,91.66,257.39,47.60,202.54,721.80,110.61,216.83,40.63,118.65,398.81,135.72,125.00,194.35,96.35,79.53,12.51,61.41,162.74,365.67,231.36,737.69,264.62,378.89,94.97,248.90,388.38,402.32,85.73,72.01,100.35,21.12
2023-09-14,89.78,234.54,47.91,264.73,622.79,94.76,191.11,41.76,102.19,406.00,164.85,129.49,171.45,98.93,73.31,11.27,57.51,150.69,358.28,205.89,577.31,218.06,415.39,157.07,240.16,358.20,352.42,183.12,88.76,82.76,19.67
2023-09-15,85.95,238.10,57.59,295.13,674.62,102.83,237.16,65.87,107.36,650.32,139.63,142.83,184.93,100.94,89.11,10.21,62.22,156.11,422.37,195.69,555.00,208.57,405.65,162.82,285.48,343.90,350.02,128.07,105.36,68.05,25.11
2023-09-18,76.41,238.66,44.15,284.10,610.37,105.87,251.67,67.25,119.82,600.10,111.25,117.24,183.86,142.70,120.15,10.48,56.27,137.15,429.98,208.41,513.53,232.47,328.22,112.98,219.36,514.48,375.53,108.94,74.73,64.06,33.25
2023-09-19,79.45,222.14,46.43,207.50,582.57,93.46,187.34,60.06,98.48,525.65,100.60,139.99,142.83,109.97,96.57,9.14,60.44,141.52,349.90,178.22,495.02,213.42,300.15,136.32,224.76,427.50,390.10,125.65,85.64,61.51,32.74
2023-09-20,92.16,209.61,39.17,170.78,506.06,100.02,164.14,53.60,86.59,468.07,91.11,111.41,145.18,91.71,82.50,7.67,61.71,122.89,309.52,139.74,512.82,185.36,312.07,145.57,205.94,342.42,357.20,85.33,70.73,53.64,25.19
2023-09-21,88.29,199.06,39.56,178.36,515.98,88.19,211.51,51.07,89.78,453.21,94.95,130.64,139.65,88.36,62.26,7.32,62.66,116.59,333.47,181.84,535.35,181.58,310.80,133.39,231.08,338.47,341.43,79.89,63.81,54.37,24.37
2023-09-22,80.87,235.63,42.54,241.36,701.33,109.81,254.98,51.59,102.20,544.07,106.92,135.11,157.99,101.24,68.99,8.67,60.40,149.88,423.49,192.87,827.52,375.31,510.05,169.86,429.85,358.56,436.43,94.20,77.54,52.40,29.20
2023-09-25,80.65,236.61,38.70,196.80,815.54,125.94,169.31,47.01,89.34,750.78,95.46,123.51,183.22,100.47,65.48,8.70,58.86,121.99,429.71,211.16,792.87,294.40,486.32,148.01,336.84,389.01,534.34,75.65,67.44,51.68,25.70
2023-09-26,64.76,223.17,33.61,173.99,723.05,99.64,167.15,42.85,91.32,572.79,81.09,105.89,142.96,86.93,59.69,7.37,54.01,120.60,433.23,194.75,817.88,371.13,502.27,108.35,221.01,369.01,577.25,59.47,58.87,52.08,18.85
2023-09-27,69.83,241.33,41.55,201.22,653.67,96.49,195.40,40.76,114.10,864.74,98.04,108.62,136.45,120.18,60.36,8.34,57.73,170.56,748.61,201.45,712.95,291.86,418.10,116.77,218.38,360.34,599.01,56.19,66.36,53.35,24.76
2023-09-28,90.61,229.82,35.71,195.63,898.13,95.36,208.00,43.14,97.63,772.00,94.59,104.05,128.15,118.57,68.65,8.74,52.47,142.30,551.60,232.32,641.31,260.11,468.48,103.70,238.31,433.97,570.16,77.96,97.88,48.88,27.77
2023-10-09,103.77,244.60,38.67,207.78,951.40,108.39,239.30,56.57,104.40,747.79,106.94,118.71,150.77,127.23,89.02,11.63,63.76,146.45,562.91,269.73,713.14,256.33,534.78,128.24,241.43,542.47,525.44,75.76,115.06,62.18,30.78
2023-10-10,79.71,233.97,38.72,221.77,1084.23,125.63,205.11,45.11,100.91,675.79,111.67,121.96,137.64,113.81,65.42,9.57,67.65,233.33,505.27,266.90,952.29,234.67,474.87,109.19,187.91,536.32,552.46,62.12,100.07,51.72,23.99
2023-10-11,73.09,235.64,37.11,208.82,1279.18,103.11,210.43,42.92,107.01,891.43,104.80,111.94,122.64,102.79,72.59,8.89,60.01,164.38,527.68,325.08,1066.69,304.25,505.99,132.25,206.87,547.16,573.34,72.48,86.52,54.49,24.46
2023-10-12,67.28,248.15,41.79,323.98,1213.58,134.75,195.55,43.96,103.18,796.15,93.68,106.42,151.66,101.29,79.36,10.01,59.52,144.58,680.29,270.05,914.70,259.14,463.89,239.98,256.40,590.40,504.62,53.81,76.23,51.42,21.40
2023-10-13,69.21,224.40,33.21,257.57,1268.13,132.87,233.05,48.84,90.72,943.99,103.03,96.64,138.36,122.42,78.18,9.34,57.68,128.86,554.32,262.07,857.30,235.25,492.23,183.76,184.83,587.74,494.72,45.85,66.60,51.76,25.28
2023-10-16,71.35,245.36,34.08,273.19,1229.44,128.95,221.94,59.05,107.38,969.98,121.96,111.24,125.10,101.55,61.09,10.43,63.29,124.20,533.35,254.39,881.80,232.81,438.11,126.39,203.88,614.31,503.44,73.06,130.92,46.66,22.96
2023-10-17,62.39,204.90,36.30,210.20,981.75,161.24,175.73,69.25,84.09,790.81,107.33,103.30,141.06,102.60,52.94,8.93,58.94,116.36,508.39,240.13,863.45,194.64,427.84,106.95,332.43,516.62,423.05,59.97,128.62,40.01,16.99
2023-10-18,126.57,225.48,45.77,207.00,1079.54,146.53,180.49,62.68,101.61,706.16,107.03,117.09,125.29,106.41,52.57,9.51,60.87,115.50,458.77,235.78,999.96,211.52,440.19,126.34,274.09,664.35,435.26,60.73,100.77,48.03,17.42
2023-10-19,153.97,236.03,44.30,228.56,1205.86,189.37,314.56,64.55,93.64,657.87,100.65,108.32,139.39,106.07,47.48,9.62,72.73,135.18,492.21,291.10,990.59,198.28,389.27,185.58,381.72,645.23,415.81,56.84,92.77,41.96,19.82
2023-10-20,101.24,218.67,34.84,300.79,1040.04,152.01,226.38,52.01,83.14,601.26,99.95,88.86,143.04,97.63,43.02,7.26,67.59,116.83,670.21,241.27,835.08,188.98,350.17,129.10,347.74,508.84,374.26,48.05,75.47,41.28,17.29
2023-10-23,96.17,244.34,40.45,274.80,1016.61,158.64,199.00,53.38,82.24,573.65,108.87,105.41,148.21,106.51,49.64,8.71,65.72,123.67,570.88,285.60,744.30,183.37,368.55,121.78,336.19,529.76,394.31,53.39,78.79,46.97,19.37
2023-10-24,90.29,277.70,45.64,301.55,1165.15,188.42,228.32,68.34,101.71,600.20,114.01,107.44,153.19,110.94,55.75,9.50,77.31,131.50,544.51,307.17,831.39,231.73,463.85,149.57,451.92,553.96,439.75,59.54,78.27,54.01,32.87
2023-10-25,110.51,306.12,75.59,275.42,1106.79,195.32,298.18,77.57,101.42,670.46,132.94,115.58,158.69,120.26,71.21,11.20,118.55,221.99,550.78,318.49,952.86,260.38,489.53,150.54,414.79,638.87,469.93,78.47,91.83,78.98,53.30
2023-10-26,100.89,274.80,55.39,256.74,1125.51,182.50,211.08,61.17,96.83,634.73,136.08,100.00,144.92,112.09,66.27,8.89,107.11,170.56,680.68,358.07,962.13,223.00,508.78,122.04,292.74,682.81,465.27,75.52,73.68,69.94,37.95
2023-10-27,113.98,357.18,53.00,344.02,1270.09,206.27,304.80,82.50,106.22,977.86,147.44,142.92,156.97,138.48,64.87,10.23,130.81,170.41,853.72,335.89,897.44,256.40,428.29,154.21,350.68,743.21,524.54,61.70,85.07,100.87,44.01
2023-10-30,135.27,347.17,51.56,321.73,1681.37,184.95,298.41,84.11,130.23,1127.73,136.58,159.48,201.49,123.39,68.81,14.72,116.51,168.69,771.18,336.21,951.42,297.71,438.44,218.64,344.79,784.25,564.29,74.49,98.41,85.76,34.60
2023-10-31,105.04,289.93,44.15,266.80,1423.28,182.09,253.72,71.72,114.33,1009.04,121.83,150.45,222.43,114.46,60.65,10.13,91.11,153.67,603.01,311.06,886.19,351.33,378.50,169.04,292.66,693.07,549.47,66.65,71.06,67.22,32.97
2023-11-01,100.44,261.70,42.04,228.10,1131.60,141.46,488.20,63.73,114.64,800.64,108.71,113.65,175.89,132.99,50.49,8.82,80.72,147.63,544.53,275.93,681.27,379.35,314.96,135.68,249.93,623.06,469.83,48.73,63.99,62.03,34.27
2023-11-02,100.57,245.88,36.62,213.01,1096.65,141.05,242.62,59.83,102.77,689.82,96.87,123.02,141.20,125.39,54.33,6.87,73.00,178.08,482.20,270.87,657.10,527.43,331.26,118.91,228.18,660.12,436.99,42.20,63.76,57.94,27.91
2023-11-03,92.54,249.78,39.52,218.02,1308.79,128.37,246.09,62.52,97.79,663.37,112.35,114.59,123.64,111.28,50.77,7.01,67.16,164.44,566.66,277.44,728.26,467.82,345.15,115.78,271.88,624.32,590.52,51.92,58.76,65.97,27.33
2023-11-06,108.22,317.99,52.37,365.91,1657.45,170.98,259.56,75.18,110.72,886.75,150.74,144.15,192.19,123.62,76.43,8.19,87.27,208.19,813.11,301.84,927.66,612.03,432.96,162.09,630.90,774.23,667.45,80.84,104.37,73.52,33.96
2023-11-07,90.56,294.55,39.22,288.09,1607.65,166.41,206.81,85.26,127.58,741.39,103.04,122.34,182.77,130.33,72.81,8.63,73.52,176.62,590.01,282.58,979.10,629.59,554.37,116.94,537.61,823.33,622.09,57.38,72.75,81.52,26.93
2023-11-08,80.52,323.29,41.01,271.95,1563.95,192.78,198.15,81.36,144.38,872.72,103.56,123.69,196.06,123.73,70.36,9.95,73.65,208.65,605.81,306.31,1178.59,819.33,518.11,115.34,472.22,788.61,621.52,53.40,66.13,92.03,28.92
2023-11-09,73.30,321.28,38.94,240.26,1335.07,185.17,166.64,66.91,121.65,805.34,116.66,129.08,194.04,120.99,76.31,11.85,71.45,200.93,725.48,266.14,1091.53,636.39,478.20,114.85,402.74,732.38,581.53,115.93,61.04,90.22,25.14
2023-11-10,72.84,274.34,31.02,215.18,1281.20,142.76,164.70,61.76,118.17,686.47,160.90,137.80,145.69,95.87,56.68,9.47,57.72,174.63,492.17,237.99,882.13,469.64,365.10,127.54,424.78,642.83,484.54,94.88,57.65,68.82,20.12
2023-11-13,75.79,291.44,56.85,209.21,1207.42,177.29,174.79,68.95,126.73,632.84,168.65,137.94,142.96,113.93,70.79,9.49,81.78,194.09,499.28,384.38,1102.54,507.63,461.49,113.65,310.52,553.00,546.67,81.69,72.29,62.43,24.81
2023-11-14,75.20,289.29,45.58,195.22,1324.08,171.86,164.72,65.38,126.41,569.56,142.65,131.58,163.85,102.65,65.70,8.35,79.53,194.41,530.76,366.35,1252.01,437.01,446.77,114.94,522.71,566.06,556.89,64.74,57.52,63.12,25.24
2023-11-15,75.35,341.23,63.08,363.71,1422.26,192.57,202.85,64.61,119.37,627.49,138.49,142.01,152.76,124.73,65.51,10.21,93.14,202.55,760.46,314.41,1313.65,430.35,460.62,115.68,477.65,766.26,607.92,64.74,58.93,82.16,29.53
2023-11-16,72.31,303.72,53.36,235.97,1186.78,155.24,160.86,57.62,115.61,519.36,122.65,126.79,167.58,105.19,94.96,10.54,84.86,166.52,599.64,258.35,1124.50,495.87,404.91,97.27,338.69,686.20,517.03,71.99,56.06,69.85,25.87
2023-11-17,63.83,305.02,43.90,218.57,1139.05,145.27,169.42,53.26,108.08,575.62,115.89,131.58,127.25,116.55,72.77,13.24,81.24,160.57,494.10,215.97,1014.28,553.89,471.18,101.02,306.38,694.30,541.07,65.62,61.42,59.90,22.16
2023-11-20,112.69,348.49,46.66,238.36,1372.59,154.27,187.99,63.38,130.50,739.68,122.76,134.84,128.24,113.99,93.45,18.10,72.27,182.72,527.39,298.89,1136.30,546.05,438.52,94.85,296.83,717.27,707.06,53.56,67.82,75.83,28.61
2023-11-21,99.29,354.17,48.07,270.14,1313.12,158.19,268.97,80.04,159.85,711.67,126.05,149.67,271.70,169.73,103.56,18.81,104.05,220.86,569.03,270.94,1114.26,711.12,513.88,119.94,392.54,677.01,708.34,76.90,71.00,79.88,27.77
2023-11-22,97.27,300.36,34.55,245.18,1110.49,128.28,171.71,70.34,160.10,665.53,115.85,121.25,224.70,181.20,100.24,18.22,71.65,225.95,504.57,221.14,983.69,759.66,484.01,85.92,265.44,591.30,592.64,60.01,61.63,64.94,21.29
2023-11-23,77.73,269.95,39.11,175.16,1002.76,109.81,162.68,63.08,127.04,781.36,112.13,126.34,262.64,161.39,81.26,19.40,66.06,219.29,407.74,201.44,882.60,597.31,350.57,86.45,261.33,867.05,520.90,62.70,54.84,64.80,19.11
2023-11-24,137.50,275.21,39.31,171.85,953.52,102.59,176.68,61.86,111.03,943.98,110.86,113.52,259.63,158.37,77.51,16.58,64.78,180.04,420.41,211.97,855.03,516.36,346.66,96.99,248.19,716.82,514.45,104.53,55.72,66.47,18.92
2023-11-27,151.83,275.38,38.68,210.88,1036.27,114.39,214.49,59.26,104.52,963.23,112.61,128.89,241.90,141.22,85.83,12.51,58.32,179.88,485.58,188.10,749.55,451.90,366.60,131.86,279.68,721.16,505.01,124.71,62.50,63.09,23.58
2023-11-28,117.21,259.73,35.30,169.62,1054.12,109.07,183.04,54.14,94.25,820.31,102.79,109.29,170.17,121.50,72.17,12.22,47.83,155.50,485.48,173.64,679.14,332.89,317.02,103.55,215.61,972.32,515.33,86.95,57.92,60.31,19.46
2023-11-29,113.81,242.88,36.00,231.13,1100.78,112.32,186.77,51.51,96.51,628.34,118.28,112.81,164.86,130.00,85.10,11.73,61.46,165.96,516.81,177.48,651.89,321.44,301.98,146.53,236.34,914.39,564.77,103.06,54.76,59.63,20.07
2023-11-30,114.01,246.13,30.82,204.41,963.92,103.74,220.53,53.78,92.02,753.88,155.27,136.04,137.55,148.74,104.03,11.58,50.19,145.97,497.12,215.68,645.45,335.61,340.69,129.29,244.18,798.02,589.36,92.76,64.47,64.46,21.49
2023-12-01,121.22,234.72,33.40,214.11,857.53,132.20,279.60,69.67,107.23,733.99,126.80,151.37,145.32,191.38,118.15,13.46,58.42,169.41,456.18,175.49,860.32,679.92,477.78,138.42,238.29,753.02,537.85,85.92,59.99,61.84,27.62
2023-12-04,156.49,240.19,35.27,338.82,861.91,109.91,240.40,77.98,109.13,806.88,114.35,159.84,140.64,171.52,119.29,13.90,62.94,193.34,448.44,216.23,965.33,696.65,429.25,109.34,224.04,683.29,514.00,84.09,70.73,62.81,26.48
2023-12-05,138.92,234.71,33.31,327.47,856.63,106.82,320.07,65.82,119.35,793.33,131.15,139.08,134.64,166.00,106.94,13.25,68.99,181.79,476.78,202.69,833.19,554.31,398.33,128.67,267.38,656.66,478.64,84.94,67.58,60.80,31.23
2023-12-06,168.56,263.55,33.64,432.08,790.74,93.34,299.55,68.84,116.32,757.15,123.54,142.93,128.31,177.94,103.95,18.68,69.51,172.76,592.35,170.05,681.36,704.28,308.84,140.83,230.02,666.34,442.31,67.77,82.16,58.60,28.26
2023-12-07,139.99,258.44,39.62,306.11,815.40,94.91,275.11,69.21,100.76,765.86,113.53,133.10,146.86,163.11,102.40,22.49,64.92,172.99,475.73,171.87,843.43,824.86,371.56,129.83,266.81,616.93,465.61,62.92,77.24,55.37,25.15
2023-12-08,149.63,277.74,60.28,259.36,1200.26,103.11,285.93,84.07,110.93,905.83,160.86,159.92,152.31,162.97,112.26,17.64,83.44,190.16,542.96,238.03,1137.53,776.29,584.18,158.95,284.10,562.63,508.39,102.23,102.78,74.89,28.48
2023-12-11,116.81,286.27,62.80,275.63,1025.31,118.31,357.20,75.46,100.29,729.50,172.50,152.18,138.07,156.38,103.56,15.43,75.56,180.93,519.73,224.39,1001.98,807.25,446.01,166.01,380.74,548.40,547.47,104.64,93.16,75.85,30.26
2023-12-12,86.21,229.09,40.21,182.32,881.23,89.95,239.80,69.81,102.96,667.03,128.24,135.63,190.35,148.99,122.08,21.05,78.22,164.28,370.61,211.94,958.75,779.36,399.70,135.08,266.18,483.21,448.69,65.63,71.21,53.86,27.94
2023-12-13,94.10,224.24,38.12,185.99,722.85,96.44,324.02,60.97,94.38,791.03,139.45,141.76,159.98,160.00,126.48,26.11,68.57,146.98,438.38,211.19,851.49,630.54,314.25,122.17,224.97,487.52,566.26,56.18,63.50,60.47,32.81
2023-12-14,101.42,230.62,30.06,208.24,710.39,84.70,286.67,59.42,104.86,701.36,175.69,141.72,123.22,147.99,115.14,28.72,72.16,175.42,398.36,156.33,778.01,672.69,346.60,86.53,208.94,461.45,534.86,73.07,48.58,59.50,26.76
2023-12-15,84.58,224.69,30.05,266.32,642.37,87.32,261.42,64.89,114.59,663.45,174.82,147.05,173.10,160.42,110.83,33.63,89.02,167.13,482.45,145.16,695.51,742.42,312.18,129.54,239.75,419.45,446.55,66.02,51.92,53.14,30.44
2023-12-18,91.85,240.35,34.17,209.06,614.36,81.14,193.99,60.29,116.24,572.54,163.17,219.70,162.83,149.82,104.59,28.89,63.43,173.07,444.67,162.69,657.58,622.88,281.24,113.01,239.33,456.16,440.30,70.46,49.64,57.23,26.25
2023-12-19,75.62,240.57,28.80,160.73,613.12,71.21,184.87,74.31,104.39,497.49,138.34,204.80,125.21,118.97,102.49,21.80,64.24,151.84,409.40,155.69,637.97,608.61,238.99,92.66,268.44,406.40,430.79,57.72,46.35,53.34,22.01
2023-12-20,67.98,267.51,31.23,187.05,677.91,125.40,185.84,56.60,106.74,450.94,159.55,177.15,113.78,111.07,101.38,24.04,58.80,133.91,364.73,164.24,698.80,611.16,260.29,106.77,264.98,417.27,474.98,80.21,52.21,56.44,19.35
2023-12-21,90.97,304.44,35.18,198.34,713.35,122.24,256.13,78.65,121.26,518.72,154.28,154.36,136.94,150.89,83.56,23.62,73.05,154.66,647.72,168.65,681.13,623.83,291.01,132.19,227.47,406.08,522.00,85.04,51.66,61.77,25.98
2023-12-22,84.44,325.75,37.26,313.15,722.97,115.74,222.58,104.81,147.41,494.29,138.02,177.20,123.92,146.73,98.33,22.66,88.57,150.19,668.08,259.47,701.11,808.29,282.74,123.51,207.91,394.48,541.44,95.28,64.20,54.13,28.41
2023-12-25,73.69,268.57,26.01,213.84,638.63,82.10,172.89,81.94,111.04,424.09,108.38,158.20,88.89,99.27,69.50,15.27,67.97,114.61,431.52,233.97,511.20,588.55,204.01,76.94,151.90,389.05,454.91,75.02,46.76,48.22,20.72
2023-12-26,64.81,318.48,25.85,200.84,696.10,87.38,155.21,83.81,104.24,434.94,115.69,121.85,89.11,88.28,59.46,15.44,77.16,121.44,411.68,208.27,540.59,458.84,219.25,84.19,154.75,367.22,474.51,117.58,53.61,71.84,20.01
2023-12-27,99.43,326.10,30.32,208.84,805.88,93.41,205.51,81.60,99.79,451.71,120.24,141.70,89.59,96.86,56.86,13.49,80.33,133.65,422.80,177.13,582.79,393.17,232.04,108.89,244.43,360.20,429.31,79.22,64.93,67.44,21.21
2023-12-28,100.96,426.41,47.45,408.26,909.09,117.10,384.70,81.66,112.62,607.27,184.55,182.65,116.00,150.12,83.53,16.53,105.02,177.40,1047.17,230.85,696.20,415.98,339.22,193.02,331.42,457.92,572.83,113.69,72.61,71.66,41.46
2023-12-29,99.49,397.61,37.92,282.29,1093.34,126.42,281.08,80.77,114.15,569.55,141.44,150.63,102.63,119.02,88.85,14.59,87.82,179.12,830.92,231.51,720.14,506.64,315.71,123.68,235.73,436.40,579.13,73.95,70.17,65.96,28.02
2024-01-02,98.93,398.64,43.95,273.12,966.02,111.83,280.36,84.24,119.86,601.98,185.44,190.63,115.55,108.63,91.58,12.67,89.65,165.25,657.16,285.38,603.55,462.85,257.34,139.62,199.05,408.99,551.91,137.80,82.22,89.75,29.42
2024-01-03,84.90,387.38,43.30,239.34,943.24,116.07,223.26,68.05,106.26,555.57,186.02,168.12,113.92,94.69,100.77,12.51,81.06,164.76,585.17,206.37,643.38,433.91,242.16,131.56,182.65,384.19,538.52,122.83,74.86,77.97,27.32
2024-01-04,66.31,361.18,42.46,218.57,762.39,107.20,227.82,64.61,101.69,524.42,157.11,166.85,103.08,95.90,102.46,13.61,83.40,153.32,542.27,167.15,639.25,349.69,217.95,144.21,195.78,339.01,445.77,125.51,86.26,79.06,28.51
2024-01-05,74.73,370.69,47.56,260.39,789.74,154.93,206.29,70.63,116.90,598.11,168.27,163.71,115.90,94.94,92.66,25.06,96.89,183.71,631.48,217.68,622.66,340.97,249.90,253.69,224.25,368.96,501.67,115.99,80.00,83.15,25.98
2024-01-08,85.28,317.64,39.74,234.57,746.06,124.25,211.73,64.82,102.12,519.11,143.48,142.26,117.36,95.37,86.72,17.01,76.03,175.04,563.77,177.87,593.12,284.17,205.95,176.57,220.74,337.42,440.02,101.69,65.56,67.50,36.77
2024-01-09,73.14,319.18,30.89,239.07,731.62,110.76,198.94,76.94,104.90,471.58,136.07,153.49,96.57,141.33,103.26,13.96,84.38,194.16,723.39,169.15,597.96,304.89,225.23,143.97,189.83,322.04,517.65,96.24,65.38,60.41,36.94
2024-01-10,99.45,289.67,29.02,239.06,630.12,105.62,234.07,85.67,101.69,478.47,125.74,131.91,86.15,161.49,121.14,12.02,72.60,165.35,763.43,145.52,519.78,279.05,186.75,117.97,180.00,329.08,504.87,82.42,60.05,58.80,59.95
2024-01-11,99.32,310.52,37.53,331.58,670.36,127.57,216.60,81.89,117.58,512.74,140.12,126.63,100.52,155.12,117.82,11.83,75.90,176.28,855.13,162.71,657.35,296.06,230.29,151.39,207.99,353.82,476.79,96.37,84.54,65.46,44.50
2024-01-12,87.86,319.18,28.72,276.65,600.13,120.56,199.64,81.84,115.60,455.00,155.53,149.83,98.48,144.65,109.05,11.58,103.22,228.78,858.68,189.37,555.20,270.30,184.72,134.53,176.21,311.09,464.68,71.00,79.27,120.89,37.32
2024-01-15,77.74,272.98,34.38,196.68,612.98,110.87,203.41,77.71,100.13,448.80,139.46,165.14,99.39,159.24,125.56,10.36,117.77,194.96,642.03,193.37,469.67,229.73,177.45,116.85,164.49,285.44,391.72,82.75,66.21,82.88,39.54
2024-01-16,76.50,291.62,40.36,222.52,671.01,125.51,233.45,89.37,116.97,448.78,140.69,160.22,106.32,163.09,164.22,12.25,127.57,195.90,744.75,186.12,544.05,252.32,209.41,196.34,256.55,376.26,419.85,75.69,66.20,67.67,39.26
2024-01-17,81.70,272.39,35.80,219.93,589.30,119.91,272.33,104.56,125.88,436.78,125.97,147.01,89.23,125.92,140.11,11.73,107.52,167.56,637.76,166.25,506.87,214.42,191.16,217.52,242.59,369.71,398.65,76.11,63.67,59.13,35.49
2024-01-18,115.68,379.27,58.13,302.97,812.08,151.43,340.69,144.56,157.85,584.01,200.69,192.45,112.07,167.27,130.24,13.92,119.63,226.28,965.59,222.01,676.67,300.79,327.52,279.38,399.78,400.45,499.15,107.12,95.53,82.25,51.56
2024-01-19,73.91,285.47,32.42,227.33,635.80,110.36,256.79,130.21,135.53,399.79,141.21,125.27,77.88,132.27,120.04,11.28,106.29,177.53,800.92,146.12,540.41,379.53,263.30,178.72,259.79,272.28,370.35,82.57,63.22,63.51,37.60
2024-01-22,100.64,353.78,49.56,281.69,789.11,138.90,289.83,130.01,170.52,553.18,169.28,169.17,111.34,138.67,123.55,19.24,101.72,191.73,823.04,195.86,603.53,350.37,343.19,264.50,345.06,354.22,465.41,86.10,75.44,87.11,41.54
2024-01-23,79.50,301.79,42.09,231.39,721.03,115.94,239.12,127.84,144.24,455.82,136.84,141.44,99.90,124.09,96.68,15.08,89.18,174.82,757.78,167.59,605.54,355.30,313.66,177.16,339.99,322.94,399.61,78.06,61.34,75.58,33.54
2024-01-24,87.52,321.70,45.66,230.02,729.75,123.69,250.87,141.19,145.99,466.38,152.46,173.61,143.07,141.08,106.97,16.25,91.96,248.89,723.11,191.20,635.16,327.71,339.28,210.35,559.57,325.25,418.86,85.87,75.44,88.33,38.05
2024-01-25,99.31,336.47,58.91,261.92,770.65,134.33,290.54,141.52,149.37,565.92,169.74,207.36,197.81,170.33,130.19,20.76,109.09,356.51,727.80,254.01,741.13,412.87,416.90,247.01,640.49,418.70,484.55,116.88,122.45,98.97,39.36
2024-01-26,104.48,288.61,50.91,237.97,747.72,129.61,247.32,128.77,152.98,588.56,151.29,218.18,269.16,149.70,118.91,20.40,125.73,355.97,596.76,181.75,638.97,477.22,324.52,279.81,540.30,350.77,420.87,100.84,135.79,103.22,33.89
2024-01-29,94.56,269.73,50.19,240.06,692.53,143.90,273.56,109.70,133.19,594.32,171.70,224.07,259.86,144.21,113.62,20.26,123.36,398.50,670.06,179.42,566.66,351.08,362.49,284.45,439.29,327.35,416.69,93.41,140.78,108.23,32.26
2024-01-30,86.06,236.99,47.25,197.22,592.04,113.71,234.76,99.71,102.46,495.12,162.57,182.55,190.38,113.32,93.25,12.10,88.47,299.68,542.40,169.23,474.92,274.41,245.71,207.85,379.15,312.02,359.01,77.96,94.52,94.04,29.51
2024-01-31,104.64,275.17,52.40,254.87,693.92,125.47,234.47,89.54,113.99,584.12,215.64,186.99,183.31,122.43,116.30,18.08,95.86,288.35,667.70,198.47,595.56,374.45,276.47,204.54,401.69,335.07,425.30,100.86,93.01,109.80,31.20
2024-02-01,92.86,255.73,47.32,207.71,679.40,110.91,219.58,91.72,104.34,548.99,171.65,161.49,161.04,109.57,96.10,16.29,85.32,257.44,591.70,169.36,558.46,365.80,307.09,191.64,380.24,324.78,390.53,85.38,98.94,107.28,29.83
2024-02-02,113.85,310.94,57.55,259.54,745.82,129.43,311.93,97.99,113.78,635.42,190.47,205.81,188.69,128.92,104.79,17.04,103.48,280.40,642.19,211.64,603.19,399.73,318.90,255.32,450.95,366.60,456.01,98.54,104.67,102.94,32.43
2024-02-05,129.71,360.97,67.34,286.43,869.90,159.88,358.43,99.67,112.15,784.37,217.02,225.32,166.76,126.70,102.68,14.64,105.85,238.00,682.18,231.97,660.32,352.75,346.28,324.91,431.75,414.20,500.05,116.98,126.53,102.66,41.48
2024-02-06,140.20,377.03,71.18,306.12,901.93,164.02,385.34,113.78,132.06,850.27,230.37,234.89,173.72,134.71,109.16,17.34,109.27,252.82,715.87,234.24,680.48,398.27,372.72,314.47,464.05,433.40,543.85,123.54,112.60,110.38,44.62
2024-02-07,145.42,427.00,93.46,367.12,1010.17,192.11,388.44,109.84,138.87,996.46,257.16,255.04,176.67,147.56,111.07,17.56,116.24,257.67,796.83,285.43,737.20,413.56,365.25,385.29,492.08,495.38,592.97,146.22,122.13,113.70,44.79
2024-02-08,145.05,444.81,90.60,376.15,1043.50,174.01,362.60,113.44,146.09,958.56,241.16,251.08,186.14,146.76,111.08,19.46,115.24,258.44,779.24,284.62,752.89,405.42,399.64,306.82,475.93,502.16,646.52,124.75,109.84,117.48,43.65
2024-02-19,125.60,382.91,68.30,330.31,1074.51,162.79,324.79,105.42,126.60,790.66,211.04,220.16,179.85,149.50,113.07,17.30,100.05,231.76,631.37,263.96,860.34,493.14,480.88,278.74,374.00,463.73,583.12,146.39,118.24,99.48,37.27
2024-02-20,86.45,275.35,46.71,241.75,893.31,144.59,246.51,75.07,106.81,675.91,154.00,172.05,149.21,107.39,99.42,11.43,78.21,179.58,483.09,192.97,756.78,521.92,444.34,198.15,392.84,382.61,454.68,119.00,78.95,72.78,30.41
2024-02-21,105.60,352.73,56.50,316.81,994.33,164.23,414.61,97.34,143.09,733.72,184.67,211.28,201.25,146.06,118.16,15.87,108.21,297.00,669.33,237.64,820.97,571.64,439.94,351.10,577.30,505.90,574.40,129.50,106.56,93.93,40.08
2024-02-22,83.39,284.71,39.27,234.10,927.41,119.62,244.83,99.18,114.63,573.03,143.94,156.63,140.49,107.45,110.37,13.68,81.71,229.54,542.56,199.22,908.86,471.58,469.26,227.70,406.72,385.94,510.39,169.41,113.04,75.36,27.81
2024-02-23,88.45,321.74,47.72,271.93,1003.90,157.17,267.52,97.16,127.99,608.56,164.51,176.27,135.89,120.51,109.14,14.49,88.43,237.32,643.54,231.23,992.63,619.04,515.95,241.87,407.09,506.19,645.14,140.69,102.26,94.63,33.21
2024-02-26,101.87,341.13,55.26,284.64,1076.16,193.48,238.92,101.50,136.13,659.21,182.14,199.32,144.06,124.03,109.98,17.45,94.13,260.74,700.08,265.80,1054.80,545.03,499.17,234.51,369.06,608.00,896.80,140.86,96.03,116.88,35.12
2024-02-27,104.41,316.24,50.11,245.60,1198.37,172.99,225.34,90.35,145.72,593.64,142.56,179.88,143.00,117.84,107.97,14.60,85.27,225.22,643.14,294.78,1181.19,615.10,641.48,173.01,395.20,627.64,848.66,99.07,85.59,97.05,32.18
2024-02-28,158.37,491.75,73.49,400.30,1446.71,194.59,315.67,127.31,196.69,945.19,238.30,229.29,198.07,170.73,159.14,25.06,136.64,352.36,1046.44,381.47,1541.87,800.17,719.88,231.73,707.52,750.08,1051.14,149.00,118.28,142.70,47.25
2024-02-29,140.26,386.52,55.13,346.48,1307.28,163.23,250.54,92.13,141.18,701.07,178.12,188.48,138.75,120.92,108.18,16.64,101.58,266.89,795.53,307.49,1135.06,543.19,578.42,177.64,515.37,581.99,832.52,117.20,82.41,101.17,40.38
2024-03-01,115.97,363.50,45.43,302.71,1461.72,165.91,227.15,78.01,121.89,591.52,165.90,174.27,134.35,119.02,96.85,13.00,88.53,236.22,745.02,294.88,1333.05,616.37,628.86,169.37,463.08,553.68,861.51,142.29,79.55,100.18,32.77
2024-03-04,98.47,356.89,47.40,310.62,1453.06,199.80,236.72,83.58,126.63,801.36,180.20,178.59,171.28,120.30,94.64,12.05,99.58,237.84,753.26,274.36,1376.46,598.25,644.38,179.60,369.18,486.03,846.87,154.94,119.79,100.23,30.49
2024-03-05,107.30,308.45,44.09,341.21,1483.02,212.10,250.80,87.23,113.85,674.22,180.42,169.22,159.98,109.72,106.79,10.73,88.99,248.20,668.31,327.84,1327.32,647.25,707.38,229.97,331.35,578.49,783.63,128.26,98.49,90.90,30.00
2024-03-06,78.76,302.87,46.60,286.36,1235.63,159.83,198.43,77.05,111.37,522.40,197.01,146.81,121.80,95.57,93.72,10.77,77.35,227.67,820.79,264.30,1046.51,480.37,538.70,170.52,309.83,534.96,816.23,131.72,89.72,78.26,29.69
2024-03-07,95.92,327.57,80.24,492.52,1200.76,181.18,190.86,99.05,113.88,607.46,200.45,148.59,126.49,117.53,122.39,15.49,88.62,234.93,706.36,250.03,1055.38,483.53,490.29,159.96,351.24,514.38,993.31,121.77,104.26,87.81,33.86
2024-03-08,82.24,271.32,54.21,357.27,1214.45,140.63,187.62,88.39,93.48,521.94,177.29,144.81,111.41,85.25,97.69,13.98,74.64,203.53,735.06,250.96,874.94,350.02,583.94,130.67,231.48,395.89,819.32,114.72,96.87,74.22,24.27
2024-03-11,87.23,339.16,63.26,415.33,1237.90,157.68,265.25,91.17,113.04,617.99,227.75,164.88,136.72,104.68,94.61,11.94,100.23,230.84,1230.29,258.35,981.14,394.02,549.98,153.22,297.23,544.86,785.31,154.15,114.49,90.60,39.51
2024-03-12,100.71,379.91,65.15,375.10,1344.67,214.49,450.20,87.19,150.34,800.33,256.83,198.56,229.27,122.17,120.74,13.67,118.95,257.54,1113.26,372.64,1055.09,471.56,583.45,212.64,361.28,690.62,870.97,170.88,121.12,91.20,45.59
2024-03-13,102.04,321.89,50.37,310.67,1312.29,162.71,273.66,80.02,141.93,658.53,185.33,172.47,156.72,105.17,110.95,10.72,91.28,239.57,800.91,413.17,1187.55,734.00,597.64,157.69,329.94,708.78,805.56,113.75,85.44,71.85,34.16
2024-03-14,81.07,308.93,57.41,444.54,1154.77,179.46,233.95,84.22,152.16,997.42,167.87,185.49,143.82,105.64,109.33,11.78,86.17,244.95,715.79,316.31,1012.92,537.01,523.12,135.89,283.06,666.41,774.57,111.79,102.52,100.05,29.95
2024-03-15,85.15,335.65,74.70,530.53,1052.60,166.22,241.32,77.53,128.95,746.81,177.27,156.43,119.59,106.70,88.80,12.11,73.30,196.63,689.75,271.63,863.69,393.31,582.79,185.03,268.28,685.43,746.53,145.37,94.71,111.45,23.92
2024-03-18,124.09,392.07,67.98,485.58,1452.18,213.07,265.36,86.40,144.14,844.79,197.95,177.78,125.13,114.93,117.64,13.38,79.62,277.29,858.64,372.67,1134.20,566.70,620.51,142.53,478.44,773.13,869.74,135.77,86.87,115.62,31.76
2024-03-19,160.09,364.07,89.26,436.23,1416.59,164.33,295.34,80.52,131.32,744.23,165.08,163.42,120.86,106.64,103.79,15.90,76.58,273.22,769.95,385.40,1089.75,600.76,621.13,138.25,312.00,690.83,866.72,147.91,101.11,102.26,33.39
2024-03-20,144.63,341.14,56.82,355.74,1229.55,166.63,203.53,78.77,121.06,723.27,156.69,159.08,113.02,97.96,120.56,14.27,80.43,221.10,658.48,312.57,1181.80,772.11,582.81,131.17,260.83,602.20,748.80,120.16,98.94,88.16,34.03
2024-03-21,183.84,381.79,52.66,397.48,1290.28,164.48,214.07,97.19,119.66,706.89,143.36,146.56,134.78,116.06,144.83,18.12,92.75,221.89,710.73,373.08,1227.22,854.72,568.24,145.87,347.24,658.41,822.71,111.45,81.44,92.58,33.13
2024-03-22,174.68,404.22,60.41,405.97,1368.29,166.55,260.44,85.53,148.65,707.77,159.48,153.13,134.67,129.88,138.80,20.13,85.20,240.06,708.65,346.37,1231.54,982.91,655.38,155.19,365.50,572.41,766.44,110.47,87.01,96.12,31.09
2024-03-25,122.50,398.85,56.41,399.86,1353.08,159.68,215.39,78.77,159.37,651.79,155.83,150.43,171.07,120.51,131.16,23.89,98.14,226.09,640.42,316.31,1199.92,828.01,614.56,152.00,334.78,563.44,741.39,130.06,105.73,94.84,25.75
2024-03-26,121.22,386.23,50.92,323.08,1173.26,137.16,221.10,74.93,149.83,545.39,162.70,132.55,164.36,103.45,105.83,11.04,84.60,225.24,737.89,289.17,1053.00,617.51,647.59,199.04,229.93,607.16,652.17,123.91,96.37,97.92,23.64
2024-03-27,131.38,378.11,47.84,294.28,1094.81,150.47,226.94,76.74,141.68,585.52,155.11,162.12,147.07,98.71,106.45,9.23,79.31,198.06,662.58,286.99,891.45,548.70,516.96,199.62,230.69,589.33,588.71,91.32,74.48,92.41,27.54
2024-03-28,114.39,378.30,50.33,337.94,1182.93,183.67,240.14,69.34,143.26,598.39,153.47,144.47,129.51,106.18,103.51,16.92,72.48,215.90,613.31,388.36,1004.11,541.52,547.21,228.03,250.79,550.54,650.95,87.97,85.84,82.23,24.06
2024-03-29,124.32,381.90,44.42,434.99,996.92,143.11,168.90,75.66,132.47,501.96,150.18,152.44,120.37,90.86,122.87,15.10,60.10,245.04,602.44,355.32,794.64,428.14,465.29,168.74,251.57,571.03,623.58,93.11,129.24,97.36,22.71
2024-04-01,147.76,463.11,59.25,570.30,1188.14,167.48,292.85,84.47,142.49,618.91,181.26,216.14,127.23,111.36,131.37,17.00,83.97,255.17,777.97,378.52,801.14,479.45,485.80,180.38,279.45,659.56,698.26,123.53,109.50,114.70,27.07
2024-04-02,122.40,548.10,72.44,579.70,1070.98,148.11,239.63,85.46,148.43,553.83,189.98,228.85,165.69,112.96,131.74,16.31,79.87,232.95,856.64,341.59,742.14,446.37,436.79,182.19,251.43,604.22,667.03,113.14,137.87,114.70,23.76
2024-04-03,147.85,541.16,84.35,902.23,1055.27,136.47,229.45,99.22,130.32,528.44,173.75,214.19,114.83,127.99,107.24,19.94,72.68,217.54,775.44,285.92,649.03,352.01,341.96,142.05,201.18,500.92,568.89,133.19,151.74,115.57,33.51
2024-04-08,162.88,516.48,97.67,1032.41,884.87,137.13,372.53,95.71,130.33,560.13,302.88,201.71,112.76,138.00,123.43,23.79,81.95,209.44,718.85,267.53,614.35,291.10,339.16,166.64,228.22,520.94,522.67,136.26,153.29,112.47,36.33
2024-04-09,130.35,468.15,73.18,817.09,764.62,118.50,220.00,77.07,116.21,546.37,255.66,172.45,96.31,114.28,125.23,23.61,65.16,179.09,774.20,230.60,522.27,253.74,286.71,152.39,162.92,442.70,444.60,91.43,111.18,81.19,29.62
2024-04-10,123.61,453.16,64.00,728.91,797.75,117.31,227.21,92.94,129.49,492.05,259.06,173.37,120.61,135.38,140.33,23.98,70.97,196.52,755.53,246.79,576.06,289.67,299.55,164.32,221.77,472.47,578.18,126.02,95.32,85.78,24.51
2024-04-11,120.47,406.75,77.55,716.85,782.96,112.17,204.22,91.16,112.86,492.24,233.91,184.93,88.78,118.87,145.83,21.37,72.99,184.76,754.02,202.17,589.06,351.50,278.90,134.68,191.82,493.27,600.56,128.11,99.01,96.55,22.18
2024-04-12,119.56,401.05,65.43,669.07,871.44,149.15,216.30,97.93,108.00,476.26,211.09,185.34,95.91,126.66,160.58,21.96,63.32,160.96,708.93,203.00,531.70,282.15,399.73,156.46,233.35,489.80,561.79,98.82,108.75,91.90,19.91
2024-04-15,125.72,516.55,78.53,668.18,979.82,192.16,299.05,101.89,124.87,640.17,244.91,270.20,117.35,149.13,175.00,21.79,101.69,309.60,828.83,316.77,657.72,327.52,406.77,220.12,389.04,512.13,730.26,147.94,151.56,117.72,27.31
2024-04-16,122.83,467.16,84.82,620.65,915.31,190.48,239.08,82.77,117.59,674.79,247.96,262.45,118.31,118.74,142.78,15.78,100.17,309.32,767.51,303.96,661.77,321.73,378.61,232.24,317.57,522.15,670.26,157.84,153.44,108.82,27.91
2024-04-17,105.86,428.90,78.42,518.51,986.93,199.19,226.58,94.42,143.43,634.84,231.04,213.22,112.54,120.65,137.00,17.14,93.16,307.71,731.54,264.07,645.59,327.94,402.52,262.89,299.22,513.73,695.52,110.00,132.28,107.05,28.15
2024-04-18,102.30,444.10,70.87,589.29,980.02,244.81,236.87,83.22,128.04,602.27,257.11,234.73,103.37,109.06,139.62,12.87,95.63,305.32,757.16,309.94,628.02,305.99,389.59,317.74,380.50,615.13,666.75,129.39,122.82,96.55,26.93
2024-04-19,100.84,490.94,76.50,634.39,846.01,186.01,188.54,70.91,105.54,518.11,202.21,248.79,88.86,116.86,131.40,10.56,84.21,314.80,711.94,345.95,552.62,241.27,344.09,187.98,245.85,524.86,577.04,118.25,200.89,96.14,30.96
2024-04-22,126.11,467.61,74.16,576.83,745.81,187.84,235.33,64.78,102.12,564.88,195.23,244.72,93.42,91.15,134.17,10.86,79.51,257.78,611.29,447.98,492.66,230.72,325.10,216.75,220.11,430.19,541.03,152.46,186.37,80.63,28.16
2024-04-23,100.19,400.86,68.19,573.40,679.02,168.49,232.80,59.83,93.35,623.74,173.13,206.39,76.01,83.43,114.73,8.93,81.07,278.13,575.52,389.62,465.21,266.18,303.66,188.31,193.48,438.92,550.85,115.65,132.78,68.08,37.83
2024-04-24,82.03,385.93,48.55,453.67,849.87,168.63,200.97,57.27,94.62,533.23,177.75,196.33,77.84,81.55,111.98,9.29,77.03,269.91,587.18,383.40,627.80,311.23,451.07,150.87,229.10,464.30,579.41,95.23,94.87,62.00,36.77
2024-04-25,71.96,459.36,49.94,440.01,844.50,164.99,162.43,57.12,99.34,578.18,141.16,224.92,86.63,79.54,115.37,9.04,72.88,249.50,633.67,333.70,533.63,266.58,341.48,185.67,195.84,507.36,556.02,86.12,89.05,66.47,28.66
2024-04-26,100.70,522.96,62.28,555.60,1148.72,198.63,269.00,81.38,122.77,767.77,192.89,287.40,162.60,109.04,132.50,14.26,91.50,305.33,772.69,421.16,841.39,358.95,589.46,335.18,633.69,675.63,718.75,122.58,137.73,82.03,38.28
2024-04-29,124.77,583.46,74.63,573.69,1220.63,221.41,394.92,95.34,142.04,836.70,249.18,329.08,252.92,123.75,141.26,11.75,119.97,310.03,1002.42,449.97,900.90,412.18,557.70,307.02,708.38,747.43,779.14,140.78,145.98,102.80,42.50
2024-04-30,112.43,537.71,75.55,479.58,996.54,266.08,317.04,85.95,130.22,758.21,232.82,287.32,243.11,107.55,120.21,9.70,88.96,280.33,795.21,371.14,802.58,382.05,409.06,233.53,458.60,719.46,645.57,99.01,126.91,95.98,30.45
2024-05-06,123.49,710.23,75.69,517.41,1027.04,272.59,486.15,89.75,145.05,972.60,268.10,290.21,242.57,119.84,112.05,13.26,100.52,252.56,805.20,323.83,720.82,355.28,437.92,276.53,468.96,686.63,695.87,116.94,155.91,102.02,49.71
2024-05-07,122.36,738.40,68.95,469.56,947.74,200.13,290.18,76.86,114.65,808.16,201.95,231.92,218.70,92.11,96.10,12.06,93.09,216.22,641.35,482.45,680.38,348.48,437.44,197.71,346.28,588.24,633.20,87.07,117.21,84.45,37.70
2024-05-08,169.23,657.18,57.75,404.48,803.89,157.42,229.67,65.81,104.97,878.41,210.53,196.27,145.97,97.91,86.67,13.90,83.84,185.58,571.00,393.41,606.81,313.49,334.74,175.30,264.70,519.12,563.46,132.31,101.85,81.60,31.79
2024-05-09,146.05,629.10,61.27,515.86,848.26,154.98,232.54,62.35,95.46,889.29,214.78,270.25,174.16,89.77,73.24,14.22,82.39,203.42,885.33,474.07,522.35,233.93,314.44,171.36,279.49,457.93,590.32,93.30,95.29,88.13,35.18
2024-05-10,149.61,624.12,50.61,509.53,845.48,178.13,231.00,60.93,97.68,828.18,299.83,227.66,273.90,92.11,109.86,19.03,91.53,216.57,782.11,409.30,558.90,257.89,333.23,220.05,335.50,428.96,563.77,83.66,116.57,82.43,34.02
2024-05-13,162.78,531.38,52.75,403.43,799.76,207.17,292.41,69.30,99.15,892.00,394.96,272.68,193.72,87.32,92.96,19.16,77.91,236.49,823.33,338.44,519.32,254.90,360.50,205.65,364.63,424.10,562.95,95.54,106.99,105.71,30.23
2024-05-14,151.29,525.86,48.82,401.59,742.81,192.63,229.65,78.25,106.71,792.10,322.10,237.36,166.59,83.13,79.29,16.56,64.65,190.88,636.10,255.50,494.33,343.05,318.14,177.24,323.67,444.54,478.11,110.17,96.74,84.38,32.11
2024-05-15,121.13,489.71,40.21,401.69,678.45,177.85,159.36,73.23,124.70,618.33,261.31,205.00,262.09,73.27,72.69,14.16,81.78,201.84,622.47,260.48,422.09,299.57,265.02,147.83,382.03,425.87,445.27,75.21,88.56,73.05,28.46
2024-05-16,125.60,540.28,68.46,437.74,824.79,189.92,258.35,66.97,140.77,599.62,218.59,229.34,346.61,103.67,89.13,13.71,129.90,260.45,571.34,261.42,526.61,283.04,395.70,281.77,325.95,413.43,492.74,79.09,88.26,73.19,27.47
2024-05-17,130.24,564.43,59.97,379.21,820.27,199.15,263.75,59.40,151.28,574.98,220.71,250.11,542.64,115.92,82.33,14.41,143.00,282.82,625.33,340.17,545.61,249.55,375.30,250.55,394.14,447.22,531.07,62.91,84.72,72.65,27.00
2024-05-20,175.54,624.81,67.91,727.10,888.72,190.73,323.21,76.30,138.43,587.66,274.36,243.65,507.78,124.70,137.80,15.82,133.06,266.61,673.74,387.12,598.72,279.82,416.44,258.41,394.18,469.72,587.17,121.88,145.66,78.77,30.72
2024-05-21,146.76,532.61,49.76,625.17,832.26,151.61,227.95,59.66,112.30,500.65,194.22,203.21,350.86,103.86,101.72,11.31,98.54,228.22,537.89,276.50,486.88,270.39,292.24,198.55,220.19,444.59,466.36,92.31,90.13,60.55,20.72
2024-05-22,127.03,472.88,52.74,446.40,879.74,164.47,217.63,66.85,111.46,494.82,207.51,193.46,484.00,91.29,96.89,9.16,117.35,251.88,917.18,235.74,464.62,238.32,299.15,232.90,243.57,426.16,467.92,103.40,84.92,64.84,43.82
2024-05-23,134.84,518.28,60.24,458.06,960.59,146.21,209.19,63.93,120.36,497.61,212.04,188.39,377.69,99.97,89.66,11.21,108.84,282.58,783.86,359.49,536.62,242.35,338.96,206.68,287.13,394.68,507.12,79.31,92.59,69.72,33.81
2024-05-24,148.94,445.32,36.67,341.48,950.94,129.14,203.88,49.37,94.68,444.77,337.93,151.72,263.13,81.45,65.38,10.31,83.19,229.31,709.95,309.37,512.22,197.69,385.51,196.70,221.24,346.19,464.56,71.67,75.51,56.68,20.65
2024-05-27,144.56,450.82,36.87,357.86,1001.04,152.86,203.26,52.40,97.66,487.01,353.25,200.03,226.32,106.22,65.79,8.86,81.47,189.54,730.50,258.62,481.47,203.77,348.48,199.09,212.39,351.82,462.72,106.11,93.34,57.89,20.34
2024-05-28,127.33,445.58,39.60,416.16,1074.77,116.47,178.70,49.67,82.26,405.95,394.27,198.77,264.07,100.63,62.87,9.45,69.06,194.45,695.90,238.75,416.96,165.87,308.29,165.28,179.08,322.37,429.57,90.17,98.15,52.17,18.68
2024-05-29,102.78,408.40,38.67,521.32,867.29,115.34,159.83,43.71,69.73,368.13,343.90,149.44,216.22,83.31,74.39,7.43,64.36,167.62,866.16,214.34,397.96,150.88,252.98,187.84,168.90,368.90,415.47,89.80,88.13,57.76,16.62
2024-05-30,113.38,477.12,57.68,510.21,1057.90,113.96,210.58,41.12,64.67,376.58,306.06,148.24,200.64,71.43,61.98,9.31,66.46,175.46,694.31,294.67,367.23,157.05,220.86,184.47,173.25,385.83,421.72,97.11,83.83,68.23,17.22
2024-05-31,104.55,414.98,50.24,369.76,1079.93,149.70,171.06,44.85,68.09,397.93,269.63,142.49,167.79,90.47,62.21,8.30,62.65,144.42,623.02,322.81,480.28,183.19,266.94,158.77,174.28,426.30,476.77,81.36,72.09,62.24,16.06
2024-06-03,139.10,423.95,62.22,390.25,1297.75,174.82,220.50,54.36,84.69,531.91,290.11,199.26,164.82,105.02,71.24,10.18,70.01,176.94,637.33,303.83,505.24,215.82,360.14,243.97,233.80,502.38,554.09,88.03,95.17,71.73,20.82
2024-06-04,122.09,363.06,44.36,334.78,1025.96,149.05,187.95,56.84,77.21,483.77,266.30,189.94,204.69,105.68,70.86,7.70,71.72,179.58,703.80,271.62,481.85,202.05,277.94,167.91,211.47,420.53,499.69,96.12,88.62,66.58,22.80
2024-06-05,102.89,314.31,40.33,323.25,1019.37,137.59,183.44,51.33,69.67,432.25,231.82,155.87,145.56,105.80,80.33,8.30,50.26,160.85,614.82,355.26,458.60,179.30,238.99,172.56,173.72,401.67,423.07,78.21,84.20,54.89,19.12
2024-06-06,124.49,393.46,48.44,384.25,1376.31,165.07,217.89,65.98,92.77,521.04,298.46,223.82,155.28,109.25,94.22,12.04,66.24,181.68,690.44,332.65,586.74,228.63,343.63,178.95,237.21,454.21,554.27,102.43,96.82,75.24,24.31
2024-06-07,105.11,330.96,39.79,331.18,1186.01,139.99,205.11,51.55,74.41,415.90,268.62,190.43,169.10,94.92,67.00,9.51,55.56,145.26,623.89,265.19,448.99,178.60,260.10,192.93,236.37,356.74,458.59,73.54,72.94,67.71,18.60
2024-06-11,100.39,309.94,35.29,324.46,1317.47,125.99,282.43,42.33,66.50,398.18,257.07,226.42,150.05,88.85,64.13,7.29,48.66,146.24,491.89,279.96,436.99,159.13,212.16,212.29,198.32,340.20,424.68,89.25,89.75,61.41,20.05
2024-06-12,101.58,336.84,32.48,256.24,1383.13,114.90,192.93,41.61,74.14,492.69,222.99,201.18,120.98,82.56,64.46,6.50,45.23,134.84,442.83,249.39,445.84,209.64,225.71,189.48,167.43,312.97,453.62,100.48,92.81,54.43,19.59
2024-06-13,136.19,380.92,37.64,291.52,1564.08,130.62,221.20,45.30,71.53,512.37,236.99,188.82,150.35,80.31,57.70,6.77,62.62,129.66,547.22,254.63,490.70,176.29,267.76,170.85,182.56,385.93,480.87,82.07,80.31,54.28,21.23
2024-06-14,120.64,362.32,43.03,287.63,1466.59,154.60,303.41,41.17,63.86,636.80,350.26,184.04,171.83,84.65,68.24,6.59,51.31,142.49,723.57,258.40,547.76,201.92,431.55,278.76,412.26,354.99,465.33,87.19,79.70,52.19,25.54
2024-06-17,82.87,306.86,41.99,258.88,1575.42,120.98,235.55,42.95,67.82,437.17,249.33,166.45,138.26,69.22,51.89,5.59,46.67,139.16,695.08,238.02,492.40,161.99,348.32,183.07,232.68,436.59,439.98,91.17,71.61,56.52,18.97
2024-06-18,87.67,341.52,29.07,282.02,1478.12,112.76,219.43,38.28,64.64,413.38,197.36,161.28,110.64,69.19,51.82,5.69,39.88,165.16,557.77,248.60,595.71,157.49,394.18,140.66,220.25,484.65,500.96,60.74,61.95,50.63,18.06
2024-06-19,70.96,346.89,27.50,292.16,1419.37,123.57,197.26,37.65,67.33,367.12,164.54,143.03,108.66,73.04,53.71,5.41,43.46,170.11,507.32,239.39,653.66,155.84,340.90,160.34,184.02,415.70,475.40,60.98,77.61,45.50,15.08
2024-06-20,77.20,335.59,30.54,294.68,1475.32,105.96,185.66,40.03,70.59,501.79,184.60,155.86,123.22,83.98,69.49,6.18,49.89,170.86,492.64,241.60,642.04,169.16,314.12,132.67,190.26,394.54,454.19,74.82,85.01,50.88,17.26
2024-06-21,80.76,280.67,26.71,254.00,1169.05,95.39,232.17,36.36,55.36,433.15,156.28,145.78,88.79,61.05,50.21,6.22,59.74,172.88,422.73,168.81,483.83,121.70,288.22,153.14,186.81,360.03,376.29,63.15,82.51,47.61,20.69
2024-06-24,91.25,318.99,35.20,262.47,1288.72,117.18,277.16,46.12,67.71,468.04,211.16,146.49,111.24,69.81,55.70,7.32,65.36,185.80,480.77,205.08,548.03,155.32,303.03,178.20,199.79,395.81,406.28,78.13,76.96,62.75,26.21
2024-06-25,68.82,301.21,29.68,220.93,1201.67,107.21,213.06,38.46,59.85,412.21,181.26,124.38,132.48,67.88,57.98,6.10,49.73,150.56,432.35,197.02,517.82,138.38,288.70,173.23,206.25,471.78,408.50,59.37,79.10,52.41,21.28
2024-06-26,74.23,282.30,29.58,264.91,1099.47,103.78,171.62,39.87,57.74,438.94,158.09,129.22,101.63,75.27,63.31,5.89,50.39,147.18,424.91,178.46,604.49,278.15,280.85,147.23,168.99,412.65,402.55,64.54,68.52,49.30,22.47
2024-06-27,68.41,276.56,27.72,241.57,1185.55,131.20,172.44,38.26,56.54,377.36,149.58,132.13,115.48,63.37,58.35,6.10,53.90,142.40,375.48,176.00,535.59,276.29,255.95,197.70,163.51,353.23,413.38,65.95,65.65,44.21,19.95
2024-06-28,76.00,268.09,33.70,295.78,1255.52,114.92,207.14,41.06,56.06,400.99,210.16,149.81,116.35,66.53,59.90,5.98,53.40,175.06,530.89,280.52,546.80,218.14,333.37,183.58,265.07,402.37,449.70,62.97,92.93,44.65,18.49
2024-07-01,89.65,284.61,35.31,335.10,1070.57,98.50,189.42,37.51,59.33,408.37,233.77,135.46,160.40,64.68,58.71,5.27,57.75,165.44,540.17,196.70,465.81,164.85,313.22,183.36,192.85,401.35,394.77,74.90,83.40,49.73,17.04
2024-07-02,79.15,277.80,35.63,269.58,917.67,125.77,244.57,37.16,65.11,388.54,188.36,148.60,147.43,67.38,66.13,5.93,51.12,151.52,481.53,176.45,583.65,200.23,288.67,223.30,180.70,386.01,429.73,65.16,85.11,48.40,17.67
2024-07-03,72.48,227.68,27.33,230.30,944.05,93.33,176.34,34.55,55.64,381.27,160.06,132.95,140.06,127.51,77.18,7.66,45.04,127.26,438.77,163.13,548.10,147.52,217.41,177.72,148.02,351.30,352.69,56.08,67.61,43.81,18.28
2024-07-04,77.57,250.62,27.59,293.60,899.87,117.57,177.05,42.01,67.03,383.82,150.79,127.14,113.54,111.82,66.68,8.50,49.00,125.04,421.80,158.10,502.80,149.52,233.94,170.31,165.35,376.13,362.55,55.86,64.64,46.89,19.42
2024-07-05,60.46,222.64,28.49,301.89,840.65,110.28,178.76,37.19,56.38,499.09,159.86,117.38,86.96,95.18,55.13,6.25,40.66,111.29,397.58,157.91,476.62,157.39,224.57,232.71,179.53,350.81,341.64,59.44,76.51,42.12,17.77
2024-07-08,68.61,249.78,37.54,309.62,925.94,88.91,197.77,41.58,59.94,430.34,189.04,143.68,94.66,82.23,58.43,5.63,49.19,119.47,413.65,154.80,453.82,149.63,231.55,179.21,183.44,348.63,330.56,65.25,72.91,47.76,18.33
2024-07-09,96.22,310.45,37.61,333.34,1464.54,107.54,208.96,45.87,68.42,456.20,204.63,151.81,99.62,81.81,66.03,7.61,66.40,138.89,517.08,214.31,535.16,169.71,364.66,185.55,199.79,443.01,437.05,65.95,74.37,53.07,20.97
2024-07-10,83.76,297.92,38.50,374.10,1290.16,100.01,177.20,37.11,53.38,398.18,221.98,130.34,92.28,71.73,60.53,7.21,52.44,120.91,518.66,172.51,501.16,165.99,315.42,167.93,166.66,522.36,367.84,112.79,70.63,45.99,19.29
2024-07-11,87.95,326.93,45.55,443.93,1512.99,116.61,245.65,44.21,70.15,529.94,215.21,158.15,99.90,99.75,73.88,8.64,55.71,127.30,619.59,201.32,591.32,193.25,353.47,187.10,195.86,562.15,442.10,81.45,77.61,54.06,28.03
2024-07-12,79.56,287.30,34.14,437.43,1164.33,103.16,190.38,41.23,63.50,433.05,180.62,160.00,161.60,100.42,73.38,8.84,52.91,128.88,568.15,170.06,491.00,162.32,253.65,214.60,143.97,567.32,367.40,80.38,73.88,47.71,18.24
2024-07-15,90.24,240.48,35.03,357.50,1107.42,91.83,146.04,42.79,59.75,362.11,160.95,145.11,93.21,74.99,56.13,7.24,41.09,105.79,449.54,186.19,414.08,162.95,217.85,181.67,123.66,534.77,322.00,75.39,70.40,43.01,13.88
2024-07-16,86.56,239.87,27.66,341.90,1438.82,83.32,147.00,44.44,50.78,330.49,145.11,129.91,89.88,74.16,45.10,9.90,33.63,106.34,489.87,186.37,494.88,145.74,291.56,187.07,166.14,514.94,321.43,53.12,61.05,42.14,18.28
2024-07-17,80.47,232.92,29.73,419.40,1265.86,102.99,223.71,45.22,51.96,445.80,180.01,162.38,133.42,116.35,51.44,11.38,47.71,116.04,513.42,174.50,480.58,196.50,262.64,184.60,189.03,480.05,337.66,62.56,88.31,41.41,18.78
2024-07-18,74.73,242.56,32.33,325.30,1357.97,101.71,200.34,40.19,52.24,466.38,167.78,153.30,111.89,91.41,64.90,15.96,45.32,114.02,548.03,226.90,465.83,161.14,314.32,168.82,186.03,413.97,386.22,50.07,69.09,50.99,18.33
2024-07-19,79.59,239.01,29.79,346.73,1386.50,81.76,214.03,38.78,48.38,426.23,152.58,158.15,111.69,80.39,60.46,17.70,41.10,117.76,474.42,224.00,502.71,160.25,240.63,204.00,228.61,459.45,379.02,47.90,78.52,49.95,14.18
2024-07-22,72.03,250.84,27.87,288.17,1232.75,85.61,184.88,33.10,45.96,423.53,163.05,168.14,85.82,74.79,46.86,13.39,38.57,117.01,498.60,214.16,594.36,148.74,229.57,196.18,274.86,453.54,368.32,73.12,88.58,46.89,15.15
2024-07-23,72.31,259.34,31.99,344.76,1177.48,83.95,204.99,37.85,55.92,463.07,149.57,184.67,86.11,75.54,50.67,14.28,40.36,123.52,477.44,186.97,568.07,158.92,231.52,219.76,240.37,483.94,389.12,51.27,70.03,58.95,17.38
2024-07-24,73.79,233.94,32.08,246.81,1090.39,115.02,166.35,35.19,53.61,407.06,184.97,179.18,90.38,72.05,56.25,11.74,40.81,143.13,463.69,224.97,495.28,141.97,242.78,180.06,192.73,452.17,407.45,66.68,77.89,67.50,15.59
2024-07-25,59.63,204.08,30.34,303.98,929.45,85.96,158.52,33.38,46.18,357.36,178.16,175.60,69.83,66.63,42.16,12.14,43.25,124.80,562.87,201.16,431.12,140.46,257.56,211.90,193.14,376.52,380.30,48.69,78.91,59.52,14.99
2024-07-26,62.85,194.28,26.27,259.07,854.55,184.96,155.76,31.71,48.33,337.02,173.73,197.87,70.20,58.51,37.71,10.79,37.70,110.05,549.57,303.16,407.46,145.22,241.33,196.89,219.99,505.05,440.39,43.29,66.16,60.63,12.53
2024-07-29,60.67,187.43,27.76,208.91,871.41,146.85,170.15,31.31,50.89,348.40,136.74,186.44,80.72,58.33,40.47,12.10,42.45,118.93,466.79,321.76,410.50,143.20,266.51,165.01,167.49,503.49,451.40,39.14,59.47,62.36,12.51
2024-07-30,65.52,214.19,31.18,194.51,918.22,128.81,204.03,31.27,54.37,421.86,149.07,205.20,110.90,73.32,47.99,17.79,38.96,132.71,379.75,296.33,437.57,125.22,237.20,140.14,168.15,514.26,446.32,44.85,76.95,59.84,13.77
2024-07-31,85.60,321.82,45.50,307.45,1289.55,186.49,278.78,50.19,76.65,642.39,266.32,318.19,144.59,105.70,101.35,18.74,53.97,174.78,595.17,381.98,708.89,242.05,340.63,204.40,512.19,670.03,609.97,68.03,89.29,88.84,28.87
2024-08-01,70.11,273.91,35.42,271.36,1190.89,164.05,218.52,43.49,67.67,503.95,185.78,268.40,119.98,78.65,88.59,14.30,52.12,179.38,504.09,382.75,574.32,183.04,313.95,180.62,369.94,618.50,620.41,57.34,68.70,71.43,21.12
2024-08-02,88.74,262.28,30.11,265.70,1075.37,129.10,156.36,39.70,60.46,637.53,169.02,234.48,108.50,74.32,81.71,12.04,47.11,175.02,433.50,364.90,518.00,175.41,309.16,136.83,280.17,616.98,538.36,42.90,60.42,62.85,17.14
2024-08-05,99.76,279.50,38.43,292.12,1182.80,153.61,263.47,59.67,75.05,664.45,175.98,267.83,126.17,106.24,115.01,14.77,51.64,177.65,504.84,353.41,525.49,239.32,308.92,179.25,286.06,563.90,547.56,53.40,95.93,64.21,22.39
2024-08-06,79.31,237.75,31.30,249.44,776.26,121.72,206.89,48.43,62.84,590.75,159.86,221.57,119.02,110.17,153.40,11.21,39.56,139.11,505.99,317.12,388.99,217.95,234.71,167.61,250.42,441.33,455.55,50.20,59.70,55.43,17.95
2024-08-07,69.51,223.05,25.22,205.43,658.88,114.80,181.47,40.74,53.62,468.14,184.70,172.22,89.90,98.09,155.24,7.78,40.44,115.67,470.91,359.66,385.23,186.13,250.18,131.01,176.05,438.65,421.68,54.77,60.12,46.93,14.05
2024-08-08,91.15,246.32,24.54,195.55,764.96,112.22,271.10,42.83,60.80,575.97,139.97,180.38,146.86,105.65,121.65,8.96,52.74,108.78,423.45,335.33,395.10,186.76,248.65,108.62,217.68,448.83,407.05,46.95,50.17,47.37,20.53
2024-08-09,83.47,236.92,23.66,223.17,799.48,89.82,193.90,44.06,54.42,548.36,125.30,141.21,199.72,103.85,106.22,9.56,50.84,123.45,354.54,197.46,316.64,157.00,255.58,116.86,187.43,348.66,347.07,60.89,57.37,46.56,17.03
2024-08-12,81.67,191.31,22.96,159.28,632.40,87.99,127.69,36.16,48.02,625.90,132.64,132.81,135.41,74.47,82.16,8.48,43.42,109.09,353.84,166.35,304.64,133.60,193.33,107.88,145.46,300.98,315.97,52.93,50.01,81.10,13.02
2024-08-13,70.69,211.05,26.36,189.99,626.86,78.56,133.03,35.36,42.21,521.98,115.86,138.19,83.53,58.26,56.83,6.25,42.94,104.84,383.38,175.58,259.11,103.69,176.36,128.25,175.92,313.24,304.59,46.30,62.55,84.01,12.66
2024-08-14,58.64,222.73,32.73,150.24,766.28,73.30,120.37,35.96,41.81,423.53,144.94,126.94,62.71,60.11,48.53,5.32,45.94,129.16,344.79,146.26,282.93,179.59,201.89,103.15,169.10,286.34,313.96,35.70,49.93,84.08,12.58
2024-08-15,69.34,246.27,33.22,183.98,900.83,106.38,153.78,38.87,62.17,478.58,137.62,144.42,108.19,76.91,65.45,7.03,69.75,142.03,399.83,170.22,405.37,261.74,225.68,155.18,265.99,392.21,398.64,57.18,53.19,78.32,14.59
2024-08-16,72.91,219.22,33.89,233.55,988.45,101.58,129.85,38.85,59.12,527.13,136.04,147.71,92.81,76.61,66.37,6.64,65.95,118.97,360.01,179.53,390.30,197.71,282.34,172.92,185.19,389.03,406.27,43.95,57.08,86.11,17.90
2024-08-19,74.12,211.29,27.54,258.10,840.39,125.45,161.05,42.41,47.60,491.56,119.66,147.28,82.23,82.19,64.05,5.87,56.24,99.71,348.01,157.70,462.60,207.54,240.64,221.05,169.63,349.75,397.88,50.90,51.88,72.02,19.24
2024-08-20,75.24,242.10,31.20,243.85,775.05,141.71,144.92,46.12,49.84,442.87,132.67,135.54,74.61,83.44,55.40,5.95,67.41,104.58,337.40,151.90,399.89,257.94,215.59,211.88,170.80,353.20,393.90,68.16,59.09,71.37,16.61
2024-08-21,69.38,194.21,25.51,226.54,871.24,120.94,112.50,36.78,50.37,366.66,108.50,143.69,71.64,69.30,55.26,4.67,57.74,84.46,341.63,119.31,345.95,253.22,186.62,176.29,132.14,300.06,369.57,62.12,40.51,61.16,12.97
2024-08-22,65.41,205.13,26.29,196.01,819.13,131.18,170.89,50.36,52.52,388.94,128.04,164.95,81.93,66.10,57.61,4.51,51.56,94.00,421.54,143.52,431.15,227.73,222.56,191.73,184.06,322.30,391.15,46.34,45.82,65.62,24.14
2024-08-23,53.65,209.46,23.52,164.45,781.86,162.60,122.49,47.79,52.83,352.16,120.09,146.60,70.38,62.34,57.60,6.42,58.33,92.60,363.47,138.36,438.67,170.94,214.09,173.61,200.40,292.80,338.35,46.31,44.21,65.66,16.62
2024-08-26,61.83,218.19,23.23,238.52,775.15,161.78,141.51,41.62,57.44,388.17,121.48,142.75,71.56,65.02,58.07,5.77,71.88,116.00,416.57,141.88,418.40,146.96,234.11,149.09,147.69,299.74,348.26,43.10,63.33,55.15,17.04
2024-08-27,64.32,209.44,21.71,197.46,763.72,149.47,133.99,36.78,51.89,388.04,105.27,140.37,71.08,59.06,61.51,4.80,59.40,145.26,387.79,131.19,429.32,166.59,202.75,168.39,129.78,287.62,328.78,54.43,80.95,49.50,13.40
2024-08-28,56.73,211.83,23.95,225.95,667.20,127.63,210.65,43.43,54.43,371.16,132.06,139.34,54.86,86.17,69.74,6.06,56.22,126.05,325.37,142.72,366.00,169.50,193.31,168.23,128.23,282.91,311.99,50.74,60.88,63.07,18.89
2024-08-29,54.38,247.86,28.44,242.18,927.99,131.39,211.33,43.02,60.16,439.74,154.59,194.05,54.61,86.42,76.08,6.61,67.88,141.63,532.85,169.88,397.93,157.81,265.58,261.39,192.00,301.22,422.02,43.40,63.48,57.16,21.21
2024-08-30,89.19,355.03,43.46,362.07,1372.61,199.60,325.82,63.38,86.24,580.20,191.92,235.73,172.90,114.25,95.43,8.51,92.12,167.10,654.98,221.13,647.92,283.36,336.12,363.68,392.18,476.53,565.32,76.07,73.06,71.80,26.67
2024-09-02,75.31,297.33,32.72,289.21,1212.78,153.88,236.71,56.03,69.03,521.65,173.06,195.31,114.94,86.88,80.42,8.65,65.71,164.78,501.42,201.92,488.18,206.36,251.79,265.15,259.74,358.47,433.64,77.30,74.66,72.55,18.99
2024-09-03,64.48,262.37,31.67,228.08,906.94,145.70,162.01,41.20,59.18,408.98,157.98,156.93,97.10,68.08,65.66,6.99,51.76,125.40,502.75,141.87,459.50,153.40,202.18,243.55,173.60,318.21,350.04,60.24,64.38,59.77,14.70
2024-09-04,63.40,270.54,26.72,254.94,921.51,142.27,123.25,40.74,65.11,395.18,113.52,151.46,99.62,64.24,63.62,5.83,47.94,109.72,560.81,128.00,411.76,133.97,228.38,168.14,168.24,298.99,329.02,47.63,71.24,53.22,13.02
2024-09-05,52.80,240.92,24.25,197.62,815.80,130.22,120.28,44.83,62.02,379.49,100.51,134.39,101.65,83.47,59.32,5.37,42.87,92.96,499.48,127.02,459.76,204.23,202.67,162.39,176.55,343.69,299.67,50.04,57.10,47.64,12.38
2024-09-06,48.36,256.23,23.28,171.92,868.21,102.96,103.85,42.71,54.37,348.25,105.44,110.42,76.70,98.63,61.41,6.85,51.78,100.81,409.77,134.97,481.45,161.10,190.23,145.18,344.64,413.08,341.30,45.02,44.20,52.86,11.95
2024-09-09,54.07,241.21,29.09,203.87,736.16,124.24,147.87,38.39,50.43,460.08,127.29,130.03,63.75,87.38,68.29,9.01,45.27,114.90,352.86,121.60,374.05,136.79,197.49,191.08,253.33,316.28,313.74,63.68,61.72,44.91,12.25
2024-09-10,57.22,237.40,28.96,173.87,770.51,110.70,135.75,39.84,48.61,466.52,118.99,109.60,73.26,103.49,77.35,9.48,46.27,107.08,403.58,129.17,470.48,147.96,252.88,164.84,213.43,287.67,320.87,46.23,50.02,51.25,13.33
2024-09-11,44.80,224.27,26.38,232.18,611.63,110.43,125.87,31.63,44.06,408.30,155.07,138.77,63.62,75.29,55.59,8.45,36.85,85.11,555.03,94.69,394.07,139.41,204.79,181.43,174.70,299.94,278.93,50.34,68.21,51.18,10.36
2024-09-12,53.23,211.45,27.90,217.52,693.72,96.74,184.55,34.94,43.32,431.72,113.53,140.04,66.89,70.93,48.51,6.65,36.63,107.45,543.48,99.55,482.87,163.09,213.24,146.27,181.31,265.30,299.23,48.28,49.33,54.45,10.22
2024-09-13,54.00,201.97,30.36,256.62,755.84,106.89,217.56,38.63,45.12,418.28,108.89,121.46,88.30,76.39,48.86,6.35,41.68,124.36,463.54,101.36,454.90,153.12,262.97,131.91,210.36,251.49,286.30,40.85,52.58,61.28,12.94
2024-09-18,64.55,205.98,29.32,202.72,641.53,110.63,174.27,39.55,49.13,347.03,109.71,116.32,129.46,67.89,50.46,5.94,42.02,113.69,387.41,118.18,415.04,130.33,172.74,117.65,226.22,256.75,297.66,48.04,46.82,51.39,13.70
2024-09-19,88.22,250.72,38.23,294.72,734.61,151.96,296.57,46.99,67.60,436.27,138.43,146.26,203.77,99.35,65.36,8.05,69.26,137.37,459.68,201.94,578.89,181.10,224.11,145.36,314.04,315.22,380.02,55.55,57.49,53.73,19.75
2024-09-20,73.42,211.96,28.73,265.97,703.17,146.00,192.11,38.63,49.89,410.65,134.88,135.87,200.92,89.56,59.65,6.79,45.49,137.08,414.41,174.78,680.26,153.66,223.28,162.43,227.59,276.74,316.25,45.86,53.86,57.09,17.58
2024-09-23,60.19,183.16,28.98,223.33,732.21,136.70,194.79,37.40,53.85,394.52,125.33,120.44,147.01,85.00,63.15,6.96,36.72,108.81,385.13,165.97,715.95,155.77,273.02,147.48,178.70,293.40,293.38,48.51,40.81,49.90,14.80
2024-09-24,104.57,372.57,77.59,396.60,1105.80,207.10,423.35,62.04,89.61,638.51,203.47,205.63,240.90,138.63,101.34,12.57,77.59,189.60,772.58,245.61,1027.60,267.59,421.20,321.65,688.77,488.86,514.95,102.54,81.38,91.35,30.56
2024-09-25,112.89,441.63,106.28,470.66,1280.56,252.27,405.53,81.85,105.91,794.13,250.46,250.51,296.40,173.03,121.59,17.98,96.49,265.35,848.15,307.47,1178.84,410.93,466.35,393.22,905.43,567.73,599.83,113.08,101.09,109.34,35.01
2024-09-26,124.94,410.64,105.57,381.78,1237.14,229.71,602.54,80.16,121.49,780.68,239.24,259.61,379.84,210.37,148.09,20.30,104.69,247.74,805.92,281.33,1117.41,379.04,397.99,404.96,1046.93,536.89,576.64,102.92,112.71,98.37,43.06
2024-09-27,174.32,547.33,98.86,527.01,1549.60,298.08,690.36,95.80,146.44,1015.83,273.50,282.48,410.61,205.74,196.50,20.46,125.73,270.72,1200.62,364.65,1512.54,471.25,608.43,365.35,1184.92,654.98,749.63,89.38,103.19,130.75,63.85
2024-09-30,332.94,1065.52,198.90,1082.40,2939.08,499.68,1043.63,191.58,280.22,1929.44,655.67,635.02,582.17,339.40,308.85,34.08,214.87,531.21,2066.52,745.41,2144.37,783.18,1000.51,851.39,1832.89,1210.45,1452.64,262.43,256.35,257.10,108.97
2024-10-08,490.16,1384.26,265.08,1410.02,4042.47,640.02,1460.20,239.60,366.96,2717.28,858.25,814.49,858.03,506.04,404.87,52.32,309.62,676.36,2926.02,1068.99,2713.55,1055.93,1310.64,987.66,1958.79,1624.95,2010.27,330.79,334.73,345.71,148.88
2024-10-09,290.29,992.27,168.72,901.24,4833.01,459.26,907.97,147.74,229.97,1951.95,492.52,490.44,449.10,319.29,263.95,35.46,197.41,504.70,2149.26,956.09,3337.82,741.58,1037.16,629.51,3385.39,1153.41,1516.67,199.22,207.35,258.49,101.46
2024-10-10,254.70,699.03,134.68,665.64,3162.42,338.33,647.74,115.35,157.57,1336.23,417.53,409.75,381.55,254.99,199.17,24.14,159.40,557.13,1413.41,749.50,2589.96,517.59,761.69,574.94,2273.15,844.23,1086.38,218.71,170.77,217.34,59.53
2024-10-11,168.07,534.57,102.69,513.86,2235.70,231.66,406.42,90.06,127.16,992.32,272.78,286.31,296.64,216.73,141.23,20.82,123.59,430.82,1078.48,547.75,1942.79,394.55,594.22,358.52,1515.00,712.52,828.22,149.95,125.98,159.40,50.20
2024-10-14,154.32,536.38,96.32,544.23,2367.36,269.77,423.02,83.14,136.40,910.74,284.16,318.53,356.23,231.27,130.17,22.03,163.69,429.32,1037.31,646.92,2056.43,367.29,606.68,544.56,1684.27,649.25,806.77,123.64,104.03,176.88,53.72
2024-10-15,150.34,580.47,77.16,506.45,2490.98,252.20,373.04,81.72,121.60,836.66,275.10,275.43,312.85,232.82,126.25,18.14,160.03,413.95,1040.49,763.09,2551.92,505.72,585.29,373.24,1339.34,618.36,837.89,99.34,104.70,168.69,48.12
2024-10-16,129.40,525.31,79.04,431.50,1831.42,257.82,332.91,76.93,119.13,725.02,264.67,243.92,462.24,189.36,112.41,16.07,168.44,439.80,832.99,585.03,1846.24,435.07,474.93,387.07,1148.60,519.74,691.20,76.64,84.64,146.08,43.14
2024-10-17,119.84,517.16,93.69,408.26,2157.75,320.81,289.80,77.73,119.21,749.10,266.86,271.68,433.22,172.92,140.54,16.31,178.58,424.75,805.04,600.92,2505.26,554.67,539.59,299.35,1080.49,552.74,772.61,74.47,97.40,153.05,46.02
2024-10-18,166.65,677.81,126.06,605.06,3701.12,337.70,480.75,95.26,157.67,1177.45,315.24,338.75,358.34,222.74,173.00,21.69,167.13,446.44,1387.04,805.64,2906.72,608.96,839.12,379.80,2046.69,818.71,1071.97,109.38,117.65,190.10,69.72
2024-10-21,182.85,711.75,109.50,675.55,4423.74,292.85,397.89,99.17,172.05,1111.46,292.11,333.72,333.92,222.09,234.87,19.34,146.85,470.59,1530.11,1028.39,3047.12,699.67,930.96,340.20,1510.64,826.15,1156.83,102.52,124.27,201.87,61.77
2024-10-22,203.87,624.15,79.03,548.23,3541.14,322.65,398.89,93.91,179.95,1084.78,296.35,310.30,259.97,216.59,200.46,18.52,132.43,382.91,1404.54,884.45,2375.35,921.80,863.58,239.53,1136.32,866.06,1083.30,82.20,99.44,187.54,55.64
2024-10-23,206.88,667.16,86.97,593.77,2861.74,425.23,416.81,96.33,179.74,1010.58,300.55,294.45,267.67,235.95,172.17,31.39,162.31,425.81,2047.31,1014.10,2164.46,702.44,863.90,220.86,1322.50,899.16,1127.69,109.11,108.55,183.36,53.77
2024-10-24,138.05,608.60,57.41,429.80,2413.40,367.14,275.70,80.72,133.99,1009.65,218.41,207.13,226.11,184.06,126.54,24.62,121.33,323.88,1421.87,668.28,1679.21,495.67,835.20,170.94,941.90,719.52,881.72,91.47,81.42,155.57,58.17
2024-10-25,166.53,780.21,77.10,611.25,2758.91,360.41,327.25,109.77,185.66,1173.81,335.15,265.14,277.57,216.16,165.92,28.17,172.32,397.60,2045.93,652.37,1725.40,612.77,755.34,195.83,1058.91,714.84,1034.86,92.74,94.01,202.18,67.88
2024-10-28,229.80,811.92,166.88,558.60,2674.18,335.79,488.53,130.39,215.21,1242.14,335.84,334.97,343.29,252.01,184.59,38.69,177.65,490.55,1812.33,723.01,1908.64,716.77,760.31,226.10,906.69,827.77,1132.78,138.57,131.40,228.22,59.08
2024-10-29,235.10,797.61,146.29,633.17,3329.99,372.05,461.58,132.36,207.70,1272.10,353.34,329.81,347.90,371.81,216.63,66.30,173.79,447.01,1718.63,739.05,2468.18,763.78,814.15,226.90,1109.72,941.65,1332.67,131.92,127.52,228.78,58.06
2024-10-30,226.21,648.04,107.06,581.18,3173.94,381.89,349.46,116.92,176.40,1024.90,305.53,318.53,357.34,308.61,193.58,47.16,157.36,408.80,1453.00,629.74,2299.94,600.94,733.52,227.75,993.89,873.01,1243.08,98.41,114.47,194.16,73.95
2024-10-31,237.33,734.28,123.49,631.79,3815.59,446.14,407.07,135.52,203.48,1023.46,394.50,396.86,471.64,326.33,237.32,49.34,177.37,481.22,1662.63,762.23,2988.42,657.89,791.55,258.45,1729.59,1045.89,1402.37,112.09,116.08,230.95,67.69
2024-11-01,233.05,838.10,168.73,1041.71,3542.61,524.74,430.06,128.30,206.17,1056.94,332.94,406.89,523.19,387.97,296.84,37.58,169.48,579.26,1630.48,682.25,2644.35,675.45,810.10,275.43,1671.31,1099.06,1276.56,123.16,141.63,251.46,83.51
2024-11-04,178.23,633.34,138.37,934.16,2470.50,416.70,420.41,84.40,171.36,876.45,237.94,331.42,404.83,288.43,195.37,23.53,117.83,357.94,1267.64,510.41,1780.37,400.77,589.34,224.29,1390.70,1015.57,1060.69,86.87,106.18,154.45,46.27
2024-11-05,221.03,878.13,167.38,1028.14,3431.63,441.87,497.83,118.22,205.78,1192.65,329.02,374.75,467.80,343.24,236.53,28.84,166.88,470.61,1636.80,955.02,2643.65,610.85,834.21,254.41,2118.49,1260.81,1538.15,137.75,125.98,203.48,87.78
2024-11-06,305.64,918.72,179.43,1215.10,3722.14,480.78,468.21,130.82,230.43,1220.28,329.00,365.99,575.83,382.57,259.64,33.55,196.35,555.63,1894.25,1084.10,2934.00,769.57,921.43,241.20,2362.61,1498.97,1678.57,176.41,154.20,219.64,98.05
2024-11-07,381.56,830.06,172.13,1035.51,3242.20,520.47,852.59,159.89,227.22,1334.12,389.60,515.81,563.70,421.26,261.85,40.07,206.62,637.74,1847.65,932.78,2745.92,627.10,778.28,301.65,2574.05,1204.08,1491.97,198.20,158.67,251.08,103.74
2024-11-08,339.02,916.23,158.33,1007.12,4221.12,518.35,794.70,159.20,245.84,1413.17,390.29,523.74,596.01,441.51,277.02,38.87,200.61,609.04,1897.62,1085.42,3122.84,671.98,1003.76,294.14,2380.86,1212.03,1570.89,190.78,148.77,255.22,87.18
2024-11-11,239.17,827.95,124.22,888.10,4488.54,438.09,539.79,117.52,243.32,1277.01,329.92,420.28,436.28,368.22,220.56,29.86,156.07,434.63,2015.06,1056.64,3277.02,813.24,975.27,278.01,1541.28,1301.69,1591.40,160.64,131.43,253.66,69.56
2024-11-12,240.50,931.99,128.61,1013.94,4357.13,494.04,540.57,137.69,254.95,1871.38,402.94,442.28,392.56,374.94,229.69,43.89,142.98,410.93,2155.90,961.61,2986.99,797.34,997.03,269.58,1420.93,1398.31,1482.59,156.01,130.67,230.74,82.45
2024-11-13,169.76,731.59,93.86,769.43,3233.45,368.39,352.50,110.85,214.03,1250.27,304.90,347.19,346.96,365.00,210.18,24.82,115.73,358.82,1619.19,710.42,2533.87,800.82,990.54,221.28,1090.98,1140.08,1111.53,114.46,117.00,190.11,60.06
2024-11-14,157.67,684.72,93.66,700.23,2786.98,424.99,341.22,97.17,208.84,990.45,271.70,325.39,352.75,305.48,188.61,21.53,106.83,352.73,1577.45,570.08,2475.49,773.67,822.47,258.08,1029.84,983.29,1027.27,106.08,115.28,168.84,53.80
2024-11-15,145.68,629.22,83.06,580.35,2721.88,430.94,364.60,86.07,204.70,854.25,246.06,366.31,280.09,278.08,215.54,25.11,106.64,368.81,1416.97,592.53,2598.11,902.39,859.31,271.46,1173.87,961.84,1024.74,97.89,138.42,177.72,54.06
2024-11-18,144.57,636.53,133.97,568.70,2428.74,362.12,340.13,131.91,185.05,868.24,307.93,442.60,319.02,260.62,204.96,22.74,124.23,568.29,1280.90,530.99,2093.58,781.26,786.04,544.61,979.91,966.14,1006.33,177.74,144.56,180.27,45.23
2024-11-19,112.89,555.66,106.09,566.27,2272.93,353.32,317.37,107.79,147.13,713.74,238.64,371.87,286.07,244.71,162.27,45.71,98.93,469.56,1245.41,456.40,1854.39,514.49,667.33,377.07,883.33,917.20,1031.50,137.23,113.22,167.29,39.98
2024-11-20,125.82,743.03,80.23,587.68,2220.23,381.89,263.42,114.61,169.69,959.19,235.23,348.87,238.86,297.88,168.53,27.54,96.18,339.06,1283.10,492.67,2029.72,746.51,703.79,237.90,762.73,842.57,1197.48,105.56,105.73,170.00,42.52
2024-11-21,122.67,783.17,73.36,532.37,2258.79,433.26,246.76,122.15,178.61,796.36,224.90,293.49,222.64,296.31,151.78,19.85,96.60,344.88,1334.03,428.81,2075.78,786.45,817.77,169.47,887.99,799.48,1163.99,99.80,99.77,186.79,47.05
2024-11-22,144.97,822.83,94.31,671.72,2407.84,513.87,330.39,127.60,228.44,894.08,301.42,386.69,285.75,392.92,178.73,38.19,107.76,382.38,1354.23,516.58,2284.83,939.00,749.20,245.94,958.51,860.37,1170.45,112.04,118.61,191.94,47.73
2024-11-25,125.87,645.71,71.92,558.59,2003.73,416.64,292.60,116.44,181.42,695.31,279.09,316.66,230.54,298.39,168.12,38.57,101.60,300.05,1245.49,411.34,1851.76,784.61,626.25,221.13,714.74,777.91,1002.65,80.13,131.07,149.56,39.06
2024-11-26,132.05,582.41,52.59,440.07,1529.94,324.95,295.12,128.93,218.51,718.79,221.31,312.63,205.37,293.84,154.52,65.63,94.91,230.68,1070.58,301.50,1492.98,850.06,586.69,218.56,572.18,599.90,999.42,63.05,88.55,116.46,31.90
2024-11-27,131.92,613.83,62.95,459.87,2039.68,358.63,328.30,129.94,269.46,751.82,230.39,322.25,216.14,301.88,169.15,62.09,92.17,261.51,1062.72,452.43,1707.75,905.80,671.48,228.71,748.60,662.95,967.75,79.52,83.20,129.53,41.03
2024-11-28,161.41,652.68,61.60,441.72,1967.84,333.29,316.38,153.10,268.57,736.18,226.91,333.29,281.16,367.99,164.86,72.07,98.68,320.96,1026.05,424.90,1904.37,1000.37,661.13,188.72,671.14,647.42,1021.77,70.89,88.47,173.05,36.36
2024-11-29,180.36,653.79,66.64,489.93,2288.08,384.61,458.06,191.47,253.41,823.42,232.42,327.89,278.10,446.20,162.40,79.58,102.54,317.27,1147.22,418.17,2298.70,886.67,681.32,247.70,1221.60,756.62,1237.43,84.08,89.38,168.01,58.28
2024-12-02,229.00,727.14,108.37,514.09,2327.90,410.37,462.71,199.76,271.90,917.06,275.48,394.83,318.21,469.45,201.70,65.74,133.67,326.82,1255.70,439.01,2099.29,921.05,753.14,259.54,958.99,920.46,1422.32,113.51,102.55,167.92,63.95
2024-12-03,243.42,758.63,80.67,486.29,2095.50,384.92,388.79,205.70,277.18,786.84,335.25,401.84,347.69,544.26,187.52,63.25,111.64,374.59,1167.31,380.99,2172.90,809.67,639.35,274.12,826.73,888.67,1486.06,100.57,102.22,167.41,54.70
2024-12-04,202.06,696.69,97.71,564.57,2240.29,407.71,383.19,168.53,263.72,713.71,285.84,327.30,308.47,507.28,160.80,75.65,112.70,354.47,1024.93,389.18,2042.69,667.87,548.56,247.62,677.08,855.66,1723.03,136.46,149.07,203.01,52.09
2024-12-05,146.96,609.07,88.27,459.72,1749.36,341.38,291.27,148.25,225.34,635.99,220.13,255.91,238.23,405.29,194.97,52.33,93.85,316.90,918.24,422.63,2010.80,863.11,550.00,187.02,694.10,857.56,1563.13,98.74,94.73,165.31,41.39
2024-12-06,160.37,671.78,128.54,489.61,2080.95,347.81,359.91,167.93,262.84,885.56,281.18,328.16,329.02,455.87,202.76,53.26,142.00,409.24,1102.15,454.52,2396.82,1116.69,537.69,278.65,1027.45,845.98,1826.88,150.36,109.11,200.80,51.34
2024-12-09,165.39,700.27,136.58,496.50,1759.36,340.49,339.67,165.42,254.45,974.40,265.40,309.21,312.91,314.09,250.24,63.58,139.44,371.41,962.24,379.01,2021.32,955.36,551.10,230.50,715.58,970.51,1644.10,205.06,113.28,169.86,47.54
2024-12-10,220.97,850.87,177.65,614.66,2496.97,456.24,742.27,186.01,286.78,1185.92,358.28,380.58,415.35,445.85,305.34,56.98,188.45,432.26,1244.38,578.96,2677.18,1225.68,720.34,347.78,1381.26,1277.91,2082.15,202.86,126.61,199.53,96.69
2024-12-11,226.73,686.18,138.02,504.46,2446.96,363.15,594.96,201.54,257.44,807.38,236.00,300.71,347.47,520.97,232.67,47.97,124.75,354.09,894.04,441.46,2027.48,1049.99,679.00,267.46,718.57,981.03,1786.30,166.53,94.05,164.94,69.97
2024-12-12,265.69,699.97,123.83,473.76,2229.73,366.39,772.75,213.51,319.80,982.75,273.92,343.23,363.03,651.73,288.09,48.81,146.66,374.46,924.53,568.36,2090.81,1114.74,753.05,273.82,888.05,953.84,1637.82,133.82,100.02,177.49,75.05
2024-12-13,258.39,727.31,136.95,532.50,2785.40,435.51,739.53,223.08,345.93,1112.16,312.09,415.02,373.01,724.35,307.14,69.30,170.37,408.75,1088.64,568.68,2143.17,1340.44,857.43,362.82,1027.50,1018.12,1626.35,171.49,126.78,173.45,81.12
2024-12-16,199.16,588.43,108.81,385.85,2269.84,379.61,533.24,230.80,316.99,844.18,318.62,340.56,282.12,635.54,356.60,57.87,129.03,320.14,870.98,412.03,1722.81,1290.62,833.88,293.22,658.79,808.86,1339.24,130.95,112.70,139.39,64.36
2024-12-17,208.15,625.08,97.34,348.12,1915.37,299.75,424.78,193.41,274.98,752.49,286.43,288.55,268.04,483.81,297.32,47.53,107.12,298.87,836.08,377.39,1516.97,992.64,972.37,240.70,626.66,748.11,1136.73,111.78,102.30,147.92,56.41
2024-12-18,173.25,521.42,95.35,290.64,2122.60,292.60,326.38,147.29,234.52,577.87,301.39,236.17,205.58,435.89,251.94,35.76,100.83,291.81,672.01,337.90,1470.51,859.33,823.96,279.31,494.75,623.00,1007.13,110.57,92.35,129.28,47.62
2024-12-19,154.85,523.80,90.43,322.40,2418.81,279.71,330.45,125.46,217.12,616.61,285.37,215.06,212.14,408.89,223.28,37.35,99.41,285.30,755.30,311.92,1826.66,807.95,1128.85,237.20,469.41,636.70,1047.17,121.62,82.88,114.11,47.19
2024-12-20,136.06,517.54,83.17,366.40,3069.94,304.46,335.98,132.21,200.79,665.04,241.44,201.90,197.73,369.66,195.19,30.80,79.95,265.73,821.95,367.68,1793.63,703.74,1077.35,216.18,506.20,652.22,1220.57,116.00,74.07,119.07,59.59
2024-12-23,151.77,593.96,84.05,374.58,2684.88,314.15,327.82,150.01,202.03,721.97,345.10,245.10,208.55,420.54,180.03,36.24,106.37,294.49,907.63,412.92,1617.61,716.64,1028.74,342.05,514.04,682.05,1213.00,96.53,123.91,139.50,50.95
2024-12-24,110.57,505.17,71.97,306.46,2265.71,360.88,297.10,121.24,177.88,569.25,303.83,229.12,164.77,345.80,148.30,29.76,101.91,229.60,871.03,309.34,1365.36,517.27,809.16,293.98,535.89,643.32,999.29,93.02,105.26,110.30,44.03
2024-12-25,102.58,492.07,58.57,286.80,2131.80,314.88,263.48,107.99,170.63,591.24,270.48,228.59,171.19,378.36,139.58,29.01,113.43,262.49,838.27,320.70,1321.62,493.61,858.80,321.56,490.29,663.24,1012.01,97.69,98.02,116.10,41.24
2024-12-26,91.93,447.87,51.39,262.88,2456.46,318.62,255.36,81.59,151.03,506.40,264.44,182.29,133.13,362.97,119.51,25.86,85.94,223.84,866.01,383.72,1290.28,418.52,1013.65,237.45,412.40,716.38,1036.20,87.83,79.90,97.91,39.51
2024-12-27,190.95,503.39,78.61,337.33,2697.33,311.80,279.16,91.39,178.95,573.46,286.60,212.78,158.32,405.77,129.50,31.33,93.82,226.32,998.15,577.64,1499.23,452.45,890.92,287.18,734.73,696.85,1050.93,92.34,82.96,132.89,40.21
2024-12-30,155.39,452.69,69.74,319.22,2213.37,276.62,290.66,93.36,174.38,571.00,252.79,223.74,151.39,358.44,117.09,31.80,84.36,210.22,938.03,423.37,1269.24,410.09,863.14,311.99,583.76,602.80,899.44,107.28,92.65,91.06,44.71
2024-12-31,136.87,481.92,72.30,331.18,2232.12,274.13,385.93,120.10,169.13,604.86,274.94,223.46,156.78,409.07,125.95,28.41,82.12,234.22,943.53,411.09,1400.58,422.56,859.57,329.13,761.90,620.36,929.46,127.13,101.21,116.21,41.16
2025-01-02,154.81,505.15,73.93,389.22,2079.74,311.52,466.88,151.29,180.72,659.92,288.67,258.74,193.43,519.40,151.64,32.78,92.36,266.43,929.86,383.76,1349.94,438.80,818.78,357.10,840.73,659.36,965.17,122.51,105.68,120.48,50.35
2025-01-03,143.06,487.15,68.79,480.07,1905.46,272.54,402.07,136.62,183.20,644.63,231.94,224.67,173.08,500.64,135.71,33.62,92.10,208.95,860.68,325.76,1183.93,430.05,709.03,287.13,579.99,585.44,938.11,113.59,106.85,112.86,42.71
2025-01-06,114.02,425.14,65.65,421.65,1563.78,238.20,357.32,114.27,141.14,763.44,192.58,178.16,135.64,355.97,100.49,29.32,70.27,166.06,811.22,241.04,906.98,315.65,580.98,283.55,402.35,505.87,739.77,101.56,88.25,89.38,35.19
2025-01-07,104.63,403.67,64.95,410.01,1916.11,232.69,258.14,96.68,145.61,728.28,183.18,181.41,117.82,291.49,88.74,30.86,64.61,166.04,858.92,221.51,942.22,308.21,688.54,222.54,389.17,523.22,821.97,87.36,74.31,83.55,30.61
2025-01-08,123.84,464.14,62.32,411.59,2062.87,302.49,316.71,116.26,162.18,718.63,205.70,234.98,135.66,345.25,100.62,46.51,68.97,205.98,960.77,289.66,1131.59,378.09,721.59,281.64,499.10,656.94,1089.01,86.33,95.38,93.43,38.54
2025-01-09,117.02,398.68,47.91,365.24,1946.79,282.49,268.87,91.28,149.88,547.27,162.24,212.25,125.60,321.81,82.64,37.08,61.16,159.08,881.52,290.16,992.05,394.31,720.71,208.36,305.99,594.87,1065.79,88.39,73.81,74.60,27.45
2025-01-10,110.48,437.43,50.72,404.74,2119.07,320.78,235.06,87.44,162.03,543.60,166.48,205.80,136.63,282.31,84.13,29.32,60.66,165.83,833.63,283.58,999.80,378.62,675.43,208.35,340.28,685.44,1180.40,86.92,70.59,77.38,27.54
2025-01-13,86.60,386.05,51.23,455.86,1555.58,260.11,237.82,78.59,125.44,451.60,160.31,212.74,117.41,230.29,69.97,20.67,53.14,130.33,702.52,224.82,872.33,266.92,521.00,225.14,315.22,597.74,976.32,67.24,92.19,72.00,25.62
2025-01-14,120.18,501.55,69.32,501.94,2291.26,287.45,328.80,103.21,162.05,600.52,179.13,244.75,153.22,312.91,112.17,30.78,75.92,181.05,946.10,314.84,1427.89,486.76,738.83,241.19,642.39,844.31,1260.03,79.65,98.26,104.38,37.71
2025-01-15,104.30,423.60,54.86,465.14,1916.09,337.39,245.71,105.77,169.32,474.08,149.97,212.51,129.65,314.18,118.82,43.44,65.29,165.29,926.72,249.43,1198.29,631.83,628.33,242.51,413.98,684.96,1107.90,71.70,80.89,86.03,24.68
2025-01-16,115.21,472.95,64.33,518.71,2086.95,352.28,300.91,115.30,167.79,494.21,153.59,191.81,137.10,382.10,128.83,33.56,67.21,170.38,835.86,252.07,1278.37,612.28,857.87,222.64,410.81,699.27,1254.19,94.56,100.00,99.83,33.08
2025-01-17,118.43,495.90,50.19,389.62,2134.94,294.97,266.44,89.17,136.69,439.52,145.82,172.70,167.65,318.04,103.80,38.05,62.32,152.59,754.95,254.22,1044.17,478.87,751.65,194.10,352.44,591.67,1075.48,63.57,85.81,84.67,30.50
2025-01-20,117.21,511.33,58.17,382.77,2093.50,290.34,297.64,99.40,157.64,565.48,174.15,181.97,164.94,292.12,125.16,39.83,68.90,159.41,930.04,271.49,986.23,453.66,742.71,202.50,428.78,650.24,1066.91,75.16,99.19,96.61,31.00
2025-01-21,95.37,465.00,56.51,350.02,2388.44,301.29,273.16,84.73,162.35,463.11,154.39,179.83,247.50,288.73,96.00,37.29,61.39,175.24,852.08,227.89,1017.00,482.16,846.31,176.17,378.81,707.66,1204.98,68.14,87.05,83.11,26.28
2025-01-22,82.79,423.40,47.99,350.65,2221.87,243.52,265.51,74.80,137.25,403.48,158.02,149.49,174.22,269.38,75.30,28.67,51.40,140.91,917.72,225.45,1020.14,375.33,888.50,235.35,369.61,679.61,1079.94,56.69,75.00,77.19,24.11
2025-01-23,115.42,483.80,53.69,431.16,2328.30,278.81,270.42,90.05,135.80,476.29,192.39,186.67,188.17,272.25,119.81,29.74,65.31,175.59,1024.77,303.17,1439.54,458.72,970.75,322.32,812.94,721.23,1290.91,65.42,76.82,91.59,28.14
2025-01-24,92.64,414.74,70.10,374.94,2041.19,264.22,271.20,91.32,134.24,467.25,161.42,157.47,138.12,248.22,120.42,23.09,56.60,149.50,962.84,246.29,1494.52,526.75,853.63,236.97,519.50,678.24,1134.74,65.95,81.25,84.13,24.31
2025-01-27,109.33,401.58,84.87,344.78,1760.74,210.10,237.95,93.87,136.78,415.42,185.21,172.22,126.92,219.19,98.50,20.63,70.50,143.19,756.48,211.21,1491.42,494.50,807.13,256.94,440.73,572.08,1006.90,66.42,82.30,84.70,24.57
2025-02-05,103.54,394.99,60.45,442.13,2179.78,271.32,284.98,95.39,134.44,484.11,161.62,198.04,132.63,201.13,131.84,16.11,75.58,160.98,781.85,245.78,2012.41,681.70,929.60,234.05,361.38,680.74,1146.42,70.83,74.40,86.68,25.69
2025-02-06,109.75,457.29,68.62,509.97,2815.56,353.85,246.31,93.71,165.65,562.56,162.70,180.92,145.79,230.38,136.07,26.50,72.02,170.42,1002.49,360.87,2370.45,783.10,958.84,208.72,465.35,948.00,1473.89,66.14,64.62,88.38,29.23
2025-02-07,144.25,624.40,83.22,562.11,3328.55,447.10,335.37,117.90,205.45,806.24,218.29,233.92,197.75,274.93,160.95,32.14,91.32,239.44,1335.51,406.35,3265.19,908.08,1139.75,256.30,862.82,1260.68,1702.72,90.01,87.59,117.49,41.92
2025-02-10,116.44,527.50,78.28,494.17,2704.00,403.79,306.90,104.05,180.56,861.72,208.08,197.82,170.06,311.64,189.42,29.10,81.28,225.49,1153.96,360.29,3157.96,860.02,1086.44,219.05,573.25,1024.36,1355.32,79.34,76.84,112.34,40.33
2025-02-11,105.60,523.67,65.97,536.18,2423.68,379.70,287.52,133.01,200.15,730.57,186.37,212.81,145.51,285.96,181.70,28.58,68.65,220.23,992.33,332.51,3003.54,923.49,991.59,242.73,507.51,997.06,1354.82,66.77,80.07,110.66,34.05
2025-02-12,98.91,603.64,62.14,483.89,2882.21,409.83,286.35,115.40,189.34,633.55,176.40,206.73,212.28,280.47,180.10,26.74,65.54,220.95,1101.83,307.46,2869.24,891.14,949.72,219.31,604.98,952.36,1432.86,70.35,84.32,109.63,35.77
2025-02-13,192.98,602.26,81.33,423.66,2639.39,426.97,479.48,110.82,185.40,651.94,196.45,239.44,285.52,342.13,168.99,37.29,90.36,275.84,1237.82,348.23,3139.75,1181.54,1102.18,214.51,813.21,940.17,1473.79,72.97,79.58,108.79,45.00
2025-02-14,149.30,596.52,135.36,376.80,2221.01,405.38,294.73,101.92,161.63,1008.54,168.46,211.07,193.97,309.52,138.52,38.28,70.13,265.83,1073.24,310.12,3414.52,1196.22,1091.24,205.04,586.98,891.58,1241.90,64.51,80.35,101.47,33.86
2025-02-17,169.12,624.58,132.84,446.72,2594.59,408.66,306.01,117.87,194.04,1207.27,257.80,238.51,202.34,304.89,201.66,34.63,83.20,311.87,1125.16,352.58,3767.05,1246.95,1406.93,246.10,672.90,900.83,1491.75,92.11,88.41,138.41,36.86
2025-02-18,150.41,628.93,78.03,395.21,2589.66,361.10,287.95,108.80,186.96,957.58,250.02,225.26,174.62,273.75,172.29,35.49,83.19,320.98,1390.50,369.66,3092.62,1034.38,1125.43,312.11,643.79,902.15,1473.53,87.80,96.99,140.69,33.94
2025-02-19,137.89,627.24,123.70,425.08,2781.25,390.79,257.88,95.14,149.87,822.01,186.66,193.55,142.62,206.39,126.60,25.71,79.08,276.00,1352.78,350.92,2727.68,801.92,1015.47,218.50,563.00,986.65,1813.87,78.91,102.31,118.67,25.54
2025-02-20,125.41,672.29,138.89,464.82,2912.28,393.48,233.93,108.71,180.20,1023.63,176.13,195.42,150.70,273.90,132.99,23.67,78.11,272.64,1296.95,465.37,2602.90,730.22,1039.12,165.79,466.65,981.61,1931.61,70.09,83.16,124.94,43.99
2025-02-21,150.06,840.56,121.92,498.58,3839.18,518.54,324.57,114.20,217.11,1057.08,229.44,201.24,177.83,303.81,154.52,28.94,99.53,280.69,1610.42,514.77,3629.13,909.93,1561.57,290.32,797.76,1072.74,2009.29,87.24,83.99,141.32,40.04
2025-02-24,260.08,755.88,146.27,465.06,3399.43,499.71,357.47,116.68,182.53,899.72,227.09,262.28,230.10,251.59,144.95,31.79,115.28,397.05,1550.48,489.71,3272.36,836.43,1513.43,246.12,640.43,1093.98,1998.54,91.51,101.31,173.40,39.13
2025-02-25,169.36,732.02,139.38,494.26,3260.23,461.63,271.72,109.93,169.74,772.72,191.99,219.39,189.69,245.91,117.80,24.01,100.91,317.93,1442.39,445.86,3031.67,691.61,1235.79,227.17,496.64,1108.90,1938.45,96.46,82.24,141.06,30.19
2025-02-26,128.51,751.93,208.64,486.97,3245.03,472.94,279.49,101.57,166.55,764.45,196.59,200.11,226.93,244.17,120.68,29.00,97.05,295.68,1631.69,471.68,2784.30,597.43,1148.83,215.03,698.94,1242.52,2231.02,75.41,86.01,141.22,34.11
2025-02-27,137.62,708.68,212.22,541.62,3152.14,533.79,498.07,136.68,207.23,831.76,192.30,232.86,231.12,381.18,153.54,37.22,100.58,289.15,1671.28,419.83,2810.86,756.06,1146.14,245.53,805.52,1215.90,2039.20,75.21,96.17,130.15,46.42
2025-02-28,146.62,684.60,137.65,526.62,3007.03,448.11,515.51,120.67,195.25,833.73,221.78,219.80,235.02,352.87,144.38,39.53,105.94,317.98,1584.95,394.03,2521.75,642.85,1018.33,262.48,750.06,1109.98,1730.79,81.57,128.53,133.92,48.12
2025-03-03,136.80,742.63,134.99,652.68,2414.65,347.62,392.92,107.86,175.22,790.12,199.95,197.67,213.79,261.04,124.01,40.42,93.24,278.66,1720.42,330.79,2136.03,513.50,849.90,224.51,505.84,888.44,1410.05,67.32,101.41,121.57,54.08
2025-03-04,121.19,585.90,125.02,533.11,2444.32,358.86,267.84,86.69,168.21,651.97,149.79,148.27,160.99,204.42,99.41,31.83,66.28,236.95,1318.39,505.10,1885.57,395.39,707.44,179.94,379.49,858.31,1327.56,60.46,96.28,117.46,45.20
2025-03-05,107.74,585.56,134.32,526.59,2308.66,327.08,272.87,91.96,160.09,611.19,162.57,166.05,172.02,231.01,98.73,24.28,81.85,255.99,1229.94,481.62,2136.80,401.38,929.20,282.33,407.87,880.11,1557.22,63.53,71.57,114.11,36.82
2025-03-06,114.53,668.47,136.65,610.94,2882.67,410.70,332.81,112.15,199.91,788.37,205.05,204.41,203.05,307.66,148.30,27.67,92.76,287.37,1435.40,485.46,3188.37,770.05,1223.97,243.62,777.08,1084.14,1743.82,61.05,90.67,149.86,45.22
2025-03-07,115.60,672.15,142.43,775.27,2495.96,350.52,360.13,136.89,187.62,691.53,173.03,195.16,169.75,277.36,153.21,27.10,90.09,258.24,1378.48,642.15,3096.98,774.81,976.12,210.13,605.38,1087.35,1749.65,78.97,84.26,163.69,37.42
2025-03-10,128.60,618.37,110.38,738.48,2006.95,292.17,278.01,110.17,162.69,813.39,160.13,170.42,145.17,235.03,121.98,21.95,92.77,233.25,1219.53,503.14,2219.86,476.69,678.70,202.84,411.26,935.54,1615.56,79.87,76.29,146.51,36.37
2025-03-11,170.65,607.41,129.45,735.28,2092.56,306.43,378.95,121.83,149.91,715.61,163.04,157.40,148.36,239.79,153.63,29.46,80.98,204.55,1174.87,598.21,1865.02,414.13,649.67,195.26,404.95,972.87,1552.62,74.86,72.76,141.71,78.84
2025-03-12,136.67,702.27,140.11,670.23,2355.92,309.63,326.75,145.68,174.49,724.68,230.72,185.62,130.88,278.34,157.44,27.75,82.47,275.41,1409.88,583.67,2377.68,620.45,975.31,193.90,603.36,1051.72,1598.13,60.27,72.79,137.24,62.44
2025-03-13,134.58,632.71,159.41,651.19,2243.86,318.90,272.71,152.80,165.32,702.02,290.71,185.05,116.89,247.98,141.78,23.27,76.31,245.37,1400.68,546.24,2198.66,536.70,849.30,218.30,467.19,1022.35,1529.50,205.58,98.97,136.83,65.53
2025-03-14,175.37,630.99,98.51,836.39,2209.34,367.62,784.50,148.86,189.58,943.01,265.28,214.10,168.77,341.57,205.25,21.94,83.28,255.14,1405.19,555.08,2100.07,591.01,865.69,341.96,1184.04,1048.87,1388.41,134.59,101.63,150.33,77.18
2025-03-17,194.08,557.13,123.03,661.16,1986.79,364.99,595.26,148.58,181.43,793.32,233.58,202.35,167.31,321.31,189.07,27.53,102.94,235.47,1246.65,537.84,1848.57,498.01,751.09,283.32,618.31,962.04,1367.46,95.12,111.16,191.51,78.95
2025-03-18,142.57,572.29,102.61,700.24,2121.29,377.19,364.94,150.67,160.17,807.56,204.50,217.78,137.86,257.85,195.78,29.37,76.37,212.37,1305.33,483.41,1835.75,437.54,865.73,175.91,436.58,978.87,1414.46,75.70,82.62,178.81,63.04
2025-03-19,116.73,531.35,87.24,615.46,1968.00,372.70,312.18,148.05,145.88,770.87,302.63,193.81,118.25,193.93,178.34,25.23,78.91,206.77,1352.87,407.44,1657.17,427.56,809.11,256.28,441.29,1113.57,1454.71,75.34,77.46,151.59,40.91
2025-03-20,125.67,530.66,105.80,589.28,1727.47,328.68,353.88,132.87,130.41,677.30,255.01,204.82,120.60,177.57,167.91,19.08,80.04,197.99,1230.36,531.61,1746.37,381.08,702.62,212.86,454.65,1154.94,1632.68,97.78,108.77,158.33,36.13
2025-03-21,158.28,573.58,139.88,609.50,1916.88,347.06,333.24,136.32,131.96,809.85,277.42,226.38,139.71,181.52,154.25,27.46,92.88,249.84,1289.11,645.68,1740.14,381.69,774.38,242.75,516.03,1188.62,1700.62,98.64,167.90,167.44,40.42
2025-03-24,140.70,668.32,133.21,691.13,1722.97,330.37,328.96,120.98,161.88,722.14,300.50,229.65,142.48,180.16,225.31,33.50,88.34,263.35,1177.37,585.70,1511.58,410.53,724.90,231.08,417.45,912.88,1556.93,99.51,136.99,170.17,36.89
2025-03-25,121.05,751.46,117.28,631.37,1454.12,258.15,278.88,93.11,134.48,576.90,354.08,225.59,104.69,138.41,204.43,23.39,69.85,217.55,1175.60,512.88,1145.46,300.63,574.02,186.12,315.74,794.51,1361.89,129.83,112.48,146.80,32.55
2025-03-26,195.14,770.68,97.81,712.91,1188.28,228.34,228.45,86.56,126.37,547.56,298.92,184.59,113.07,133.22,168.54,28.51,67.04,180.88,1173.30,382.81,901.64,253.97,438.51,233.62,285.95,760.80,1363.42,102.45,102.70,131.52,27.44
2025-03-27,135.09,897.23,78.48,533.80,1493.07,257.55,243.58,85.62,150.71,804.49,270.38,175.16,119.74,153.39,161.83,34.63,70.79,175.41,986.34,393.21,999.50,251.71,467.50,188.30,365.12,756.34,1261.58,79.63,93.95,139.68,31.61
2025-03-28,119.49,840.30,104.82,559.92,1321.52,243.18,234.56,83.89,143.62,876.86,220.72,169.22,117.60,149.58,149.82,25.97,67.13,172.46,880.47,316.85,840.55,344.25,414.83,195.84,384.53,665.68,1159.77,79.08,91.58,154.50,30.72
2025-03-31,127.75,627.46,110.83,517.03,1483.64,296.41,248.48,91.48,140.40,768.07,273.75,190.86,138.75,159.24,148.24,24.46,72.81,209.04,1001.66,342.28,1173.87,342.61,490.66,312.44,515.09,806.85,1216.64,80.91,90.38,148.19,33.51
2025-04-01,127.44,608.12,99.21,453.32,1350.41,247.91,215.27,86.75,136.68,1223.98,299.57,178.00,118.23,122.89,133.98,24.65,69.48,183.14,847.20,398.16,988.19,261.60,386.83,249.19,406.50,701.81,1047.38,63.47,96.63,137.40,36.38
2025-04-02,113.89,552.28,74.03,402.23,1121.80,197.99,194.71,97.31,125.86,825.79,238.87,147.35,87.02,102.18,115.22,24.43,55.77,166.53,736.10,321.54,802.92,248.63,424.81,229.01,366.95,663.79,998.34,51.46,83.71,113.59,31.03
2025-04-03,191.58,613.44,98.81,516.18,1575.07,267.70,304.53,111.31,146.75,848.80,316.61,242.50,126.09,172.01,153.27,24.83,75.28,165.49,849.60,280.61,868.42,253.68,502.08,217.27,399.53,677.69,1041.03,57.88,76.91,131.76,44.85
2025-04-07,501.23,789.53,135.72,699.76,1845.30,279.46,609.82,105.35,166.05,1318.04,519.55,372.36,161.07,224.50,190.42,21.94,99.44,252.95,1088.26,507.31,1289.60,374.60,573.00,592.23,819.11,713.61,1050.60,131.52,155.39,197.15,64.34
2025-04-08,626.60,831.91,123.58,779.21,1985.49,340.25,559.34,122.12,181.17,1133.41,421.63,340.40,171.36,281.19,181.72,27.47,122.33,268.64,1111.85,422.46,1391.69,385.98,644.00,461.42,643.66,931.00,1249.25,104.90,142.44,177.04,58.58
2025-04-09,723.05,842.72,143.73,766.33,2272.31,310.79,566.35,111.92,178.48,1039.90,407.26,383.42,218.85,419.20,208.96,31.64,123.69,260.97,1092.93,612.75,1532.69,392.85,616.65,347.13,659.35,884.52,1327.41,104.58,126.67,179.54,60.63
2025-04-10,627.46,803.83,131.47,741.48,2093.09,286.26,547.96,125.16,170.00,928.44,334.57,409.31,223.14,486.46,228.74,33.33,105.13,222.22,1032.28,592.88,1451.11,406.93,626.07,267.48,642.77,860.20,1257.31,83.43,108.40,165.63,64.86
2025-04-11,435.75,662.41,98.45,622.20,2375.92,229.86,430.92,107.91,148.06,744.06,242.75,389.40,161.17,413.64,186.34,25.96,84.62,174.87,818.10,475.57,1117.66,321.14,465.11,222.24,439.06,678.32,1041.65,61.36,72.85,140.03,62.82
2025-04-14,370.30,661.60,93.53,621.45,2084.89,239.90,382.66,110.26,151.27,770.64,279.98,361.51,136.86,426.55,200.89,22.54,85.81,163.68,759.67,404.87,1029.41,286.76,450.65,230.50,388.92,702.16,971.90,75.09,81.89,136.06,66.42
2025-04-15,304.78,666.45,81.59,472.94,1369.94,225.73,416.46,109.52,177.52,651.67,281.71,284.72,99.83,389.03,166.92,22.92,70.66,149.89,682.47,321.21,851.86,303.07,329.58,260.32,304.30,581.13,838.55,57.45,65.00,120.47,87.33
2025-04-16,285.29,658.80,80.49,489.95,1512.50,194.01,422.93,126.53,158.13,646.51,321.36,338.37,118.59,370.29,194.34,27.60,69.97,175.38,646.04,326.64,882.54,302.33,380.62,283.28,335.01,592.55,816.39,69.19,80.55,113.09,69.00
2025-04-17,217.19,605.01,66.04,516.12,1402.55,162.67,446.49,124.28,146.52,523.41,263.65,289.43,208.69,338.52,218.70,34.18,74.40,156.54,513.28,333.66,834.47,234.91,296.52,205.36,269.28,489.18,705.70,56.13,64.86,105.60,59.84
2025-04-18,191.53,588.06,55.30,391.03,1145.82,159.89,333.17,114.12,127.15,531.50,236.64,227.62,196.41,329.13,181.21,36.93,66.82,159.88,468.86,291.31,853.54,209.48,377.97,209.93,326.05,391.61,645.98,55.84,67.62,102.87,53.70
2025-04-21,162.75,645.46,83.67,567.86,1278.83,188.61,348.29,113.33,141.92,612.22,230.72,202.31,166.85,324.90,162.96,36.01,69.64,172.20,622.15,320.17,1024.35,295.14,453.21,246.26,330.98,509.57,797.38,58.09,65.72,105.25,59.83
2025-04-22,208.75,714.71,73.09,595.76,1283.63,181.00,348.56,122.09,143.81,763.90,285.81,296.19,196.06,361.37,171.32,32.95,74.35,176.21,610.21,309.58,1055.84,282.01,464.40,215.67,379.24,493.11,760.25,55.91,68.60,113.72,48.10
2025-04-23,216.65,712.38,78.35,620.86,1538.20,226.73,331.97,121.97,152.75,733.33,239.11,324.08,181.88,374.81,139.80,29.69,89.74,188.26,745.37,312.63,1181.17,286.84,615.83,180.34,422.35,821.10,1132.65,52.62,76.75,107.10,53.12
2025-04-24,201.65,735.37,68.27,444.03,1203.08,179.98,325.99,101.30,154.32,738.80,317.95,245.75,178.62,317.94,128.05,23.71,78.89,185.65,725.20,325.14,985.89,254.12,479.08,211.29,366.71,770.84,972.92,61.53,75.29,106.70,85.42
2025-04-25,166.46,754.27,80.05,427.92,1363.50,180.95,306.41,105.46,151.89,797.08,420.88,230.24,293.30,266.73,144.38,25.89,86.49,194.93,655.81,278.05,1005.81,243.85,533.01,201.73,401.12,658.37,780.64,70.92,75.62,119.21,80.60
2025-04-28,162.07,672.12,110.17,360.19,1131.74,218.17,308.56,106.89,142.33,711.91,480.78,213.56,218.50,261.58,147.14,25.77,81.85,190.66,694.20,249.09,1000.87,332.70,445.80,226.06,344.87,600.35,758.33,82.08,71.16,117.04,74.77
2025-04-29,145.09,686.22,83.39,298.09,1195.57,229.64,333.61,127.43,151.93,684.29,378.52,205.16,119.58,234.48,101.46,15.03,75.54,171.01,687.96,278.75,982.03,298.28,417.83,225.16,282.68,628.93,854.38,57.60,76.97,105.48,71.09
2025-04-30,151.49,686.09,83.28,336.55,1477.29,288.08,325.11,135.53,172.91,687.75,300.95,222.65,147.91,229.60,112.23,22.98,86.36,196.45,777.01,285.34,1259.48,347.13,469.95,369.41,348.04,788.53,1040.18,57.42,79.00,110.65,72.54
2025-05-06,170.64,769.94,107.36,554.16,1749.65,316.30,307.31,152.55,202.63,739.52,309.91,270.30,150.70,228.55,133.35,24.31,87.62,210.24,888.10,346.86,1498.34,407.65,639.98,273.70,436.54,834.38,1211.50,60.67,80.31,126.71,60.12
2025-05-07,243.37,881.46,91.48,526.52,1735.71,320.95,312.01,180.84,224.49,802.78,305.52,265.87,195.37,248.19,116.95,27.01,94.64,217.09,941.79,792.66,1602.65,367.09,627.51,284.34,633.29,943.40,1341.45,64.88,87.74,131.31,67.47
2025-05-08,183.94,774.96,73.40,426.32,1446.74,267.32,291.30,157.55,171.86,687.52,282.38,200.56,144.78,240.37,100.43,20.72,76.06,191.15,872.39,789.08,1259.87,388.00,762.56,271.80,419.63,859.58,1279.28,48.79,69.84,118.57,52.68
2025-05-09,172.49,649.86,70.12,378.73,1331.95,275.26,247.06,164.71,179.98,642.38,319.03,181.33,133.80,226.55,89.84,20.02,81.69,189.81,754.37,808.33,1190.64,306.18,597.00,289.81,314.23,824.49,1172.38,52.89,70.05,112.12,68.76
2025-05-12,161.79,678.61,66.13,488.14,1546.62,282.11,260.85,183.24,182.92,722.64,269.15,209.57,111.14,201.31,86.22,22.17,84.84,188.85,969.92,1143.20,1127.18,260.64,585.87,284.30,481.28,880.78,1291.19,64.17,68.12,116.88,58.31
2025-05-13,138.78,745.59,62.28,439.93,1507.25,266.22,229.63,172.02,204.01,739.63,253.86,292.57,108.63,242.12,116.47,18.27,74.42,212.31,1077.45,907.20,1127.36,305.73,591.15,297.03,393.85,846.35,1205.79,70.04,78.25,114.67,71.22
2025-05-14,155.79,786.60,57.61,486.02,1367.83,225.66,328.41,168.65,185.73,650.58,287.74,445.41,122.78,256.51,91.45,17.66,66.33,200.91,856.05,607.80,1249.78,277.93,625.56,327.69,1050.45,749.09,1152.94,76.98,94.00,115.81,76.45
2025-05-15,206.19,751.14,54.66,489.15,1126.09,205.85,295.00,159.42,182.40,655.83,291.96,428.51,107.36,255.96,81.48,20.37,61.91,169.31,677.23,549.67,1043.05,256.85,511.39,258.95,562.62,721.48,1007.98,83.12,79.01,99.54,122.76
2025-05-16,173.01,780.06,52.46,439.10,1021.77,206.15,281.27,168.77,175.54,735.18,235.17,346.38,97.95,234.04,75.52,27.51,68.71,188.73,664.22,448.70,787.64,212.95,477.56,252.85,365.05,930.92,1084.44,63.85,73.62,98.65,107.88
2025-05-19,168.18,779.02,58.34,393.10,1068.06,186.12,351.53,153.60,196.74,659.26,231.56,323.09,145.37,249.24,98.75,25.23,80.65,193.47,692.42,487.40,802.74,234.98,409.51,207.88,316.06,878.13,1056.51,75.30,65.71,139.48,99.60
2025-05-20,234.41,781.57,52.42,416.60,1147.91,212.61,386.74,168.08,230.57,862.20,317.91,339.40,136.82,259.52,109.40,29.73,80.65,199.11,751.93,493.81,824.41,351.93,430.77,204.99,318.69,855.91,1062.18,58.70,60.18,147.29,139.04
2025-05-21,200.46,778.62,49.07,533.04,1157.75,182.17,322.33,162.19,258.88,863.69,381.01,310.71,115.86,245.42,88.17,36.83,74.25,202.53,993.11,422.55,785.35,269.15,442.31,224.22,298.33,947.34,926.33,120.89,75.58,134.84,108.07
2025-05-22,171.64,671.67,56.46,415.00,1131.09,190.57,259.54,153.01,260.28,811.28,337.60,306.52,124.37,244.56,92.45,45.05,66.84,190.07,862.04,514.47,734.53,342.28,382.98,252.87,259.49,885.10,869.30,72.41,67.52,119.02,115.91
2025-05-23,147.90,711.06,60.43,441.80,1155.91,221.88,272.56,145.54,250.82,1058.01,288.07,245.56,109.86,200.80,77.39,34.55,68.70,192.56,862.82,442.21,877.24,326.08,405.87,262.83,337.51,1066.38,935.04,66.41,65.88,121.06,86.84
2025-05-26,123.48,646.71,47.49,422.09,1057.57,169.77,301.61,131.06,244.07,836.11,233.47,220.12,92.75,169.36,63.44,31.21,65.43,173.88,797.82,365.31,742.55,335.11,364.80,233.54,242.42,838.66,845.83,55.78,60.60,112.78,69.10
2025-05-27,159.82,758.37,48.64,386.47,941.90,163.23,339.74,147.30,252.22,805.10,224.72,225.32,97.26,177.62,66.81,26.96,59.96,157.91,769.10,380.61,732.67,273.86,385.75,220.17,201.39,762.86,890.82,52.37,56.78,133.41,84.60
2025-05-28,158.43,801.77,42.59,291.95,924.76,164.87,379.56,173.16,263.07,724.70,222.83,238.99,86.62,213.23,71.36,31.46,58.25,151.40,785.02,366.74,738.75,269.62,427.38,214.60,206.62,765.11,928.00,46.69,79.65,168.48,99.50
2025-05-29,137.89,735.26,47.20,330.64,1241.47,190.88,335.38,165.24,250.17,987.79,232.81,285.81,100.51,259.66,82.54,32.69,72.85,187.62,843.41,429.37,1218.95,327.63,523.66,225.24,320.95,872.16,1018.67,51.10,64.80,173.27,89.75
2025-05-30,214.02,655.45,49.32,285.94,1042.58,166.57,317.58,140.26,206.33,1142.56,242.55,280.63,111.24,207.21,77.15,25.62,85.55,192.09,778.60,501.21,1098.48,331.11,420.87,286.87,316.43,854.71,937.25,47.64,63.31,210.17,86.73
2025-06-03,198.27,604.29,60.65,401.29,972.46,195.57,357.04,161.10,212.46,1249.41,239.93,287.97,112.95,170.31,95.16,27.79,93.24,196.15,691.20,596.16,991.61,416.32,371.64,386.59,370.98,754.54,777.86,65.17,59.77,164.33,120.03
2025-06-04,186.38,661.61,56.10,481.33,1062.69,169.93,373.28,195.30,258.20,1167.27,209.69,264.68,120.03,216.12,121.08,33.89,92.80,187.18,790.70,469.62,947.69,343.40,536.45,266.02,419.72,658.98,821.80,64.46,55.02,158.15,130.33
2025-06-05,184.18,710.55,61.04,460.34,1509.53,204.02,361.57,207.31,262.46,1061.04,218.17,232.44,113.94,218.29,122.25,25.63,89.48,201.58,820.88,466.73,1370.22,414.23,685.17,263.77,475.27,766.39,986.58,53.32,52.38,143.59,115.24
2025-06-06,166.74,779.62,54.23,495.29,1219.10,169.33,289.42,162.30,225.73,930.24,199.34,224.63,104.31,180.88,104.74,17.76,91.51,223.77,822.36,460.64,1158.46,329.61,668.30,218.97,338.93,664.29,842.89,62.47,70.04,127.05,84.56
2025-06-09,181.59,764.39,58.87,632.07,1275.89,200.29,318.82,168.27,241.74,1318.71,205.20,217.70,108.49,210.05,145.35,22.20,79.06,214.82,946.53,541.57,1146.60,410.18,721.06,265.98,481.05,755.20,852.07,62.92,83.41,138.18,75.75
2025-06-10,228.05,874.28,56.53,622.75,1439.22,213.98,345.57,183.31,283.12,1441.87,292.89,308.03,144.51,232.21,151.99,37.98,83.12,224.66,1073.82,504.97,1221.61,505.56,679.17,329.23,451.50,799.52,979.75,67.83,91.25,153.15,110.65
2025-06-11,237.62,735.06,71.20,765.79,1201.88,173.95,270.31,169.73,261.12,1116.52,215.72,312.86,124.94,209.33,135.60,25.22,61.35,183.20,934.01,315.38,1091.11,529.65,507.54,247.02,627.02,830.01,782.61,67.98,78.88,124.87,91.18
2025-06-12,177.76,710.29,61.67,716.45,1306.57,159.44,373.17,169.05,272.11,1233.54,199.26,247.16,109.19,204.53,139.02,21.55,71.89,172.12,816.17,328.33,1067.90,640.04,729.77,263.07,527.70,778.97,788.43,66.12,98.29,124.99,101.96
2025-06-13,201.96,820.75,63.83,804.51,1494.95,201.13,435.52,178.82,272.25,1396.70,269.61,331.51,131.97,219.70,161.92,29.30,83.93,193.63,948.11,754.14,1237.75,584.09,611.31,389.26,510.27,814.34,929.00,87.13,226.66,155.15,100.76
2025-06-16,153.77,725.24,55.69,624.79,1235.25,137.19,315.23,141.84,258.51,1047.68,210.14,226.73,147.46,168.54,112.15,25.10,78.56,162.59,764.58,537.16,1217.70,576.56,628.83,293.49,449.68,573.69,766.67,66.84,236.43,117.48,72.49
2025-06-17,154.12,736.87,51.64,538.84,1222.60,155.15,277.44,147.18,239.62,1268.42,224.85,258.96,99.55,177.40,107.66,22.63,77.01,149.13,819.48,488.07,1271.29,516.05,535.92,230.50,447.69,566.62,788.07,72.62,232.76,106.77,68.74
2025-06-18,140.86,689.26,47.85,502.95,1541.63,146.39,298.06,126.45,227.98,945.73,222.72,230.98,100.45,182.37,92.66,19.65,74.78,140.59,850.38,623.87,1149.00,360.42,672.81,278.19,438.41,587.54,794.64,59.39,185.59,101.17,66.55
2025-06-19,142.69,701.04,66.72,482.74,1547.38,209.60,253.28,118.23,222.38,862.57,277.93,229.39,100.81,174.55,109.69,20.49,76.93,162.71,1045.12,585.94,1183.94,459.37,703.77,257.20,424.37,662.48,932.68,62.68,247.58,115.50,61.53
2025-06-20,119.27,619.85,54.61,382.16,1372.66,164.11,304.19,84.12,186.49,725.93,210.73,233.77,83.16,152.80,86.10,16.69,72.26,128.54,920.38,438.91,976.95,394.31,590.50,324.40,356.48,491.83,764.69,55.50,194.81,95.64,42.99
2025-06-23,122.88,657.66,55.15,425.27,1512.22,158.93,241.04,98.45,192.56,807.52,215.35,301.70,83.46,146.58,85.22,20.20,70.24,131.22,938.85,494.66,1116.59,328.48,582.22,365.92,391.63,486.96,720.62,72.97,223.04,108.18,44.58
2025-06-24,127.09,789.23,60.33,539.50,1731.62,205.22,249.82,121.10,228.98,859.71,222.31,351.84,97.46,195.06,101.29,25.18,79.96,195.95,1360.92,591.71,1451.08,418.74,680.84,401.64,737.89,826.29,1015.96,67.64,201.11,130.21,48.81
2025-06-25,134.59,843.00,65.93,490.84,1983.86,229.88,287.08,121.75,234.93,863.41,221.08,287.66,124.95,241.43,111.77,24.39,82.51,204.61,1429.40,842.33,1948.81,415.30,743.90,368.83,1396.41,871.55,1015.52,63.33,147.41,137.99,56.94
2025-06-26,119.24,837.35,66.25,519.56,1902.85,212.39,281.14,120.90,238.55,793.34,215.22,244.21,116.42,243.24,158.08,26.89,77.72,203.34,1396.90,978.45,2107.52,444.47,777.25,371.20,1103.59,854.93,988.47,62.91,157.38,130.87,50.42
2025-06-27,103.40,769.08,75.67,726.65,2017.49,197.16,252.04,142.10,226.02,746.49,243.83,226.51,118.17,269.28,145.27,24.36,71.26,202.92,1275.33,832.02,1799.99,365.41,874.23,548.05,1149.89,798.25,834.41,74.51,115.36,133.71,46.27
2025-06-30,117.78,734.90,69.16,672.46,2036.21,210.20,277.16,161.26,243.97,875.18,189.72,196.27,107.97,241.58,124.34,20.29,85.04,196.88,1259.95,1048.42,1513.87,498.71,871.00,329.30,734.01,751.16,930.87,63.73,112.37,132.82,53.19
2025-07-01,124.65,825.15,66.79,637.08,2074.99,222.30,210.77,156.29,256.36,1156.65,298.58,207.44,117.37,229.16,135.28,25.54,99.64,178.99,1187.00,1045.96,1384.26,406.11,655.99,293.33,571.05,757.77,973.41,54.17,95.70,132.19,57.65
2025-07-02,185.00,871.14,154.85,714.19,1661.80,250.52,264.38,166.57,227.28,1006.88,255.64,253.43,121.00,192.78,127.98,20.34,144.57,192.46,1245.87,864.04,1120.49,335.69,601.42,274.62,458.59,629.50,1009.52,98.51,107.11,149.36,45.00
2025-07-03,190.68,773.74,134.98,581.91,1928.37,202.47,226.19,153.66,219.53,1081.26,255.86,203.02,106.04,171.91,112.84,16.30,152.57,179.39,1268.59,711.56,1001.85,288.75,600.16,239.68,421.45,585.54,913.57,74.16,85.39,149.83,48.40
2025-07-04,184.70,741.32,137.90,554.27,1981.27,198.84,232.71,152.24,219.87,1200.63,350.94,218.29,115.02,180.86,129.81,23.85,165.01,198.54,1184.25,628.89,1435.49,412.41,690.43,363.64,721.43,610.78,870.86,81.39,79.09,153.87,52.43
2025-07-07,159.05,660.46,98.42,409.57,1426.46,180.47,201.68,137.76,217.64,1066.67,483.98,168.01,159.54,152.96,114.15,30.24,151.83,181.67,972.21,523.46,1205.81,387.55,580.15,296.95,485.45,540.76,743.09,79.25,77.45,133.96,45.75
2025-07-08,159.45,804.33,127.38,570.89,1925.09,201.46,228.03,174.14,249.14,1111.93,480.88,203.65,153.62,184.74,127.35,26.60,181.40,204.08,1401.56,512.53,1429.62,425.59,749.54,297.17,675.68,629.62,904.16,69.48,85.82,141.24,65.26
2025-07-09,205.56,779.08,117.18,639.14,1794.58,214.31,284.45,190.38,255.09,1112.45,408.51,207.58,153.09,223.60,140.61,31.12,219.13,246.88,1370.11,605.28,1354.77,526.75,710.34,319.10,750.18,710.99,1075.16,78.38,97.60,138.72,61.91
2025-07-10,194.84,791.78,139.83,680.44,1638.73,175.87,282.43,181.00,215.07,1116.98,393.69,231.68,272.05,260.80,140.56,24.40,203.24,285.98,1253.45,490.75,1440.34,453.05,714.34,480.50,900.49,621.10,893.64,118.24,135.13,126.81,49.31
2025-07-11,193.41,747.74,173.05,1007.27,1718.44,241.32,361.62,156.04,210.21,1291.24,407.40,261.30,259.08,268.22,138.65,28.88,189.45,294.66,1173.50,598.32,1945.14,481.84,706.43,607.16,1540.44,674.91,967.60,123.91,130.19,135.63,53.00
2025-07-14,166.86,714.77,179.92,1012.45,1328.71,212.79,248.19,134.22,199.56,1140.56,399.16,207.91,217.68,193.48,121.46,26.93,161.73,249.83,1156.87,493.00,1443.99,444.86,630.29,405.91,857.30,712.77,1071.01,115.20,102.64,160.06,51.20
2025-07-15,191.55,791.79,147.80,818.89,1916.99,258.55,291.03,151.86,211.42,1245.81,408.16,242.53,249.50,184.41,140.38,27.72,160.89,257.54,1247.66,470.13,1801.52,459.82,1050.90,320.64,712.67,785.87,1125.65,106.96,103.06,162.71,61.31
2025-07-16,150.11,616.90,120.88,589.27,1689.56,222.43,235.40,146.73,188.51,1262.25,266.55,181.70,184.40,162.52,120.65,24.54,133.03,201.26,1025.63,409.60,1549.91,497.15,1070.61,327.63,571.91,880.36,1122.78,57.66,77.37,149.50,43.48
2025-07-17,152.42,643.59,113.14,610.79,2040.21,224.18,245.81,145.68,203.67,1419.73,262.53,206.09,154.22,216.88,116.70,23.07,142.25,186.02,1141.74,676.43,1720.73,427.38,950.91,236.92,581.54,1001.27,1147.72,50.16,84.57,141.32,46.76
2025-07-18,150.19,843.12,136.21,940.61,1902.07,199.24,326.39,140.54,195.68,1327.89,267.12,207.46,151.70,184.10,151.80,26.30,121.89,203.98,1216.15,700.57,1755.39,450.33,881.76,279.35,647.40,808.16,1054.94,80.87,98.15,151.39,51.14
2025-07-21,222.99,993.77,197.14,1021.10,1738.02,243.09,261.75,148.82,215.06,1388.72,359.31,286.65,173.25,191.57,155.63,37.54,270.75,386.08,1476.59,653.71,1444.84,380.90,767.56,295.63,769.86,863.93,1440.97,124.14,128.94,212.63,52.58
2025-07-22,253.79,1087.31,207.55,1105.85,1879.09,231.44,389.16,148.57,214.92,1535.54,387.23,306.85,205.17,200.33,166.06,36.55,365.53,504.20,1780.59,815.53,1420.76,365.41,850.60,412.89,745.85,848.35,1657.95,291.36,153.27,196.44,70.61
2025-07-23,270.61,1088.13,274.33,1003.58,1702.26,256.52,343.87,131.12,186.76,1531.50,461.38,368.63,242.66,233.62,180.48,27.28,369.23,600.32,1603.76,656.59,1483.91,342.28,728.30,378.86,1190.50,768.86,1468.83,273.88,141.64,205.93,84.46
2025-07-24,256.28,1004.38,231.86,1405.07,1831.45,232.13,305.75,123.36,168.73,1652.80,373.28,333.90,226.53,280.05,178.30,34.63,297.88,655.33,1413.87,642.07,1369.83,344.07,743.28,397.60,1154.06,736.80,1352.61,211.17,128.57,228.53,105.29
2025-07-25,238.94,1018.94,229.50,1226.99,1900.17,262.67,312.28,135.44,194.42,1661.43,301.32,368.28,236.06,258.91,193.71,35.71,319.52,568.37,1133.26,566.50,1704.74,479.04,631.07,322.48,901.26,784.47,1287.33,165.09,128.50,194.84,86.44
2025-07-28,193.58,925.31,188.01,1035.43,2301.32,266.12,294.48,129.48,200.29,1529.00,244.40,283.66,208.68,227.87,153.53,31.58,256.85,372.87,1159.95,765.51,1599.81,454.78,803.94,308.40,893.14,783.89,1282.28,142.53,109.81,175.95,79.16
2025-07-29,191.83,929.87,196.25,874.81,2393.98,257.69,350.02,134.68,212.07,1998.75,235.30,227.05,213.74,237.42,168.84,28.64,286.37,404.10,1312.39,770.41,1530.78,471.26,995.66,319.77,819.68,762.95,1242.80,104.23,94.62,175.71,72.26
2025-07-30,227.75,1013.50,252.83,944.10,2236.50,242.86,381.10,140.46,183.63,2163.64,312.05,269.69,236.28,236.65,186.86,25.44,266.31,330.09,1266.52,895.30,1456.30,617.42,814.86,339.65,807.55,802.95,1258.94,117.95,155.44,163.88,64.90
2025-07-31,205.38,881.53,232.93,895.85,2619.36,291.28,405.85,138.32,195.27,2079.01,336.56,279.91,251.20,237.84,188.79,23.88,262.48,354.91,1329.91,776.24,1818.24,638.07,1133.67,371.69,802.54,791.71,1323.16,125.69,126.50,157.62,56.53
2025-08-01,154.99,739.89,158.93,621.59,2044.27,211.14,261.23,124.03,168.25,1959.22,205.60,243.52,155.01,173.13,175.93,20.60,182.15,295.62,1156.87,687.91,1682.34,591.45,844.80,324.82,562.48,650.77,1202.06,67.22,109.83,138.97,44.77
2025-08-04,140.56,697.19,130.52,657.05,1845.22,213.49,217.51,140.63,171.27,1905.99,200.23,214.57,120.41,152.07,139.64,19.50,189.30,281.83,1066.14,856.44,1347.68,553.68,626.32,324.57,419.07,745.07,1265.00,56.76,82.16,133.13,44.53
2025-08-05,156.36,800.76,147.11,637.23,1979.41,245.08,244.79,141.25,175.06,1670.07,209.04,204.04,166.90,155.14,136.75,24.70,185.98,271.43,1082.72,985.92,1380.74,527.31,883.01,342.70,537.22,867.35,1447.20,65.22,76.27,144.00,43.79
2025-08-06,151.91,878.44,131.97,695.35,2201.73,319.90,221.43,158.95,196.86,1605.01,211.24,195.35,158.85,149.83,166.68,21.05,161.87,284.12,1223.27,1248.38,1608.98,551.53,773.06,268.18,451.99,1038.03,1850.72,115.65,69.97,153.11,42.99
2025-08-07,175.73,885.68,162.91,1071.05,2807.27,272.75,283.55,184.08,188.28,1563.21,223.21,236.96,178.30,174.39,167.16,25.65,175.76,304.32,1170.74,1149.82,1636.22,508.11,862.10,266.51,506.78,934.81,1714.66,91.82,85.03,157.90,69.03
2025-08-08,181.40,819.76,148.89,963.86,2205.32,263.08,222.10,179.57,177.27,1496.50,321.51,195.27,170.54,161.33,169.11,28.98,205.34,351.32,1287.68,953.85,1629.07,537.07,822.24,240.74,442.59,817.73,1707.73,60.76,92.94,153.01,56.43
2025-08-11,191.55,959.78,136.94,971.14,2441.85,271.38,359.42,146.17,191.42,1539.34,311.14,209.61,203.49,206.00,161.18,31.40,223.91,348.20,1604.41,940.61,1566.98,468.41,875.43,290.92,623.26,869.11,1690.96,65.10,104.82,179.57,58.47
2025-08-12,189.53,939.22,122.28,866.37,2981.05,304.02,334.56,183.94,199.02,1537.34,253.01,243.62,225.54,212.82,156.52,37.85,192.87,325.72,1493.32,994.13,1731.64,474.04,973.07,261.88,612.35,910.25,1590.42,83.54,105.12,175.45,57.83
2025-08-13,199.45,1001.14,152.82,1001.46,3190.12,302.78,349.41,174.03,202.61,1805.58,264.35,257.47,227.12,283.44,160.34,36.33,196.48,357.20,1693.94,896.07,2107.39,534.50,1280.36,357.43,1149.59,1061.70,1795.02,74.81,96.24,199.66,57.80
2025-08-14,191.47,1055.12,156.04,1053.12,3560.95,334.00,359.13,180.07,254.72,1708.48,312.70,250.19,272.65,268.81,193.44,31.87,241.03,372.33,1744.97,1004.78,2432.03,590.13,1142.72,295.00,1233.67,1125.99,1943.17,74.06,90.71,212.53,63.38
2025-08-15,202.29,1012.96,125.29,1073.61,3239.38,384.28,330.66,138.97,231.62,1568.57,304.20,249.91,278.75,208.39,160.58,30.73,233.95,322.55,1992.49,796.99,2356.18,484.14,1075.77,482.02,1816.87,1095.96,1829.27,62.32,101.34,178.91,51.11
2025-08-18,230.03,1286.99,176.43,1332.06,4265.32,458.43,386.48,169.36,264.15,1918.32,353.67,302.91,321.95,273.91,221.50,57.61,275.34,358.80,2177.65,1043.10,3090.97,825.09,1532.36,384.90,1798.24,1312.36,2215.95,139.53,126.85,242.73,61.45
2025-08-19,242.50,1092.18,143.85,1357.70,3778.00,516.99,502.51,169.87,244.88,2117.08,362.32,254.29,320.45,271.67,203.59,63.61,252.01,334.43,2010.09,1057.91,2851.78,659.52,1404.53,292.20,1213.55,1408.67,2264.60,93.29,95.24,222.95,65.49
2025-08-20,242.18,1051.97,137.80,1268.15,3994.27,489.87,606.19,156.18,244.05,1725.99,291.46,268.72,268.74,287.36,221.78,54.02,193.48,302.06,1812.35,943.12,2483.50,573.30,1311.53,324.68,1017.34,1294.87,2003.59,78.35,137.95,197.32,87.83
2025-08-21,310.97,1218.84,157.44,1130.21,4155.03,449.16,449.21,164.82,264.16,1587.27,370.59,290.37,224.14,337.15,218.64,49.21,230.22,356.27,1691.02,851.74,2797.65,596.99,1414.07,305.58,892.92,1258.30,1881.90,95.56,177.51,199.42,96.37
2025-08-22,238.75,1065.22,172.77,1172.69,4840.57,404.49,397.09,173.67,248.07,1534.08,333.35,299.68,214.61,285.72,227.46,46.78,229.62,324.13,1718.05,1013.30,3158.21,700.08,1454.64,364.07,1339.22,1201.22,1783.55,94.41,137.20,194.37,82.72
2025-08-25,282.49,1236.16,214.07,1730.95,5644.92,512.33,654.75,184.33,297.63,2014.11,474.28,340.30,442.41,405.57,253.57,57.27,289.09,434.01,2197.07,1258.71,3534.70,868.29,1838.17,418.51,1524.47,1403.28,2261.18,126.63,147.27,253.68,86.81
2025-08-26,360.18,1189.98,227.78,1427.62,4576.03,439.47,530.73,174.80,273.36,1640.47,376.08,334.08,351.54,377.18,273.34,58.19,238.63,385.53,1901.52,1020.39,3187.76,825.42,1492.39,307.49,950.66,1274.13,1986.59,103.64,140.22,240.42,96.17
2025-08-27,322.91,1268.35,221.95,1586.12,5752.15,494.02,537.99,194.27,305.82,1936.61,499.09,351.38,340.32,421.86,300.14,50.29,247.74,465.71,2319.12,1079.61,3859.19,945.89,1944.65,405.22,1297.04,1479.08,2351.26,125.68,157.41,266.27,106.46
2025-08-28,308.24,1192.48,179.71,1475.74,5839.71,444.90,478.50,177.19,307.75,1786.88,435.46,316.75,264.41,386.09,279.24,49.33,244.44,401.86,2188.12,1117.18,3423.21,749.41,2067.98,375.09,1112.63,1339.41,2161.51,125.43,134.84,235.58,90.04
2025-08-29,241.69,1096.82,169.34,1636.98,4963.19,497.59,593.58,143.89,264.47,1650.80,392.76,411.70,333.32,358.17,249.58,53.81,238.06,389.39,2347.58,1164.98,2812.49,611.07,1767.36,512.68,1294.76,1397.79,1860.05,101.25,137.16,183.48,79.83
2025-09-01,240.63,1100.99,166.33,1763.12,4917.12,441.27,489.15,172.79,268.87,1915.78,370.80,384.28,281.26,367.38,247.21,72.18,225.88,372.04,2246.48,1036.47,2775.10,626.40,1948.55,495.03,986.51,1265.07,1797.61,101.60,129.92,201.05,73.12
2025-09-02,246.48,1146.83,148.28,1728.79,5029.76,470.75,473.25,185.31,255.22,1877.85,414.64,318.21,304.87,377.09,248.24,73.19,206.82,358.06,2450.94,941.58,2711.68,705.30,2175.99,494.18,1063.86,1401.70,2346.96,94.42,169.65,242.29,67.04
2025-09-03,195.38,911.12,114.49,1445.97,3743.68,357.12,406.80,174.67,225.81,1562.24,409.76,253.09,277.08,313.63,219.17,66.23,144.65,287.27,2433.25,952.38,2069.60,612.13,1615.58,347.13,970.40,1212.00,1858.80,77.56,113.21,192.83,60.53
2025-09-04,228.40,1007.69,117.03,1514.20,4325.63,343.93,440.92,172.45,256.29,1660.87,382.34,282.66,244.99,418.94,263.85,55.15,157.49,294.41,3058.29,764.62,2022.66,576.79,1914.72,489.54,935.65,1152.22,1817.23,87.51,146.23,220.91,72.12
2025-09-05,178.92,983.71,103.94,1317.79,3828.33,296.74,358.03,177.34,257.98,1456.13,361.16,262.88,234.22,410.09,256.44,71.01,147.28,253.33,3567.47,611.87,1601.43,604.64,1532.94,324.84,706.91,1082.62,1604.36,78.43,93.20,185.38,62.70
2025-09-08,259.51,1201.38,121.11,1346.39,3722.74,329.39,441.46,174.53,270.86,1571.97,478.37,349.14,270.54,345.24,245.71,67.37,173.51,281.59,3717.07,631.59,1546.13,635.28,1425.70,351.02,620.26,1179.36,1925.86,80.85,114.04,197.85,82.11
2025-09-09,217.00,1111.51,133.41,1458.40,3070.47,375.54,351.02,192.21,271.89,1424.76,371.15,271.04,320.89,345.44,195.99,58.85,149.74,238.08,2978.31,533.59,1420.93,613.94,1068.09,269.38,604.44,1161.68,1539.66,71.23,84.62,199.50,58.89
2025-09-10,187.44,902.37,103.94,1143.25,3188.99,281.13,379.82,161.07,250.22,1127.54,285.66,214.82,272.21,335.30,206.61,58.75,153.50,228.14,2604.33,485.29,1338.84,722.34,1423.10,265.46,476.55,1086.85,1473.57,58.60,117.01,164.06,55.20
2025-09-11,308.67,910.87,105.86,1182.10,4588.48,349.64,378.26,150.66,242.64,1580.51,373.12,253.15,298.00,332.56,213.02,86.65,185.58,286.94,2710.05,594.66,2053.71,679.53,1819.38,334.31,938.49,1142.75,1802.55,70.91,122.75,193.47,58.18
2025-09-12,256.59,978.03,178.48,1643.42,5033.61,365.85,370.22,151.11,234.13,1423.74,384.78,280.69,385.09,361.03,193.78,72.51,192.50,374.96,2715.07,640.88,2170.79,688.60,1553.85,349.65,756.60,1136.86,1838.49,100.51,104.82,193.40,55.57
2025-09-15,284.10,891.14,144.37,1274.91,4236.85,355.48,306.78,148.22,250.16,1282.79,399.75,275.87,369.76,298.03,193.42,58.74,162.79,328.38,3001.58,477.37,1789.74,703.28,1198.77,330.47,627.19,1318.18,1605.34,116.53,106.13,174.12,47.57
2025-09-16,248.48,903.91,137.64,1315.28,4157.22,390.31,312.32,182.40,244.82,1158.87,365.28,343.89,367.03,377.96,224.65,58.67,147.54,323.04,2555.19,478.76,1909.55,695.58,1293.81,383.63,794.56,1496.55,2069.57,125.39,102.35,184.79,48.03
2025-09-17,210.09,892.66,113.43,1083.17,4387.82,523.92,309.67,165.68,239.27,1122.36,343.21,318.41,382.23,388.09,223.28,54.06,143.90,400.89,2713.96,469.50,1965.73,648.14,1241.74,293.44,1018.13,1482.83,2122.51,148.61,102.86,191.89,46.14
2025-09-18,250.49,1226.53,146.08,1283.49,6258.93,636.19,388.93,199.57,303.64,1561.08,488.66,377.31,453.53,401.68,284.91,55.13,200.49,486.51,3281.85,737.37,2759.45,738.12,1835.77,407.16,1226.72,2000.75,2762.61,149.42,133.24,237.29,60.24
2025-09-19,181.88,916.77,120.18,933.15,4736.32,455.78,289.92,162.99,277.10,1113.55,342.41,318.68,396.66,323.43,295.73,42.98,180.61,365.76,2377.83,637.09,1726.65,618.64,1441.63,345.34,609.31,1512.13,1993.44,191.89,89.25,186.34,41.71
2025-09-22,172.83,841.58,107.01,966.70,4878.59,446.41,260.71,168.47,245.63,991.08,294.26,283.60,351.83,248.15,228.66,39.76,161.05,320.78,1966.58,511.47,1727.77,505.57,1344.07,254.89,501.12,1273.32,1709.48,115.34,80.07,170.90,36.33
2025-09-23,181.24,938.96,104.41,1084.99,5527.06,460.03,293.66,179.58,249.51,1189.29,349.37,321.82,377.06,266.45,216.51,55.57,170.50,371.08,2649.96,570.61,2058.75,585.50,1586.02,455.14,667.20,1497.06,1990.81,152.45,91.23,218.98,44.39
2025-09-24,150.04,864.19,99.41,883.21,6006.48,402.69,239.50,144.48,207.46,974.59,350.46,273.63,340.83,191.26,161.59,40.98,142.08,309.10,2737.67,452.24,1923.92,554.78,1292.60,320.71,596.54,1292.96,1830.60,105.86,91.08,227.72,34.11
2025-09-25,155.12,811.97,125.90,1268.36,5275.40,407.27,268.55,144.16,211.31,1103.39,318.34,244.01,363.49,225.99,162.47,36.66,158.48,308.18,2897.23,484.82,2130.78,745.35,1496.10,284.03,523.91,1281.99,1760.60,91.61,80.10,233.47,33.44
2025-09-26,172.46,790.80,109.97,1097.06,4700.90,348.36,304.32,129.08,185.85,976.35,320.27,210.67,344.34,197.74,130.20,30.87,121.96,277.33,2633.80,550.91,1749.92,618.16,1232.89,261.70,504.96,1332.17,1615.63,93.63,106.30,219.25,36.01
2025-09-29,167.60,848.84,126.99,1253.76,4207.98,367.13,337.24,121.93,191.68,903.10,343.66,229.97,313.52,201.46,132.87,30.10,127.25,280.93,2872.27,451.16,1609.66,494.27,1114.46,351.42,1480.07,1150.82,1400.42,102.11,100.36,208.39,36.06
2025-09-30,137.90,864.14,128.82,1569.35,4581.13,343.42,264.71,114.15,176.34,897.48,320.06,211.49,349.68,193.83,134.96,30.60,115.19,308.86,2850.23,643.25,1662.75,511.89,1138.30,290.14,944.69,1149.13,1391.64,74.15,96.53,213.14,30.70
2025-10-09,181.81,1049.81,202.64,2140.07,5713.69,414.05,337.38,134.38,205.47,1048.19,456.23,275.29,388.96,233.73,166.13,31.41,151.49,448.02,3177.17,683.37,2190.37,632.03,1383.82,339.86,950.88,1288.24,1696.81,131.58,127.21,240.35,40.64
2025-10-10,202.85,1003.59,184.13,2031.45,5078.93,379.34,296.40,151.67,207.80,1022.90,451.35,282.14,343.12,207.11,121.77,34.30,197.99,448.02,3172.81,679.37,1860.01,526.43,1334.52,397.65,956.27,1297.36,1607.19,160.80,141.81,280.50,52.05
2025-10-13,246.71,968.98,204.03,2208.72,4639.16,336.61,298.62,142.93,216.53,975.58,450.64,297.39,302.88,220.42,129.81,31.75,161.08,422.82,2618.90,694.32,1789.67,443.77,1144.46,443.06,772.05,1192.46,1577.77,135.73,130.42,272.45,47.71
2025-10-14,242.86,1076.97,286.28,2440.99,4871.18,347.01,400.49,159.38,243.02,1025.24,522.25,338.52,373.42,239.33,139.47,33.68,164.34,454.23,3003.31,800.81,1787.15,436.33,1298.85,573.85,889.80,1141.20,1784.80,216.74,130.97,269.13,43.76
2025-10-15,186.65,811.95,199.76,1792.14,3766.14,309.17,343.33,147.86,208.86,1057.66,439.46,281.79,257.66,286.74,119.94,35.65,151.07,372.01,2496.40,552.20,1347.00,385.33,909.21,400.72,756.79,1137.39,1444.38,161.72,102.76,195.80,59.83
2025-10-16,168.74,787.42,154.03,1427.50,3506.54,280.67,309.80,146.65,191.03,1090.01,368.02,318.30,241.99,230.41,116.36,30.33,142.27,330.64,2425.93,541.80,1322.26,312.32,913.53,421.94,661.28,1036.92,1273.90,218.07,95.24,184.66,53.24
2025-10-17,181.00,802.46,169.28,1472.09,3421.06,284.62,269.14,151.52,171.77,1078.24,395.84,332.96,284.36,222.30,120.71,35.38,126.25,360.18,2391.02,519.01,1347.52,349.03,1019.82,391.54,704.50,1000.53,1197.39,210.33,110.37,184.40,42.32
2025-10-20,172.46,743.15,136.91,1205.49,3283.46,298.01,218.24,131.45,167.91,922.22,407.66,359.76,263.03,182.60,118.86,32.71,110.48,285.50,1946.09,440.39,1111.10,318.69,1081.66,354.38,532.61,824.94,1114.72,257.50,115.22,180.38,34.40
2025-10-21,172.59,733.18,119.79,1158.47,3859.21,293.98,222.09,156.89,187.09,914.92,419.22,337.45,295.07,212.78,122.42,37.78,134.23,366.92,1945.68,489.09,1116.79,349.16,1259.65,338.34,753.40,833.53,1265.91,246.51,151.06,186.47,37.42
2025-10-22,159.87,694.68,106.95,1123.48,3039.14,303.14,205.41,142.85,181.02,933.43,325.90,265.67,363.32,195.52,113.25,27.33,157.12,410.87,1631.21,438.92,950.86,379.02,1029.97,344.66,440.36,776.87,1310.89,157.53,201.13,182.52,38.42
2025-10-23,167.74,705.10,110.95,1075.11,2657.11,292.77,221.19,126.46,165.14,910.80,384.39,290.62,338.25,207.44,134.25,31.03,138.67,380.44,1632.31,414.62,1074.34,420.77,855.18,424.42,508.99,759.69,1305.45,221.82,203.82,210.69,34.11
2025-10-24,168.51,790.12,128.58,1187.34,4300.59,307.02,273.91,115.83,168.77,899.67,369.57,298.94,285.37,206.08,127.70,43.88,148.89,393.36,1948.38,638.23,1327.13,403.56,1193.60,382.84,626.56,831.80,1504.83,221.88,160.34,190.72,43.82
2025-10-27,207.34,951.49,171.19,1465.09,5092.89,368.15,261.67,116.55,198.68,1146.56,469.17,311.64,267.43,197.80,136.97,49.32,182.49,450.00,2451.65,730.77,1598.55,451.87,1389.48,408.66,943.47,962.93,1751.50,204.59,144.47,207.88,51.30
2025-10-28,161.28,936.99,145.30,1414.37,4435.92,379.91,234.90,114.74,191.56,1044.69,365.78,311.18,264.85,207.09,122.54,64.48,175.83,390.95,2219.79,843.41,1625.16,406.90,1288.74,330.10,629.96,974.01,1545.64,165.23,114.47,202.51,59.85
2025-10-29,164.72,950.84,137.82,1472.01,4214.10,310.01,263.17,122.33,187.83,1096.05,398.21,322.80,296.82,205.17,119.35,53.98,193.63,360.73,2987.76,735.54,1629.79,430.81,1382.29,395.89,1011.77,976.81,1487.94,189.86,113.02,211.34,53.71
2025-10-30,230.23,975.91,198.33,1913.48,4379.32,353.28,326.43,133.13,204.25,1214.86,460.41,362.01,282.78,228.77,122.11,43.36,177.55,389.72,3139.10,743.43,1758.79,532.85,1463.47,354.95,873.26,1060.41,1624.68,193.11,121.15,225.76,51.86
2025-10-31,202.48,1009.52,184.35,1495.86,3955.50,389.25,377.52,156.18,202.75,1504.98,455.80,393.87,297.54,274.06,135.17,40.39,179.01,426.35,2937.17,552.95,1793.49,685.02,1221.64,393.64,717.67,1082.97,1564.81,129.62,117.84,203.85,47.95
2025-11-03,198.82,941.78,209.71,1327.29,3434.20,323.19,309.18,146.19,221.51,1373.25,360.37,328.06,270.77,223.12,140.59,42.68,167.59,398.79,2726.78,546.72,1719.35,719.68,956.24,360.39,532.85,974.68,1440.99,172.31,155.03,265.24,47.47
2025-11-04,215.72,876.88,206.49,1086.85,2957.66,288.17,248.44,157.07,224.06,1200.83,359.60,341.69,259.45,202.63,148.33,37.89,147.42,399.29,2484.48,509.85,1532.12,678.42,885.76,452.84,464.75,913.49,1310.77,156.73,125.28,231.06,42.99
2025-11-05,235.49,842.68,178.64,1033.86,2690.32,249.53,265.52,164.32,237.86,1024.56,410.46,303.33,257.96,251.33,173.62,51.62,155.06,391.74,3152.95,415.32,1368.68,653.25,750.35,335.95,409.05,817.45,1264.69,191.84,125.56,261.11,36.17
2025-11-06,230.63,998.42,182.83,1158.41,3524.52,354.28,246.86,139.16,201.55,891.91,488.45,299.33,254.44,210.03,152.88,55.49,145.72,455.29,3258.33,523.09,1368.50,544.64,960.46,299.78,578.49,987.32,1410.99,198.20,137.42,221.22,39.44
2025-11-07,245.70,1442.15,181.12,1141.03,3032.92,285.99,204.65,134.61,183.46,975.02,417.49,288.14,245.77,221.92,141.83,56.65,179.56,390.50,3458.03,576.25,1236.12,456.50,843.69,266.05,433.24,1017.19,1279.11,157.02,168.52,248.11,36.90
2025-11-10,283.56,1623.80,189.38,1247.78,3461.44,346.47,545.37,152.47,210.94,1139.86,379.54,343.91,274.31,347.64,185.02,68.90,163.35,378.06,3478.88,539.52,1159.09,542.20,978.82,258.88,534.93,911.09,1281.26,167.92,170.53,278.30,70.29
2025-11-11,271.24,1355.10,175.58,1067.75,3246.29,315.75,418.42,169.29,193.65,1025.80,404.26,274.85,299.32,372.48,153.17,57.42,178.53,373.74,3108.22,468.60,1205.79,435.34,937.85,233.16,475.62,843.80,1240.21,175.71,122.16,257.25,54.91
2025-11-12,247.29,1246.78,160.53,1072.12,2932.03,346.09,372.55,184.79,188.08,1269.25,384.29,265.56,261.84,325.06,144.73,54.23,171.41,357.45,3037.11,458.97,1076.71,504.45,915.26,344.60,526.20,777.36,1194.29,140.72,174.39,246.13,51.09
2025-11-13,269.94,1571.85,169.99,1600.89,2951.94,289.22,353.45,174.94,219.64,1280.68,389.43,279.53,285.47,333.50,148.15,89.96,177.37,353.28,3461.39,418.27,1042.58,447.84,789.12,304.80,485.78,748.40,1181.29,141.47,165.15,240.12,43.28
2025-11-14,243.77,1410.55,151.68,1179.77,2867.83,265.58,313.62,191.49,236.49,1423.70,436.14,305.35,313.92,334.34,154.45,94.39,176.21,368.65,3080.61,469.90,1027.14,435.98,786.15,327.16,452.16,739.36,1155.57,180.36,163.75,246.21,43.27
2025-11-17,247.92,1334.63,155.94,1261.24,2548.89,254.83,290.47,170.53,224.45,1238.78,416.02,302.26,289.29,282.77,153.77,102.66,157.09,333.17,2810.02,654.80,1263.06,537.52,797.71,318.85,406.79,736.94,1138.59,231.65,166.32,228.20,40.25
2025-11-18,221.82,1277.60,197.26,1264.13,2733.93,247.47,300.23,219.81,210.86,1043.93,350.60,294.34,395.89,309.96,152.08,69.61,144.61,353.03,2691.81,564.82,1495.35,746.80,827.30,233.65,408.92,673.99,1146.67,206.96,152.01,213.33,48.60
2025-11-19,231.49,1173.32,159.98,1209.48,2403.40,208.17,230.28,228.64,179.94,879.06,289.99,253.97,338.72,275.49,155.95,52.95,117.52,293.18,2164.77,661.46,1311.51,611.69,872.03,276.78,412.34,627.39,1027.32,127.75,162.39,186.94,72.34
2025-11-20,276.82,1191.86,137.66,1169.55,2460.36,198.71,237.96,217.57,185.13,854.25,303.05,215.74,348.23,252.86,137.64,62.61,139.05,265.38,2155.37,589.09,1258.34,461.16,939.03,425.15,497.09,584.76,925.49,118.85,138.69,222.63,58.27
2025-11-21,443.57,1267.91,137.54,1053.59,3009.77,307.40,320.04,186.02,234.30,1048.11,373.58,285.04,301.68,256.34,155.94,57.81,162.83,318.38,2277.66,727.31,1446.36,760.24,983.74,413.65,560.61,758.71,1187.95,137.74,159.11,220.43,53.17
2025-11-24,332.23,976.79,111.63,918.61,2600.42,245.14,252.22,149.27,203.71,818.91,303.84,238.50,257.01,218.96,149.56,52.74,131.99,281.72,1699.66,945.32,1553.36,983.35,1022.86,350.50,360.24,619.71,1015.36,106.50,129.53,172.84,40.02
2025-11-25,317.88,928.11,121.05,966.76,2905.55,231.09,229.17,161.21,208.36,913.93,247.43,227.79,255.26,223.42,171.71,49.57,124.00,306.09,1785.88,912.15,1631.33,1160.45,1206.67,306.27,356.83,658.50,1085.35,88.36,100.84,172.51,39.25
2025-11-26,271.49,835.66,111.52,808.90,3168.93,266.61,206.20,169.01,209.42,1114.63,256.20,216.38,282.60,265.68,156.17,59.18,145.72,317.53,1685.44,730.00,1447.57,854.34,1555.79,274.35,286.99,642.13,1070.73,80.75,108.87,176.00,37.94
2025-11-27,232.98,877.41,89.23,789.69,3308.41,262.49,199.83,174.25,230.77,934.56,278.86,179.98,284.62,259.15,150.67,54.87,147.09,269.97,1811.43,585.71,1235.26,693.61,1470.63,262.24,292.51,603.21,1020.15,84.48,98.65,158.14,43.41
2025-11-28,249.17,870.90,102.21,830.88,2832.41,208.83,235.42,152.88,206.67,806.69,243.33,203.86,280.41,256.18,142.03,47.69,127.42,296.77,1694.83,615.29,1133.39,658.08,1096.44,252.46,284.52,623.55,1019.60,83.73,95.43,157.28,37.46
2025-12-01,272.77,952.55,132.42,1271.00,3621.66,248.71,257.44,157.42,206.85,875.33,308.22,269.10,276.18,313.56,167.78,54.41,179.07,314.20,1848.51,672.69,1237.63,655.21,1320.01,317.99,388.07,802.21,1158.71,103.02,125.03,184.35,33.07
2025-12-02,240.38,765.38,104.14,753.87,3052.34,235.80,253.39,166.14,254.71,775.17,272.54,249.42,254.35,272.36,161.09,61.51,155.51,280.58,1401.61,726.91,1055.11,603.72,1241.11,229.95,305.22,654.57,965.44,109.97,115.81,175.89,27.92
2025-12-03,300.22,850.93,102.98,1003.59,2868.17,237.42,274.10,158.41,268.56,854.74,277.08,239.39,251.34,263.01,155.37,49.62,139.55,290.25,1413.08,835.75,1108.35,569.38,1399.59,265.99,309.87,645.33,1043.88,132.70,96.41,175.85,29.34
2025-12-04,246.62,701.65,86.33,978.81,2752.89,318.68,305.75,146.36,254.84,796.05,263.31,198.50,227.35,210.39,134.51,43.31,129.50,281.11,1247.62,838.29,956.68,438.81,1055.02,208.12,266.25,713.59,1209.85,113.01,96.59,161.29,35.02
2025-12-05,239.11,733.44,93.75,1156.72,2856.69,265.06,241.41,132.95,263.38,751.18,279.89,212.62,225.51,197.36,122.49,37.31,166.09,283.97,1529.44,916.74,1179.60,425.29,1274.96,270.30,713.64,681.16,1416.72,99.44,88.68,169.14,28.17
2025-12-08,254.91,807.33,102.56,1173.92,3790.99,317.95,291.80,153.23,269.87,849.63,290.86,250.14,242.78,242.60,155.04,63.63,182.79,318.50,1819.94,1175.25,1384.46,502.07,1684.07,252.79,908.17,775.17,1581.08,119.02,93.06,177.96,29.18
2025-12-09,250.70,756.32,100.39,1057.71,3855.43,264.94,345.35,162.71,294.58,845.59,233.06,242.37,232.45,306.98,143.96,65.96,170.02,326.08,1690.00,1028.42,1182.72,477.36,1631.81,237.15,481.45,745.24,1422.21,98.49,89.00,174.69,32.21
2025-12-10,272.15,691.76,90.73,926.28,3350.19,243.63,318.05,166.68,334.13,789.00,243.16,295.72,317.63,350.50,164.79,63.45,140.93,288.57,1579.31,899.84,1073.48,463.07,1449.32,305.16,413.53,746.23,1301.81,81.05,82.56,181.08,29.82
2025-12-11,328.57,755.92,94.76,1100.26,3234.62,251.07,259.88,170.20,317.02,818.75,259.86,291.74,278.98,449.08,154.47,47.25,160.11,321.04,1781.03,961.56,1067.15,478.58,1678.74,257.42,382.61,804.90,1318.70,89.67,87.87,191.98,35.77
2025-12-12,318.45,803.67,121.56,1197.02,4092.24,283.46,330.19,159.25,302.96,930.57,355.00,315.65,232.67,335.50,144.25,46.76,201.84,305.47,2160.52,1145.05,1204.51,446.76,1820.38,379.34,493.45,848.91,1483.82,122.72,93.70,194.68,40.02
2025-12-15,286.64,751.26,121.77,1063.36,3191.30,242.60,318.43,125.74,303.33,758.26,292.70,251.97,182.01,370.52,114.86,34.57,196.29,283.90,1849.67,1135.66,1009.13,385.49,1304.95,246.23,519.92,685.17,1331.04,92.38,76.99,162.89,37.14
2025-12-16,290.17,721.65,116.55,1008.67,2837.81,216.87,318.58,129.69,275.46,740.39,286.58,213.30,210.34,461.50,140.71,35.48,183.76,257.20,1753.60,1196.83,1123.86,365.43,1179.28,221.92,442.51,833.38,1257.70,91.39,94.50,163.57,43.15
2025-12-17,303.30,792.22,96.66,1109.46,3028.59,238.73,339.91,138.48,254.43,738.52,242.84,244.84,172.88,525.35,172.14,37.18,163.49,244.47,1795.40,975.81,1198.48,398.13,1492.23,231.90,641.89,792.93,1254.44,73.91,78.24,165.66,42.75
2025-12-18,236.27,766.52,89.51,939.55,2707.54,229.61,266.81,131.76,225.37,766.10,199.39,255.18,168.11,468.52,151.54,29.24,162.19,226.18,1547.55,1121.12,977.44,383.65,1365.01,267.26,490.91,740.55,1201.24,92.90,90.32,146.47,33.08
2025-12-19,280.77,736.99,115.95,1086.61,2507.83,239.47,354.60,147.71,305.95,894.97,230.93,271.58,206.63,646.69,172.78,34.68,162.21,234.09,1547.22,1118.05,1020.70,408.20,1263.57,238.49,469.97,905.42,1197.06,77.82,91.64,158.35,40.73
2025-12-22,286.68,829.61,123.22,1250.44,3182.24,296.37,290.42,140.03,288.46,782.57,257.09,319.20,217.85,568.01,147.85,44.51,184.13,226.43,1767.28,1096.30,1030.38,357.40,1560.81,203.92,404.91,931.23,1362.55,87.98,107.11,182.15,34.66
2025-12-23,305.88,907.61,114.19,1339.91,3135.80,252.15,286.63,137.88,259.21,792.41,246.73,321.39,212.10,573.32,152.16,51.55,221.13,241.07,2091.66,1211.24,960.18,317.77,1374.25,212.89,461.60,922.49,1428.32,70.75,103.86,165.30,33.10
2025-12-24,279.37,958.57,102.76,1218.79,3556.77,244.37,249.08,128.08,272.02,716.75,224.63,288.95,179.65,447.40,150.24,40.89,227.26,284.61,2083.53,1219.63,976.10,340.27,1316.68,194.77,412.85,835.68,1418.90,77.23,97.00,156.17,29.15
2025-12-25,242.68,914.05,100.05,1065.92,3347.27,319.17,273.24,145.53,353.26,713.37,238.17,291.41,233.15,419.70,143.54,38.02,170.17,318.29,2044.75,1450.83,1045.82,338.86,1291.59,175.38,484.68,967.33,1715.15,57.97,90.94,172.76,28.87
2025-12-26,283.26,1027.72,124.64,1561.97,3352.00,293.91,249.10,158.38,347.29,776.89,300.22,355.33,239.05,465.77,141.38,35.63,224.70,356.86,2684.02,1608.80,1318.70,371.46,1209.24,172.47,627.97,1124.84,1713.56,78.12,106.18,221.54,28.97
2025-12-29,312.23,1079.27,134.98,1634.66,3481.62,311.35,266.86,176.28,285.40,780.02,373.64,337.74,253.81,421.71,128.06,35.54,215.23,355.34,2354.43,1559.99,1298.96,374.70,1250.87,266.15,511.75,1043.64,1632.58,91.02,150.59,205.70,31.45
2025-12-30,289.86,1059.87,106.88,1328.33,3421.68,351.29,235.72,189.44,297.34,712.81,293.82,290.78,231.38,373.70,129.88,37.20,205.73,334.61,2205.98,1832.51,1304.13,533.60,1252.82,230.52,499.49,1156.26,1924.49,73.27,195.92,196.59,35.65
2025-12-31,257.98,855.63,95.06,1345.04,3198.55,447.78,234.11,176.35,306.35,661.26,247.31,261.92,252.82,355.20,145.77,40.01,201.45,323.89,1934.93,1644.19,1413.74,670.18,1229.38,215.27,436.31,1167.67,1830.06,66.06,134.99,177.65,44.99
2026-01-05,251.38,1061.76,132.12,1546.79,4388.50,452.10,335.89,178.88,345.43,1291.97,280.70,300.87,306.71,354.60,175.61,44.34,228.27,335.27,2427.35,2004.92,1789.73,916.54,1433.18,300.65,731.70,1119.94,2104.65,82.95,221.95,203.81,51.02
2026-01-06,264.45,1383.95,175.58,1888.56,4808.74,450.86,294.01,182.22,329.14,1184.86,317.06,308.68,283.00,379.47,180.81,51.56,222.82,398.92,2730.51,1991.20,2026.34,856.74,1568.47,325.99,1275.83,1302.78,2212.90,125.90,212.88,209.20,46.45
2026-01-07,270.12,1274.45,187.20,2036.93,5481.77,449.26,279.83,178.04,305.06,1288.02,335.70,282.61,300.30,369.62,194.82,63.52,215.63,399.85,2927.01,2125.92,1802.90,779.67,1536.38,295.42,854.54,1349.18,2218.34,213.75,189.54,219.75,37.72
2026-01-08,239.34,1285.07,155.98,1676.29,4954.04,357.37,304.52,165.08,295.07,1296.78,316.54,260.68,362.87,381.94,184.29,60.08,222.82,413.53,2903.06,2516.25,2169.36,836.65,1536.94,278.39,880.59,1202.47,2146.54,184.01,139.51,211.31,37.84
2026-01-09,285.96,1400.48,174.55,1817.55,4966.28,437.49,298.42,179.09,338.41,1508.00,334.18,255.98,340.72,479.65,218.69,58.52,228.07,446.48,3182.01,2959.60,2655.18,1248.93,1928.77,262.79,827.23,1312.06,2425.25,135.30,233.52,224.94,46.35
2026-01-12,306.90,1514.53,231.16,2058.89,5634.68,520.84,382.71,215.46,401.75,1668.78,424.38,339.43,340.46,596.86,277.81,72.15,259.31,493.30,3599.90,2877.71,3889.54,1665.69,2116.72,295.69,1071.50,1462.14,2615.93,130.82,187.76,273.75,58.47
2026-01-13,317.40,1441.77,206.93,2056.33,5013.17,602.25,360.01,222.25,354.02,2245.52,478.13,329.71,307.11,605.97,310.66,62.44,208.74,511.18,3698.19,2601.19,4080.56,2322.16,2184.28,361.37,964.43,1448.11,2529.41,118.61,229.54,265.63,63.87
2026-01-14,321.88,1492.57,231.15,2229.99,5399.24,580.14,389.14,225.71,369.58,2375.63,567.21,394.22,322.80,623.51,365.71,75.97,235.90,570.54,3917.57,2686.48,4729.47,2290.93,2353.45,426.83,1272.82,1503.73,2688.16,125.54,276.93,288.30,68.83
2026-01-15,231.56,1267.32,165.55,2060.84,4606.92,403.59,290.32,155.49,293.33,1523.58,371.80,281.85,253.25,438.66,280.62,56.75,230.21,387.91,2863.78,1610.36,2986.46,1545.10,1927.27,295.20,808.44,1109.16,2021.08,91.86,185.52,222.28,54.03
2026-01-16,223.68,1220.08,170.51,2024.43,6003.03,461.18,310.05,141.76,283.49,1354.75,596.40,286.54,258.17,374.46,261.18,49.91,226.12,531.49,3343.87,1553.22,2615.29,1068.26,1807.07,381.99,696.17,1336.78,2082.13,116.98,180.72,227.82,49.45
2026-01-19,227.25,1309.23,186.44,1705.51,4958.62,435.55,317.60,145.04,262.38,1117.85,494.66,289.72,279.60,357.24,255.53,49.57,205.89,464.77,3572.70,1461.93,2082.82,823.00,1402.82,283.81,525.90,1324.62,1982.46,108.30,155.55,223.98,56.24
2026-01-20,267.21,1485.21,182.04,1869.26,4850.81,474.31,323.82,150.01,272.99,1107.29,541.80,310.16,351.88,425.83,230.64,46.49,277.90,539.46,3613.28,1644.50,1869.25,955.79,1419.06,311.08,553.02,1222.02,1864.09,129.16,184.71,222.14,64.18
2026-01-21,243.25,1447.61,163.96,1953.04,5327.99,403.93,356.68,148.46,256.00,1049.73,479.42,231.83,327.43,333.18,188.16,52.67,247.52,451.14,2825.98,1254.00,1724.95,885.18,1227.61,355.66,521.86,1154.10,1817.01,113.24,197.74,192.14,58.34
2026-01-22,236.48,1434.63,210.01,1810.41,5556.54,405.82,308.40,158.34,286.03,977.03,498.10,242.65,308.04,310.86,174.09,48.89,320.49,510.69,2796.52,1680.75,1835.25,860.41,1464.55,364.54,523.29,1119.02,1792.12,140.15,284.44,200.54,46.26
2026-01-23,243.67,1543.25,206.95,2278.22,5511.45,506.07,336.70,190.79,280.20,1290.54,582.41,288.85,297.36,371.23,190.48,58.37,333.74,506.89,3651.14,2015.59,2099.24,1098.02,1630.00,362.52,649.26,1331.75,2280.21,122.89,285.34,243.53,55.31
2026-01-26,346.37,1618.85,237.98,2911.50,5017.24,467.26,434.36,229.22,278.23,1734.44,586.10,357.77,294.72,358.70,208.80,74.82,288.49,604.75,3923.66,1734.16,2209.88,1078.60,1638.60,445.70,920.75,1339.67,2299.26,175.31,355.08,243.80,57.69
2026-01-27,279.83,1441.77,217.05,3023.71,5153.02,366.83,326.29,196.48,232.75,1525.41,478.06,279.35,237.57,294.06,172.01,59.97,226.82,484.42,3332.48,1368.47,1872.34,997.55,1628.62,388.22,674.52,1043.78,1967.77,134.83,286.23,201.46,50.12
2026-01-28,356.71,1545.51,237.75,3301.50,5461.34,347.60,374.42,199.94,229.91,1257.29,479.67,326.77,241.14,276.30,146.11,65.56,292.03,645.43,2792.46,1223.68,1912.45,1019.37,1772.52,457.34,718.62,1043.88,1945.90,254.76,430.15,208.65,47.14
2026-01-29,395.28,1620.77,272.56,4294.62,5018.64,368.71,866.85,235.58,265.04,1252.26,506.59,318.83,384.56,348.51,179.13,53.01,344.34,591.72,2767.56,1226.16,2377.38,1530.84,1618.51,495.98,934.78,1033.50,1941.67,227.58,475.47,231.96,60.89
2026-01-30,541.97,1595.78,243.73,2940.32,4554.26,345.59,625.97,245.73,253.86,1090.29,466.53,306.21,308.53,308.59,201.02,41.01,266.27,519.32,2579.05,1155.28,1766.34,1302.73,1781.72,388.87,670.11,952.46,1841.61,248.68,494.25,215.11,58.89
2026-02-02,412.11,1479.66,222.67,2013.71,4212.30,331.72,578.29,170.13,261.67,1012.01,439.09,321.91,247.75,273.63,184.90,39.74,252.01,462.25,2550.30,993.29,1586.37,1221.67,2022.13,417.21,651.25,928.31,1743.73,215.36,302.31,210.12,60.32
2026-02-03,275.99,1153.26,155.56,2564.41,4174.19,310.99,462.92,188.89,229.95,843.42,357.50,260.58,206.24,279.80,158.73,44.62,249.74,391.80,2750.32,1326.89,1578.42,1269.48,1950.16,326.98,542.60,856.73,1872.12,125.13,257.24,181.26,54.88
2026-02-04,323.10,1048.93,151.15,1991.31,3645.11,301.84,551.38,169.22,258.20,887.37,415.28,345.05,303.76,271.14,141.79,48.21,336.92,415.54,2962.44,1384.84,1596.79,1142.71,1777.00,291.36,522.90,920.58,1781.52,302.04,277.07,178.04,42.61
2026-02-05,263.61,933.42,133.64,1843.41,3179.35,280.49,562.73,178.49,226.53,925.14,375.72,297.73,245.52,333.22,177.90,45.42,254.14,385.32,2582.17,1069.86,1272.37,989.25,1313.79,378.26,502.34,756.18,1492.52,231.11,234.11,171.83,97.09
2026-02-06,269.78,1220.86,121.52,1728.81,3139.74,268.12,448.56,203.47,254.30,1087.12,332.86,235.02,201.92,288.22,154.10,39.69,218.16,336.22,2563.30,978.47,1290.84,947.18,1390.05,294.66,434.74,807.56,1508.91,156.76,281.13,171.37,64.19
2026-02-09,237.83,1149.63,146.65,1539.47,3520.93,253.35,347.66,172.71,254.26,940.86,380.59,232.16,246.02,299.10,139.90,50.34,226.57,347.62,2737.15,978.87,1581.40,1132.36,1775.35,239.16,452.42,776.24,1719.38,140.17,234.89,172.90,51.94
2026-02-10,193.77,1017.90,147.47,1273.02,3101.88,283.95,289.92,141.37,267.76,908.26,307.24,211.89,190.83,253.24,165.57,42.65,250.45,345.99,2324.03,956.09,1632.01,1799.96,1430.15,223.64,319.66,759.53,1591.73,134.57,201.16,162.71,42.92
2026-02-11,177.15,1157.90,155.07,1573.73,2588.26,274.89,233.70,137.46,259.47,712.88,279.89,215.18,156.75,224.11,134.94,42.92,268.27,312.15,2090.71,878.98,1471.24,1689.07,1409.77,195.21,337.23,764.07,1413.81,153.01,254.11,163.85,49.00
2026-02-12,178.60,1053.15,152.19,1616.50,3302.03,237.44,289.13,130.31,260.27,754.51,333.83,229.87,170.26,221.79,135.32,53.19,358.42,347.69,2387.18,899.16,1752.87,1321.68,1540.42,271.08,357.52,822.16,1612.68,150.94,211.68,167.89,47.50
2026-02-13,163.90,917.20,161.76,1435.84,3134.29,248.43,254.28,107.91,233.92,694.64,317.36,229.59,172.00,181.72,114.97,83.76,287.36,326.98,1980.45,982.75,1819.64,1209.20,1254.01,221.56,400.03,746.68,1563.34,157.09,184.75,166.08,39.05
2026-02-24,205.80,1278.63,157.10,1616.34,3613.86,270.23,263.61,143.98,230.46,735.41,403.63,260.00,184.11,193.48,137.80,30.21,295.56,449.45,2212.16,1037.53,1751.68,996.58,1596.19,210.05,364.73,888.77,1823.51,160.69,270.79,168.12,40.52
2026-02-25,218.29,1762.69,302.91,2282.87,4110.93,262.78,245.15,135.66,269.59,799.04,470.84,373.24,255.70,216.43,119.36,28.37,399.00,548.59,2529.01,1232.03,1538.82,849.76,1342.85,260.42,533.05,850.25,1812.81,187.71,414.18,216.37,48.18
2026-02-26,219.29,1649.54,299.05,1985.48,4807.87,265.21,253.43,132.09,263.04,825.80,454.66,317.83,243.10,209.66,117.87,23.15,345.85,432.16,2872.00,1295.02,1640.05,771.46,1718.60,213.45,466.37,866.44,1955.01,147.73,285.59,252.37,47.70
2026-02-27,292.03,1416.94,370.61,2259.47,4165.53,262.31,225.37,121.92,238.22,738.34,671.63,317.64,164.95,168.99,136.35,21.84,319.47,454.94,2527.92,1261.97,2062.90,749.22,1794.43,209.23,412.25,771.09,1934.13,233.81,245.40,280.01,39.56
2026-03-02,327.57,1762.02,355.03,3205.43,4234.22,329.54,290.17,200.32,285.59,1048.63,852.51,584.69,205.91,236.10,159.61,38.09,305.75,496.08,2881.20,2022.38,2076.79,844.82,1979.01,298.26,567.13,1067.02,2205.32,383.80,615.17,284.54,55.17
2026-03-03,420.92,1855.65,304.26,2919.24,4729.25,320.89,333.43,179.51,258.96,1043.06,1007.07,690.54,202.14,243.47,146.01,46.91,287.95,510.80,3095.57,1783.14,2002.77,710.88,2050.31,446.37,649.79,1043.42,2362.67,447.13,823.38,313.32,56.88
2026-03-04,440.10,1403.64,219.86,2095.65,3369.22,240.72,281.77,132.01,197.21,789.05,858.79,610.44,158.95,179.52,104.32,33.11,208.30,408.15,2512.08,1237.21,1351.56,443.99,1365.35,377.70,551.81,734.46,1694.35,316.10,1059.69,236.39,40.27
2026-03-05,366.81,1263.57,212.11,1806.92,3998.45,205.46,196.23,113.33,192.22,714.43,862.95,457.50,146.02,159.72,113.73,27.27,208.74,445.14,2817.48,1195.44,1521.53,477.98,1773.47,259.10,387.45,707.45,1911.28,248.53,840.02,223.23,41.56
2026-03-06,390.92,1475.53,184.63,1516.16,3467.39,219.48,227.31,104.45,187.63,856.26,718.68,386.18,144.72,149.36,105.94,30.27,192.35,477.53,2794.59,1125.37,1453.37,375.80,1358.45,202.82,402.26,697.31,1681.08,192.41,574.65,246.78,40.04
2026-03-09,443.08,1841.45,204.85,1780.35,3864.75,249.14,254.09,118.81,231.84,864.49,935.12,483.41,165.63,172.57,118.30,119.67,205.46,547.71,3338.54,1137.16,2140.87,524.05,1576.74,287.29,472.48,849.88,1878.02,413.06,915.17,279.95,44.13
2026-03-10,299.36,1394.94,192.19,1349.19,3807.93,221.46,193.30,103.16,234.95,805.15,892.73,379.74,138.90,143.01,104.67,79.94,233.78,520.01,3200.97,1067.66,2229.76,561.69,1686.86,220.09,352.50,715.97,1741.59,260.65,565.35,229.48,36.75
2026-03-11,255.16,1624.79,186.24,1425.09,3759.09,243.64,182.71,112.93,273.24,791.83,990.80,325.80,142.38,141.93,96.34,76.62,210.36,627.45,4015.21,1044.49,1903.44,490.54,1846.41,234.98,356.95,798.99,1866.64,249.47,492.68,263.49,38.17
2026-03-12,319.93,1854.83,216.44,1486.90,3420.58,222.64,207.78,113.63,225.51,779.47,1100.91,329.72,134.43,146.27,98.64,73.88,203.08,743.73,3465.80,981.17,1832.03,465.21,1608.14,247.01,389.42,700.63,1859.47,359.80,529.50,254.31,32.51
2026-03-13,299.33,1971.00,240.02,1527.66,3456.56,254.95,242.57,126.39,219.42,855.90,1133.46,317.96,180.68,156.52,110.68,63.10,212.83,811.74,3512.79,872.67,1596.13,461.00,1389.88,279.17,372.41,669.14,1637.07,299.36,427.26,259.67,34.79
2026-03-16,351.19,1961.33,233.21,1632.47,3836.28,235.34,311.21,109.77,245.06,829.44,861.39,348.66,165.06,167.82,110.93,55.57,216.45,749.22,2986.54,789.02,1326.92,388.84,1376.99,249.38,416.66,720.91,1662.72,243.06,370.46,260.45,34.05
2026-03-17,298.24,1700.43,180.68,1167.60,3702.43,229.65,290.92,104.03,234.72,898.44,817.44,317.88,228.21,170.30,109.51,42.07,203.97,595.27,2843.17,718.56,1354.67,397.88,1410.54,286.90,677.20,765.19,1498.54,215.64,359.35,219.36,33.46
2026-03-18,227.83,1347.02,173.00,1073.66,3770.57,203.79,218.77,93.21,256.99,765.69,754.63,317.26,191.44,148.12,98.37,47.82,176.85,534.09,2496.60,766.34,1446.99,348.45,1520.70,282.61,398.51,656.30,1403.32,194.31,310.38,201.07,31.00
2026-03-19,226.43,1449.16,181.49,1515.40,3384.35,226.76,219.46,100.20,264.66,814.81,890.42,316.39,162.12,141.67,92.87,51.69,176.33,498.03,2412.18,711.54,1529.52,445.04,1475.11,280.51,476.12,635.78,1437.36,242.16,507.48,208.97,30.07
2026-03-20,223.11,1263.24,152.00,1255.81,3863.23,237.22,217.19,99.99,245.53,818.23,1085.22,299.82,167.26,150.47,100.49,56.44,166.64,534.15,3502.56,724.14,1546.32,424.90,1949.29,257.82,498.74,655.71,1517.25,228.63,354.81,227.48,38.08
2026-03-23,308.06,1411.50,170.98,1510.10,3670.72,311.84,311.76,129.82,316.96,1022.45,1137.03,394.87,213.31,183.55,136.34,52.63,195.31,563.77,3409.71,809.33,1477.16,464.15,1493.64,400.28,611.79,963.04,1599.75,342.46,395.28,248.44,43.06
2026-03-24,226.04,1154.39,148.83,1417.81,3203.51,230.58,209.24,115.66,281.82,867.44,1176.51,334.06,175.52,156.83,108.24,38.60,184.10,477.00,2972.35,738.59,1231.50,375.03,1353.24,284.46,454.36,730.13,1336.35,247.18,314.63,244.27,29.91
2026-03-25,199.22,1118.20,141.97,1601.55,3563.11,216.79,196.84,109.72,268.06,764.50,1404.94,357.33,156.94,147.04,114.32,41.00,176.32,545.75,2861.95,741.01,1300.00,388.87,1704.97,250.90,415.59,693.48,1362.91,289.36,322.22,264.09,29.26
2026-03-26,187.36,1082.33,118.39,1193.22,3033.61,227.07,196.49,100.36,262.32,760.54,1336.99,309.09,146.12,133.85,105.64,34.59,188.37,428.91,2703.20,677.87,1110.29,299.72,1416.81,225.97,425.28,661.21,1257.03,241.06,294.87,210.79,34.57
2026-03-27,194.85,1207.65,108.82,1412.55,2873.11,219.58,226.03,96.81,235.82,1076.16,1115.27,260.16,144.39,126.03,84.30,35.12,161.05,338.48,2562.15,531.50,918.20,289.25,1258.72,206.08,355.09,612.82,1179.45,179.02,268.89,196.74,34.35
2026-03-30,288.74,1206.01,108.65,1565.25,2777.83,223.02,229.45,108.78,224.36,1131.15,975.80,253.18,144.77,131.89,87.79,42.26,218.65,380.95,2587.64,674.98,971.17,322.40,1272.76,222.24,356.35,660.14,1261.78,206.07,280.01,196.86,25.60
2026-03-31,273.66,1060.94,116.17,1449.71,3034.00,266.50,334.43,104.07,214.81,1185.46,854.98,272.34,150.12,149.95,107.97,41.47,211.91,414.70,2503.42,794.82,971.72,399.96,1396.25,330.28,375.44,719.90,1439.51,214.06,236.88,214.14,25.31
2026-04-01,217.45,1011.54,118.89,1362.22,3208.33,239.96,254.66,107.04,243.86,1604.91,726.70,294.75,146.24,142.01,110.07,40.06,229.43,428.31,2430.61,654.44,1085.53,470.83,1466.00,269.45,353.16,747.14,1457.26,160.90,243.36,212.16,35.13
2026-04-02,261.06,935.61,113.13,1222.24,2765.09,217.77,226.94,96.17,219.83,1688.67,681.12,322.95,141.47,124.72,93.09,43.19,177.76,397.48,2236.88,562.78,991.17,385.71,1337.70,239.13,315.98,639.78,1278.67,129.87,303.42,196.11,44.19
2026-04-03,211.90,898.53,107.28,856.70,2546.61,182.74,193.56,80.69,215.64,1413.39,562.39,278.15,117.53,118.58,78.23,37.48,177.19,363.80,1945.37,504.22,906.95,295.75,1588.63,201.42,324.95,551.66,1187.76,112.10,257.26,181.99,35.39
2026-04-07,240.02,1093.49,100.62,941.08,2716.54,179.26,202.62,76.90,231.06,1266.16,479.75,245.94,110.53,124.20,82.45,35.40,165.87,319.27,1737.19,493.05,851.69,282.17,1422.07,200.55,330.06,512.34,1093.53,121.98,268.33,160.41,32.07
2026-04-08,239.30,1309.93,130.78,1723.29,4546.55,270.07,256.86,107.00,289.06,1433.27,575.64,361.11,156.62,184.58,123.78,49.01,224.22,455.45,2546.35,762.46,1613.30,673.37,2074.08,260.78,626.45,782.10,1703.89,172.18,371.37,231.69,39.07
2026-04-09,191.69,1098.27,157.23,1364.27,4160.05,251.54,208.76,98.91,275.40,1354.87,452.07,259.12,155.71,152.80,103.52,35.57,192.59,422.19,2286.67,627.40,1298.65,625.02,2013.59,184.86,373.51,669.35,1646.24,108.19,284.76,220.78,36.78
2026-04-10,208.77,1057.12,150.91,1402.31,4682.23,246.58,225.36,112.74,269.05,1256.86,435.01,271.58,140.30,157.93,108.23,44.15,233.91,404.89,2918.10,675.52,1400.22,525.10,2171.23,169.75,779.72,781.61,1721.99,105.09,229.67,237.51,35.33
2026-04-13,230.99,1167.32,172.64,1317.84,4178.51,208.76,222.13,107.97,248.06,1119.54,509.21,246.12,158.86,157.77,96.44,43.65,263.04,358.36,2697.93,653.10,1269.43,494.36,1882.55,166.06,474.66,768.50,1551.47,110.46,312.24,214.97,29.50
2026-04-14,268.05,1184.71,175.40,1579.22,4904.68,248.65,247.94,119.12,260.00,1125.14,551.91,234.95,222.08,157.66,114.42,58.31,312.45,378.05,2866.02,855.61,1467.67,565.01,2023.57,183.55,425.60,795.34,1840.35,106.46,241.88,233.61,31.55
2026-04-15,259.57,1141.34,127.99,1643.77,4835.35,292.47,255.02,119.22,262.11,1567.85,588.25,235.74,205.46,164.10,133.29,42.72,286.34,364.40,3090.58,998.28,1361.46,480.69,1972.39,241.97,346.34,778.80,1704.86,113.66,236.00,230.87,35.12
2026-04-16,221.68,1117.38,137.52,1596.83,4440.34,278.07,239.32,139.77,286.91,1297.71,539.91,230.65,151.83,159.58,161.74,49.35,282.05,402.89,3012.10,797.89,1533.78,623.73,1993.62,210.50,413.12,839.58,1617.46,106.43,177.91,229.69,30.74
2026-04-17,197.10,1219.91,130.57,1680.77,5043.61,278.35,346.83,129.30,300.48,1189.07,571.22,231.18,199.38,203.79,149.97,46.63,281.40,413.17,2809.91,816.28,1390.38,593.34,2218.00,182.61,387.45,762.70,1803.60,104.78,196.56,265.22,34.92
2026-04-20,212.62,1293.02,146.30,1687.24,5407.97,304.20,250.74,122.77,289.78,1059.81,640.07,242.95,186.83,213.27,159.71,49.54,292.12,408.08,3059.20,1241.97,1590.58,678.28,2202.18,228.47,361.36,813.17,1983.63,115.76,192.39,268.68,34.87
2026-04-21,202.49,1264.45,111.30,1539.63,4974.14,317.16,243.43,137.48,264.79,946.62,794.79,224.05,160.67,178.80,141.30,52.35,262.54,414.72,2917.61,1192.56,1284.46,599.87,2023.08,233.30,333.65,817.48,1694.65,138.50,177.40,246.06,35.15
2026-04-22,230.89,1257.10,133.59,1693.96,5503.60,303.21,245.50,125.42,347.14,968.25,714.57,217.07,166.68,168.41,122.33,47.83,290.15,383.30,2996.90,1064.65,1577.26,538.05,2393.53,203.97,467.71,812.23,1914.11,121.14,170.30,257.45,35.84
2026-04-23,220.97,1381.05,165.45,1926.91,5991.49,394.00,339.25,125.52,317.87,1137.80,939.40,230.85,190.46,235.23,141.59,47.13,345.91,421.40,3075.63,1214.41,1585.16,639.31,2590.59,265.95,396.75,953.22,1923.87,169.52,273.88,276.39,44.64
2026-04-24,202.40,1482.23,145.31,1629.67,5951.13,292.60,328.92,128.96,322.00,1060.90,820.46,204.53,198.85,181.75,124.55,53.23,280.08,399.36,2790.87,977.90,1678.42,625.69,2598.35,224.15,340.10,765.73,1710.16,143.12,233.97,282.35,49.75
2026-04-27,192.46,1418.16,134.41,1494.90,6308.56,354.52,343.86,148.21,291.19,1052.30,643.88,222.70,198.90,195.13,127.46,61.86,283.19,369.64,2871.84,894.09,1511.08,515.79,2160.74,282.06,400.12,843.33,1756.77,159.39,206.43,268.94,54.29
2026-04-28,209.57,1390.19,127.44,1357.83,5884.43,356.59,303.25,148.28,279.43,1213.95,777.47,243.97,195.97,183.05,130.45,71.67,320.61,387.08,2817.31,949.95,1513.93,522.39,1918.77,243.59,533.51,780.66,1742.56,174.31,232.22,260.93,46.82
2026-04-29,253.58,1477.43,162.98,1766.34,5571.47,349.91,386.75,165.37,283.63,1202.14,770.86,249.30,201.38,199.61,132.04,66.04,335.31,394.17,3371.87,751.40,1371.02,548.18,1642.60,338.80,530.25,803.50,1740.08,190.97,252.87,295.34,39.76
2026-04-30,224.80,1383.79,154.10,1897.84,6321.31,356.87,467.15,182.60,297.63,1122.59,698.74,288.29,255.60,200.18,119.96,81.88,361.91,411.18,3254.10,1001.53,1525.51,525.70,1717.73,309.61,629.74,878.07,1950.11,156.16,225.86,286.82,35.57
2026-05-06,234.32,1512.47,164.61,2256.93,7975.74,371.27,472.23,184.93,341.01,1232.77,758.28,321.54,310.53,225.81,152.34,57.88,376.25,452.63,3609.94,1132.34,2061.80,665.18,2336.76,337.49,630.72,997.22,2269.98,168.15,239.30,336.28,45.08
2026-05-07,220.79,1593.34,150.54,2285.72,7289.90,440.68,380.12,182.74,343.02,1136.07,802.44,329.02,282.45,222.95,149.14,71.59,360.52,549.63,3448.60,986.69,1969.53,777.50,2408.68,232.76,612.50,1006.22,2339.09,199.38,263.18,336.65,39.42
2026-05-08,196.60,1459.62,138.39,2078.56,6657.98,439.86,299.30,184.51,327.88,1120.06,820.66,361.43,279.53,230.51,146.82,134.27,322.73,545.87,3344.96,1302.94,2099.51,799.73,2189.00,215.66,426.33,1153.04,2453.19,153.84,206.03,329.29,42.34
2026-05-11,260.35,1535.53,170.86,2189.05,8695.22,434.43,371.07,197.70,339.48,1575.30,809.14,339.14,347.28,258.42,148.16,107.62,369.79,573.60,3586.37,1392.31,2311.34,735.22,2906.00,275.85,749.43,1117.22,2765.53,153.98,200.03,335.24,49.49
2026-05-12,239.79,1418.24,137.85,2121.38,7774.69,357.52,345.97,177.33,302.38,1455.97,972.49,286.14,319.58,216.24,134.22,82.89,361.66,535.24,3470.84,1233.50,1920.04,622.77,2836.88,244.11,626.78,995.72,2519.51,124.32,167.71,311.93,45.30
2026-05-13,231.48,1364.81,129.51,1981.51,8193.80,337.74,365.26,152.97,315.73,1203.30,1064.92,265.58,298.25,220.63,138.19,93.37,380.91,549.09,3699.44,1121.74,2036.47,588.09,2713.93,220.64,604.77,953.01,2439.63,132.48,167.33,340.01,43.59
2026-05-14,275.33,1547.33,125.98,1879.59,8599.19,366.69,412.91,146.60,294.86,1191.04,1410.05,301.65,262.54,275.24,134.52,79.05,347.81,540.84,3708.66,1100.01,2031.80,648.48,2834.36,263.65,559.83,993.23,2556.50,143.08,171.15,333.41,39.01
2026-05-15,229.54,1580.38,132.04,1955.04,8916.94,454.88,353.03,166.17,295.91,1077.41,1094.90,290.66,296.81,234.91,131.81,71.45,364.45,502.66,3604.39,932.64,1817.12,617.66,2780.64,263.43,534.70,1160.89,2828.21,155.16,181.85,293.22,36.53
2026-05-18,209.69,1470.27,116.02,1531.57,7779.81,407.20,322.61,154.76,285.44,974.77,792.30,248.69,239.32,177.86,111.23,49.85,294.36,439.93,2944.87,844.02,1612.57,584.20,2362.39,228.89,404.38,1052.46,2586.44,153.51,197.18,267.88,33.63
2026-05-19,166.75,1334.00,97.64,1430.82,7846.79,339.98,318.77,124.84,272.71,924.62,1031.77,219.59,261.77,198.43,123.06,54.29,318.12,417.39,2855.33,845.29,1813.59,679.56,2463.79,224.69,444.35,909.62,2538.66,132.12,154.37,253.73,27.16
2026-05-20,154.41,1349.04,107.21,1591.77,8537.44,334.76,335.88,121.37,255.77,982.21,927.90,243.98,268.22,178.69,110.61,51.33,291.22,444.41,3135.28,787.58,1688.30,580.56,2328.19,205.66,367.53,894.19,2614.87,122.14,194.26,244.82,34.73
2026-05-21,173.36,1562.14,109.92,1638.41,10296.70,484.96,352.82,154.52,305.46,1286.81,865.43,329.20,340.08,231.17,132.64,55.48,382.97,465.89,3453.80,969.07,2102.73,587.90,2387.50,241.22,791.10,1337.57,3079.12,130.22,202.06,282.75,36.73
2026-05-22,158.85,1365.02,105.49,1433.54,8959.02,390.01,315.58,135.62,247.22,1012.96,686.81,245.73,293.41,192.95,111.86,59.74,371.82,361.57,2714.42,811.92,1563.69,453.96,2056.37,234.04,506.77,1057.65,2561.62,112.01,154.04,246.00,31.43
2026-05-25,144.67,1480.82,95.12,1587.75,10478.25,366.89,331.28,140.57,246.16,1011.27,789.00,325.06,273.60,199.06,119.70,53.89,390.48,384.39,3082.91,971.52,1738.68,494.49,2288.50,194.61,430.18,1029.71,2711.91,192.91,174.63,251.87,32.42
2026-05-26,147.81,1480.93,109.23,1937.71,10334.29,389.57,332.06,133.21,283.40,948.01,859.62,291.46,258.30,192.26,126.37,45.56,419.42,367.59,3042.64,861.37,1700.52,521.08,2282.08,220.92,569.05,1076.93,2873.57,141.06,168.44,256.57,29.72
2026-05-27,159.42,1385.39,101.03,1666.31,10848.36,348.37,475.95,137.60,244.04,962.86,947.05,259.16,245.33,243.11,127.14,72.11,366.32,394.96,3288.79,826.29,1515.89,524.50,2173.21,252.28,484.14,960.07,2661.06,155.82,172.95,245.19,33.47
2026-05-28,139.67,1264.14,91.67,1604.11,9550.98,315.66,351.10,111.82,216.88,885.28,1112.82,226.07,227.92,210.92,118.06,46.37,382.53,379.54,2925.68,837.88,1425.58,489.28,2251.55,231.22,465.69,881.14,2309.95,163.48,155.08,210.43,29.03
2026-05-29,160.75,1352.72,111.23,1690.28,10194.72,345.11,498.45,120.83,237.49,1121.40,1323.53,285.56,315.12,301.01,139.09,67.18,362.92,422.77,3199.71,952.28,1557.62,563.70,2732.98,347.46,598.46,921.81,2581.35,208.97,149.32,225.59,41.31
2026-06-01,170.29,1233.78,89.61,1359.19,8625.54,286.41,379.31,119.00,211.74,998.11,1365.49,288.90,257.53,277.25,123.95,51.00,331.81,390.87,2741.76,682.61,1546.79,665.92,2133.11,309.85,466.82,771.01,2113.47,301.97,165.13,219.41,44.11
2026-06-02,160.43,1181.24,93.36,1651.90,8114.00,248.60,338.62,116.18,214.07,839.62,1189.49,261.69,212.60,227.16,102.46,48.76,404.32,392.00,2599.87,697.23,1386.07,567.83,2442.03,300.42,467.71,836.20,2069.16,322.46,159.47,208.76,34.82
