date,农林牧渔,基础化工,钢铁,有色金属,电子,家用电器,食品饮料,纺织服饰,轻工制造,医药生物,公用事业,交通运输,房地产,商贸零售,社会服务,综合,建筑材料,建筑装饰,电力设备,国防军工,计算机,传媒,通信,银行,非银金融,汽车,机械设备,煤炭,石油石化,环保,美容护理
2021-12-13,3537.9400,5098.1600,3008.8500,6129.9700,5581.3900,8180.3500,28492.4000,1816.5000,2773.4700,11201.8500,2543.3300,2408.0200,3306.4000,3119.2700,10583.4700,2591.5100,8010.9300,2198.4000,13380.8600,1922.5500,5140.7900,690.1400,2149.1600,3636.6800,1892.0500,7007.8400,1771.9800,2427.1400,2461.3200,2226.7400,8179.5200
2021-12-14,3537.5000,5063.3700,2953.7100,5987.8200,5581.5000,8020.4200,28661.2300,1809.0000,2777.1100,11282.7600,2556.4900,2375.6400,3267.7800,3113.1300,10594.0000,2606.3000,7827.6800,2170.4100,13287.9300,1947.2700,5209.6900,697.3800,2171.9000,3583.8100,1881.5500,6910.1500,1771.9600,2371.7200,2420.9400,2242.7800,8112.6000
2021-12-15,3505.0400,5020.6100,2976.5300,5897.7300,5528.2900,7948.7400,28257.6100,1807.4500,2779.1200,11021.6100,2609.1400,2375.6700,3293.1000,3081.2200,10543.8600,2645.5600,7822.0200,2206.4500,13316.0800,1936.0700,5184.1600,697.9200,2179.0500,3578.8400,1887.0900,6872.7500,1765.9500,2404.3200,2416.5200,2264.1800,7993.4700
2021-12-16,3494.0100,5066.9300,3063.7800,5939.7700,5539.3700,7961.7500,28039.4000,1811.9800,2791.7600,11063.7200,2635.1900,2397.0100,3311.1500,3095.1800,10633.4400,2682.3200,7911.1000,2250.8600,13393.3200,1955.8800,5208.8200,709.7500,2182.2900,3603.0800,1902.9000,6901.5800,1790.8700,2555.8100,2458.4200,2317.2100,8060.2500
2021-12-17,3489.4900,4999.9100,3050.2200,5874.8900,5414.2000,7824.0600,27334.3500,1806.8700,2775.7200,10977.6400,2640.4500,2394.9800,3309.0600,3040.0100,10531.2300,2669.7800,7873.4800,2256.7400,13089.8300,1921.9600,5144.5800,707.4800,2165.2300,3587.9100,1881.6400,6770.4100,1767.8100,2503.9100,2455.6500,2313.0400,7840.2700
2021-12-20,3482.3400,4898.3900,3008.7100,5730.7800,5290.0100,7820.0200,27379.6300,1800.1600,2749.0200,10892.2900,2554.8900,2397.6000,3333.6200,3012.2500,10368.7400,2648.4700,7772.7200,2273.9500,12530.8000,1875.9500,5064.2100,688.4000,2116.2800,3584.1300,1859.3100,6672.6600,1743.6000,2446.4800,2405.5900,2284.1000,7698.4400
2021-12-21,3510.7300,4929.5900,3045.5600,5749.0500,5355.5400,7987.1900,27238.4600,1849.1100,2798.8900,10993.7900,2584.8400,2424.3100,3500.3600,3037.0100,10652.4400,2702.9700,7977.5600,2301.4600,12548.7900,1886.9300,5158.2400,700.9900,2158.3100,3597.9600,1882.0000,6790.8600,1762.7300,2481.8100,2419.5500,2316.0700,7812.1800
2021-12-22,3576.3500,4975.0500,3017.7000,5752.5900,5471.5000,7993.4300,27318.7100,1842.0900,2833.2000,11060.0500,2576.0200,2420.6500,3440.4700,3033.0600,10694.4900,2716.6600,8082.9800,2271.3200,12606.2600,1888.8600,5182.9700,717.8200,2166.8200,3568.9300,1865.2000,6834.1500,1759.4700,2490.5900,2428.4600,2297.5500,7822.9000
2021-12-23,3663.0700,4973.8800,3013.1100,5774.2300,5496.9500,7972.7300,27861.4900,1822.9000,2802.8700,10963.1800,2668.4900,2416.2900,3394.2300,3021.3300,10544.4400,2675.6100,8084.2600,2268.1400,12701.1600,1904.2000,5165.8600,709.4900,2161.4200,3572.7400,1863.7000,6952.6700,1759.6300,2556.8000,2440.8600,2296.1500,7744.1400
2021-12-24,3718.4600,4851.9800,2928.3700,5573.4600,5464.6100,7915.0900,28362.8700,1793.7500,2788.9300,11036.1600,2662.3300,2409.1100,3349.8500,3079.7800,10527.8800,2612.4700,8060.3900,2228.7400,12125.0200,1892.4400,5111.7900,705.7600,2115.8400,3558.9600,1849.1400,6760.8400,1729.7700,2510.2000,2406.8500,2250.4400,7713.7100
2021-12-27,3715.5800,4882.6400,2917.2600,5548.7600,5441.3000,8070.0000,28046.4000,1802.7700,2832.5800,11192.5600,2659.2500,2429.5000,3350.7900,3084.5900,10605.6200,2650.1900,8188.5800,2225.7300,12097.3600,1887.4800,5080.1300,694.7200,2125.8600,3539.4200,1853.3500,6720.3100,1736.7800,2527.7200,2405.5800,2272.0300,7680.2000
2021-12-28,3693.4100,4959.1300,2948.8500,5687.5200,5456.9300,8290.6800,28136.4100,1812.5900,2852.6600,11233.7400,2607.5500,2434.8400,3334.4700,3087.7500,10743.9700,2671.9900,8115.4100,2204.8600,12351.4700,1897.2900,5156.4800,697.1800,2150.6800,3554.4200,1871.6100,6749.6600,1755.0900,2447.6000,2409.6600,2267.6800,7697.2000
2021-12-29,3633.0100,4977.6700,2956.9700,5664.1100,5391.2000,8159.7300,26981.0800,1810.5000,2863.2700,11168.9200,2564.4100,2456.0300,3317.8300,3041.1000,10764.9400,2684.2200,8053.3300,2200.9400,12303.1000,1927.6000,5105.9200,686.9500,2144.7200,3506.3400,1852.7600,6697.6100,1751.9100,2432.4200,2411.1800,2274.3000,7639.7300
2021-12-30,3655.8700,4963.9300,2968.5100,5677.9300,5501.9500,8186.5800,27241.5100,1823.5600,2889.3600,11268.4100,2593.2600,2446.7100,3316.7500,3060.1800,10906.1700,2716.0600,8094.4900,2216.3000,12350.7000,1972.9400,5167.4800,721.0500,2166.6800,3527.9900,1871.3300,6680.9600,1758.1400,2415.5500,2411.2200,2273.4200,7684.9800
2021-12-31,3720.1200,5006.4400,2999.3500,5751.4200,5493.9100,8204.5000,27044.3700,1844.0800,2909.2700,11385.4500,2628.4900,2448.5800,3371.5900,3085.0500,11041.3500,2728.4300,8166.8300,2238.8100,12536.8700,1978.1900,5197.1100,730.1400,2178.0100,3527.3700,1872.8000,6689.8200,1764.6800,2408.5400,2428.9100,2293.1700,7668.6100
2022-01-04,3896.2400,4966.0000,3024.5500,5645.6100,5497.8600,8290.3100,27031.9300,1880.4100,2929.7300,11237.3700,2601.3600,2510.2000,3423.0700,3090.5300,11270.3500,2815.0800,8116.6800,2247.8800,12143.5100,1963.7100,5268.4100,756.2400,2193.1500,3534.3900,1871.9400,6686.6400,1763.1100,2448.3800,2436.4700,2308.5400,7648.9100
2022-01-05,3896.3400,4880.0700,2970.5600,5500.5400,5296.1100,8400.3100,26877.3300,1887.2200,2897.4900,11003.7400,2525.6100,2512.2800,3450.4300,3069.9000,11254.7200,2765.8400,8033.7100,2218.5700,11703.8900,1875.0600,5215.6500,760.9300,2158.7200,3596.6100,1867.0200,6513.7200,1730.9900,2412.9000,2458.0100,2285.2400,7585.8900
2022-01-06,3861.7900,4923.3000,3037.2200,5565.7700,5273.4500,8337.6000,26456.4800,1899.7000,2926.4700,11026.8500,2515.2600,2492.1500,3438.1100,3051.6400,11149.2200,2789.6500,8216.2600,2297.7800,11698.6900,1858.8900,5164.2900,748.1500,2157.4000,3573.5100,1835.6200,6508.6200,1755.0500,2417.7000,2489.9100,2321.1100,7399.0100
2022-01-07,3778.1700,4838.7200,3063.7600,5441.5700,5202.6300,8548.0100,26022.7000,1872.1800,2903.9300,10936.7800,2476.5400,2493.2100,3522.0200,3010.9400,10945.9400,2754.7000,8357.1700,2318.0900,11494.5000,1830.4000,5067.1500,735.2800,2130.3200,3629.1800,1852.9900,6427.3000,1743.8900,2416.6700,2504.9000,2274.0100,7253.7400
2022-01-10,3913.7200,4872.5600,3052.9000,5488.8200,5218.0000,8557.6100,26048.6300,1889.2600,2936.7000,11095.6800,2465.9300,2493.9100,3566.2800,3029.7100,10970.7800,2762.2400,8352.6200,2334.3200,11422.1200,1820.7500,5131.1100,733.9800,2153.1800,3642.8400,1854.2000,6492.6700,1744.6600,2458.9100,2515.1200,2282.6500,7379.9000
2022-01-11,3814.0400,4860.1500,3053.3700,5474.4900,5098.6800,8382.7300,25630.6500,1895.2400,2908.4400,11150.5300,2465.2400,2497.2800,3568.2700,2984.3700,10820.9500,2755.7100,8228.9500,2307.7700,11313.6200,1772.0200,5034.4500,718.1100,2129.3600,3684.2600,1851.8600,6385.4900,1725.5600,2431.4700,2493.2400,2270.7100,7349.3000
2022-01-12,3860.4200,4935.7400,3009.9800,5646.8800,5182.9100,8350.5800,25957.9400,1905.2900,2935.1600,11253.6300,2474.6900,2498.6200,3544.7700,3058.0200,11092.3500,2773.2300,8102.5900,2294.5900,11761.5700,1807.3800,5076.8500,726.6300,2131.6800,3675.0500,1853.8100,6555.9600,1742.3300,2439.8300,2524.9900,2281.2800,7431.0700
2022-01-13,3770.6900,4842.1300,2955.2000,5555.4400,5081.6300,8157.3600,25101.3700,1895.3000,2867.9000,11025.1200,2454.4800,2477.0800,3490.2600,3031.6300,11023.7600,2777.2500,7843.7300,2261.1600,11608.3100,1773.4400,5047.0900,713.3100,2106.0800,3672.5000,1841.1900,6502.1500,1715.1000,2468.8900,2530.6000,2248.1200,7264.6100
2022-01-14,3745.4500,4836.1900,2917.7200,5533.4900,5136.6400,8069.5900,24876.8100,1864.6500,2839.8300,11200.5800,2437.6600,2449.1900,3398.6400,2968.3100,10853.5900,2773.9300,7781.1500,2203.6500,11738.9400,1774.4600,5043.5100,715.4200,2100.7200,3590.0100,1796.6200,6516.3700,1698.6000,2389.9500,2464.2500,2218.1300,7255.7900
2022-01-17,3756.1800,4870.7100,2923.5300,5509.3500,5257.2000,8143.2800,24941.5500,1879.7700,2865.5900,11254.8900,2441.8800,2439.7100,3433.4500,2927.9500,11026.2500,2809.3900,7791.1300,2218.2800,11969.2800,1809.0800,5304.0700,737.3000,2183.0700,3589.6500,1806.5000,6664.6800,1718.4900,2410.1400,2458.9400,2237.8800,7267.0500
2022-01-18,3719.0900,4866.7600,2961.8500,5526.6300,5264.4700,8194.0000,25236.7900,1844.3900,2854.9000,11037.1300,2477.6600,2462.1600,3500.3300,2924.1600,10867.4400,2749.5500,7926.7000,2297.5900,11854.8500,1809.6600,5342.4400,721.1400,2176.7400,3659.9000,1814.1900,6635.0600,1714.2900,2470.0700,2481.5800,2224.7400,7233.2800
2022-01-19,3684.6300,4787.7600,2976.9100,5411.3400,5185.1600,8280.1300,25183.6600,1857.0400,2861.9000,10816.1300,2462.3700,2455.9200,3517.6300,2921.4100,10940.3500,2769.7000,8177.9600,2319.6300,11564.4800,1765.1800,5361.5700,730.5100,2172.5000,3683.0400,1820.7700,6491.7100,1714.3400,2479.2400,2476.1600,2223.7900,7150.2800
2022-01-20,3743.0700,4673.3600,2952.6800,5360.8600,5118.6300,8433.8300,25582.7600,1821.7300,2833.0800,10719.3400,2448.9200,2455.0000,3501.3300,2922.7500,10794.2400,2717.6800,8084.5800,2315.6200,11422.0400,1720.6500,5298.0300,710.0100,2135.9500,3760.2500,1857.9000,6382.0300,1683.7300,2469.4300,2432.7100,2175.3000,7038.4100
2022-01-21,3625.7200,4627.2900,2910.6400,5377.2200,5023.2800,8288.4800,25825.5100,1801.1300,2787.9500,10395.0300,2421.1900,2441.7200,3473.9300,2951.1000,10713.9200,2703.8600,7980.5500,2269.6300,11398.9500,1674.8900,5265.5900,691.7900,2109.8500,3745.0300,1844.7200,6294.1400,1656.1200,2521.4400,2384.7600,2143.4900,6973.0800
2022-01-24,3610.3400,4666.7100,2950.4500,5459.1900,5077.0100,8249.9700,25513.3300,1782.6200,2761.4900,10294.6600,2418.2400,2416.4300,3503.4100,2961.0500,10755.1500,2663.4900,7975.4200,2285.3100,11636.6500,1691.3900,5281.9100,689.9500,2105.5100,3740.8300,1830.6800,6305.3500,1649.4200,2512.7300,2418.9800,2141.4000,6961.8900
2022-01-25,3476.5500,4525.3700,2839.1800,5324.7500,4919.5200,8104.5000,24995.4800,1724.5400,2662.5500,9990.0400,2322.3300,2373.2200,3380.6800,2885.1200,10484.1300,2527.9100,7716.7000,2195.3700,11291.4000,1660.4900,5035.9600,647.9300,2014.6700,3678.0500,1777.1200,6072.8300,1594.8100,2394.1500,2347.4900,2058.7300,6764.8400
2022-01-26,3533.1000,4572.0800,2862.3300,5361.9400,4953.5400,8128.1900,25093.2800,1734.9300,2678.0600,9847.4300,2346.3300,2392.5100,3385.2700,2912.2300,10362.8900,2553.4700,7761.8100,2235.1300,11563.2700,1660.0000,5036.9700,645.7700,2031.5000,3683.6200,1804.6600,6171.2200,1605.2400,2394.2700,2359.4000,2080.0000,6790.8300
2022-01-27,3454.2700,4482.0800,2807.8100,5207.9900,4782.5300,7880.0800,24786.6700,1688.0700,2598.0500,9665.7900,2303.8800,2359.3800,3327.0900,2840.8700,10029.3000,2506.9300,7570.5800,2204.8300,11202.8700,1617.0600,4771.5200,621.0700,1971.7800,3667.6100,1765.4000,5991.1300,1544.6800,2384.4800,2317.5300,2036.4900,6663.0900
2022-01-28,3549.0300,4476.2700,2778.6300,5133.8600,4758.4100,7830.5200,24180.6300,1720.8400,2628.7700,9684.5700,2292.9500,2377.9500,3328.1400,2884.4400,10255.0100,2547.3800,7542.2500,2174.2200,11180.5500,1623.6600,4755.1800,624.9900,1998.5800,3609.4300,1747.6200,5912.8700,1556.5800,2307.1500,2311.3300,2059.2200,6587.9000
2022-02-07,3594.7700,4570.2800,2890.8500,5292.5800,4770.4500,7934.5700,24142.9300,1752.4000,2653.8000,9759.9800,2352.6500,2437.4200,3383.4200,2926.0800,10215.6900,2579.7100,7853.1500,2304.4500,11284.9200,1625.8700,4726.3400,621.4000,1994.2900,3723.5800,1785.6300,6035.0100,1586.0900,2401.5000,2416.5900,2100.2500,6711.3100
2022-02-08,3624.6600,4613.3300,2965.3700,5302.7400,4683.7200,7912.2100,23789.0600,1781.0200,2684.8100,9706.8300,2413.0500,2494.0700,3416.0300,2965.5700,10516.4800,2662.7100,7908.6100,2351.5500,10896.0100,1627.3100,4769.8000,631.7100,2026.5100,3776.5400,1815.5100,5986.7800,1597.5400,2534.9900,2456.8700,2146.2500,6763.2600
2022-02-09,3729.2400,4676.4700,2991.9600,5459.6800,4741.0500,8044.6900,24546.9400,1791.5300,2696.6800,9834.6300,2451.1800,2497.7500,3411.5900,2992.1700,10696.4600,2702.4400,7913.7300,2348.3200,10968.6400,1660.6500,4922.9900,650.4600,2104.6200,3761.1100,1820.0500,6082.0700,1609.1400,2532.9800,2459.6900,2175.7700,6803.8400
2022-02-10,3827.8600,4699.9100,2997.2400,5504.8900,4720.2400,7869.6600,24400.8100,1792.6400,2690.1600,9742.4500,2468.8600,2524.3200,3456.9900,3051.5300,10838.9400,2681.5100,8002.1000,2383.0300,10606.5500,1650.3400,4878.6300,659.7800,2079.6500,3790.3600,1830.2100,6010.4500,1591.5600,2593.6500,2493.9000,2194.6700,6686.1900
2022-02-11,3735.7500,4652.5100,2971.7800,5484.2800,4600.3000,7901.7900,24254.8000,1766.8300,2657.7800,9419.7200,2429.2000,2507.3300,3461.2500,3035.4200,10755.1000,2645.0000,8072.0800,2344.9900,10265.6700,1613.6600,4804.2700,645.1800,2049.0900,3833.1700,1845.5000,5847.8700,1565.0700,2626.9300,2495.7800,2174.3600,6490.5100
2022-02-14,3659.6700,4646.7300,2919.7400,5513.5100,4581.4100,7801.2200,24530.1900,1781.6900,2646.0500,9470.4400,2382.0200,2456.7300,3363.6900,3045.9500,10812.1300,2667.3100,7793.4900,2312.3400,10322.7000,1626.0900,4771.4100,646.6900,2032.7600,3743.6000,1769.8700,5820.9500,1557.8200,2595.6900,2484.7600,2151.8200,6485.1400
2022-02-15,3648.8200,4662.2300,2908.5900,5569.4800,4718.6700,7765.6300,24830.8400,1776.3200,2642.7100,9792.1900,2375.4300,2437.4900,3328.7300,3014.2800,10762.1200,2660.3100,7811.3100,2322.4000,10728.3000,1658.6200,4808.1600,648.3600,2059.3300,3695.6600,1765.6900,5927.6800,1575.3400,2551.5900,2455.1300,2145.1700,6713.8200
2022-02-16,3619.6100,4723.3900,2959.2800,5601.0900,4709.9700,7842.3100,24947.8200,1793.5000,2674.6100,9832.6000,2384.9600,2468.3200,3369.7400,3042.0900,10888.9200,2695.0300,7957.3700,2396.6700,10737.0500,1642.6900,4806.5100,652.8100,2071.8200,3732.3000,1772.4600,5976.4400,1598.0800,2578.8000,2454.5300,2177.5800,6780.9300
2022-02-17,3656.3600,4784.9600,2973.3400,5773.9800,4732.7700,7769.6700,24820.8900,1790.5000,2656.7900,9784.5600,2396.6700,2443.0600,3325.9500,3003.9500,10737.5900,2665.3300,7951.9000,2377.2200,10966.4200,1650.4300,4769.0000,642.9300,2062.9800,3743.2000,1761.0600,5987.1900,1597.7000,2586.6900,2460.0000,2226.4100,6756.5300
2022-02-18,3697.4800,4799.6000,3048.5700,5775.5000,4709.6800,7830.7200,24975.1600,1795.6300,2674.2400,9876.3300,2399.9100,2480.7200,3436.0300,3021.4700,10719.7300,2711.8900,8055.4800,2427.2200,10833.4400,1645.3000,4864.4300,646.8900,2093.0100,3791.0200,1772.9900,5972.1300,1602.5300,2676.5400,2488.7800,2233.8300,6773.3400
2022-02-21,3710.8600,4818.3100,3051.6900,5760.6300,4713.1300,7846.5000,24912.2100,1823.3700,2714.4600,9965.8300,2405.8900,2484.3300,3469.8400,3009.5500,10903.8100,2764.1100,7977.7400,2417.7100,10803.4700,1649.3700,5025.1500,653.9500,2154.2400,3772.3200,1766.2700,5966.4300,1614.0400,2741.3600,2498.7000,2237.2300,6815.4900
2022-02-22,3686.8800,4825.6800,3006.9200,5858.1800,4678.8100,7649.8200,24260.7500,1801.4300,2674.4800,9800.6900,2384.4500,2441.1300,3451.0900,2961.0500,10635.3800,2730.5100,7830.3300,2366.4200,10798.6000,1631.2600,4946.3400,630.0500,2124.6900,3752.2000,1733.0900,5866.4500,1597.8700,2750.1200,2517.7000,2211.6400,6717.4200
2022-02-23,3632.7200,4941.9000,3021.0900,5887.2500,4873.8300,7713.2100,24472.7000,1808.2200,2696.8100,9965.4700,2402.7900,2450.7600,3413.4600,2978.5200,10726.7300,2777.8400,7783.2100,2354.7100,11165.7800,1685.6300,5042.9600,644.5200,2158.9100,3719.8800,1748.8600,6052.3000,1629.5600,2708.9500,2487.1200,2225.6900,6867.4000
2022-02-24,3572.7900,4837.9700,2930.9400,5833.0800,4782.1900,7504.7800,23686.0700,1773.0100,2630.9900,9760.2500,2386.6800,2395.7200,3337.2200,2888.2400,10338.9000,2689.7700,7516.0600,2275.2700,11052.9200,1709.4100,4840.5400,616.5600,2095.7800,3666.6400,1699.4600,5893.4000,1594.1800,2673.3100,2519.2300,2165.6800,6675.6200
2022-02-25,3576.6600,4870.0200,2992.0100,5898.6200,4825.0200,7546.9800,24002.3900,1788.1000,2657.3400,10044.7600,2446.9700,2425.6600,3325.5100,2932.1600,10382.9200,2725.5400,7532.0600,2268.8300,11293.9300,1695.5400,4864.3600,619.3600,2109.8400,3649.6300,1701.6400,5957.5800,1608.3000,2607.4300,2498.2900,2195.0500,6846.6500
2022-02-28,3575.9900,4910.8500,2998.4200,6015.6400,4816.3200,7455.4400,24000.4400,1777.4800,2651.8900,10069.5700,2473.9200,2444.5200,3302.2000,2884.5700,10413.6700,2765.0100,7494.8000,2261.8700,11464.9000,1711.7600,4880.7900,616.3000,2109.9900,3645.7800,1695.5000,5945.6300,1601.7300,2665.5100,2518.2700,2217.8800,6870.2800
2022-03-01,3707.7800,4878.3000,2992.5600,5901.8100,4813.1900,7552.0800,24582.3700,1790.2900,2653.5200,10103.6100,2473.2600,2449.7900,3338.6000,2924.4200,10542.1500,2793.5900,7583.3100,2291.8400,11497.6000,1740.1800,4899.5000,623.9400,2142.0000,3678.7300,1712.5400,6000.8800,1610.1100,2734.7200,2494.0700,2231.1400,6863.0000
2022-03-02,3717.6300,4880.9900,2994.2900,5960.2100,4746.6400,7456.6100,24347.1500,1804.4400,2664.0700,10081.3900,2478.8000,2473.9500,3357.7900,2905.4500,10502.9500,2807.3400,7531.7400,2293.2700,11336.6700,1723.6000,4889.2800,620.5300,2130.0700,3661.5600,1701.3600,5952.9500,1610.2300,2792.8600,2469.4700,2224.7300,6856.8000
2022-03-04,3701.4500,4781.8700,2983.6700,5841.9300,4619.4700,7289.6600,23531.7700,1794.9900,2659.9000,10062.6000,2492.1200,2514.1300,3366.4600,2884.9700,10622.0800,2794.1700,7400.2900,2272.8200,10894.5700,1655.7700,4725.6500,616.9200,2078.3700,3650.5800,1677.0600,5691.4000,1573.2800,2874.6100,2449.3000,2200.1300,6786.4800
2022-03-07,3638.4100,4704.4200,2943.6600,5820.6500,4439.5700,7012.3900,22501.7700,1777.3000,2616.4600,9795.5300,2461.5300,2424.1700,3362.0700,2789.8700,10222.3600,2815.9500,7294.0800,2277.5200,10502.0700,1626.4100,4573.6900,607.1700,2011.1400,3574.2500,1636.1700,5504.2400,1537.0400,2873.5800,2379.3800,2157.7400,6713.0600
2022-03-08,3485.5400,4528.3000,2831.7300,5537.2500,4391.4100,6757.8200,22448.8100,1717.0200,2523.2000,9400.0300,2373.3700,2344.1200,3252.9200,2728.8800,9847.0800,2777.2800,7043.3600,2229.5500,10393.9000,1562.0400,4496.4100,586.4300,1985.4300,3495.2800,1598.1100,5309.3300,1493.5900,2717.5000,2310.1200,2098.0900,6503.7400
2022-03-09,3453.5700,4438.2800,2772.0900,5403.8100,4389.3300,6658.3900,22423.4200,1684.7100,2503.7200,9184.4900,2388.7600,2304.1100,3154.9300,2694.9300,9637.3100,2718.0200,6917.0200,2226.8000,10464.8800,1529.9400,4467.5200,581.8000,1972.1300,3436.3800,1559.7200,5286.5300,1471.4300,2776.1500,2242.1500,2069.8500,6456.4100
2022-03-10,3445.8600,4553.1600,2820.0000,5456.0700,4436.1900,6694.7100,23029.1300,1705.7900,2530.0200,9568.5900,2429.9800,2339.8900,3178.2500,2725.0400,9715.1100,2770.9400,7113.9900,2251.5500,10879.5400,1563.9700,4497.5600,586.0300,1977.7500,3463.6700,1560.2100,5406.1700,1489.5900,2781.8900,2291.0400,2116.9500,6563.5300
2022-03-11,3555.3100,4576.4900,2800.9100,5431.2500,4422.2000,6739.9200,23046.3200,1705.4000,2538.2500,9854.3800,2393.0500,2372.3000,3182.1400,2744.2700,9781.4100,2791.8500,7080.9800,2215.0100,10833.9000,1569.2800,4550.1800,591.4100,2003.4900,3481.8900,1583.5100,5420.9600,1495.5100,2785.4800,2278.1000,2105.2500,6513.3400
2022-03-14,3409.4500,4468.3300,2714.2800,5218.1400,4280.2700,6520.2300,22090.0200,1657.5900,2472.5300,9767.0400,2317.5100,2281.4100,3118.6300,2631.2500,9388.8300,2720.0400,6886.4100,2164.4300,10466.9100,1560.6500,4408.7700,573.1400,1953.2800,3389.8600,1551.7200,5267.5700,1450.7200,2680.3900,2227.3600,2022.7700,6253.2100
2022-03-15,3234.7700,4229.7300,2518.3000,4955.8000,4110.5100,6196.0600,20931.0400,1568.3300,2331.4000,9339.9900,2160.7800,2152.5000,2892.4400,2480.3600,8983.2200,2584.4500,6431.1100,2048.3500,10207.5000,1494.9600,4234.4500,540.1400,1867.8600,3230.5600,1482.0900,5023.6800,1371.4400,2463.7800,2112.4700,1904.9800,5920.2500
2022-03-16,3294.5600,4353.6500,2595.5100,5152.5600,4285.8100,6416.2200,21676.6400,1615.6400,2390.3200,9542.6100,2254.4000,2253.5700,2979.7600,2572.2600,9444.9400,2647.1800,6655.9700,2099.1500,10750.4400,1541.2800,4399.1600,564.7600,1943.7400,3356.7800,1564.6700,5252.8000,1419.0400,2522.5300,2176.4700,1964.8400,6067.0200
2022-03-17,3394.1400,4398.9200,2647.3200,5216.9300,4371.8100,6569.8000,22249.3400,1634.9100,2450.9400,9861.6600,2253.5200,2272.6000,3103.1900,2621.2100,9737.4100,2668.8400,6916.3800,2121.2000,10906.8900,1554.8000,4493.7800,582.9000,1968.9100,3395.5100,1575.8100,5370.6900,1446.1100,2564.6900,2215.4600,1993.7000,6282.8600
2022-03-18,3479.9700,4447.0800,2671.5000,5273.5700,4363.2100,6601.7300,22210.3500,1652.2900,2480.2800,9960.3600,2293.9800,2311.5400,3245.3000,2656.8600,9864.3100,2729.2600,7069.7200,2186.9600,10817.3000,1543.8200,4479.7200,587.6100,1976.1900,3474.2500,1610.1100,5386.0200,1458.1100,2682.1200,2225.0500,2021.9900,6323.4500
2022-03-21,3569.3800,4488.4400,2677.1900,5369.6100,4391.6300,6597.2600,22161.4900,1661.2300,2485.1500,10154.6000,2288.0100,2298.3300,3240.4400,2655.9800,10000.5000,2789.6200,7024.0500,2201.6100,10943.8900,1561.1800,4469.8100,588.2200,1970.6300,3424.8900,1582.4400,5447.8700,1469.4300,2753.4500,2233.3400,2047.3900,6354.9800
2022-03-22,3604.2800,4471.0900,2713.7600,5409.7500,4357.4400,6620.6200,22003.1000,1668.7400,2510.7100,9909.5000,2294.5500,2296.8000,3353.9700,2656.5900,9852.3100,2795.0900,7027.0700,2211.8200,10759.5900,1550.3600,4468.5400,594.7000,1961.3600,3487.7200,1592.0000,5450.2700,1470.9100,2839.3400,2252.4900,2037.0200,6276.9800
2022-03-24,3577.8200,4510.2600,2680.3300,5444.9100,4280.8300,6542.3500,21929.0400,1653.2700,2457.8200,10284.0800,2259.1300,2271.5800,3361.3400,2614.4000,9699.2200,2803.9900,6842.9000,2185.0500,10690.7400,1559.9100,4353.0100,580.7200,1987.6800,3474.9700,1581.6800,5418.7800,1459.3700,2856.1000,2225.7800,2004.8700,6502.8400
2022-03-25,3616.6000,4470.7500,2654.7600,5392.5300,4228.0600,6436.0800,21439.0300,1669.4200,2442.6300,10013.8000,2223.3700,2243.4300,3369.9800,2615.2700,9607.3900,2814.6900,6806.4900,2165.8200,10379.3100,1546.8700,4296.0800,583.7100,1947.0100,3469.9500,1562.5900,5312.8300,1437.4000,2838.7600,2218.5100,1990.7100,6422.8700
2022-03-28,3627.7200,4441.4400,2664.6300,5313.2900,4188.7800,6396.9000,20995.8400,1660.1700,2423.1100,9937.9100,2241.6000,2238.8300,3436.9300,2597.4100,9632.9100,2799.5000,6820.0500,2189.7400,10217.7300,1517.9500,4279.2600,591.9000,1942.1000,3482.0700,1566.9500,5267.0000,1429.1600,2927.1100,2241.7600,1988.8900,6359.3000
2022-03-29,3721.2100,4469.9000,2648.0700,5302.6000,4079.5800,6288.6400,20879.1100,1642.7400,2384.8200,10023.9900,2235.2600,2240.9300,3381.2300,2582.0700,9567.9900,2783.8300,6781.7400,2157.6500,10178.2500,1528.6900,4222.4000,586.1600,1919.1000,3487.7100,1549.9200,5220.9900,1407.8400,2978.0300,2236.1800,1968.8900,6327.1900
2022-03-30,3717.5200,4534.6000,2694.1900,5372.1700,4182.2300,6504.1300,21695.0000,1653.5800,2448.4400,10196.8000,2256.6000,2274.1800,3573.1900,2656.9700,9729.0000,2821.7800,7114.9000,2215.1800,10594.8100,1550.5700,4311.0000,595.6200,1951.3400,3536.8100,1606.4900,5350.6300,1439.0100,2895.3500,2232.2600,2000.0600,6606.0800
2022-04-01,3691.7300,4492.0900,2720.8600,5286.5300,4097.0800,6655.2300,22060.7200,1663.7800,2450.7600,9999.0800,2243.9300,2349.8000,3734.5800,2718.0100,9891.8800,2846.4400,7234.8300,2201.5400,10345.6000,1511.6100,4306.1400,613.0500,1928.3700,3649.5600,1618.2200,5283.5000,1422.7800,2941.9700,2229.7100,2003.8000,6646.1400
2022-04-06,3696.7100,4493.7000,2832.4500,5273.1700,4013.0800,6666.5100,21859.2200,1688.1800,2490.2100,10048.8400,2264.2500,2352.5300,3837.5200,2689.1000,10055.7500,2878.8800,7433.2200,2276.1600,10085.6600,1489.9000,4309.5400,617.1600,1917.9200,3705.8500,1625.1300,5263.6100,1430.6100,2905.6600,2256.9700,2018.7400,6607.9500
2022-04-07,3583.1600,4466.7600,2793.4600,5214.4200,3928.6000,6567.1600,21774.0600,1654.8500,2432.6900,9838.0500,2228.8600,2306.4800,3696.0900,2661.7800,9793.9700,2795.6500,7352.1900,2245.2700,9900.4900,1471.5500,4182.7100,604.2300,1870.7600,3663.5100,1591.0000,5145.3800,1399.1900,2922.9200,2244.8400,1970.9500,6475.2100
2022-04-08,3517.4000,4536.6000,2828.8300,5230.7900,3905.5800,6490.2300,21759.3800,1645.3800,2417.4400,9665.9700,2233.0700,2316.5900,3795.8800,2649.8400,9745.8200,2785.9800,7519.4700,2334.9600,9861.1800,1457.8100,4112.7900,587.0600,1863.5600,3693.8000,1614.1300,5145.2100,1408.0900,2969.4100,2270.9900,1973.0300,6412.1000
2022-04-11,3590.6700,4427.3500,2736.3300,4970.2400,3714.1000,6309.2700,21076.0000,1608.2300,2354.9300,9479.4100,2170.0600,2294.7600,3652.8200,2590.4100,9527.1900,2701.7700,7330.7100,2319.8400,9326.1200,1392.5700,3922.1800,568.0000,1792.2000,3635.2900,1563.2300,4905.3300,1354.6100,2927.2300,2236.5200,1910.5300,6276.5300
2022-04-12,3620.2400,4421.9100,2743.2100,5052.6100,3770.6200,6501.7100,22019.3000,1629.5600,2396.1200,9680.0700,2185.3900,2385.5700,3571.7200,2735.8000,10157.0100,2749.4500,7299.1000,2319.5000,9484.7600,1417.3000,4001.5900,583.2000,1820.6800,3638.0300,1607.8000,4997.9800,1380.6200,2943.6200,2247.7200,1936.6200,6555.9800
2022-04-13,3547.1600,4364.3500,2736.4900,5163.3900,3682.3600,6417.0400,21927.5100,1607.0200,2351.0800,9407.5100,2163.4100,2390.8100,3538.1600,2706.2200,9785.5300,2709.0300,7113.3100,2238.7000,9329.9800,1384.4600,3902.4900,560.5800,1782.5000,3635.5700,1587.3200,4927.0900,1355.3400,3056.1400,2244.8500,1901.0000,6467.8300
2022-04-15,3557.6300,4343.9900,2803.5500,5077.2000,3741.6100,6577.9100,22715.9100,1588.3000,2354.1400,9532.9200,2170.2600,2346.0200,3685.7100,2732.5500,9685.8800,2682.1400,7135.2500,2206.9200,9134.5000,1386.7700,3897.6300,549.5700,1757.8300,3685.8600,1602.4300,5004.7000,1339.9200,3118.6100,2229.6100,1870.5200,6512.7600
2022-04-18,3679.7600,4339.0100,2755.6800,5060.7200,3846.0700,6511.5900,22616.4400,1598.6200,2343.8600,9478.8500,2176.3300,2344.8700,3561.9600,2734.3600,9785.7500,2691.8600,7072.9600,2177.7500,9338.9400,1416.8900,3948.8800,546.0200,1794.7900,3576.3000,1561.5900,5111.3900,1341.6900,3009.6300,2197.6500,1868.8100,6492.3600
2022-04-19,3763.6700,4405.3100,2792.8900,5103.5200,3775.0600,6461.4800,22464.6400,1617.5300,2333.2000,9344.9100,2198.8200,2349.5400,3576.7300,2730.2600,9804.6300,2705.0700,6990.2900,2200.4500,9280.9800,1415.9400,3941.1600,553.1900,1793.3500,3561.7700,1548.5900,5092.2500,1345.2900,3091.1700,2242.1100,1887.5700,6358.6600
2022-04-20,3723.4700,4309.5500,2678.1200,4906.2500,3736.9900,6498.1300,22706.2900,1618.5000,2320.5900,9169.0200,2174.6500,2342.9700,3399.8400,2738.0600,9888.2500,2671.3100,6809.5700,2125.5900,8901.9200,1393.5100,3920.2400,549.3200,1777.0600,3520.5900,1523.6600,5064.8800,1328.8900,2927.3700,2175.8500,1871.3500,6407.2500
2022-04-21,3555.4500,4109.2300,2553.7900,4691.8100,3651.1800,6339.2700,22343.7400,1599.0900,2241.7800,8893.5400,2112.6100,2276.4900,3308.9600,2631.0900,9485.2700,2577.1400,6566.8300,2042.5400,8565.2900,1344.9500,3788.5100,528.8100,1723.0900,3509.8000,1522.1600,4879.4400,1272.5700,2871.7000,2101.6800,1794.2700,6395.8500
2022-04-22,3456.2300,4075.4600,2549.9400,4666.7700,3581.4900,6428.1700,22307.4000,1653.2000,2250.6600,8833.0600,2159.7600,2284.6900,3346.4500,2642.0600,9248.4300,2583.6800,6648.3100,2066.5100,8504.4400,1327.5700,3715.1900,520.1200,1717.8300,3572.0600,1527.4500,4861.2500,1262.7300,2894.0200,2134.9500,1781.3600,6455.8000
2022-04-25,3295.6000,3762.0700,2371.4300,4272.5700,3300.6700,6152.9900,21257.2600,1544.3400,2101.5900,8348.1200,2054.5500,2157.1100,3165.0100,2503.8000,8654.3100,2406.0400,6351.9200,1977.4500,7890.5900,1220.7200,3446.4900,481.1700,1625.3500,3406.6800,1471.8400,4552.3700,1167.3800,2707.6600,2033.5900,1651.9300,6067.0000
2022-04-26,3189.0500,3629.1600,2311.6000,4126.0600,3204.9500,5973.1400,21589.5900,1459.8200,2036.7200,8359.0900,2010.8400,2122.9800,3167.8700,2504.2800,8533.3900,2366.1300,6361.4100,1999.5800,7697.9100,1162.2700,3305.6300,473.1700,1597.0700,3393.2500,1416.0500,4432.1600,1131.5800,2589.9800,1969.4700,1617.1100,6232.9300
2022-04-27,3316.2100,3811.3400,2409.3100,4411.5100,3394.1400,6097.5500,22101.5900,1449.5900,2072.0900,8536.7800,2068.3900,2164.4200,3115.4100,2537.1000,8821.7700,2438.8100,6627.9900,2075.5400,8322.4000,1236.3400,3467.8400,489.4200,1656.5500,3396.7000,1435.4700,4567.2100,1184.8900,2696.1500,2014.5400,1663.0500,6358.3600
2022-04-28,3222.3000,3803.5400,2384.9800,4432.4000,3375.5700,6131.8700,22400.8000,1430.9200,2035.7800,8480.1700,2072.7000,2166.5000,3206.2400,2503.4200,8713.4700,2427.6300,6572.5400,2105.6600,8322.8700,1244.4300,3388.7200,478.5500,1646.1700,3462.3400,1410.7200,4544.0000,1178.9800,2839.4700,2039.8400,1634.7500,6260.0800
2022-04-29,3211.5500,3921.8700,2475.7800,4644.7400,3525.6600,6469.5600,22461.2200,1489.5500,2121.9800,8737.9600,2106.7800,2228.8900,3314.4100,2601.8800,9029.6000,2464.7800,6719.1000,2151.1200,8706.3600,1313.4500,3580.2400,510.7900,1698.9600,3455.5500,1467.4000,4778.0300,1226.8100,2838.9900,2113.6700,1700.2200,6459.8300
2022-05-06,3210.2200,3966.3200,2403.2700,4489.4800,3443.7600,6590.3600,21877.1900,1522.6700,2133.1300,8752.1000,2095.5300,2189.2400,3133.9500,2525.0100,8667.1500,2462.1400,6690.7900,2102.7400,8500.9800,1345.1900,3501.3900,500.6500,1678.8100,3366.5500,1420.7100,4816.0100,1231.9300,2775.9900,2143.7900,1687.6900,6188.0000
2022-05-10,3279.8000,4019.0600,2434.4200,4573.1300,3536.0900,6538.6900,21891.8600,1551.1800,2198.5700,8872.0500,2155.8200,2209.0300,3205.1200,2563.3600,8759.8500,2539.1800,6813.7000,2237.4300,8788.2000,1386.6200,3543.4300,512.9800,1715.4400,3340.7400,1441.9200,4809.8600,1265.8200,2660.6100,2120.1800,1767.2000,6203.2000
2022-05-11,3245.8700,4065.9800,2451.6200,4667.4100,3645.3400,6542.0100,22020.7500,1542.3000,2196.3100,8993.1000,2160.0800,2224.8300,3165.8600,2623.9300,8860.4900,2508.8900,6781.7600,2207.9300,9157.3500,1380.3500,3566.7600,513.5100,1710.0500,3328.6400,1449.1600,4988.9400,1269.7400,2729.6000,2128.9000,1771.3800,6281.3900
2022-05-12,3214.9800,4060.7400,2442.2300,4626.5000,3661.3900,6524.5900,22129.7600,1562.6200,2210.6100,9088.6300,2163.6600,2219.7900,3116.4600,2619.5600,8983.1400,2516.2800,6749.2600,2217.9500,9097.9100,1386.6000,3573.8000,514.3400,1720.9900,3305.8200,1444.6700,4990.9200,1274.6600,2673.2300,2132.3600,1780.9100,6274.4800
2022-05-13,3206.4700,4089.8000,2450.9300,4651.9700,3659.4600,6597.4700,22104.8300,1568.1800,2228.4000,9111.4900,2195.8200,2251.7000,3256.4300,2621.2000,8914.9600,2531.8200,6833.6500,2207.9300,9170.1100,1389.7300,3546.2000,515.4000,1726.7100,3344.8300,1452.1400,5220.8800,1283.9000,2761.9200,2136.2600,1786.6100,6252.5300
2022-05-16,3305.6400,4134.6600,2464.8100,4672.4000,3624.7300,6563.1700,21846.0800,1575.6700,2241.8000,8950.2400,2181.8800,2262.2600,3308.2900,2648.2200,8938.8100,2577.8600,6867.6300,2212.1400,9081.6400,1388.6900,3539.2100,520.2700,1716.6200,3315.2000,1437.9500,5159.3500,1282.4500,2837.0500,2162.0500,1777.8300,6329.0300
2022-05-17,3267.9700,4171.7800,2476.7100,4801.2600,3721.6900,6627.4400,21961.7800,1563.3500,2243.6300,8843.6800,2171.1000,2261.4300,3267.9800,2622.7700,8860.0800,2558.7600,6886.0200,2178.8500,9375.6300,1400.6700,3537.1500,519.4600,1728.4700,3357.1400,1446.9300,5321.9200,1292.1900,2874.0700,2191.4600,1781.4400,6339.0600
2022-05-18,3262.5200,4160.5600,2484.2400,4789.6000,3744.0700,6590.7100,21840.6800,1589.7800,2258.4200,8774.9000,2180.5000,2235.2000,3244.0000,2617.8500,8846.8900,2568.0500,6813.3600,2168.3000,9422.5500,1411.2700,3569.5000,518.7400,1734.6800,3333.6900,1447.1700,5369.9400,1294.2000,2831.3200,2182.7700,1789.5700,6260.4300
2022-05-19,3234.4500,4191.1900,2486.0800,4830.0700,3782.4500,6536.2200,21647.0800,1587.3600,2257.1300,8761.2100,2213.9000,2230.7900,3316.7800,2594.5000,8901.1700,2573.7700,6886.5200,2216.8000,9697.6800,1419.1300,3550.5000,517.9000,1750.2500,3314.1800,1440.9100,5408.3500,1305.7400,2838.1100,2177.8400,1812.7700,6238.5100
2022-05-20,3259.3400,4264.3000,2526.6300,4973.5700,3819.6100,6670.0200,22394.3800,1613.3500,2280.1800,8928.5200,2230.3000,2292.6800,3275.0700,2657.9800,9026.2300,2637.8900,7023.5600,2229.7800,9836.1200,1418.5800,3595.2900,525.0500,1769.8500,3373.5700,1469.7700,5451.6100,1324.6300,2966.0900,2220.9500,1828.8600,6460.9600
2022-05-23,3327.9500,4339.9400,2599.4200,5094.7400,3835.9600,6511.8500,22151.5500,1616.4200,2282.0500,8981.5700,2219.8500,2308.8200,3204.7000,2620.4300,9005.9200,2692.0000,7008.9700,2204.9600,9782.6300,1420.3000,3641.3000,531.1400,1778.9300,3355.1100,1470.4300,5557.3000,1336.0300,2993.5700,2254.1200,1841.1300,6468.1500
2022-05-24,3224.4100,4173.4700,2505.2600,4912.6400,3678.6900,6376.2600,21802.0900,1555.2900,2199.1000,8595.7300,2164.7500,2246.4400,3130.4600,2527.0700,8644.8100,2549.6700,6773.5400,2109.5300,9410.4200,1371.0400,3445.4700,510.1200,1711.5100,3320.1100,1432.2700,5441.7600,1288.4700,2974.0100,2210.9500,1779.3000,6226.7800
2022-05-25,3302.6600,4224.5700,2520.0100,4959.0100,3704.5700,6387.3300,21800.9000,1576.4300,2220.0500,8678.6200,2232.8100,2306.4700,3155.2700,2580.0600,8807.6200,2568.5600,6855.1700,2164.8500,9486.9400,1391.6500,3512.7000,527.5800,1737.6900,3329.1900,1439.9100,5562.3400,1307.8100,3034.1400,2244.0900,1817.0300,6271.4200
2022-05-26,3293.2600,4254.4100,2548.5500,4967.6500,3711.7600,6435.6400,21764.7200,1595.3500,2245.7800,8621.3800,2250.8200,2335.7700,3182.7400,2579.7300,8962.7500,2548.0400,6900.0600,2194.0400,9464.6200,1437.0300,3532.9300,534.3700,1774.0100,3321.1600,1455.9500,5524.9700,1326.9700,3123.9500,2299.5500,1834.6500,6323.1300
2022-05-27,3287.4400,4265.0000,2545.9800,4949.6600,3697.2800,6403.6300,21824.1300,1590.2700,2227.1700,8659.1400,2243.6100,2350.1400,3164.0500,2587.8100,9151.0200,2543.6200,6862.2700,2216.1000,9443.4600,1434.9800,3533.6600,529.9800,1763.8900,3341.3100,1455.1700,5531.5900,1327.5100,3170.1100,2333.9500,1832.1300,6398.6000
2022-05-30,3293.1200,4334.3400,2552.6100,4994.9400,3727.9700,6463.3400,22310.4200,1594.3600,2241.5300,8692.4800,2264.6600,2367.1200,3126.7500,2638.4600,9410.7100,2558.5100,6848.7500,2208.2400,9567.6900,1458.2700,3595.0600,532.6100,1778.1500,3318.0300,1454.6100,5675.7200,1336.3800,3138.4500,2362.3700,1861.1100,6529.6600
2022-05-31,3387.5500,4351.8000,2571.6300,5015.5200,3841.4100,6573.6100,22898.3300,1605.0000,2281.9600,8838.3300,2298.4400,2383.8500,3118.4400,2678.6800,9394.6600,2575.2000,6862.1100,2186.7500,9788.7100,1461.5000,3658.4900,542.2000,1802.3300,3336.6800,1470.0600,5650.4600,1354.5800,3115.1400,2397.5400,1875.6000,6810.1700
2022-06-01,3350.7200,4340.8700,2569.0900,4966.1300,3828.4500,6568.1900,22682.3100,1611.9200,2290.5000,8782.3700,2295.0200,2384.7100,3131.0800,2678.5100,9320.5100,2584.6800,6987.0400,2171.3000,9926.5800,1480.9300,3667.6900,544.7700,1804.8400,3327.8000,1465.6900,5768.9500,1362.2300,3163.4800,2344.4300,1879.6800,6743.2300
2022-06-02,3333.6100,4342.2000,2612.3900,5042.6900,3914.7100,6488.1900,22546.5800,1604.4500,2288.2900,8679.3200,2286.3400,2373.2200,3088.7800,2663.3900,9228.4800,2572.8400,6996.0600,2180.5300,10159.3400,1500.5800,3709.2300,541.8600,1835.3000,3306.0500,1471.8000,5933.5300,1386.5900,3065.0200,2314.2000,1881.2100,6751.7600
2022-06-06,3323.5100,4474.3300,2659.1000,5282.7000,4019.0300,6526.3600,22788.5100,1622.4600,2310.3300,8891.6800,2309.2500,2361.1700,3062.9500,2710.2700,9387.7300,2591.8000,6995.3600,2187.4100,10625.4700,1517.9300,3833.0900,550.2100,1857.9100,3303.8300,1497.1000,6042.2300,1408.7300,3166.4300,2358.3400,1896.8600,6850.6100
2022-06-07,3326.4300,4471.2300,2637.3800,5278.9000,3952.4100,6529.2600,23117.6200,1619.0700,2305.9300,9069.1100,2297.4900,2393.0500,3103.7200,2746.1400,9354.3100,2607.3500,6991.0400,2184.2100,10565.6700,1517.1300,3821.2700,548.1900,1844.9800,3338.9800,1497.5200,5914.4300,1401.1400,3162.5100,2375.3400,1883.6100,6874.2100
2022-06-08,3342.0400,4505.9800,2671.5100,5370.5500,3935.5100,6492.9900,23526.8300,1610.9600,2292.1400,9137.0000,2325.6600,2396.3700,3076.4600,2772.2100,9509.4700,2613.0600,6970.5900,2173.9800,10580.0300,1502.4800,3853.0200,549.2400,1841.4000,3346.1900,1516.4800,6031.6300,1398.6800,3325.3400,2424.0400,1882.9900,6897.9000
2022-06-09,3375.3000,4498.0400,2660.6000,5313.0100,3810.3000,6375.7800,23198.6500,1584.9400,2242.5200,8933.5900,2300.8500,2356.3600,3095.1900,2714.0400,9237.9000,2582.1100,6876.3700,2195.8900,10346.7600,1467.6700,3750.5700,544.4800,1807.4400,3390.8000,1517.4100,5841.5900,1374.2500,3328.5300,2455.9100,1855.1200,6766.2900
2022-06-10,3368.9200,4603.9200,2675.8000,5441.9300,3885.7400,6444.8900,23571.2600,1601.9900,2265.3800,9035.8600,2346.9100,2376.3900,3093.8900,2734.2100,9361.3900,2615.5200,6968.8500,2199.3100,10660.6000,1509.8500,3797.3200,550.2300,1827.8400,3403.9800,1549.2100,6122.4700,1395.1700,3382.2800,2496.2900,1873.6000,6828.7300
2022-06-13,3432.1700,4642.7600,2643.8000,5544.4400,3856.5900,6368.7600,23153.4200,1607.7500,2260.1600,8953.5000,2299.3300,2328.9100,3013.7200,2670.9000,9366.6800,2602.6200,6905.6100,2157.9800,10735.9800,1519.9600,3814.9000,546.6600,1840.5200,3333.5700,1526.2200,6245.1800,1413.8900,3340.5700,2494.8000,1878.2600,6820.2900
2022-06-14,3478.7200,4691.7100,2656.4100,5501.9000,3804.8200,6433.0800,23412.7700,1615.8200,2256.7900,8951.5500,2334.6100,2338.2600,3059.6800,2679.6600,9319.4700,2631.7300,6896.5300,2171.8600,10653.5400,1493.4200,3813.8500,545.3500,1824.7400,3385.5900,1587.9700,6379.2000,1417.8700,3421.9300,2567.8500,1875.6600,6959.2600
2022-06-15,3467.7600,4623.3400,2643.1400,5474.7500,3867.2100,6605.0000,23636.7300,1616.6400,2282.2100,9028.5100,2314.3700,2342.1600,3126.5300,2683.8000,9402.2000,2608.2300,7023.2300,2200.3400,10599.0100,1496.1900,3870.5900,548.8000,1834.0900,3448.4700,1652.6200,6290.2100,1407.7100,3330.2700,2508.1800,1868.5900,6913.1600
2022-06-16,3539.2000,4575.0800,2620.4500,5474.5700,3915.7500,6591.5900,23647.1700,1621.4700,2334.0800,9142.8200,2296.4100,2333.2600,3100.4800,2693.1700,9654.3300,2589.5700,6973.1700,2177.8500,10723.0600,1505.3900,3869.2200,565.4400,1854.4100,3382.5300,1592.8700,6264.9100,1413.0900,3196.0300,2421.4500,1872.5200,7050.9200
2022-06-17,3522.7200,4661.2200,2612.7600,5618.5500,3913.8500,6730.2700,24213.1500,1622.5300,2330.6100,9306.6400,2315.9000,2335.8900,3084.4000,2728.7600,9555.7700,2579.7400,7022.0900,2172.5000,11131.1000,1511.1100,3860.4200,558.4600,1875.2200,3378.1300,1595.5400,6367.8900,1426.2300,3186.1100,2419.8800,1871.9400,7162.3400
2022-06-20,3569.5600,4626.0200,2613.4700,5563.8400,3958.8500,6932.5700,24409.5600,1631.4100,2387.9900,9462.4500,2332.7600,2345.5700,3152.4800,2761.9500,9820.2500,2593.1300,7241.4900,2188.3100,11365.0800,1528.0300,3912.7900,561.1700,1881.4800,3353.4600,1575.2000,6419.5100,1452.2700,3009.2600,2329.4200,1893.0200,7245.4500
2022-06-21,3545.4900,4551.3000,2602.6100,5394.6600,3951.6800,6954.6600,24327.0200,1631.2100,2394.5200,9394.5700,2331.0900,2329.7400,3173.8000,2752.0800,9764.5800,2602.2200,7190.9700,2182.5700,11275.4900,1499.4900,3934.5200,567.3000,1874.0600,3385.1100,1582.8000,6362.6400,1455.1900,3013.5100,2319.3700,1875.9400,7153.6200
2022-06-22,3584.8600,4486.3800,2597.7000,5372.7400,3825.0300,6814.9500,24022.2400,1599.9900,2343.1800,9326.6300,2297.9600,2301.3100,3120.7100,2700.2700,9581.2300,2594.8100,7024.5300,2142.9200,11354.2200,1474.7500,3839.8800,550.3200,1837.0300,3340.1300,1555.2300,6345.3600,1432.8100,2957.2100,2280.7200,1849.8000,6996.3100
2022-06-23,3591.7600,4547.7600,2631.8200,5483.8100,3920.8700,6894.1500,24236.8100,1610.3000,2366.5100,9340.6800,2308.4800,2316.2000,3169.2300,2759.1500,9618.5200,2660.8600,7129.8500,2168.6800,11697.5800,1549.8600,3936.2400,553.2900,1865.9800,3371.4100,1602.4200,6695.9700,1471.9300,3020.7600,2298.8700,1873.3100,7122.1100
2022-06-24,3589.5700,4626.1600,2676.0400,5471.0000,3987.8200,7101.9000,24752.5100,1623.0100,2408.4900,9512.2400,2312.5400,2341.6800,3141.8700,2784.5200,9848.2000,2682.8700,7227.5500,2152.8300,12022.8000,1586.6300,3965.9100,556.4600,1895.2300,3355.0000,1606.3200,6739.8800,1485.3700,2995.4600,2299.8200,1891.4500,7206.5700
2022-06-27,3676.5100,4682.7900,2671.0100,5643.0600,4030.6500,7210.9800,25237.9100,1629.0600,2442.7600,9612.2500,2314.5400,2373.6500,3158.8800,2864.1300,10015.0400,2678.6600,7369.8300,2169.6700,11984.6400,1587.9900,3973.9300,563.0600,1902.8400,3392.4900,1608.2700,6795.9100,1502.9200,3128.2200,2322.0700,1905.1700,7355.2100
2022-06-28,3658.2200,4750.1700,2678.8400,5748.1400,4164.5900,7236.8400,25425.3800,1638.7100,2460.1800,9614.6700,2343.5600,2429.6900,3142.6400,2915.6100,10309.8800,2690.3600,7387.1900,2179.2200,12132.8500,1621.2500,4025.5500,568.5100,1931.4000,3408.5200,1618.4600,6917.9500,1537.8700,3200.9900,2356.7600,1926.6400,7347.8100
2022-06-29,3513.0500,4634.6800,2626.9400,5524.3400,4069.9100,7162.4000,25139.5000,1623.5000,2445.8900,9565.1500,2308.9200,2403.2800,3249.7900,2877.3600,10158.1600,2652.8500,7362.2300,2193.0400,11611.3000,1574.0500,3980.7200,560.3500,1903.2500,3411.4500,1592.1100,6505.2900,1488.4500,3164.9600,2317.6600,1908.9200,7319.2000
2022-06-30,3525.9700,4705.4400,2625.4200,5615.5800,4150.0500,7307.0600,25886.4100,1642.8700,2474.6600,9763.7600,2312.4300,2431.1200,3293.4300,2968.1300,10439.6400,2688.4800,7551.9000,2183.2400,11863.4200,1581.5200,3968.6800,567.6500,1918.5900,3442.0900,1602.2900,6472.7600,1495.8900,3164.4500,2317.2300,1916.5500,7529.6100
2022-07-01,3559.1100,4759.0700,2670.8600,5705.0100,4150.6000,7212.4300,25705.2500,1643.7600,2448.6800,9735.7300,2360.3700,2397.0600,3276.0900,2916.8500,10043.5100,2678.4900,7542.4700,2193.5900,11725.8200,1576.2300,3945.9800,560.1600,1907.5300,3425.8800,1585.4400,6490.2700,1510.7900,3170.6700,2299.6500,1954.9400,7381.4800
2022-07-04,3796.8900,4818.2700,2699.2100,5788.1700,4067.1600,7299.3800,25610.7600,1662.0100,2456.2900,10111.1200,2411.6000,2396.4700,3254.6300,2916.6800,10051.8800,2660.1100,7584.2300,2182.6000,11944.1700,1620.5400,3972.1800,561.0000,1908.5300,3409.9100,1591.5500,6491.7200,1521.3500,3158.3400,2315.2400,1978.4200,7539.5700
2022-07-05,3804.1600,4869.1500,2748.0200,5837.9900,4017.4800,7207.3800,25468.2900,1667.5500,2423.0300,10093.0400,2430.4500,2401.0300,3214.2200,2885.5600,9866.2600,2662.2900,7359.8100,2193.4600,12002.5200,1610.0900,3915.5700,554.9000,1892.2100,3411.2000,1579.2900,6401.9000,1497.3500,3273.7400,2329.4400,1967.0800,7436.8400
2022-07-06,3710.6300,4734.3000,2716.2600,5705.1400,4040.6700,7156.0000,24967.3800,1667.7500,2397.6400,9923.8500,2405.6400,2339.8500,3131.4800,2801.2700,9678.1800,2657.9200,7252.2100,2152.2400,11919.5900,1593.2800,3876.3200,544.4800,1896.2300,3360.9500,1559.9700,6437.6900,1488.4100,3072.6100,2252.3300,1938.3300,7239.2900
2022-07-07,3773.8500,4779.1100,2742.2500,5775.5600,4065.3800,7163.2900,24800.8100,1648.7100,2396.0900,9781.7900,2435.8200,2331.0800,3128.0900,2803.9900,9708.6700,2706.9400,7222.2800,2148.1100,12323.6100,1623.7900,3881.8900,543.2000,1919.4100,3355.7000,1552.2600,6693.1600,1508.0000,3112.9000,2238.6900,1944.8500,7174.7600
2022-07-08,3795.0900,4702.8100,2706.7500,5714.7700,4101.9600,7155.1900,24905.0300,1648.7400,2385.9400,9855.9000,2435.7400,2339.7600,3133.3800,2812.5000,9761.6600,2690.9800,7183.2500,2171.5700,12019.7500,1599.6600,3891.6300,548.1400,1928.3500,3348.6600,1544.6700,6542.2700,1509.3600,3055.7200,2235.8200,1940.5100,7196.5600
2022-07-11,3862.8500,4583.3200,2665.4200,5508.3200,4003.4900,7204.2500,24425.3400,1624.6900,2352.1800,9837.7300,2454.6500,2313.1100,3090.0500,2786.5800,9581.7900,2679.6100,7046.1700,2178.7800,11752.4800,1581.5500,3819.3000,538.8400,1897.9600,3345.0200,1528.3900,6352.8600,1490.6100,2915.9500,2238.5600,1930.5900,7070.9300
2022-07-12,3762.0700,4524.4700,2679.3600,5418.4000,3904.6000,7262.3500,24266.7200,1599.0200,2317.6400,9548.4300,2459.8000,2302.8300,3107.8100,2752.5600,9441.5300,2634.0800,7087.9600,2216.1200,11597.2500,1558.6400,3752.9000,532.3000,1875.1200,3333.7600,1531.6400,6209.2800,1468.6500,2939.3700,2224.6500,1917.9000,6945.1900
2022-07-13,3775.4100,4557.9400,2671.8400,5437.4300,3881.7500,7225.1200,24374.7900,1610.8200,2339.5100,9524.8000,2499.9300,2338.3900,3140.1100,2772.9300,9501.3300,2666.1600,7173.3600,2239.7300,11958.2400,1550.4400,3773.3500,537.9200,1908.8500,3254.1100,1525.5800,6254.9700,1491.8800,2917.1800,2218.8500,1954.9400,7041.7700
2022-07-14,3749.0000,4577.6700,2647.3800,5458.1700,3922.5200,7070.2000,24232.9000,1610.0800,2329.3000,9680.6200,2459.5500,2333.4100,3087.4800,2780.8400,9575.1000,2681.3000,7039.6900,2214.2700,12327.8900,1586.5400,3781.5500,536.7800,1945.5200,3184.7900,1505.3800,6393.8200,1507.5100,2912.0000,2222.8900,1952.7800,7106.3200
2022-07-15,3659.9900,4523.7000,2577.4000,5377.0000,3904.6000,6987.1600,24170.4200,1568.3600,2276.1400,9456.2300,2424.0900,2281.5300,2943.2600,2704.8900,9525.6000,2607.1200,6839.1700,2139.7200,12158.4800,1564.0700,3696.8100,524.1400,1928.6800,3108.4900,1466.2200,6484.4800,1480.4700,2883.4100,2172.0200,1932.9200,7099.4100
2022-07-18,3677.8400,4622.6500,2620.0000,5488.0900,3939.1200,7073.1600,24133.1900,1599.4300,2323.6000,9479.3500,2492.0400,2317.9500,3033.3800,2748.0800,9590.0600,2672.3300,6956.2600,2179.8200,12302.0800,1568.9100,3797.6400,537.5500,1974.2600,3151.3600,1499.2000,6627.4800,1515.3600,3003.5000,2226.2900,2021.6900,7205.2000
2022-07-19,3685.3500,4671.3300,2623.9600,5500.9200,3956.6200,7050.6800,24186.9100,1616.3400,2333.8800,9414.4900,2470.0700,2342.7800,3044.6600,2770.6600,9620.6400,2692.0100,6937.3500,2184.3400,12001.5300,1579.9600,3898.6700,548.8400,2003.2000,3165.2700,1506.4400,6641.4400,1518.7800,2998.2600,2232.8000,2011.2400,7212.3600
2022-07-20,3652.7000,4709.0700,2660.0300,5563.9000,3985.9400,7075.4500,24350.9800,1634.7900,2348.6400,9537.3300,2471.4100,2357.2100,3043.3900,2803.5500,9795.9100,2717.6300,6971.0500,2187.9600,12059.9300,1651.7800,3926.5700,552.5000,2023.6100,3179.8200,1506.7600,6626.3100,1544.5200,2983.3000,2242.9100,2016.2700,7433.7600
2022-07-21,3648.1600,4623.4600,2638.9300,5454.5700,4024.7200,7011.9700,24079.7600,1626.1100,2329.8300,9512.9200,2419.0200,2345.4900,3009.4500,2772.9300,9762.0700,2708.5100,6874.8400,2160.6900,11910.1700,1620.9500,3911.9700,556.4200,2003.3300,3124.1300,1489.7700,6592.1300,1539.6800,2871.4900,2216.6600,1994.7000,7377.2600
2022-07-22,3601.5700,4589.0800,2624.2800,5444.4600,3979.6800,7017.8600,24040.1600,1616.2900,2318.3600,9384.6200,2425.8700,2362.8100,3002.0400,2792.3500,9695.9800,2723.0100,6763.4300,2164.3200,11964.9400,1617.0700,3877.2700,549.1400,2002.2900,3134.9600,1495.4100,6646.5100,1538.8000,2852.8800,2198.2200,2029.5200,7317.3700
2022-07-25,3564.7000,4544.3100,2578.3000,5411.4800,3913.7800,7075.4400,24185.9800,1616.1500,2317.5500,9406.6900,2382.9500,2354.7200,3034.1800,2807.7200,9642.3000,2709.1500,6748.4000,2136.0200,11643.7600,1595.7300,3852.6700,543.5100,1964.2400,3146.8400,1481.1700,6491.7000,1517.7600,2878.0300,2177.3300,1994.6600,7319.5700
2022-07-26,3587.4200,4606.6800,2607.2400,5505.4600,3939.5400,7177.5400,24361.1400,1623.1800,2354.5100,9373.4600,2392.7600,2372.5100,3150.0500,2818.7900,9830.6400,2754.3600,6850.5200,2155.1000,11773.6400,1605.3900,3915.2700,552.4000,1983.5500,3175.9200,1490.1100,6577.1200,1532.9200,2928.9200,2224.8700,2010.8000,7444.6300
2022-07-27,3595.4100,4613.3700,2610.3400,5523.3900,3939.2400,7158.4100,24010.3500,1632.7000,2364.8000,9297.9200,2398.8200,2364.3100,3133.4500,2791.0000,9740.5400,2736.9500,6791.3300,2148.1800,11951.3300,1620.6100,3931.8800,549.9800,1991.9600,3158.9800,1482.9700,6683.7000,1559.5300,2937.7900,2235.0700,2025.1900,7594.8400
2022-07-28,3582.2500,4629.9800,2604.9300,5536.1400,4064.8100,7166.2900,23904.6000,1629.2300,2365.4300,9236.9100,2398.8300,2345.8500,3140.7100,2822.5300,9741.4500,2757.3100,6850.4800,2150.9000,11833.9600,1646.7500,3955.3600,549.2900,1983.8800,3150.4900,1489.1300,6729.5100,1578.9300,2990.0300,2260.9100,2023.2500,7497.2900
2022-07-29,3651.6300,4604.2400,2610.3200,5524.3400,4000.9900,7127.8700,23378.1200,1616.8600,2335.2800,9031.0900,2406.0000,2311.9900,3087.5000,2758.8600,9478.6700,2738.3600,6792.0000,2121.7800,11818.3600,1612.4300,3928.5600,542.9100,1977.6300,3121.7200,1471.9700,6802.3200,1572.9500,2913.4300,2232.7200,2018.6100,7364.9900
2022-08-01,3627.4900,4642.1500,2587.9300,5595.3600,4092.0600,7098.3500,23488.4600,1621.8900,2325.6300,9051.4000,2390.1500,2318.5300,3044.2700,2765.7200,9510.8100,2723.2000,6739.7900,2106.3900,12089.0500,1620.4300,3961.4900,544.0300,1981.4700,3087.8900,1458.9300,6946.2600,1590.2800,2966.5100,2255.9300,2029.1500,7422.9400
2022-08-02,3578.1500,4468.0900,2499.5700,5392.0600,4014.6500,6917.8600,23157.0200,1553.1000,2242.5800,8766.4400,2300.7000,2263.5600,2955.6200,2674.2300,9223.1200,2614.1000,6499.2200,2019.0700,11781.5800,1603.9000,3792.2300,520.5000,1930.6600,3044.0400,1418.1700,6746.6900,1545.5900,2880.4500,2217.8900,1938.0400,7289.5700
2022-08-03,3504.3800,4442.9900,2466.5100,5324.6800,4041.7200,6764.5900,23113.0800,1538.9300,2218.6100,8776.4500,2271.2000,2235.5600,2886.6100,2629.4300,9094.4400,2594.5100,6403.5700,1994.0600,11439.4400,1667.3900,3824.1600,514.0700,1933.6200,3006.8400,1407.2800,6605.3100,1523.9200,2849.0400,2188.9300,1917.5600,7260.7500
2022-08-04,3542.6000,4501.3500,2472.3600,5372.0200,4099.2000,6789.2800,23517.2000,1556.3400,2245.6300,8956.7200,2317.4000,2244.8900,2907.7800,2649.8800,9226.6500,2623.6700,6452.4300,2013.7300,11448.1100,1635.2900,3873.1000,522.7500,1955.4200,3037.7000,1419.9100,6539.9200,1531.6100,2827.3900,2186.8400,1936.8800,7197.5600
2022-08-05,3568.0300,4552.6100,2508.6400,5490.0300,4258.7000,6761.1900,23712.6400,1578.0300,2276.9300,9125.4600,2324.2600,2262.4100,2948.5400,2667.9600,9278.1400,2641.0800,6542.7700,2030.0900,11508.4200,1639.9100,4025.4500,535.3200,2010.4900,3068.7800,1447.3100,6505.8600,1531.0200,2804.7400,2213.9300,1947.2800,7280.1000
2022-08-08,3560.9100,4614.3300,2527.7100,5558.5100,4280.7400,6794.2000,23577.5600,1600.7000,2289.7200,9125.2500,2355.2600,2259.2500,2957.0500,2640.3600,9252.8200,2667.8100,6650.6100,2030.5200,11599.3100,1676.0800,4059.5900,535.2600,2026.3600,3052.1400,1443.7800,6611.6700,1550.9500,2895.8600,2251.6800,1963.4700,7217.1100
2022-08-09,3495.2400,4664.9500,2536.0000,5597.2900,4303.6300,6807.8100,23515.4500,1605.1800,2296.3900,9054.6300,2354.3100,2273.9700,2949.5300,2677.4600,9200.9700,2668.4700,6620.7400,2030.8800,11831.4100,1700.4700,4035.6000,534.3800,2050.3000,3037.0500,1437.2300,6571.9800,1560.9100,2988.1900,2273.7300,1966.6800,7260.7600
2022-08-10,3473.1000,4685.6800,2522.2100,5577.0100,4286.8100,6793.9400,23138.5600,1620.0200,2294.3300,8943.3700,2348.7000,2247.3800,2929.8500,2666.9000,9167.4600,2667.6400,6589.5700,2029.9200,11761.4200,1705.7300,3994.5300,529.7400,2048.2000,3018.4800,1428.7400,6508.5400,1576.1200,2951.3900,2305.8000,1970.8800,7190.0500
2022-08-11,3508.3500,4747.3200,2542.8100,5585.3300,4419.7700,6903.7300,23556.9600,1626.4900,2331.3600,9166.5200,2379.4400,2292.8600,2972.7500,2720.3700,9356.7900,2734.3400,6686.6300,2057.1800,11882.9300,1709.8900,4048.0200,545.1500,2074.9800,3076.1800,1493.3900,6548.1900,1590.3600,2971.0900,2323.1100,1990.0300,7336.5700
2022-08-12,3499.6300,4761.3700,2538.5300,5581.1300,4338.8100,6878.5900,23782.8300,1637.3300,2350.8900,9193.8600,2404.6500,2321.7700,2997.7400,2707.3200,9385.4300,2774.1400,6739.3900,2067.2600,11674.2600,1672.3700,4029.5100,548.8000,2046.0300,3081.5400,1495.3800,6474.4800,1580.2600,3042.6000,2365.7900,1984.8900,7303.1400
2022-08-15,3505.0700,4814.2400,2552.6000,5668.0100,4346.8000,6915.5700,23574.2000,1639.5100,2344.9000,9108.0600,2435.3900,2315.3400,2985.9100,2699.0600,9348.1700,2800.5100,6737.0800,2073.3900,12065.5500,1675.2400,3972.6900,545.3900,2059.2300,3041.2800,1482.5500,6495.9300,1596.1400,3092.2200,2374.9800,1988.4800,7131.8700
2022-08-16,3585.0900,4830.9000,2573.6000,5613.9700,4333.3600,6912.9000,23505.1000,1638.2200,2366.1600,9037.1200,2452.5000,2332.6300,3031.6000,2690.0800,9314.1200,2831.0500,6809.3900,2094.4200,12238.4800,1679.9300,3952.9500,544.2800,2057.2100,3042.5600,1480.6200,6576.5600,1618.3300,3102.6100,2356.1700,1996.5900,7092.2900
2022-08-17,3600.8900,4770.6400,2564.4100,5562.9800,4385.4400,6976.5200,23614.8400,1647.5500,2363.8700,9084.7700,2470.5100,2350.6400,3087.9200,2714.2600,9405.0900,2842.3700,6768.6700,2107.5700,12405.5300,1676.5100,3966.9800,552.0800,2068.3000,3075.5100,1503.5200,6651.5500,1618.0700,3099.0500,2351.9800,1998.8400,7209.5200
2022-08-18,3537.2000,4752.2400,2533.5100,5544.5300,4444.9400,6964.4300,23259.0200,1639.2700,2342.6800,8954.5100,2435.9700,2338.5500,3055.8200,2682.6400,9193.7100,2838.9300,6676.4300,2087.9800,12512.4900,1691.9500,3949.2600,543.4600,2096.7900,3039.2600,1489.2300,6672.3800,1626.6600,3063.1300,2326.3400,1988.2500,7046.4200
2022-08-19,3645.4600,4666.7400,2520.5400,5417.8500,4333.6300,6920.2100,23190.6400,1630.4200,2339.3200,8889.8200,2501.5600,2338.3700,3096.3300,2681.4700,9199.5300,2832.3900,6660.3300,2092.3100,12162.1500,1657.2100,3883.5200,546.3100,2063.6800,3053.1300,1485.6300,6500.5700,1586.0200,3124.8400,2352.0400,1989.5700,6984.5400
2022-08-22,3694.6100,4775.6900,2558.7500,5619.2400,4361.4000,6937.0000,23234.8200,1639.8000,2371.6000,8950.0000,2496.3900,2372.1500,3108.7600,2731.1000,9333.7100,2868.2900,6664.9400,2113.3800,12253.2400,1671.3100,3909.8400,555.4900,2069.4200,3047.7500,1481.8100,6580.1000,1587.5600,3193.5400,2366.7700,1997.3100,7089.5400
2022-08-23,3728.3800,4809.1500,2537.9300,5583.2500,4343.7800,6888.0500,22929.1900,1646.8300,2358.2600,8861.7700,2525.9300,2368.9700,3080.5200,2726.1800,9313.4300,2903.9500,6496.3500,2108.7900,12398.7700,1657.3900,3921.0300,550.7400,2061.5400,3020.5600,1483.8900,6599.3100,1600.5900,3265.6400,2421.2700,2001.8700,7031.9400
2022-08-24,3707.3700,4653.3900,2477.2000,5406.2300,4139.0800,6743.0800,22760.5700,1616.0500,2311.3400,8721.1500,2468.4400,2336.5500,3023.8200,2680.3100,9111.8500,2868.2300,6342.2400,2061.6400,11889.8700,1590.6000,3778.5000,541.6600,2000.0100,3011.4700,1476.7200,6321.5100,1535.4900,3247.1000,2367.5000,1952.1700,6972.9600
2022-08-25,3741.9900,4641.1900,2493.3600,5378.0500,4113.2100,6792.1400,23195.0600,1613.8000,2329.4100,8778.3000,2495.7800,2388.7200,3039.2800,2707.7100,9176.5500,2838.6200,6411.6700,2080.8900,11651.0800,1589.9200,3752.8800,544.2300,1992.3000,3054.8900,1509.8500,6305.4200,1519.2200,3416.5800,2449.6400,1953.9800,7044.5300
2022-08-26,3758.3700,4644.2900,2472.8300,5422.4200,4068.6300,6736.1900,23422.1300,1607.7800,2324.6300,8789.7700,2482.8200,2366.7600,3015.8100,2701.9900,9303.8900,2854.0800,6391.5000,2066.6100,11537.5100,1565.6400,3737.8200,543.7400,1989.1500,3059.4700,1495.6700,6337.7900,1507.2500,3329.8000,2412.4100,1947.6800,7058.4400
2022-08-29,3754.1800,4665.1000,2491.1900,5390.5200,4057.9100,6792.0800,23175.6500,1628.5000,2351.0800,8756.5200,2488.2300,2357.5200,3010.0700,2705.5400,9409.0200,2880.4600,6363.8900,2090.9700,11613.3000,1597.0300,3736.6700,543.8500,1991.5500,3023.5300,1489.4300,6322.9800,1521.1300,3395.6400,2444.9400,1955.3600,6996.3300
2022-08-30,3752.6800,4600.1900,2484.9300,5353.5300,4041.1100,6817.9800,23082.3900,1626.6100,2369.4900,8763.5800,2443.0000,2372.4900,3048.0200,2716.6200,9446.7700,2872.1600,6316.2800,2089.4300,11432.6300,1586.4800,3751.4000,550.5800,2020.2700,3039.2000,1489.3400,6266.4900,1502.0600,3222.5200,2396.2300,1947.2800,7046.8700
2022-08-31,3670.6300,4477.6900,2440.8300,5166.2400,3954.8400,6824.3200,23548.7200,1593.2000,2353.5300,8804.3600,2395.0200,2337.8000,3053.6900,2711.9500,9386.7800,2804.1700,6329.8200,2073.7400,10886.6300,1543.3500,3700.8300,549.1300,1957.3500,3088.6800,1504.6800,5996.2500,1457.4600,3142.1900,2325.1500,1896.7600,7043.6500
2022-09-01,3680.2800,4447.8200,2428.0300,5103.1800,3900.3600,6941.2900,23077.7400,1582.9000,2342.2400,8807.0500,2370.9300,2308.5000,3091.0700,2679.2400,9163.2700,2795.4200,6336.7000,2070.2800,10796.4100,1542.6200,3698.7000,538.5900,1961.8900,3074.7600,1489.6300,5960.3300,1439.1300,3218.4400,2325.2500,1883.3100,6951.1600
2022-09-02,3704.9500,4462.6400,2416.4000,5072.2100,3978.8700,6893.4300,22816.4200,1600.0700,2361.2800,8783.6100,2391.2900,2318.2800,3073.6200,2664.9600,9219.9100,2833.1300,6298.7700,2070.6500,10726.4500,1572.6000,3741.0100,549.9400,2006.1500,3068.1200,1487.4000,6007.0900,1453.1500,3179.2900,2340.6400,1890.7900,6930.4200
2022-09-05,3703.8800,4497.1900,2451.6600,5080.8300,3963.1900,6904.7000,22342.1200,1607.1600,2344.2400,8680.0100,2438.2300,2344.0400,3125.8200,2667.6300,9134.0800,2853.9900,6280.9300,2099.5900,10829.4200,1570.5000,3704.3700,539.1800,2010.6800,3078.3700,1497.1400,5937.3400,1462.2800,3347.3300,2417.3100,1907.9200,6914.6600
2022-09-06,3704.5700,4637.8500,2480.7000,5240.5600,4000.5500,6970.3400,22470.2300,1619.4900,2368.8800,8704.6100,2484.0200,2373.8500,3208.3400,2682.9500,9293.3200,2871.7500,6343.1700,2127.5500,11106.4000,1610.0200,3726.0500,541.3400,2038.4800,3065.2200,1510.7000,6079.1300,1484.9400,3412.1600,2466.6800,1929.8200,6827.7800
2022-09-07,3667.5500,4633.8900,2478.5000,5313.8400,4048.6200,6985.5500,22171.6200,1621.1700,2358.8300,8660.8900,2512.0300,2368.1800,3203.3300,2673.5000,9254.1800,2876.1100,6276.5600,2144.3900,11312.0300,1619.4300,3730.4700,531.3400,2045.4600,3051.0900,1499.9900,6167.8000,1499.1200,3403.8200,2484.5100,1943.8200,6751.1200
2022-09-08,3597.5000,4583.2300,2499.6100,5274.5700,3987.9600,6952.6300,22168.7400,1618.5400,2344.0300,8597.7700,2504.4300,2394.0400,3201.6500,2689.2600,9322.1500,2877.7300,6235.9900,2134.7700,11121.2300,1639.8900,3683.0200,526.9300,2026.7200,3063.4500,1498.8500,6136.8000,1486.6300,3359.8800,2444.3100,1924.8900,6747.5100
2022-09-09,3582.4300,4611.9200,2499.0400,5377.7000,3982.6500,7121.9900,22486.7300,1611.4100,2378.6600,8763.0100,2502.3000,2415.4800,3304.4800,2721.9400,9315.7800,2895.1800,6460.2400,2158.9300,11065.2700,1628.0900,3719.5500,529.0600,2015.6000,3116.8400,1525.2100,6122.6600,1484.2300,3390.2100,2448.7400,1923.4200,6899.3300
2022-09-13,3671.5400,4584.2400,2484.2200,5422.5600,3989.1000,7199.1100,22775.9800,1612.4700,2402.8800,8663.5800,2457.8000,2429.8600,3238.2400,2748.2500,9462.1800,2888.2000,6463.6100,2146.5000,11059.2700,1643.7100,3738.3100,530.4300,2011.2700,3144.4000,1527.4400,6190.1800,1486.9100,3341.9400,2439.2200,1909.7100,7028.3700
2022-09-14,3618.0700,4502.3300,2461.5300,5350.3200,3950.8200,7133.3200,22608.8100,1606.8600,2387.2400,8616.3200,2426.6300,2427.1500,3225.8200,2738.6500,9402.3400,2871.6800,6441.1300,2118.1700,10803.9700,1661.0700,3716.3700,525.3200,1985.0900,3117.6800,1509.0900,6073.1900,1471.1500,3301.2000,2429.3700,1885.8500,7031.6200
2022-09-15,3540.8100,4369.0600,2441.4000,5176.3400,3831.4800,7068.3600,22718.9100,1583.8600,2372.1300,8523.9500,2374.7800,2401.8300,3301.6600,2707.0400,9327.8400,2811.8800,6469.0900,2108.1800,10193.4000,1610.8800,3654.7200,519.2700,1930.9700,3155.2900,1509.2300,5859.9000,1429.8200,3304.4000,2385.9400,1839.6400,6912.1600
2022-09-16,3479.9000,4274.7300,2374.4600,4988.6300,3767.3100,6918.8600,22282.1200,1546.0800,2308.5100,8262.3200,2304.2000,2335.1600,3177.5100,2652.0900,9196.5300,2732.2500,6217.0000,2026.8600,10036.0400,1609.2700,3638.3600,507.8900,1904.1500,3090.4700,1435.8200,5742.9200,1396.1800,3147.2700,2310.8600,1789.7400,6808.0000
2022-09-19,3499.9100,4260.7600,2338.6500,4983.1200,3712.6000,6909.9700,22463.1100,1512.2100,2288.3300,8176.8500,2281.0500,2347.1400,3182.4900,2635.6500,9268.9100,2676.1000,6103.1900,2022.1500,10023.8000,1581.0200,3548.6300,498.7700,1880.6000,3102.2900,1422.8200,5757.1000,1383.1800,3182.1300,2289.5500,1772.6100,6474.8000
2022-09-20,3478.1000,4313.7000,2345.1300,5143.9900,3719.3200,6896.5400,22668.1700,1545.8500,2292.0900,8196.6900,2305.0100,2349.3000,3128.5900,2690.0400,9339.9800,2717.8100,6090.2200,2016.2600,10258.9600,1582.7600,3559.5700,502.2200,1893.7100,3071.6000,1417.1300,5860.7200,1405.7200,3217.2500,2308.8900,1794.4800,6581.5200
2022-09-21,3423.0100,4310.3400,2375.3900,5183.6300,3685.9800,6832.3100,22380.0300,1549.3200,2273.6900,8061.8800,2336.9100,2377.6900,3172.5600,2653.0400,9221.1900,2737.2000,6028.2800,2032.8600,10197.7400,1572.2300,3574.7400,505.5400,1887.6900,3083.6300,1416.5800,5837.9100,1406.2900,3244.3500,2341.2200,1811.0600,6440.8000
2022-09-22,3403.5200,4313.0100,2378.1100,5170.5000,3659.2800,6697.0400,22029.0800,1529.1900,2233.9000,7926.2200,2332.8700,2344.2800,3122.0400,2640.4100,9076.8200,2731.2000,5939.6000,2009.6100,10212.4300,1608.4800,3574.0400,496.8000,1882.0700,3074.2600,1407.9100,5786.3100,1406.4000,3333.6000,2358.7000,1804.0600,6359.3900
2022-09-23,3354.5800,4239.8900,2354.0700,5066.5100,3571.7700,6625.9200,22111.9400,1504.0800,2208.7000,7851.4000,2299.1100,2331.2700,3099.6700,2614.0000,8895.0400,2735.5200,5871.0500,2010.8200,10116.4100,1594.1600,3496.0000,486.2600,1858.5100,3087.5800,1411.9500,5667.1200,1378.5100,3255.2300,2339.1700,1773.7700,6263.4900
2022-09-26,3249.3100,4152.7800,2278.4300,4938.8300,3550.8700,6682.3100,22418.5300,1472.8000,2186.3200,7763.6100,2254.5000,2298.2800,3069.2400,2618.5800,8958.7800,2677.7700,5829.7400,1959.1600,10240.2900,1540.6800,3422.2800,478.0600,1838.5000,3038.0000,1383.5600,5683.0400,1366.5900,3150.9600,2240.1400,1744.4200,6389.9600
2022-09-27,3332.9900,4201.9600,2297.5300,4942.5100,3623.3300,6775.4800,23112.3700,1520.3800,2250.0400,8137.8600,2266.3600,2364.8600,3090.8400,2705.2400,9435.8600,2737.5100,5948.0300,1979.4300,10323.9900,1563.0700,3506.4500,493.4200,1885.5300,3049.1600,1394.8700,5729.9900,1391.1600,3139.2200,2231.8500,1784.8100,6552.7200
2022-09-28,3293.4100,4061.8300,2226.1400,4683.0700,3505.4300,6689.1900,23005.4900,1503.5700,2214.2600,8058.5300,2217.4100,2331.1700,3031.4500,2664.0100,9172.9000,2669.7900,5789.4400,1936.1300,9942.1800,1504.4000,3421.3800,482.0100,1829.5100,3051.3000,1371.9600,5527.5200,1345.3600,3108.9600,2208.6700,1748.8500,6492.8000
2022-09-29,3294.0500,4095.7100,2218.9200,4744.8300,3493.4300,6614.5900,22921.3100,1479.7200,2191.3200,8182.7800,2207.8800,2290.9000,2962.2600,2621.6900,9022.6200,2680.8800,5745.6300,1914.6100,10058.5500,1510.0500,3418.1500,473.4500,1817.7800,3014.6300,1354.4100,5520.4400,1346.8800,3182.1300,2203.1500,1738.3600,6494.3600
2022-09-30,3289.6800,4073.1400,2220.5200,4698.0700,3420.4200,6491.7900,22825.2400,1467.1000,2163.9800,8203.4700,2207.4700,2275.3600,3022.3000,2605.7600,8859.5500,2658.3800,5740.6400,1917.8400,9726.3700,1465.3900,3392.2600,473.2000,1795.6700,3034.4900,1355.2700,5366.0400,1322.2200,3195.3000,2203.4700,1722.3700,6483.1800
2022-10-10,3399.9100,3987.4400,2208.7600,4600.6900,3273.3400,6390.4300,21752.6100,1454.5300,2127.7500,8036.4000,2213.9300,2244.5100,3023.8600,2527.5800,8588.8200,2618.0400,5634.3700,1909.3800,9514.3900,1440.6700,3303.0800,463.0900,1766.8600,2990.4100,1343.2400,5223.0900,1298.0900,3229.2900,2214.4000,1699.4600,6395.2700
2022-10-11,3412.5700,4064.4000,2215.0900,4671.4700,3261.4900,6382.7400,21754.9000,1457.4800,2113.0900,7954.8700,2269.8800,2244.5000,2962.0300,2522.2600,8511.1400,2668.9200,5621.5700,1912.1100,9761.6100,1444.9200,3317.3900,462.5800,1791.9200,2980.8000,1347.8400,5302.8100,1312.3400,3206.8900,2221.3500,1720.9200,6384.2400
2022-10-12,3479.6000,4141.8100,2244.4900,4759.3300,3405.4800,6458.7000,21611.7700,1486.0200,2147.4300,8028.5100,2291.3700,2254.1200,3019.5300,2538.8400,8632.8500,2731.6600,5701.2400,1949.0200,10186.4800,1473.2200,3449.4000,472.7500,1856.3400,2992.0200,1379.0600,5498.8100,1364.9100,3228.7400,2219.9100,1758.9400,6442.7700
2022-10-13,3530.5400,4132.1600,2226.1400,4711.5900,3409.7400,6356.7800,21287.6400,1485.2200,2147.7900,8234.5400,2313.6300,2252.4500,2964.3800,2537.5100,8710.8500,2741.1300,5664.5500,1940.0300,10148.7800,1486.1700,3541.6700,474.3200,1875.8600,2943.8600,1371.4200,5486.7800,1368.2900,3093.9000,2173.2500,1773.0300,6522.1400
2022-10-14,3525.7300,4220.2300,2267.5400,4828.3500,3492.5600,6460.3200,21744.5300,1511.7500,2191.8200,8821.6200,2331.9400,2304.2100,2970.8800,2603.8900,8976.5800,2722.9100,5817.1500,1966.3600,10439.6500,1519.9500,3616.5900,484.0700,1885.9300,2977.6200,1389.2300,5599.3500,1397.3100,3121.0800,2206.5700,1803.0700,6673.8700
2022-10-17,3547.5400,4247.8400,2295.8100,4828.0600,3569.6900,6437.6800,21567.2100,1529.3900,2204.0900,8908.6800,2319.7700,2352.2600,2970.7700,2633.1000,9153.7100,2761.0300,5807.7000,1978.9700,10344.4300,1561.9200,3701.2900,489.6700,1908.0800,2973.8200,1396.8000,5580.9200,1434.5900,3086.4500,2207.1300,1824.7200,6645.8400
2022-10-18,3548.2000,4249.6400,2289.5200,4813.2200,3557.9200,6440.3300,21447.9600,1524.2200,2202.6800,9081.0300,2316.1400,2357.6400,2937.2900,2641.3600,9156.2400,2825.4900,5784.7100,1977.5100,10436.7000,1562.0100,3677.0000,488.1100,1928.5800,2968.8500,1388.4500,5622.0800,1438.7700,3082.9800,2195.5900,1834.3100,6592.8100
2022-10-19,3432.3400,4183.6700,2271.8700,4767.8300,3531.3900,6212.5100,20793.0100,1505.2200,2172.6200,8912.3500,2285.4800,2376.7200,2920.8800,2587.3600,9064.0100,2802.3100,5690.8100,1965.1400,10399.6400,1556.4900,3655.8100,480.8000,1912.3100,2933.2800,1372.6900,5567.2100,1429.6100,3084.1400,2144.4900,1821.9800,6492.7000
2022-10-20,3402.5000,4157.8100,2259.3000,4703.9300,3600.8400,6104.3700,20742.1100,1497.8100,2156.7200,8929.1500,2264.6300,2349.7000,2896.2700,2579.9300,9160.2200,2844.4800,5608.3000,1953.5200,10110.0500,1558.8100,3681.9900,483.1000,1903.8700,2924.3300,1367.1600,5476.8600,1416.6300,3019.5600,2149.5000,1796.5200,6565.0400
2022-10-21,3401.4300,4138.9700,2267.9900,4655.7500,3557.0300,6076.3000,20468.1200,1485.7800,2150.6400,8939.2600,2287.2000,2360.3200,2904.1200,2558.7400,9177.3300,2871.6900,5590.5200,1981.9200,10167.6000,1559.7400,3696.8300,476.3500,1922.2700,2910.9500,1365.3400,5457.5400,1429.7600,3036.5400,2155.8000,1789.2900,6364.7800
2022-10-24,3315.5200,4093.5700,2255.3000,4655.0700,3539.6800,5908.3100,19272.5300,1455.4500,2106.6900,8664.2700,2248.5900,2278.1600,2804.8700,2472.8800,8824.6100,2808.3600,5401.1100,1937.5300,9997.9800,1612.6700,3683.2200,461.6400,1900.6500,2827.9100,1328.0100,5376.5600,1425.3000,2970.5100,2134.5300,1757.0700,6088.2500
2022-10-25,3274.2500,4053.5300,2259.1400,4664.7600,3516.0400,5898.3900,19214.7300,1449.5600,2097.4800,8468.8200,2256.5500,2288.3800,2773.8200,2479.5300,8859.2500,2782.1700,5486.8700,1956.6500,10134.3600,1616.9800,3629.8400,457.1900,1897.1000,2823.3600,1308.6100,5491.9200,1442.9900,2942.3900,2094.9100,1749.8500,6064.8300
2022-10-26,3192.7500,4105.6300,2263.7000,4710.0500,3603.6700,5945.0900,19198.9000,1468.6400,2134.8500,8890.5800,2270.4800,2312.2500,2739.9100,2524.4700,9134.4100,2807.0300,5541.5400,1964.5300,10236.3500,1641.4700,3801.9400,467.3200,1925.2200,2798.5200,1316.8200,5507.0400,1462.2100,2903.7600,2092.9400,1779.3600,6475.5800
2022-10-27,3200.2800,4085.8200,2255.6500,4730.1500,3586.3300,5944.8200,18496.4000,1469.4000,2144.8100,8873.4900,2218.4600,2311.5100,2764.8000,2515.5800,9151.3300,2829.7900,5535.8000,1968.5800,10053.7600,1626.9300,3875.9600,473.8900,1902.3600,2792.3600,1322.2800,5480.0900,1446.5800,2923.4300,2108.0600,1777.2000,6242.7600
2022-10-28,3058.8600,3915.2100,2167.3800,4552.5800,3474.3400,5766.3700,18018.2900,1411.8100,2080.9600,8665.0500,2147.4300,2253.7900,2667.1600,2457.0100,8939.8300,2714.9900,5295.6500,1916.4700,9634.5800,1594.4800,3779.9900,455.5000,1858.0800,2771.3300,1289.1200,5235.1700,1396.9100,2906.1100,2060.9700,1724.9900,6068.4000
2022-10-31,3083.8900,3878.7000,2159.7200,4531.6300,3536.0000,5656.0100,17771.9800,1405.7500,2052.3000,8670.8500,2131.7300,2197.7200,2577.3100,2421.4700,8928.5000,2685.8100,5181.7500,1884.0900,9608.9100,1635.8200,3936.2900,460.7800,1895.2100,2738.0100,1289.8500,5285.2100,1398.0500,2793.2600,2008.5500,1734.4300,6040.2700
2022-11-01,3190.9100,3994.8200,2201.4700,4717.4400,3611.7700,5826.9200,19016.6700,1443.3200,2108.7200,8921.9600,2166.5400,2258.3700,2609.1600,2540.6200,9429.8100,2789.7200,5406.5800,1932.7700,10002.1900,1626.9300,3986.0700,474.4100,1896.7300,2788.3400,1333.1300,5490.1800,1443.2700,2810.0700,2043.8300,1784.2600,6346.3000
2022-11-02,3206.6200,4034.6100,2210.8600,4777.9300,3656.7900,5936.3900,19369.1600,1459.9900,2139.2500,9042.7100,2176.1900,2302.1500,2651.2800,2590.8500,9575.3500,2831.2700,5477.6000,1941.7300,10149.3100,1618.9700,4016.0800,488.0600,1923.5700,2786.6300,1334.7700,5671.7800,1465.7800,2855.8100,2075.5400,1796.9800,6485.7300
2022-11-03,3203.3400,4074.3200,2210.5200,4776.4800,3708.2400,5914.1800,19100.3100,1456.0900,2131.5900,8992.2000,2168.4300,2285.6200,2621.3800,2603.9900,9610.8700,2827.1200,5463.8100,1938.4100,10156.7100,1637.7600,3933.8700,481.5700,1909.4200,2762.1800,1324.5800,5684.0900,1473.4100,2839.2800,2082.4300,1804.3500,6501.5700
2022-11-04,3245.1400,4183.6800,2273.0800,4984.2600,3764.4900,6096.8600,20032.7900,1485.4600,2168.9300,9152.0900,2214.6300,2349.4400,2683.4200,2706.4000,9903.5800,2903.7800,5626.2600,1970.7200,10596.8500,1641.7200,3988.9100,492.6800,1935.1400,2817.9300,1366.4500,5901.8800,1495.9200,2947.1800,2134.7600,1855.2500,6664.9800
2022-11-07,3285.8100,4226.6500,2311.5500,5094.0700,3773.1800,6131.5200,20058.6100,1512.1300,2205.5400,9150.5500,2220.8100,2350.3200,2713.8800,2691.1100,9926.8700,2934.3500,5667.0800,1988.3900,10605.0400,1613.3600,3983.4700,503.9100,1923.1400,2816.3900,1371.1900,5888.5800,1491.3100,3002.0100,2185.5900,1861.3900,6680.2400
2022-11-08,3257.2900,4215.3800,2316.7900,5121.4600,3733.9800,6108.1100,19748.7200,1515.3100,2193.0600,9091.8600,2215.3000,2332.1400,2722.1900,2688.5600,9829.7900,2908.4500,5676.1500,1990.4200,10535.2900,1615.1300,4026.8500,503.1200,1929.4300,2814.6700,1366.9600,5843.3000,1487.1800,2986.0500,2171.4600,1867.5500,6645.9100
2022-11-09,3222.5100,4218.1900,2328.9100,5124.1000,3705.8200,6105.4100,19473.9000,1515.9800,2210.3800,9174.6800,2218.1500,2325.6800,2769.1700,2678.9500,9885.8200,2931.0000,5706.4700,1987.3400,10345.2800,1603.7400,3975.9500,499.4800,1904.7700,2816.1500,1357.4300,5790.0100,1488.5500,2941.4600,2155.6900,1869.3100,6603.9700
2022-11-10,3249.3000,4156.4600,2342.3700,5011.0800,3611.8000,6060.3900,19690.4500,1514.6300,2205.6500,9132.5800,2204.5700,2324.1600,2770.0200,2699.4100,10000.4500,2974.8600,5654.5200,1982.8400,10108.8400,1573.5400,3988.6300,513.0900,1892.1300,2821.4200,1365.4400,5709.4800,1467.1100,2939.7800,2136.9800,1861.3800,6662.4200
2022-11-11,3271.1800,4216.4100,2358.8300,5127.5700,3650.5900,6287.5900,20246.5100,1524.5800,2254.6700,9112.8800,2222.9100,2352.7800,2958.2400,2727.7100,10055.0800,2957.0700,5918.0700,2029.8800,10234.4000,1589.6400,3986.9700,514.8000,1910.9800,2920.3200,1407.9800,5763.3400,1490.0400,2997.2800,2181.4800,1862.2700,6689.0500
2022-11-14,3270.5800,4188.6000,2338.7600,5017.5000,3648.3900,6387.5400,20181.8200,1522.7800,2275.9000,9425.6700,2197.9000,2312.9600,3019.8100,2676.9200,9863.6500,2914.1800,6034.6900,2026.9700,9930.8700,1570.9800,4035.2800,517.9100,1901.5200,2985.5600,1426.0300,5665.4700,1471.9100,2917.3600,2149.5300,1841.6300,6521.1000
2022-11-15,3281.2900,4275.5500,2361.5100,5082.6800,3849.2900,6495.7600,20701.3300,1536.6800,2304.7200,9491.3000,2237.4900,2335.0500,3045.4900,2703.7000,9982.0000,2957.2700,6163.6000,2047.7900,10172.3600,1596.1500,4114.8400,522.9600,1939.4000,2993.1400,1469.1500,5787.8100,1508.3700,2935.4700,2170.7700,1868.2500,6638.1700
2022-11-16,3265.3700,4242.1400,2350.8700,5028.1900,3808.3300,6433.1800,20757.8500,1544.6100,2298.4600,9461.0700,2248.6900,2346.7900,2986.2200,2740.0900,10045.5100,2974.8000,6077.5700,2035.2200,9961.7700,1601.8400,4093.8700,530.1800,1939.5700,2974.1700,1447.9000,5718.9200,1496.6500,2950.7200,2178.5000,1865.7100,6606.6900
2022-11-17,3287.3700,4223.0500,2346.4000,4947.6800,3852.8100,6401.6700,20607.2500,1545.6900,2293.0300,9540.6700,2236.4200,2351.4500,2994.2100,2744.7600,10050.4200,2971.1800,6070.4200,2040.6000,9820.9400,1605.7000,4201.3800,541.5200,1950.2400,2950.6400,1458.3400,5635.6400,1493.4400,2851.0700,2160.2200,1860.2800,6554.4500
2022-11-18,3237.2800,4184.3200,2338.8600,4856.1800,3776.6600,6397.1400,20616.9100,1543.0900,2286.4800,9673.3600,2234.6600,2313.6400,2965.1600,2729.6300,10058.3400,2943.5100,6023.5500,2021.7200,9876.2400,1579.6000,4140.8200,541.1600,1946.1500,2933.7200,1439.8000,5573.5200,1490.4900,2822.8100,2148.4600,1855.7800,6634.4000
2022-11-21,3232.4200,4211.1100,2339.2400,4875.3400,3774.9000,6295.9500,20112.0200,1544.1900,2278.2200,9665.9200,2242.4300,2294.7300,2947.0500,2686.8900,9836.8000,2898.6300,6015.7400,2012.0000,9970.2000,1597.7000,4130.8700,525.4100,1936.4400,2924.7800,1414.0900,5623.0900,1508.6900,2812.0000,2146.8800,1858.4600,6460.8900
2022-11-22,3194.8600,4175.0100,2349.9100,4831.5300,3740.7200,6264.1800,20174.9600,1523.7200,2273.4700,9373.5500,2246.5700,2313.6400,2927.4000,2673.6800,9739.4500,2909.9200,6010.6600,2076.3600,9724.8000,1590.3600,4063.7000,520.9000,1951.3800,2977.8600,1427.4300,5556.6600,1489.3400,2827.3600,2160.5100,1847.1400,6377.5500
2022-11-23,3166.8600,4178.3500,2366.7600,4854.3100,3706.4900,6280.1900,20105.3900,1511.4100,2257.0000,9154.2100,2276.7200,2312.7700,2922.6300,2649.8100,9556.4300,2891.3600,6017.8800,2110.6800,9913.8000,1582.7100,4013.2000,516.9500,1928.0900,2987.2500,1425.7700,5553.1200,1488.6800,2862.2500,2179.9900,1857.5100,6366.7800
2022-11-24,3170.9000,4239.9200,2375.3300,4881.6200,3681.7400,6272.7100,19886.5700,1524.3300,2265.4700,9278.1300,2280.6600,2294.5200,2976.8300,2641.7200,9481.6900,2895.4400,6032.2800,2084.9200,9920.0300,1567.0600,3964.4300,511.6000,1913.9700,2981.8600,1419.9200,5541.3900,1488.2200,2885.6100,2187.2300,1858.0100,6347.7400
2022-11-25,3190.8400,4192.4600,2389.1100,4842.9300,3641.4100,6310.5500,19875.7700,1518.4100,2276.0100,9201.2700,2294.1400,2314.3100,3116.0800,2630.3500,9460.8300,2887.8400,6154.1100,2123.4300,9679.9000,1544.7400,3914.4900,512.6700,1903.6700,3052.5300,1440.5700,5459.4500,1469.5000,2948.5700,2206.1000,1850.4800,6326.1500
2022-11-28,3181.3000,4165.2200,2364.2300,4777.3300,3600.6800,6268.7600,19868.7400,1518.1700,2262.4600,9121.2000,2307.6000,2321.9200,3102.4100,2645.4600,9636.7600,2875.0400,6102.0000,2107.2400,9652.0100,1544.6100,3872.4700,512.6000,1881.3500,2995.9200,1414.9600,5431.2700,1457.3600,2919.3100,2171.5400,1847.8900,6375.5700
2022-11-29,3215.8800,4236.7600,2406.5300,4843.7400,3657.1700,6432.9800,20754.2700,1549.6000,2326.6900,9371.5300,2296.3800,2374.0700,3349.2900,2744.3500,10094.9000,2948.1300,6356.0300,2164.0400,9679.2600,1548.2700,3949.5500,527.2200,1898.9900,3138.6800,1484.4500,5504.8700,1481.3100,2965.0400,2206.0500,1862.0700,6531.8300
2022-11-30,3248.2600,4235.8800,2396.2200,4871.7400,3650.4100,6418.8900,20723.1600,1550.0400,2305.9300,9309.5300,2305.4300,2376.7300,3293.7300,2767.4000,10139.9300,2949.6400,6244.4600,2144.1300,9738.0900,1549.4300,3937.1200,527.5300,1917.4500,3124.7400,1483.1400,5710.0000,1479.6700,2998.3700,2218.5900,1863.9800,6482.2600
2022-12-01,3289.3200,4277.2400,2408.6300,4943.6400,3689.2200,6473.4700,21401.0000,1569.4400,2336.1600,9328.4200,2298.0900,2380.3600,3288.5800,2826.1700,10163.7700,2961.2500,6267.3400,2127.2100,9874.4800,1562.6100,4043.7700,536.0000,1954.0300,3107.6400,1487.6900,5745.4100,1485.8400,2965.3400,2228.8600,1864.1600,6652.1400
2022-12-02,3332.7400,4290.8700,2394.1900,4873.0500,3669.6200,6442.3700,21440.5500,1597.0300,2356.8900,9309.9500,2299.3000,2357.1100,3223.7300,2795.2200,10263.8800,2990.0500,6239.2500,2137.3100,9935.0900,1549.7300,4051.0600,538.6600,1965.9800,3082.7500,1480.8000,5667.2800,1490.8700,2935.6700,2246.2100,1869.8400,6732.8000
2022-12-05,3355.0400,4315.4400,2461.9200,4951.1900,3679.0600,6588.5900,21847.3300,1613.3300,2390.6000,9347.0500,2318.9400,2431.9500,3255.2800,2840.2300,10294.9400,3070.0900,6451.1100,2238.9800,9793.8400,1556.2700,4114.6800,548.1900,2017.0500,3171.4600,1545.3700,5695.2300,1504.8300,2981.1400,2279.1500,1880.2100,6734.2700
2022-12-06,3373.4500,4351.7500,2453.0000,4951.9500,3732.0400,6591.8000,22356.6500,1623.2700,2373.5100,9226.5600,2285.6200,2454.7700,3234.3000,2908.4700,10346.8200,3087.5900,6393.3500,2197.5400,9858.6500,1561.0100,4099.6300,542.2900,1988.9300,3165.5600,1542.3200,5730.2400,1497.7000,2975.9600,2262.0900,1872.4000,6848.9000
2022-12-07,3401.6400,4328.9000,2424.0400,4940.7900,3699.3500,6650.1700,22399.3100,1650.9900,2371.8300,9377.2100,2262.0800,2487.8000,3174.6700,2952.6200,10506.2100,3148.0200,6308.3700,2173.1100,9967.9900,1550.7100,4075.8300,545.3800,1972.8200,3130.4600,1524.9900,5745.8800,1487.5100,2915.4500,2233.2300,1875.0700,6882.0900
2022-12-08,3313.4700,4340.1400,2420.1600,4920.9600,3650.3000,6673.0100,22398.4800,1642.7500,2371.6300,9386.0700,2252.4500,2493.3000,3234.7800,2974.2500,10581.3200,3133.6700,6314.0300,2172.3700,9993.5800,1528.5000,4011.6600,545.3600,1954.4800,3156.9900,1526.3600,5722.7600,1479.1500,2907.7400,2227.7600,1863.9300,6877.0800
2022-12-09,3305.4300,4370.6200,2445.8600,5002.2300,3670.2500,6876.5500,22987.6500,1627.0900,2402.0800,9439.7200,2237.3000,2466.1600,3313.1000,2946.0800,10459.5500,3112.2000,6513.9500,2166.9800,9958.5400,1524.8100,3996.4200,541.7100,1934.2900,3194.7000,1536.8800,5703.4900,1479.1300,2928.4000,2228.7500,1859.5400,6862.6400
2022-12-12,3276.7500,4302.1000,2383.5100,4873.6500,3723.8900,6810.0500,22799.0400,1610.6300,2369.7500,9612.3700,2202.9200,2454.6600,3193.0900,2924.0700,10486.4900,3110.7100,6362.7200,2123.5800,9823.8500,1539.4900,4054.5000,533.5500,1952.1100,3129.9500,1497.2900,5631.5600,1472.9400,2851.0300,2183.1300,1844.4200,6770.1000
2022-12-13,3358.4700,4270.4100,2409.7000,4886.6500,3658.0300,6779.9600,23001.3200,1636.3700,2397.8800,9555.6900,2203.3200,2491.2100,3219.1300,2923.5200,10622.7600,3153.4500,6401.0500,2128.0000,9624.2900,1510.7100,3956.9200,537.3400,1918.3900,3155.7100,1503.1300,5589.2600,1454.0100,2863.4300,2188.2500,1841.3500,6865.4700
2022-12-14,3363.8400,4264.6300,2386.7700,4886.0500,3654.2200,6819.8800,23480.0000,1646.5600,2401.7700,9376.9400,2196.8300,2474.8300,3183.8300,2973.4300,10837.9400,3160.8000,6354.5500,2109.3700,9545.3200,1505.5900,3972.4200,542.7100,1904.7800,3169.0300,1511.3500,5559.7300,1453.7300,2879.7000,2200.5700,1834.7500,6999.2200
2022-12-15,3333.3200,4264.8300,2372.5900,4881.9600,3716.5500,6748.6400,23299.4300,1624.7700,2379.1000,9352.3700,2195.0400,2443.1600,3188.7900,2956.6000,10725.5700,3102.2900,6266.3500,2101.1000,9772.9300,1507.0900,4013.0800,538.0300,1918.1000,3130.4600,1496.7400,5691.4200,1462.4400,2835.6100,2173.4300,1841.5300,6976.0900
2022-12-16,3331.7500,4224.0700,2398.0100,4785.8800,3655.8100,6745.2800,23388.8800,1617.1800,2374.4500,9473.6900,2200.5600,2459.1500,3230.7900,2943.5100,10765.3400,3077.1300,6363.1200,2104.4100,9583.3600,1485.5700,3933.8200,532.8300,1886.7900,3169.4500,1502.7600,5596.3900,1443.7200,2845.6000,2175.4900,1823.3600,6897.7900
2022-12-19,3248.9000,4154.2800,2331.6000,4749.7200,3566.7700,6674.0600,23129.1000,1578.2300,2340.5400,9103.1000,2150.3700,2407.2400,3213.9800,2869.3100,10671.7700,3008.6600,6236.8000,2039.5500,9550.6800,1470.3900,3869.6100,523.3500,1843.2100,3117.2500,1461.5700,5551.9200,1420.7000,2776.2900,2111.3400,1779.2300,6774.4600
2022-12-20,3181.7600,4125.9100,2325.5200,4688.3800,3569.4900,6537.1300,22331.2400,1574.4200,2314.3100,8938.1400,2155.8200,2375.2800,3102.7300,2824.7300,10402.0700,2984.0000,6117.8500,2028.6500,9491.5700,1469.8900,3791.9700,514.9100,1842.9700,3071.5700,1450.1400,5531.7300,1416.7300,2757.8800,2115.7900,1781.2900,6613.9600
2022-12-21,3222.3700,4128.3700,2314.3300,4659.6600,3524.6800,6532.4700,22621.3900,1577.1600,2318.4400,8940.2000,2137.8400,2385.7400,3085.1500,2852.6900,10567.0400,2983.8000,6154.8200,2013.1200,9357.3300,1442.9900,3760.9200,517.4800,1826.6100,3087.4500,1452.1000,5446.6200,1400.6800,2740.6100,2116.4100,1764.6200,6658.0600
2022-12-22,3261.4300,4034.5500,2280.5600,4570.7500,3486.7800,6561.4800,23002.2800,1584.5700,2319.9700,8897.7800,2106.2800,2378.4000,3079.4500,2875.6700,10584.9000,2978.4000,6143.3000,1983.0200,9109.9600,1426.9200,3756.1300,519.9200,1800.4200,3099.4700,1454.5300,5411.6700,1383.2500,2678.6100,2082.8800,1733.2000,6931.5700
2022-12-23,3227.4000,3985.7100,2275.7400,4556.3000,3441.7200,6530.1900,23138.9700,1556.5200,2307.4600,8981.8700,2109.3800,2364.3900,3080.0800,2854.5100,10684.0500,2993.7400,6096.5200,1981.5300,9005.4700,1413.2500,3819.4900,529.5800,1816.2600,3087.2000,1454.4400,5304.3200,1371.5500,2683.1900,2064.0200,1728.2900,6884.2400
2022-12-26,3254.0900,4065.1100,2286.3700,4609.7600,3529.6600,6507.0100,22852.5700,1567.7600,2317.1900,8963.9500,2139.9500,2370.1100,3031.2500,2839.8500,10888.6800,3050.4200,6078.8300,1992.3800,9395.9700,1459.0300,3862.1200,530.7200,1842.1700,3071.0800,1443.0300,5455.4600,1405.4700,2695.7700,2081.7200,1763.7600,6859.4500
2022-12-27,3328.5900,4106.5000,2315.8400,4685.8700,3560.5700,6617.6900,23050.7600,1585.7500,2345.1400,8919.1100,2149.9200,2403.1800,3053.4500,2856.8100,10865.7000,3055.1000,6132.3600,2009.9500,9501.5500,1468.5300,3851.2400,530.8900,1860.5200,3125.0200,1465.9900,5460.3300,1412.6300,2745.1300,2116.0300,1775.3600,7140.8300
2022-12-28,3270.9400,4058.5000,2314.4400,4652.9800,3510.1800,6530.8200,22980.4800,1566.9500,2327.2900,8947.2000,2189.5100,2363.7200,3059.2400,2839.7100,10821.6800,3020.6400,6069.3700,1993.5800,9415.1500,1451.9200,3793.9200,531.3600,1832.8500,3156.6200,1465.5700,5314.7900,1395.4700,2727.5900,2111.7500,1763.1900,7096.7900
2022-12-29,3245.1900,4050.1900,2290.5800,4604.6800,3497.5700,6478.1900,22783.0800,1555.0800,2302.7400,9100.7200,2173.7700,2331.9500,2982.4200,2834.5300,10693.0600,2990.8200,5979.3700,1970.8500,9375.2600,1475.2100,3832.9600,527.0200,1828.2100,3139.4100,1457.3500,5304.8600,1394.0200,2667.7800,2083.6400,1751.2500,7138.2500
2022-12-30,3294.7700,4051.3600,2285.9800,4583.2300,3486.7000,6485.7800,22956.3000,1573.7500,2326.1700,9069.9400,2198.5100,2364.9900,2995.1200,2866.7400,10794.7100,3016.7400,6032.6700,1993.5300,9348.2500,1477.6200,3873.4500,539.8200,1838.2800,3158.2200,1473.1200,5342.9100,1398.7400,2672.1900,2090.6800,1769.4400,7151.5600
2023-01-03,3265.2900,4109.2000,2311.8900,4705.3200,3554.5900,6511.7200,22685.8700,1595.2600,2339.2200,9182.3100,2238.6600,2364.0800,3028.6100,2851.8400,10722.7300,3028.1700,6080.4800,2024.6200,9474.1000,1517.5000,4056.8000,554.7800,1921.3800,3173.7300,1469.3400,5416.6200,1426.2400,2694.6100,2106.9800,1795.4200,7098.7800
2023-01-04,3272.8700,4103.0000,2311.9400,4626.8500,3512.1000,6653.5600,22688.2400,1598.0800,2399.5600,9210.3600,2233.2300,2365.7700,3143.9200,2863.1600,10864.7900,3036.5400,6226.6800,2045.3100,9297.2100,1514.0800,4087.0900,560.8900,1934.0100,3238.1000,1486.3500,5385.9900,1425.3500,2640.6800,2099.3700,1800.5600,7102.3900
2023-01-05,3274.7300,4133.2300,2320.7700,4685.6600,3558.6000,6804.0200,23611.0900,1600.7000,2410.9200,9371.8400,2243.8500,2393.7300,3148.5300,2907.5700,10914.5800,3063.4600,6301.7300,2050.2100,9555.6100,1518.5300,4107.8300,566.0400,1941.7300,3234.0800,1509.3600,5488.9700,1435.3100,2647.0500,2113.6400,1814.7500,7250.7800
2023-01-06,3254.6300,4182.6900,2335.3600,4748.1100,3562.0200,6775.9700,23574.8900,1585.5800,2418.0000,9288.8200,2260.2700,2361.5500,3111.1900,2874.3500,10690.6400,3018.7800,6338.8400,2048.4400,9810.7100,1508.1000,4073.1000,552.1400,1931.2000,3227.6400,1512.2300,5552.3600,1440.1800,2673.7600,2138.8400,1813.3100,7155.4800
2023-01-09,3307.7100,4206.2300,2342.6000,4884.3300,3592.8500,6777.5600,24056.4100,1610.1200,2420.8600,9349.2100,2241.0100,2370.8300,3079.3400,2882.3300,10812.5100,3037.5900,6342.9800,2053.3200,9863.3100,1480.9200,4080.1600,558.5500,1931.8900,3234.3200,1540.1000,5587.3900,1449.8800,2694.1900,2147.6100,1815.9300,7276.4000
2023-01-10,3298.9900,4174.9200,2318.3200,4895.6500,3623.9100,6791.3000,24193.7800,1611.9000,2415.9500,9423.5200,2227.1800,2350.8600,3070.4200,2917.7300,10772.8800,3011.2700,6348.6700,2033.5000,9957.2100,1467.1300,4087.4400,563.6500,1929.0600,3197.9500,1521.5200,5673.2000,1449.6500,2669.4800,2123.4200,1807.2900,7347.2200
2023-01-11,3291.2400,4153.8300,2324.6200,4877.9000,3594.1700,6843.9900,24037.6600,1600.4400,2414.4500,9380.3600,2220.0300,2339.2600,3097.7900,2869.8000,10659.4000,2977.3800,6364.4400,2031.6600,9843.3600,1452.5400,4011.4700,550.3500,1926.6100,3229.1700,1528.3900,5614.9400,1436.1100,2776.3900,2143.0500,1799.9500,7274.0400
2023-01-12,3270.9500,4158.0700,2319.7000,4891.7400,3604.7700,6829.0900,23868.4200,1597.3500,2400.2400,9341.9900,2216.1400,2340.1700,3042.7600,2840.1700,10542.8900,2963.0600,6321.6200,2021.1500,9946.8600,1456.4000,4035.3800,551.7300,1947.9300,3230.0800,1541.1400,5664.2500,1444.6200,2771.8000,2133.5100,1797.4800,7191.0100
2023-01-13,3346.1800,4174.6600,2327.0900,4904.0700,3595.5400,6960.1500,24529.9100,1611.6900,2439.6300,9541.6400,2217.2000,2375.7100,3059.7900,2887.0900,10652.5200,2986.8100,6476.9400,2029.5800,9937.2700,1452.0700,4034.2200,558.7900,1940.4500,3265.1000,1576.2300,5668.8000,1451.4200,2770.1000,2141.8800,1800.4600,7308.7400
2023-01-16,3409.7800,4218.8000,2345.6100,4950.5100,3676.7600,7129.1200,24996.7600,1631.4900,2454.6400,9767.2200,2224.7900,2396.1500,3072.2900,2930.8600,10699.0600,3013.9800,6533.6300,2043.1300,10020.9800,1477.2700,4136.5400,558.0100,1945.4300,3274.6200,1607.5100,5653.5200,1457.1300,2761.7500,2182.9500,1809.9700,7427.9300
2023-01-17,3384.3200,4235.0300,2338.8900,4936.7500,3738.0200,7152.0700,24770.4800,1620.2100,2439.4900,9667.9200,2212.0100,2390.4000,3068.2500,2907.4700,10793.2500,2978.0300,6528.6900,2035.7600,10064.9400,1489.8900,4114.6600,550.7100,1936.2700,3273.6800,1612.3200,5641.5000,1467.8200,2750.2600,2180.9500,1807.6800,7397.1300
2023-01-18,3358.5600,4242.5900,2348.1800,4989.7100,3734.1900,7103.7200,24530.4200,1620.2600,2426.5500,9609.9700,2217.1600,2397.2800,3047.6200,2895.6500,10651.5500,2994.4000,6476.1100,2041.2800,10102.6100,1498.0300,4199.2400,557.9000,1956.7900,3274.4500,1610.2400,5641.9900,1469.8400,2764.4600,2195.4300,1813.0100,7334.5500
2023-01-19,3347.3200,4271.1500,2367.6200,5018.4300,3802.0200,7085.1700,24425.0600,1614.5900,2416.2200,9776.1700,2208.6300,2403.2200,3061.0100,2895.8000,10655.7700,2996.7700,6484.6300,2052.4300,10063.2700,1520.8700,4315.8500,562.6300,1953.9100,3277.0200,1634.8800,5650.1700,1478.6100,2789.5000,2195.9000,1828.9800,7355.0000
2023-01-20,3366.5000,4309.9100,2413.7400,5170.1900,3805.3600,7076.7200,24334.0200,1627.4400,2422.1000,9779.7500,2246.3600,2419.4800,3082.9900,2908.4100,10756.7900,3041.3100,6546.7100,2092.8400,10234.9800,1527.3100,4355.9500,566.2200,2004.9600,3284.2600,1632.5100,5689.4000,1498.8300,2837.1000,2230.0500,1847.8600,7277.6500
2023-01-30,3374.1300,4347.4000,2440.3400,5220.3900,3865.5100,7069.0700,24744.3400,1649.3100,2443.7300,9711.7600,2239.9400,2396.2000,3058.9500,2852.6900,10835.8000,3036.5800,6526.3600,2092.7100,10427.9800,1567.5900,4443.5900,566.1300,2008.1500,3296.5100,1619.1800,5884.7000,1521.8000,2790.9900,2225.3000,1866.7700,7284.9200
2023-01-31,3402.9100,4375.4800,2452.3300,5255.4500,3818.5300,7023.3700,24140.6200,1647.3500,2442.7400,9566.2100,2245.6900,2411.6100,3106.3100,2832.7700,10762.4600,3019.3300,6573.0300,2103.9500,10453.3300,1572.9300,4369.1700,567.1400,2008.1000,3263.3300,1604.2700,5924.9900,1534.6300,2809.8600,2255.8300,1874.8100,7209.5100
2023-02-01,3454.9200,4434.9300,2494.2700,5411.9100,3885.1700,7076.5800,24237.5900,1662.2700,2469.1100,9669.4600,2256.0100,2420.6300,3096.8600,2858.5500,10850.4100,3050.0400,6578.4900,2136.1500,10556.2200,1587.8800,4486.5800,576.9700,2041.9800,3246.0800,1640.3200,6097.4000,1550.5600,2813.3600,2277.8000,1897.3600,7279.8000
2023-02-02,3473.9800,4464.3000,2481.0300,5369.1800,3902.2700,7012.3000,24408.3900,1663.1800,2475.5900,9744.4300,2256.8000,2425.9800,3103.4700,2884.8300,10870.8100,3056.1500,6615.7300,2133.9400,10452.2300,1565.3600,4485.4600,581.2400,2038.0600,3227.6300,1610.7000,6088.2000,1550.4400,2835.5800,2282.4200,1895.2500,7283.0000
2023-02-03,3449.7900,4442.6400,2454.9700,5302.8000,3916.8200,6950.8600,24168.1400,1650.7500,2479.2400,9667.0400,2244.8600,2408.9500,3060.1100,2857.9000,10872.9600,3021.6100,6533.6000,2112.5300,10277.2700,1586.3000,4564.9800,587.9700,2046.5400,3195.9400,1595.3600,6014.6300,1545.3700,2806.1700,2254.6600,1895.3500,7224.9300
2023-02-06,3459.1400,4396.6600,2436.1200,5208.3600,3878.5200,6794.8900,23756.5400,1638.6600,2460.0600,9548.8900,2248.2400,2404.1900,3008.8400,2823.5900,10741.6700,3017.4000,6414.0900,2115.8600,10212.5700,1578.3500,4598.5300,592.0500,2040.5000,3164.7400,1564.3300,5957.9800,1540.8100,2794.5700,2249.2000,1903.7000,7141.4300
2023-02-07,3439.1100,4407.9600,2452.3700,5254.9900,3881.4000,6914.2700,23729.0500,1651.5300,2472.1100,9508.3400,2270.9900,2412.1800,3051.5700,2830.4200,10715.0000,3023.1400,6459.2200,2143.0300,10199.5500,1575.0800,4592.9100,601.1200,2058.3200,3175.1800,1571.5100,6006.6700,1557.3600,2804.7200,2255.6400,1929.9200,7157.1900
2023-02-08,3401.4900,4406.1200,2435.8800,5232.1500,3842.4300,6876.3300,23568.2900,1648.4400,2471.8400,9531.3500,2264.9500,2414.5400,3052.6000,2803.3700,10630.9900,3027.6200,6400.3600,2116.7700,10201.4200,1554.7300,4543.3200,589.0200,2025.5400,3169.3100,1559.0200,5971.2000,1548.0300,2782.7100,2246.7400,1922.7800,7121.9500
2023-02-09,3418.1000,4458.3000,2468.6800,5252.7700,3966.2000,6937.0300,24116.6300,1658.0500,2489.6700,9615.3900,2272.9300,2430.6200,3077.0500,2829.0100,10850.9200,3038.5100,6472.7900,2130.0500,10306.6800,1594.0700,4640.9900,600.1000,2089.8200,3179.8200,1586.2600,6023.2200,1572.5500,2795.5200,2256.3900,1933.5700,7236.8100
2023-02-10,3427.1400,4455.4600,2452.5100,5154.3200,3948.0400,6934.2300,24159.5600,1657.1300,2518.3200,9604.0700,2290.3000,2430.2500,3094.7800,2824.9300,11023.8400,3064.7000,6482.6700,2134.8100,10158.0300,1579.8300,4586.4300,602.6700,2098.8500,3175.5300,1576.3300,5946.0000,1568.0400,2758.6600,2248.3600,1940.5100,7276.2300
2023-02-13,3423.0000,4496.6500,2480.6500,5174.9500,3964.6800,7019.8300,24884.7600,1683.6700,2568.5600,9684.9400,2290.6400,2448.0100,3093.5400,2858.0500,11287.9500,3096.7600,6673.0900,2157.8000,10243.7800,1595.9400,4632.7700,609.3000,2117.7500,3150.1900,1584.3600,6003.6500,1606.0000,2747.0100,2267.2300,1950.4200,7582.2400
2023-02-14,3406.7900,4530.9300,2507.3500,5215.7700,3963.6500,7022.5400,24777.8300,1678.3800,2592.3500,9734.5100,2300.8400,2454.0600,3098.7400,2821.2300,11163.0300,3077.5000,6694.4300,2157.6000,10239.7800,1589.7400,4612.6200,604.0800,2104.1200,3163.7700,1588.8500,5991.3500,1605.3300,2760.8400,2298.9100,1950.3000,7593.8100
2023-02-15,3370.5100,4501.3300,2486.3200,5169.6000,4028.4000,6945.8600,24732.3900,1671.3300,2588.3200,9629.8400,2285.8600,2419.6800,3047.2600,2791.4900,11115.5100,3057.4200,6622.3400,2143.9900,10204.2400,1593.9600,4737.1400,615.0800,2158.1300,3132.6500,1570.2400,5981.0100,1605.1600,2738.6100,2280.0200,1937.9700,7518.7300
2023-02-16,3329.5700,4406.4400,2457.1500,5027.3100,3926.7800,6875.8300,24816.3900,1646.1100,2532.8600,9553.5400,2248.1300,2391.8900,3013.5500,2777.7100,11007.4200,2995.1200,6525.2300,2115.5000,9984.9100,1559.3100,4670.6500,611.8400,2146.2100,3129.2200,1561.5600,5881.5100,1566.1700,2698.5000,2242.9700,1897.5500,7451.8300
2023-02-17,3333.9400,4421.5200,2459.0400,5019.4500,3818.0100,6851.5600,24552.0900,1660.6700,2528.0500,9596.9800,2238.5000,2379.5200,2997.1100,2752.2100,10903.8500,2975.8300,6498.2200,2099.1700,9745.3500,1550.2400,4493.6600,599.8200,2070.1900,3103.0100,1540.0100,5831.5700,1553.8600,2744.6400,2263.9500,1899.9100,7532.7800
2023-02-20,3371.7300,4473.1300,2520.0900,5112.4600,3868.8500,7116.3200,25058.6600,1679.9500,2603.0200,9690.0200,2260.7600,2409.7200,3047.3500,2811.9700,11020.9200,3006.4100,6778.4400,2160.8000,9826.5300,1553.3100,4635.4600,619.4700,2141.9800,3187.5100,1594.8100,5909.3700,1591.8100,2814.7800,2307.7800,1905.6800,7610.6300
2023-02-21,3402.8200,4523.9900,2580.2100,5199.1800,3872.2100,7184.2000,24861.3300,1679.2500,2598.5100,9671.6400,2274.1000,2413.0900,3070.1000,2803.5300,11033.3500,3042.4000,6793.8800,2179.6100,9889.9400,1573.1400,4627.8500,611.2300,2160.4200,3191.6000,1599.3400,5989.1000,1598.1000,2885.8300,2321.0400,1918.4900,7484.9300
2023-02-22,3432.4200,4486.0200,2577.6400,5150.4800,3855.0500,7141.0400,24697.4700,1681.7000,2625.5300,9639.8900,2264.0600,2405.9800,3051.2600,2778.7800,10997.6700,3036.7200,6714.6800,2176.2600,9822.2900,1582.4600,4648.9200,604.7700,2146.8700,3167.1500,1582.2900,5979.1800,1598.1500,2893.4400,2307.4200,1915.8100,7505.0700
2023-02-23,3429.6100,4475.4700,2569.8200,5167.8500,3853.4700,7202.8100,24480.6600,1689.3500,2608.0100,9576.5300,2261.4300,2397.1300,3057.2300,2775.2900,10975.8900,3033.7200,6704.4900,2166.2200,9933.6100,1571.7800,4537.5200,594.3400,2117.0700,3170.3500,1587.2600,6005.6900,1597.6300,2912.8800,2318.1200,1923.9400,7420.1000
2023-02-24,3422.4900,4456.6400,2574.0900,5101.3700,3831.2400,7123.0200,24121.9800,1693.7600,2613.4000,9509.4100,2254.6600,2389.1800,3025.3100,2761.1500,10936.5200,3031.9200,6628.1000,2150.5500,9804.6200,1597.8600,4579.1500,593.9800,2130.5600,3143.1700,1562.9400,5922.8400,1589.2400,2898.9700,2304.0600,1912.7000,7378.9300
2023-02-27,3404.7600,4473.7900,2554.9700,5061.1200,3770.8900,7041.1600,24368.4700,1695.0600,2586.3100,9416.4100,2250.0900,2386.2600,3020.0200,2744.1500,10931.2700,2997.4300,6537.2000,2131.1700,9785.7400,1588.8400,4516.4100,583.4100,2132.3300,3127.1600,1547.2900,5858.1200,1577.7200,2912.4800,2295.9100,1893.7600,7324.3700
2023-02-28,3422.6800,4491.0500,2563.8400,5067.3100,3804.5700,7045.1200,24394.0600,1725.2300,2605.8600,9577.3800,2271.1400,2400.0900,3043.7100,2761.7200,11053.2600,3020.4700,6576.7300,2155.5700,9824.0300,1593.4200,4617.6200,590.7400,2180.5700,3139.4500,1562.7900,5885.1100,1585.7100,2892.2800,2301.0300,1908.3300,7378.8600
2023-03-01,3427.0200,4499.7000,2574.9900,5133.6800,3852.0900,7169.8600,24651.7100,1724.5700,2625.2300,9572.9300,2283.5900,2424.6500,3065.6100,2762.0300,11097.5000,3027.1700,6705.7400,2200.2000,9810.3000,1601.7700,4800.4900,611.7400,2264.4700,3178.1200,1592.5600,5928.5400,1601.6200,2898.9400,2314.5500,1912.4800,7356.2800
2023-03-02,3404.2100,4492.8800,2586.2200,5069.6600,3826.1600,7141.9500,24573.1300,1728.8700,2627.0500,9469.6800,2282.9700,2436.0500,3032.3000,2746.0500,11140.6600,3014.6600,6760.4300,2232.9400,9642.6300,1604.8400,4825.3900,623.2200,2287.3100,3187.2100,1591.1500,5855.6600,1602.8200,2903.8700,2329.6100,1907.0400,7351.5300
2023-03-03,3404.7600,4476.9000,2600.9500,5055.9600,3861.0600,7165.7000,24429.9200,1717.3400,2599.0500,9473.9600,2302.8500,2451.7200,3047.6300,2763.9300,11200.3700,3040.5400,6755.1700,2281.7000,9644.8100,1629.9400,4774.1700,620.2900,2272.0000,3212.6400,1600.3600,5847.4400,1600.2600,2908.1100,2354.6700,1914.7800,7315.9500
2023-03-06,3423.0800,4459.1400,2575.1300,5060.0600,3858.5000,7087.1000,24365.5500,1706.2900,2569.6400,9515.4600,2309.9900,2444.9000,2998.8500,2744.0700,11320.9100,3028.1600,6657.8500,2259.3500,9819.8800,1652.0700,4757.0400,615.6200,2288.0900,3161.5100,1569.6600,5826.1500,1597.0100,2847.1600,2336.7300,1922.3800,7306.0700
2023-03-07,3347.0200,4379.7300,2547.2200,5008.9000,3744.6600,6950.0800,23929.4400,1678.2900,2520.0800,9354.1600,2290.1300,2414.6300,2942.3500,2695.2000,11111.9300,2962.1700,6555.4300,2254.6100,9669.7700,1607.4200,4631.2700,603.1300,2202.5500,3161.7800,1542.3800,5724.0800,1559.4200,2864.5600,2359.3100,1893.8400,7074.0500
2023-03-08,3337.7200,4384.9900,2561.0100,4967.7200,3788.7700,6934.2700,23749.9500,1684.5900,2531.4700,9329.6200,2283.2400,2424.8000,2952.7900,2705.4000,11114.7700,2985.5000,6498.1000,2261.8800,9611.1900,1638.1300,4710.3200,611.5000,2257.5200,3141.7800,1536.1900,5716.0800,1568.4600,2845.6000,2339.1800,1904.2200,7128.1900
2023-03-09,3308.8900,4373.0700,2555.2300,4962.9800,3813.0400,6934.4000,23600.2500,1672.4600,2512.3000,9351.6800,2270.2200,2429.2900,2950.4500,2676.5600,11003.3300,2971.5400,6428.4600,2256.7300,9567.3100,1624.5700,4723.0900,611.0200,2285.3200,3122.1800,1524.3900,5680.7500,1568.0700,2841.7500,2328.0300,1927.7400,7071.3300
2023-03-10,3276.6100,4303.4600,2498.5700,4881.2100,3767.4800,6761.4400,23308.5400,1652.8000,2470.2500,9325.3900,2246.7900,2391.6100,2898.1300,2637.7800,10844.9100,2925.6800,6267.2300,2217.0500,9496.2500,1597.8300,4696.9500,602.4400,2237.6200,3079.5100,1503.4700,5482.7600,1547.5500,2784.3300,2276.2600,1901.6500,6914.1300
2023-03-13,3306.6800,4291.2600,2511.8600,4920.9500,3776.5500,6887.2700,23662.4900,1661.7900,2479.8300,9335.1600,2255.3100,2439.9700,2882.9000,2668.6900,10916.9400,2929.3000,6322.3700,2270.1200,9409.8400,1609.0200,4878.0900,614.5300,2318.6500,3086.1900,1516.2600,5423.4500,1552.9200,2817.7400,2329.7000,1889.8100,6928.5200
2023-03-14,3370.2700,4232.0100,2490.2200,4904.1700,3792.5600,6786.2900,23493.9000,1632.9300,2434.2600,9264.9900,2254.5400,2409.5600,2859.9200,2651.3200,10717.4300,2885.9000,6206.7700,2247.4900,9256.2200,1603.0600,4830.9000,608.5500,2300.6400,3061.8600,1493.1400,5382.0800,1528.1600,2775.2600,2282.5800,1866.0300,6892.5000
2023-03-15,3379.7200,4261.0100,2536.6700,4897.4800,3813.6400,6808.1900,23246.3900,1644.3700,2461.9500,9327.9600,2280.4600,2435.2600,2899.6800,2642.4500,10632.9200,2910.5000,6328.3500,2322.3800,9291.0900,1592.0000,4769.9100,607.6300,2279.9000,3091.2500,1505.5300,5395.3000,1539.4400,2781.3700,2304.2400,1894.4400,6792.3600
2023-03-16,3293.8900,4175.7600,2472.0500,4742.8000,3765.1900,6737.4000,23213.3500,1641.7500,2423.1800,9284.9800,2263.0900,2392.8100,2871.1300,2636.3200,10472.2600,2860.6100,6178.1000,2296.7800,9000.3000,1553.7100,4714.4100,607.9700,2244.4600,3095.8500,1488.0400,5314.0600,1511.6100,2689.8900,2232.9300,1865.2200,6872.7500
2023-03-17,3288.7200,4191.8300,2485.1000,4777.8900,3811.6700,6751.6200,22950.6500,1642.3400,2428.3500,9139.9300,2267.0900,2403.1700,2894.2900,2655.4600,10521.6600,2879.2600,6225.7300,2338.1100,8936.0100,1560.8500,4908.2200,637.7200,2332.8200,3089.5700,1516.3000,5320.6300,1515.7200,2712.4800,2275.0500,1870.7100,6767.7000
2023-03-20,3248.1100,4175.9100,2441.4600,4834.6700,3873.9600,6728.6700,22681.0700,1634.8300,2409.6000,9001.4300,2243.4600,2373.7800,2876.5400,2640.7600,10471.7300,2861.2700,6252.1100,2314.8700,9028.2300,1542.2700,4841.2200,651.8300,2281.5900,3082.2500,1501.0200,5327.2100,1510.2000,2702.9400,2248.9700,1854.0100,6633.1200
2023-03-21,3266.1100,4225.6900,2427.2900,4898.6300,3888.9000,6885.6500,23282.1100,1667.0300,2467.4200,9218.3000,2247.9600,2392.1400,2876.1100,2712.3200,10749.9500,2893.7200,6310.0700,2300.6400,9180.4600,1578.6800,4891.5000,667.5600,2304.2200,3074.3800,1511.4800,5435.1300,1529.4700,2699.8800,2247.7600,1872.0600,6784.0900
2023-03-22,3269.8100,4217.9800,2421.8200,4882.7400,3940.7800,6850.6100,23245.0400,1671.1100,2482.5100,9240.1600,2251.7700,2391.0000,2905.9300,2710.5500,10748.3700,2903.5400,6307.7900,2308.8600,9205.5400,1571.5600,5008.5200,685.3500,2385.1700,3103.4900,1508.3800,5454.4400,1533.7000,2724.5000,2254.1800,1876.8800,6814.7900
2023-03-23,3270.2600,4204.9500,2408.1100,4925.6000,4051.0600,6832.2100,23394.3600,1661.4200,2477.2200,9227.7700,2248.8500,2387.0400,2894.7500,2698.9300,10695.8200,2891.7300,6315.6700,2339.7500,9169.4000,1596.5100,5140.5500,684.3500,2437.8400,3125.9000,1527.7800,5439.2800,1534.7700,2750.3800,2255.8400,1870.4100,6783.1700
2023-03-24,3277.1600,4183.3000,2397.0600,4907.5800,4077.9300,6873.7200,23422.9600,1653.4600,2473.6800,9126.2000,2236.8900,2365.2000,2901.7900,2721.7100,10718.5500,2934.9300,6268.7000,2287.6400,9220.2800,1583.6200,5237.5400,707.6500,2418.2200,3092.0800,1522.5800,5433.9200,1533.4600,2723.4400,2235.2200,1861.2000,6787.8100
2023-03-27,3306.7000,4160.9400,2366.8200,4893.3300,4036.4400,6872.2800,23226.5800,1632.1200,2442.6500,9208.7500,2209.4600,2357.9900,2852.3000,2715.3000,10823.8900,2937.8800,6167.2500,2258.9300,9314.7300,1574.0900,5315.5300,713.7700,2421.0400,3062.5800,1523.7100,5432.2600,1540.2900,2728.2100,2239.2500,1849.1100,6783.7300
2023-03-28,3328.4900,4158.8800,2355.2000,4819.3800,3923.4400,6830.3500,23531.7800,1634.2500,2423.8800,9253.7600,2204.8300,2348.7300,2820.8800,2700.0800,10754.1300,2917.3000,6133.1000,2256.9500,9202.5800,1545.4600,5219.8400,701.0900,2391.2600,3076.4900,1512.0800,5471.4800,1528.2300,2706.6500,2322.6400,1845.3200,6904.9900
2023-03-29,3274.6400,4130.8200,2340.5800,4801.7000,3985.1100,6847.9800,23659.4600,1624.8100,2402.1700,9184.6500,2207.4200,2353.7100,2813.7200,2691.5100,10826.0900,2913.2300,6068.3300,2206.9400,9232.2300,1524.7600,5208.2500,698.3700,2398.2100,3064.6100,1501.4000,5490.9200,1529.2400,2694.1100,2296.5300,1828.9900,6948.0400
2023-03-30,3299.5800,4143.1700,2354.1400,4830.2900,4015.1700,7074.8000,23911.6800,1624.6600,2413.1600,9196.1900,2225.4200,2374.5800,2821.3100,2713.5300,10976.6800,2909.6700,6180.7400,2213.5800,9287.5000,1531.8000,5100.0800,688.6900,2323.5300,3086.5100,1506.0500,5520.0800,1532.0000,2772.0800,2311.0900,1819.5300,7020.4500
2023-03-31,3355.9300,4167.8100,2373.0800,4865.3900,4027.2100,6987.6800,23968.4800,1632.4000,2414.1300,9238.9100,2232.3600,2380.8200,2812.0300,2720.3600,11015.6500,2983.2400,6148.4300,2216.6400,9314.6000,1534.6900,5298.3300,724.6800,2380.7600,3072.8100,1508.0000,5552.9700,1539.8800,2763.6900,2312.8700,1836.8400,7034.6900
2023-04-03,3397.6300,4179.8600,2373.2100,4888.0500,4141.4200,7026.3000,23819.2600,1631.4900,2453.2600,9139.8900,2226.0700,2384.9500,2873.8200,2724.2900,11107.0100,3062.4000,6251.0100,2241.4400,9323.3000,1566.7500,5536.7000,756.7300,2459.6300,3077.5900,1554.9600,5532.2500,1557.5700,2763.6400,2327.4600,1845.6300,7062.6000
2023-04-04,3446.7800,4115.2400,2381.7400,4860.8000,4161.2800,6965.8300,23995.8000,1621.9600,2428.4200,9211.5700,2225.5600,2398.6000,2850.4700,2675.2400,11016.1800,3002.8600,6199.2200,2316.2400,9107.5800,1556.7200,5583.1100,749.9300,2486.4200,3093.9700,1559.5300,5437.7500,1547.3000,2764.3500,2341.4000,1830.4700,7006.4900
2023-04-06,3428.7300,4103.2800,2378.8400,4917.1900,4298.0300,6945.0900,23604.9000,1612.1900,2406.4800,9274.2100,2215.7600,2394.8500,2838.0600,2650.3900,10953.5000,3039.7500,6207.8700,2311.9200,9126.6400,1574.5300,5483.8200,725.3300,2513.0500,3080.4900,1543.4300,5399.0000,1553.0300,2727.9700,2338.0200,1828.8500,6961.2200
2023-04-07,3405.2400,4122.3400,2384.0000,4891.0400,4296.6700,7015.1400,23511.3400,1628.4700,2438.1700,9473.8300,2224.3400,2416.5000,2942.6700,2679.5200,11074.0900,3042.2000,6281.8800,2302.5600,9153.1200,1577.5400,5592.3600,750.5300,2569.7700,3089.6100,1560.3900,5419.4800,1557.7900,2708.1100,2351.5100,1842.5200,7012.0200
2023-04-10,3375.4800,4105.6900,2372.9600,4914.8300,4195.8200,6994.6300,23231.0700,1609.2700,2403.1400,9468.8300,2255.9800,2407.3200,2918.8000,2633.1200,11054.5100,2983.6300,6240.6000,2311.0800,9324.3200,1561.6100,5293.7100,721.0600,2513.3400,3095.4800,1554.6900,5383.7100,1553.1500,2676.7300,2369.7500,1827.7200,7011.8600
2023-04-11,3375.9900,4090.7200,2391.2800,5027.6500,4204.1500,7120.6900,22843.2200,1615.3000,2412.5000,9454.6100,2249.1100,2391.8100,2954.9600,2631.9700,11105.3800,2987.1200,6269.0100,2319.4800,9263.6500,1549.0700,5341.8000,756.8000,2498.2600,3086.2500,1560.6600,5367.2700,1552.7000,2665.8800,2391.9000,1819.1600,6997.5700
2023-04-12,3336.6700,4072.6500,2425.7100,5046.3900,4275.1400,7119.3400,22295.4100,1617.8400,2396.2200,9409.9100,2247.8400,2402.0400,2955.1600,2642.0600,10999.8200,3009.7400,6247.4000,2349.9400,9132.3300,1549.7900,5506.4000,794.1500,2582.8600,3097.9300,1565.5400,5320.6100,1567.5700,2686.3900,2419.7200,1830.4600,6890.1600
2023-04-13,3318.9200,4042.8500,2408.5500,4995.5600,4131.0500,6981.1500,22521.8400,1619.4800,2383.2600,9555.7700,2253.0800,2407.7400,2945.2100,2676.1700,11291.3500,2980.2500,6176.9400,2360.5100,9064.8400,1539.1900,5355.6700,790.0800,2486.9800,3124.2900,1548.4200,5271.4300,1545.2600,2681.3100,2421.4100,1826.9200,6963.9200
2023-04-14,3297.5000,4065.3900,2428.4100,5154.2500,4213.5300,6968.8200,22289.7000,1609.4900,2366.0700,9546.2500,2279.5200,2408.6300,2934.2600,2640.3600,11044.4700,2980.1600,6194.2100,2404.8300,9162.0100,1541.3100,5355.4900,774.0800,2508.7500,3137.2300,1551.8600,5343.1700,1556.4700,2687.0200,2424.5600,1831.9900,6936.1100
2023-04-17,3320.9700,4126.8600,2448.2600,5193.4700,4170.1100,7173.0400,22661.2200,1609.0500,2370.2700,9574.4200,2295.5700,2448.5300,2930.0100,2666.0600,11009.0700,2990.6300,6275.5900,2442.6400,9254.6600,1546.1500,5276.6500,744.0500,2480.5500,3194.1100,1600.0300,5402.4500,1561.8800,2744.8700,2503.9200,1842.2800,6866.4500
2023-04-18,3314.1100,4119.3200,2432.2700,5181.6100,4120.4200,7278.7700,22764.5500,1613.3000,2379.4900,9473.5500,2282.2300,2447.7700,2912.0500,2662.3800,10829.9200,2955.9800,6274.2000,2429.6800,9312.3900,1543.0000,5295.0100,744.7600,2566.1900,3226.9400,1607.2000,5395.6900,1551.2900,2799.0400,2481.5400,1830.5700,6849.8000
2023-04-19,3308.4900,4082.3400,2427.1900,5169.7800,4093.0000,7210.8100,22642.9500,1603.9600,2345.4500,9374.7600,2271.6400,2429.6400,2857.1400,2642.9400,10920.6700,2931.4200,6141.9100,2396.4400,9224.3500,1529.5800,5306.4300,753.1100,2556.2100,3221.2700,1587.8100,5342.4400,1543.3400,2792.1300,2453.8100,1822.9000,6747.2800
2023-04-20,3286.9600,4019.7000,2397.4500,5061.7500,4159.7200,7331.7200,22362.9900,1594.2700,2325.9700,9237.6800,2266.0400,2418.8600,2838.2300,2600.6900,10747.5200,2935.0700,6072.4700,2433.7400,9008.2300,1519.7900,5417.9000,787.0500,2623.9500,3213.7500,1595.1700,5259.1900,1538.9800,2768.7000,2445.2000,1801.0600,6675.2000
2023-04-21,3260.9200,3917.1700,2351.1100,4943.1600,3943.3100,7202.4400,22204.7400,1573.8100,2280.9900,9149.2000,2234.7700,2382.4600,2795.7100,2536.7500,10409.4400,2863.2300,5967.2800,2382.1400,8932.9200,1520.5500,5106.6000,751.1600,2516.0800,3173.8000,1534.2000,5149.1800,1509.5200,2724.4900,2405.8900,1768.7800,6587.5400
2023-04-24,3204.8800,3881.4100,2303.9100,4833.3100,3863.2200,7168.2700,21859.5500,1571.6600,2268.9400,9131.1800,2236.4800,2358.6600,2748.2000,2532.0600,10270.9100,2857.2100,5873.8300,2374.7000,8774.2600,1501.2200,5079.5900,778.4800,2570.5300,3145.8300,1517.1500,5184.9800,1492.2600,2691.9700,2382.7700,1767.3500,6465.9300
2023-04-25,3207.9900,3799.2800,2259.1900,4703.7000,3755.1300,7157.1600,22164.1000,1562.4000,2236.6200,8932.6700,2227.2300,2349.2900,2718.5400,2500.7000,10109.4800,2822.4200,5756.5600,2348.5900,8517.0500,1469.1400,5026.2400,797.3200,2491.2900,3199.0000,1518.5600,5052.7000,1460.5300,2659.5600,2407.3800,1740.8400,6561.5300
2023-04-26,3212.6700,3833.1500,2277.7000,4757.3700,3695.5900,7102.5100,22203.9900,1577.2600,2254.7900,9008.7900,2262.8100,2359.1300,2707.9700,2519.1400,10215.3100,2828.0700,5785.5400,2319.6000,8933.0900,1485.6700,4824.5200,793.3600,2424.9000,3174.5500,1510.7700,5155.4900,1472.0400,2686.3900,2407.5600,1761.7100,6527.9800
2023-04-27,3199.7400,3844.1800,2287.9900,4754.0400,3665.8900,7119.5100,22328.5300,1586.6500,2275.0600,9187.3100,2278.6600,2378.5700,2714.1900,2505.3400,10246.4800,2823.4700,5800.4500,2361.1800,8950.7600,1516.4900,4750.3700,756.6100,2374.7100,3166.3200,1560.0900,5210.7700,1472.0100,2681.9600,2396.7600,1767.1600,6700.6000
2023-04-28,3214.6300,3845.1300,2309.7000,4793.0000,3725.0700,7130.3000,22540.2800,1622.5800,2294.8900,9198.2100,2281.8700,2406.6100,2740.1000,2555.1600,10421.3300,2854.0100,5840.4500,2445.5200,8931.9600,1521.2300,4927.8400,819.3500,2463.4700,3201.3800,1595.7500,5228.4300,1494.5900,2714.0900,2445.7800,1790.0900,6691.9400
2023-05-04,3202.8700,3828.1600,2322.1600,4795.1900,3661.0200,7000.1900,22408.6500,1672.4700,2303.5000,9286.3700,2330.9900,2405.9200,2739.4100,2535.8200,10223.6700,2827.2200,5835.9300,2495.6900,8870.5600,1520.0000,4873.2200,866.9700,2419.3500,3282.5800,1633.3300,5252.8000,1489.6400,2721.9800,2436.2500,1811.8600,6661.8500
2023-05-05,3168.8100,3786.2500,2305.2800,4705.4100,3623.0500,6851.6500,22518.3500,1665.7400,2289.9300,9127.0800,2316.5300,2400.0500,2818.1600,2539.5400,10246.3900,2822.0400,5835.5800,2489.4700,8740.0000,1500.9200,4870.9800,848.0700,2373.4500,3321.2800,1648.2800,5188.9800,1467.9600,2711.5700,2407.5700,1801.7600,6591.4300
2023-05-08,3149.7800,3800.5800,2351.6500,4770.4500,3627.4600,6790.9900,22256.1800,1655.1400,2291.2900,9090.2100,2339.3300,2404.6200,2820.2800,2514.7400,10192.3800,2803.1400,5834.0700,2515.7200,8836.2800,1553.0700,4977.4800,846.3700,2419.2800,3459.6600,1683.7400,5226.2800,1478.8400,2809.2800,2482.6500,1808.9000,6522.5300
2023-05-09,3151.2600,3769.6500,2360.6900,4690.3600,3617.1300,6750.7700,22243.3300,1624.1600,2265.9500,8953.8500,2327.3200,2390.5200,2822.3600,2507.0100,10021.3300,2763.0400,5804.5800,2456.7200,8666.9500,1523.6700,4929.3000,822.0700,2368.3900,3424.9900,1682.2900,5146.9900,1451.3900,2808.2400,2437.0300,1801.4400,6386.9800
2023-05-10,3131.3000,3793.7700,2346.3900,4720.9800,3599.0900,6808.3400,22160.1400,1618.5100,2281.1900,8970.8600,2315.9100,2359.3300,2790.0400,2484.8900,10067.7600,2777.2000,5803.4300,2422.2100,8879.0500,1510.4300,4909.6000,815.3700,2345.0800,3320.0000,1639.6400,5334.1400,1455.8000,2782.7200,2379.3300,1809.6800,6475.3100
2023-05-11,3141.2900,3800.3700,2343.6700,4684.1300,3617.3000,6781.2300,22051.9400,1647.9300,2282.4000,8927.3300,2344.6000,2357.9600,2798.3100,2482.5500,10177.0500,2795.8800,5792.3900,2414.2400,8993.7100,1493.9600,4835.8200,835.2200,2324.6500,3309.5000,1637.8000,5342.5300,1452.0800,2790.8300,2360.1000,1829.9900,6508.2700
2023-05-12,3127.0100,3743.9400,2307.9500,4538.9500,3568.4300,6806.3900,21857.7400,1670.6400,2275.9900,8920.8700,2361.6500,2343.4100,2768.7800,2451.9500,10057.7400,2760.7100,5690.3200,2340.5100,8848.9700,1471.0000,4786.2800,797.4000,2298.6000,3280.3700,1613.0900,5268.1300,1431.4300,2753.6100,2328.1600,1817.7100,6458.8300
2023-05-15,3115.2200,3801.0300,2317.5900,4692.7200,3612.7600,6874.1500,22053.1700,1650.0800,2296.0800,9023.6300,2365.9700,2357.5400,2762.0100,2455.6000,10183.1700,2787.1300,5713.3500,2338.5300,9105.6400,1516.9200,4782.7300,782.6200,2315.4800,3314.5600,1656.3800,5342.3900,1452.6900,2792.2000,2339.4200,1826.8800,6505.2600
2023-05-16,3102.0100,3782.2200,2292.7400,4664.3200,3628.3800,6775.5200,21860.0000,1623.9900,2263.8500,9101.6200,2361.4300,2325.4100,2726.5800,2401.6000,9943.0600,2759.4600,5634.6300,2294.9100,9137.1000,1499.9400,4634.9500,748.6300,2273.0900,3309.1600,1638.9500,5288.7200,1448.8900,2795.5900,2331.2700,1825.7100,6498.9600
2023-05-17,3104.0500,3785.1300,2296.5300,4630.8200,3666.7000,6782.4400,21694.5800,1629.9200,2262.6000,9063.8900,2370.1000,2318.8900,2714.1400,2412.2900,9932.5300,2768.2900,5626.8300,2302.9500,9175.2000,1540.6800,4677.0600,750.4700,2282.7000,3283.7000,1621.6900,5276.7200,1472.0200,2775.0000,2332.5400,1838.3600,6428.6100
2023-05-18,3039.3400,3761.2800,2286.9600,4623.8600,3683.4200,6832.0900,21558.9200,1629.5300,2262.9400,9010.5400,2364.3000,2315.9800,2694.4700,2409.2900,9929.2000,2760.4700,5586.9900,2303.0300,9026.7000,1541.4000,4805.4100,771.7100,2387.9000,3311.8800,1619.2700,5257.3600,1491.3500,2783.7200,2342.4400,1827.7600,6377.7000
2023-05-19,3045.1300,3761.7300,2279.4600,4581.5100,3752.9900,6924.8100,21810.8700,1627.8900,2268.0900,9122.2600,2340.1700,2311.3700,2659.1300,2388.2100,9946.6000,2763.9800,5582.5400,2270.4000,8997.0900,1541.5100,4785.1000,752.7600,2370.9500,3263.6200,1595.9200,5233.8000,1488.8900,2763.9600,2314.7500,1814.7000,6451.6600
2023-05-22,3068.9200,3795.4300,2283.9300,4585.8200,3728.7600,7032.7700,22378.6200,1634.2600,2286.2500,9163.1000,2395.1100,2329.7600,2644.7000,2395.9900,10020.4700,2762.9600,5585.2300,2257.0700,9044.6100,1530.2600,4747.5300,741.6700,2343.5800,3272.4000,1596.0800,5309.3400,1498.2000,2742.6300,2319.3800,1831.6200,6627.6100
2023-05-23,3040.1600,3778.3000,2251.2800,4518.2200,3678.4000,6951.4300,22085.9100,1623.1400,2257.9500,9196.2800,2354.6800,2290.6600,2618.5200,2370.2300,9914.3700,2757.6200,5557.9800,2219.1400,8934.5300,1504.8700,4682.9500,726.2400,2299.2400,3215.2400,1563.3000,5274.1400,1483.4500,2722.4400,2286.2300,1810.3000,6546.5600
2023-05-24,3017.8600,3770.9500,2226.1000,4494.4600,3686.9300,6794.7200,21789.2800,1609.6900,2240.4500,9071.1900,2333.8100,2250.0000,2551.4400,2339.1400,9800.7600,2739.9900,5497.9000,2184.0200,8984.2700,1499.0100,4656.9700,732.8400,2309.3300,3145.7700,1531.9100,5242.8100,1487.0000,2685.6600,2262.1700,1803.9200,6434.5200
2023-05-25,2975.7800,3734.6500,2218.9800,4440.6400,3712.1800,6831.6100,21606.5500,1606.8500,2230.5500,9002.7200,2363.9800,2246.4700,2545.9800,2306.7300,9703.6700,2740.1400,5445.2100,2184.6300,9050.7200,1509.3100,4633.6700,715.7800,2346.5200,3133.5100,1532.8300,5201.1300,1490.8100,2652.4000,2250.6300,1807.1100,6413.2400
2023-05-26,2969.2500,3721.9700,2234.4000,4438.3800,3749.6400,6841.0000,21564.4100,1600.8900,2231.0200,9124.5100,2365.4100,2251.8500,2566.4800,2314.2500,9865.0800,2742.9800,5469.9500,2183.7500,8950.6600,1508.2200,4735.9600,730.3700,2379.6800,3161.1100,1536.3800,5243.5200,1489.4700,2592.0100,2240.4000,1818.9700,6379.4700
2023-05-29,2940.7600,3682.6400,2229.7000,4424.2300,3765.7400,6760.6900,21415.8300,1588.3300,2221.9300,9115.8900,2413.6900,2253.3200,2538.4300,2271.7200,9829.5600,2696.9600,5398.9900,2190.6300,8762.5400,1518.0100,4720.2700,742.2400,2412.6500,3170.8300,1525.1700,5167.9300,1479.5700,2582.9000,2275.8200,1810.0200,6326.1900
2023-05-30,2929.5300,3662.8400,2216.2400,4418.3800,3788.5400,6683.3800,21177.1200,1589.1000,2218.9500,9052.1200,2407.7200,2246.8300,2571.2400,2278.0600,9878.5900,2717.8800,5408.8800,2231.2000,8810.2000,1513.0500,4855.7900,772.3700,2477.0000,3154.4300,1527.8800,5222.3300,1488.6900,2573.3600,2275.6200,1821.8400,6277.2200
2023-05-31,2891.4700,3633.3300,2200.2400,4403.0200,3809.2600,6604.6200,20759.7900,1578.5200,2213.1500,8968.4700,2379.5100,2244.5700,2552.1300,2257.1300,9996.0700,2759.7400,5344.2400,2228.7000,8667.7200,1516.2400,4929.1900,782.1900,2497.0200,3133.0900,1512.0400,5195.3200,1478.0200,2495.7400,2248.1800,1798.6500,6256.0700
2023-06-01,2908.7000,3647.7400,2208.4500,4436.2300,3818.8400,6475.4700,20881.2400,1585.7600,2212.9600,8929.4800,2349.7300,2216.8300,2536.8200,2260.7100,10134.5700,2741.1400,5296.6900,2233.2500,8659.0800,1527.0000,5034.1600,802.6700,2522.1000,3120.9300,1518.7400,5194.6700,1480.2000,2486.7500,2270.5600,1782.7400,6278.8500
2023-06-02,2928.2200,3736.0400,2234.0300,4590.3500,3833.6400,6757.6600,21316.9700,1593.2000,2258.7500,8935.3600,2353.1900,2240.0300,2634.4600,2302.6700,10075.5700,2769.4400,5521.8400,2236.5000,8797.1900,1514.0100,5038.8000,800.9900,2528.5900,3161.0300,1538.7700,5280.8900,1480.6400,2518.3900,2297.4100,1793.8800,6290.1400
2023-06-05,2901.5800,3731.5100,2231.4100,4542.4900,3850.0600,6861.6500,21024.5900,1610.2600,2251.9000,8961.8500,2358.6800,2237.9500,2620.6700,2305.3100,10253.9500,2757.1100,5499.3700,2219.2300,8639.1600,1499.6400,5063.1300,821.3200,2559.8500,3182.2200,1528.2400,5299.4700,1478.8000,2530.0000,2297.3800,1802.2000,6269.9100
2023-06-06,2867.4900,3678.4400,2195.2800,4485.3800,3721.7400,6816.0800,20998.1500,1585.2900,2243.4400,8773.4600,2306.5300,2210.4600,2626.7300,2278.3000,10088.2600,2707.2400,5509.6300,2208.1500,8538.0900,1459.2100,4928.1100,804.8100,2509.1300,3177.6800,1516.4900,5221.7200,1450.7600,2543.6100,2271.3500,1763.0200,6237.2500
2023-06-07,2872.1600,3645.8400,2190.4600,4451.3800,3755.0500,6860.3300,20796.5900,1595.4500,2251.4000,8704.7100,2299.3700,2229.5400,2659.5900,2299.4100,10287.8500,2713.2400,5487.6900,2208.5400,8347.6600,1453.5700,4995.8300,816.3900,2531.7200,3202.9900,1522.4300,5158.6000,1451.9200,2528.7100,2261.1000,1762.2200,6174.7900
2023-06-08,2940.2000,3653.5800,2202.8400,4472.2300,3699.6400,6983.5500,20955.2400,1582.5300,2260.2600,8625.3500,2316.7100,2252.7600,2710.7200,2291.0200,10236.3800,2727.5800,5592.3500,2253.9100,8325.7900,1447.2000,4958.6900,797.1900,2514.1300,3262.7700,1539.8600,5136.4800,1445.2000,2525.4600,2285.2700,1764.8500,6131.3200
2023-06-09,2938.9000,3636.3500,2201.7600,4518.6900,3751.4700,6923.1600,20912.8900,1581.4000,2246.9500,8700.5300,2351.1200,2257.5700,2666.9300,2288.6400,10248.0600,2742.8400,5548.1900,2248.8100,8415.2600,1458.1700,5020.9600,823.5700,2603.0900,3244.9700,1533.7100,5234.2000,1449.8400,2523.7600,2285.3600,1765.8900,6045.6300
2023-06-12,2950.4000,3664.7100,2196.1400,4505.7700,3796.1100,7120.5800,21434.5300,1600.7700,2293.3900,8658.2100,2314.1900,2255.5200,2664.0800,2309.7200,10328.3700,2749.1200,5602.6500,2225.6600,8456.6000,1450.6600,5041.2000,821.5100,2616.9300,3205.3200,1524.4100,5393.3400,1470.9900,2538.1000,2276.2000,1758.1700,6160.0800
2023-06-13,2943.8000,3661.5000,2196.6300,4503.8000,3863.0800,7084.4000,21490.1500,1597.3300,2293.3600,8610.9100,2304.1400,2250.0800,2668.8800,2316.5000,10370.2900,2765.5000,5581.7100,2208.9300,8460.3800,1454.6300,5205.2900,842.4200,2632.8600,3212.8300,1531.6900,5438.9100,1478.4100,2512.8100,2256.0700,1755.8300,6131.9600
2023-06-14,2943.4300,3671.7100,2191.4200,4514.0900,3862.9300,7125.8600,21903.1700,1603.3500,2295.3200,8626.7900,2279.9900,2253.2400,2646.4900,2346.2600,10445.8200,2774.8500,5586.2700,2198.5400,8374.3400,1455.0600,5233.4200,852.3200,2679.2700,3163.5000,1520.0500,5454.5800,1488.6200,2514.2500,2273.0100,1756.1200,6282.9600
2023-06-15,2949.9400,3720.0300,2201.1100,4554.8900,3846.4000,7267.6700,22247.6000,1597.8400,2299.0900,8739.5600,2300.3300,2250.9300,2672.4300,2381.0600,10534.2700,2773.2600,5659.0800,2204.9300,8820.5000,1464.5100,5168.4000,847.7200,2698.1200,3182.1500,1535.3500,5547.9700,1524.0500,2531.9500,2270.0000,1763.0900,6358.2300
2023-06-16,2989.3300,3719.3200,2215.6600,4585.2400,3901.0000,7291.3700,22478.3300,1595.7000,2301.8400,8753.0400,2290.3600,2267.7900,2672.9600,2374.4100,10540.3900,2774.8300,5695.9000,2256.0900,8915.9000,1492.0000,5325.4700,860.8800,2785.2900,3173.1400,1543.1200,5542.7800,1544.1900,2530.3800,2277.8500,1765.0100,6342.5800
2023-06-19,2976.4400,3696.5000,2185.2600,4508.2600,3957.6500,7174.5000,21960.6700,1581.8600,2275.5000,8700.0900,2298.8200,2246.0500,2624.8900,2324.1200,10466.5700,2765.0100,5592.7700,2211.7000,8857.8200,1507.0600,5477.4900,868.5800,2869.3000,3113.5200,1522.0300,5569.4800,1551.7100,2515.6300,2258.2600,1752.8800,6218.5500
2023-06-20,2963.5500,3671.1800,2167.3500,4484.1000,3960.4200,7275.2800,21759.0800,1569.8700,2257.4100,8645.9800,2286.8800,2213.8000,2576.2300,2294.3400,10317.2200,2727.8000,5419.0700,2178.6600,8864.5600,1553.0400,5556.7000,873.6400,2899.7000,3095.7700,1510.6900,5593.4100,1564.4700,2494.0600,2223.3400,1747.3800,6200.0600
2023-06-21,2930.7500,3631.8200,2149.8000,4406.1900,3839.6000,7252.6000,21549.3500,1550.9000,2229.9000,8476.0700,2291.9900,2200.9300,2547.7900,2253.5300,10086.5700,2702.4200,5353.4500,2162.9900,8746.0400,1533.4100,5318.5100,809.4100,2792.5600,3087.9600,1486.0500,5584.0200,1543.8800,2459.0300,2205.6400,1741.1300,6085.5400
2023-06-26,2907.0700,3603.4900,2129.0000,4364.0000,3764.3900,7179.7100,21110.9100,1531.4900,2194.5700,8398.1000,2341.2100,2163.6800,2503.2600,2188.7200,9846.6400,2652.1400,5283.8800,2108.1400,8744.3200,1509.7300,5014.7600,763.7300,2696.9900,3037.7200,1455.2300,5540.3800,1521.7900,2438.2500,2187.2400,1734.9400,6018.7900
2023-06-27,2936.7800,3674.3800,2172.1700,4437.4200,3797.1600,7344.7700,21186.9600,1584.7300,2272.7000,8473.9500,2342.0100,2201.0300,2601.2300,2215.3300,10088.0500,2698.3900,5468.9000,2178.7300,8800.1900,1533.7700,5042.2300,773.5600,2736.4600,3067.2800,1470.4400,5565.8200,1544.2200,2481.0300,2243.9100,1762.4500,6134.8500
2023-06-28,2931.0900,3671.8500,2175.6300,4417.4000,3743.3100,7370.3300,21300.7900,1583.0400,2264.0400,8453.2000,2379.7600,2200.4000,2588.2700,2198.8500,9954.3300,2675.2900,5443.3800,2173.3400,8862.1300,1539.8400,4891.0700,762.2200,2659.6500,3066.9500,1472.0900,5593.7700,1547.0600,2538.5300,2246.6400,1767.9200,6134.5900
2023-06-29,2948.7300,3658.7200,2166.4100,4398.6700,3794.6100,7356.2700,21022.1900,1593.7000,2254.3000,8490.0700,2355.8000,2167.2600,2551.4200,2176.7800,9891.2100,2697.0900,5381.5000,2182.9100,8867.3000,1551.7700,4924.8500,775.4500,2728.2500,3046.5200,1464.9900,5611.0300,1571.6600,2505.6700,2216.0100,1772.1900,6110.1900
2023-06-30,2977.7500,3726.0600,2188.1400,4443.8100,3870.1200,7347.5800,20873.2900,1625.7400,2283.6800,8565.2500,2347.0200,2178.9500,2567.0300,2194.9100,9955.1600,2726.4500,5397.9800,2185.2400,9021.4200,1577.5000,4941.4400,770.6200,2769.5600,3068.6300,1480.4600,5657.4400,1586.7500,2537.0900,2242.5600,1790.7800,6177.9800
2023-07-03,2989.5600,3746.2600,2221.6700,4525.3900,3882.8600,7384.4700,21363.5400,1629.2400,2303.6200,8562.3600,2368.5200,2230.4200,2588.4500,2234.9200,10181.8200,2756.0400,5468.4800,2219.7300,9077.1100,1587.1500,4935.3800,741.7900,2768.2400,3121.6000,1516.7000,5744.9800,1582.9300,2584.9600,2289.3300,1797.2600,6260.1700
2023-07-04,2991.5500,3744.8300,2226.1200,4524.5300,3951.2000,7363.1300,21419.7200,1633.4700,2302.5100,8576.1300,2349.3400,2230.1300,2556.6400,2234.3900,10186.2500,2757.0300,5439.5400,2210.7100,9048.9900,1590.0300,4993.6800,744.3100,2776.2900,3092.8300,1513.9500,5898.1700,1594.4800,2585.1000,2293.5700,1791.1800,6261.9600
2023-07-05,2946.6000,3739.0800,2252.5500,4615.2300,3918.0000,7333.8600,21107.7100,1623.8500,2283.5900,8529.0900,2345.8200,2221.6600,2557.5800,2216.7400,10049.6600,2736.0500,5371.0900,2211.0300,8948.1000,1567.3500,4904.5200,735.3600,2715.8900,3076.0700,1501.2400,5826.4300,1590.4700,2560.7300,2295.0200,1796.2000,6175.1200
2023-07-06,2962.9300,3723.5700,2223.3800,4537.6100,3948.2100,7279.6000,20946.8500,1614.3300,2282.7100,8399.2000,2341.7300,2206.4000,2580.5000,2203.6100,10003.0600,2736.6900,5332.5000,2197.4100,8876.4900,1557.5600,4920.8500,736.8300,2728.8100,3043.1800,1497.9600,5854.5700,1583.5400,2556.9000,2286.4500,1787.3100,6134.6500
2023-07-07,3005.3000,3704.7800,2224.1200,4522.8900,3896.8300,7219.5000,20847.9500,1619.2500,2278.4200,8388.7800,2358.1900,2222.8900,2574.4300,2201.9200,9967.0800,2731.2000,5290.4600,2195.3800,8750.1600,1539.2800,4827.5100,730.4600,2702.5900,3042.4400,1505.4200,5809.5200,1570.8300,2572.3500,2291.5300,1789.8800,6097.0200
2023-07-10,3008.3800,3745.5900,2223.8400,4545.6200,3876.7600,7155.5000,20954.8900,1621.3400,2275.3200,8420.0300,2375.8300,2233.3100,2568.6200,2251.2900,10064.5400,2732.3000,5331.3100,2212.2200,8949.6000,1547.0500,4811.2600,741.7100,2670.3000,3043.0500,1500.9400,5767.6600,1562.7300,2576.9100,2284.5200,1798.4700,6081.3400
2023-07-11,3007.3800,3775.7900,2233.5300,4579.5600,3962.4200,7215.2300,20996.6600,1631.8300,2280.4500,8474.3400,2363.1300,2234.1000,2567.4900,2250.2600,10058.9000,2744.9600,5368.5500,2213.0700,8953.4800,1564.1800,4855.7700,735.5400,2703.2000,3063.5200,1510.3400,5951.3400,1583.6700,2554.7400,2291.0800,1808.4700,6096.3900
2023-07-12,3009.1500,3785.6700,2217.7200,4567.2500,3880.6600,7202.6600,20990.7500,1619.1300,2244.2000,8390.1600,2365.6200,2202.9000,2517.5700,2231.2400,10030.1700,2717.9000,5288.6000,2171.2500,8982.2000,1531.9800,4710.7800,717.3300,2598.5000,3060.8400,1500.2800,5906.2700,1561.6200,2514.4300,2308.1900,1793.9000,6044.6600
2023-07-13,3022.1300,3811.8200,2232.9500,4653.4900,3991.4100,7246.9700,21528.3700,1626.2700,2260.7900,8505.7300,2373.4200,2214.9700,2536.7200,2261.5300,10126.0400,2725.2300,5334.0500,2203.4300,9049.6100,1538.9800,4768.2300,740.4800,2672.9300,3072.3000,1532.6400,5860.2200,1570.9500,2525.7000,2350.3800,1804.6400,6203.5700
2023-07-14,3012.6000,3811.0100,2227.0300,4628.6800,4027.8800,7188.0700,21477.7600,1624.7800,2255.0000,8464.3200,2350.9200,2212.6100,2529.4600,2251.3900,10021.1400,2708.7800,5328.8900,2206.8200,8908.2200,1538.0200,4867.2400,751.0300,2758.1200,3071.5500,1530.9700,5788.7000,1579.7400,2537.4200,2354.6100,1799.7700,6144.6000
2023-07-17,3038.4500,3793.5800,2205.9000,4568.5900,4010.9600,7160.3200,21205.9700,1618.9000,2260.1500,8421.3400,2346.0500,2208.3400,2521.4100,2238.5400,9955.7100,2687.7900,5302.9800,2203.0300,8863.8300,1535.8700,4867.2900,736.2700,2777.1400,3031.9100,1518.6000,5765.5300,1580.3100,2468.1100,2336.7500,1813.9100,6044.5900
2023-07-18,3046.3900,3826.9400,2207.9700,4581.5000,4009.4900,7168.5200,21099.5500,1613.4600,2273.2500,8394.3900,2332.9300,2222.0500,2537.1300,2246.8700,9876.8000,2692.7800,5329.6400,2193.4400,8822.0200,1541.3500,4786.9200,724.2400,2719.4300,3009.6500,1516.4100,5844.2800,1580.3200,2465.6800,2328.2300,1811.2000,6051.5800
2023-07-19,3053.3400,3816.9700,2212.7800,4594.2800,3970.1000,7252.1100,21059.5000,1628.9300,2300.9800,8364.1500,2328.6100,2225.9500,2573.1800,2261.6400,9892.1500,2695.5600,5418.3200,2205.4100,8703.7700,1526.5500,4785.8300,732.9400,2701.2800,3018.5800,1523.9800,5818.6400,1570.4300,2470.0400,2341.1100,1814.4700,6044.5500
2023-07-20,3038.4800,3821.1800,2205.9000,4596.5500,3868.3000,7182.1200,21072.1900,1628.6300,2283.3200,8322.5800,2306.0700,2210.7300,2578.1300,2286.5600,9939.8400,2667.2400,5457.0700,2182.1100,8654.0700,1498.9800,4650.5500,716.8100,2594.6100,3023.7600,1510.6600,5716.0800,1551.8700,2472.4800,2311.2400,1793.6400,6048.2100
2023-07-21,3078.7300,3820.2900,2208.4000,4555.6100,3844.1600,7127.0300,21513.4100,1635.3800,2290.2700,8396.0900,2290.0400,2213.3900,2619.5500,2285.0700,9949.2700,2672.9600,5465.5300,2181.8300,8574.0000,1492.7100,4612.1100,714.7000,2586.4600,3021.9600,1508.6400,5664.6600,1535.1000,2452.5000,2301.8700,1794.1600,6149.4800
2023-07-24,3034.4400,3778.5200,2199.9300,4485.9000,3842.8800,7080.8900,21364.4600,1629.1300,2291.5000,8459.0600,2293.7200,2214.1600,2603.7400,2265.9400,9919.3400,2671.5100,5383.1600,2195.0800,8494.4900,1503.6900,4649.5600,714.6700,2611.5400,3008.8500,1503.4200,5637.5700,1533.3800,2431.2000,2290.5700,1792.1500,6091.7200
2023-07-25,3024.5000,3834.4800,2259.4400,4619.9900,3898.6900,7361.8000,22167.1900,1634.0100,2358.8700,8506.2000,2284.5200,2249.7400,2762.9400,2318.0200,10092.5200,2729.3100,5654.8500,2255.1400,8655.5300,1517.0500,4749.7900,725.0200,2632.8800,3094.1600,1586.6600,5823.4500,1560.9300,2477.7900,2332.1600,1810.5300,6208.4900
2023-07-26,3039.3700,3856.5900,2297.7300,4627.0800,3847.5300,7301.2900,22158.4000,1638.6100,2362.4800,8561.2500,2281.2200,2245.5500,2811.6600,2319.8400,10062.6600,2745.9900,5709.0400,2263.9800,8647.8000,1502.3800,4649.8800,705.1100,2576.1400,3090.4200,1586.6700,5707.4900,1542.4600,2487.8200,2311.5100,1835.4600,6249.6700
2023-07-27,3044.9700,3820.5400,2332.0300,4583.9500,3790.5700,7251.9600,22286.6200,1631.2100,2336.3600,8544.8300,2267.2200,2246.1600,2791.4000,2312.7700,10026.8300,2739.1400,5681.5600,2241.3600,8611.9700,1503.5500,4606.0700,696.3100,2546.2600,3116.1000,1579.4300,5750.8400,1531.5600,2474.2800,2310.1100,1824.3300,6274.7900
2023-07-28,3066.4100,3849.0500,2368.9200,4615.8400,3810.1700,7375.3400,22805.3100,1663.2400,2379.9300,8627.6900,2280.2100,2280.5700,2875.7600,2361.4100,10075.7800,2779.8400,5833.2500,2266.9400,8678.7100,1497.4300,4694.8000,692.7200,2568.7500,3211.6600,1681.2800,5865.9900,1543.3500,2497.2600,2329.8700,1823.8600,6431.4800
2023-07-31,3144.5400,3871.8800,2376.6200,4676.0400,3838.2600,7399.9100,22802.5500,1689.2600,2411.5700,8487.3600,2297.1400,2300.0700,2930.4000,2419.1300,10246.3100,2831.5100,5946.5600,2317.6900,8800.3900,1509.0500,4733.3300,712.2600,2557.5000,3238.9900,1693.8400,5982.0100,1559.1600,2488.4200,2339.9200,1843.0600,6404.5300
2023-08-01,3106.5700,3859.9400,2424.1200,4709.4800,3862.6000,7330.2700,22675.2200,1682.9200,2392.2800,8438.1200,2327.5300,2304.1300,2913.0500,2397.5000,10164.4100,2843.2800,5884.2300,2312.8300,8729.8900,1508.3400,4739.4300,709.8100,2591.8500,3219.2100,1680.3600,5932.0500,1550.6000,2506.0800,2363.9000,1841.9700,6309.5700
2023-08-02,3060.3100,3840.0200,2405.7200,4679.5900,3865.3700,7336.2600,22565.2100,1674.0200,2395.8100,8321.4600,2309.5100,2279.5200,2938.1300,2401.6300,10065.2500,2841.4100,5905.1800,2295.5700,8710.3400,1496.9600,4751.7700,705.4500,2590.5400,3157.1700,1685.9700,5951.9300,1558.7600,2465.8000,2315.4400,1834.8800,6224.8000
2023-08-03,3083.0300,3836.4200,2405.7600,4644.8200,3859.2000,7315.5200,22692.1000,1663.7200,2398.2800,8462.1400,2318.0300,2281.8800,2990.1800,2405.5100,10062.8500,2838.1400,5919.2800,2301.5000,8805.3500,1492.1600,4749.6600,701.7000,2564.9000,3198.8200,1736.4700,5898.5500,1554.2800,2465.1800,2312.1600,1832.9600,6257.5600
2023-08-04,3065.8100,3821.4700,2388.7600,4667.5300,3869.8200,7327.9400,22734.7700,1641.8200,2385.8000,8390.0700,2306.7900,2268.0000,2967.6600,2406.0100,10100.2700,2829.0500,5893.6600,2300.7200,8886.9800,1492.4100,4886.7900,717.0300,2654.5000,3209.6500,1749.7700,5919.4500,1555.8500,2453.4700,2312.7400,1827.6900,6320.7800
2023-08-07,3089.8600,3794.7300,2355.7000,4675.3200,3871.5800,7296.9600,22517.8700,1629.6400,2362.2200,8151.7300,2315.1800,2249.2000,2866.7600,2384.4900,10104.1800,2805.1200,5804.2600,2267.7400,8850.8900,1488.8100,4900.2100,730.3400,2616.3900,3179.7400,1742.8000,5910.9000,1550.7600,2441.2800,2312.8300,1816.4200,6215.0900
2023-08-08,3077.1200,3813.3700,2334.9700,4691.7700,3845.5200,7245.8500,22549.9100,1634.6800,2351.8400,8227.0200,2311.7800,2244.7100,2825.2300,2364.9200,10122.8200,2785.9500,5769.2200,2267.8900,8797.4600,1471.5500,4845.0500,730.1600,2596.0700,3165.3700,1731.5000,5870.2800,1539.1500,2456.7900,2323.3800,1808.5600,6193.2700
2023-08-09,3044.0300,3798.9400,2329.8000,4647.0200,3781.9800,7198.1300,22552.6900,1616.5100,2329.1000,8337.1800,2288.8700,2234.5900,2832.7100,2350.1800,9969.4700,2753.1100,5756.5600,2261.9800,8755.2100,1464.9200,4802.1400,706.6600,2531.3200,3172.1400,1724.8400,5818.1400,1516.4000,2438.6200,2308.5700,1799.7200,6173.0300
2023-08-10,3064.6400,3811.2900,2332.1900,4636.1400,3783.0200,7133.0300,22454.2200,1620.5300,2336.2900,8325.0100,2301.8500,2279.2900,2842.7300,2347.1400,10013.5000,2759.7200,5738.9800,2255.4100,8800.8400,1466.6000,4805.1400,707.9700,2524.8600,3168.9300,1747.3800,5780.3000,1519.3100,2490.9300,2351.5000,1805.1300,6171.1100
2023-08-11,2987.3400,3746.7700,2289.9700,4536.8600,3696.6900,6976.7200,21973.3100,1598.6000,2296.8300,8265.9700,2255.6200,2236.9900,2831.5000,2304.0500,9875.2000,2721.3500,5606.4200,2204.4500,8604.2800,1447.6100,4676.6100,696.5300,2488.2200,3108.0200,1675.8200,5680.9500,1486.1500,2435.4500,2299.8400,1771.6300,6081.8700
2023-08-14,2965.0500,3738.7600,2296.2400,4501.5200,3686.9900,6979.2400,21678.0000,1609.6200,2312.3000,8302.7600,2265.7700,2234.5000,2796.5900,2307.7600,10012.0600,2722.8400,5628.8500,2231.4800,8511.2000,1456.8500,4761.8400,716.2200,2528.8200,3066.8800,1655.9200,5589.1200,1489.5000,2424.8900,2298.9400,1772.0900,6092.5200
2023-08-15,2952.6400,3717.5900,2288.6700,4460.0200,3634.2100,6949.6700,21637.1200,1626.3000,2318.6000,8305.7700,2274.8400,2229.6300,2785.7700,2299.8200,9815.4800,2719.5600,5617.1900,2220.8400,8375.6300,1443.1400,4702.0500,698.6400,2505.9100,3099.8300,1678.2100,5546.1800,1479.0600,2426.0900,2302.5600,1767.2200,6064.1600
2023-08-16,2937.3800,3685.0400,2288.2400,4415.5000,3568.4300,6927.3700,21642.5300,1623.4400,2319.0500,8268.9300,2258.4900,2215.7700,2838.1200,2280.8000,9698.5300,2705.5800,5646.3800,2209.3400,8295.5600,1420.7700,4576.8900,684.1500,2449.2600,3094.0100,1678.2400,5470.5400,1461.2800,2414.5100,2268.3100,1759.7200,6045.4200
2023-08-17,2957.9400,3699.4700,2296.4000,4443.6800,3593.9800,7002.7500,21895.1100,1636.3400,2342.3100,8278.3200,2265.2000,2229.1400,2831.0200,2313.4500,9774.2400,2722.2800,5650.3200,2224.1300,8355.0600,1469.2700,4606.3000,692.0000,2477.2400,3068.8900,1672.1300,5576.2000,1496.8800,2410.7000,2273.7700,1779.1000,6108.9600
2023-08-18,2904.3700,3657.5700,2278.8100,4352.8100,3520.4400,6873.3500,21477.6600,1609.7500,2309.3200,8063.9200,2253.0100,2221.4300,2776.9900,2249.1500,9588.9500,2683.1100,5607.5600,2186.2200,8280.5100,1454.4800,4477.4100,668.2500,2397.7300,3082.9200,1651.9100,5490.1000,1475.6700,2395.8100,2257.8100,1794.0900,6031.1000
2023-08-21,2861.3800,3622.4600,2254.2300,4312.2000,3485.7400,6797.5600,21361.5300,1608.4400,2294.4800,7994.2400,2235.2000,2169.3700,2722.0800,2242.9400,9525.6900,2667.1100,5580.7700,2188.4800,8116.5500,1432.8700,4479.9800,665.4200,2414.1000,3033.6300,1602.0500,5416.2900,1457.5200,2365.2300,2233.2000,1821.0000,5952.3600
2023-08-22,2858.3100,3616.7100,2257.8200,4356.7300,3542.6700,6821.9900,21317.6200,1596.8200,2286.7900,7932.8400,2231.4000,2164.1700,2736.6000,2236.9400,9559.9500,2650.9400,5605.9700,2211.7100,8044.8300,1456.2000,4622.1000,685.4600,2507.4800,3066.8500,1623.9900,5451.0400,1466.3800,2389.9700,2262.8200,1795.5000,5811.7000
2023-08-23,2843.5700,3561.7300,2229.7500,4258.6500,3452.2400,6732.1100,21033.1900,1571.7600,2232.0200,7803.0100,2202.8000,2139.1500,2686.3200,2195.5300,9482.3500,2616.5500,5495.8700,2159.3700,7839.5500,1417.5800,4492.2600,675.1200,2437.5800,3058.3300,1591.3700,5360.3800,1441.3600,2426.4500,2252.2300,1809.8400,5716.0000
2023-08-24,2897.8800,3583.4300,2206.3900,4327.0600,3487.4200,6848.2100,21497.6700,1576.8900,2226.6800,7917.4500,2179.6900,2127.7500,2659.9000,2203.6300,9528.2000,2603.1800,5446.4700,2069.8400,7915.1700,1418.8500,4473.4000,689.8200,2431.2200,3045.1800,1603.5600,5402.7400,1429.3900,2401.9900,2245.6200,1796.0600,5832.2300
2023-08-25,2903.4000,3558.0500,2214.2800,4257.8200,3389.8100,6794.5900,21412.0900,1555.1900,2201.9300,7852.9600,2191.8300,2113.9200,2681.9200,2150.0500,9355.6200,2566.9300,5449.6300,2064.8300,7833.5100,1395.1300,4289.5100,665.7300,2329.0700,3070.9300,1610.9700,5309.9900,1402.0800,2386.6800,2246.5600,1809.3300,5777.3700
2023-08-28,2907.5500,3587.6000,2254.5400,4272.3400,3419.6500,6881.9900,21342.4800,1569.7800,2236.7900,7907.0600,2194.6900,2134.1400,2799.3100,2176.2500,9411.5900,2624.5500,5577.1400,2101.1400,7907.8800,1404.9500,4314.3400,676.8200,2363.2500,3118.8700,1648.8600,5352.8900,1415.1200,2459.9700,2278.6600,1834.8900,5818.9900
2023-08-29,2931.3100,3648.9900,2254.5000,4335.2800,3546.5800,6964.1800,21608.5600,1597.9700,2287.1500,8084.4200,2202.5700,2158.4300,2876.6800,2224.9900,9635.2700,2674.1900,5640.8800,2130.0100,8142.7600,1447.9400,4481.9400,701.8400,2432.9100,3076.9100,1644.4100,5571.2600,1462.4400,2463.3000,2277.1800,1843.0900,5965.0100
2023-08-30,2902.5800,3651.4900,2233.9700,4354.3000,3624.3600,7030.6800,21591.5000,1607.6700,2310.8400,8083.6000,2189.7700,2137.0100,2867.0100,2211.5800,9616.7500,2655.5800,5651.3300,2092.7800,8139.3200,1462.1500,4585.9700,715.5400,2461.7600,3040.1100,1610.2300,5595.0700,1475.1300,2445.4600,2272.9700,1799.5400,6059.0700
2023-08-31,2887.3900,3634.3700,2217.2100,4310.8800,3647.2700,7023.5200,21468.3100,1599.4800,2285.6700,8083.6300,2193.8300,2117.7700,2727.3100,2175.0600,9499.0400,2612.8600,5563.0200,2081.9000,8067.4900,1450.1800,4557.1300,704.3000,2457.2300,3030.1800,1592.5600,5549.3200,1471.9500,2436.4100,2261.7000,1771.9100,6087.8000
2023-09-01,2908.4400,3666.2100,2267.6000,4400.4800,3629.0800,7162.0600,21736.5400,1614.3200,2324.5900,8036.4100,2186.2100,2134.5500,2739.3200,2207.2600,9532.5900,2625.3200,5664.8300,2103.6100,8062.8500,1445.4600,4510.7800,697.3700,2429.1100,3060.5900,1609.2900,5598.6500,1480.4700,2534.9400,2285.2000,1755.1000,6110.4800
2023-09-04,2928.2400,3745.1100,2341.1200,4537.5000,3687.4900,7225.1200,22192.4500,1635.2500,2381.9700,8081.5000,2199.2600,2165.3300,2749.8800,2262.9600,9694.6500,2664.6700,5818.8700,2134.7400,8130.8100,1462.9000,4585.2700,700.0000,2466.4000,3122.1600,1632.6200,5678.1900,1509.7100,2614.2500,2354.5700,1780.4600,6215.8500
2023-09-05,2906.4100,3732.0700,2320.6300,4518.9900,3690.1800,7196.5200,22004.9500,1623.1100,2360.3000,8051.8100,2214.7300,2150.5400,2686.0200,2232.7600,9642.1000,2647.0200,5756.5300,2105.3000,8148.7300,1460.3700,4524.3300,686.5600,2431.2200,3086.1900,1608.6700,5625.9500,1506.9700,2628.0900,2349.1600,1774.1700,6179.6500
2023-09-06,2891.1600,3749.6900,2295.5500,4506.5300,3751.9000,7151.2100,21992.9400,1619.6100,2350.3700,7963.3200,2201.2200,2125.4500,2748.7800,2219.4000,9584.5800,2653.1500,5717.2600,2100.5800,8103.9100,1491.0100,4535.1000,676.1500,2449.1800,3095.9400,1611.5500,5655.4300,1513.2000,2633.6400,2358.9600,1765.1700,6143.1800
2023-09-07,2857.5100,3693.1600,2261.1000,4432.6600,3650.5200,7070.8900,21697.3300,1607.4700,2317.4900,7837.0500,2176.5700,2104.3700,2727.0300,2189.0500,9580.8500,2614.4100,5658.8200,2075.0900,7882.6600,1468.3600,4473.2200,667.7500,2403.8100,3085.7900,1599.3500,5554.2900,1485.4600,2634.0500,2352.9500,1733.2400,6018.2700
2023-09-11,2873.2700,3713.0300,2249.6400,4458.2000,3687.7200,7068.2700,21690.8600,1626.6000,2297.1300,8058.1200,2204.9800,2121.3100,2692.4600,2211.3200,9646.0600,2656.3600,5597.8600,2078.2800,7850.6500,1492.1800,4534.5300,665.4400,2466.9300,3083.4300,1621.5700,5663.0700,1498.9100,2610.6500,2344.5800,1748.6500,6051.5300
2023-09-12,2911.0500,3719.9500,2248.8100,4443.4900,3683.3400,7142.7000,21641.4700,1617.3000,2294.0400,8088.4700,2214.2600,2119.9700,2681.0500,2199.7700,9579.0000,2641.5100,5554.4800,2077.3300,7830.4100,1484.6600,4518.2500,655.2500,2477.6100,3077.9300,1604.1600,5721.7400,1499.1800,2602.0800,2344.8800,1755.0900,6011.6900
2023-09-13,2887.3800,3694.4300,2258.8000,4422.6700,3618.6300,7088.4400,21643.1300,1607.9200,2279.5000,8012.0400,2217.1300,2116.5100,2680.4300,2182.4200,9482.1900,2629.1600,5527.8800,2075.4800,7731.3700,1462.7200,4389.4000,646.3600,2430.8700,3078.4400,1588.4500,5622.0500,1479.8000,2630.4700,2359.4200,1762.5100,5953.5000
2023-09-14,2862.8200,3678.8200,2278.1000,4442.7300,3579.7300,7041.1800,21546.7800,1608.4800,2259.4100,8034.4600,2238.0000,2120.0200,2657.0100,2152.6300,9382.8500,2606.3100,5506.8700,2068.2800,7644.3000,1457.6800,4350.3500,640.1900,2443.5700,3107.6100,1590.1500,5532.6600,1468.5400,2720.1400,2376.3800,1744.0900,5902.5300
2023-09-15,2863.0400,3663.1000,2285.4000,4452.6600,3588.5500,6991.1800,21261.2400,1630.3900,2277.9500,8186.0300,2213.8600,2119.6300,2664.6600,2171.5100,9431.8300,2623.2000,5512.1500,2055.3900,7562.7700,1454.7100,4301.1600,637.8300,2399.5400,3093.1200,1583.7600,5527.5900,1463.3200,2704.4800,2354.2400,1738.8300,5936.6500
2023-09-18,2871.4600,3673.2300,2278.5000,4461.3700,3573.6400,7031.2200,21586.1300,1644.4000,2295.4100,8281.0100,2208.6900,2119.6300,2637.8400,2222.0900,9577.9600,2643.3500,5495.8600,2059.0200,7652.3900,1445.4200,4300.9000,641.5200,2372.4500,3097.2100,1586.4800,5666.4300,1472.1700,2725.1200,2340.9900,1741.3700,5991.5300
2023-09-19,2873.4200,3648.7700,2297.1300,4436.0700,3539.1600,7013.6100,21482.4500,1626.6200,2277.9900,8262.4600,2209.8900,2127.5800,2630.1400,2193.2900,9365.9500,2628.7000,5529.2000,2057.6000,7563.1600,1423.1300,4221.0900,630.4500,2351.6800,3114.2100,1586.3400,5637.5300,1460.4100,2732.7700,2366.1600,1734.6500,5858.8500
2023-09-20,2891.4100,3624.6300,2294.2900,4399.0300,3504.8600,7054.5700,21395.0700,1625.0700,2268.0400,8230.3100,2192.8000,2111.5000,2630.0000,2172.4700,9155.5200,2608.7300,5540.8600,2046.6900,7473.3800,1410.4700,4205.3800,625.3200,2349.7200,3125.0500,1579.2500,5577.4400,1450.8400,2719.4600,2352.6100,1721.3700,5821.5500
2023-09-21,2840.4600,3594.3000,2273.3900,4354.7600,3503.2600,7003.8900,21047.4400,1601.4400,2261.7100,8135.0800,2175.9100,2108.0200,2626.9400,2133.3900,9042.6100,2593.0200,5501.6000,2023.3400,7395.6500,1413.1300,4204.5200,619.5900,2363.5800,3106.3400,1567.0100,5495.9200,1442.0300,2699.7700,2333.0200,1704.2900,5736.3600
2023-09-22,2867.2100,3636.1000,2269.4200,4366.4700,3600.6800,7094.7000,21514.6700,1614.4000,2272.4800,8214.7100,2184.4300,2119.7600,2651.1000,2175.2900,9166.1000,2625.5900,5548.6000,2063.9100,7541.7900,1432.3600,4353.5900,647.3400,2470.7400,3139.2300,1614.4600,5577.7100,1471.9500,2685.0100,2347.3400,1719.5500,5745.6100
2023-09-25,2867.1100,3614.7100,2254.4100,4325.8100,3568.3300,7072.0100,21355.8100,1606.5300,2255.0500,8329.7200,2176.5000,2111.7700,2592.6000,2160.2600,9047.0800,2599.1000,5490.9600,2033.6600,7510.1400,1415.5300,4303.7300,642.4100,2448.6300,3138.7800,1577.9500,5594.8400,1471.6100,2686.9100,2330.2700,1711.7800,5759.0200
2023-09-26,2852.9300,3577.0300,2235.4200,4284.3600,3535.7300,7032.6200,21163.5200,1599.4500,2242.2100,8278.7800,2171.9700,2099.4900,2580.1200,2155.6800,9047.9200,2577.8000,5440.1800,2025.3500,7441.0000,1400.9000,4343.2200,650.8900,2440.0000,3125.8100,1574.3100,5533.5400,1480.2000,2664.0400,2321.5400,1714.4600,5711.4800
2023-09-27,2851.3200,3587.4500,2224.7000,4277.8400,3530.4600,7045.1700,21179.5200,1598.4700,2251.5400,8464.6300,2169.6800,2098.3600,2568.9700,2173.0000,9061.7600,2592.3000,5452.7500,2051.9900,7587.8600,1404.5300,4332.5500,652.3700,2440.2800,3107.7700,1575.0300,5512.8500,1485.6400,2642.0900,2334.2100,1721.2300,5766.9800
2023-09-28,2813.6900,3599.1300,2234.9100,4271.2500,3598.5500,7033.9300,20987.5100,1616.0300,2265.9700,8430.9800,2175.9400,2099.9100,2577.6600,2171.6600,9146.8200,2626.7200,5456.0500,2062.9000,7607.0600,1429.2000,4362.9000,650.5600,2474.5500,3114.7900,1563.7200,5575.2800,1488.3200,2670.5300,2340.5300,1731.3600,5688.4600
2023-10-09,2764.3100,3580.8900,2224.5000,4265.7600,3635.5100,7043.5200,20835.8600,1587.0400,2230.5300,8438.2200,2186.8200,2082.0800,2517.8300,2115.8200,8823.5500,2590.4700,5372.5400,2044.4400,7539.2800,1438.1200,4389.5900,639.5900,2487.8400,3095.9600,1550.6200,5694.6000,1480.9600,2695.2100,2327.0300,1717.1000,5650.8700
2023-10-10,2781.5000,3568.3600,2210.5400,4278.7500,3669.4600,6921.3500,20740.6200,1578.1400,2216.2500,8290.9800,2177.4000,2060.9800,2506.9000,2116.3800,8789.6000,2594.3800,5265.3300,1975.3400,7476.1600,1438.5800,4421.5400,640.9400,2491.9100,3086.2700,1542.1100,5696.5100,1464.7500,2651.9700,2302.4100,1705.8400,5603.6400
2023-10-11,2763.5700,3563.6400,2192.5600,4244.1000,3730.5300,6917.1300,20823.8600,1569.7800,2214.7000,8470.3300,2166.4700,2047.1900,2502.8700,2106.0100,8794.6400,2574.0100,5264.5200,1977.8800,7464.8800,1426.1100,4468.9400,647.4600,2502.9800,3082.7700,1540.6900,5655.2500,1466.9700,2623.0900,2269.1400,1701.1400,5634.7800
2023-10-12,2781.1500,3601.3200,2233.9600,4354.2500,3752.6500,6975.7100,20872.2300,1576.8000,2226.3300,8535.7500,2183.0000,2069.7300,2513.7100,2120.4200,8869.8900,2602.1600,5331.5000,2000.0500,7600.0000,1420.8100,4450.7100,638.7800,2498.2200,3124.8000,1563.3900,5770.8100,1467.5700,2622.3700,2271.5600,1708.2100,5617.1400
2023-10-13,2752.1800,3567.3700,2215.1100,4291.1700,3774.7400,6922.7400,20497.9400,1562.4500,2205.1200,8599.4800,2172.1700,2044.2500,2490.1100,2079.9900,8668.6300,2581.5400,5241.8600,1971.6900,7461.5500,1401.5900,4391.3700,627.9100,2486.5800,3125.6200,1549.2000,5763.7400,1451.9300,2634.7100,2269.5700,1686.6400,5544.9300
2023-10-16,2748.6200,3536.5200,2205.4300,4249.4300,3688.2800,6912.2300,20180.7100,1580.4600,2210.7600,8490.3400,2173.6300,2051.0100,2450.4800,2062.1300,8544.9400,2571.1500,5214.9500,1967.0300,7306.2600,1389.8700,4360.8700,620.5900,2460.3800,3122.2000,1542.7500,5780.2700,1436.1000,2670.3000,2311.5700,1677.3600,5463.4100
2023-10-17,2745.1700,3543.7400,2217.3700,4234.2700,3694.0300,6970.2000,20193.6400,1595.8900,2212.2300,8448.9200,2184.1800,2046.5800,2435.6600,2073.8300,8536.7900,2563.0300,5213.3900,1969.5700,7335.8000,1398.7400,4364.5700,619.7600,2469.4300,3132.2300,1561.5500,5739.4000,1431.7300,2680.5300,2327.1600,1673.7600,5483.9400
2023-10-18,2743.3000,3479.2900,2186.8600,4163.9100,3641.2100,6931.4900,20113.6900,1567.8300,2171.6400,8277.4200,2153.2400,2018.9200,2395.9700,2039.1100,8330.8400,2524.6900,5157.0400,1938.2000,7229.6200,1375.2200,4299.5700,607.5400,2420.5300,3124.3200,1553.8300,5821.9200,1407.5600,2666.0200,2297.7600,1637.5100,5366.9100
2023-10-19,2658.2100,3440.3200,2145.6300,4117.4700,3633.8500,6813.2900,19390.7700,1550.8800,2156.8000,8116.6500,2123.5900,1985.1100,2371.1700,2012.7800,8299.5700,2494.0800,5052.5600,1916.0700,7153.8100,1366.8000,4246.0000,604.3500,2379.2700,3053.2200,1533.5200,5638.7200,1391.3300,2625.7400,2245.2400,1632.3200,5311.2600
2023-10-20,2635.2200,3429.5200,2143.8300,4132.9100,3551.4200,6724.2200,19383.2500,1540.2400,2147.7800,8007.6600,2123.2600,1974.7900,2385.0800,2007.9800,8213.1100,2487.3900,5040.7800,1909.3400,7203.7300,1342.4100,4117.1600,591.0800,2303.7400,3047.6800,1530.9500,5588.2000,1377.6000,2612.8600,2232.4500,1627.1400,5263.0900
2023-10-23,2605.6700,3342.7400,2091.0700,4011.0700,3487.0200,6673.8700,19316.3800,1495.8900,2100.9100,7929.9000,2079.5900,1948.5900,2341.1300,1964.0000,7990.2400,2411.2800,4925.9700,1865.3600,6990.6100,1335.6500,4025.4800,575.3700,2258.9700,3026.1600,1505.5600,5513.9000,1343.4300,2578.5400,2178.6100,1585.2700,5195.3600
2023-10-24,2643.6800,3406.6900,2119.7200,4091.8300,3536.1300,6698.0100,19400.1200,1546.6600,2153.2800,8027.9400,2109.4400,1973.5800,2388.8200,2001.4100,8122.7300,2447.8200,4924.4200,1902.1200,7029.8100,1344.9100,4049.2700,590.3300,2254.2500,3006.9200,1538.8300,5536.3100,1360.4400,2602.7000,2198.5800,1626.0200,5343.0900
2023-10-25,2688.6800,3451.6700,2197.9800,4125.8400,3559.8200,6707.4200,19859.2700,1554.4600,2170.9900,7984.2800,2103.6200,2003.6300,2392.4400,2018.7000,8264.1400,2492.4600,5116.9200,1954.4400,7016.9900,1364.8200,4145.3200,591.3600,2240.8300,3013.8500,1534.5900,5677.1900,1381.1800,2625.3600,2191.8800,1666.1700,5042.2800
2023-10-26,2706.2400,3445.6800,2200.4100,4138.7300,3567.5200,6732.4800,19917.1700,1560.8800,2154.8900,8045.1000,2138.1800,2013.6700,2364.3900,2012.5700,8235.8800,2497.1800,5033.1800,1947.8300,6991.3400,1379.5400,4175.6100,590.6300,2268.2700,3040.6900,1535.1200,5765.1500,1388.2400,2594.4900,2215.8200,1669.2200,5031.6700
2023-10-27,2770.2500,3525.4800,2212.3700,4200.7300,3626.5100,6852.1700,20224.0400,1601.1000,2196.4300,8375.7400,2156.5900,2043.0100,2390.2900,2058.0700,8369.8000,2546.7300,5120.4700,1955.8800,7225.1400,1383.9700,4160.0100,598.6700,2260.8200,3036.9100,1532.8900,5824.7600,1404.9800,2584.5100,2229.5200,1693.8700,5148.5300
2023-10-30,2829.2000,3568.2300,2224.5300,4240.0900,3780.8900,6893.8300,20395.1900,1587.1200,2225.5300,8586.1400,2160.9000,2054.7700,2383.4700,2069.3000,8441.5500,2595.1200,5099.8700,1947.9700,7303.8800,1398.7000,4241.5800,609.7300,2281.4700,2986.8000,1526.9500,5806.2600,1418.6600,2557.6900,2210.1900,1693.4000,5161.0900
2023-10-31,2825.1400,3563.9600,2218.2000,4232.1500,3757.8400,6781.9100,20453.6000,1585.1200,2213.2200,8589.0000,2157.6900,2050.7100,2390.1700,2060.7300,8403.7200,2591.8000,5085.8800,1946.6300,7196.3800,1394.9600,4197.1500,611.6200,2249.6300,2993.3300,1532.6700,5709.8300,1400.4100,2590.1000,2214.5300,1688.6500,5224.3100
2023-11-01,2835.1000,3550.5300,2217.8700,4211.7200,3733.0900,6790.7400,20984.1700,1585.4000,2220.1300,8554.4700,2160.5700,2042.6300,2370.7900,2071.9000,8409.7600,2589.4200,5050.3900,1938.6500,7167.6500,1392.3100,4156.9100,615.3600,2236.4600,2991.6400,1527.6300,5744.1900,1398.3600,2575.5800,2221.3400,1694.7400,5212.5500
2023-11-02,2812.6200,3516.1600,2197.0800,4162.6900,3680.4600,6744.1800,20801.7100,1579.4100,2203.1400,8503.9600,2154.1800,2036.3400,2355.2100,2051.7600,8346.7200,2571.1600,4988.6500,1926.3700,7034.8600,1362.0200,4107.6000,629.1800,2210.4800,3009.7100,1516.7300,5732.2100,1380.9500,2572.7800,2223.8200,1685.2300,5137.7900
2023-11-03,2824.1100,3544.8600,2184.5500,4174.6300,3783.0200,6769.8800,21087.0600,1582.3000,2217.8800,8515.4200,2160.3500,2038.7800,2346.3900,2057.1600,8420.6800,2563.1000,5012.0500,1934.7000,7151.7900,1388.6800,4200.8600,629.3800,2249.2600,3002.1800,1530.1500,5815.2500,1418.3700,2577.8000,2224.8900,1695.0300,5199.9300
2023-11-06,2813.4400,3584.2600,2185.0200,4201.8400,3886.4200,6840.6100,21096.6800,1587.5400,2234.0900,8703.4100,2151.5800,2051.9700,2418.0500,2093.4800,8580.6900,2585.3800,5108.5400,1966.0700,7393.0200,1407.8000,4334.5700,662.2500,2298.6900,3003.0300,1579.6400,5928.3200,1448.4500,2537.9700,2191.8600,1718.3700,5269.9500
2023-11-07,2820.4200,3589.9100,2175.4100,4191.0500,3912.8000,6846.0800,20964.7900,1588.3300,2238.4500,8664.8700,2147.1500,2044.0500,2419.0300,2095.7200,8553.6800,2594.7400,5083.0700,1962.2300,7362.3800,1409.0600,4384.0200,667.2200,2354.8900,3000.1000,1576.7300,5938.9600,1453.2100,2557.4300,2199.1800,1724.8000,5288.8400
2023-11-08,2811.3900,3556.0500,2154.3500,4154.6100,3913.3400,6849.3600,20953.9800,1589.9300,2237.2600,8764.8700,2141.7800,2037.5400,2441.3200,2101.2900,8591.6900,2595.8400,5068.5300,1959.0300,7363.8900,1408.7400,4434.1300,689.6300,2352.7900,2987.1700,1557.5600,5926.1700,1454.1500,2546.0300,2178.4700,1717.4400,5306.8600
2023-11-09,2809.4300,3566.4600,2164.6100,4158.6300,3857.8500,6826.8700,20923.8800,1575.7700,2232.4000,8656.4300,2151.4300,2040.0400,2427.6000,2082.9400,8591.3400,2577.0300,5080.8100,1959.0900,7425.1400,1397.3600,4430.9200,676.0300,2358.7200,3000.7300,1542.9600,5863.9900,1445.6700,2622.5200,2188.5800,1710.4700,5290.0700
2023-11-10,2818.4700,3557.0200,2158.2000,4141.6700,3860.6700,6817.3800,20725.2800,1573.6900,2233.4800,8675.0600,2161.0100,2038.7700,2399.4900,2072.0700,8539.0600,2578.6600,5019.4300,1944.1900,7342.9900,1404.2000,4381.3400,662.6200,2342.1100,2977.8400,1533.0000,5774.1000,1440.4600,2652.5200,2191.0300,1705.8900,5245.2500
2023-11-13,2822.0700,3573.0700,2211.6900,4170.9800,3878.1300,6710.1100,20581.6700,1582.9100,2242.0900,8618.4300,2163.8700,2045.8500,2400.6100,2090.9900,8659.9100,2600.5400,5001.7400,1970.9500,7369.0800,1447.8200,4496.8000,669.5900,2385.8800,2964.0200,1529.6700,5777.3100,1453.6500,2658.9000,2208.5100,1719.1600,5205.3500
2023-11-14,2832.2300,3565.5700,2196.7000,4161.2600,3917.9600,6743.2100,20596.0200,1588.5200,2243.0000,8636.7100,2161.1400,2047.2000,2432.9000,2096.1400,8706.8800,2607.8000,5028.9400,1972.4000,7335.1500,1459.5700,4569.7200,671.3800,2409.4200,2971.8600,1544.2800,5826.2200,1460.7600,2629.1900,2202.0800,1719.4300,5219.3400
2023-11-15,2830.0400,3605.0600,2232.6500,4235.7100,3922.5000,6809.0500,20721.6300,1600.3800,2250.1700,8678.8600,2176.2100,2052.1900,2421.8900,2106.5800,8740.2900,2619.3200,5096.5000,1979.4000,7431.2000,1454.3900,4581.7200,664.3400,2410.4500,2985.2800,1553.4800,5928.5100,1471.3700,2650.1700,2223.0500,1735.4900,5261.3900
2023-11-16,2807.6700,3569.9600,2212.2300,4183.1000,3868.0900,6790.6700,20541.0500,1597.9300,2240.8900,8573.0100,2167.6500,2047.6100,2409.4200,2093.3100,8732.5600,2606.5300,5033.1300,1963.2100,7264.9600,1439.9800,4549.6100,670.0500,2384.4700,2981.5900,1540.3100,5894.2600,1455.8000,2655.6300,2211.1200,1722.0700,5208.8800
2023-11-17,2810.7800,3584.4300,2209.8200,4211.3200,3893.9500,6816.0100,20442.2400,1605.1700,2247.8800,8660.3800,2170.8700,2048.7500,2392.1200,2099.9700,8722.6700,2635.7900,4993.9800,1960.8100,7293.8200,1440.9900,4551.2900,674.5900,2416.9800,2964.5100,1541.9500,5981.8200,1471.2300,2652.2800,2197.2000,1723.4000,5226.1100
2023-11-20,2868.4000,3607.9100,2215.3700,4213.4300,3889.6700,6864.4200,20532.6400,1607.7300,2260.8400,8757.0400,2175.1700,2061.2700,2394.3400,2111.7600,8849.6400,2653.2600,4998.7900,1965.2800,7321.0700,1467.6600,4600.6500,679.7300,2421.8600,2981.0400,1538.2200,6000.1700,1494.9300,2645.7800,2207.4400,1740.6500,5291.3900
2023-11-21,2859.3000,3600.7500,2215.4300,4218.3500,3833.2000,6839.3400,20797.8000,1609.3300,2278.6400,8756.3400,2171.7400,2068.0100,2447.6600,2127.8800,8852.0600,2652.9100,5045.1700,1969.4400,7265.7500,1445.3800,4533.1500,686.8800,2401.5000,2987.0300,1539.8300,5956.0200,1478.9200,2655.8700,2208.5200,1728.9300,5267.4400
2023-11-22,2869.3100,3559.8700,2192.1600,4139.7900,3768.0000,6760.3700,20666.8900,1600.5300,2249.5100,8678.2400,2159.3600,2056.9000,2437.4000,2127.8500,8792.8700,2657.7400,4964.3400,1959.8400,7112.5500,1426.3000,4474.3300,692.7900,2360.4500,2976.5800,1527.2500,5839.1200,1452.9400,2651.7300,2192.6600,1720.0800,5203.4900
2023-11-23,2877.8600,3587.2100,2215.3100,4161.1700,3817.5000,6840.1900,20679.0700,1610.3200,2270.1400,8766.5700,2168.6200,2069.7000,2493.2600,2136.2600,8814.4000,2679.4100,5033.5200,1971.5000,7160.1700,1436.8500,4505.2200,680.3100,2374.3400,2976.1100,1533.9600,5981.3400,1468.4900,2685.2800,2203.6700,1735.1600,5235.3400
2023-11-24,2902.8600,3555.9000,2210.2400,4116.5600,3749.1800,6802.1800,20638.2000,1602.2700,2245.8200,8799.4100,2156.8800,2065.8500,2491.8500,2116.8800,8732.1400,2663.8000,5011.5900,1950.5700,7042.4400,1408.5500,4385.0200,670.5200,2324.7600,2976.7800,1519.0400,5853.4200,1448.0100,2712.1800,2202.7400,1719.8400,5205.3400
2023-11-27,2914.7400,3541.4700,2202.3300,4097.4800,3796.4500,6740.5500,20394.2500,1597.9100,2229.5400,8718.0700,2155.4300,2069.1000,2444.8300,2088.8300,8750.6700,2641.4500,4953.3200,1932.7300,6971.3800,1414.6600,4387.9100,656.3200,2335.9500,2954.9600,1500.7500,5913.7900,1456.0900,2755.1300,2194.5200,1712.1200,5132.8600
2023-11-28,2900.6700,3560.2400,2208.6900,4108.6000,3819.1100,6808.2700,20413.1100,1612.0600,2242.0200,8838.2000,2158.3300,2069.4400,2418.8200,2102.4900,8801.4100,2671.6100,4962.2800,1936.3200,7018.9000,1419.4900,4389.5900,657.4600,2318.2500,2943.1500,1496.4500,6031.9700,1470.1200,2751.7800,2195.7100,1726.6700,5172.3900
2023-11-29,2890.8100,3538.4900,2185.2800,4119.8200,3816.6000,6766.8900,20394.5900,1601.6000,2230.3600,8768.4900,2146.7500,2060.1800,2358.5500,2094.1800,8786.3700,2658.5200,4880.5900,1912.4400,6926.7800,1413.3200,4342.9800,650.0200,2306.5400,2908.8200,1476.6000,5953.1600,1465.8900,2778.3300,2183.4500,1717.1200,5145.9500
2023-11-30,2901.7900,3509.2900,2177.9700,4091.2600,3785.9400,6748.6500,20556.8200,1600.5600,2223.8900,8837.5500,2165.7400,2070.9600,2354.7800,2102.5800,8876.4000,2640.2400,4859.7900,1912.6100,6883.3900,1403.0400,4305.9500,648.3200,2307.5800,2921.5400,1480.6400,5866.4100,1461.9800,2772.9400,2198.3300,1711.2300,5070.0900
2023-12-01,2869.4600,3499.3600,2187.6300,4089.6700,3796.6500,6653.4100,20275.5400,1613.4600,2232.7100,8843.9500,2169.1400,2067.3500,2370.0900,2119.8500,8992.7700,2659.3200,4842.5600,1932.4100,6841.8500,1406.7300,4429.5600,682.7400,2366.6700,2915.9000,1488.8500,5791.8600,1460.1600,2794.4900,2189.7400,1714.3200,5009.0300
2023-12-04,2893.9800,3500.1900,2191.0100,4138.7200,3767.2400,6628.5100,20058.0300,1618.5000,2219.9900,8710.3000,2166.2400,2078.7400,2340.9200,2109.8400,9028.5100,2683.5900,4803.4000,1933.2800,6770.4800,1415.4300,4456.4000,687.8000,2365.9000,2906.6800,1480.5900,5788.5200,1456.4100,2816.2200,2196.5000,1713.7200,4924.1700
2023-12-05,2866.0500,3447.6300,2157.9100,4059.4600,3668.0100,6502.7500,19664.2500,1597.1700,2189.3100,8635.7000,2147.4400,2046.5800,2290.1600,2075.6900,8834.6800,2645.8100,4713.2900,1900.6900,6655.5600,1379.0100,4297.6800,668.3200,2306.7200,2863.8400,1458.3400,5702.4300,1423.9500,2760.9300,2153.2400,1687.4900,4832.5800
2023-12-06,2934.4600,3473.2200,2157.6700,4140.3400,3670.3300,6500.6900,19669.9900,1605.8300,2190.4200,8658.6600,2146.4200,2049.2700,2316.8100,2085.6000,8871.7100,2661.0500,4707.2800,1902.4700,6751.3400,1377.4800,4302.9700,685.9600,2294.7600,2852.6600,1453.6600,5721.6200,1422.6200,2763.3700,2150.9700,1692.2200,4873.5300
2023-12-07,2937.2300,3441.7400,2155.7200,4108.1100,3651.9700,6566.6600,19600.2300,1605.7400,2181.6400,8564.9800,2150.1300,2041.1700,2325.0700,2074.2700,8849.0000,2662.3500,4669.8000,1894.8500,6700.8400,1370.1500,4369.9600,700.1300,2316.2200,2859.2900,1460.4600,5681.7500,1416.0600,2742.5400,2135.1400,1685.2400,4850.0300
2023-12-08,2874.5000,3418.0700,2160.3600,4075.8400,3717.7300,6553.3200,19612.7800,1571.7900,2148.0500,8613.8500,2160.0200,2039.0000,2282.4700,2041.7400,8722.2300,2621.1500,4632.5100,1877.2300,6677.6600,1353.2300,4427.5300,695.0600,2386.0900,2853.2500,1450.3500,5600.4900,1412.1100,2725.6000,2146.2900,1667.7500,4844.5200
2023-12-11,2903.2500,3448.8500,2158.5400,4055.1300,3763.7300,6607.1300,19437.0600,1585.7300,2166.5600,8672.5100,2179.6400,2056.9100,2269.9000,2061.2500,8792.0600,2648.7400,4645.5600,1890.3600,6713.1400,1377.8900,4510.2800,715.7100,2410.2600,2867.4200,1472.6900,5694.5100,1434.1200,2793.2100,2152.1800,1680.4400,4889.7700
2023-12-12,2896.0100,3455.4200,2145.9100,4042.4600,3766.2700,6617.4800,19580.3700,1605.7000,2190.2600,8646.2300,2190.2400,2065.0700,2340.0900,2080.3400,8934.7400,2695.0800,4713.4300,1911.1700,6671.3400,1385.8700,4517.5900,717.4500,2399.7500,2899.2900,1472.7500,5707.4000,1432.6300,2809.3000,2158.4000,1683.2000,4866.0800
2023-12-13,2854.3100,3413.5100,2119.3500,3978.1900,3728.0600,6557.4300,18970.1400,1593.9100,2166.8200,8639.5000,2188.0700,2039.9300,2291.3300,2047.5000,8822.1300,2706.6100,4633.3500,1889.7900,6538.5600,1377.9400,4448.0800,709.3900,2364.0200,2864.3400,1451.1800,5669.4100,1429.4300,2781.7100,2122.4300,1673.7100,4765.6100
2023-12-14,2837.0800,3410.9500,2117.7200,3976.6400,3704.5900,6567.5900,18711.1100,1600.6800,2172.4400,8588.5600,2195.2600,2037.8400,2282.9000,2054.0300,8808.9700,2727.8200,4635.9300,1890.2400,6509.3000,1369.7200,4409.5900,706.4600,2358.4200,2853.6700,1444.4800,5617.5300,1421.2900,2793.7200,2121.2900,1677.6200,4763.7200
2023-12-15,2839.6000,3399.3500,2110.8400,4000.4300,3680.3500,6529.0600,18761.9500,1603.1700,2176.4200,8445.0900,2174.1700,2024.5600,2307.2000,2058.9200,8761.9400,2731.5200,4675.2500,1885.2500,6494.4200,1356.6500,4361.8100,712.2100,2330.4100,2841.8700,1444.4800,5589.0800,1414.4100,2770.7200,2112.4300,1667.4400,4800.4700
2023-12-18,2829.1500,3348.0800,2082.6100,3949.9800,3629.3200,6552.8600,18773.2000,1585.1100,2148.7400,8430.2500,2165.2300,2035.6100,2280.6100,2018.1200,8554.3000,2677.4500,4595.6100,1866.5900,6331.9700,1329.1500,4291.3600,695.9200,2304.0300,2849.4600,1439.3200,5558.6600,1393.6700,2777.0300,2103.9000,1642.0400,4747.5700
2023-12-19,2814.7300,3357.1400,2072.2400,3942.4700,3668.9900,6548.2300,18815.9400,1582.8400,2147.9700,8376.3700,2153.3200,2019.6800,2251.7000,2006.6700,8633.5200,2648.9400,4586.5100,1857.3800,6383.0400,1330.9100,4319.1400,704.5600,2310.6700,2847.0700,1438.1700,5524.4900,1404.1600,2764.1500,2098.9200,1637.1500,4711.2400
2023-12-20,2781.8000,3337.8100,2057.7600,3939.9500,3630.4700,6437.4900,18546.7400,1567.2800,2125.6600,8311.5200,2153.8400,1996.8000,2217.2100,1973.3600,8407.1000,2634.5900,4544.6700,1847.2200,6312.6500,1302.9400,4186.9400,682.4200,2258.9500,2838.6400,1406.4000,5406.1500,1394.0500,2774.6800,2097.0400,1630.4800,4666.0300
2023-12-21,2788.5500,3355.2200,2065.3500,3969.8500,3649.2200,6523.5000,18817.5800,1591.9900,2151.9300,8331.3800,2155.8800,2003.1800,2240.8300,2000.8000,8481.0100,2657.1300,4584.5100,1862.1800,6480.4700,1311.8400,4218.5000,691.7400,2278.8000,2851.3100,1408.9400,5450.0200,1408.7400,2771.2600,2097.5800,1641.1400,4755.3900
2023-12-22,2782.5600,3363.1400,2072.7900,4023.3800,3606.6800,6571.8600,18792.5800,1568.8500,2122.2500,8240.0900,2151.2800,2002.3800,2211.7600,1962.9000,8289.4700,2608.7300,4567.6700,1855.0400,6543.1900,1337.4700,4108.3400,633.0300,2240.4000,2853.5500,1409.5600,5429.5400,1397.5700,2798.8700,2110.5100,1623.9900,4695.4400
2023-12-25,2780.0900,3355.9900,2071.5900,4043.9400,3611.2800,6577.0200,18898.9600,1561.3600,2105.2900,8270.7100,2153.3300,1987.4600,2187.6900,1948.7700,8220.9500,2571.6700,4554.6500,1839.3600,6569.4400,1355.1900,4103.7200,620.8800,2242.1800,2856.3200,1401.5200,5484.7300,1403.6200,2823.6300,2118.6200,1608.3400,4707.9600
2023-12-26,2763.7600,3347.4300,2061.4700,4028.6600,3535.4200,6523.1400,18799.3300,1550.5200,2081.3300,8199.9000,2149.5900,1974.4500,2153.1300,1924.0400,8082.0600,2544.8200,4538.4300,1824.5000,6517.9000,1337.1500,4013.3600,610.8900,2200.9200,2849.5500,1389.9500,5409.7500,1380.8700,2781.8800,2122.0800,1608.9700,4653.6100
2023-12-27,2832.3000,3348.4800,2064.3900,4056.8700,3594.6100,6593.5200,18850.8000,1553.6500,2091.8200,8249.0800,2161.3500,1977.9000,2158.5800,1922.6600,8109.1000,2553.7800,4528.9200,1839.0500,6489.0200,1338.1300,4051.7200,605.3300,2227.6800,2860.3800,1395.8300,5400.1100,1391.6900,2807.3100,2154.7600,1610.0500,4621.9300
2023-12-28,2838.4600,3432.0200,2093.8800,4163.2300,3660.0800,6657.4900,19521.0400,1557.4200,2129.1200,8334.0900,2166.0600,1994.3800,2214.1400,1966.0100,8299.5900,2605.9100,4659.1700,1874.5000,6876.6900,1357.1600,4144.3700,611.4300,2272.5500,2883.6900,1432.4800,5449.7900,1423.5600,2763.4100,2165.5300,1632.0600,4886.7500
2023-12-29,2862.2300,3456.2700,2099.0000,4184.7000,3739.5300,6730.5200,19526.9700,1579.0600,2157.4800,8430.6800,2172.9100,1995.3200,2204.6700,1969.3200,8418.4300,2647.6800,4666.6400,1886.4700,6900.2100,1377.3300,4220.7800,630.4900,2311.6900,2908.9000,1433.7500,5518.4700,1445.0900,2782.2400,2180.9400,1644.9100,4861.0500
2024-01-02,2876.2300,3455.3200,2115.6100,4192.9800,3677.8100,6686.2100,19075.9000,1592.6600,2159.3300,8388.4600,2207.5800,2005.6200,2162.0400,1957.6000,8421.6800,2642.9500,4658.7900,1883.6800,6787.0700,1384.5000,4141.5400,627.1400,2277.2300,2877.5500,1415.3400,5458.1900,1443.6100,2876.0000,2197.7200,1666.3700,4811.3800
2024-01-03,2851.2500,3463.5200,2132.6000,4183.6800,3606.0500,6638.9800,19050.9000,1582.1400,2152.6800,8382.2300,2234.0000,2011.8800,2173.0500,1963.5500,8477.6700,2650.0500,4662.9300,1890.3300,6779.9300,1367.7000,4077.5500,632.2000,2247.3900,2891.1200,1418.4600,5402.1300,1427.1300,2916.1300,2214.0900,1666.2700,4804.9100
2024-01-04,2830.1100,3438.2200,2132.2200,4143.2300,3560.4700,6673.9800,18721.1100,1588.5700,2157.7000,8335.7200,2230.4500,2005.0100,2143.2500,1962.6400,8477.7200,2673.8000,4623.6400,1882.6900,6669.1500,1353.9100,4039.4500,626.5200,2238.2600,2897.7200,1403.0400,5367.0100,1417.6300,2944.7400,2224.8400,1670.9100,4742.5100
2024-01-05,2795.1700,3390.5400,2116.2800,4114.8700,3499.4300,6739.4400,18579.5200,1568.4900,2143.2500,8166.3300,2215.2400,1991.6800,2140.3400,1935.0300,8322.4700,2620.8400,4590.1000,1874.4200,6558.7500,1311.5000,3960.5900,611.6200,2179.3500,2928.6000,1396.4700,5309.6700,1393.4100,2937.7000,2207.5300,1650.9300,4665.4200
2024-01-08,2723.6300,3327.9200,2077.0700,4058.5900,3402.1700,6641.4800,18316.5300,1545.5700,2099.8200,8010.6400,2190.3200,1967.3100,2102.4800,1907.5500,8198.4800,2559.9600,4532.2000,1846.8900,6484.3800,1273.8200,3859.6100,605.1300,2133.8700,2908.0000,1371.9700,5217.0500,1364.4800,2922.7400,2183.0300,1618.3000,4674.6100
2024-01-09,2726.5000,3322.9500,2080.4100,4093.8000,3395.8800,6698.8000,18304.9200,1565.3300,2114.1900,8034.6200,2197.0000,1985.4200,2114.8900,1952.8500,8342.0100,2563.4100,4559.4900,1854.5100,6536.9900,1266.5400,3825.7100,603.7400,2137.9400,2918.0600,1367.4600,5243.4100,1382.4900,2954.1300,2190.1100,1625.5000,4773.9100
2024-01-10,2700.9000,3312.3800,2067.3000,4074.4200,3350.5800,6697.9400,18448.9400,1563.2800,2110.2000,7965.3000,2186.6500,1977.6400,2107.2100,1971.3300,8269.5700,2546.1300,4557.3800,1839.0300,6591.4900,1251.8600,3744.4100,587.0300,2101.5000,2903.5200,1355.4900,5218.7300,1363.6900,2928.4900,2173.5700,1615.6300,4951.9000
2024-01-11,2743.8200,3339.4500,2068.5500,4129.6300,3406.2900,6720.5600,18529.4200,1576.4200,2128.5100,8040.6900,2181.2600,1986.7600,2124.4500,1983.7800,8346.0500,2583.9800,4606.2600,1852.5800,6733.2500,1274.7800,3865.2600,605.6100,2145.6900,2899.0600,1369.6900,5319.0900,1383.6900,2886.4600,2139.9400,1637.7700,5002.6700
2024-01-12,2765.2600,3333.5100,2066.1300,4123.2100,3348.7700,6708.2300,18475.0100,1570.7800,2115.8400,7945.6400,2206.1000,1996.6400,2116.9800,1959.4000,8224.7700,2575.4900,4640.7900,1858.3800,6740.4900,1272.9900,3792.7300,593.0900,2109.4600,2919.4600,1356.3200,5302.0600,1371.8400,2903.6900,2141.4100,1650.0000,4902.3500
2024-01-15,2729.4700,3309.3100,2052.4300,4084.8200,3361.3000,6770.0200,18407.2000,1588.1200,2124.7100,7963.6600,2203.5300,2019.5200,2125.6600,1989.4500,8322.5700,2566.5700,4667.6600,1862.6900,6663.5400,1245.2000,3761.9000,592.9100,2115.8000,2936.7200,1355.9600,5277.2100,1364.9000,2917.1600,2152.0900,1624.0800,4948.7200
2024-01-16,2742.0700,3299.9500,2041.5000,4076.1300,3351.1600,6822.7700,18446.7400,1587.4900,2117.2500,7942.6200,2196.4800,2029.1900,2103.9500,1972.5400,8341.2800,2555.5300,4668.6000,1859.7700,6749.1500,1236.8800,3739.9800,587.6100,2116.9300,2972.6200,1371.6100,5309.8400,1359.5400,2916.9800,2145.7900,1610.4700,4935.3500
2024-01-17,2680.5900,3214.8400,2002.3000,3941.6400,3252.8900,6723.6100,17857.6200,1581.5600,2082.0800,7726.2900,2161.8400,1993.9400,2046.6900,1913.1700,8077.6100,2500.0400,4535.5800,1817.6700,6544.2600,1199.7700,3655.7200,572.1900,2074.7400,2953.0300,1346.6500,5151.5800,1324.4700,2880.6800,2108.7100,1575.5500,4837.4900
2024-01-18,2669.0600,3204.1900,1977.6200,3937.2300,3292.1700,6708.9700,18144.2700,1567.9600,2067.2200,7739.7200,2143.6600,1989.0300,2043.9700,1921.8800,7936.4900,2461.7000,4517.0100,1808.3500,6663.6000,1200.9400,3691.6800,577.6000,2134.3500,2959.1700,1364.7300,5166.7800,1320.6000,2866.7900,2091.3800,1560.9800,4926.7900
2024-01-19,2640.7400,3183.2500,1968.1400,3914.1400,3271.7400,6674.6600,18275.6000,1574.9400,2069.1600,7699.9000,2128.3200,1975.8300,2041.4600,1921.0900,7978.4800,2450.9200,4445.1900,1794.5500,6539.6900,1185.7100,3610.8100,583.2000,2118.4900,2958.5900,1356.7200,5091.9000,1301.1600,2813.0900,2086.0600,1545.1400,4864.9200
2024-01-22,2530.4200,3023.2400,1883.2700,3728.8600,3132.9500,6491.4500,17973.9000,1494.4800,1961.3300,7366.7800,2056.3100,1903.9600,1948.4000,1822.6800,7550.5500,2333.6100,4237.8700,1725.0400,6311.4200,1131.2900,3422.3400,544.9900,2049.2000,2952.4800,1332.5300,4891.9800,1236.4900,2740.0800,2020.2400,1463.3000,4606.6900
2024-01-23,2532.9100,3046.6300,1899.2500,3761.1200,3161.3600,6528.9800,17851.4700,1481.5600,1967.9900,7415.7300,2075.3300,1918.1200,1976.3700,1819.7500,7594.3000,2335.5500,4253.3400,1732.8900,6357.9100,1143.7500,3492.7400,564.5600,2088.2000,2949.9000,1352.3000,4924.7700,1244.3400,2797.3400,2032.3300,1475.7300,4641.2300
2024-01-24,2555.4900,3073.3700,1950.7800,3815.4100,3162.0200,6639.7500,17930.8500,1515.2800,1998.8900,7468.8700,2119.5100,1971.2800,2047.5000,1861.2300,7784.7200,2397.7400,4333.3000,1808.4800,6327.4400,1160.1900,3541.0700,571.1700,2112.1400,2995.3900,1406.7500,4977.3500,1261.2600,2862.5100,2080.2400,1503.1100,4684.5100
2024-01-25,2605.4800,3167.1200,2021.8000,3933.4300,3250.2100,6651.7600,18220.6400,1545.1400,2054.3700,7638.7000,2178.2300,2021.4000,2157.8000,1932.1800,8121.4700,2470.7200,4484.3500,1904.8600,6436.1300,1209.8600,3653.5400,591.6700,2198.3500,3042.2400,1434.9500,5076.6100,1301.9500,2955.0900,2197.9700,1564.8100,4728.6900
2024-01-26,2618.3800,3155.0000,2041.2700,3941.9900,3164.6500,6685.7600,18210.0100,1545.6100,2060.6600,7489.6600,2192.3500,2041.8500,2224.7200,1927.4200,8054.1200,2471.8800,4533.8400,1917.2600,6316.8600,1195.0200,3608.3400,591.4000,2168.6400,3089.7800,1435.8000,5029.1600,1292.3000,2988.1100,2227.9900,1574.2200,4613.9700
2024-01-29,2587.8800,3086.3000,2025.1800,3869.9800,3067.7100,6743.2700,18281.6700,1516.5100,2009.3500,7320.1400,2189.9800,2023.4500,2183.8200,1885.6000,7799.9700,2426.3600,4486.1700,1905.2200,6044.5500,1169.7300,3481.4900,571.4500,2078.4200,3116.5400,1415.4300,4893.5000,1259.6200,2975.9600,2208.3600,1535.4200,4469.8100
2024-01-30,2546.9000,3000.7700,1990.0500,3789.9900,2954.6500,6662.5900,17780.0500,1473.1400,1941.7300,7138.2400,2166.7200,1969.9900,2107.2600,1830.8500,7545.8600,2347.5300,4354.6000,1872.6600,5867.5700,1148.1200,3399.6500,551.3900,2023.2000,3085.6700,1392.4600,4796.6000,1227.6200,2949.2600,2181.3200,1492.1300,4334.4900
2024-01-31,2483.7200,2898.9500,1953.7300,3672.0000,2845.3300,6598.4400,17542.9500,1421.6300,1855.7800,6863.1800,2152.0700,1938.9400,2027.0400,1757.6400,7182.6400,2248.6000,4263.3300,1819.5300,5774.0100,1095.1700,3222.5500,532.9700,1960.5900,3088.4900,1385.3200,4668.9800,1186.3800,2967.6800,2154.3600,1447.8700,4211.9100
2024-02-01,2478.6000,2871.0900,1934.5700,3657.0400,2867.9500,6626.6300,17570.8800,1404.1000,1825.4800,6865.7400,2118.9500,1919.0200,1978.3900,1740.2600,6984.6400,2186.5300,4223.7200,1771.3500,5757.4200,1089.9500,3234.4200,528.7500,1978.7600,3068.3200,1375.5800,4658.4700,1178.2700,2918.3400,2112.4200,1416.1800,4202.6400
2024-02-02,2451.4600,2771.8000,1899.8000,3557.7300,2757.8400,6547.7500,17400.6500,1368.2900,1770.3000,6620.0200,2094.4700,1893.6600,1968.4600,1684.7200,6839.5100,2097.3000,4126.4300,1732.0200,5550.8500,1046.7800,3095.8400,519.9100,1933.6600,3071.6200,1351.0400,4518.7800,1144.0300,2918.2900,2079.7500,1353.2500,4118.3500
2024-02-05,2386.5400,2655.0100,1849.2600,3437.5100,2658.9300,6531.6100,17532.5700,1308.7300,1668.1100,6500.6100,2056.1600,1857.4200,1855.6400,1592.6800,6384.0300,1955.5700,3964.5400,1636.1900,5387.5400,999.4500,2892.4700,480.8400,1867.6500,3106.4400,1332.8300,4351.2700,1090.0800,2932.0100,2058.7100,1258.4900,4071.6800
2024-02-06,2443.5900,2780.9700,1932.0900,3608.9400,2822.0300,6680.6800,18188.1500,1330.9500,1712.1200,6978.7300,2101.7500,1919.7000,1894.6300,1650.0500,6597.2000,1976.4500,4120.5700,1670.9500,5714.2100,1060.5400,3057.2100,506.1800,1955.3800,3144.5100,1398.5100,4537.8400,1138.1500,2940.7100,2105.9200,1302.5600,4315.4400
2024-02-07,2484.3600,2850.2200,1992.9700,3722.6700,2877.8600,6823.9700,18526.9600,1330.4700,1715.8200,7192.8300,2120.8000,1947.9000,1893.0500,1664.8100,6663.6000,1977.6600,4173.4500,1678.7700,5850.1500,1104.4700,3099.7600,510.3400,1967.9900,3122.9900,1418.4100,4651.3100,1149.6000,3005.7600,2146.8900,1303.5000,4394.7400
2024-02-08,2540.0400,2959.8800,2018.6700,3802.0800,2996.0300,6834.3500,18546.5700,1377.3000,1791.4000,7302.3300,2149.0900,1970.3500,1988.2300,1722.9700,6983.0900,2085.1700,4292.7600,1720.0100,6018.7100,1143.7000,3275.8100,530.4300,2037.4500,3107.9200,1432.9500,4808.4200,1204.5600,3016.2300,2171.7000,1367.1600,4489.4400
2024-02-19,2522.1500,2990.6400,2041.0100,3842.7700,3066.2800,6871.7700,18579.7900,1415.1400,1821.4700,7295.1400,2197.0500,2000.7100,1997.2500,1750.0900,7225.7200,2108.5500,4299.8100,1750.9100,6016.8000,1151.0100,3419.7500,563.8600,2180.2400,3167.0500,1422.7300,4844.7900,1225.9100,3149.2000,2235.0100,1385.0900,4531.9400
2024-02-20,2557.4900,3009.9500,2050.2300,3859.9900,3066.3000,6993.8800,18430.1000,1421.8700,1848.3000,7371.0500,2208.0300,2017.7700,2014.9000,1755.6700,7266.0000,2106.8200,4326.9300,1763.3500,5986.4000,1153.6500,3426.7000,571.2200,2196.7300,3190.1500,1432.2700,4822.2400,1237.2200,3173.3900,2234.6200,1393.3300,4550.2000
2024-02-21,2570.6400,3041.7100,2051.0700,3890.1500,3075.6200,7020.2000,19059.1600,1433.5800,1878.1300,7391.6000,2201.2800,2031.7300,2057.7200,1782.2100,7410.5200,2141.6100,4398.5000,1797.0900,6062.2700,1159.7600,3440.7400,570.9700,2176.7300,3275.6700,1453.6000,4921.2900,1246.7700,3155.0800,2245.5000,1411.1700,4617.2000
2024-02-22,2587.6200,3076.6500,2070.3500,3938.9400,3138.4300,7040.7000,19132.4500,1443.1300,1901.0400,7427.1700,2223.9500,2045.0800,2060.2800,1802.9600,7473.0000,2167.2900,4419.3600,1816.7600,6111.5000,1175.7800,3567.7100,583.1700,2245.9300,3278.7900,1467.7200,4973.8300,1267.5700,3314.1900,2301.3100,1432.5300,4663.1600
2024-02-23,2598.2300,3110.9300,2072.7300,3990.5400,3176.2900,7005.4300,19162.0400,1454.6000,1931.2800,7455.1400,2243.2200,2046.3200,2077.6400,1828.7400,7561.4200,2218.2400,4429.7400,1838.8500,6191.7300,1191.2100,3655.3800,601.4700,2264.1800,3297.1200,1473.0600,5088.3900,1288.9100,3261.7800,2290.1100,1452.0700,4754.1600
2024-02-26,2607.0500,3120.4900,2061.5700,3955.1200,3199.3600,7121.6300,18955.6100,1462.1000,1958.3900,7498.7100,2200.9200,2029.1100,2060.7500,1824.8100,7597.0100,2246.1800,4422.7600,1821.4400,6186.8400,1202.0200,3683.5600,598.7800,2264.0900,3214.4200,1451.5900,5184.5200,1329.8000,3189.0800,2268.6000,1466.7700,4715.8700
2024-02-27,2653.1500,3180.4500,2077.0700,4006.2600,3327.3400,7247.2900,18963.4400,1483.9500,1995.0000,7604.3600,2215.2100,2045.7400,2099.9700,1861.9800,7744.5300,2282.5300,4476.2700,1850.8400,6297.4500,1240.1200,3853.3900,622.1600,2381.1100,3217.0400,1470.6300,5361.8000,1355.3400,3195.3700,2287.1200,1490.4300,4766.0400
2024-02-28,2595.8600,3074.3400,2049.5100,3924.1500,3140.6200,7109.7100,18761.0400,1424.8400,1902.9000,7417.0800,2204.3300,2005.3800,2034.1800,1783.5000,7430.6600,2194.9200,4349.6000,1805.7500,6137.5700,1185.5200,3629.5900,589.6100,2245.0600,3208.9100,1449.9100,5090.9900,1285.9100,3183.8600,2242.2600,1421.6100,4645.5000
2024-02-29,2622.1600,3166.7600,2085.1000,4037.7700,3313.2400,7250.0800,19058.0000,1460.2100,1952.6800,7583.9200,2228.1200,2035.7000,2073.1700,1832.4200,7642.6200,2250.4100,4449.1900,1845.1300,6364.0100,1236.1000,3795.4300,611.9800,2343.3600,3223.9700,1474.7100,5305.7400,1340.0600,3192.2700,2275.0800,1464.5600,4819.5500
2024-03-01,2592.9100,3185.2400,2082.6600,4073.1600,3399.2300,7394.5700,19025.8000,1464.1400,1950.9500,7583.4500,2219.6400,2019.8300,2062.7600,1846.0200,7663.0100,2256.5100,4459.4000,1844.8500,6429.2600,1255.9600,3930.6000,623.3800,2401.0900,3220.2800,1479.1600,5319.7000,1361.0300,3229.0100,2276.2200,1477.4600,4761.8100
2024-03-04,2582.3100,3163.3000,2068.0300,4094.6000,3427.6600,7472.1600,18878.2900,1478.7700,1948.4500,7720.6500,2253.9800,2022.8100,2011.0800,1838.6400,7655.4200,2242.6700,4415.1200,1833.3900,6458.4600,1256.3400,3951.4900,630.1100,2440.3400,3193.0700,1459.3800,5287.0400,1369.1800,3296.3800,2324.2000,1472.8000,4753.3200
2024-03-05,2598.3100,3133.8800,2060.9300,4096.2800,3411.8800,7459.4000,19059.3400,1472.7700,1921.3800,7639.2400,2266.3100,2017.6700,2006.9200,1815.3300,7553.4500,2218.0000,4385.6900,1837.1000,6375.7300,1265.1500,3917.7700,623.3300,2411.6900,3249.9100,1456.8600,5311.7500,1355.7700,3294.6900,2316.0000,1448.1900,4678.1900
2024-03-06,2591.8100,3145.1300,2076.4400,4126.4800,3392.4200,7446.0000,18836.0600,1489.0800,1937.9100,7592.5200,2284.9100,2013.0300,1992.5000,1820.2600,7570.2200,2228.6700,4399.9400,1840.6500,6506.3300,1264.3400,3899.6400,616.6300,2422.6500,3223.1100,1453.6000,5335.3700,1377.6800,3313.5700,2324.2100,1466.0300,4702.0300
2024-03-07,2596.3500,3140.3700,2115.1900,4216.6700,3326.2100,7493.6900,18789.3100,1485.6700,1932.2900,7378.9800,2291.5400,2009.4900,1976.2300,1799.8400,7562.7700,2239.7400,4384.6300,1831.2400,6361.0100,1232.7400,3791.4200,598.7800,2365.2600,3236.2400,1445.3000,5279.7000,1377.1300,3344.1100,2350.0400,1460.5700,4661.9500
2024-03-08,2583.1100,3159.4000,2120.2200,4256.2000,3418.0800,7523.7300,18676.8500,1502.2000,1945.7600,7413.3000,2313.5900,2016.9300,1969.4500,1798.8800,7495.8900,2242.6100,4389.8600,1850.8700,6468.9300,1257.1500,3849.0500,607.5300,2462.3200,3231.8400,1444.1600,5290.2200,1391.4200,3319.8500,2395.5100,1472.5200,4655.2600
2024-03-11,2615.4900,3206.1200,2123.5800,4310.3300,3464.2700,7510.9200,19050.5500,1513.1800,1973.0800,7603.8000,2322.1600,2032.0300,2018.7200,1842.3600,7638.8000,2275.6400,4455.6000,1871.0000,6867.1900,1274.2100,3922.9200,617.8600,2467.7100,3223.7000,1462.6600,5424.6600,1399.1500,3223.2200,2362.9900,1500.5100,4818.0300
2024-03-12,2644.1900,3224.5300,2094.1800,4226.0300,3467.3300,7429.7800,19721.7400,1517.6600,2020.5400,7739.3400,2260.5600,2038.9800,2097.6400,1869.1700,7812.8400,2298.9900,4547.8200,1867.6400,6880.9000,1287.5900,3942.9800,623.3800,2438.2200,3196.2700,1473.5500,5500.2400,1398.7600,3111.4200,2311.6700,1505.5900,4930.1300
2024-03-13,2597.1000,3213.0600,2092.0900,4261.2200,3467.3600,7431.0700,19566.3800,1516.6400,2014.2400,7710.7700,2271.8200,2031.8700,2048.5300,1863.2200,7831.7200,2281.8500,4494.2700,1852.1600,6851.0900,1292.5000,3972.9100,640.8300,2448.1200,3170.6200,1446.7300,5553.6900,1397.3800,3096.6100,2308.0000,1497.8700,4900.6600
2024-03-14,2568.0300,3192.1300,2082.4400,4323.7200,3408.6900,7456.9800,19512.1500,1517.0300,2014.6700,7743.1600,2269.0000,2043.5100,2060.4600,1856.4800,7828.7200,2281.5500,4485.4400,1858.9200,6775.0900,1271.4400,3913.0300,625.0600,2443.8600,3165.6600,1436.0700,5543.8100,1390.6000,3115.2300,2326.6100,1510.1800,4867.0400
2024-03-15,2581.2800,3246.2400,2121.6700,4472.6000,3443.9100,7417.9000,19632.6300,1536.3300,2034.7000,7754.0700,2284.6100,2055.7200,2057.5500,1883.7900,7847.1200,2321.1200,4514.8900,1867.0400,6756.5600,1281.7100,3940.4000,627.5200,2494.2400,3186.9200,1442.2900,5612.2200,1407.7100,3079.5300,2333.1100,1543.1400,4864.3300
2024-03-18,2601.1200,3284.5100,2117.6100,4485.8800,3537.7300,7337.7000,19646.2000,1541.9400,2057.8700,7862.3400,2303.6200,2076.1800,2057.7100,1903.4100,8012.3500,2363.4900,4536.2500,1905.6900,6939.4400,1314.1400,4027.0600,645.6900,2540.8800,3179.9700,1466.9500,5752.6500,1431.0900,3037.4200,2342.7900,1560.3100,4898.7700
2024-03-19,2658.5400,3272.7800,2137.8100,4464.0000,3526.7400,7329.4700,19769.5400,1528.5600,2051.3600,7762.2900,2283.4700,2051.7000,2041.3400,1881.9900,7936.5600,2386.7100,4499.0400,1888.9200,6852.9800,1311.2000,4008.3500,641.1400,2529.8900,3152.0000,1441.3500,5683.3600,1415.9800,3071.8800,2332.1100,1544.5200,4927.7800
2024-03-20,2680.1300,3284.7400,2122.9800,4459.4700,3536.2900,7298.1500,19732.1300,1533.7100,2065.3800,7783.0100,2294.8600,2076.8100,2046.3000,1900.6000,8081.0600,2419.9900,4495.3100,1903.7700,6886.7200,1315.6500,4086.4500,664.9200,2534.6700,3176.2700,1444.5300,5714.8800,1422.1800,3085.4900,2359.8600,1552.8900,4917.6300
2024-03-21,2754.6000,3272.9600,2119.1800,4488.0100,3524.2000,7194.1900,19759.9300,1535.1900,2064.2900,7720.0300,2288.2800,2072.6000,2058.4400,1899.2400,8151.6600,2429.4000,4468.4000,1901.8400,6828.5600,1319.2100,4077.9900,673.5200,2525.8400,3199.2000,1449.5900,5719.0700,1418.4300,3079.8300,2353.1900,1548.5200,4849.1000
2024-03-22,2697.1100,3230.6100,2093.6200,4379.4300,3503.9100,7268.2400,19464.8100,1518.5500,2047.4400,7588.7400,2276.9300,2044.7900,2030.1700,1876.8200,8023.0000,2394.3500,4397.9300,1870.3600,6685.0500,1298.5600,4038.7000,686.5200,2538.3300,3188.1100,1419.3700,5665.7800,1401.8300,3089.5200,2317.1100,1526.5300,4804.5700
2024-03-25,2655.3900,3187.3300,2083.5700,4393.7300,3397.8200,7265.6500,19278.2300,1502.1600,2033.4900,7479.0100,2272.4900,2036.0700,2043.0500,1842.2700,7812.8700,2340.3900,4414.8500,1854.7300,6570.2400,1265.4300,3921.7000,653.2500,2479.7200,3201.4600,1387.2900,5578.2900,1378.1700,3081.3300,2335.7800,1506.4500,4748.9200
2024-03-26,2671.0900,3216.7400,2079.3600,4380.6500,3373.1200,7250.0800,19538.8100,1505.7900,2031.0500,7448.9400,2285.9700,2038.5200,2071.8200,1843.9200,7801.6500,2351.1500,4456.0500,1861.0100,6693.3800,1258.8000,3835.4500,636.7700,2428.6900,3247.3900,1395.0200,5643.4300,1374.5400,3016.7100,2327.8900,1526.5900,4753.1000
2024-03-27,2638.5500,3150.0900,2050.3900,4310.6100,3245.7400,7261.5900,19324.5600,1487.0000,1984.5300,7359.2200,2264.6400,2015.2200,2011.0800,1797.3300,7538.9700,2280.5600,4339.4700,1819.8000,6468.2500,1211.8500,3653.3900,610.9500,2338.1600,3260.8800,1372.4700,5452.1900,1334.1900,3010.0400,2303.7800,1485.8300,4684.5200
2024-03-28,2632.2800,3187.5800,2058.9300,4401.5900,3325.7000,7423.3500,19324.1200,1500.5700,2015.7900,7397.2300,2277.2000,2032.2800,2018.6900,1831.4600,7721.8600,2324.9300,4358.4000,1842.2900,6537.4900,1265.5000,3799.4700,629.2700,2408.6100,3215.7400,1377.9200,5534.3000,1364.7900,3018.7300,2326.4100,1505.1600,4696.2200
2024-03-29,2691.4700,3240.8600,2087.9500,4542.3100,3348.5900,7421.0900,19355.9500,1533.1300,2028.8600,7412.1000,2307.5100,2056.1900,1994.8000,1839.2400,7801.9000,2374.1400,4375.1000,1865.3800,6600.9400,1290.6300,3777.2600,621.1800,2442.9000,3217.1200,1383.8300,5550.5100,1388.4100,3073.3900,2411.7300,1536.8200,4759.7700
2024-04-01,2755.6100,3321.4700,2112.1600,4635.4400,3426.8500,7597.3500,19731.5200,1548.5400,2078.2200,7541.2800,2304.3400,2083.8000,2015.7300,1882.4300,8006.1800,2405.0600,4499.3600,1905.3100,6797.7200,1303.5900,3863.7300,642.1900,2486.9800,3247.8500,1404.9200,5726.6200,1416.7900,3041.5300,2416.5500,1570.9900,4837.9300
2024-04-02,2733.2700,3367.0800,2141.4500,4698.4500,3370.2200,7567.5800,19612.0200,1558.5800,2086.9800,7467.9700,2319.6500,2095.2700,1992.6800,1876.4700,7970.5500,2414.0200,4510.1100,1898.4500,6838.2100,1283.9400,3780.7300,627.0700,2449.2800,3252.5500,1396.1100,5689.8200,1406.0000,3068.6900,2464.7500,1579.9700,4797.0000
2024-04-03,2783.2900,3373.3600,2158.0700,4851.4400,3339.1000,7580.4700,19606.7300,1573.1600,2087.8100,7455.4400,2314.6600,2097.0700,1965.8300,1880.4000,7914.5700,2409.3400,4498.9700,1895.3500,6758.3100,1265.2300,3681.3900,611.6000,2388.7000,3234.3900,1385.1400,5594.4300,1390.1700,3145.4100,2494.1700,1583.9000,4698.8700
2024-04-08,2761.0800,3311.3100,2147.2500,4835.8500,3256.9100,7443.9800,19009.4000,1556.8400,2033.6500,7296.9800,2368.7800,2078.2900,1927.4200,1834.9400,7733.4400,2385.0600,4395.5700,1864.7100,6612.2900,1236.7200,3627.3600,600.3200,2384.5700,3252.7600,1364.2900,5601.6400,1364.2700,3130.9800,2477.9900,1555.4200,4498.1500
2024-04-09,2753.8800,3364.1500,2157.0600,4858.6900,3286.9000,7388.5600,19007.2100,1563.9200,2068.3800,7438.6100,2358.1200,2072.7500,1940.5400,1852.4600,7851.1400,2412.8000,4453.9500,1852.5900,6754.1700,1240.9100,3642.9900,605.7000,2378.3700,3237.8000,1366.6100,5597.3200,1369.0600,3138.4500,2441.3500,1561.1400,4588.8500
2024-04-10,2698.1900,3327.5200,2131.4700,4884.1700,3190.6300,7341.0600,18770.6400,1554.8300,2032.4500,7316.0800,2372.8400,2071.5700,1876.2100,1822.5900,7781.6700,2375.4200,4365.8200,1818.2900,6623.0300,1218.3000,3543.6300,587.8600,2317.9800,3241.5400,1340.1000,5538.2000,1359.4400,3179.9100,2446.3500,1538.3800,4542.4200
2024-04-11,2665.0400,3330.0800,2151.6600,4874.9500,3182.0600,7363.9300,18741.4600,1545.4400,2027.2300,7278.4400,2389.9500,2075.6600,1870.8600,1819.7400,7920.7800,2381.8400,4392.7500,1830.7900,6653.1300,1208.8300,3561.2600,599.0300,2322.1400,3234.2800,1335.8200,5583.6600,1376.5600,3217.9500,2458.8200,1559.5100,4536.8800
2024-04-12,2615.0200,3309.2400,2144.9400,4926.9600,3194.5300,7402.0800,18496.2500,1564.8700,2007.8100,7229.6000,2367.0700,2076.1400,1825.5900,1803.1300,7856.2800,2355.2800,4314.4200,1806.2700,6510.4200,1201.3200,3525.9300,587.8600,2358.2000,3216.5500,1306.2000,5551.9600,1370.0300,3203.8600,2471.6000,1539.3200,4511.6700
2024-04-15,2587.4800,3268.8700,2145.0000,4884.9900,3184.3200,7547.5300,18940.5200,1515.6400,1943.9300,7219.7100,2387.8100,2096.5700,1806.5000,1756.8900,7621.8400,2238.1500,4313.9900,1837.7700,6560.6800,1218.6000,3475.6800,577.8300,2355.5900,3275.9000,1332.9700,5524.9100,1363.2700,3279.7300,2506.2400,1493.9000,4505.0700
2024-04-16,2530.0000,3129.8400,2094.3100,4643.8900,3052.0300,7547.8400,18711.0000,1444.1500,1859.8700,7034.9800,2335.3700,2048.1800,1759.8500,1673.8400,7118.2600,2100.4000,4185.2600,1787.1100,6334.6900,1161.2200,3309.6200,551.0100,2272.8900,3276.8000,1312.0700,5326.5900,1299.1000,3276.3100,2474.8600,1417.8700,4423.1000
2024-04-17,2577.8800,3241.5700,2169.0900,4773.0600,3197.3000,7687.5300,18794.0100,1492.5200,1936.2700,7191.4000,2380.0700,2098.5900,1808.4500,1731.9500,7456.4400,2178.1400,4338.8200,1859.6700,6525.2200,1208.6700,3478.3000,576.3400,2383.8200,3332.8300,1339.4600,5528.8900,1369.9800,3310.3000,2505.2700,1498.2300,4516.8700
2024-04-18,2594.6600,3243.2000,2178.7600,4838.7500,3184.1400,7826.6800,18864.6100,1495.4800,1933.6200,7151.1100,2345.6800,2094.9000,1794.5300,1723.4400,7501.8700,2166.0900,4337.6700,1853.6600,6508.1500,1215.9100,3458.9300,570.7900,2370.9600,3365.8400,1353.9200,5568.8100,1363.6800,3303.1400,2475.5400,1484.6900,4511.8200
2024-04-19,2592.5300,3279.8000,2201.5600,4812.9400,3111.9500,7814.1300,18633.0600,1500.1100,1922.8400,7106.8300,2341.1400,2101.1800,1773.2500,1694.8100,7377.8200,2145.7400,4333.5100,1859.4600,6363.5300,1234.1800,3387.0800,561.5100,2342.3500,3360.7700,1345.9600,5559.1300,1360.6400,3309.1500,2544.3300,1498.4700,4431.2200
2024-04-22,2656.8100,3238.4600,2162.5500,4694.7400,3102.4200,7772.7900,18934.2100,1480.3200,1911.1400,7164.2500,2323.9700,2093.8200,1761.3200,1683.4000,7446.1900,2093.1100,4345.4100,1832.1300,6329.6900,1254.7300,3376.2400,554.9700,2294.4700,3336.0300,1348.6100,5502.1800,1340.1800,3160.2200,2452.4100,1480.5600,4512.9700
2024-04-23,2651.3800,3200.1600,2107.0300,4500.7000,3101.3200,7680.5500,19113.3800,1470.0400,1904.4600,7227.5800,2291.2700,2075.0500,1750.2100,1677.2800,7435.7800,2081.7200,4267.3300,1811.9300,6285.9300,1239.4900,3385.3000,559.3600,2298.4500,3332.6100,1347.4900,5459.6000,1336.0700,3088.1700,2410.9100,1479.8100,4622.8600
2024-04-24,2640.5300,3224.2000,2125.6500,4570.0200,3176.4900,7687.7700,19158.8500,1479.8700,1925.7300,7233.8700,2321.3900,2095.6500,1746.8400,1695.7800,7541.9900,2096.5600,4262.2300,1836.3400,6289.5500,1270.2200,3496.4700,570.7300,2384.3200,3322.7600,1356.9500,5556.3400,1356.8800,3071.7400,2429.6300,1497.2300,4645.5200
2024-04-25,2641.1800,3261.3000,2135.6700,4588.2200,3181.6100,7700.6300,19122.3500,1478.2000,1937.2800,7301.4500,2314.7800,2121.6000,1756.5200,1702.1100,7513.8700,2110.3400,4274.7000,1838.0200,6317.2600,1249.8700,3464.1000,565.1400,2366.1400,3370.2200,1357.9700,5541.5300,1348.1100,3099.5600,2436.6600,1504.3400,4640.5900
2024-04-26,2649.2400,3306.1400,2143.3500,4714.8600,3274.1900,7751.5700,19379.9600,1481.8800,1964.5100,7421.6200,2316.4600,2119.8200,1828.1700,1734.7300,7585.1900,2154.7100,4319.0100,1849.8900,6429.8900,1269.6600,3582.7200,578.8800,2456.2500,3324.2700,1418.2500,5693.7400,1368.8500,3077.3500,2453.3900,1516.4300,4662.2500
2024-04-29,2672.1300,3400.0800,2166.6000,4697.2500,3371.3800,7855.4000,19499.5300,1504.5900,2018.7100,7573.2300,2325.7700,2110.1800,1946.6500,1783.0100,7772.4600,2204.5700,4485.4900,1865.7100,6684.5900,1286.1100,3686.2400,597.5000,2497.8800,3358.2200,1440.9000,5763.0300,1391.6700,3074.4000,2431.8600,1555.8200,4761.3600
2024-04-30,2671.1500,3387.0000,2128.0200,4651.5100,3336.7400,8051.8900,19506.7500,1511.2100,2009.6300,7606.1200,2337.4800,2106.3700,1909.7400,1776.4200,7622.5400,2171.1100,4419.3400,1825.2200,6549.8000,1264.8600,3649.9600,588.7000,2479.6500,3373.5700,1415.8100,5692.3400,1379.9800,3101.4900,2433.9200,1552.6600,4750.6900
2024-05-06,2702.7600,3515.1600,2162.2700,4700.6200,3390.9400,8294.0700,20069.8800,1536.6400,2070.8900,7825.6800,2365.9500,2144.0100,1920.2900,1799.6100,7673.4100,2218.7100,4520.4100,1854.0200,6691.1400,1278.2500,3674.5300,593.9200,2471.4300,3373.4800,1433.9200,5799.8700,1415.4800,3116.8800,2454.2600,1580.7800,4942.6300
2024-05-07,2720.1700,3571.7700,2152.7200,4727.8200,3375.0100,8215.0100,20128.9500,1536.2800,2076.1900,7857.3400,2347.2000,2136.2400,1950.1100,1797.1400,7706.2100,2218.3800,4564.6300,1855.6400,6704.9200,1316.7500,3658.3700,594.9700,2449.3200,3371.8400,1432.2500,5796.1700,1421.9700,3144.0900,2459.9700,1581.7900,4942.2600
2024-05-08,2779.0300,3533.9900,2126.1200,4691.5300,3319.7600,8158.0600,19987.6100,1519.9500,2053.9400,7823.4700,2340.6400,2127.9400,1892.6200,1764.7500,7575.7500,2205.2400,4491.1000,1829.4000,6590.0600,1299.8700,3554.9400,575.7400,2415.6400,3373.2900,1410.8800,5709.4900,1400.4100,3222.1300,2445.1900,1567.6500,4875.3000
2024-05-09,2805.6300,3555.6800,2158.0400,4809.1300,3370.3700,8261.7900,19989.3000,1527.3200,2082.8100,7896.4600,2353.4300,2176.2200,1923.6200,1785.5500,7639.2800,2235.2100,4563.5700,1857.3500,6786.9500,1340.3500,3588.1100,582.3700,2418.8700,3380.7100,1422.3500,5784.0200,1429.5700,3221.6500,2446.5300,1588.8100,4958.5600
2024-05-10,2823.4100,3523.0400,2152.2200,4845.3400,3306.8900,8297.0000,19842.4600,1520.0800,2083.7400,7804.3700,2384.9700,2174.1200,1993.3800,1778.8100,7621.8300,2235.9900,4619.4500,1859.5800,6716.1500,1323.9400,3531.8500,577.0700,2401.6200,3419.0500,1436.1700,5735.3800,1414.4700,3230.9400,2451.7100,1578.6500,4873.2700
2024-05-13,2841.1100,3480.1000,2146.6100,4779.8300,3276.0500,8409.5800,19506.3700,1524.4500,2052.3000,7747.9400,2418.3000,2193.9300,1968.0300,1752.9200,7501.9900,2219.9600,4588.4000,1864.5900,6677.2400,1305.1500,3471.6400,566.7000,2389.5200,3441.6600,1436.4400,5687.0600,1399.8000,3199.2600,2438.5800,1576.3200,4805.4100
2024-05-14,2853.6800,3466.0100,2134.3500,4814.8700,3281.4800,8277.3600,19543.2900,1556.8300,2088.2300,7803.8600,2412.6500,2200.4800,1977.1300,1761.4900,7587.4500,2227.3900,4568.8000,1868.5100,6645.1400,1298.2300,3501.3200,579.7600,2385.3800,3420.7600,1439.5700,5733.7600,1397.8400,3151.8400,2431.1700,1585.8500,4901.8500
2024-05-15,2811.9300,3456.6200,2124.1400,4767.4000,3251.9500,8239.2300,19457.1200,1552.7500,2093.4200,7683.4100,2368.5700,2188.9900,2017.1900,1757.1400,7509.2400,2205.6900,4626.4100,1857.3300,6574.8200,1283.2400,3453.9900,574.1700,2370.6800,3418.7000,1408.5000,5650.4200,1386.7900,3162.4900,2415.4100,1568.0900,4851.5600
2024-05-16,2824.8200,3450.2100,2138.6900,4725.7900,3271.7700,8157.9900,19553.8700,1540.7700,2112.3700,7643.7000,2347.2400,2168.9100,2091.3000,1767.0200,7562.2500,2213.3200,4747.8900,1885.4000,6555.8600,1280.4700,3478.2100,574.2000,2390.7300,3479.5500,1420.4400,5615.2400,1385.4900,3138.1200,2412.2400,1571.8600,4811.3400
2024-05-17,2859.8000,3503.6500,2160.0900,4801.0200,3319.9300,8101.4700,19766.0200,1539.8400,2141.3200,7638.6100,2362.6000,2197.7400,2245.5200,1790.9000,7638.3900,2242.0100,4851.7500,1915.3600,6603.1100,1306.9200,3531.4100,573.7800,2414.5500,3519.6300,1454.1200,5634.5300,1397.7700,3163.0300,2430.7900,1579.3100,4838.3100
2024-05-20,2927.5300,3522.2900,2167.8700,4979.9100,3322.2400,7976.8000,19832.4900,1537.9200,2118.9700,7646.4300,2393.7900,2220.2100,2213.3200,1790.6000,7744.8100,2246.1400,4838.0000,1908.2500,6612.4900,1323.7400,3560.5300,575.0400,2438.5200,3503.7300,1458.6600,5644.4000,1396.0200,3268.6700,2468.2000,1577.3900,4851.7000
2024-05-21,2925.8300,3467.9700,2148.7500,4826.0100,3315.8200,7968.5300,19811.8000,1528.0300,2096.2600,7578.7600,2383.3800,2217.0800,2214.2100,1782.7700,7662.2200,2217.2900,4805.6800,1894.7300,6534.6300,1299.7700,3518.6300,574.0700,2421.3400,3530.7400,1451.8800,5601.5300,1383.2300,3299.6500,2440.9800,1561.1000,4816.5600
2024-05-22,2910.4800,3466.0900,2152.8300,4790.3400,3338.4900,7880.7800,19661.8400,1526.6600,2086.4300,7540.1500,2382.1900,2206.8800,2243.6400,1787.6000,7646.9300,2212.2000,4809.3200,1915.1000,6712.4700,1296.9800,3540.2300,575.4300,2410.6000,3547.0400,1453.9400,5573.7400,1384.3500,3302.0200,2424.3600,1565.6200,4829.5900
2024-05-23,2861.3500,3387.3200,2101.3400,4627.5200,3287.3600,7854.5300,19450.4100,1499.0600,2044.7200,7421.5500,2354.0600,2180.9600,2203.4900,1742.8300,7406.0400,2165.1000,4701.5600,1880.6300,6580.8300,1287.4300,3458.2700,559.4500,2379.9600,3525.2300,1428.1000,5481.0800,1363.9500,3258.7600,2397.0500,1530.2900,4720.4200
2024-05-24,2875.9600,3370.8000,2091.6800,4623.1800,3204.2200,7843.7800,19225.4200,1490.3700,2019.1200,7353.0600,2400.0800,2170.4300,2127.3200,1719.5700,7334.5300,2146.8100,4647.5700,1862.0300,6521.3700,1257.4800,3384.1600,551.4600,2344.6800,3495.1600,1406.1600,5398.6500,1352.4900,3232.2400,2404.9500,1531.3900,4641.3000
2024-05-27,2881.9900,3402.6200,2104.9300,4701.2500,3272.8400,7957.0000,19230.7400,1498.2600,2025.0200,7395.3300,2431.4100,2207.4300,2124.8100,1735.9700,7370.3700,2145.2400,4617.4400,1867.1600,6552.5000,1262.2800,3406.6000,554.0500,2376.7800,3537.3700,1418.2400,5443.5000,1365.6000,3298.5000,2435.1300,1544.3800,4680.3000
2024-05-28,2839.1400,3360.1500,2095.1200,4700.5900,3244.9500,7858.7400,19063.6200,1483.1500,1983.4100,7322.9800,2463.6500,2192.4300,2068.6900,1710.0600,7301.4900,2109.3800,4543.0600,1847.4700,6516.9900,1255.2600,3357.0900,540.6000,2335.9400,3524.1100,1404.0100,5377.4000,1347.3900,3324.2100,2441.5500,1532.9300,4598.2500
2024-05-29,2839.2000,3374.0700,2099.7100,4823.8600,3240.2100,7791.1700,19075.1600,1485.0700,1983.3100,7299.2600,2461.9900,2188.1000,2076.1700,1715.6000,7341.7400,2111.4500,4543.2000,1845.1600,6591.8100,1249.1900,3347.5900,540.3000,2326.5400,3494.2600,1402.6000,5446.2000,1345.0700,3358.0800,2462.0600,1539.6900,4590.9300
2024-05-30,2808.5200,3361.6400,2090.2700,4666.9400,3291.6900,7753.1800,18801.9300,1475.0800,1959.2100,7273.0100,2423.9900,2162.1600,2027.7000,1691.1400,7259.3900,2084.4400,4491.7100,1823.5100,6571.2600,1270.1400,3346.2800,537.0000,2318.8900,3466.9500,1397.2900,5471.6200,1342.4400,3293.5000,2417.5100,1539.2200,4571.6600
2024-05-31,2786.7700,3337.6700,2080.7400,4638.4400,3295.1700,7729.7100,18790.1100,1486.8900,1962.4900,7284.2400,2411.0000,2156.2200,2026.9800,1694.1600,7316.1400,2069.9600,4432.7600,1822.6900,6512.2300,1288.0600,3395.0900,542.9200,2327.5500,3473.3800,1395.4400,5490.7300,1349.6800,3297.7500,2401.6800,1536.4400,4575.4500
2024-06-03,2790.5500,3283.5000,2031.3800,4539.0800,3334.6400,7815.2900,18730.8800,1460.9700,1925.5400,7209.8700,2418.2700,2155.0800,1994.4000,1668.9100,7175.1400,2004.6800,4382.5900,1807.8900,6496.6100,1278.4900,3358.3300,538.0200,2356.1000,3441.0700,1385.0900,5481.8700,1332.7400,3300.5400,2377.9100,1504.0800,4517.7600
2024-06-04,2798.4200,3294.2700,2050.2200,4585.5000,3315.5100,7801.6900,18896.5800,1474.5700,1923.9700,7307.3400,2448.6000,2181.1400,2029.1800,1687.0700,7149.6800,2001.5900,4439.6500,1826.3300,6611.9500,1285.0400,3344.0100,538.5400,2352.4100,3454.9700,1393.2600,5484.6900,1327.9000,3241.8300,2375.8300,1496.0100,4584.8900
2024-06-05,2752.8200,3243.7400,2013.0900,4478.4800,3308.9000,7686.1500,18633.1800,1443.5100,1884.1100,7270.8200,2439.2900,2160.2400,1976.3400,1666.3400,7038.4100,1967.8200,4372.5800,1796.8300,6516.9800,1293.7900,3331.3600,526.8800,2313.0800,3421.1100,1385.9800,5456.9900,1302.4500,3219.0000,2329.6700,1470.0200,4537.9100
2024-06-06,2699.2800,3188.5100,1980.7400,4512.5000,3297.3600,7764.7900,18479.3100,1400.5300,1832.6100,7151.2700,2438.0600,2146.9700,1942.3100,1624.5900,6807.4400,1883.9000,4285.8800,1760.1200,6381.9000,1259.4600,3229.2800,513.0200,2288.5200,3414.0500,1366.9200,5348.6100,1280.7600,3271.5600,2333.2600,1421.7300,4457.2300
2024-06-07,2725.3500,3211.3100,2004.2100,4517.8000,3279.8500,7699.3000,18282.1000,1423.6600,1849.4800,7138.1900,2478.8700,2179.7500,1983.3300,1652.3500,6902.7300,1916.5200,4315.3600,1779.3000,6254.6000,1266.0900,3229.2100,517.1100,2270.2700,3432.1700,1359.9800,5361.3400,1291.4500,3291.4500,2341.9800,1456.8000,4449.0900
2024-06-11,2704.8300,3220.9700,1977.4500,4412.5200,3367.9900,7667.9000,17882.7700,1413.0300,1840.3000,7210.4800,2460.5100,2123.9700,1960.3900,1636.8400,6903.3100,1918.2000,4281.4100,1754.8800,6250.7800,1282.6700,3291.7700,519.2800,2284.3100,3372.2900,1356.2700,5384.3000,1292.4600,3242.4500,2319.7600,1450.8700,4448.9300
2024-06-12,2701.7000,3234.6600,1978.4700,4460.6500,3389.2300,7703.9200,17904.3100,1425.6300,1851.5800,7216.7200,2477.5700,2130.6800,1955.2600,1649.1500,6949.4800,1930.6700,4287.2000,1766.3000,6226.5700,1287.4300,3314.8300,531.1700,2300.3500,3358.8100,1352.2000,5399.7100,1308.7500,3350.8500,2356.4900,1465.0800,4438.6000
2024-06-13,2623.8300,3190.0500,1944.0600,4380.5300,3413.2000,7620.2400,17678.5100,1401.2000,1829.9100,7147.6300,2486.5500,2101.0700,1922.0400,1630.1200,6866.2900,1885.4000,4183.2800,1747.3200,6230.2800,1291.6900,3320.1100,525.7600,2325.9800,3335.8900,1350.2600,5418.4900,1305.9700,3315.3100,2323.4100,1455.8000,4389.2200
2024-06-14,2643.8500,3176.1700,1968.8000,4402.1700,3433.1400,7707.9000,17753.2900,1403.0600,1842.0900,7084.9600,2450.4600,2098.5800,1954.1000,1623.5600,6891.7500,1893.6300,4224.9100,1755.4000,6228.4500,1275.1800,3347.2800,527.8300,2406.7000,3346.2300,1376.3300,5432.8400,1298.3700,3295.1600,2323.2700,1450.9400,4365.3900
2024-06-17,2619.4100,3159.3900,1926.9200,4352.0900,3511.8800,7617.2600,17656.7900,1384.8000,1812.7800,7083.5900,2423.1000,2088.4000,1918.5400,1604.0900,6848.2300,1859.2400,4174.5700,1743.1700,6293.8600,1277.9600,3324.8800,521.1000,2421.3600,3317.6400,1373.6200,5477.8100,1296.9000,3223.1300,2293.0000,1447.2500,4329.1500
2024-06-18,2608.2700,3192.9200,1942.9000,4380.2600,3535.9400,7642.6600,17433.4400,1388.4100,1821.2300,7047.8000,2423.7200,2109.1100,1910.6700,1613.5000,6878.0300,1888.8300,4193.5500,1773.1700,6337.1800,1289.8400,3391.0500,523.1200,2471.8400,3328.0900,1381.4700,5582.4700,1318.9200,3224.4100,2312.5600,1460.8400,4375.0200
2024-06-19,2571.7300,3164.1400,1936.5800,4402.0100,3519.8900,7535.6400,17281.9500,1377.7400,1810.4600,6964.1000,2408.5300,2097.1700,1895.8200,1591.8400,6778.9800,1877.2900,4149.1300,1778.9900,6210.4300,1272.2500,3372.4700,515.3400,2467.5300,3364.4900,1370.4700,5510.7500,1303.8800,3201.1300,2331.3700,1451.2600,4318.3200
2024-06-20,2550.1800,3111.8200,1913.0700,4374.0800,3490.2100,7492.3700,17099.3700,1352.7800,1771.0900,6866.7000,2405.0400,2086.8500,1840.7100,1548.4300,6657.7600,1829.9300,4071.1400,1744.3900,6085.1100,1244.0700,3286.4500,501.6100,2427.9500,3347.0700,1356.0400,5427.8200,1278.3500,3240.0800,2337.5700,1425.2200,4254.6400
2024-06-21,2555.7700,3109.2000,1907.0400,4340.5200,3496.9200,7456.2400,16864.6600,1350.9200,1764.1900,6892.4600,2404.5200,2086.8200,1841.4700,1539.7500,6593.6200,1809.1300,4133.3500,1764.5700,6045.8500,1244.7600,3283.2700,500.7800,2437.4900,3338.0600,1358.4600,5451.3100,1276.4000,3208.8600,2331.5900,1431.2500,4235.3400
2024-06-24,2494.6400,3042.1900,1871.6300,4259.4500,3402.1400,7452.5500,16869.9200,1316.5300,1718.2400,6737.9900,2404.6900,2052.0800,1781.5500,1497.1300,6349.8800,1745.8400,4038.7100,1723.7300,5938.1900,1209.6700,3170.5000,483.6100,2372.1000,3344.2000,1347.9300,5313.1600,1240.2400,3148.3100,2316.7100,1388.2100,4186.5400
2024-06-25,2488.1500,3070.1800,1878.5800,4261.0600,3298.5500,7487.3400,16907.6600,1323.8500,1734.2300,6707.2300,2393.8800,2053.0100,1804.6600,1498.0500,6427.4100,1754.8700,4071.4100,1717.3600,5855.0600,1193.4100,3108.4300,479.4400,2318.5500,3359.5300,1332.0800,5330.2200,1246.4800,3138.4200,2331.5600,1389.5600,4159.2100
2024-06-26,2503.1200,3113.7700,1905.5900,4315.0500,3397.5000,7434.8100,16943.7100,1343.1700,1761.6600,6844.4300,2402.0100,2059.9000,1811.6200,1524.3000,6523.8600,1788.1200,4120.7000,1733.0500,5937.5200,1219.7200,3251.8200,505.9400,2381.7500,3360.6500,1343.4800,5394.3900,1266.9800,3138.3100,2339.0900,1411.9900,4273.3500
2024-06-27,2485.2400,3036.1100,1877.0500,4208.2100,3353.7400,7308.1000,16811.1600,1317.8300,1732.0100,6703.7300,2380.8600,2039.3900,1774.5700,1489.1500,6418.5100,1757.9100,4048.6000,1713.7000,5829.6500,1200.7600,3192.5800,499.0600,2345.3300,3388.6000,1330.6900,5280.3200,1241.5700,3104.9500,2302.2300,1385.7200,4198.1700
2024-06-28,2479.8500,3035.1800,1877.1600,4298.4900,3400.3800,7301.3400,16576.0600,1316.0600,1730.1900,6652.7300,2428.5200,2061.9600,1753.9600,1485.0600,6393.7700,1764.9400,4027.9000,1732.4700,5826.7600,1239.2100,3170.7000,495.9900,2395.5500,3404.0300,1310.7900,5337.3500,1256.8500,3115.0100,2353.2000,1392.3300,4167.1000
2024-07-01,2543.1600,3094.2900,1909.1700,4400.8300,3388.4800,7273.0800,16471.8000,1333.1900,1754.0900,6700.6100,2482.3700,2088.5300,1836.5800,1500.4200,6452.6500,1794.1700,4120.2900,1757.0700,5805.4100,1237.0200,3163.7000,500.0600,2423.5800,3446.0800,1316.4100,5358.0800,1261.0700,3216.7400,2388.8800,1417.7000,4171.7900
2024-07-02,2526.6000,3053.5900,1921.8200,4341.1100,3338.9200,7142.9500,16759.1400,1321.9700,1749.2100,6653.0600,2490.8900,2090.8300,1821.0500,1504.5000,6450.1300,1820.2600,4093.9100,1752.8300,5728.8600,1227.1000,3185.3400,502.3600,2415.1900,3501.3400,1316.2100,5283.3100,1241.4700,3213.2600,2394.8800,1419.7200,4128.3900
2024-07-03,2520.1800,3036.3200,1919.8500,4335.5200,3349.9700,7090.9000,16731.7100,1312.2600,1739.9600,6585.1500,2477.9900,2077.0300,1840.6600,1556.3800,6492.8400,1830.7000,4083.1800,1744.3400,5706.0600,1206.3800,3127.0900,499.2800,2386.3300,3468.2200,1318.9700,5235.1500,1223.9500,3159.3800,2379.7100,1409.6200,4075.8800
2024-07-04,2468.9000,2988.7600,1894.8700,4303.0200,3301.3300,7140.0500,16521.1200,1283.6200,1695.3600,6458.6500,2462.0100,2053.7000,1777.5700,1501.1800,6294.5900,1782.9100,3999.6600,1714.3400,5627.7900,1187.5200,3046.4600,487.1100,2360.9900,3473.9300,1298.7900,5196.7400,1207.8800,3140.4100,2371.9600,1371.6300,3978.8000
2024-07-05,2485.9500,3009.0000,1913.2900,4410.6800,3299.8200,7095.1900,16301.1500,1298.4200,1706.0800,6659.9100,2452.1300,2050.6900,1768.2200,1521.1000,6387.0100,1796.2700,4018.7400,1710.5200,5641.4400,1192.6900,3083.6800,493.0400,2369.5800,3399.3200,1291.5200,5205.8600,1212.5900,3127.7300,2363.5000,1379.0900,4022.8500
2024-07-08,2466.2500,2942.3700,1896.1100,4356.3400,3284.4200,7045.1800,15943.4400,1271.3700,1659.6600,6472.6300,2473.5600,2018.6300,1715.5800,1476.5200,6243.9800,1743.1100,3957.1400,1667.6400,5531.6500,1167.0500,2978.9600,477.3800,2355.9200,3415.7300,1266.4800,5143.9900,1184.4000,3062.2500,2348.1900,1358.4000,3932.2200
2024-07-09,2415.9100,2979.1100,1906.1400,4442.4600,3436.0000,7087.2700,16091.6400,1271.8000,1667.3000,6484.8700,2500.8000,2046.3900,1727.7500,1482.0300,6315.7100,1754.2500,3920.0100,1675.8000,5591.5000,1185.2700,3041.0200,482.9200,2447.5200,3432.7600,1290.9100,5312.3600,1206.6200,3086.5400,2352.9700,1377.0900,3993.8200
2024-07-10,2429.8900,2955.6300,1884.6300,4370.4700,3456.8400,7048.1000,16086.8300,1255.9800,1649.3500,6464.5600,2447.2000,2022.5600,1702.9100,1463.9600,6276.4700,1739.3500,3893.6000,1652.8300,5537.9000,1182.4700,3043.9600,475.2900,2449.2900,3422.3500,1295.3500,5361.7700,1202.2400,2946.5100,2313.9700,1362.5600,4023.2600
2024-07-11,2460.7300,3043.1100,1921.0700,4536.4300,3522.3000,7153.6500,16457.1700,1278.6000,1698.1800,6629.3300,2470.7000,2042.8300,1743.3200,1523.8700,6446.8500,1796.3600,3979.4700,1688.0800,5699.0300,1213.2300,3118.6200,481.7300,2458.0700,3368.4100,1307.8800,5455.2200,1237.2900,2965.4500,2355.2300,1395.6600,4138.3700
2024-07-12,2435.7000,3040.9900,1911.6500,4455.3600,3501.8000,7215.4000,16493.5800,1278.9900,1698.7000,6654.5500,2443.1300,2028.5500,1787.8700,1524.9000,6427.8700,1797.1000,4005.3100,1687.4000,5731.7700,1206.6000,3086.3700,478.5200,2432.5000,3427.6300,1310.6700,5485.5400,1225.1200,2893.4400,2346.1700,1391.7000,4149.6900
2024-07-15,2480.9500,3007.7600,1914.8800,4489.5800,3475.5200,7118.2300,16464.0600,1276.2200,1667.6300,6571.3600,2451.5900,2026.2200,1759.7100,1508.2600,6305.1500,1773.1000,3975.1600,1678.3700,5646.8400,1199.7200,3035.9100,475.6500,2406.6000,3458.1700,1309.8100,5450.9900,1208.2900,2950.5700,2359.1500,1378.4000,4078.9300
2024-07-16,2495.1100,2982.4000,1909.4500,4527.4300,3576.9400,7079.0500,16435.4200,1262.7500,1653.4900,6563.6000,2457.5400,2029.9500,1769.7100,1512.3100,6279.4100,1787.5900,3946.9700,1676.0900,5711.0400,1208.9200,3086.0700,475.3900,2423.0300,3438.7600,1306.3200,5458.9400,1206.3000,2948.7100,2353.1600,1373.7300,3994.1800
2024-07-17,2515.1400,2955.2200,1897.7600,4401.0100,3491.8900,6986.0400,16762.1000,1257.0900,1647.6800,6651.3100,2420.6400,2028.9500,1796.4200,1535.6000,6301.2700,1802.9200,3994.7400,1673.6800,5686.7200,1195.6900,3045.1700,476.9000,2361.4900,3454.6100,1322.4700,5383.1200,1188.6500,2888.4900,2304.4900,1361.4300,4028.5900
2024-07-18,2517.3900,2960.1400,1907.2500,4401.0100,3473.2900,7073.5500,16785.5300,1250.8900,1648.4200,6714.1800,2455.5800,2042.7200,1808.1800,1537.6200,6354.6600,1819.8400,3987.5900,1676.4700,5775.2000,1219.7000,3028.7900,473.9900,2354.2700,3446.7000,1329.6000,5396.8600,1199.6200,2892.4600,2328.5000,1370.0800,4052.9900
2024-07-19,2525.9200,2964.9000,1893.7000,4324.8700,3517.9900,7059.4400,17043.1800,1241.2400,1641.6000,6740.4900,2444.8900,2043.9200,1774.9700,1528.4200,6327.2300,1808.5500,3968.2300,1675.7900,5820.8300,1239.2100,3078.4100,477.5200,2352.2900,3440.1100,1344.1700,5359.9300,1211.6700,2888.7900,2300.9600,1369.1600,4049.6600
2024-07-22,2501.1800,2940.3300,1880.9900,4275.9400,3523.1600,7038.6100,16751.2900,1242.9100,1638.9300,6782.2300,2426.3600,2042.2000,1765.4600,1516.8700,6311.0200,1788.1500,3937.5200,1673.6500,5839.0000,1248.6200,3126.8200,477.9100,2354.7400,3386.5700,1349.6400,5378.2700,1212.1700,2851.2200,2255.5300,1367.2500,4024.1600
2024-07-23,2436.6900,2853.3400,1841.4700,4070.4300,3388.0300,6867.8600,16192.1600,1213.9300,1599.0700,6562.3200,2416.2500,2030.8100,1737.1500,1494.0300,6182.1700,1761.9600,3863.3300,1649.7000,5704.6800,1212.4100,3051.6100,465.1100,2304.4900,3415.8200,1325.0600,5230.3000,1182.5300,2795.6500,2223.1500,1360.5200,3872.7300
2024-07-24,2396.3500,2814.1900,1833.3600,4035.5500,3335.1700,6671.5700,15999.0100,1192.3000,1566.8300,6467.1600,2452.3900,2020.9100,1692.1800,1469.8300,6061.9000,1726.6000,3829.0800,1652.3000,5646.6200,1221.1600,2994.9000,456.8400,2300.3900,3409.4100,1311.6600,5099.1800,1169.5200,2800.6000,2226.0300,1353.7400,3806.4700
2024-07-25,2406.0500,2819.4000,1828.1500,3927.7000,3291.0800,6636.2600,15968.0000,1195.3300,1572.1000,6459.5000,2447.5500,2028.1300,1705.9600,1480.6200,6080.9200,1742.7600,3871.1100,1651.7500,5732.2500,1212.7400,2998.2500,462.4500,2258.4400,3379.4500,1320.9500,5123.5500,1165.4300,2763.3000,2201.1800,1367.7800,3851.2800
2024-07-26,2413.7000,2861.4800,1843.5000,4018.4900,3332.0500,7018.0500,15963.4100,1214.6100,1595.4800,6469.6500,2433.0500,2032.2000,1727.1700,1497.9100,6160.9500,1772.4900,3908.9700,1657.1400,5804.2700,1256.9100,3026.8200,469.8500,2275.7500,3329.2800,1325.5500,5263.3400,1189.6500,2776.7600,2210.1600,1381.0800,3887.9700
2024-07-29,2382.7500,2840.2300,1853.2400,4020.5500,3317.3000,6995.0400,15700.7000,1205.0100,1590.8500,6385.7300,2441.8400,2033.7400,1704.1400,1491.5500,6127.6000,1808.6100,3851.7900,1676.7200,5704.6500,1269.4900,3031.8000,470.3800,2300.5900,3375.6400,1322.5500,5234.0700,1181.5900,2757.3100,2222.4800,1382.8500,3834.0700
2024-07-30,2412.5400,2830.5100,1857.7800,3987.5700,3324.0500,6844.3100,15602.6100,1202.5300,1600.2400,6370.3900,2416.3300,2038.5900,1727.9700,1504.7300,6186.8400,1833.5800,3864.5400,1689.7700,5692.9400,1275.2200,3037.1700,470.0200,2306.4800,3362.0500,1325.3500,5189.2600,1181.3600,2707.2000,2167.7800,1393.9800,3848.4300
2024-07-31,2473.1100,2936.7400,1892.5400,4144.7600,3438.7400,7135.8900,16121.6500,1239.2500,1662.0700,6667.5600,2408.0900,2072.2300,1793.7300,1559.2800,6491.5600,1896.8000,3958.4000,1708.6900,5856.0700,1294.4600,3161.1700,489.2500,2341.1900,3354.6900,1384.8900,5350.4200,1227.5300,2776.7200,2222.0000,1418.8000,4061.1100
2024-08-01,2454.2200,2902.3800,1883.4300,4135.3800,3449.4100,7116.3200,15770.5400,1224.5500,1643.4700,6623.1900,2405.9200,2079.7300,1761.7200,1543.3800,6505.0900,1877.5300,3912.4200,1722.4900,5777.2300,1301.4800,3146.6500,485.2200,2346.5000,3360.9100,1380.7500,5319.5500,1230.9400,2747.0700,2226.1000,1411.9800,3986.7600
2024-08-02,2480.1400,2878.3400,1869.9400,4060.5100,3347.9500,7035.0200,15740.9300,1221.6500,1630.3100,6677.5400,2390.4100,2071.1400,1749.9400,1534.1200,6499.3700,1881.6900,3862.1700,1711.3900,5685.6300,1287.0900,3081.2000,478.8600,2273.1200,3346.4600,1354.1800,5207.5700,1209.8100,2731.3900,2201.0100,1401.7200,3963.2600
2024-08-05,2469.8300,2815.4600,1839.9400,3960.6800,3179.1500,6928.0100,15898.9100,1213.9500,1612.8200,6638.1900,2351.2800,2057.6700,1730.5900,1525.7500,6542.7900,1861.2600,3823.6100,1684.4500,5596.4000,1244.7000,2974.3200,476.6800,2173.8900,3319.4000,1350.5200,5063.7800,1178.1700,2691.1400,2143.4900,1369.1000,3928.0500
2024-08-06,2489.7100,2849.3100,1846.1000,3957.4700,3218.7900,6847.7400,15963.8200,1228.2900,1638.2600,6763.2700,2352.3400,2051.8000,1772.9200,1557.1400,6790.6500,1880.6200,3874.0900,1691.4100,5695.3100,1276.9900,3011.2100,487.1300,2198.9800,3284.4600,1337.4500,5082.5300,1194.9300,2699.7500,2159.2600,1385.3400,4005.5000
2024-08-07,2446.0600,2857.2500,1838.2500,3971.1500,3198.7300,6876.2200,16042.5200,1219.6400,1635.8000,6714.9800,2380.7000,2048.4900,1754.2600,1550.8200,6780.2100,1868.0100,3870.3300,1685.1300,5710.7500,1289.1000,2996.8200,485.2000,2218.1600,3289.9600,1329.8900,5109.3000,1194.5600,2736.5900,2171.5000,1383.7300,4019.9100
2024-08-08,2485.2400,2880.1100,1845.4200,3932.4700,3206.6500,6873.8500,16287.6200,1237.4500,1650.4800,6756.0000,2368.1600,2042.8600,1777.7700,1563.3400,6666.0600,1887.2900,3924.6500,1680.6800,5667.2300,1244.3800,2969.3200,486.1200,2192.9000,3297.3700,1334.2200,5045.4200,1185.3600,2731.0900,2178.3200,1389.7000,4058.6000
2024-08-09,2455.8500,2849.5000,1838.2700,3944.7400,3220.4300,6835.3000,16228.2600,1224.7000,1643.6500,6649.9600,2352.0800,2023.4000,1806.9900,1535.5400,6539.4500,1867.9700,3912.0000,1685.6800,5600.0700,1229.2800,2938.5000,475.2400,2188.3100,3311.6000,1322.9400,5039.2400,1179.0100,2743.7100,2191.7300,1381.0100,3987.9800
2024-08-12,2468.2900,2836.5600,1824.8400,3939.7300,3197.3700,6875.0600,16198.9900,1225.1000,1634.5700,6739.2100,2345.9300,2014.6700,1749.3700,1507.1000,6392.4100,1849.4700,3851.7000,1667.3800,5574.5200,1214.4600,2897.8800,472.6200,2166.7900,3305.3300,1320.6200,4994.3400,1172.4000,2764.9300,2191.6700,1401.9900,3966.4500
2024-08-13,2479.9500,2844.6100,1837.1700,3969.7100,3233.0900,6857.7400,16035.3700,1227.1200,1638.2800,6687.3200,2353.2400,2013.9700,1745.3800,1507.5200,6395.8600,1865.0300,3857.0500,1682.2300,5641.8300,1231.4500,2916.9500,473.5400,2187.4700,3319.6600,1334.0200,5015.7500,1177.6400,2755.0300,2212.0600,1410.6300,3961.9200
2024-08-14,2443.9800,2792.8800,1806.0900,3916.7600,3210.9700,6805.0300,15860.7400,1220.2600,1622.6500,6591.7800,2369.5100,1999.9700,1730.7100,1496.9700,6325.4300,1842.4500,3813.3000,1681.4700,5558.3300,1218.1800,2905.6300,479.3900,2182.9500,3317.2100,1324.6000,4969.1500,1162.0500,2726.8100,2188.4500,1400.8500,3903.4200
2024-08-15,2450.3200,2803.2000,1820.1700,3951.8500,3231.5300,6828.2900,15967.7000,1224.4100,1631.7900,6623.8700,2389.1900,2017.2800,1759.3300,1513.9200,6393.7800,1846.3200,3828.3600,1692.6300,5602.5900,1222.6800,2947.4700,489.7300,2206.6700,3360.9400,1342.1000,5037.7300,1176.4100,2787.5000,2201.5600,1407.4500,3897.4300
2024-08-16,2405.7000,2783.8200,1801.1500,3954.1500,3241.8000,6853.0500,15923.0200,1209.7900,1610.8400,6653.2300,2365.2900,2013.1900,1736.3100,1500.4700,6338.0600,1828.2000,3763.7100,1673.5600,5547.2700,1204.4100,2941.2400,483.7700,2241.2900,3399.6400,1337.3000,5024.2800,1171.6900,2797.1800,2207.3800,1390.1600,3904.5700
2024-08-19,2381.3500,2784.9300,1803.2400,4019.7800,3223.5100,6866.3400,15851.6000,1214.9800,1611.1700,6580.0300,2370.0400,2025.6800,1729.4400,1511.1300,6381.9900,1829.0000,3749.3300,1681.0600,5520.6900,1199.5300,2958.3000,487.0000,2250.6600,3464.0500,1344.2700,5019.6500,1177.8800,2795.0700,2219.1100,1393.1800,3842.3900
2024-08-20,2321.6700,2747.0000,1780.4600,3969.4500,3186.1800,6865.6900,15718.2200,1190.4200,1587.5300,6469.3500,2345.8900,2003.1900,1699.5800,1489.8000,6265.1700,1797.6300,3676.3200,1658.4000,5447.3300,1178.7800,2892.4800,483.2500,2227.9700,3473.5100,1332.2900,4951.2300,1160.2600,2701.7100,2177.7000,1369.4600,3771.0600
2024-08-21,2275.1900,2744.2600,1770.9100,4007.6400,3190.2900,6858.1900,15638.2400,1185.2700,1587.6400,6406.8500,2328.2700,2000.6400,1692.2000,1476.4200,6274.7200,1794.4600,3635.8900,1645.8800,5433.1800,1172.7300,2881.6300,476.1700,2223.5800,3448.5300,1327.6000,4954.3200,1157.2300,2698.2600,2173.3600,1363.2700,3751.8400
2024-08-22,2246.8000,2713.9500,1748.7300,3954.6000,3148.8600,6900.9500,15463.4300,1193.3900,1568.2700,6359.6500,2347.8000,1992.8200,1682.6700,1453.3700,6116.9000,1775.6200,3578.1600,1638.7500,5419.5500,1166.9800,2818.4700,463.1400,2203.2400,3477.7500,1309.7500,4887.3500,1142.4900,2687.9000,2168.7900,1344.5000,3590.4500
2024-08-23,2233.4800,2716.0500,1748.5800,3938.7600,3149.1300,7054.2300,15476.1200,1182.0400,1560.8000,6321.0800,2321.4700,1986.8500,1670.6500,1454.6600,6156.2700,1773.6100,3642.1400,1639.3600,5403.1600,1165.0500,2862.0700,460.8800,2207.0000,3497.0200,1332.0600,4914.8400,1142.1700,2699.0700,2174.8900,1335.5100,3581.0000
2024-08-26,2259.2600,2742.1800,1763.6700,3993.8400,3152.0900,7108.9800,15368.5200,1188.8700,1573.6400,6294.7500,2322.5800,1987.6800,1691.5200,1468.2100,6163.5300,1792.9300,3657.6300,1651.4800,5481.5100,1157.3400,2859.6200,461.7000,2185.8100,3501.4200,1330.3200,4924.8000,1147.0500,2703.6400,2197.9900,1335.3600,3524.7100
2024-08-27,2213.5900,2725.9600,1746.0300,3940.3400,3082.4900,7016.5500,15300.0200,1175.2100,1547.1900,6299.2600,2308.3300,1973.7800,1640.4600,1450.7200,6136.1600,1776.8700,3608.1800,1639.2800,5406.0800,1135.4300,2805.5300,457.9300,2161.2200,3510.4400,1320.8600,4873.5700,1130.1600,2745.3300,2235.0200,1325.1600,3521.9400
2024-08-28,2231.5200,2741.0400,1746.6500,3919.7900,3089.9900,6864.7700,15042.2900,1182.1500,1554.9100,6298.3000,2321.0000,1961.3800,1627.8400,1471.2700,6136.0900,1801.2800,3557.4200,1611.4400,5418.9600,1146.2700,2810.3900,462.0900,2168.1900,3482.8400,1320.1400,4837.0100,1136.7800,2740.8100,2236.9600,1314.5600,3539.7200
2024-08-29,2233.2000,2774.3100,1744.4100,3960.8600,3141.8200,6845.5600,15353.8200,1191.1300,1578.6500,6384.7800,2298.0100,1955.2000,1633.9100,1473.3800,6189.6100,1828.6000,3594.4600,1583.9400,5534.9400,1163.5800,2855.4100,465.6500,2161.5600,3370.6700,1319.2400,4906.6400,1155.0900,2729.2600,2207.2500,1323.1600,3650.8600
2024-08-30,2266.3800,2818.2600,1760.8800,3980.4800,3257.2000,6998.3800,15727.0900,1205.7100,1605.8400,6448.8200,2295.5000,1972.2600,1713.1700,1502.5400,6306.4900,1850.1500,3676.0400,1601.9900,5636.3900,1179.1900,2941.3200,481.1900,2196.0000,3296.0800,1359.1300,5046.0600,1172.1600,2750.6200,2219.8400,1335.7400,3731.0800
2024-09-02,2244.6500,2784.8800,1736.5500,3888.5600,3162.9000,6968.3400,15205.9200,1190.3300,1580.2400,6324.7100,2299.0700,1959.5700,1667.0100,1474.4400,6219.6500,1837.4800,3587.4100,1555.2600,5534.8100,1141.0100,2856.7600,468.2100,2140.3800,3308.6900,1333.4100,4940.9200,1150.6300,2779.4700,2216.6500,1324.7000,3620.4300
2024-09-03,2266.3200,2819.8800,1738.5500,3898.6900,3187.7000,7109.2600,15384.6000,1199.1800,1601.3300,6365.2800,2260.8300,1964.7000,1686.1700,1485.9200,6302.4100,1834.9300,3593.6000,1549.3300,5656.8600,1155.5700,2914.9800,473.3800,2166.3700,3251.1400,1338.1700,5020.4800,1161.6300,2745.9000,2176.0800,1324.7000,3654.3600
2024-09-04,2233.1300,2800.4300,1723.9500,3802.7000,3152.5100,7080.0100,15250.1800,1199.2500,1584.6100,6375.2600,2251.2900,1962.7900,1666.2900,1473.7100,6280.7300,1820.7800,3551.5700,1524.0500,5684.5400,1151.7400,2892.3800,470.4100,2150.2100,3239.8700,1331.3100,5040.3900,1155.3900,2707.2400,2125.5100,1319.4800,3649.2600
2024-09-05,2249.0800,2789.3600,1731.8400,3802.7200,3153.6900,7018.8100,15349.8800,1208.7600,1599.2700,6441.2500,2251.0800,1965.6600,1699.2800,1496.7400,6336.7700,1833.7400,3594.4900,1537.6200,5682.2700,1159.8600,2931.5800,482.4400,2159.7300,3234.8100,1348.3000,5094.7600,1159.4500,2668.9300,2111.1400,1333.4900,3671.9500
2024-09-06,2225.5000,2744.4600,1714.9900,3776.4600,3085.6300,6931.7600,15171.7600,1186.9500,1564.6300,6316.9200,2232.7200,1953.8000,1672.3600,1483.6800,6242.9900,1820.5000,3536.8000,1521.0900,5584.3700,1142.0700,2877.1400,477.6400,2122.6700,3240.6200,1352.2200,5072.9800,1138.5300,2610.1300,2098.9600,1312.6600,3588.0700
2024-09-09,2229.5600,2729.8000,1689.3700,3700.9000,3066.0800,6780.3700,14969.9700,1181.6500,1555.2600,6323.1000,2215.4700,1927.8400,1663.6600,1484.9000,6262.4200,1827.8600,3502.4700,1506.2200,5545.2300,1138.7900,2844.6800,473.9400,2123.2000,3182.1700,1346.2700,5036.3100,1126.7700,2547.8200,2050.2900,1307.2300,3547.2700
2024-09-10,2214.8500,2720.6200,1683.3400,3702.6900,3096.7400,6781.5500,14996.2300,1184.4100,1557.1600,6264.6800,2210.4700,1912.9900,1646.3100,1481.9100,6198.4800,1827.3700,3463.6100,1506.9200,5524.4500,1144.6200,2909.2400,479.2800,2162.3000,3206.7100,1340.2800,5040.9400,1137.9100,2556.2400,2058.6500,1306.4100,3580.7700
2024-09-11,2195.5000,2729.1600,1668.0000,3734.6900,3071.7200,6861.6500,14998.7700,1174.0000,1560.3700,6288.4600,2145.6000,1889.6900,1649.7400,1462.1400,6135.1000,1819.7700,3470.7500,1492.6400,5651.4700,1140.1000,2904.2900,477.8500,2151.6500,3132.7600,1339.3000,5086.2800,1140.9000,2510.0800,2019.4700,1302.5300,3596.5300
2024-09-12,2173.7500,2716.9800,1668.7000,3727.8800,3039.5400,6852.0800,14638.3600,1171.8800,1551.9200,6222.7000,2153.7200,1892.0400,1651.3500,1456.3600,6080.9900,1809.8600,3469.7300,1495.7800,5668.2300,1133.8100,2908.4400,473.0800,2149.6200,3155.1800,1337.4200,5049.7500,1138.7900,2541.0400,2027.5700,1307.6500,3551.5500
2024-09-13,2161.0000,2687.5400,1669.7800,3725.1700,3014.8700,6892.9100,14331.4200,1163.4500,1532.2400,6155.5500,2157.8000,1884.5000,1664.0000,1452.7000,6011.2300,1806.6600,3435.6900,1489.5300,5537.8200,1122.4000,2862.2800,467.1100,2167.4900,3145.3800,1341.9200,4999.7700,1122.9800,2529.7200,2020.5700,1300.2600,3491.2600
2024-09-18,2110.6400,2690.5400,1659.2000,3753.3600,2982.9000,7056.6100,14118.5600,1162.7000,1526.8700,6115.9000,2162.3700,1893.5400,1703.2300,1442.7300,5985.5000,1790.3700,3459.5700,1486.4700,5542.7300,1121.2000,2855.4900,462.6300,2158.2000,3176.7200,1352.7900,5060.6300,1130.4300,2590.8200,2033.7900,1283.6000,3476.6100
2024-09-19,2169.4300,2743.9100,1689.6700,3864.6400,3008.5500,7130.0800,14361.9500,1181.5300,1568.8100,6188.3800,2178.7200,1906.7300,1750.3800,1482.3600,6148.9900,1833.2600,3533.9000,1520.0500,5584.3300,1127.0000,2931.8500,473.8800,2161.7400,3176.9800,1368.0600,5124.8600,1146.6600,2603.7800,2046.5600,1310.2700,3544.6100
2024-09-20,2152.9300,2722.6900,1676.5100,3919.1400,3009.8200,7189.6100,14358.5600,1175.5200,1558.6300,6106.9200,2171.5300,1918.0000,1778.1400,1487.6800,6132.4200,1827.7100,3504.6300,1519.0400,5517.3700,1113.6200,2976.6700,473.5000,2173.8300,3200.9600,1367.6600,5109.3100,1140.6700,2621.7100,2046.9900,1298.4900,3488.6100
2024-09-23,2137.4100,2721.9200,1690.5900,3912.7600,2998.7100,7268.9700,14379.5200,1179.2000,1575.4100,6070.8900,2194.4600,1924.4400,1778.7600,1483.0200,6141.9900,1843.4600,3519.1900,1523.0100,5496.5700,1117.7400,3001.7700,473.7600,2188.0800,3252.3900,1368.3100,5104.7800,1143.1800,2666.0800,2061.9300,1299.9500,3471.5900
2024-09-24,2242.0700,2847.7000,1785.2000,4065.6300,3119.1500,7361.2000,15347.5900,1218.6300,1631.4500,6277.4800,2267.1600,1985.3200,1819.6500,1543.0600,6407.1200,1914.9500,3670.8400,1578.9000,5721.5500,1152.4600,3095.3500,491.2400,2286.1500,3390.8200,1451.0300,5208.2400,1189.3400,2815.2100,2149.4200,1354.2000,3654.8000
2024-09-25,2254.5900,2861.4600,1819.6800,4113.1000,3131.7500,7486.3000,15502.4000,1234.4200,1653.1300,6361.7000,2274.1400,2008.1500,1851.1900,1575.1700,6483.9700,1964.6900,3715.7700,1627.1600,5804.6100,1173.6200,3140.4700,501.4700,2295.2200,3457.7500,1484.3900,5271.5500,1199.0700,2833.9800,2164.3900,1372.0600,3684.6800
2024-09-26,2356.9400,2968.0300,1914.5200,4258.0400,3232.8200,7828.3700,16865.1000,1284.3600,1734.0900,6623.9700,2299.8900,2077.6400,2000.7500,1653.3800,6831.8600,2045.6500,3938.0600,1698.3000,5952.2700,1211.4800,3253.2700,521.1900,2363.2900,3583.6800,1572.8400,5445.6700,1238.7300,2943.2300,2198.1800,1407.2700,3958.4100
2024-09-27,2482.3100,3112.7200,1966.7800,4425.1500,3435.3500,7940.8000,18099.8200,1332.8300,1815.3000,7040.1100,2343.5500,2142.8400,2136.3400,1734.6000,7190.7600,2127.2700,4155.1300,1746.0000,6406.2100,1272.1700,3504.8700,548.9800,2456.4800,3552.9900,1682.1800,5674.9300,1295.0500,2972.9500,2234.6200,1462.7500,4338.7200
2024-09-30,2707.9600,3397.0100,2145.9000,4760.6600,3879.8600,8531.4200,19603.0600,1443.7000,1973.5000,7825.1900,2500.2000,2294.7600,2333.6400,1893.4100,8019.7200,2315.6600,4517.8800,1899.4800,7164.6300,1410.9200,3968.7700,610.3800,2736.1900,3720.8100,1857.0200,6179.6100,1431.3200,3153.7000,2400.3200,1608.2500,4925.8100
2024-10-08,2787.4600,3562.2500,2217.5900,4884.5600,4390.8000,9036.4900,19809.2900,1492.8100,2030.0400,8490.2500,2521.8900,2322.9100,2387.2500,2003.9200,8410.7100,2423.8700,4670.5600,2001.3800,8019.9800,1557.7800,4493.7400,663.7100,3046.5200,3829.9400,2039.5300,6503.1600,1558.1600,3121.6000,2487.4400,1711.7000,5486.8600
2024-10-09,2534.0400,3278.4100,2038.6600,4485.8600,4228.5900,8374.6800,18164.7300,1366.6200,1856.3200,7743.3100,2371.0800,2151.7300,2173.1200,1814.8200,7595.4900,2280.8800,4257.6900,1834.2800,7142.1100,1447.6200,4286.5600,590.7300,2797.5500,3592.4900,1920.4100,6047.8800,1419.8000,2893.2200,2291.0300,1577.9700,4764.6000
2024-10-10,2595.3000,3288.1300,2072.0900,4557.2300,4102.2200,8566.1600,18565.5600,1381.2300,1875.8500,7722.6000,2422.2000,2190.9200,2143.6500,1820.0200,7669.3000,2255.4500,4329.7800,1930.3100,7135.8700,1455.5600,4081.4400,587.1300,2784.4000,3733.4300,1858.9800,6121.7300,1425.6600,3046.5300,2347.7200,1605.2900,4771.9500
2024-10-11,2502.4000,3179.4800,2040.1200,4463.8200,3879.2100,8337.8300,18139.6300,1350.7900,1835.2400,7355.3500,2379.5400,2144.2100,2139.7400,1777.2000,7325.2400,2205.8700,4239.8800,1854.6700,6774.6600,1375.9700,3911.6400,558.1000,2681.7300,3692.2100,1845.1200,5897.1100,1358.1100,2974.2600,2310.0300,1546.8400,4531.9400
2024-10-14,2549.8400,3237.6700,2078.1300,4606.3800,4036.9300,8563.0900,18229.2300,1368.4300,1874.6600,7451.4700,2403.8000,2180.0400,2222.2000,1794.5600,7519.0600,2266.7600,4411.5700,1923.7300,6930.3100,1440.6300,4127.5600,575.2100,2760.6700,3815.7900,1869.7500,6002.5700,1398.8300,3027.7600,2326.3000,1609.3900,4557.7600
2024-10-15,2494.6000,3176.8800,2026.8800,4455.6000,3961.5100,8319.7500,17652.7700,1348.8800,1841.9100,7279.4900,2353.7000,2135.9100,2189.9200,1775.2100,7384.7800,2214.4500,4346.5600,1893.9800,6744.8500,1441.7200,4051.2700,574.1400,2704.8100,3735.3500,1809.7500,5835.3900,1369.1600,2944.0300,2255.2400,1570.3700,4393.8800
2024-10-16,2485.5000,3179.0600,2052.5100,4495.9000,3893.8200,8237.0200,17398.3400,1356.2100,1848.7800,7217.5000,2366.4800,2148.7500,2310.3500,1746.2300,7413.4600,2214.4200,4446.9100,1926.0600,6616.0000,1420.4000,4056.6500,581.7400,2663.9200,3829.0900,1813.7800,5786.4000,1364.3400,2934.7400,2253.7600,1584.8400,4347.8800
2024-10-17,2446.4700,3126.6200,2031.4800,4437.0300,3920.2500,8122.7600,17051.2600,1341.3800,1817.7400,7165.2600,2332.6900,2114.3800,2166.4100,1731.4300,7432.9200,2181.6000,4303.4700,1886.6900,6543.6600,1428.9100,4125.2500,586.6500,2673.3500,3770.9100,1802.7900,5767.4100,1358.0500,2901.3400,2230.8500,1566.0500,4361.4900
2024-10-18,2506.1500,3210.5300,2070.9200,4546.3700,4253.5200,8380.1100,17563.0800,1363.9300,1850.3600,7431.7200,2361.5000,2147.6000,2203.0700,1775.8900,7654.6200,2223.0700,4360.5500,1920.8700,6904.8700,1484.5400,4314.0100,598.5700,2821.2700,3788.7900,1891.1100,5965.0200,1413.8300,2947.2900,2263.8500,1609.8900,4560.0300
2024-10-21,2551.0000,3237.4400,2036.8900,4665.8300,4366.3600,8385.3400,17525.3100,1363.5600,1877.2400,7502.1800,2341.4900,2153.1600,2211.6600,1796.9000,7941.3600,2247.3100,4371.1900,1957.1000,7040.4400,1554.5400,4449.0400,618.6600,2873.7300,3742.1700,1868.0000,5998.0900,1428.9300,2934.2000,2266.6100,1632.0300,4550.4800
2024-10-22,2610.8900,3275.8600,2053.2300,4697.3100,4355.4400,8628.7900,17780.3600,1386.7500,1918.7800,7590.0700,2381.8300,2179.3300,2233.3600,1828.1100,7990.7600,2300.0300,4448.3800,1959.4700,7168.2800,1531.2200,4335.3900,634.6900,2880.5700,3742.3600,1878.8200,6099.1900,1441.9400,2956.2900,2292.1900,1653.1000,4638.8900
2024-10-23,2611.6200,3309.6800,2072.7200,4691.5700,4300.8400,8614.0100,18027.2000,1395.9700,1925.0600,7579.2600,2397.5300,2194.5600,2237.0800,1836.8500,7929.1000,2317.1800,4501.7000,1976.9000,7336.3200,1571.3800,4311.1100,623.3500,2851.6100,3756.9700,1885.4300,6179.5200,1442.8300,2958.3000,2305.2900,1662.3800,4617.5300
2024-10-24,2580.0100,3281.9100,2047.6300,4629.3900,4299.1100,8540.7000,17792.9000,1401.7500,1925.4300,7543.7400,2382.4700,2177.0700,2230.6800,1827.2800,7888.6700,2329.0800,4432.6800,1955.0400,7153.8700,1531.1200,4270.6900,616.8000,2878.1000,3747.3100,1879.5300,6109.2900,1436.2300,2955.0100,2290.6000,1661.4100,4573.9900
2024-10-25,2605.7800,3363.0600,2075.7900,4654.0500,4344.5700,8564.0300,17948.4500,1423.6300,1979.0500,7662.9900,2380.1400,2185.6100,2268.6000,1869.9200,7993.7900,2406.1500,4552.0200,1988.1300,7533.1600,1544.5800,4310.4700,634.7200,2906.8900,3725.0200,1885.9000,6174.3400,1462.7800,2956.8300,2295.7400,1704.0500,4649.0300
2024-10-28,2672.6200,3415.7100,2184.0100,4691.1900,4359.2800,8645.5400,18269.8600,1445.7900,2035.7100,7775.7200,2407.4600,2217.4000,2347.1800,1950.7400,8221.0600,2532.2600,4700.4900,2018.5500,7549.3400,1572.3000,4395.8500,652.5200,2917.3300,3694.2900,1889.8800,6251.2800,1489.6800,3009.4300,2313.2200,1749.9900,4775.2700
2024-10-29,2628.4400,3338.9800,2108.6900,4628.8800,4346.6400,8613.3800,17885.0900,1426.8900,1991.5900,7592.2100,2381.4600,2186.9500,2296.9100,1941.9100,8154.4100,2548.7300,4593.4700,1979.3100,7403.1800,1546.7200,4390.5100,638.6600,2879.8700,3695.4100,1878.5200,6238.8900,1469.3100,2935.0500,2259.6100,1711.3700,4703.9200
2024-10-30,2655.9700,3340.6100,2112.9200,4594.2000,4356.9200,8550.6300,17745.3400,1418.5100,1985.3000,7497.1900,2372.2200,2198.2500,2329.9900,1956.0000,8168.8800,2542.6800,4656.3500,1993.6700,7375.6900,1549.0200,4461.8700,636.3800,2889.0300,3650.4100,1858.9000,6272.6600,1473.9500,2914.2900,2241.8700,1717.3600,4760.1400
2024-10-31,2645.8600,3362.3100,2134.5900,4590.5600,4448.2400,8416.0500,17752.0800,1424.1000,2009.9200,7487.0700,2396.1600,2204.5400,2404.9700,1969.5100,8308.3800,2563.9100,4730.7300,2023.3900,7475.8000,1554.9900,4542.7600,641.8500,2908.0400,3627.4500,1901.0800,6269.4100,1496.3600,2900.2100,2230.2600,1749.4400,4707.9400
2024-11-01,2638.7600,3331.4000,2172.3400,4730.3000,4249.9300,8316.7200,17879.3100,1388.6300,1966.4700,7440.6400,2387.5100,2219.2500,2404.9400,1955.2100,8205.4900,2467.9800,4654.9200,2015.9400,7320.4100,1492.3500,4268.3800,617.1600,2811.6300,3663.0900,1887.2600,6147.4500,1462.1100,2939.2500,2252.0300,1707.8400,4695.9000
2024-11-04,2662.7400,3383.6400,2159.6100,4756.9900,4341.2800,8409.9000,18117.8100,1405.0600,1985.1000,7542.3400,2392.7000,2246.0300,2403.8800,1979.8400,8231.3100,2477.1700,4673.8700,2028.6000,7462.8600,1531.5800,4380.1400,627.4500,2860.9500,3692.9900,1947.1800,6370.5000,1502.5000,2946.4100,2262.4400,1716.7900,4710.5200
2024-11-05,2708.4200,3460.4800,2234.0100,4914.5700,4520.8500,8474.2300,18471.8700,1427.6200,2024.0600,7706.4500,2414.3300,2285.9000,2504.4800,2044.6300,8444.3600,2511.4400,4761.4900,2088.4600,7707.2600,1628.5400,4625.5400,646.1700,2940.6800,3721.8000,2043.9100,6510.8000,1542.3300,2982.3000,2293.0300,1753.2600,4815.7000
2024-11-06,2754.9500,3467.1900,2251.2600,4943.4500,4521.8700,8304.4200,18405.3700,1428.9900,2053.4900,7690.8600,2398.3600,2290.0800,2557.4600,2070.6600,8480.7500,2519.9000,4805.5100,2119.8900,7705.0300,1644.8300,4653.9200,661.4200,2936.1900,3688.6400,2024.2700,6523.2600,1550.6400,2954.9100,2307.5700,1763.4700,4825.2000
2024-11-07,2838.0400,3524.1200,2304.8400,4937.1700,4607.0900,8452.3000,19550.6400,1471.5800,2108.7700,7930.2200,2443.9000,2338.5500,2656.4700,2164.5200,8732.0800,2616.2000,4946.2000,2189.4300,7766.1800,1627.1000,4809.9200,671.1500,2982.0800,3766.2200,2168.6700,6590.1600,1573.2700,3022.8000,2348.5600,1823.6300,5047.6600
2024-11-08,2798.2500,3516.5500,2281.1300,4894.2600,4647.7500,8509.7900,19153.0600,1462.8700,2115.5900,7918.7700,2429.5500,2326.8100,2569.0800,2160.7600,8715.3900,2598.9500,4826.4300,2147.8000,7769.6200,1674.9200,4883.3400,661.9000,3002.9000,3713.1100,2113.8200,6595.4300,1577.5200,2996.7600,2330.3900,1816.6500,4950.7300
2024-11-11,2784.5400,3559.9900,2265.0900,4905.2900,4863.7500,8491.5100,19013.9700,1462.8900,2127.1200,8023.5000,2435.6100,2306.4600,2542.1300,2150.1800,8850.3300,2633.8500,4797.3700,2144.3100,8021.0300,1712.4800,5095.6500,690.3700,3085.0900,3661.1500,2107.5800,6779.8800,1617.5100,2950.6500,2310.7700,1849.1300,4935.5100
2024-11-12,2763.2200,3542.4000,2233.6100,4829.5200,4785.2000,8533.5200,18859.7900,1464.4000,2121.4100,8100.1800,2411.2900,2287.5900,2522.6800,2169.3200,8775.5900,2612.7500,4759.1000,2109.3100,7962.6300,1651.9000,4993.5000,670.3800,3040.2900,3625.1700,2058.6300,6742.0400,1583.6100,2910.8100,2295.1500,1817.0500,4924.2400
2024-11-13,2746.8400,3540.3100,2228.9500,4850.6700,4779.6500,8585.6300,18852.1200,1462.7800,2116.8000,8005.5700,2419.0500,2291.2300,2500.0000,2167.6800,8716.4700,2612.1300,4747.8900,2122.8400,8068.9400,1652.1600,5029.7100,689.2600,3119.9700,3644.8000,2050.6800,6731.0100,1586.9000,2929.8500,2318.6600,1816.2500,4864.3200
2024-11-14,2680.2400,3451.3800,2168.4700,4694.0300,4600.2900,8565.9500,18655.1200,1427.5600,2074.3900,7769.5600,2381.1000,2244.6100,2418.3400,2087.9300,8520.2000,2602.4600,4667.7500,2091.9100,7822.8100,1589.1600,4862.4400,665.6600,3008.0100,3652.5700,2027.5800,6541.9400,1541.3800,2889.9700,2307.3300,1764.2400,4737.7400
2024-11-15,2628.5900,3391.1200,2137.5600,4614.9700,4455.0500,8382.5300,18471.1200,1413.3700,2037.7700,7608.2600,2356.1000,2249.0200,2340.0400,2040.9200,8505.2100,2546.1500,4573.7600,2061.6300,7562.8500,1527.7300,4716.7900,669.0000,2939.3700,3639.4200,1952.1500,6433.0200,1503.9300,2893.2400,2298.2500,1729.1700,4610.2000
2024-11-18,2596.8900,3341.3500,2165.9800,4526.2900,4321.6700,8222.9000,18275.4100,1414.5700,1999.7600,7483.8100,2373.4700,2267.7200,2359.9800,2017.7400,8118.0600,2555.5600,4556.0100,2106.2900,7436.7700,1495.4000,4449.8700,633.9400,2846.8100,3712.4700,1935.9600,6382.2100,1475.7800,2959.8100,2291.0700,1721.7500,4542.9400
2024-11-19,2621.3600,3416.5600,2164.4900,4678.9200,4458.6100,8312.9000,18212.2500,1431.4200,2030.2800,7598.4000,2380.2400,2269.8300,2370.6300,2045.1500,8227.5900,2614.3300,4570.9900,2077.5400,7670.4400,1519.6400,4585.9700,640.9900,2883.0700,3702.4800,1961.5400,6468.8100,1520.8500,2948.3400,2303.0200,1757.8800,4654.4700
2024-11-20,2644.8400,3489.8100,2179.1600,4702.8700,4488.4400,8368.9200,18289.9400,1455.0900,2068.8100,7790.1500,2397.7000,2281.2400,2387.9600,2107.3800,8384.3300,2697.3000,4610.3400,2096.8900,7695.4500,1543.8600,4688.7500,666.2800,2951.7800,3684.1200,1963.7100,6517.3900,1551.7000,2961.5600,2329.4700,1780.4200,4689.1400
2024-11-21,2650.0600,3502.8700,2183.3700,4723.0400,4484.9500,8379.5700,18289.8900,1458.0200,2077.8600,7762.8400,2402.3500,2272.4500,2381.4100,2126.6700,8351.2700,2714.4500,4604.5300,2092.4200,7728.7800,1539.5200,4734.7700,668.6800,2926.2200,3679.3800,1976.8900,6529.9600,1553.5600,2970.0300,2314.2000,1778.8500,4683.4000
2024-11-22,2556.0700,3369.7500,2113.3900,4600.6100,4308.2600,8203.1400,17716.5900,1414.1600,2028.4700,7428.7700,2345.0500,2224.5400,2320.5900,2085.3700,8059.6100,2675.5500,4467.0900,2028.3600,7436.9600,1485.2800,4562.7600,655.1900,2828.3800,3596.9100,1881.6000,6293.1200,1498.9000,2867.8600,2262.1300,1725.0300,4484.0200
2024-11-25,2572.8100,3389.9200,2124.5800,4587.6600,4266.3000,8141.8100,17680.3800,1445.8700,2058.5100,7458.4400,2335.9600,2220.0500,2313.7300,2081.4900,8257.1000,2724.6400,4511.6100,2020.4600,7529.4100,1466.7400,4565.8700,665.1700,2789.7400,3602.3900,1866.0600,6352.5300,1513.8300,2864.7900,2279.6400,1735.7500,4499.9400
2024-11-26,2586.5500,3355.2500,2107.2000,4526.6900,4233.0900,8091.4200,17827.1400,1443.8400,2068.1600,7464.8100,2316.6000,2223.8800,2318.7700,2072.1300,8209.9800,2680.5500,4497.0100,2003.3900,7368.5100,1454.9000,4475.1800,659.2500,2795.2500,3635.5700,1867.9100,6232.6700,1487.1600,2854.7400,2266.9100,1709.7700,4506.2400
2024-11-27,2606.1300,3394.8400,2125.3400,4567.6900,4356.0000,8250.6600,18040.7500,1471.9100,2116.9100,7599.4200,2343.4100,2243.6200,2351.1600,2123.8100,8359.5200,2696.7600,4573.0900,2021.7400,7523.9200,1504.3300,4622.1200,685.3800,2852.6400,3673.3200,1906.4600,6287.6800,1517.4600,2886.3100,2273.6500,1726.8700,4583.7300
2024-11-28,2611.1900,3377.5000,2132.1900,4516.7100,4331.1100,8135.6900,17931.5700,1487.7600,2110.9500,7550.6300,2339.2400,2244.8400,2379.1600,2161.7200,8323.5900,2748.1500,4584.9000,2030.3200,7446.3200,1496.0400,4599.7900,674.9800,2812.2400,3663.7700,1889.6900,6217.8000,1513.1600,2857.8400,2273.5100,1750.7500,4583.2800
2024-11-29,2638.8900,3420.0300,2143.5100,4572.5900,4410.7400,8213.3000,18180.2700,1522.3700,2137.0500,7647.8600,2342.7200,2251.2600,2391.9500,2237.2600,8423.1400,2783.7400,4614.2600,2044.7000,7566.5300,1514.8900,4742.3500,684.5400,2852.5400,3664.4700,1929.7000,6312.9000,1547.6500,2867.4100,2279.1800,1763.3600,4668.5800
2024-12-02,2686.1000,3483.6600,2206.0300,4614.4000,4481.0400,8302.0500,18314.2300,1551.3500,2180.8400,7766.9800,2376.5000,2284.5400,2451.0000,2313.3400,8625.2700,2920.5300,4684.0400,2085.5500,7655.1300,1534.1600,4800.4100,699.1800,2918.9700,3652.0000,1956.0200,6507.6900,1585.7800,2891.9200,2297.6300,1788.3400,4795.7100
2024-12-03,2691.7700,3486.2300,2198.5100,4614.1600,4435.3400,8308.5700,18309.2800,1545.9100,2175.9400,7743.4400,2409.2000,2304.0600,2475.6500,2307.6900,8600.8800,2956.1900,4706.9400,2114.1100,7652.8100,1518.7300,4782.0300,692.3300,2904.8000,3709.1000,1961.1800,6520.8100,1593.4000,2925.3600,2310.1700,1797.9600,4754.1900
2024-12-04,2646.0100,3432.5600,2200.7400,4617.8700,4401.6800,8370.2200,18176.8100,1510.4600,2134.1000,7623.3800,2400.7200,2274.0600,2422.5400,2280.0600,8439.6600,2930.4800,4611.9300,2086.5100,7490.2600,1502.8100,4716.2200,670.1100,2866.4800,3713.8100,1937.8600,6468.6600,1597.3500,2989.5400,2333.5600,1774.8200,4649.6000
2024-12-05,2639.3700,3449.7800,2218.3300,4593.1000,4423.0600,8377.1200,18073.9000,1524.3000,2133.4300,7628.1900,2396.4500,2279.0100,2436.9700,2301.5500,8649.3800,2913.3600,4624.4200,2096.8300,7500.5200,1523.6900,4811.7500,698.9400,2900.3800,3706.8600,1950.4000,6517.8400,1619.2000,2986.5000,2312.4800,1781.2300,4645.4000
2024-12-06,2656.5700,3486.2400,2263.7800,4636.2300,4481.6400,8458.0300,18214.3700,1550.1500,2163.3200,7771.6700,2419.3800,2314.8300,2470.4400,2312.8600,8802.3500,2921.8000,4701.6100,2129.9800,7588.8300,1536.0000,4859.0100,720.7500,2908.7300,3750.5200,1984.9800,6537.4100,1629.8300,3022.0000,2325.2200,1814.8600,4725.2400
2024-12-09,2625.0900,3491.9500,2277.2600,4645.7800,4435.1600,8478.7200,18161.9200,1549.4400,2164.8900,7774.0700,2432.7100,2323.3400,2398.1400,2265.1500,8745.2700,2847.1200,4704.9000,2112.5200,7565.5800,1515.8100,4827.6700,720.4400,2877.9000,3762.0900,1968.6800,6586.4700,1627.5300,3028.0300,2340.3100,1803.8500,4679.1000
2024-12-10,2652.1000,3511.4200,2277.0700,4658.7700,4482.1900,8580.2800,18551.0200,1557.0700,2174.5800,7773.8500,2414.6300,2322.7300,2420.4200,2322.7400,8857.1400,2835.6800,4747.3700,2114.0600,7569.6100,1537.2000,4899.5700,727.5200,2888.5700,3804.4300,1989.4000,6633.0000,1647.8400,3024.4700,2329.2900,1797.6600,4784.2100
2024-12-11,2704.4300,3534.2900,2316.8600,4717.7700,4541.2800,8662.7300,18692.9900,1598.8500,2228.5500,7811.6400,2432.8600,2335.7000,2475.6800,2399.2300,8977.1900,2898.1600,4779.6500,2142.4000,7543.9100,1546.8400,4896.2600,735.7800,2951.9600,3758.6100,1976.9900,6667.5300,1651.2600,3080.4400,2346.2800,1819.7800,4869.7100
2024-12-12,2758.3000,3564.0800,2298.9200,4743.5800,4550.4900,8721.9900,19131.2600,1627.7500,2275.3800,7879.2000,2442.9000,2357.9400,2506.4800,2497.0200,9176.0000,2966.0900,4863.8500,2156.2400,7606.6700,1572.0600,4929.1900,739.7000,2992.9800,3806.6900,2003.6800,6698.4000,1651.2400,3063.4500,2359.0500,1832.6600,4978.4800
2024-12-13,2709.2800,3483.0600,2245.8100,4597.2900,4491.6500,8548.5100,18580.9700,1615.7600,2241.3200,7699.1400,2415.7900,2313.5500,2424.6600,2455.5100,9162.5200,2930.5600,4760.8300,2109.1500,7425.9400,1525.8400,4798.2100,750.3500,2964.3300,3730.3100,1939.6200,6580.6300,1617.0200,2991.1100,2309.9500,1792.6700,4845.6400
2024-12-16,2693.6900,3459.3700,2225.4500,4534.7300,4411.8400,8458.1000,18410.5500,1627.8800,2214.5600,7634.9800,2453.5100,2304.0700,2397.5500,2501.5100,9343.5700,2958.2200,4654.2000,2098.0900,7347.4000,1504.4300,4722.1500,739.9100,2968.5100,3765.3200,1912.0300,6506.0300,1595.6200,3022.4800,2327.0400,1789.4500,4799.9300
2024-12-17,2648.0500,3408.3800,2198.2800,4498.6100,4362.3300,8403.8200,18460.8900,1559.5800,2143.8900,7511.7500,2427.7900,2281.3800,2331.9800,2367.3400,8900.6000,2838.3400,4565.0700,2048.1400,7315.3300,1477.4500,4595.1600,710.3900,2949.5500,3757.1800,1908.7200,6484.5100,1553.3500,2997.1800,2307.7100,1734.8100,4696.7400
2024-12-18,2631.7900,3412.1700,2224.9800,4490.0100,4461.1800,8464.5600,18477.6300,1551.4000,2144.1300,7524.2000,2445.3700,2282.7400,2331.0100,2372.1600,8905.3600,2807.5200,4577.6500,2061.8500,7309.9400,1491.5700,4673.3600,717.7500,2987.5200,3800.1400,1907.8200,6525.9400,1557.8000,3023.9500,2316.4100,1744.3100,4684.5700
2024-12-19,2617.9600,3401.3500,2212.4900,4471.5300,4542.5400,8498.4500,18236.2200,1543.6100,2126.6000,7505.5900,2417.5800,2275.0200,2305.0900,2323.6100,8826.1400,2800.8500,4550.9800,2071.5300,7311.3100,1494.1300,4755.1300,718.3800,3086.2900,3765.4700,1904.4500,6514.7100,1567.5400,2964.7000,2293.6100,1739.4100,4648.1200
2024-12-20,2610.4300,3404.0500,2182.7300,4455.0300,4651.2900,8478.4200,18159.3400,1564.5600,2128.9800,7535.2000,2403.6600,2260.0600,2307.5500,2343.5000,8765.9300,2804.5600,4536.8900,2066.6800,7269.7600,1513.1900,4795.9300,718.4800,3091.0200,3760.3500,1905.9400,6511.8500,1580.3400,2897.3700,2277.4400,1745.9000,4712.1900
2024-12-23,2558.0400,3338.4500,2153.0700,4429.1200,4527.9300,8464.5000,18032.5600,1509.4900,2054.7800,7388.0800,2414.8500,2252.9600,2226.4200,2240.2900,8283.8100,2676.5500,4470.2300,2032.0800,7179.6900,1479.3900,4613.3200,677.3700,3028.1300,3822.9500,1890.4800,6397.0200,1537.7500,2879.3400,2292.8700,1696.0900,4546.6100
2024-12-24,2572.1000,3377.8000,2179.5100,4473.4200,4595.3000,8641.7700,18217.7100,1518.4400,2070.8400,7450.1200,2441.0100,2285.0000,2235.2100,2255.8900,8304.9600,2740.2300,4540.7900,2046.5200,7315.8300,1484.4900,4622.0200,679.9100,3037.0500,3874.1600,1922.5600,6499.7200,1558.5800,2884.2800,2321.2800,1714.7300,4619.1900
2024-12-25,2540.7300,3323.5100,2153.9300,4417.3100,4555.9700,8542.8200,18108.0200,1487.4900,2035.4900,7386.2400,2430.3400,2275.0700,2202.3700,2239.1700,8135.4600,2703.3600,4511.0600,2026.8100,7236.6400,1470.2800,4543.2900,665.5000,3036.1000,3915.9400,1914.7400,6472.5000,1535.5300,2917.0000,2327.8600,1691.2500,4589.9400
2024-12-26,2537.5300,3340.0100,2154.2000,4447.1800,4665.2800,8615.2700,18086.6000,1490.7000,2058.7500,7353.5100,2403.5300,2261.6600,2201.5600,2281.7000,8218.6700,2778.5500,4454.8000,2016.7700,7223.3400,1493.8200,4617.8700,668.5700,3144.7200,3907.1100,1912.1200,6551.0500,1559.1700,2880.2500,2313.3000,1700.3100,4592.5300
2024-12-27,2602.0100,3360.2100,2158.6000,4424.7900,4620.7500,8557.3400,18119.0600,1504.3700,2076.5700,7391.2200,2432.3100,2286.4700,2225.7800,2287.5800,8289.5400,2808.0800,4510.1700,2036.4900,7228.4100,1518.1800,4591.9700,666.5800,3102.9400,3904.7200,1922.1800,6556.9200,1559.6100,2881.8400,2322.7700,1719.1900,4572.7600
2024-12-30,2561.5300,3347.0000,2146.2400,4440.0000,4619.6500,8539.6300,18002.4900,1496.4800,2064.3200,7363.2400,2406.8600,2284.2500,2192.8800,2276.9500,8173.3200,2801.7600,4465.1900,2032.8700,7255.1700,1511.3100,4591.1900,665.0900,3065.5600,3952.9300,1942.1600,6536.3800,1553.2700,2916.7300,2333.7200,1706.3400,4441.6100
2024-12-31,2530.8400,3280.4800,2102.3100,4317.9900,4432.2500,8442.5700,17958.3400,1495.0300,2027.8200,7222.3100,2395.2700,2254.9300,2157.2900,2238.8800,7988.4500,2732.9700,4390.9400,1991.5100,7112.7400,1474.7800,4407.2900,644.5700,2977.8100,3909.3500,1866.3000,6420.2200,1517.8900,2904.9100,2315.6000,1675.4500,4358.5000
2025-01-02,2485.9700,3212.5000,2061.0100,4280.1400,4273.6100,8423.7400,17623.8900,1496.4200,2014.1900,7062.3100,2333.3700,2192.4200,2120.9400,2283.6500,7965.3100,2738.5300,4328.9400,1925.6800,6911.6200,1408.6800,4228.0800,630.8500,2889.2300,3823.5100,1774.7000,6225.2300,1480.6100,2834.7800,2266.2600,1639.4400,4321.5500
2025-01-03,2426.5300,3148.7900,2022.7800,4291.4400,4177.0300,8279.2900,17369.1400,1442.8800,1942.4200,6980.1200,2301.2200,2168.2400,2055.3900,2158.1600,7576.2500,2613.6700,4253.5000,1873.9500,6748.3100,1359.0000,4018.4400,603.7000,2794.1900,3797.1900,1732.0700,6068.6000,1432.0600,2835.4800,2266.3800,1588.9600,4183.6300
2025-01-06,2427.0100,3165.0800,2046.6600,4323.3900,4134.7400,8320.5900,16966.5700,1441.3700,1918.9400,7072.4100,2293.4200,2163.8200,2041.2700,2080.2900,7451.7800,2627.8000,4253.4000,1869.3300,6775.9200,1343.5300,3963.2900,596.8200,2770.3100,3828.0600,1729.7300,6065.9100,1420.7000,2824.3900,2264.8200,1579.0900,4179.1200
2025-01-07,2447.3200,3192.0400,2048.9400,4424.9800,4311.9100,8413.5000,16991.6100,1462.0900,1958.4100,6976.4200,2284.3300,2164.9400,2063.6200,2098.8600,7597.4800,2732.7300,4290.8100,1889.6300,6818.4400,1370.3400,4071.4900,607.9700,2848.3500,3849.3300,1742.3100,6192.0800,1453.0000,2792.7400,2272.1400,1590.5900,4213.4600
2025-01-08,2428.6600,3155.6900,2024.4500,4366.1600,4294.7200,8600.8400,16998.9200,1461.0700,1957.1300,6931.8200,2296.6000,2170.1100,2054.5400,2107.6700,7573.9700,2785.8200,4269.4400,1879.7800,6790.0200,1362.3900,4050.2300,609.4400,2838.4700,3876.4900,1732.8100,6202.7600,1464.0200,2767.4800,2273.3700,1582.4100,4221.3500
2025-01-09,2416.4300,3163.7600,2011.6500,4394.8500,4327.2700,8696.0800,17002.7200,1442.1300,1954.5200,6888.2700,2268.0500,2142.1100,2055.6400,2105.3500,7565.5900,2756.7500,4265.6900,1867.0400,6807.8000,1384.5400,4084.7800,611.0700,2852.7000,3844.1900,1721.5500,6229.3800,1469.4100,2724.9800,2235.4000,1574.8400,4173.8800
2025-01-10,2367.5600,3109.9100,1979.1500,4377.3100,4254.6400,8452.0700,16767.8400,1400.1700,1899.1900,6764.3400,2229.8200,2112.7000,1999.5900,2016.4100,7320.1100,2668.2800,4184.0900,1826.2000,6658.6700,1363.2200,3966.0700,591.5000,2752.9200,3817.4500,1689.8600,6147.9000,1454.1600,2688.9700,2201.7300,1540.6600,4069.5000
2025-01-13,2376.9100,3126.6000,1996.5600,4456.5800,4231.7600,8244.6400,16840.3400,1390.0700,1892.4200,6790.4000,2220.8800,2113.7300,2021.9200,2011.6100,7355.4300,2683.7700,4191.3600,1823.1300,6656.4800,1363.7500,3994.2600,590.3200,2749.4400,3773.1900,1691.2500,6123.1800,1444.7900,2680.5900,2222.8200,1547.2800,4117.7700
2025-01-14,2443.7200,3224.2100,2042.2400,4533.2600,4430.4300,8429.5200,17202.7700,1441.5500,1959.8700,6991.5300,2262.6200,2175.7500,2080.1800,2108.6300,7668.6200,2770.3900,4302.3900,1878.3800,6922.6300,1412.7000,4239.3500,624.0700,2872.6400,3826.2200,1753.0500,6427.4600,1526.8800,2724.6400,2261.0100,1603.5900,4268.4200
2025-01-15,2426.8800,3202.9200,2039.0200,4474.1300,4387.1100,8375.4500,17142.1900,1444.7800,1956.1500,6917.5200,2255.4100,2167.8200,2071.9700,2114.0500,7707.9900,2684.1400,4299.9600,1871.4000,6859.1400,1387.2700,4195.8500,632.1300,2842.3100,3857.1100,1739.0100,6387.3200,1518.6100,2708.7800,2247.9900,1597.4500,4238.5000
2025-01-16,2436.9600,3220.2700,2059.0000,4553.9200,4351.4400,8445.2000,16995.8500,1460.7000,1968.6500,6918.3200,2261.3200,2163.3200,2076.5900,2148.8800,7777.4300,2736.4700,4325.9200,1879.0000,6885.9200,1387.1600,4217.4700,633.7100,2912.4400,3893.0000,1740.3800,6401.2900,1528.4800,2748.6100,2274.3200,1611.3600,4247.3500
2025-01-17,2459.7000,3262.4500,2045.1900,4572.8700,4428.3300,8454.5000,17120.1000,1444.4400,1960.8400,6944.8300,2260.1700,2172.2700,2077.3200,2110.5500,7787.5600,2739.2400,4335.1500,1880.1500,6902.5900,1402.3600,4209.5100,627.9600,2921.6400,3867.6000,1746.0300,6428.5900,1532.3100,2732.9700,2267.4200,1608.4600,4246.2700
2025-01-20,2459.5000,3273.6200,2054.7900,4549.9000,4471.2900,8474.1900,17234.3500,1467.2400,1985.0000,7021.9000,2260.1400,2164.6800,2086.2200,2126.1500,7885.0500,2762.2500,4305.5000,1887.0500,7051.3500,1410.7800,4228.4900,629.0000,2954.4300,3851.0400,1757.1300,6501.2600,1542.5700,2698.4800,2244.3900,1619.7300,4266.8300
2025-01-21,2439.0200,3261.6300,2026.2000,4528.6500,4548.6500,8467.9400,17145.4600,1452.7100,1981.3900,6998.2100,2254.8000,2160.2800,2107.3400,2133.0400,7781.1000,2738.7100,4296.3100,1873.5400,7017.9900,1400.4300,4260.6100,632.6800,3002.8800,3850.6700,1759.1600,6563.6000,1557.7500,2662.3300,2209.4100,1611.0600,4266.2500
2025-01-22,2420.5300,3244.2600,2023.0900,4521.6500,4546.5000,8328.7000,16836.3600,1438.9600,1950.0500,6935.8100,2244.9300,2137.5200,2035.2200,2096.5100,7639.6200,2719.5300,4252.9700,1853.7300,6923.6100,1388.6300,4228.6400,620.2400,3054.2200,3779.8500,1744.3300,6490.3700,1544.8800,2638.9300,2188.0600,1596.2600,4212.5400
2025-01-23,2428.3200,3231.1600,2014.0800,4482.9100,4479.3400,8341.6100,16830.5200,1437.4100,1940.2100,6925.2400,2246.2400,2144.6200,2053.5900,2092.8000,7708.2500,2708.7900,4257.0200,1860.9400,6879.9000,1376.5000,4218.8000,623.9500,3009.1000,3866.8200,1767.5200,6436.0900,1543.1000,2651.4800,2193.2500,1594.2100,4214.6000
2025-01-24,2438.5300,3253.5600,2055.7200,4531.4700,4553.4100,8380.0600,16761.0600,1455.2200,1957.8900,6951.1900,2240.4600,2150.2800,2050.5300,2113.2600,7841.0400,2710.5500,4278.3200,1871.9100,6985.6100,1385.8400,4375.9300,640.2300,3074.6900,3869.1200,1784.8400,6540.7000,1567.6800,2680.2100,2195.4700,1602.0000,4234.8400
2025-01-27,2455.3200,3261.9400,2077.3000,4510.9000,4420.4600,8385.5600,16729.8400,1456.2000,1974.4400,6949.9200,2271.2800,2160.1300,2025.2100,2068.4000,7773.9000,2657.3400,4335.1200,1873.5500,6851.8100,1367.4600,4311.9600,640.7500,2952.5300,3923.1200,1749.5900,6473.8500,1532.5500,2712.1700,2217.8400,1604.6100,4197.0500
2025-02-05,2450.1600,3245.5400,2059.2700,4561.8700,4474.6700,8300.7600,16379.5000,1441.6800,1964.6800,6988.9000,2250.8800,2125.5000,2013.3900,2051.0800,7849.5900,2595.9500,4243.6000,1866.5400,6812.7200,1381.3800,4582.2400,663.0400,2892.8600,3859.7400,1740.4200,6513.0500,1544.7900,2652.4900,2197.6000,1608.5900,4154.8700
2025-02-06,2456.3200,3277.5500,2084.5900,4614.3800,4649.3000,8435.6100,16486.2900,1445.4600,1984.8700,7069.3000,2266.2400,2137.7700,2032.3700,2070.9900,7979.7200,2629.8800,4258.8400,1885.5100,6955.0000,1428.2600,4740.4000,679.5100,2979.7700,3860.2600,1768.0600,6773.5100,1595.4400,2661.0800,2209.2100,1623.0400,4212.3600
2025-02-07,2466.6100,3314.1100,2133.7900,4668.6500,4692.0700,8562.3000,16713.6900,1464.2100,2006.1000,7173.3500,2275.1600,2160.4400,2078.9100,2094.0800,8023.6600,2707.6900,4322.2900,1910.1200,7138.5100,1437.2300,4892.7200,686.9700,3042.0500,3847.9100,1803.2800,6922.4400,1616.1000,2688.8400,2225.9600,1641.8700,4271.0500
2025-02-10,2470.4500,3341.0300,2153.3600,4692.1100,4740.1300,8564.5200,16728.8000,1474.4600,2035.0100,7292.0800,2272.5100,2161.8400,2110.2100,2157.4200,8253.7200,2740.5500,4357.4400,1929.1100,7100.1700,1453.4300,5086.7200,709.2900,3105.3500,3853.6500,1808.3900,6972.3500,1624.4400,2681.4300,2232.9700,1656.2500,4309.2200
2025-02-11,2448.9800,3353.0800,2141.1100,4701.7500,4712.5400,8564.1900,16577.3900,1493.7800,2041.2000,7215.3700,2267.1000,2156.0500,2074.9400,2153.8400,8216.8300,2746.0300,4334.2800,1920.7900,6999.9600,1437.6700,5031.8200,714.5300,3107.3600,3889.5000,1795.1200,6940.3100,1626.0700,2671.0100,2242.0900,1655.2200,4277.1800
2025-02-12,2456.0500,3386.8200,2149.2500,4672.4000,4838.3800,8585.5600,16792.0100,1490.0200,2049.9400,7229.9900,2273.6600,2157.0300,2139.3200,2180.9200,8298.8800,2771.8400,4345.1700,1932.8300,7108.0600,1449.9200,5160.6000,728.0900,3152.2600,3920.9900,1821.9400,7016.9400,1644.2500,2659.6800,2245.3400,1669.8000,4303.0900
2025-02-13,2501.0200,3370.0100,2160.8700,4640.6000,4707.2700,8553.0100,17103.5600,1488.7500,2042.1200,7194.5400,2272.7200,2162.3000,2151.4200,2182.8200,8252.1300,2763.1500,4370.3800,1936.6400,7071.8900,1433.8000,5093.9400,740.6400,3094.9900,3924.1400,1813.9200,6921.5200,1612.0800,2652.7500,2228.0800,1657.5200,4340.0300
2025-02-14,2492.7300,3362.3200,2149.1500,4664.3300,4704.8800,8575.8200,17104.6600,1481.4700,2032.2200,7368.1000,2271.4000,2165.6600,2120.9500,2167.8200,8228.0700,2740.1200,4331.6600,1934.5900,7144.0900,1428.8100,5273.0900,752.4900,3133.5100,3940.7600,1822.1200,7004.6400,1613.5700,2648.6300,2220.5300,1655.7000,4351.3500
2025-02-17,2512.2800,3373.0400,2162.9200,4565.9200,4771.9700,8563.8500,17104.8200,1482.7300,2060.4900,7416.9000,2296.9400,2172.7300,2136.5400,2176.3500,8368.3100,2780.4300,4322.5600,1950.3900,7171.6500,1432.3600,5305.9500,745.9800,3244.0000,3929.5800,1826.4600,7012.6500,1644.7000,2616.2600,2217.2400,1684.4800,4336.1500
2025-02-18,2460.8600,3330.6000,2137.9300,4528.4900,4668.0400,8432.4700,16972.5800,1452.9900,1998.2600,7267.6100,2292.3500,2148.1400,2077.9600,2088.6600,8045.8100,2721.4900,4270.5600,1917.2800,7131.9200,1394.1900,5112.5200,714.0000,3151.9900,3970.9500,1786.2100,6944.3800,1618.8900,2576.0500,2209.4800,1654.6400,4218.0600
2025-02-19,2488.2000,3368.4800,2136.1300,4575.3600,4826.4900,8462.5500,17130.8300,1468.8600,2017.3200,7321.1200,2287.9200,2153.6900,2100.3900,2116.3500,8158.9100,2740.6800,4294.7700,1940.4200,7254.7800,1424.7400,5249.0100,726.4200,3211.4600,3952.6100,1803.9100,7112.7600,1688.2900,2553.3500,2201.0100,1678.4700,4257.0500
2025-02-20,2479.5800,3403.5300,2154.3400,4606.8100,4864.5300,8489.1600,17062.1900,1482.1700,2032.4200,7438.6100,2282.7000,2144.6600,2088.5500,2140.5500,8242.3600,2721.8600,4299.5300,1924.5500,7207.8400,1448.9000,5233.2500,721.1100,3208.9200,3947.6100,1791.3500,7143.8000,1709.2300,2553.0100,2200.2100,1682.7800,4328.2400
2025-02-21,2482.5200,3402.3200,2156.2800,4593.6400,5032.5300,8511.2500,17119.7100,1468.0600,2023.7000,7506.3200,2274.8500,2143.8800,2087.5100,2144.2100,8300.4500,2746.2400,4289.8900,1925.8000,7351.6000,1467.9500,5440.4900,738.9800,3387.1400,3898.6100,1823.8500,7265.8600,1738.9800,2534.5000,2188.9300,1692.1500,4318.0500
2025-02-24,2515.6300,3416.1100,2162.1600,4597.7200,5030.9000,8550.3000,17160.0600,1483.2600,2038.8800,7438.8300,2273.9800,2152.8300,2122.0900,2137.9200,8282.7700,2775.6800,4365.4900,1970.8700,7349.4700,1476.2700,5419.2300,733.0000,3349.9500,3869.6100,1823.5500,7263.3800,1740.8300,2540.8900,2181.7600,1717.2600,4297.8300
2025-02-25,2464.1500,3382.1500,2155.7100,4554.1100,5024.6500,8405.8600,16887.9300,1469.2100,2012.4700,7355.5900,2253.4900,2135.2000,2108.4100,2129.0200,8171.6800,2764.9100,4317.6600,1946.5300,7329.8200,1465.9600,5350.7300,715.7500,3307.8400,3838.7200,1792.6300,7285.7500,1747.8200,2531.7600,2166.1400,1711.5300,4243.3100
2025-02-26,2477.7200,3422.5700,2265.5500,4588.0200,5075.6000,8519.8800,17018.0300,1480.2600,2034.4000,7442.2500,2277.2000,2143.6700,2154.8900,2150.9500,8245.7600,2774.4100,4381.9500,1966.5400,7462.4400,1480.3600,5400.5000,716.3900,3316.2600,3858.5900,1831.9000,7351.8000,1780.6400,2546.0500,2177.7600,1728.2700,4290.2700
2025-02-27,2479.6900,3423.5100,2270.9500,4565.8400,5030.9900,8616.0000,17398.7900,1507.9600,2062.2000,7468.1900,2268.3400,2160.5600,2165.5200,2199.9900,8297.5800,2802.8600,4401.2600,1960.7100,7461.4900,1463.9900,5298.8600,712.8300,3224.4500,3908.2700,1828.3500,7357.4200,1772.8600,2535.5900,2200.1400,1717.0200,4377.9000
2025-02-28,2460.3300,3370.2100,2224.7500,4486.8400,4787.6400,8447.4800,17422.3100,1480.7400,2027.4500,7302.5000,2250.0000,2142.7000,2133.9500,2129.9100,8066.2800,2732.7500,4359.6500,1939.2300,7290.9100,1417.5600,5015.0400,679.8300,3060.7000,3884.4700,1771.6200,7068.0500,1696.6600,2506.4900,2194.2800,1680.7800,4294.2600
2025-03-03,2482.0400,3412.2400,2236.2900,4591.5800,4745.2700,8332.0800,17278.5100,1477.6200,2027.2900,7350.9400,2240.7700,2134.9000,2144.2700,2127.3300,8092.8800,2755.5100,4394.7200,1939.7000,7429.6200,1420.7400,5027.2300,683.4900,3026.2900,3883.6500,1765.3600,7046.5600,1690.9600,2517.8200,2182.9700,1691.3100,4355.6400
2025-03-04,2505.4700,3415.8500,2251.4000,4630.9900,4838.7800,8454.7500,17106.8700,1486.5200,2035.7900,7390.7800,2242.5900,2141.1300,2138.1500,2117.9100,8171.6500,2702.9700,4395.4500,1942.3300,7346.3200,1471.1000,5114.9300,688.6400,3060.0400,3877.4500,1768.0100,7065.8200,1722.1300,2491.3200,2166.1000,1707.7000,4352.3600
2025-03-05,2478.5300,3409.5500,2262.1800,4669.3000,4873.6800,8474.0500,17069.5500,1490.7400,2025.8100,7336.3100,2248.1800,2149.0500,2106.8700,2133.5800,8158.8200,2679.4600,4421.2700,1939.0700,7307.9400,1477.9100,5171.3200,692.4000,3135.0400,3944.3400,1772.1800,7158.4300,1753.7600,2486.7100,2153.3500,1697.8200,4326.7200
2025-03-06,2486.3400,3437.2700,2253.5000,4733.6400,4977.4400,8528.5800,17383.5000,1508.4700,2061.3200,7451.4600,2246.3200,2154.8300,2155.9800,2171.6400,8383.0300,2729.0000,4449.2800,1954.4300,7418.7900,1494.2500,5430.2300,723.9300,3208.6500,3922.5900,1818.6000,7258.3600,1782.8900,2497.0000,2156.9000,1725.6900,4408.8400
2025-03-07,2485.9000,3446.6200,2284.8400,4804.5000,4918.7500,8485.9300,17551.3900,1501.7300,2054.6300,7380.2100,2238.8000,2145.9300,2114.6200,2150.4300,8400.4400,2704.4800,4474.0000,1934.9900,7337.6500,1516.2900,5352.8900,714.9400,3146.7400,3928.4300,1793.6400,7285.5600,1789.2400,2517.6700,2161.5300,1719.2600,4384.1100
2025-03-10,2498.4300,3462.7100,2265.3600,4862.5900,4923.2900,8527.4700,17518.5200,1511.3000,2060.7700,7438.1200,2236.8900,2142.3800,2110.2500,2136.7400,8437.5800,2725.7400,4518.3800,1933.8700,7359.1800,1526.0900,5265.5600,708.0500,3126.1500,3892.5800,1778.5700,7257.0000,1802.8300,2552.8600,2160.6500,1737.6200,4418.7600
2025-03-11,2541.6800,3490.4100,2305.3300,4889.3600,4907.4500,8517.5000,17854.9200,1532.3800,2064.4900,7428.3200,2245.2100,2149.1000,2112.3300,2158.5600,8512.1400,2756.3100,4531.7700,1938.8800,7373.3700,1560.6000,5262.8900,709.4400,3133.1700,3921.4400,1785.0600,7233.6700,1803.1200,2557.0100,2173.9500,1742.9900,4630.1900
2025-03-12,2522.6000,3485.7600,2303.2100,4891.9000,4906.4600,8458.0400,17713.2500,1538.2500,2065.4800,7385.3000,2257.0700,2150.5300,2102.9300,2165.6900,8517.6700,2738.4100,4496.6300,1951.9700,7394.5700,1552.2200,5304.8400,723.0100,3164.9300,3911.1900,1790.0200,7271.1500,1793.7900,2536.6400,2160.0600,1752.4900,4583.4600
2025-03-13,2522.3800,3462.4500,2330.6100,4906.7500,4786.6300,8438.3100,17681.1600,1533.3000,2044.9800,7351.3100,2276.4300,2144.6100,2082.9800,2136.1800,8469.1800,2692.6700,4486.2400,1937.9700,7323.4500,1553.2600,5192.7800,709.9900,3114.1600,3933.1700,1779.4900,7132.9500,1746.3600,2642.6600,2177.6000,1742.9200,4658.6600
2025-03-14,2556.6100,3501.0800,2318.5900,4975.6200,4888.4500,8644.2400,18638.1700,1561.0200,2090.8400,7510.7500,2287.9100,2168.8300,2124.7200,2204.1100,8712.0400,2744.8400,4526.8500,1966.0100,7455.9400,1555.2600,5280.3500,727.6600,3165.6900,3983.6900,1850.1700,7340.4400,1777.0600,2639.5600,2191.0200,1762.6800,4742.7600
2025-03-17,2579.5600,3513.4400,2304.5900,4936.2900,4904.3000,8703.8300,18637.5700,1568.1600,2103.2800,7512.5900,2289.0900,2172.3700,2145.1400,2203.5700,8745.1900,2788.7400,4619.7000,1978.1300,7437.2600,1552.3300,5272.8000,726.7500,3172.7000,3996.1600,1839.2900,7408.7000,1780.9500,2630.2300,2206.6600,1795.8400,4708.1200
2025-03-18,2562.4800,3522.9800,2292.4100,5007.1500,4938.2700,8864.8300,18500.1700,1579.8100,2105.2600,7576.8200,2282.1800,2179.5600,2136.7400,2203.1800,8779.6500,2771.7800,4615.7200,1978.3500,7488.3200,1546.2300,5296.8400,725.2200,3201.7700,3991.4500,1842.5700,7451.1600,1791.9600,2613.8000,2203.4300,1806.1700,4675.3100
2025-03-19,2556.2000,3511.7600,2286.0100,5020.2200,4859.8500,8918.3200,18453.4600,1576.7200,2099.8900,7578.3400,2311.3400,2173.6500,2123.0600,2181.4400,8724.8000,2739.2800,4598.8800,1968.0100,7500.1500,1532.0700,5221.1000,714.2800,3122.5800,4048.0700,1844.5600,7501.4100,1793.6700,2610.7600,2196.9500,1793.0000,4638.7600
2025-03-20,2547.2600,3495.6000,2300.8300,5005.6900,4812.6700,8793.4500,18163.9800,1564.0700,2082.8600,7516.3000,2310.9700,2170.4400,2121.5400,2160.4700,8697.4500,2725.5500,4603.7700,1968.8600,7446.5900,1544.4300,5164.3900,705.2200,3099.6600,4024.9300,1817.2200,7563.6300,1797.0400,2621.9500,2217.5600,1785.8800,4592.9900
2025-03-21,2532.6700,3454.5300,2314.3100,4888.4000,4688.3400,8747.1900,17887.3300,1540.9700,2060.0200,7404.5500,2305.4400,2163.7300,2099.9800,2115.3400,8609.6700,2706.8400,4590.1800,1961.2100,7327.5600,1536.6700,4999.5100,691.6000,3043.7200,3976.3900,1788.6500,7285.2900,1762.6500,2616.8700,2224.1900,1783.0600,4550.4200
2025-03-24,2516.0300,3456.0500,2311.9100,4944.1100,4699.1800,8830.4400,17949.3700,1515.1400,2034.1500,7342.2600,2310.4900,2162.8200,2062.7600,2100.5200,8636.9500,2674.3200,4542.5300,1939.5100,7290.4900,1510.8300,4903.7100,687.9000,3025.4100,4011.3500,1791.1900,7249.9900,1744.7600,2627.7800,2212.6200,1762.4000,4532.1100
2025-03-25,2534.9200,3498.9400,2309.0100,4967.4600,4613.4400,8822.2900,17918.7800,1511.5900,2031.3500,7360.9200,2338.7900,2176.6100,2066.6400,2086.4100,8620.6200,2668.3200,4525.1400,1942.9200,7310.7900,1505.7000,4798.2300,677.0100,2957.4900,4029.7400,1783.6900,7140.0200,1725.1500,2677.6200,2231.5700,1758.8800,4529.4900
2025-03-26,2576.5000,3515.5400,2301.6000,4950.2300,4623.3100,8810.3700,17919.9800,1526.6500,2040.5100,7368.6600,2328.7200,2181.5100,2081.7100,2101.5200,8649.1600,2724.5200,4540.0500,1945.4300,7344.2000,1504.5800,4802.0300,678.8700,2964.5400,3971.3400,1781.4500,7227.9500,1739.0900,2675.7900,2226.4800,1771.1300,4528.4300
2025-03-27,2571.9100,3541.8800,2275.7100,4885.8600,4646.3300,8823.1000,18073.4200,1522.7900,2046.6700,7507.0400,2301.9100,2175.2200,2077.8800,2105.6400,8537.6500,2694.7100,4535.7800,1928.5800,7272.2700,1492.4400,4790.5200,679.0000,2946.1100,3989.2800,1787.0700,7242.0300,1722.1700,2655.3600,2229.6500,1758.5900,4523.9700
2025-03-28,2546.7600,3454.0600,2253.3900,4877.5600,4591.4600,8780.3100,17958.3300,1504.2600,2022.6400,7477.3400,2288.6800,2155.4400,2068.6800,2071.8800,8440.7500,2651.6000,4506.4100,1905.8000,7202.7200,1475.4700,4755.1500,682.0200,2926.0700,3974.9500,1786.9300,7209.9900,1701.1400,2614.2700,2191.5100,1747.8400,4475.7600
2025-03-31,2508.8000,3409.6100,2220.8200,4834.5700,4578.3300,8812.4100,17747.5000,1481.5100,1993.3500,7388.0600,2292.1400,2147.5800,2031.5300,2054.7800,8333.6800,2614.6400,4473.7000,1874.4300,7063.2300,1448.8100,4742.9500,671.0100,2943.0500,3988.9000,1760.8900,7152.4200,1678.8700,2597.3900,2179.0200,1728.1500,4440.7800
2025-04-01,2538.0200,3442.9500,2250.0300,4842.5100,4581.5800,8662.0000,17802.4100,1499.7100,2015.4000,7635.0800,2333.0000,2167.1500,2036.8900,2049.7700,8399.8700,2642.7400,4487.4200,1888.0700,7081.2200,1469.9200,4696.7400,669.5400,2929.3900,3965.4000,1757.8600,7088.2700,1682.6400,2630.9700,2200.8000,1750.4600,4466.8100
2025-04-02,2539.3300,3444.7900,2236.9800,4800.5600,4580.6900,8707.5900,17743.6100,1521.4300,2026.6500,7594.0600,2314.3200,2163.4000,2029.0500,2050.3400,8407.6100,2662.3600,4471.2700,1893.0200,7094.5000,1452.7200,4715.5800,672.4700,2957.8400,4000.9800,1767.9900,7103.6900,1691.3900,2629.0900,2191.6400,1744.1700,4512.0900
2025-04-03,2585.2600,3412.8400,2251.0200,4737.9000,4467.0300,8476.6700,17970.1200,1504.7600,2003.1800,7567.1300,2346.9900,2171.8200,2050.0500,2061.1200,8482.1000,2649.9300,4493.8300,1900.6600,6949.9100,1446.4800,4666.1900,673.2900,2902.9600,4012.1300,1763.4400,6955.0700,1658.4100,2629.9200,2187.2900,1743.4900,4528.4400
2025-04-07,2530.0100,3081.9100,2037.8200,4306.7700,3973.7000,7720.0600,17164.6200,1359.0900,1807.0000,6876.8800,2220.8100,2016.2300,1870.9900,1877.6700,7594.3800,2386.2400,4167.5100,1736.8200,6107.8400,1304.1600,4080.5800,591.7100,2562.5900,3824.9100,1604.9100,6256.8200,1456.2800,2440.1500,2000.1600,1550.0600,4095.7000
2025-04-08,2727.6000,3123.0500,2056.1300,4295.5500,3906.5300,7811.9100,17743.8800,1349.4000,1801.6200,6949.7200,2272.7500,2072.4800,1911.9600,1942.2900,7815.4300,2385.5700,4264.1500,1780.8000,6131.2800,1331.8800,4111.7900,595.6400,2538.6700,3889.0500,1628.5100,6155.0500,1446.8500,2521.0100,2047.6300,1581.0800,4226.6000
2025-04-09,2743.4900,3152.8900,2077.8400,4341.6600,4033.1500,7853.2800,17958.4700,1363.3400,1829.7300,6975.1700,2287.2500,2127.7100,1996.0600,2042.8200,8095.1900,2454.9800,4380.4200,1820.4000,6168.5900,1415.4500,4270.8200,609.6900,2595.4300,3852.5500,1650.2100,6230.6800,1484.6300,2524.8000,2046.2200,1622.3800,4317.5300
2025-04-10,2757.8600,3215.8300,2107.1000,4490.1100,4137.3900,8022.4200,18072.8000,1414.8100,1883.3100,7116.8600,2291.4900,2153.7600,2040.0200,2141.5200,8280.8200,2512.1000,4412.3900,1837.0000,6317.3000,1433.4500,4358.6500,629.2100,2659.4900,3878.7000,1673.2700,6430.4200,1525.5500,2527.0800,2066.6600,1651.3000,4435.0900
2025-04-11,2670.0300,3237.4500,2109.4200,4530.9000,4293.4000,8027.7000,18005.2100,1418.6900,1886.2900,7142.9400,2278.5700,2144.4900,2019.9900,2120.5400,8239.3700,2508.2400,4385.2500,1835.5300,6387.7000,1450.6000,4396.0700,627.6200,2680.2500,3889.1100,1671.9700,6571.5800,1545.8900,2497.3800,2060.1000,1657.7700,4413.0300
2025-04-14,2691.2000,3276.1000,2133.9900,4642.2500,4324.1500,7979.9000,17939.5300,1454.9700,1919.0800,7217.1900,2308.0600,2152.3200,2023.9700,2170.8500,8411.3100,2557.4300,4397.7200,1849.5300,6438.6700,1455.2800,4437.5300,637.4100,2709.6400,3913.9200,1678.1900,6689.0100,1562.0200,2559.9000,2086.8900,1681.3800,4501.7400
2025-04-15,2674.6900,3274.3400,2113.9600,4614.8200,4282.0500,8087.7600,18018.2400,1471.8500,1926.9900,7208.3300,2322.4300,2137.7500,2006.6100,2141.1100,8334.6500,2569.8400,4382.2800,1846.0600,6451.7600,1429.4200,4401.6300,643.5200,2698.4400,3972.7900,1676.9300,6680.3900,1558.1300,2561.4600,2085.9700,1683.5600,4603.8500
2025-04-16,2654.9300,3233.4800,2102.6600,4599.0300,4255.8700,8024.7400,18102.3500,1460.8000,1903.8700,7133.0300,2329.3600,2162.3000,2010.3600,2147.4200,8366.2700,2522.4500,4351.1900,1843.6700,6360.1800,1422.3400,4346.0500,637.3600,2660.3200,4012.4700,1673.2600,6576.6100,1532.6100,2578.3700,2093.7600,1666.2400,4555.9400
2025-04-17,2653.6200,3250.7600,2102.4200,4579.9700,4272.1000,8014.6600,18232.8600,1463.5100,1923.2200,7135.7900,2323.9800,2160.6300,2057.0500,2149.4900,8457.8500,2571.5700,4405.1000,1849.5900,6358.4500,1421.8000,4353.6700,637.2500,2652.2800,4015.1800,1675.0700,6523.6900,1532.8900,2576.1600,2099.4100,1663.9800,4543.8800
2025-04-18,2612.7100,3247.4800,2112.8600,4572.2000,4265.8400,8042.3400,18048.9600,1440.9400,1911.8100,7117.4300,2318.9900,2145.4100,2088.6000,2125.5500,8250.7000,2583.7800,4396.7600,1858.3900,6364.3800,1413.5500,4358.9800,639.5900,2694.3400,4046.3900,1685.2700,6519.4800,1534.6500,2564.9900,2106.5900,1658.3800,4432.0300
2025-04-21,2626.3800,3296.4600,2136.4300,4745.3000,4333.6300,8133.6900,17941.6300,1460.3700,1945.9300,7216.6100,2329.0200,2141.9400,2078.9900,2162.8700,8361.3300,2601.3000,4407.9400,1861.5600,6485.1600,1438.4200,4477.5400,652.5600,2735.7600,3996.4600,1692.2400,6647.4300,1565.7800,2556.6900,2114.2700,1668.5900,4525.7100
2025-04-22,2644.3900,3311.8100,2129.5200,4727.5000,4307.7800,8140.0800,17924.9800,1464.5900,1952.7500,7275.5100,2328.0500,2161.2700,2096.5100,2185.2300,8313.3100,2614.5300,4452.7900,1869.5900,6442.0400,1429.4000,4437.3500,645.5300,2709.1600,4023.1100,1696.6200,6635.0200,1553.2700,2553.8600,2123.3500,1676.3500,4528.0600
2025-04-23,2607.7300,3334.1200,2136.5800,4667.9200,4347.0200,8195.8700,17860.7800,1455.0100,1948.8900,7224.9500,2318.3500,2152.8500,2067.4800,2144.7500,8266.4100,2601.8100,4434.5500,1871.0600,6517.8600,1425.4400,4473.5700,643.8900,2756.0200,4003.6200,1699.0900,6848.1300,1591.5700,2547.4300,2132.2700,1678.1800,4484.8600
2025-04-24,2621.4500,3327.4400,2127.7200,4636.0200,4282.9800,8210.3500,17853.4700,1447.2300,1950.0000,7242.6600,2343.4500,2148.3700,2073.7500,2128.6100,8197.1500,2590.1300,4408.4400,1867.6200,6501.7800,1412.7000,4368.0500,634.9200,2698.8200,4050.1100,1695.9100,6791.9500,1571.6600,2563.8400,2133.5700,1671.8600,4556.8700
2025-04-25,2608.4600,3335.3600,2147.6300,4641.0000,4301.3500,8225.3400,17803.6400,1460.8000,1948.4400,7199.7900,2375.4300,2148.3500,2061.2500,2127.0200,8213.1500,2599.0100,4406.5500,1872.5800,6517.1700,1415.7100,4402.2200,638.8700,2729.9500,4029.8500,1705.0300,6836.9900,1575.9200,2548.7300,2134.9600,1675.2500,4600.5500
2025-04-28,2577.0400,3299.5700,2159.0900,4619.6900,4282.2200,8239.1700,17736.4500,1447.6800,1924.0500,7146.4900,2384.7100,2139.6900,1985.7100,2095.4200,8033.2100,2533.5600,4337.4000,1849.2300,6478.8000,1400.7200,4378.6000,638.9900,2709.3800,4069.2000,1693.5500,6728.4200,1557.9700,2510.4800,2134.3900,1656.1900,4581.4100
2025-04-29,2591.6200,3328.2200,2159.9000,4618.0700,4302.5800,8308.0300,17692.9900,1450.2300,1944.0700,7178.9300,2342.3300,2137.3600,1987.1900,2093.7100,7995.3300,2508.9000,4347.8000,1854.3900,6449.5000,1404.2300,4408.2000,647.0800,2717.5500,4054.6600,1686.7400,6763.9900,1580.3900,2497.6400,2122.7500,1663.2700,4700.5000
2025-04-30,2593.7400,3318.5200,2130.7400,4603.4400,4358.8500,8314.4300,17707.5100,1459.4000,1951.8200,7235.1800,2325.5700,2120.9500,1998.5900,2090.4500,7997.1500,2527.5200,4312.1200,1848.9900,6481.8100,1413.1200,4510.7900,656.0800,2746.0400,3970.0900,1687.1700,6871.6600,1600.9200,2485.0300,2132.9400,1674.8500,4713.8200
2025-05-06,2614.4900,3390.7300,2179.5800,4721.8600,4473.9300,8426.1700,17769.1800,1494.1800,1997.2800,7312.7400,2347.9700,2154.0700,2021.0800,2117.0300,8167.6400,2613.0300,4381.8300,1877.1700,6621.7000,1439.4600,4675.6500,674.5900,2844.5200,3964.9400,1710.4400,7023.0700,1649.5400,2503.5200,2147.1100,1703.7900,4734.1600
2025-05-07,2633.1800,3429.8400,2196.7600,4743.2300,4457.2800,8471.9000,17838.2100,1501.6600,2012.5300,7304.3300,2355.9100,2168.1800,2042.4500,2128.2900,8148.1700,2620.6600,4415.7200,1890.3600,6680.4600,1492.7900,4656.1600,670.8200,2847.0800,4023.9300,1722.7700,7030.2000,1659.2100,2524.8700,2166.6100,1712.1500,4773.8200
2025-05-08,2629.7400,3422.6700,2188.4600,4722.8100,4479.6900,8551.3900,17967.9500,1499.2900,2018.7500,7325.5300,2364.7400,2163.1600,2039.7400,2143.6900,8176.3200,2637.4100,4424.4300,1898.2200,6788.3700,1531.1200,4689.3000,677.5400,2921.0900,4068.7100,1732.8800,7080.1400,1676.3200,2520.3400,2160.3700,1728.2200,4727.9100
2025-05-09,2619.3000,3387.3500,2168.7700,4695.1500,4386.7400,8588.6000,18019.5400,1510.1100,2010.8100,7308.1000,2377.2100,2160.1700,2006.7800,2108.8200,8086.8700,2617.3100,4422.1600,1885.7200,6742.6900,1502.5400,4597.5600,665.2400,2882.1400,4124.1500,1716.6300,7011.3500,1655.7500,2522.9200,2153.1500,1723.9700,4794.4900
2025-05-12,2606.4900,3426.8400,2177.5200,4744.4000,4463.3800,8715.0100,18111.1700,1517.2400,2026.6200,7288.3700,2371.1100,2178.4900,2019.9700,2124.0800,8147.2300,2632.5400,4433.0900,1901.8200,6924.2000,1574.7200,4678.3000,670.8100,2930.6400,4130.6000,1752.2800,7145.3400,1692.8700,2524.2200,2164.3800,1735.9000,4792.5400
2025-05-13,2608.3300,3436.5300,2178.7200,4747.8600,4434.8400,8717.2600,18042.2200,1522.9900,2030.7800,7354.1600,2378.5800,2194.1800,2014.3600,2125.6900,8155.7100,2618.4500,4430.5500,1913.3000,6954.1000,1526.4300,4640.6600,667.8300,2912.7300,4193.4500,1743.6900,7109.1900,1681.7000,2539.9300,2176.0800,1734.0800,4848.9400
2025-05-14,2637.1600,3457.3600,2187.2600,4786.7800,4443.9600,8706.7500,18345.8200,1524.5100,2027.9100,7361.3200,2386.3200,2233.4200,2025.2500,2150.7600,8141.7900,2652.8300,4437.9400,1921.6400,6942.8700,1515.1500,4680.7700,671.7200,2934.8100,4227.9500,1813.2000,7112.1800,1675.4900,2565.8800,2200.6600,1737.6300,4830.1500
2025-05-15,2640.0500,3428.2300,2170.7300,4724.1900,4349.8700,8597.9200,18299.5800,1521.7900,2023.1200,7352.1200,2389.2300,2222.5600,2001.7000,2131.5800,8042.1600,2642.5100,4407.1700,1906.7300,6824.1300,1487.9000,4541.8400,658.7500,2862.8800,4222.7500,1780.9600,7045.5200,1647.8800,2576.6300,2185.5000,1723.5200,5008.0300
2025-05-16,2620.5500,3448.9200,2159.4100,4723.7500,4354.0500,8588.5900,18105.4700,1525.4100,2028.2400,7401.2300,2379.0100,2204.6200,2000.5400,2145.1400,8043.0600,2662.8100,4411.3900,1900.2000,6836.6800,1484.7500,4539.4400,660.1400,2878.7200,4183.2300,1759.3600,7179.7600,1661.6000,2560.8900,2167.2300,1723.9600,4942.2100
2025-05-19,2642.2000,3462.3400,2175.0600,4711.8000,4360.4600,8637.9300,17942.5800,1537.7100,2045.2700,7387.9500,2399.0100,2223.9700,2035.5700,2159.6100,8125.3800,2715.7200,4442.9100,1914.9900,6849.8300,1500.3600,4548.2300,663.0700,2872.1700,4169.7600,1758.5300,7156.4000,1661.1500,2568.6300,2171.7600,1756.2500,4987.7500
2025-05-20,2677.8700,3467.1400,2172.2800,4737.3300,4391.3500,8780.9400,18065.2300,1561.5400,2078.5700,7509.3500,2424.4000,2227.1800,2033.2400,2186.6600,8230.7500,2773.2700,4446.2200,1923.4700,6889.2700,1492.8200,4557.3500,676.1900,2893.4400,4177.7800,1763.0600,7235.7600,1667.1600,2560.1400,2177.1300,1773.2100,5112.3700
2025-05-21,2670.0900,3463.7200,2169.6900,4834.5400,4350.3200,8755.6800,18045.9100,1561.0100,2067.7800,7556.9300,2430.9300,2239.9000,2022.5200,2172.9900,8159.2100,2787.6100,4452.0700,1925.1100,6966.0500,1490.7900,4530.6600,670.2900,2875.6600,4207.6200,1760.2200,7272.0900,1653.2900,2625.4000,2188.5600,1766.4900,5056.4700
2025-05-22,2645.2000,3404.7800,2150.3200,4786.6100,4324.5700,8759.4800,17988.0400,1547.8800,2055.1200,7501.7200,2415.5700,2238.4700,1994.4100,2145.6400,8012.4300,2751.0800,4403.7600,1904.7100,6874.1600,1487.2100,4490.7200,671.0900,2853.9600,4249.7000,1753.6800,7238.3400,1635.4300,2614.1000,2183.5500,1740.3800,4954.0300
2025-05-23,2611.2400,3406.5300,2139.2000,4783.3000,4259.5300,8692.1200,17875.6700,1523.7000,2042.9800,7533.0200,2383.6400,2201.1600,1971.2200,2110.5900,7914.4500,2700.4300,4362.7900,1881.7100,6788.2500,1471.2800,4402.2600,659.1000,2812.2800,4208.6200,1729.0200,7268.9800,1620.4500,2587.3400,2164.3400,1730.0000,4869.0600
2025-05-26,2623.9200,3413.8300,2142.6100,4799.2800,4296.6700,8630.4600,17782.3000,1525.4400,2064.2000,7451.5600,2397.9100,2217.9500,1975.2900,2119.7000,7974.7700,2677.3400,4364.6400,1891.5300,6745.1300,1486.3900,4463.4500,673.1800,2843.2600,4176.9000,1731.2500,7139.9300,1632.7300,2580.2900,2168.9200,1751.0700,4868.6900
2025-05-27,2636.7900,3431.4300,2132.0500,4700.0200,4241.5300,8605.0900,17812.0600,1545.3300,2072.6300,7524.1500,2396.8400,2216.7400,1987.6400,2126.3900,7971.6100,2679.4400,4352.3800,1888.0700,6708.5700,1482.5800,4427.4900,669.5800,2819.8200,4199.2500,1728.1600,7065.1800,1618.3100,2561.8000,2170.5700,1764.3400,4911.6200
2025-05-28,2616.1900,3404.2400,2118.9900,4700.0900,4225.5000,8650.9500,17881.0900,1563.4200,2067.6900,7493.8700,2390.5100,2232.5400,1974.1800,2133.2800,7925.3900,2667.7900,4342.0700,1881.6600,6673.0700,1471.8800,4397.8600,668.4700,2837.2000,4193.4700,1722.3700,7014.3800,1620.2700,2580.6600,2181.1200,1779.9700,4924.3100
2025-05-29,2626.4500,3429.5700,2128.7200,4714.4800,4314.3900,8651.8200,17839.7000,1567.6600,2080.5900,7671.5900,2393.0100,2245.7200,1993.0400,2150.7700,8024.3700,2698.4000,4373.5900,1901.5600,6725.5400,1500.1500,4557.0700,679.4600,2888.4900,4183.5200,1740.8500,7106.2500,1643.2100,2593.1200,2176.9400,1803.0600,4895.0200
2025-05-30,2658.0000,3383.9100,2124.1700,4668.3900,4234.5900,8605.1400,17685.3500,1547.3800,2045.9000,7699.7500,2379.4000,2238.7800,1989.8600,2125.0500,7928.7500,2647.9700,4370.5400,1902.7900,6622.5900,1502.6800,4480.1600,670.5400,2855.2000,4210.3500,1731.9900,6970.5000,1613.5400,2578.7500,2173.0800,1789.2300,4833.9400
2025-06-03,2705.9200,3406.7900,2095.0000,4733.8200,4246.3500,8424.8100,17662.1500,1586.5900,2063.2900,7836.6300,2373.8500,2244.4700,1983.7700,2143.6700,8037.2200,2701.5100,4347.9100,1905.2500,6630.9800,1509.9000,4494.2900,679.7000,2849.0700,4293.5800,1748.7700,6951.4000,1610.7100,2557.0000,2174.1400,1782.1200,5020.6600
2025-06-04,2726.4200,3438.3900,2119.6800,4798.9600,4296.1800,8458.3100,17743.4000,1624.8500,2096.4700,7879.8200,2371.1100,2231.4900,2003.4900,2174.5200,8146.7000,2769.8500,4409.6900,1915.1700,6692.0700,1506.2500,4529.1900,685.0400,2900.0700,4295.3000,1766.0500,6976.5600,1619.1200,2569.9400,2181.6500,1801.5000,5152.8700
2025-06-05,2677.7000,3446.4700,2113.3300,4787.4800,4395.4500,8450.8000,17658.6100,1595.5000,2094.3600,7799.9600,2368.9800,2223.6900,2004.3400,2158.7500,8148.3600,2733.8100,4370.2200,1911.4300,6725.9500,1511.2500,4625.3500,693.7700,2976.0100,4264.0100,1781.5600,7026.5400,1634.9500,2555.6200,2176.0600,1799.4800,4994.5900
2025-06-06,2682.2200,3472.0900,2119.3900,4842.8800,4387.0900,8450.7400,17497.0100,1576.7000,2090.5400,7786.4700,2376.1900,2226.6700,2006.9500,2152.4400,8094.1700,2724.4300,4398.2500,1926.6000,6713.7800,1508.7900,4605.3800,687.8800,3005.8100,4276.1400,1766.5400,6982.3900,1628.5300,2565.7500,2195.2800,1797.4500,4909.4400
2025-06-09,2728.3100,3509.6300,2135.9100,4864.7600,4412.2700,8454.3400,17421.4500,1602.1600,2121.6400,7965.7700,2379.6800,2229.6100,2008.1300,2159.7000,8216.1700,2747.2400,4400.6900,1930.2700,6766.8600,1531.7500,4645.1300,695.0900,3038.7400,4287.0700,1787.7000,6984.6100,1640.2200,2569.1700,2210.9100,1812.3900,4943.0000
2025-06-10,2725.9600,3484.5700,2128.2300,4869.7100,4339.6600,8407.4700,17297.4700,1588.0400,2107.9000,7991.7300,2378.6400,2233.3700,2001.4000,2142.4900,8161.8100,2737.4300,4351.8900,1915.9000,6712.0200,1501.6300,4558.4700,696.1500,2995.2800,4307.5200,1767.7700,6937.9900,1622.5300,2564.8400,2206.4600,1797.7000,4997.3600
2025-06-11,2780.9000,3492.4700,2147.9500,4977.2400,4355.0200,8440.1000,17333.8500,1602.0300,2124.3300,7959.2200,2380.8600,2238.4300,2013.7300,2157.7000,8249.2200,2750.3600,4372.0200,1923.6400,6780.3900,1506.6300,4575.8700,707.2600,2986.9400,4321.0800,1801.4400,7055.7400,1628.2600,2580.5400,2220.4600,1802.7900,4992.4400
2025-06-12,2749.9500,3495.5400,2140.2600,5047.0300,4343.2800,8290.8900,17138.0700,1606.2000,2128.3400,8060.0000,2371.1500,2237.9400,2002.6200,2158.3200,8227.6700,2758.9000,4360.1000,1917.8500,6768.3900,1498.6300,4575.8300,716.6600,3016.1900,4333.9600,1804.9500,7063.1700,1629.3000,2551.1600,2226.3900,1801.2000,5057.7200
2025-06-13,2725.6300,3471.8600,2120.2200,5026.6000,4302.7800,8175.4800,16732.2400,1577.5400,2082.8200,7895.7900,2382.4300,2230.1200,1971.6200,2120.4300,8093.2400,2741.7200,4276.6300,1899.4900,6683.0600,1524.3800,4489.3000,698.5500,2982.2600,4294.1800,1787.0900,6923.1500,1609.5300,2542.4100,2272.1100,1776.0700,4849.5400
2025-06-16,2704.9900,3483.8200,2117.8700,5005.0100,4338.6500,8172.4600,16703.0400,1572.3200,2097.1800,7873.4700,2378.9000,2230.5800,2008.0800,2128.1000,8123.0600,2789.8400,4287.0000,1904.3600,6718.3800,1524.6700,4578.5000,717.4100,3045.0500,4350.9100,1806.5000,6908.2200,1613.7800,2540.6300,2269.8500,1773.4000,4825.6500
2025-06-17,2702.7500,3475.6300,2124.2600,5002.8700,4336.1800,8211.9800,16697.7400,1560.4800,2083.1000,7760.3300,2398.4700,2242.0700,2002.2100,2138.9300,8090.4300,2797.1600,4305.4000,1906.6600,6731.4500,1525.2700,4575.1800,708.6400,3041.6900,4343.5700,1810.9400,6869.9400,1613.4200,2563.3300,2286.2800,1776.9100,4765.8400
2025-06-18,2678.6900,3449.7800,2101.4400,4976.0600,4401.0600,8216.5800,16707.7400,1543.2200,2059.5100,7694.3700,2393.9600,2231.6700,1975.2400,2121.1100,8055.7600,2783.3000,4252.8300,1892.3100,6752.7700,1539.7600,4566.2000,702.6300,3083.8300,4383.5500,1789.9800,6890.4800,1616.5800,2539.7200,2268.2300,1768.2100,4683.3200
2025-06-19,2647.9700,3403.4500,2074.1400,4880.6200,4375.1000,8136.1000,16590.1300,1506.8100,2019.0900,7551.5700,2370.7800,2201.5100,1939.7300,2082.5200,7921.1600,2743.5500,4202.4500,1859.6000,6654.7200,1513.4200,4487.6100,699.2300,3058.3800,4377.0500,1758.0600,6789.4700,1591.4300,2516.3300,2287.7200,1738.2700,4576.4800
2025-06-20,2640.2300,3385.4400,2076.8400,4846.9500,4343.8200,8156.4300,16711.9200,1496.8200,2019.0400,7552.1200,2355.4000,2220.9700,1938.2600,2062.2000,7827.1000,2728.9100,4215.6900,1856.8500,6629.9500,1493.7600,4407.3000,685.8800,3029.5100,4407.1300,1767.5300,6746.1900,1574.8400,2522.7900,2248.6800,1731.4900,4565.4400
2025-06-23,2648.1100,3416.3600,2074.6300,4897.2700,4387.7500,8121.1200,16578.6200,1511.9300,2036.4100,7619.0800,2357.8800,2230.1000,1949.4800,2085.3600,7905.3800,2752.5300,4228.7000,1867.7900,6704.6800,1523.2000,4506.5100,689.5300,3035.2700,4460.8800,1786.6400,6766.3700,1587.7600,2565.2600,2270.8400,1752.3100,4591.0300
2025-06-24,2670.9700,3469.1400,2098.7100,4936.9900,4465.1100,8267.0500,16756.4500,1525.6700,2077.1800,7702.5800,2364.4100,2235.9500,1973.6500,2140.4800,8035.7200,2798.9100,4296.4300,1906.1100,6895.8900,1525.2500,4615.2900,703.1100,3083.1900,4479.0300,1834.4400,6944.2200,1626.3100,2559.7300,2223.1300,1782.0700,4642.8900
2025-06-25,2678.9800,3482.3600,2115.4300,4980.5600,4534.5000,8363.6400,16799.0200,1536.9200,2090.6300,7733.8600,2382.8600,2231.3100,2001.2800,2174.0200,8144.3000,2808.5000,4329.8100,1922.0100,7010.1100,1576.5600,4753.0600,708.8600,3116.8300,4525.8700,1916.2200,7042.7300,1642.8600,2534.1600,2210.4200,1794.6600,4651.0900
2025-06-26,2666.5600,3472.2800,2099.4400,4986.5600,4503.0300,8344.4200,16697.3800,1536.6200,2087.3400,7652.9900,2381.7300,2218.9500,1992.6300,2173.4400,8178.7500,2813.7900,4319.6700,1918.4600,6957.8100,1585.2600,4763.8200,707.3000,3140.9100,4571.5800,1893.2400,6945.9500,1634.2100,2521.9100,2216.4700,1794.5600,4602.8500
2025-06-27,2661.4600,3490.5900,2112.3400,5094.6400,4544.2600,8320.9900,16564.4200,1555.5000,2092.4800,7672.8800,2357.5700,2215.7200,1997.8200,2156.1700,8188.0200,2827.2400,4317.3400,1923.8600,6968.8200,1596.8200,4746.8800,706.9000,3197.0100,4436.6500,1885.1800,6940.7800,1639.4000,2539.5500,2202.1800,1799.8800,4613.0400
2025-06-30,2671.6600,3522.6400,2123.0900,5100.4900,4609.9000,8343.7400,16642.7600,1577.3700,2119.9600,7754.0100,2366.4500,2213.8200,2008.3500,2182.6800,8256.3900,2828.9100,4336.6600,1930.5500,7065.2900,1666.3200,4798.6400,726.8700,3257.6100,4421.5400,1870.6300,6992.0300,1659.0500,2548.0200,2204.5800,1808.4800,4659.3900
2025-07-01,2685.7200,3546.5000,2139.0000,5176.4200,4614.8500,8364.5200,16609.2400,1587.9400,2124.0600,7893.8800,2391.2000,2217.6300,2001.3700,2165.4800,8276.3200,2902.4800,4381.0900,1926.1600,7038.9200,1662.3200,4741.9200,724.1300,3242.8700,4489.4100,1864.1200,6989.3900,1659.5300,2548.9800,2211.9300,1819.8600,4690.1500
2025-07-02,2708.1900,3554.2800,2211.1900,5214.5500,4522.0500,8417.4600,16616.2200,1575.6300,2118.5800,7815.8600,2393.3600,2215.1900,2012.3800,2155.7100,8230.4600,2886.0000,4443.3600,1933.6400,7069.9900,1630.1000,4664.1500,718.8700,3179.2200,4523.2500,1856.9100,6940.2600,1654.2100,2599.5900,2223.2000,1823.7500,4638.9900
2025-07-03,2724.7700,3561.9400,2208.2600,5230.8500,4598.5400,8462.0700,16644.8300,1588.5300,2129.5600,7921.4600,2394.7800,2208.9500,2012.1600,2155.6700,8265.3100,2886.4500,4484.6400,1938.4000,7167.7200,1633.4300,4688.5300,719.4500,3221.2200,4520.6200,1864.2200,6985.0400,1659.8600,2569.4500,2220.7900,1833.3400,4674.8900
2025-07-04,2729.2600,3518.5500,2219.2600,5147.3300,4577.8300,8464.5800,16666.7900,1576.6600,2104.6100,7952.0200,2410.9000,2211.3000,2003.5400,2152.7200,8248.6300,2906.8600,4488.4300,1936.0100,7107.2400,1618.5100,4686.2000,726.0200,3193.8300,4603.9100,1871.5500,6947.8800,1643.7300,2580.1700,2213.3300,1814.4000,4587.5900
2025-07-07,2719.8400,3539.2700,2218.2900,5116.6600,4547.3700,8405.6800,16566.8400,1593.0300,2136.6600,7874.9500,2455.9100,2213.7400,2037.1700,2160.6100,8273.4500,2981.6300,4534.8400,1948.4600,7104.0700,1619.9700,4691.1200,731.4500,3169.0800,4623.8700,1875.8200,6940.1200,1643.2200,2527.5400,2203.4000,1834.3600,4608.6900
2025-07-08,2729.1600,3587.1000,2255.1200,5177.6400,4650.6700,8423.7500,16644.3100,1608.7100,2149.7700,7899.1400,2446.7300,2218.6800,2057.0800,2169.8900,8350.7600,3009.1200,4631.2000,1959.9600,7267.6500,1630.3900,4772.1600,744.1100,3260.7500,4612.6400,1892.7900,6988.3900,1666.4600,2535.4900,2224.2800,1849.6500,4658.7700
2025-07-09,2747.0100,3556.4500,2240.9300,5060.5700,4612.5600,8370.1600,16706.3700,1613.2800,2153.2500,7933.1100,2445.0100,2220.6800,2056.8900,2180.3000,8386.1600,3003.8000,4624.9800,1967.2000,7279.7900,1618.4800,4757.8800,754.1300,3266.3100,4627.8700,1881.3100,6951.5700,1664.6700,2539.8100,2224.6600,1857.2500,4659.6000
2025-07-10,2746.0500,3578.3800,2273.3100,5110.3500,4598.2700,8366.4000,16751.2700,1611.2400,2147.7200,7991.0200,2437.5800,2237.0900,2122.6000,2193.1600,8412.7800,3006.6700,4669.4600,1987.8600,7298.4700,1611.8200,4745.1600,750.0700,3263.8500,4670.3100,1907.1300,6908.6700,1663.9100,2567.6200,2258.9300,1864.2100,4647.4900
2025-07-11,2759.1400,3572.4700,2317.1300,5199.6100,4620.3800,8439.5700,16807.4500,1602.1400,2147.3600,8096.6800,2437.7100,2228.1900,2126.0800,2200.1200,8422.4700,3016.7300,4638.3100,1986.2400,7285.1500,1632.7200,4836.9400,748.6300,3261.7600,4557.8700,1945.5900,6919.3300,1674.5300,2552.2500,2247.2600,1871.8600,4657.4000
2025-07-14,2757.9100,3593.7400,2320.6900,5228.7500,4620.1400,8525.4900,16818.1100,1612.3100,2156.0900,8139.5400,2462.9400,2231.0400,2098.5600,2179.4400,8381.2800,3048.1800,4662.5400,1995.2200,7302.9700,1625.1300,4794.4000,739.3600,3273.0300,4581.2400,1925.5300,6952.5600,1695.0600,2563.4400,2266.5100,1868.8300,4677.7300
2025-07-15,2713.2900,3557.8900,2291.8700,5184.9800,4656.4900,8575.5700,16649.0100,1587.3200,2130.7300,8129.3100,2423.5000,2210.3500,2078.0000,2156.8700,8302.8300,3015.6600,4601.2600,1978.5600,7248.6500,1615.1000,4862.3900,739.6700,3424.0000,4536.9800,1914.1900,6992.5900,1692.3900,2514.1100,2243.6200,1858.3100,4606.1400
2025-07-16,2736.2300,3556.8000,2262.5800,5161.6200,4641.7300,8562.7700,16707.8000,1600.2900,2150.8500,8206.6200,2418.5900,2213.9800,2071.9800,2169.3900,8396.6000,3031.5700,4593.3100,1970.3100,7235.1600,1612.9400,4857.6300,737.9700,3436.7000,4503.6300,1906.0200,7067.6700,1705.0500,2503.7600,2253.4300,1851.3400,4637.9200
2025-07-17,2745.0000,3587.1300,2294.6900,5185.1100,4742.9900,8594.0300,16797.9700,1606.2100,2157.8000,8352.2500,2412.6900,2205.4300,2070.1100,2197.2500,8455.7100,3074.7400,4641.3800,1966.5600,7295.0800,1657.1100,4922.2300,739.1300,3519.3800,4484.7500,1915.0300,7158.3300,1721.4600,2506.4800,2256.4100,1846.5100,4652.7700
2025-07-18,2755.3200,3635.8700,2325.5300,5294.2100,4719.7100,8596.8000,16921.1800,1605.9600,2149.0500,8420.7300,2404.3600,2225.3000,2080.0000,2205.1300,8510.7300,3083.8300,4627.7300,1972.1100,7326.9200,1669.6300,4939.7000,731.8900,3508.3600,4511.1400,1921.3700,7145.9900,1723.2500,2530.0700,2272.5500,1862.6100,4650.7800
2025-07-21,2814.6100,3716.3800,2405.6200,5421.6900,4741.7100,8594.0300,16933.2900,1615.8300,2176.4500,8436.5400,2428.2200,2243.6400,2098.6200,2222.2900,8545.5900,3073.4200,4908.2300,2046.8500,7477.5700,1684.1600,4924.3700,737.6700,3512.9100,4476.3800,1937.3500,7203.8500,1756.9400,2584.6100,2316.6400,1882.7800,4687.0200
2025-07-22,2867.9100,3772.4500,2467.9300,5531.1800,4730.3800,8638.5700,17226.0700,1612.6100,2174.9500,8443.4000,2440.9000,2267.0800,2121.4300,2224.6100,8629.6600,3073.3400,5128.7300,2116.0200,7616.0400,1686.9700,4888.4900,736.3300,3497.6800,4432.3500,1935.1500,7207.4500,1777.9000,2744.2400,2363.3400,1886.9800,4760.4300
2025-07-23,2856.9800,3741.8000,2467.6800,5509.1800,4728.8500,8688.3800,17211.5200,1606.3600,2165.2500,8436.1100,2418.9700,2267.4900,2110.6800,2219.5700,8526.9000,3079.6900,5012.4100,2095.3200,7524.4800,1659.9000,4893.7900,736.2800,3490.3900,4450.1500,1960.0800,7168.0600,1754.9600,2723.9800,2344.0100,1893.9700,4788.4300
2025-07-24,2860.7000,3775.4700,2533.7200,5662.1100,4788.6500,8693.9400,17333.3900,1623.7800,2179.4100,8598.1200,2416.8900,2301.0900,2151.0300,2277.4700,8698.1500,3120.9700,5093.1900,2126.7600,7612.8100,1688.8400,4961.4600,745.1500,3485.1400,4387.0200,2000.4500,7225.7600,1774.7500,2768.8600,2344.3200,1903.8500,4936.8800
2025-07-25,2855.0400,3782.3200,2503.9000,5648.9100,4854.4100,8599.9800,17046.5400,1629.2600,2188.5900,8580.7500,2397.8800,2290.9700,2164.6200,2263.5100,8706.7100,3082.8000,5007.1800,2082.9700,7548.7900,1691.0500,5024.0900,747.6600,3481.3500,4381.5000,1989.0300,7219.2700,1767.2800,2731.9300,2331.1500,1893.5000,4903.0200
2025-07-28,2844.2000,3791.6300,2468.4900,5621.5200,4907.7800,8575.9900,16946.5700,1614.0400,2191.2500,8706.8100,2389.1000,2259.3100,2171.7500,2266.4100,8691.2500,3122.5800,5006.9900,2064.8600,7583.9400,1722.4500,5016.8300,747.1800,3524.4900,4382.1200,2019.0300,7235.5100,1776.9500,2660.8900,2307.3700,1894.3100,4865.3600
2025-07-29,2805.4100,3793.3500,2532.4300,5606.2200,4977.3000,8538.5300,16897.4000,1609.3900,2177.4800,8886.1000,2385.0300,2251.6200,2179.0900,2255.4800,8710.8800,3136.9400,5014.5600,2069.6200,7662.4100,1742.9500,5044.9400,750.4000,3640.3600,4329.8800,2015.6100,7212.8100,1779.9900,2679.7700,2306.3300,1882.9900,4830.8500
2025-07-30,2821.1600,3806.1900,2584.3300,5570.9600,4946.0000,8558.3100,17042.3000,1616.1000,2169.0700,8882.6700,2394.6100,2258.1300,2161.7200,2260.8800,8767.2600,3107.2400,5003.9300,2058.1100,7492.0500,1724.4200,4964.5600,757.8700,3605.6200,4357.1300,2008.1300,7121.1600,1764.0400,2687.6400,2348.7300,1868.6700,4821.9500
2025-07-31,2774.2200,3729.3500,2478.9300,5393.4300,4913.7300,8397.4500,16677.4400,1588.7200,2139.7600,8833.9500,2348.1800,2208.9800,2093.7800,2224.4100,8680.1600,3098.2400,4916.2200,2034.9400,7311.6400,1717.6200,4983.8000,749.9600,3607.9400,4335.1500,1956.5900,7021.4900,1753.0500,2614.5100,2303.9700,1837.4300,4728.9400
2025-08-01,2770.2100,3727.1400,2447.7600,5388.2000,4867.8600,8439.4700,16676.0100,1594.3800,2153.7200,8833.5600,2353.8300,2217.1900,2090.3000,2213.3200,8715.8000,3068.5600,4891.6000,2032.7000,7350.9100,1692.3900,5013.9000,756.0800,3569.7900,4344.8200,1941.3500,7049.1300,1753.7900,2604.2800,2262.7100,1853.6800,4741.1600
2025-08-04,2783.9800,3749.3600,2448.4600,5488.9500,4910.1700,8508.9300,16707.8200,1616.2400,2168.2100,8880.7000,2361.9100,2225.6500,2092.0000,2203.0400,8697.5600,3064.6100,4888.8300,2035.3000,7403.1000,1744.2100,5044.8900,765.7400,3576.6700,4377.5900,1944.7700,7110.1900,1787.5700,2620.0600,2254.5500,1867.9200,4755.7000
2025-08-05,2807.9500,3782.0400,2483.9200,5513.1600,4938.5000,8594.2900,16846.1900,1625.1400,2188.6300,8891.5000,2372.4100,2239.2700,2115.9500,2212.1600,8742.8400,3125.3000,4903.6800,2045.7600,7449.2300,1755.9000,5057.5000,775.5100,3621.3900,4447.3000,1968.7200,7193.4000,1805.1100,2646.3300,2268.4800,1884.9600,4782.7300
2025-08-06,2813.3200,3810.8600,2485.3000,5573.0900,4983.7500,8668.0100,16833.5500,1647.1800,2204.0700,8833.6000,2372.6900,2239.6600,2118.5400,2207.1400,8726.6700,3141.6600,4892.6100,2043.5200,7502.4200,1809.8500,5123.2400,779.2700,3639.1900,4441.2600,1972.3900,7278.5300,1840.8400,2696.4100,2275.5800,1893.8200,4796.0200
2025-08-07,2820.6700,3805.2000,2480.9600,5640.0400,5006.0200,8643.0700,16870.1300,1660.4400,2206.6400,8752.5000,2375.9000,2256.0500,2135.9200,2208.3900,8702.2300,3152.1600,4893.0100,2044.9200,7447.2300,1802.8600,5114.8800,781.0200,3621.9700,4459.7000,1968.5500,7267.2800,1839.5800,2703.9300,2275.8600,1892.2600,4843.4500
2025-08-08,2839.9200,3814.1500,2508.6200,5699.6800,4948.2300,8639.4900,16781.2000,1661.8200,2209.0500,8759.5700,2391.7700,2260.9400,2135.4300,2204.8600,8706.6400,3201.2500,4949.6700,2068.3300,7493.7100,1792.6900,4993.2800,773.5000,3616.1400,4445.7700,1952.7900,7238.1700,1847.9100,2699.3100,2283.3800,1901.4300,4821.7000
2025-08-11,2842.9300,3865.8800,2507.9600,5720.8300,5035.2600,8691.2300,17024.8000,1661.1200,2233.2400,8884.3200,2384.3900,2256.6600,2161.8100,2228.2300,8754.4600,3239.5200,5017.7300,2084.4600,7646.6000,1805.3000,5090.3200,779.1700,3686.5000,4400.6500,1968.6100,7322.6600,1872.5900,2689.8800,2273.9300,1920.1300,4861.8100
2025-08-12,2842.3100,3865.4400,2487.0700,5697.8000,5129.8000,8755.1200,16953.1500,1662.6600,2238.4500,8863.9000,2387.6200,2255.8300,2176.8200,2234.1800,8723.3500,3249.2700,4994.7200,2081.5400,7639.2100,1786.6900,5119.4000,779.6000,3769.1400,4414.9700,1981.3400,7350.3700,1874.4800,2716.9700,2285.2700,1924.3200,4860.1900
2025-08-13,2840.2800,3886.6100,2490.4400,5832.9000,5232.7000,8783.9300,16881.8200,1656.0400,2243.1800,9017.6800,2382.9400,2253.1700,2185.6100,2245.0100,8757.5100,3256.7000,5024.7100,2080.2000,7765.8200,1812.0900,5171.5500,785.9400,3954.1600,4368.1200,2003.8200,7441.1200,1898.0300,2695.0600,2280.9600,1935.9700,4873.5300
2025-08-14,2810.8900,3827.9700,2441.4500,5777.2300,5189.0100,8755.9100,16854.9000,1628.4300,2226.2300,8925.2000,2365.5400,2235.1800,2173.7000,2214.5500,8639.6100,3170.0100,4978.3900,2046.6700,7711.4000,1773.0900,5141.8100,777.2500,3870.3700,4367.4600,2015.7200,7341.5200,1870.8100,2659.7900,2261.3000,1912.8700,4794.0700
2025-08-15,2835.8100,3908.0400,2457.3700,5905.8800,5295.4400,8849.6800,16861.0700,1638.9700,2243.5800,9029.0900,2378.7300,2250.3100,2219.4900,2226.4600,8741.5400,3294.4100,5092.2000,2057.7900,7931.0600,1795.4500,5261.9500,781.2200,3893.0000,4303.7400,2079.3400,7461.2200,1907.1900,2675.9400,2282.3200,1934.1700,4824.9100
2025-08-18,2859.7900,3942.7100,2476.2800,5913.9200,5426.9300,8918.0900,16952.2800,1646.7700,2259.1700,9125.4900,2391.1700,2261.1400,2209.2000,2258.8600,8897.2800,3407.5100,5146.2700,2061.3200,8035.7000,1838.6000,5437.1300,798.7200,4066.7300,4317.8400,2096.1900,7563.0000,1934.5400,2683.8700,2280.0500,1947.0300,4879.6500
2025-08-19,2878.1200,3928.1600,2474.5100,5892.4500,5415.9100,8996.0700,17128.3100,1657.3000,2269.9800,9076.4600,2393.3700,2258.1400,2223.9500,2279.0600,8912.3400,3526.1800,5124.9700,2065.6400,8018.9200,1810.0300,5445.3000,795.1800,4142.6700,4323.5100,2061.9000,7607.9000,1939.1800,2669.8800,2266.8500,1953.2100,4886.3100
2025-08-20,2900.1400,3970.4200,2494.6400,5961.8300,5541.5200,9007.0100,17366.7500,1672.0200,2299.7300,9070.4400,2399.9800,2283.4100,2227.4900,2304.0900,9009.9700,3547.8600,5145.4000,2069.8000,8055.4400,1821.7600,5477.0000,800.6800,4166.8000,4343.3600,2086.2200,7754.9900,1958.2000,2685.3400,2320.2800,1957.0800,5004.8000
2025-08-21,2943.5600,3999.5900,2508.1300,5927.9900,5504.0800,8979.6600,17325.8300,1683.3800,2301.6700,9090.3000,2421.2600,2292.3600,2221.0100,2320.1500,9004.1400,3521.9800,5153.9300,2078.7900,7976.5500,1809.2700,5487.1400,806.8800,4158.2400,4370.5200,2077.8500,7707.9800,1937.0100,2704.5600,2352.4400,1956.6100,5053.7700
2025-08-22,2941.2700,4019.6300,2505.4100,5984.5900,5769.2700,9041.3300,17416.2200,1680.0500,2306.8500,9123.7400,2423.7600,2291.7500,2230.6700,2327.7000,9139.0200,3566.1600,5240.5400,2090.9000,8111.7400,1850.6300,5679.4100,821.6000,4315.0800,4357.5600,2135.2200,7812.2100,1959.7200,2700.5900,2349.0100,1959.8600,5083.0200
2025-08-25,2978.8700,4062.5100,2574.0900,6261.8900,5888.9100,9183.9300,17863.8300,1682.8900,2319.4600,9308.2600,2446.8200,2310.5300,2304.7000,2389.9500,9278.8000,3684.2300,5355.9900,2117.9200,8265.1700,1887.8900,5758.7600,831.6300,4524.4700,4389.8300,2154.7400,7867.3900,1991.6000,2739.7000,2358.1900,1989.0800,5083.5500
2025-08-26,3056.7700,4113.5700,2548.8400,6248.9700,5877.3000,9199.5000,17856.2200,1694.8100,2326.3800,9206.6500,2444.2000,2325.7400,2296.3200,2412.1400,9306.4400,3724.3900,5333.1300,2125.4300,8244.4100,1870.2600,5804.0000,841.8800,4488.5200,4361.0900,2131.9600,7896.7100,1995.4200,2729.8600,2376.5400,2003.0100,5187.4100
2025-08-27,3006.8000,4014.9900,2494.4600,6179.9700,5853.5500,9056.7100,17432.1200,1644.2100,2276.1400,8955.5800,2413.6400,2281.8000,2215.8000,2372.5400,9073.5000,3607.5800,5170.5300,2075.6600,8081.5100,1831.2500,5724.1500,823.1400,4562.9200,4281.1200,2075.1400,7720.0200,1954.8900,2659.9400,2327.2100,1948.6000,4987.1100
2025-08-28,2984.7400,4036.7400,2493.0800,6260.6000,6177.3000,9129.6100,17366.6700,1636.4500,2284.4700,8937.5200,2412.5300,2295.0800,2241.0400,2371.6800,9153.9500,3636.1900,5237.6600,2082.8300,8180.0300,1873.1800,5841.5200,829.2300,4888.7000,4297.3200,2105.9800,7743.5200,1978.6700,2638.3100,2334.2400,1946.8800,4998.2800
2025-08-29,3000.6500,4064.3000,2498.0500,6413.2600,6131.7400,8963.3900,17786.4500,1631.8100,2276.7600,9064.1900,2407.5600,2256.2800,2229.3400,2390.6500,9118.5800,3776.6100,5248.0100,2072.6500,8435.4600,1887.4900,5755.3500,830.2300,4849.3900,4264.7700,2118.3000,7839.3300,1979.4500,2626.0500,2335.6000,1934.4200,5052.4400
2025-09-01,3002.9000,4090.0400,2498.6000,6635.2900,6218.8000,8915.0200,17757.9500,1646.6200,2292.7900,9316.7700,2414.7400,2244.7900,2246.3100,2407.0900,9176.7800,3937.7100,5261.7100,2078.4500,8488.8000,1882.4500,5786.1800,836.7200,5102.6100,4220.8000,2091.0900,7804.0000,1998.1300,2643.4900,2337.8200,1950.9300,5078.7700
2025-09-02,2984.0600,4006.0800,2473.1000,6564.0400,5979.2700,8996.4800,17758.3800,1645.0900,2264.5700,9217.8400,2438.5700,2230.1900,2230.0600,2372.0000,9034.4200,3944.0600,5138.5200,2060.2300,8367.1000,1833.5100,5551.1300,820.6300,4810.4600,4303.2500,2069.1100,7833.7200,1976.0300,2639.0100,2346.5100,1934.1900,4999.6700
2025-09-03,2923.2100,3946.8900,2430.1500,6510.6500,5907.7600,8878.6700,17529.0600,1625.7800,2233.3100,9213.1700,2407.7000,2208.9700,2201.1000,2313.1000,8918.9700,4008.8100,5059.2800,2032.0300,8487.2800,1726.6100,5400.4700,819.3700,4887.7300,4252.4100,2005.9200,7718.8800,1946.0500,2596.1300,2321.2500,1902.1100,4887.4400
2025-09-04,2931.8900,3900.0500,2394.4000,6273.2300,5607.5500,8776.0000,17514.4200,1635.9000,2241.2000,8974.4400,2410.4700,2212.5700,2176.6100,2350.8800,8978.7800,3828.7200,5017.8900,2020.6000,8451.6300,1669.5800,5229.5300,804.6700,4473.4100,4286.1200,1997.9600,7558.0000,1894.1700,2607.4800,2301.0400,1902.2200,4945.6700
2025-09-05,2960.9300,4009.0600,2418.8800,6548.9300,5851.7500,8913.9500,17612.7000,1654.2400,2284.0700,9191.2100,2436.5100,2225.1500,2196.3400,2376.6500,9120.0000,3979.8400,5101.7300,2044.1800,9058.9900,1693.9500,5336.8700,824.8400,4719.2000,4243.9000,2013.1700,7739.4000,1952.3300,2634.1600,2309.9200,1929.1600,5012.2700
2025-09-08,3040.1900,4123.4500,2461.6700,6550.6400,5851.8200,9030.3000,17849.2700,1666.3100,2318.0400,9323.4900,2469.5300,2266.2900,2216.5700,2383.7900,9123.0200,3919.3800,5180.8100,2062.1700,9141.7900,1705.7200,5378.3600,843.7800,4555.6300,4218.6600,2000.2200,7834.8300,1999.2100,2646.6400,2337.2800,1944.4500,5114.0500
2025-09-09,3021.4100,4093.8300,2463.8800,6599.6100,5693.9000,9005.0000,17869.5700,1668.0900,2330.2800,9145.8700,2460.0500,2257.5700,2252.9600,2385.2000,9035.5600,3956.2900,5171.3900,2050.3000,9021.6600,1673.3400,5267.0700,843.9000,4468.7400,4253.6300,2001.2700,7848.1700,1975.9200,2646.3000,2315.2100,1935.4300,5061.5800
2025-09-10,3026.0300,4055.2300,2447.9400,6542.0100,5795.3500,8972.0300,17900.4700,1665.1600,2329.7400,9109.7300,2449.1500,2257.0200,2264.6500,2398.9900,9132.2600,3913.3400,5185.3200,2046.5900,8915.4500,1687.1100,5307.2400,858.0600,4624.7900,4258.8500,1996.6100,7822.6100,1981.1000,2626.1300,2312.2200,1934.7100,5043.7400
2025-09-11,3109.0500,4102.6500,2473.9400,6665.0400,6140.5000,9037.7900,17980.6200,1667.4400,2341.0800,9132.4200,2464.8900,2262.4300,2293.1800,2416.5000,9152.4200,4000.7100,5264.5200,2073.6700,9132.3700,1726.5600,5504.3900,862.1600,4966.6900,4281.0100,2048.8300,7929.4300,2027.3700,2638.4300,2316.8700,1954.5800,5101.2900
2025-09-12,3103.2400,4103.5200,2508.8100,6795.3800,6211.6100,8933.7800,17802.9800,1665.3700,2327.1000,9157.7700,2456.0500,2262.3500,2327.7400,2396.8500,9094.1700,3922.7800,5226.7900,2093.5900,9107.2800,1725.2000,5516.6800,860.1000,4860.9300,4216.0800,2018.8800,7874.2200,2020.9600,2642.8700,2300.3800,1948.4700,5023.6300
2025-09-15,3158.8000,4088.4300,2494.8400,6740.1800,6209.2900,8941.6700,17768.6000,1653.6200,2328.7800,9161.7300,2449.7200,2267.7800,2339.1400,2395.8300,9127.3700,3852.1100,5246.5200,2106.2200,9309.8800,1707.0700,5503.4700,876.7500,4787.0700,4178.0700,2011.4400,7987.6500,2021.3600,2677.7100,2301.3900,1942.6600,5014.2900
2025-09-16,3117.9400,4086.6200,2493.3500,6673.3600,6290.9100,8994.3000,17700.4400,1680.6200,2343.9700,9162.8500,2441.7000,2284.7200,2370.1600,2442.8800,9231.5200,3991.7500,5248.5800,2120.9200,9336.8000,1698.4800,5617.0700,877.8500,4822.5000,4130.0100,2007.9700,8132.6500,2063.0900,2686.4400,2296.4500,1956.1800,5014.7400
2025-09-17,3086.0700,4094.9900,2492.7200,6683.5700,6366.1300,9141.8200,17612.0400,1673.7300,2354.9000,9141.5600,2452.6200,2291.7500,2388.0000,2418.8600,9152.2700,4046.8100,5250.5300,2132.8700,9574.9100,1703.2200,5648.7600,883.7000,4845.3900,4114.3800,2018.9700,8299.0200,2091.1400,2729.8600,2291.4700,1955.4000,4994.6800
2025-09-18,3021.0500,4042.9900,2442.7600,6445.5900,6425.4200,9111.5900,17332.2700,1653.4200,2318.9200,9096.2900,2413.2000,2256.1000,2335.8200,2384.3000,9155.2500,3931.3200,5194.6000,2107.1000,9437.1900,1694.0400,5578.5100,863.7900,4854.7000,4035.9300,1962.2000,8266.5700,2078.5100,2682.7300,2249.0400,1923.7000,4883.4700
2025-09-19,3019.3900,4048.8800,2434.7700,6522.3900,6395.3600,9076.7500,17352.3300,1661.0800,2313.5900,8968.0500,2402.6100,2270.8500,2344.3800,2384.7200,9247.8200,3908.0800,5249.3400,2102.7600,9386.8000,1708.4500,5508.0000,868.0300,4886.1700,4038.4400,1944.9500,8106.5300,2066.0600,2735.6800,2254.6900,1920.8800,4895.9600
2025-09-22,2990.9700,4023.5900,2429.0600,6586.2500,6632.5700,9015.3000,17142.9400,1652.9500,2293.3300,8956.5000,2393.5900,2249.5600,2348.7200,2353.4100,9059.5700,3918.7900,5199.5200,2080.3000,9412.0200,1717.3000,5601.5700,862.1700,4904.2100,3996.2400,1960.7800,8171.2300,2083.8400,2710.7900,2230.8500,1919.9400,4829.1400
2025-09-23,2972.0600,3965.4200,2381.6700,6536.3000,6628.5900,9020.8900,17034.5200,1638.0600,2256.1400,8783.5000,2403.6800,2241.5800,2303.6800,2285.0800,8778.1000,3835.3100,5147.5300,2074.6300,9452.7400,1701.2900,5467.8000,855.6000,4903.2400,4057.0700,1934.7900,8138.6100,2066.9100,2740.9900,2217.3500,1917.9800,4749.5900
2025-09-24,2987.8800,4032.3300,2404.3500,6626.2200,6811.7300,9100.2800,17047.8800,1647.7700,2275.7200,8926.4100,2412.1800,2251.2100,2355.5300,2307.4300,8823.2000,3845.8400,5186.0600,2083.4100,9725.3400,1717.3300,5605.6400,877.7200,4902.6000,4042.6200,1950.2000,8167.5800,2104.4100,2732.9200,2229.7600,1947.3300,4798.1000
2025-09-25,2951.3400,4015.1800,2403.3700,6750.0600,6807.1200,9003.0500,16945.4900,1623.9300,2260.7400,8943.5500,2401.1200,2229.4900,2336.0700,2292.4600,8839.0400,3796.0000,5181.7300,2072.7900,9880.6100,1706.0900,5692.5000,897.3000,5000.1800,4015.9300,1947.2400,8152.3400,2097.6800,2710.3700,2225.9000,1933.9700,4780.2900
2025-09-26,2959.8000,4010.4100,2407.5800,6752.2800,6620.1500,9016.5700,16919.9000,1618.0300,2250.8300,8770.8600,2409.4200,2224.8000,2340.7300,2281.6900,8700.3400,3727.9400,5138.6000,2071.0900,9749.3700,1701.3400,5507.0800,873.4900,4872.4500,4018.9600,1943.1200,8106.6300,2049.2800,2698.2000,2251.8800,1941.2300,4785.5800
2025-09-29,2965.6000,4076.0800,2467.6300,7007.5800,6724.9700,9059.9300,17130.8800,1620.0400,2262.2300,8785.7000,2416.7800,2226.4100,2360.9700,2291.7800,8679.2200,3795.9400,5203.8200,2084.5300,10048.9900,1707.1100,5579.4800,873.8400,4932.7200,4000.3000,2017.8000,8204.5700,2084.5300,2675.4600,2246.9800,1964.6700,4782.9900
2025-09-30,2964.2400,4113.7400,2493.2000,7233.5000,6803.9800,9032.4200,17049.1500,1616.7000,2264.4400,8909.1300,2417.3300,2227.3200,2411.0900,2297.2500,8684.1600,3755.8100,5210.6500,2100.4300,10221.2200,1751.3300,5642.8600,874.6100,4842.3000,3970.7900,1994.8500,8244.7700,2084.1600,2675.5100,2243.2800,1949.3600,4799.7000
2025-10-09,2966.8100,4188.4400,2577.5100,7783.1400,6952.4000,9054.1600,16999.7400,1621.5600,2267.8200,8923.3800,2480.2600,2231.7600,2377.6400,2291.4600,8594.7800,3766.8800,5248.7000,2146.0600,10428.7200,1770.0800,5752.4200,862.1400,4865.3500,3963.4900,1996.8700,8212.8000,2110.6600,2755.7600,2282.6900,1973.0600,4797.4400
2025-10-10,2994.8400,4195.7200,2597.5100,7554.8300,6624.8400,8987.8500,17022.9200,1642.6200,2280.5900,8802.1300,2500.7700,2251.5100,2391.3600,2288.0300,8596.8500,3731.3800,5349.4300,2160.0600,9963.1500,1753.0300,5539.4800,841.1500,4764.6500,3981.9500,2004.8200,8141.2300,2078.6500,2793.5600,2310.4600,1978.3300,4846.1400
2025-10-13,2992.0700,4157.0300,2636.1000,7807.9000,6621.2600,8831.1100,16849.1300,1632.4100,2269.5200,8673.0600,2491.7200,2240.2400,2384.5500,2284.6200,8565.4700,3702.8400,5287.0100,2151.0500,9895.4400,1768.0900,5551.7600,828.2100,4745.0700,4011.3500,1980.9900,7951.3300,2061.1400,2790.0000,2282.5100,2010.9800,4769.5600
2025-10-14,2997.3100,4071.1700,2627.7200,7521.9100,6314.0500,8787.1700,17134.2200,1637.4100,2269.2600,8539.1900,2503.8100,2251.5300,2379.6600,2288.9900,8531.1700,3690.5900,5261.0200,2148.2300,9661.6400,1745.2700,5386.2600,815.0600,4508.6000,4111.9200,1988.8900,7805.1200,2022.2400,2850.7500,2290.4500,2001.2500,4773.3200
2025-10-15,2997.6600,4102.7700,2622.2100,7633.7100,6458.6500,8910.0500,17266.4600,1663.0200,2298.6800,8716.5200,2514.8200,2267.6700,2382.3300,2332.9600,8652.8500,3719.6500,5342.4000,2171.9500,9924.4000,1748.7100,5468.3700,819.8200,4572.5300,4134.4900,2018.4200,7990.0000,2059.9500,2863.3300,2287.3100,2012.6000,4857.1700
2025-10-16,2950.7900,4030.6800,2566.1600,7476.0900,6419.9800,8852.9200,17433.7800,1647.6500,2269.9700,8734.2600,2508.3900,2271.7700,2363.7600,2315.1100,8598.1600,3665.8500,5243.1200,2153.8300,9930.5900,1729.1600,5405.0600,809.4000,4606.4100,4190.3500,2018.4600,7935.2600,2032.0800,2930.5700,2277.7900,1986.8700,4825.8800
2025-10-17,2928.9300,3951.0700,2545.4200,7322.8000,6152.0300,8740.7800,17168.8300,1637.5300,2229.9100,8583.8700,2483.4200,2259.7500,2335.2800,2277.7800,8448.6200,3561.3800,5129.3700,2124.0300,9435.1800,1670.6000,5228.9300,788.4000,4482.4800,4176.8500,1977.9800,7653.5300,1957.1900,2910.0000,2250.5100,1956.3600,4723.6000
2025-10-20,2903.2500,3976.5100,2550.5800,7224.7400,6236.9000,8831.7500,17147.7000,1639.7400,2249.6700,8621.4800,2493.1100,2290.3400,2348.0300,2286.4300,8558.9000,3577.1500,5163.7100,2133.6600,9580.0100,1683.4700,5261.8700,793.2600,4626.4700,4172.6500,1987.7400,7735.6100,1985.2900,2998.6000,2277.7800,1964.1400,4705.8100
2025-10-21,2925.2100,4019.1000,2576.1800,7327.2800,6454.9100,8900.6200,17186.6800,1665.2100,2282.6500,8704.0900,2506.7200,2296.9600,2400.8800,2311.3600,8660.0000,3659.1600,5230.9700,2183.9900,9753.9400,1708.0900,5338.6400,807.3900,4853.3700,4186.3500,2006.2300,7831.0400,2026.7800,2968.0700,2307.9800,1996.0500,4720.3800
2025-10-22,2890.4200,3994.3700,2569.5200,7227.7300,6416.3900,8973.5900,17128.9600,1657.2200,2283.9200,8671.2800,2499.3200,2288.4500,2418.9900,2298.9500,8637.9000,3647.8700,5238.7700,2186.8100,9627.8300,1688.1800,5306.4100,812.1600,4847.3200,4227.0100,1992.9600,7790.5600,2031.5600,2937.5700,2344.5400,1995.7900,4696.8100
2025-10-23,2893.1700,4027.0600,2579.0100,7300.5800,6373.5900,9022.3500,17209.7100,1654.6700,2290.6000,8618.8400,2521.5200,2298.5900,2394.9300,2302.3400,8730.4700,3653.2000,5191.0500,2190.3100,9684.3200,1678.2600,5333.2700,819.4700,4774.0900,4253.9100,2012.0500,7785.3000,2025.5200,2988.9100,2380.2900,1990.2900,4705.8300
2025-10-24,2889.0800,4035.4600,2556.6100,7405.6900,6674.4200,9029.3300,17005.9700,1643.6700,2288.3100,8633.4200,2510.2600,2276.1200,2370.5500,2288.3100,8668.3200,3679.0300,5211.6200,2185.8400,9897.6700,1717.6100,5415.9600,822.3000,5000.0100,4235.5000,2017.9100,7877.1300,2049.3900,2950.2200,2348.0300,1984.5800,4719.5800
2025-10-27,2936.0600,4079.4700,2605.5900,7582.4600,6871.9200,9096.4900,16971.7500,1648.7900,2296.7800,8710.4600,2540.5100,2284.8600,2367.9200,2293.5900,8700.8800,3777.6200,5270.4800,2194.6100,9969.7000,1742.3400,5473.2800,814.4600,5160.9400,4237.7900,2034.0800,7929.3700,2072.4400,2966.7500,2361.1800,1995.1500,4741.5000
2025-10-28,2924.4400,4083.5400,2570.3500,7376.0300,6846.1700,9107.4600,16970.3600,1651.9900,2295.5100,8647.6800,2531.8400,2290.2500,2362.4700,2285.5700,8665.1800,3855.3400,5270.7600,2175.3300,9954.6600,1761.0200,5480.4900,810.9100,5165.3000,4230.6900,2024.5500,7925.5700,2062.5500,2943.3000,2349.1800,1997.6300,4670.0900
2025-10-29,2941.7200,4145.8400,2602.6400,7692.0900,6925.5900,9129.7500,16875.3000,1648.1000,2290.5000,8686.8800,2553.3400,2298.1200,2375.5600,2300.7200,8656.1700,3833.6200,5330.2600,2178.6800,10431.7000,1767.6100,5521.0800,817.9800,5171.1600,4146.8000,2066.6900,7984.9000,2084.4500,2971.1300,2361.5100,2006.8500,4665.1500
2025-10-30,2918.2900,4112.7300,2626.0800,7752.8500,6771.1000,9089.4900,16831.6200,1637.3100,2270.7600,8539.4300,2556.7300,2300.7500,2342.4300,2278.3500,8558.3500,3765.2200,5241.8600,2166.8000,10393.7300,1733.0600,5452.5800,802.6200,5025.0500,4149.6500,2035.2900,7904.7500,2056.8400,2971.3500,2352.5600,1986.7800,4603.8900
2025-10-31,2946.6400,4136.1900,2621.9300,7595.3700,6563.9900,9096.0400,16967.1700,1660.6800,2293.5500,8746.4400,2525.4600,2289.7900,2353.9200,2325.7100,8707.5100,3762.0800,5278.7400,2153.3400,10321.8600,1716.4700,5514.4000,821.8200,4820.5700,4143.8100,2008.5800,7949.2500,2050.1700,2943.6000,2349.3200,1999.7200,4615.1600
2025-11-03,2981.8000,4138.6300,2671.7300,7503.4800,6558.8700,9035.8200,17026.0900,1667.8000,2302.3200,8748.9000,2544.1900,2307.3600,2354.1500,2336.7000,8798.0200,3747.4100,5263.0300,2175.2300,10418.3800,1728.7100,5567.2200,847.5000,4846.1800,4199.0100,2007.2900,7920.7700,2049.8500,3017.6900,2402.8200,2012.8700,4599.1500
2025-11-04,2952.1400,4073.7400,2671.0400,7275.4800,6465.8200,8974.4800,16864.1400,1668.9000,2300.3500,8576.6300,2550.1700,2297.1600,2347.2400,2312.9900,8811.1500,3729.8400,5214.0500,2169.3000,10205.2500,1705.3700,5490.0400,845.1500,4796.9900,4284.3300,2004.9400,7807.0400,2024.7200,3016.5300,2383.8000,2015.8800,4519.2600
2025-11-05,2972.1300,4102.1200,2685.9000,7319.5500,6453.3600,9016.9600,16817.8600,1675.1800,2321.6300,8569.0200,2564.6800,2306.1200,2360.7200,2341.3100,8852.9800,3763.4200,5256.5000,2186.8300,10551.9300,1700.6700,5436.5400,841.7000,4776.2300,4282.6500,1995.0900,7803.6600,2033.1200,3058.5200,2384.2000,2037.2900,4504.2100
2025-11-06,2961.4500,4182.7000,2732.6400,7542.8800,6647.0300,9160.2600,16874.3300,1670.8600,2317.9000,8566.4000,2585.7900,2305.2200,2354.7400,2317.0000,8755.1600,3803.4800,5256.5100,2194.0800,10728.4300,1716.7800,5474.4900,830.3100,4889.3800,4264.4500,2018.5100,7942.9100,2061.6000,3083.4300,2420.8000,2040.9300,4484.1100
2025-11-07,2969.9200,4282.5000,2736.9700,7592.2300,6557.7700,9052.9000,16871.8800,1673.9600,2318.6200,8536.7700,2586.5100,2314.0700,2348.6300,2332.9000,8717.2400,3858.5000,5320.7800,2193.1500,10836.3100,1708.3500,5374.2000,823.1100,4864.7200,4259.3400,2005.2000,7850.7800,2047.1700,3076.7800,2454.2200,2053.9900,4472.1800
2025-11-10,3030.8800,4344.5600,2724.4300,7618.9500,6524.0400,9118.3800,17414.4900,1703.3900,2355.7800,8643.4700,2591.9400,2347.9100,2373.5100,2395.7200,8899.1200,3895.2200,5352.9900,2203.4300,10718.0700,1703.4200,5384.3200,827.1500,4840.2900,4286.0100,2029.5900,7814.2300,2032.6900,3092.4300,2496.4400,2049.4700,4633.2600
2025-11-11,3048.9100,4370.8700,2741.3600,7530.7800,6410.6200,9098.0100,17427.5100,1710.5800,2362.7000,8639.9000,2597.5100,2346.6700,2392.6900,2429.8700,8881.8100,3893.1000,5370.9900,2207.2100,10722.6700,1683.2400,5308.3100,822.7900,4733.8000,4301.1600,2009.2200,7780.4400,2029.1500,3051.0500,2492.1600,2058.1000,4659.7600
2025-11-12,3038.7500,4343.6100,2721.5300,7527.6700,6382.6100,9209.3700,17461.8300,1725.4100,2363.6400,8692.6600,2589.2300,2345.0000,2378.3700,2414.4300,8863.5300,3934.0700,5329.4000,2197.0300,10497.5000,1668.5200,5252.8900,821.5100,4759.4500,4322.5900,2009.5300,7717.6100,2004.2600,3027.6400,2513.2200,2042.9800,4666.4100
2025-11-13,3060.5200,4457.3900,2765.9700,7829.4200,6444.3200,9234.2400,17552.5600,1747.7200,2386.8500,8802.9700,2582.1300,2360.1200,2402.5900,2447.4500,8968.1100,4064.0800,5417.3900,2208.5500,10950.0500,1678.9200,5308.4600,829.8200,4749.4800,4320.5900,2032.3900,7776.7300,2020.9400,3059.8300,2510.2500,2054.2200,4686.4300
2025-11-14,3050.0100,4394.2900,2762.6700,7673.4300,6245.1400,9153.5200,17346.9300,1747.7400,2377.8700,8817.6300,2570.5500,2356.3700,2412.0500,2427.5600,8915.5800,4128.1300,5372.4400,2200.9300,10749.9700,1671.6000,5211.2100,811.9200,4632.7400,4331.7200,2008.3600,7684.8000,2001.7200,3047.3000,2510.3000,2052.1600,4639.8000
2025-11-17,3032.6800,4426.6800,2771.2700,7620.2600,6255.5500,9076.5000,17401.9000,1755.9100,2369.0200,8665.0000,2555.1400,2337.4300,2436.1700,2432.7000,8971.6300,4131.7200,5322.4900,2191.8000,10675.7100,1698.1400,5298.4500,813.2300,4683.6100,4275.0700,1986.1600,7682.5700,2006.9500,3087.5900,2534.6300,2056.7300,4606.1900
2025-11-18,3011.5800,4308.5200,2692.2700,7406.6600,6263.2200,9004.3600,17407.0100,1751.6600,2344.1900,8590.6700,2526.0800,2303.9300,2390.4800,2399.6400,8918.1400,4058.1300,5251.6500,2166.6800,10359.0100,1672.9800,5347.5900,826.2300,4683.5800,4260.5800,1983.3000,7593.1200,1995.7000,2989.6200,2497.5600,2024.6200,4603.1600
2025-11-19,3016.8000,4319.1200,2690.6400,7583.5900,6207.0400,8963.9800,17340.8800,1742.9300,2324.5200,8480.8500,2519.0000,2292.9900,2340.4600,2358.7900,8847.0000,3933.0400,5161.7600,2139.5700,10344.6900,1691.5300,5272.4200,812.0100,4706.0500,4299.5700,1989.5000,7540.8900,1974.7400,2996.8000,2539.3700,2004.0700,4653.2800
2025-11-20,2993.4600,4266.4200,2688.1900,7552.4700,6159.6100,8979.0300,17249.1800,1729.4100,2321.0400,8437.1300,2514.2300,2285.4700,2348.1600,2325.4000,8741.7000,3967.3300,5234.1500,2131.1100,10141.9600,1673.5200,5225.6700,804.3600,4729.8800,4336.6700,1980.6300,7449.4700,1958.9300,2933.9600,2500.8100,2008.9000,4541.8500
2025-11-21,2944.8800,4065.9000,2569.7800,7155.2300,5877.4000,8943.3300,17097.7200,1663.8000,2252.7200,8211.1400,2459.1400,2238.5700,2271.5200,2251.7700,8482.4400,3749.1200,5067.4100,2066.4900,9617.1700,1642.7800,5068.3600,801.7700,4516.5500,4293.1500,1919.0900,7308.6400,1906.1200,2867.8400,2435.1500,1928.6000,4429.4500
2025-11-24,2962.2800,4065.6500,2563.5400,7120.9200,5914.9700,8942.1600,17002.4700,1667.5100,2279.2800,8313.9700,2452.0500,2230.9900,2277.4100,2276.0500,8670.4300,3826.9000,5076.0400,2094.6300,9664.6800,1713.6100,5190.3000,829.7500,4540.0400,4259.0400,1918.0900,7378.0000,1931.9700,2836.6800,2405.7200,1933.5700,4429.0200
2025-11-25,2966.0900,4114.1200,2581.1800,7293.1200,6041.3900,8987.6200,17015.1400,1684.9100,2308.2900,8395.3500,2464.2700,2228.4300,2300.7200,2298.2600,8832.0000,3911.3300,5156.6300,2110.4400,9819.8300,1708.1600,5247.1800,853.3700,4700.7200,4315.6100,1933.0800,7424.2300,1949.6900,2850.8600,2405.8800,1949.2900,4449.6500
2025-11-26,2946.9200,4091.7000,2570.1400,7272.3200,6136.8200,9073.8900,17042.0000,1693.7800,2302.1100,8451.4700,2461.5900,2228.5100,2293.3000,2323.7300,8746.5900,3981.4800,5156.9200,2104.6600,9813.1100,1669.6700,5225.2300,846.3700,4918.7300,4281.6300,1930.5100,7463.6900,1954.4500,2834.6400,2386.5400,1935.9900,4416.1800
2025-11-27,2944.5300,4132.9800,2564.8400,7291.3200,6152.9800,9081.2300,17031.7400,1695.4200,2327.2400,8418.5000,2473.3500,2218.8500,2278.7800,2295.9300,8738.0400,3888.4700,5119.1100,2096.6300,9831.7300,1666.2300,5182.2400,834.5000,4903.5700,4303.2700,1928.9200,7455.3200,1953.1100,2857.2600,2408.0700,1942.3100,4448.4100
2025-11-28,2991.2200,4187.0200,2605.6000,7396.6400,6232.9500,9102.4700,17110.4600,1709.6300,2346.6900,8430.0300,2481.1000,2228.1300,2287.7700,2329.4800,8814.9700,3915.0600,5172.4000,2124.5000,9962.1500,1689.6600,5224.2500,835.6900,4909.5200,4267.6300,1932.1500,7545.7600,1980.5600,2853.3000,2417.3400,1959.2600,4451.4600
2025-12-01,2978.4300,4207.2500,2629.0300,7607.7700,6331.6800,9149.6000,17139.8400,1717.1000,2366.4300,8460.0800,2490.0100,2255.9500,2286.4400,2362.2300,8933.9000,3942.8300,5227.3700,2132.4400,10018.5900,1712.2600,5257.5800,842.8100,5047.4800,4299.9900,1932.7200,7632.3300,1993.4400,2876.5100,2447.3700,1954.8200,4470.0700
2025-12-02,2968.3700,4176.3700,2617.7100,7504.4300,6284.1700,9188.5800,17033.8200,1708.7000,2379.4400,8355.8200,2488.8700,2244.5400,2288.1100,2360.9600,8896.5500,3939.8600,5244.1500,2126.9400,9899.9400,1710.8800,5187.3700,828.0600,5061.1000,4300.1400,1921.4000,7590.7700,1974.9400,2882.5100,2464.6700,1949.1000,4440.3900
2025-12-03,2943.7800,4167.7600,2602.9400,7551.9900,6225.9200,9215.7600,16915.0200,1694.5500,2385.2800,8332.4700,2490.7700,2260.1200,2253.0300,2327.8600,8823.8200,3890.2400,5211.9200,2112.3200,9798.8200,1690.4900,5069.9800,804.3400,5003.7300,4260.5600,1903.6000,7534.4100,1971.1100,2898.9300,2461.6800,1938.4200,4408.9800
2025-12-04,2918.0400,4129.0000,2585.3900,7576.9100,6274.2500,9234.7900,16710.9500,1670.3500,2366.0700,8331.8100,2483.9100,2253.7200,2235.1400,2291.7700,8680.9800,3808.2800,5178.8300,2101.5900,9825.2100,1699.7700,5062.6800,800.9800,5028.5500,4242.1200,1909.1500,7555.6300,1988.9000,2878.4500,2449.7400,1928.6200,4325.5600
2025-12-05,2946.5800,4192.5900,2616.6400,7792.0000,6300.6400,9269.6900,16785.0400,1682.2000,2390.3600,8367.7500,2483.9600,2255.3300,2238.5200,2310.0700,8757.6900,3875.4100,5252.5100,2123.0900,9983.6200,1737.3400,5133.8000,803.4500,5090.5600,4217.3500,1975.9600,7649.8900,2035.3500,2887.2500,2461.3300,1956.2400,4362.2100
2025-12-08,2953.4700,4200.2300,2609.5500,7846.9700,6464.4600,9261.2500,16654.9000,1688.0600,2402.4900,8377.6400,2473.4900,2258.3400,2249.5300,2338.9100,8790.1200,3992.8700,5278.5600,2127.0100,10117.5000,1755.6100,5210.3800,810.6500,5334.5900,4218.1800,2013.5800,7676.4500,2062.4800,2845.8700,2440.6900,1965.3000,4366.6900
2025-12-09,2915.6600,4148.9700,2545.0700,7609.5900,6515.0400,9136.1200,16494.7400,1681.1700,2393.9000,8311.8000,2465.5800,2233.3900,2202.2900,2347.4100,8709.4400,4130.7000,5209.7800,2095.0600,10074.0800,1757.9200,5159.7500,809.1400,5453.4900,4215.4400,1986.0800,7631.7300,2050.0500,2799.6300,2411.9400,1950.4300,4341.1000
2025-12-10,2941.9500,4154.2400,2558.3500,7688.3700,6489.3400,9162.7300,16512.6200,1685.7600,2405.6000,8329.8500,2469.9800,2250.2800,2258.0200,2393.6400,8816.0700,4146.0900,5244.6500,2102.4500,9986.7900,1770.0500,5127.4700,817.2400,5519.4300,4148.8100,1992.2800,7700.7100,2066.0600,2802.3400,2405.5500,1952.7200,4346.8800
2025-12-11,2917.5200,4104.4800,2518.2700,7640.3600,6373.6400,9054.9600,16443.9000,1644.2600,2368.6600,8266.4800,2457.6900,2218.4400,2189.0000,2335.1400,8682.1300,3967.5400,5202.8200,2080.0500,9961.5000,1765.8400,5026.3600,799.8900,5346.1400,4155.9500,1972.2100,7629.0200,2038.6600,2781.6200,2385.1300,1937.3100,4300.1300
2025-12-12,2944.1000,4100.5700,2540.9800,7755.2700,6466.5500,9086.2600,16511.9900,1638.9400,2365.6000,8280.5500,2481.7500,2220.2600,2179.8700,2305.3200,8690.8100,3920.6300,5178.5100,2089.2800,10102.7000,1785.9500,5075.1400,805.5000,5409.7200,4142.6700,1991.9700,7662.0000,2063.4100,2782.1000,2374.7200,1944.3700,4290.8000
2025-12-15,2980.6200,4127.1900,2564.1200,7715.8400,6309.8800,9098.7700,16622.8900,1641.9300,2364.5500,8182.8500,2480.6500,2229.4600,2159.8800,2339.6400,8645.0900,3875.4900,5225.4700,2086.5700,9986.5500,1800.6900,5010.8800,792.3500,5307.4300,4139.1200,2023.7100,7585.2900,2035.2800,2785.5700,2388.9100,1939.5600,4283.2700
2025-12-16,2964.8600,4057.9500,2519.0500,7499.0700,6214.9500,9039.9400,16619.9300,1623.4800,2332.8900,8041.8900,2451.5100,2220.0600,2137.6600,2370.4300,8656.0000,3766.5700,5148.7500,2055.3500,9721.0900,1775.3200,4949.8500,773.2200,5150.7800,4116.5600,2011.1500,7534.0800,1989.6600,2750.5600,2361.4700,1907.9800,4311.7300
2025-12-17,2948.7500,4145.2000,2551.1600,7726.3000,6369.0800,9114.5800,16696.1100,1631.6500,2336.9800,8140.2600,2457.5800,2242.8500,2139.5300,2374.7300,8745.3100,3820.1200,5179.9500,2061.5900,9924.0000,1771.8200,5024.5900,788.1500,5411.7000,4121.3500,2049.9700,7591.8100,2020.4300,2747.4100,2379.7900,1909.9700,4347.5800
2025-12-18,2943.6700,4147.9800,2545.8700,7720.8300,6272.8100,9062.1300,16640.8200,1643.9800,2357.0000,8165.0900,2460.1400,2254.6900,2128.0900,2372.0100,8744.4700,3776.8100,5165.3800,2064.7400,9703.8600,1787.8200,5000.2400,793.2500,5326.3800,4202.6500,2040.7400,7542.9000,2007.4300,2799.4600,2409.6200,1909.8700,4333.1400
2025-12-19,2969.7800,4206.2000,2594.1500,7868.8400,6254.5400,9100.7000,16685.0800,1674.6800,2408.1700,8269.0400,2467.1600,2265.4600,2170.8600,2458.7900,8921.6300,3860.6600,5211.8800,2087.1600,9787.3300,1813.1900,5040.4800,804.0800,5361.7800,4183.9800,2049.6600,7654.1400,2031.2100,2791.3700,2412.6500,1949.2500,4413.8000
2025-12-22,2988.5500,4257.4400,2617.4500,8056.2100,6418.1100,9117.8300,16665.5100,1667.9900,2397.3300,8251.0900,2462.4100,2285.7200,2189.9600,2492.4200,8904.3600,3962.2800,5257.9900,2097.6300,9890.3300,1823.5100,5073.1500,799.1500,5591.4000,4162.1200,2050.1900,7722.0600,2054.5700,2801.2000,2443.2500,1950.2200,4393.7600
2025-12-23,2970.6700,4266.7800,2610.2700,8090.2000,6455.5000,9091.9200,16581.7300,1657.6300,2384.9500,8213.9900,2459.1900,2273.3700,2172.0700,2452.4900,8719.7400,3960.0900,5304.2100,2098.7900,10001.0500,1797.5600,5020.0600,797.1700,5561.7800,4177.6000,2053.9900,7648.5700,2054.5300,2790.3900,2450.6100,1945.7500,4321.0800
2025-12-24,2945.5500,4327.7600,2629.7900,8139.5200,6592.4800,9097.2100,16521.4600,1670.0700,2425.2100,8233.3100,2472.4400,2276.2200,2186.6600,2453.3200,8787.3500,4009.8300,5395.4400,2118.5700,10104.4400,1849.3500,5088.3500,797.2100,5624.0500,4164.9000,2060.1400,7707.5100,2085.0800,2770.8900,2466.4900,1972.6700,4354.4500
2025-12-25,2962.8400,4357.9000,2642.3100,8076.7900,6611.7000,9160.0400,16661.8700,1685.5900,2463.7200,8281.8200,2479.1200,2289.7000,2203.4900,2441.7400,8819.5500,3965.0100,5430.9400,2130.7200,10170.4000,1903.2200,5131.4100,803.0600,5614.1900,4157.5000,2082.3500,7820.4000,2116.6300,2764.2500,2474.1100,1986.6600,4372.7100
2025-12-26,2977.3100,4384.2200,2677.8400,8374.4700,6564.9400,9149.8500,16592.0300,1684.9000,2448.7700,8254.2600,2487.6900,2296.4800,2212.3400,2462.7300,8827.6300,3946.6000,5449.4300,2134.4200,10312.6800,1922.0100,5151.5800,802.6300,5580.2300,4141.6000,2092.5800,7863.7500,2122.6600,2772.2900,2489.2800,1986.6700,4366.1300
2025-12-29,2998.5300,4365.7400,2669.2100,8210.9800,6588.2800,9127.0800,16415.8300,1679.8700,2444.9500,8167.9300,2456.9300,2289.9000,2199.3400,2445.4000,8773.2700,3920.3400,5388.8600,2140.0800,10196.2300,1949.4600,5159.5400,800.9300,5555.9900,4184.2200,2077.2800,7895.9600,2125.3800,2775.1500,2526.0400,1970.8600,4331.8500
2025-12-30,3014.3900,4385.3200,2658.9400,8318.2400,6621.6800,9214.8300,16314.3100,1682.6300,2436.7200,8120.9200,2428.8400,2265.7500,2172.5100,2407.3400,8674.0800,3959.9700,5361.9200,2116.4100,10179.5600,1939.4000,5168.3100,807.2900,5576.5400,4178.0000,2063.6000,8002.5700,2152.7700,2766.2300,2592.4900,1955.7400,4339.1300
2025-12-31,2981.2000,4372.3900,2660.3900,8408.5900,6554.1900,9213.9200,16217.8100,1692.1300,2434.8500,8084.6100,2420.0200,2280.3200,2197.0900,2422.5900,8764.4200,3923.1800,5362.8500,2124.9800,10088.2300,1980.6800,5211.2600,819.6900,5501.5200,4183.0000,2054.1400,7976.9000,2150.7300,2751.8100,2586.7400,1958.5000,4375.5800
2026-01-05,2981.0700,4427.9400,2661.5700,8628.5500,6795.8400,9323.9900,16559.5900,1699.6800,2454.5400,8395.8600,2437.0900,2273.3900,2225.9700,2418.4200,8856.6600,4011.5600,5457.4700,2143.8900,10298.9000,2032.2500,5352.3500,853.4800,5575.3400,4168.8900,2118.6200,8020.2400,2182.6600,2766.6800,2553.4900,1989.0100,4441.9900
2026-01-06,3014.0200,4566.2400,2717.9100,8995.8500,6908.5700,9372.7100,16641.5800,1716.3100,2472.0700,8467.3300,2457.9700,2295.1800,2254.3100,2446.5800,8962.3700,4127.4200,5494.2600,2176.5100,10413.3700,2094.8600,5469.8200,861.5400,5532.6600,4188.7900,2197.5700,8134.8300,2200.1300,2827.0200,2625.4600,2000.7300,4450.9400
2026-01-07,3003.4400,4578.8900,2734.0800,9022.7500,6994.6400,9330.8400,16572.4300,1704.6300,2468.8900,8519.2100,2461.0400,2281.0800,2255.7500,2449.9400,8988.0400,4286.7000,5486.6700,2189.2800,10477.4500,2091.5900,5425.4600,863.1000,5601.3000,4158.5400,2172.7900,8108.5600,2211.7000,2896.7600,2580.0400,2004.4000,4405.3000
2026-01-08,3000.0200,4569.8000,2733.4600,8881.7000,6997.6600,9309.5300,16475.7000,1714.9800,2488.8700,8580.3900,2472.4900,2284.7300,2291.9300,2467.0900,9062.8000,4337.7000,5559.7200,2227.8400,10522.8600,2178.9600,5494.3500,880.3300,5548.1800,4121.3900,2111.7700,8095.8500,2225.8900,2901.0000,2573.8700,2013.9000,4425.5200
2026-01-09,3010.2800,4592.2000,2752.2500,9128.3400,7061.2100,9429.6400,16562.0500,1737.0300,2507.2900,8716.3000,2481.5200,2285.5200,2308.5400,2524.9600,9176.8500,4493.8500,5560.3600,2246.5800,10595.1100,2250.6500,5653.7300,927.1100,5592.7500,4103.4400,2107.5600,8179.1100,2266.6400,2924.3200,2594.3400,2034.5600,4487.2200
2026-01-12,3014.0700,4605.8200,2811.5400,9251.4700,7164.6300,9484.0900,16684.7300,1768.1400,2547.6200,8787.2500,2509.6600,2308.5000,2301.7300,2584.6500,9471.7600,4535.1900,5613.2900,2272.5800,10649.2300,2378.1200,6063.9500,999.4100,5746.1000,4115.8000,2118.6400,8229.1400,2313.9900,2910.6900,2568.4900,2044.5100,4549.2100
2026-01-13,2975.4800,4584.0000,2769.2800,9335.8600,6927.9500,9342.1600,16533.1400,1755.6800,2513.3500,8893.2000,2505.1800,2297.8300,2263.1900,2545.8800,9404.8100,4537.9700,5508.1100,2264.1600,10556.6800,2247.2900,5947.6900,1006.1500,5580.6900,4142.4000,2115.8100,8120.9400,2272.8000,2894.6600,2610.1200,2023.6200,4544.1800
2026-01-14,2980.5200,4592.2600,2757.2000,9375.1600,7021.9700,9380.3100,16412.8300,1755.4300,2517.5100,8881.1800,2493.1300,2280.4300,2236.5500,2559.6900,9520.1800,4669.4900,5512.6700,2263.7300,10541.3700,2232.2000,6151.3400,1021.7500,5687.2300,4064.4700,2098.1100,8088.2200,2281.1700,2877.0000,2626.2000,2034.8900,4562.5700
2026-01-15,2959.7300,4656.5400,2738.9300,9504.0600,7139.5700,9333.4500,16321.9700,1730.6800,2496.8800,8776.8100,2490.4000,2282.2900,2246.0000,2517.4500,9479.3200,4513.1800,5543.7300,2246.4900,10598.4700,2169.7400,6003.5400,994.1800,5710.0600,4035.9400,2075.6300,8082.7900,2281.7700,2866.3400,2634.9500,2036.9200,4526.3300
2026-01-16,2911.8300,4633.4900,2699.7900,9404.8400,7327.7200,9397.2600,16214.1800,1727.5000,2479.4200,8657.1900,2482.9900,2264.1100,2227.3800,2487.9200,9317.2400,4447.9600,5522.9300,2252.5500,10679.0700,2139.8900,5869.8500,946.0300,5672.3000,3979.0700,2052.1000,8219.3100,2309.9100,2833.3900,2587.4400,2040.1400,4477.6500
2026-01-19,2939.5700,4758.4900,2724.9800,9453.0400,7291.7200,9475.0400,16231.0000,1746.5900,2514.6500,8612.0500,2519.7900,2293.2400,2251.6100,2523.0600,9469.5000,4496.5700,5611.7200,2252.5900,10875.6700,2171.5400,5778.9000,943.5400,5618.0400,3955.3500,2048.1500,8358.9600,2332.1900,2855.0700,2641.2200,2061.4300,4515.2000
2026-01-20,2921.5600,4813.2000,2737.9100,9478.6800,7202.3800,9534.3200,16292.4400,1748.2600,2528.0400,8541.1800,2541.0400,2322.0100,2286.4500,2538.5300,9470.2200,4412.4200,5707.4800,2280.5500,10676.0100,2109.1300,5666.5800,940.5000,5436.7900,3986.8800,2055.8000,8276.8500,2300.6600,2877.2300,2687.2300,2070.6800,4548.9600
2026-01-21,2900.4800,4853.8400,2775.9800,9743.4200,7390.7900,9484.2300,16043.3200,1763.7300,2541.7800,8551.9200,2520.6100,2304.1000,2300.9400,2511.4600,9466.2300,4426.1400,5784.2600,2272.8500,10698.2600,2107.8100,5704.3000,937.5500,5482.5200,3923.9900,2039.7000,8353.5200,2335.1000,2832.1600,2710.2300,2077.7100,4565.9700
2026-01-22,2907.1100,4911.9700,2826.3100,9707.4600,7406.5200,9462.9900,15999.1300,1777.5700,2570.5500,8516.1800,2531.6400,2311.3800,2317.7600,2529.3900,9521.2200,4479.5600,6020.5700,2283.5600,10686.7400,2175.8600,5757.7900,945.7500,5637.7500,3907.0600,2032.2000,8325.8100,2338.6200,2884.5100,2793.3100,2100.9700,4531.4300
2026-01-23,2923.5900,4971.2200,2897.1100,9972.0000,7429.7000,9395.3700,15985.0000,1804.8500,2590.3900,8623.3600,2539.2300,2303.9600,2343.4900,2541.7000,9615.8100,4526.1000,6032.5100,2294.8400,11060.5200,2233.4200,5851.9900,964.7200,5552.0700,3871.7200,2022.2700,8425.6200,2369.1600,2862.7000,2786.8300,2134.1700,4566.3300
2026-01-26,2948.3700,4948.8500,2901.9300,10428.1900,7263.1300,9237.2100,15914.2600,1792.2800,2558.9100,8648.3500,2534.4500,2298.0700,2291.2600,2492.6900,9394.3400,4507.9900,5991.4100,2298.4400,10903.6600,2133.6200,5734.2400,947.7300,5568.4900,3888.6500,2038.2700,8231.2900,2332.4300,2922.0900,2875.4800,2119.2400,4526.7000
2026-01-27,2890.8000,4917.9800,2862.9600,10382.8700,7428.1600,9220.1700,15775.8500,1779.6200,2548.6500,8552.0000,2514.3200,2279.3200,2270.0300,2470.3400,9362.3900,4518.5600,5965.6000,2279.9200,10844.5700,2168.8400,5742.8200,952.3100,5687.9500,3885.5100,2034.6200,8233.6200,2347.3300,2855.6400,2857.9100,2106.8600,4471.4600
2026-01-28,2915.1700,4988.8900,2924.8600,10997.8100,7459.4200,9084.2600,15668.8100,1805.5700,2539.7500,8418.4500,2504.4300,2269.7100,2289.0500,2463.2400,9274.5200,4404.1100,6095.4000,2274.9500,10739.7800,2132.3500,5684.1000,935.4200,5736.9000,3861.6100,2030.0300,8143.9800,2322.7100,2953.3900,2959.1000,2106.0200,4397.5600
2026-01-29,2957.6400,4943.9700,2931.2800,11180.3300,7193.6500,9167.7900,16698.9100,1798.4200,2544.7500,8435.4400,2503.6600,2276.8700,2349.8000,2474.2000,9293.4000,4331.1100,6160.5200,2264.5700,10548.2500,2094.1200,5684.3900,968.4200,5680.5900,3920.4500,2076.2400,8029.3400,2281.7300,2965.1800,3024.9800,2086.4300,4464.6900
2026-01-30,2976.8400,4928.6100,2848.4600,10308.4200,7242.8900,9124.6800,16234.4000,1792.5200,2558.3900,8338.3000,2497.1200,2271.6800,2291.6500,2435.3400,9283.8400,4314.3800,6076.6900,2261.8400,10496.4200,2061.6300,5573.0000,966.7500,5876.0200,3904.9200,2043.2300,7997.5000,2286.5500,2968.0100,3008.5200,2074.7600,4394.7500
2026-02-02,2872.0300,4648.4000,2679.6400,9522.9700,6950.0600,9080.2200,16414.3300,1749.3300,2494.0100,8136.4300,2466.8100,2235.0000,2213.4900,2391.3300,9136.6500,4165.2900,5832.4200,2199.4300,10412.1900,2025.8100,5424.1400,945.5900,5706.2400,3911.4700,2013.4500,7799.8300,2242.6600,2800.5200,2842.7600,2034.3900,4363.8000
2026-02-03,2898.7900,4797.4800,2767.6500,9832.3300,7098.3800,9160.1300,16643.1900,1781.3100,2528.9500,8261.6400,2483.3700,2263.6200,2255.4800,2430.4700,9311.7900,4399.8100,6037.7000,2243.8500,10747.1900,2115.4300,5569.3000,972.7000,5832.6500,3878.1800,2016.9000,7980.2000,2331.8400,2811.1800,2855.1800,2070.1500,4452.9400
2026-02-04,2936.4500,4811.1400,2824.7400,9853.3800,6988.3900,9283.8000,17031.4900,1787.1600,2564.0500,8338.9700,2520.6700,2327.4100,2322.3800,2433.8800,9347.0400,4453.9800,6247.8800,2270.4500,10966.1700,2125.7300,5474.8400,942.3300,5673.1600,3932.6100,2042.5100,8079.8600,2338.3600,3024.3600,2909.7200,2084.2400,4468.5900
2026-02-05,2925.5800,4729.0800,2763.8900,9402.6000,6902.4900,9291.6800,17255.2200,1800.3800,2566.0400,8353.5600,2494.7400,2332.3200,2316.7600,2455.7700,9414.8200,4409.6500,6174.1100,2241.9900,10592.2700,2100.7800,5428.7400,943.4100,5537.6800,3994.4900,2043.7400,8030.6300,2295.4100,2957.3600,2869.3400,2068.4300,4612.0900
2026-02-06,2919.5500,4825.8500,2753.1700,9431.3100,6864.1000,9241.7200,16934.7300,1816.2400,2582.9700,8350.0800,2501.0500,2314.8800,2291.8500,2426.9900,9285.4700,4399.1300,6119.0200,2220.8100,10727.1600,2065.8600,5390.6900,935.4400,5467.8000,3971.4400,2030.9200,8023.0100,2295.2400,2949.5300,2942.4100,2076.5600,4556.9200
2026-02-09,2931.8500,4895.4700,2809.4200,9631.0300,7068.2500,9284.9600,16997.8900,1824.9700,2616.3600,8399.8300,2513.0800,2340.5600,2336.8200,2468.8800,9424.0000,4605.8600,6218.8300,2258.5500,10975.3700,2099.2100,5546.1200,968.1700,5750.7500,3985.6700,2060.4500,8115.2000,2353.5700,2980.1400,2948.5000,2100.9400,4609.6200
2026-02-10,2910.2100,4890.1200,2810.8200,9613.4600,7082.0600,9388.1500,16775.4300,1817.5600,2626.9200,8450.6400,2501.1800,2336.6100,2304.2100,2447.4700,9493.6500,4704.8700,6224.7000,2243.6200,10896.5900,2096.1400,5583.9000,1009.4800,5758.4400,3996.2500,2052.5000,8136.6700,2360.4200,3006.4000,2947.8200,2087.8200,4570.9100
2026-02-11,2915.8100,4958.5600,2857.9600,9843.6900,7004.8300,9326.3400,16757.7200,1810.7900,2626.0000,8423.4700,2499.1500,2331.7900,2300.9300,2442.7000,9328.8100,4718.5800,6429.7900,2242.5300,10892.3800,2077.1200,5568.7700,989.4200,5633.3400,4003.4200,2042.7000,8138.2300,2345.5600,3048.5900,3012.0000,2098.7600,4576.2400
2026-02-12,2872.4200,4946.9400,2861.9100,9924.6600,7125.9500,9306.1800,16540.1000,1783.8100,2619.2500,8372.7900,2502.1100,2322.5600,2285.3900,2404.4100,9254.6100,4968.9500,6495.1200,2242.3100,11072.4700,2097.0200,5656.6200,982.3000,5720.7400,3946.9600,2024.1600,8187.7000,2379.5700,3058.0900,3011.3900,2100.6100,4495.2600
2026-02-13,2858.1300,4863.5400,2791.4300,9591.6100,7105.4400,9256.5500,16509.8200,1765.8700,2596.7400,8282.2700,2469.9100,2282.2400,2276.0600,2388.3700,9213.2200,5071.1100,6293.8500,2229.0400,10848.0900,2110.6800,5624.9800,968.2500,5621.6200,3919.4900,1998.7100,8148.0500,2356.7500,3001.9100,2918.2400,2089.6100,4450.8900
2026-02-24,2881.1800,5031.1000,2857.9800,9908.8900,7200.5200,9308.0900,16368.5200,1785.0700,2619.2500,8296.4500,2519.5400,2308.5000,2282.3900,2353.3900,9198.6300,5104.0100,6527.1800,2280.1600,10983.2100,2136.7700,5523.0700,937.2800,5794.3600,3910.0200,1990.2600,8258.5000,2392.6700,3095.0200,3079.5000,2131.1200,4456.4000
2026-02-25,2913.3200,5139.8600,2992.1400,10253.5200,7303.0100,9320.1800,16497.2900,1791.1800,2639.7700,8365.7700,2531.2900,2335.1800,2340.2100,2359.1800,9246.8500,5132.5900,6706.6000,2298.2000,11130.6700,2178.8900,5534.7700,926.4600,5807.0000,3892.1800,2002.3500,8263.1600,2413.3000,3101.4900,3085.3400,2173.4800,4526.5900
2026-02-26,2912.6500,5163.8100,3031.8200,10212.0400,7447.7100,9253.9400,16299.6400,1776.7300,2624.9800,8293.1400,2552.3800,2344.6900,2287.6200,2330.3600,9187.2000,5110.1600,6668.1900,2311.8200,11053.1500,2211.9100,5556.5900,912.9900,5972.0500,3883.5600,1973.8200,8246.2600,2447.3200,3081.0400,3053.5900,2198.7300,4488.6600
2026-02-27,2972.6000,5211.1800,3133.9700,10528.6300,7394.4700,9217.4100,16255.3100,1791.7500,2629.0500,8323.7000,2610.3800,2365.2000,2289.8300,2349.1200,9368.1400,5108.4300,6571.8100,2339.7700,11052.8700,2211.4200,5659.8400,918.8600,5889.4100,3883.4700,1975.1500,8212.2500,2452.7200,3179.6200,3081.8900,2235.0800,4515.5700
2026-03-02,2961.5000,5235.0600,3144.9200,10862.2000,7286.7300,9053.6900,16042.6700,1771.1900,2573.5500,8145.0700,2641.5800,2364.5400,2240.0000,2292.5200,9117.4700,5101.8100,6624.9200,2315.6900,11002.9500,2265.9400,5496.7000,882.2600,6000.0800,3906.9000,1950.6600,8150.6600,2432.0400,3299.5500,3327.0500,2209.2600,4405.2300
2026-03-03,2949.3400,5045.1000,3013.9600,10252.4100,6900.8000,8852.8000,15927.5000,1720.3900,2493.1500,7927.3700,2654.5600,2391.3800,2179.2200,2234.9500,8845.9200,5059.0800,6343.2200,2252.1200,10738.8000,2113.2800,5225.3800,844.4000,5833.3100,3948.5900,1938.5700,7879.0100,2329.2100,3357.4700,3551.6900,2134.6700,4342.3600
2026-03-04,2987.5000,5006.0700,2999.8500,10197.6600,6883.7600,8801.4500,15636.4900,1702.0800,2468.3400,7838.5200,2654.3400,2322.0400,2157.2400,2210.3300,8792.2500,5015.5200,6284.7700,2246.3100,10772.8900,2141.3400,5184.2200,837.2900,5752.1200,3906.0100,1896.6900,7818.8800,2316.3400,3324.6600,3461.9200,2135.2200,4304.3000
2026-03-05,2927.1100,5039.0800,3012.6900,10132.3600,7022.7500,8868.0000,15651.9500,1710.2200,2501.0000,7901.9500,2679.4400,2320.8600,2171.5600,2230.8700,8895.8200,5023.3100,6290.3900,2275.8800,11007.7100,2149.8000,5271.2800,849.4800,5915.7600,3941.3600,1903.7000,7911.1300,2363.9400,3318.7500,3399.0900,2159.5700,4305.7300
2026-03-06,3035.7300,5182.2500,3022.7900,9953.1200,7019.3500,8940.7200,15852.8800,1741.5100,2532.3600,8092.3200,2699.7700,2342.4500,2196.1000,2257.2700,9027.9300,5109.4900,6287.8500,2323.3000,11113.8500,2162.5200,5360.5200,854.7700,5852.3400,3947.2400,1924.9900,7985.6000,2383.7100,3300.1500,3330.3400,2203.5800,4378.2100
2026-03-09,3042.3500,5117.1900,3003.4900,9858.9600,6886.6000,8814.7200,15756.0900,1725.1500,2511.9500,8026.6500,2724.6300,2287.6000,2161.4200,2229.2200,8962.0800,5250.9000,6173.4000,2313.2400,11238.0900,2119.1500,5446.5900,854.3300,5713.2500,3922.3300,1890.5000,7858.9200,2342.1500,3396.5100,3349.2000,2196.5500,4283.2000
2026-03-10,3031.8800,5114.0300,2988.5100,9968.6400,7121.2300,8972.9800,15834.6800,1750.1300,2562.9400,8191.4700,2724.8600,2309.3700,2184.0800,2253.1000,9107.4600,5154.8400,6301.1800,2354.8900,11453.4200,2153.8800,5517.3500,862.8500,5960.0600,3929.4100,1907.7200,8018.5700,2408.0200,3290.9300,3177.0500,2227.9400,4365.7200
2026-03-11,3054.2700,5220.2400,2977.4700,9929.0900,7065.9500,9024.9800,15821.4100,1751.0500,2567.8500,8159.4300,2770.3300,2315.7400,2190.8300,2241.7600,9053.5100,5052.5700,6294.9900,2393.3200,11731.2800,2124.4000,5486.4500,852.7800,5985.8100,3963.1200,1913.5500,8015.4700,2401.8000,3374.3200,3218.4100,2238.5100,4371.6900
2026-03-12,3094.5000,5231.0300,2997.9100,9852.0400,6990.4000,9009.5400,15758.3100,1744.8700,2540.7900,8098.6500,2822.6100,2319.4900,2182.0200,2229.1700,9026.6600,5103.6200,6249.0600,2404.5500,11702.5200,2074.8000,5458.6000,841.6900,5893.9800,3986.9800,1905.5900,7917.4800,2357.2300,3517.4200,3234.9000,2231.9500,4315.9700
2026-03-13,3066.5300,5211.6500,2972.2600,9585.6300,6933.2700,8987.6200,15895.3600,1731.6500,2528.8100,8074.4700,2782.6900,2314.1400,2184.4800,2219.0100,8954.3000,4889.6100,6206.9700,2418.9200,11619.6000,2018.9400,5311.2900,827.1600,5845.4500,4002.0000,1887.8300,7833.6500,2325.5500,3466.2900,3186.1100,2220.8900,4324.9500
2026-03-16,3088.0500,5099.4800,2878.4300,9330.1600,7055.7500,8965.7800,16211.6600,1726.6800,2546.5400,8110.5500,2724.4000,2331.2300,2197.4500,2241.0300,9013.3100,4902.0200,6108.5200,2377.3400,11569.4700,2019.6800,5323.4400,831.9700,5887.5000,4016.8000,1879.6400,7866.3300,2312.9900,3397.6700,3155.7900,2207.1900,4358.9600
2026-03-17,3036.4700,4973.4500,2861.7800,9174.7000,6846.3200,8916.1500,16301.3000,1706.6800,2522.7900,8090.2500,2705.9700,2317.3700,2205.4900,2218.5000,8888.3000,4801.3000,6013.5700,2348.4500,11300.5500,1967.8200,5209.2400,825.1300,5611.4200,4051.1400,1903.7200,7790.5500,2255.2000,3334.0700,3115.3700,2165.4800,4323.4600
2026-03-18,3016.2000,4963.8100,2839.9300,9119.7800,7011.5900,8968.7800,16153.6000,1715.0200,2548.5100,8138.7300,2708.3600,2322.3600,2182.4200,2213.2500,8932.6500,4914.5200,6053.7300,2351.9800,11331.1800,2003.5500,5337.5300,833.1900,5905.1500,4033.5300,1901.6700,7806.7900,2284.9400,3316.9300,3069.4500,2174.0500,4323.2700
2026-03-19,2957.3300,4777.8400,2724.1000,8563.0500,6836.3800,8803.1900,15956.2700,1676.7300,2490.8400,7981.9400,2717.5800,2276.5300,2122.5900,2157.9800,8743.4900,4761.9700,5834.7300,2303.9400,11092.6700,1951.0400,5260.8900,820.3300,5881.2400,4026.8700,1874.1000,7618.2000,2219.7700,3377.3600,3110.5300,2130.1700,4240.4300
2026-03-20,2928.5600,4662.7300,2666.4400,8452.5700,6736.0200,8690.7200,15818.3700,1637.6600,2441.1200,7850.4100,2717.2100,2252.8600,2092.4900,2118.0300,8596.1500,4498.9800,5713.7100,2267.8300,11264.6200,1892.5100,5059.6100,795.8700,5968.4100,4016.3200,1839.6900,7488.8700,2179.9300,3380.8900,3040.2100,2096.6600,4118.0500
2026-03-23,2765.7600,4523.6700,2554.4700,8049.9200,6369.5100,8375.5200,15310.9600,1547.6600,2317.5000,7467.8900,2665.3000,2159.4700,1987.8500,2013.7800,8044.8800,4254.7100,5500.4000,2177.3700,11003.8400,1800.6500,4792.6700,754.3600,5720.1400,3885.9900,1765.8400,7267.0400,2071.5600,3387.7800,3042.1100,1993.4100,3870.0800
2026-03-24,2778.6700,4596.3300,2636.5600,8339.6400,6524.4000,8496.5800,15458.0000,1609.4000,2389.4600,7705.8500,2754.0700,2219.8900,2045.5200,2066.4400,8314.1300,4322.5400,5701.6100,2246.1300,11079.8300,1844.4200,4898.2200,772.2600,5842.5400,3967.3100,1786.2700,7383.2200,2130.6100,3371.1700,3016.0700,2078.8600,3971.0400
2026-03-25,2822.6800,4673.7400,2684.5600,8587.3700,6697.1500,8618.6700,15561.6400,1649.1400,2426.6900,7781.1100,2817.1700,2253.8500,2077.4700,2100.8500,8531.4900,4489.7300,5830.4500,2297.6700,11204.0900,1877.6800,4987.6700,788.7000,6059.0500,3993.2100,1807.6900,7517.4900,2179.8900,3327.8200,3002.8900,2129.3200,4021.6900
2026-03-26,2791.7600,4652.0500,2637.4300,8444.1800,6549.2000,8559.1400,15430.2700,1636.9100,2397.6600,7688.6400,2806.9100,2246.1500,2044.5200,2072.3000,8393.7500,4431.1000,5745.5600,2244.1700,11108.2600,1838.6100,4850.7600,774.4900,5916.7100,4007.8100,1758.2000,7397.1600,2138.8100,3347.5100,3016.9600,2079.6900,3945.5800
2026-03-27,2842.4100,4770.6300,2677.5700,8687.4400,6595.3400,8555.1600,15661.3500,1656.9800,2420.8000,7972.9400,2785.0700,2250.4500,2062.7700,2094.6700,8465.8100,4464.7000,5777.8700,2249.1000,11270.7400,1848.2100,4885.6900,784.6800,5883.5900,3987.9300,1766.5100,7456.4500,2161.4900,3339.9200,3037.1700,2100.7000,4018.8000
2026-03-30,2847.4600,4796.7100,2693.3300,8846.9200,6573.2600,8427.7400,15749.1000,1677.2400,2425.7500,8044.0700,2702.4900,2249.6500,2055.7800,2095.1600,8435.3600,4507.3800,5874.5800,2261.6100,11129.9200,1871.2500,4883.7000,783.0800,5960.8000,4007.3400,1753.3000,7485.8400,2157.0400,3337.4500,3053.5300,2095.5200,4023.2900
2026-03-31,2791.6700,4674.3800,2646.7000,8716.3100,6395.2200,8560.0700,15785.7700,1662.1400,2399.4100,8011.9900,2643.0200,2234.0600,2032.1300,2072.9500,8382.2000,4459.4700,5801.7300,2228.3300,10772.3100,1859.0300,4814.5900,780.8700,5829.1300,4036.0900,1746.5000,7469.2000,2136.4800,3214.9300,2984.1700,2053.9300,3984.7900
2026-04-01,2801.7900,4733.8300,2688.5500,8918.7500,6582.6900,8676.0000,15928.9100,1686.4200,2432.1300,8331.4000,2629.2400,2270.8900,2042.7500,2097.6300,8558.8300,4517.7200,5922.1300,2253.8000,10846.3700,1870.6300,4920.7300,803.8400,6025.2700,4040.0800,1777.5500,7585.2600,2186.2200,3208.7100,2980.4200,2082.6800,4084.6600
2026-04-02,2844.5900,4665.0800,2658.6500,8753.8100,6394.4400,8621.0600,15950.7400,1662.0100,2399.9600,8340.6100,2611.6200,2273.2800,1996.8400,2067.2300,8405.7200,4408.9600,5837.2700,2220.7700,10617.7700,1836.2700,4767.7200,782.6500,5904.2000,4062.8900,1748.2000,7487.7300,2142.6000,3240.2100,3036.6000,2055.2800,4032.1300
2026-04-03,2763.6800,4588.6700,2625.1100,8652.4300,6403.0100,8491.4400,15797.2800,1619.5300,2345.9700,8152.7500,2544.9300,2246.0400,1951.9400,2022.5500,8211.3400,4376.5800,5730.1200,2169.8200,10332.7700,1810.1500,4719.8300,764.5100,6060.9800,4015.3800,1737.1200,7372.1900,2126.8000,3172.5100,2993.5500,2015.2000,3948.6600
2026-04-07,2815.8300,4756.7100,2642.8400,8720.8000,6482.4300,8478.1900,15715.7000,1634.7800,2379.9700,8167.6000,2546.7000,2248.7600,1965.5700,2048.7300,8290.1700,4401.0000,5785.3700,2196.5800,10338.2300,1818.2100,4732.2700,772.7000,6087.8100,3977.7000,1729.7800,7339.7700,2130.1600,3249.8000,3078.8200,2036.2600,3966.9700
2026-04-08,2859.0000,4838.0600,2729.4600,9243.3900,6910.3100,8683.2300,15962.9000,1683.6800,2459.5700,8311.1300,2588.6700,2298.5300,2038.7200,2113.7800,8604.6500,4577.2400,6001.6200,2277.3500,10741.4700,1905.3400,5037.3500,823.1100,6511.8000,4009.3400,1804.1300,7636.6700,2257.7500,3198.9700,2997.6500,2117.2000,4076.8600
2026-04-09,2822.5100,4828.8000,2720.5300,9184.0800,6944.5000,8594.8900,15802.3400,1665.4000,2435.1800,8180.2600,2563.3800,2263.2700,2014.9000,2066.1000,8437.9500,4485.5100,5958.4800,2256.0400,10680.0300,1890.2000,4952.3500,804.7100,6577.7900,3975.0200,1767.0500,7601.3800,2251.5100,3180.6400,3024.2100,2109.6300,3962.2700
2026-04-10,2802.3300,4853.5000,2717.9500,9152.0800,7084.1900,8648.8900,15793.3200,1679.9900,2448.4400,8227.6600,2563.9400,2254.3900,2030.1500,2089.4500,8511.6700,4477.0300,6037.0200,2261.5200,11054.0900,1905.9200,5011.2500,812.8400,6712.0000,3969.8200,1811.3900,7722.4600,2277.3100,3175.1700,3029.9700,2113.6100,3986.5700
2026-04-13,2833.5300,4894.2900,2750.9200,9183.0400,7141.8100,8601.9900,15717.9100,1680.9500,2430.9400,8148.9200,2583.5000,2227.1400,2050.2000,2077.2200,8505.0800,4529.2600,6206.5600,2255.4600,11188.5800,1923.6300,5041.5900,796.2600,6695.3800,3971.2900,1809.0200,7734.1800,2278.5200,3191.9200,3040.4600,2100.6900,3950.6900
2026-04-14,2890.1100,4894.4900,2734.9200,9378.0400,7332.3100,8681.7100,15758.5100,1691.9500,2449.4500,8207.3100,2589.5500,2232.9300,2103.5900,2086.4400,8566.0400,4676.1200,6257.0000,2261.8400,11374.7800,1964.6900,5116.3800,806.7800,6807.2800,4005.4500,1825.6900,7755.6300,2313.3200,3159.4500,3004.5000,2115.4700,3966.6600
2026-04-15,2898.1000,4809.2500,2707.9900,9255.3600,7271.2700,8740.1900,15850.2700,1685.7000,2438.3700,8326.1900,2590.4500,2245.8600,2070.6900,2090.6700,8588.1600,4607.2200,6178.5300,2251.3200,11311.0800,1963.5600,5069.5300,801.0100,6716.1300,4049.7600,1814.8400,7747.0400,2285.4200,3165.3700,2964.2600,2111.9100,3975.8000
2026-04-16,2904.9200,4884.0400,2765.6200,9516.9400,7392.6700,8788.1800,15856.7300,1703.3200,2465.3900,8316.7200,2604.8500,2248.8400,2083.2700,2110.8500,8755.0700,4773.0400,6281.2200,2273.5500,11585.1400,1970.6000,5186.1200,821.3200,6982.8200,4035.7200,1822.8200,7871.5500,2318.6500,3173.9900,2944.3800,2150.3600,4006.8400
2026-04-17,2869.7700,4873.5600,2758.6300,9532.5000,7505.6900,8812.0700,15524.1200,1696.8300,2460.5500,8175.2300,2598.7200,2235.7400,2114.0700,2106.1500,8650.7300,4744.0800,6284.7300,2271.2500,11581.1700,1988.9600,5179.1900,820.3400,7275.5700,4019.6600,1814.7400,7843.3800,2339.6000,3145.5500,2912.4000,2150.7400,3984.0800
2026-04-20,2875.5300,4869.2700,2753.9000,9581.9500,7622.5100,8912.6500,15569.4800,1708.8400,2483.3100,8177.1100,2633.7200,2246.8300,2105.6200,2120.9100,8731.1500,4675.9100,6247.1600,2279.7900,11621.1200,2058.0100,5239.5000,829.5800,7323.1600,4064.8400,1819.2200,7845.3300,2353.5500,3131.9400,2904.1800,2165.3100,4027.0100
2026-04-21,2869.0400,4894.2700,2739.5400,9616.9300,7604.3100,8917.6600,15575.0000,1713.2600,2508.7500,8112.1200,2663.6200,2258.7000,2107.8400,2103.7000,8705.4400,4589.3100,6260.2500,2286.1600,11720.7400,2058.1800,5143.0300,825.2300,7319.0200,4079.9100,1805.4000,7836.1300,2346.9500,3204.1700,2907.3200,2169.1700,4025.5900
2026-04-22,2853.9200,4908.6300,2757.4400,9657.9300,7853.2000,8926.1300,15515.6400,1704.9200,2502.1000,8163.5100,2661.7500,2243.7700,2116.3200,2102.7800,8641.8300,4731.8400,6292.9800,2276.4800,11715.7900,2060.2500,5242.5500,821.0400,7638.0200,4050.8200,1816.5000,7888.7700,2368.1000,3206.3600,2898.9100,2177.7600,4015.1100
2026-04-23,2809.6600,4864.4800,2708.1100,9311.1600,7732.9700,8945.8600,15646.3100,1691.4700,2472.0600,8099.0800,2700.3400,2229.9700,2103.4900,2109.6600,8594.0200,4665.6100,6291.7300,2270.8700,11603.9200,2054.3300,5188.1000,814.8900,7554.1900,4064.3800,1803.6800,7832.7600,2333.0700,3274.6400,2977.5600,2163.5700,4019.2000
2026-04-24,2779.3600,4933.0900,2699.0500,9396.9200,7738.7900,8902.9300,15803.3100,1699.5700,2451.1200,8073.2400,2659.6400,2216.1000,2093.3000,2089.1000,8501.0400,4601.9200,6242.4300,2240.7700,11614.1900,2015.0400,5165.2500,798.2500,7269.1400,4053.1800,1789.4800,7752.3000,2314.2800,3269.2100,2989.8100,2149.9100,4040.4300
2026-04-27,2754.5100,4946.6900,2674.3800,9309.9000,8009.1800,8953.0900,15510.4200,1714.8500,2458.5300,8059.4000,2652.6400,2210.4400,2093.5600,2112.4500,8541.0800,4618.1400,6286.1200,2223.7800,11559.3100,2013.6100,5170.9700,800.8800,7253.0200,4040.0200,1788.1900,7818.4200,2340.9900,3259.8100,2996.5800,2158.8600,4111.1000
2026-04-28,2774.2300,4929.6400,2671.6200,9097.8900,7909.6200,8946.5400,15531.1700,1702.7000,2432.1200,8091.8200,2670.6900,2210.0900,2098.4700,2084.8200,8353.1700,4719.1500,6331.8600,2224.1200,11385.0900,1988.4800,5060.0700,793.0200,7090.6000,4055.9900,1802.9300,7704.8500,2313.2900,3351.4200,3055.4100,2157.9900,4066.6400
2026-04-29,2828.2400,5020.6400,2729.4700,9460.9200,7933.6900,9076.6400,15684.7700,1731.6600,2474.6200,8117.5000,2673.6800,2225.4400,2139.2900,2118.7800,8483.0500,4768.6000,6484.3600,2249.0500,11791.6000,1992.4200,5103.5100,811.0600,7139.4400,4041.5100,1825.5400,7785.5900,2349.4300,3397.8600,3113.1500,2193.0700,4092.2700
2026-04-30,2853.0000,4989.3300,2690.2100,9410.7800,8108.6900,9096.8400,15609.4600,1739.1500,2484.9100,8094.6800,2647.1400,2217.7300,2173.8900,2114.9300,8506.3900,4960.7700,6403.3300,2237.4100,11739.1900,2031.6100,5132.4800,798.3000,7124.9500,4013.7700,1826.5700,7797.1600,2368.8200,3390.7600,3120.4700,2195.2500,4050.1600
2026-05-06,2863.5200,5044.5200,2733.4300,9746.0600,8427.1700,9150.7900,15488.2900,1738.6700,2506.8300,8124.5000,2691.7200,2236.6700,2215.8500,2122.6100,8403.3200,5211.5700,6659.9900,2259.9000,12154.0200,2067.8100,5306.4800,815.9900,7274.4200,3979.4300,1842.8600,7911.8100,2419.0300,3399.7000,3069.6900,2228.1000,4077.0100
2026-05-07,2839.0600,4985.1800,2721.8400,9794.2500,8657.9000,9170.6900,15463.5600,1743.0900,2533.1900,8154.8400,2718.2900,2249.7900,2225.9000,2130.6600,8479.8900,5412.1400,6772.1200,2307.9400,12127.1600,2088.1600,5405.6600,836.2500,7591.5000,3967.4600,1846.7600,8039.8400,2486.9500,3239.5700,2940.9700,2273.0200,4088.7600
2026-05-08,2825.3100,4978.2100,2720.2600,9810.2800,8597.9000,9267.7000,15432.2700,1758.0500,2569.2000,8119.8700,2718.5600,2278.2300,2255.0500,2142.1600,8570.7000,5192.1100,6768.0900,2323.4200,11943.6300,2139.0100,5430.5500,834.9100,7685.3000,3964.0000,1837.2600,8095.8800,2507.9800,3219.0600,2928.8400,2279.3200,4123.8300
2026-05-11,2842.8500,5002.6700,2727.9100,9813.1800,9005.0000,9310.4400,15404.7800,1759.9700,2587.7200,8247.9400,2747.2800,2257.6100,2295.1100,2147.0100,8554.2000,5170.5900,6858.1000,2338.9300,12134.7000,2161.4700,5460.7900,828.2100,7937.3700,3961.6900,1859.3700,8097.1000,2562.0000,3224.6600,2935.7500,2275.2100,4099.9200
2026-05-12,2775.6900,4965.8100,2684.3300,9747.2300,9017.6400,9230.0200,15257.6500,1752.2800,2560.3500,8179.0300,2767.5800,2244.9200,2296.7900,2105.8200,8445.6600,5013.2200,6869.3600,2329.0500,12007.5200,2137.9500,5366.2900,816.5300,8150.3100,3952.2000,1855.4800,8021.5000,2538.2300,3201.8600,2932.5300,2260.2600,4014.5000
2026-05-13,2770.4300,5000.9500,2675.4700,9808.7800,9327.7700,9274.5500,15160.7900,1752.6800,2557.1700,8144.1900,2816.9900,2249.3300,2268.6200,2119.6100,8496.8000,5179.7600,6848.4100,2349.8000,12216.0600,2160.3700,5461.1900,825.3800,8401.1300,3934.5100,1836.2900,8067.8900,2583.9500,3181.6800,2919.1400,2302.9600,4026.9800
2026-05-14,2766.3200,4904.8400,2608.3100,9474.1600,9104.2900,9241.1900,15167.4100,1732.4100,2522.0800,7957.6500,2773.1000,2230.3900,2214.2400,2097.1200,8325.6500,5034.8300,6735.2300,2300.3600,11855.0900,2066.7100,5265.4100,791.5400,8397.9500,3944.9800,1796.4800,7923.7300,2530.0500,3153.8800,2901.7400,2256.6400,3943.8700
2026-05-15,2737.4300,4905.6100,2559.2500,9085.3100,9002.2100,9315.7000,14950.4500,1720.5200,2523.8700,7896.3100,2750.5100,2196.3200,2182.3000,2060.1300,8290.2500,4909.0300,6502.6300,2274.3000,11752.8900,2028.2700,5207.8000,796.3100,8205.7300,3928.3000,1758.5600,7943.5700,2553.3400,3180.0500,2899.6200,2216.7800,3891.8100
2026-05-18,2676.1600,4861.4600,2525.0200,8991.5300,9143.0400,9315.8300,14857.9500,1703.0200,2483.9900,7782.8800,2752.8400,2175.4100,2156.4600,2048.5700,8215.1400,4899.9400,6480.0600,2261.9000,11760.7400,2016.8800,5268.5600,794.1000,8269.5800,3891.8800,1747.3600,7875.2400,2554.5600,3229.3900,2894.6700,2225.2900,3830.9200
2026-05-19,2671.0900,4836.1200,2523.8200,8892.6900,9347.0000,9246.5700,14879.2200,1712.9800,2503.2100,7822.9400,2831.5400,2196.7500,2176.0400,2075.0200,8262.9900,4963.7100,6487.5800,2277.7000,11843.7800,2013.3500,5378.2900,806.1400,8220.6200,3907.5400,1755.7400,7914.6000,2585.9000,3236.9300,2876.8200,2234.1600,3805.7500
2026-05-20,2636.3400,4862.1300,2495.7500,8888.8600,9549.8900,9240.6300,14859.8100,1698.1400,2480.6200,7767.1000,2732.2500,2197.6000,2160.2800,2043.3800,8161.0700,4955.3900,6510.6100,2252.9000,11945.1100,2005.0100,5286.2800,786.7200,8239.6600,3871.8100,1743.0200,7813.9500,2592.1600,3193.0400,2888.0200,2221.7600,3780.4000
2026-05-21,2582.1700,4705.2700,2441.9900,8687.6900,9197.4300,9193.0900,14720.1400,1661.2800,2412.2400,7740.5900,2680.3400,2192.2100,2085.5200,1984.5100,7981.2100,4710.8600,6423.5100,2184.0700,11590.6700,1953.2200,5089.9800,766.4800,7801.4900,3882.4900,1738.5800,7828.9000,2527.9700,3100.4600,2784.1900,2154.7800,3708.5200
2026-05-22,2564.7400,4831.7900,2454.9400,9005.0600,9592.3400,9189.3700,14522.5400,1678.2400,2424.6000,7704.5800,2688.7700,2188.3500,2101.7600,1993.5600,8039.4200,4926.8000,6672.0600,2197.5700,11761.7400,1982.0600,5157.9500,764.2500,8126.0600,3874.6500,1719.8500,7909.7000,2602.4500,3089.6400,2763.3900,2188.1500,3727.2600
2026-05-25,2547.1800,4773.7000,2449.6200,9058.1000,10051.8000,9148.8700,14557.5900,1667.8300,2406.0700,7653.1900,2737.4100,2200.6300,2116.5700,2000.6900,8030.9400,4864.2800,6796.2300,2197.5500,11679.8600,2003.8600,5193.2800,757.5200,8432.1700,3874.8200,1736.1400,7909.2300,2632.1400,3156.4700,2707.7800,2191.1000,3709.6000
2026-05-26,2538.6700,4795.2100,2462.6100,9308.6100,9973.3200,9112.4500,14443.1700,1642.1500,2388.6700,7597.2800,2751.4800,2190.2600,2089.5900,1988.2700,8072.4100,4713.5000,6860.6300,2160.8300,11617.4700,1960.0200,5096.7000,751.5700,8395.8100,3883.6900,1745.9400,7857.3500,2591.1400,3141.1300,2721.8600,2181.7300,3680.5100
2026-05-27,2493.4100,4669.7700,2396.0300,8961.5800,9832.5000,8983.0200,14622.4700,1603.4600,2351.9800,7551.4700,2772.4000,2152.0700,2037.9100,1971.6000,7940.2300,4843.4000,6681.4600,2124.3200,11687.9500,1917.8000,4940.2900,743.5200,8330.6400,3869.6100,1719.8600,7658.7600,2527.3600,3187.8000,2655.9900,2138.9700,3660.9600
2026-05-28,2466.3900,4683.6400,2394.7900,8919.4500,10003.0600,8845.9500,14330.3600,1599.3600,2351.2000,7447.1900,2800.0300,2137.1000,2059.1300,1936.0700,7970.6900,4855.6900,6933.8700,2128.5400,11768.4900,1948.3600,4946.6900,739.2500,8713.2000,3844.8200,1689.9200,7620.6400,2570.3500,3217.6500,2662.8500,2137.5600,3607.3600
2026-05-29,2480.4800,4544.0200,2379.0500,8745.9300,9558.9100,8851.3600,14762.6200,1592.8600,2312.3700,7501.2700,2865.6700,2147.5000,2069.2000,1971.7200,7890.3000,4593.9000,6798.9100,2118.7400,11480.8800,1854.9700,4768.0700,738.9800,8578.2500,3911.1500,1709.4400,7451.5200,2472.9500,3295.3400,2650.0600,2100.7500,3691.4000
2026-06-01,2525.3700,4607.1000,2394.9900,8677.1400,9159.9300,8874.9500,14718.3800,1622.0300,2347.3000,7463.0600,2897.2800,2164.6200,2077.1400,2000.9800,7984.1000,4651.8900,6607.4300,2137.5500,11441.9800,1824.8500,4863.0800,763.5000,8297.1500,3957.4100,1714.1200,7403.2400,2445.1100,3477.5900,2691.9300,2117.5000,3789.7200
2026-06-02,2466.5600,4600.3300,2371.1000,8960.1700,9400.1400,8930.6600,14565.7900,1602.6600,2322.2000,7362.2900,2873.2100,2144.5300,2043.3100,1961.8100,7866.7300,4613.7300,6603.0600,2121.9500,11422.9000,1821.9900,4826.2500,740.2800,8771.3100,3981.8700,1714.5200,7425.3000,2475.0800,3438.5300,2678.3500,2103.9600,3684.2400
