date,fold,selected_name,strategy,equal_weight,benchmark
2024-02-23,1,ret60_ret5_top5_riskoff0,1.0000000000,1.0000000000,1.0000000000
2024-02-26,1,ret60_ret5_top5_riskoff0,1.0000000000,1.0030334413,0.9895751546
2024-02-27,1,ret60_ret5_top5_riskoff0,1.0000000000,1.0189620182,1.0014470992
2024-02-28,1,ret60_ret5_top5_riskoff0,1.0000000000,0.9897318279,0.9886868363
2024-02-29,1,ret60_ret5_top5_riskoff0,1.0000000000,1.0137118595,1.0075478402
2024-03-01,1,ret60_ret5_top5_riskoff0,1.0000000000,1.0173098027,1.0137717996
2024-03-04,1,ret60_ret5_top5_riskoff0,1.0000000000,1.0190762662,1.0146515213
2024-03-05,1,ret60_ret5_top5_riskoff0,1.0000000000,1.0161476143,1.0217122192
2024-03-06,1,ret60_ret5_top5_riskoff0,1.0000000000,1.0168112336,1.0175686441
2024-03-07,1,ret60_ret5_top5_riskoff0,1.0000000000,1.0146534024,1.0114564409
2024-03-08,1,ret60_ret5_top5_riskoff0,1.0000000000,1.0199881754,1.0158092007
2024-03-11,1,ret60_ret5_top5_riskoff0,1.0000000000,1.0330187284,1.0285178839
2024-03-12,1,ret60_ret5_top5_riskoff0,1.0000000000,1.0402994691,1.0308762257
2024-03-13,1,ret60_ret5_top5_riskoff0,1.0000000000,1.0355880607,1.0236751162
2024-03-14,1,ret60_ret5_top5_riskoff0,1.0000000000,1.0353300412,1.0207694556
2024-03-15,1,ret60_ret5_top5_riskoff0,1.0000000000,1.0442425225,1.0229959825
2024-03-18,1,ret60_ret5_top5_riskoff0,1.0000000000,1.0534963863,1.0326070137
2024-03-19,1,ret60_ret5_top5_riskoff0,0.9990000000,1.0512253530,1.0251852574
2024-03-20,1,ret60_ret5_top5_riskoff0,1.0010072715,1.0557045665,1.0274060532
2024-03-21,1,ret60_ret5_top5_riskoff0,0.9987389095,1.0567251959,1.0261767352
2024-03-22,1,ret60_ret5_top5_riskoff0,0.9893081007,1.0444958297,1.0158349906
2024-03-25,1,ret60_ret5_top5_riskoff0,0.9867574519,1.0346618942,1.0103216859
2024-03-26,1,ret60_ret5_top5_riskoff0,0.9898227131,1.0368174498,1.0154767977
2024-03-27,1,ret60_ret5_top5_riskoff0,0.9806912078,1.0178335211,1.0037395336
2024-03-28,1,ret60_ret5_top5_riskoff0,0.9919438781,1.0302784035,1.0089462252
2024-03-29,1,ret60_ret5_top5_riskoff0,1.0035274617,1.0408292965,1.0136801022
2024-04-01,1,ret60_ret5_top5_riskoff0,1.0187231394,1.0589247190,1.0303489658
2024-04-02,1,ret60_ret5_top5_riskoff0,1.0219355159,1.0563041269,1.0260592480
2024-04-03,1,ret60_ret5_top5_riskoff0,1.0286196445,1.0575204502,1.0223684286
2024-04-08,1,ret60_ret5_top5_riskoff0,1.0209546864,1.0429535405,1.0133734891
2024-04-09,1,ret60_ret5_top5_riskoff0,1.0189121746,1.0477366431,1.0125367506
2024-04-10,1,ret60_ret5_top5_riskoff0,1.0172904727,1.0349034159,1.0042897179
2024-04-11,1,ret60_ret5_top5_riskoff0,1.0190927419,1.0347841974,1.0041550373
2024-04-12,1,ret60_ret5_top5_riskoff0,1.0177523269,1.0280746051,0.9960168952
2024-04-15,1,ret60_ret5_top5_riskoff0,1.0286938101,1.0230815859,1.0170041321
2024-04-16,1,ret60_ret5_top5_riskoff0,1.0067879330,0.9912379400,1.0061236654
2024-04-17,1,ret60_ret5_top5_riskoff0,1.0258184968,1.0196150662,1.0216806983
2024-04-18,1,ret60_ret5_top5_riskoff0,1.0298012248,1.0193607153,1.0229415372
2024-04-19,1,ret60_ret5_top5_riskoff0,1.0260631422,1.0128290254,1.0148778992
2024-04-22,1,ret60_ret5_top5_riskoff0,1.0210305274,1.0088545452,1.0117945750
2024-04-23,1,ret60_ret5_top5_riskoff0,1.0073955099,1.0022431024,1.0047224149
2024-04-24,1,ret60_ret5_top5_riskoff0,1.0158161410,1.0101572726,1.0091353511
2024-04-25,1,ret60_ret5_top5_riskoff0,1.0185152661,1.0131990365,1.0116169113
2024-04-26,1,ret60_ret5_top5_riskoff0,1.0282063600,1.0290251506,1.0270879779
2024-04-29,1,ret60_ret5_top5_riskoff0,1.0313528749,1.0467125085,1.0384469903
2024-04-30,1,ret60_ret5_top5_riskoff0,1.0352463100,1.0437067506,1.0328534504
2024-05-06,1,ret60_ret5_top5_riskoff0,1.0558587119,1.0645942300,1.0481812399
2024-05-07,1,ret60_ret5_top5_riskoff0,1.0532504432,1.0660103593,1.0485050462
2024-05-08,1,ret60_ret5_top5_riskoff0,1.0472869071,1.0581365244,1.0402551479
2024-05-09,1,ret60_ret5_top5_riskoff0,1.0611150659,1.0726870918,1.0500954226
2024-05-10,1,ret60_ret5_top5_riskoff0,1.0646978205,1.0744051954,1.0505882960
2024-05-13,1,ret60_ret5_top5_riskoff0,1.0660174887,1.0699790080,1.0501326746
2024-05-14,1,ret60_ret5_top5_riskoff0,1.0647702765,1.0727901241,1.0479433998
2024-05-15,1,ret60_ret5_top5_riskoff0,1.0557481111,1.0659661991,1.0390630821
2024-05-16,1,ret60_ret5_top5_riskoff0,1.0490347538,1.0679230884,1.0431608085
2024-05-17,1,ret60_ret5_top5_riskoff0,1.0573591836,1.0835314933,1.0539381157
2024-05-20,1,ret60_ret5_top5_riskoff0,1.0676495735,1.0880350815,1.0576604561
2024-05-21,1,ret60_ret5_top5_riskoff0,1.0581055967,1.0805614519,1.0534194525
2024-05-22,1,ret60_ret5_top5_riskoff0,1.0522798267,1.0780887525,1.0557949876
2024-05-23,1,ret60_ret5_top5_riskoff0,1.0335644522,1.0607077068,1.0435705812
2024-05-24,1,ret60_ret5_top5_riskoff0,1.0298182684,1.0525310796,1.0320195774
2024-05-27,1,ret60_ret5_top5_riskoff0,1.0392993935,1.0614480959,1.0418283311
2024-05-28,1,ret60_ret5_top5_riskoff0,1.0265700119,1.0504003143,1.0342231800
2024-05-29,1,ret60_ret5_top5_riskoff0,1.0298294055,1.0516020622,1.0354696912
2024-05-30,1,ret60_ret5_top5_riskoff0,1.0169939102,1.0404043805,1.0299649831
2024-05-31,1,ret60_ret5_top5_riskoff0,1.0149983823,1.0383889198,1.0258414667
2024-06-03,1,ret60_ret5_top5_riskoff0,1.0068028258,1.0308710359,1.0283717412
2024-06-04,1,ret60_ret5_top5_riskoff0,1.0081841239,1.0363707512,1.0360857829
2024-06-05,1,ret60_ret5_top5_riskoff0,0.9891644310,1.0215547198,1.0301025291
2024-06-06,1,ret60_ret5_top5_riskoff0,0.9801415658,1.0096103337,1.0293746812
2024-06-07,1,ret60_ret5_top5_riskoff0,0.9840524240,1.0157168155,1.0241765862
2024-06-11,1,ret60_ret5_top5_riskoff0,0.9763586161,1.0099931448,1.0152274955
2024-06-12,1,ret60_ret5_top5_riskoff0,0.9828379706,1.0146672528,1.0155828228
2024-06-13,1,ret60_ret5_top5_riskoff0,0.9687885404,1.0030580379,1.0104277109
2024-06-14,1,ret60_ret5_top5_riskoff0,0.9736151069,1.0056961237,1.0148406472
2024-06-17,1,ret60_ret5_top5_riskoff0,0.9639912857,0.9986150584,1.0133133127
2024-06-18,1,ret60_ret5_top5_riskoff0,0.9692343798,1.0018047416,1.0160040576
2024-06-19,1,ret60_ret5_top5_riskoff0,0.9604486003,0.9941844672,1.0111784832
2024-06-20,1,ret60_ret5_top5_riskoff0,0.9604486003,0.9813062815,1.0038799452
2024-06-21,1,ret60_ret5_top5_riskoff0,0.9604486003,0.9784473639,1.0016849393
2024-06-24,1,ret60_ret5_top5_riskoff0,0.9604486003,0.9596310583,0.9962948529
2024-06-25,1,ret60_ret5_top5_riskoff0,0.9604486003,0.9594797055,0.9908761111
2024-06-26,1,ret60_ret5_top5_riskoff0,0.9604486003,0.9695603401,0.9972834652
2024-06-27,1,ret60_ret5_top5_riskoff0,0.9604486003,0.9547583878,0.9897929359
2024-06-28,1,ret60_ret5_top5_riskoff0,0.9604486003,0.9583705641,0.9919535553
2024-07-01,1,ret60_ret5_top5_riskoff0,0.9604486003,0.9710508023,0.9966874323
2024-07-02,1,ret60_ret5_top5_riskoff0,0.9604486003,0.9670082243,0.9948563503
2024-07-03,1,ret60_ret5_top5_riskoff0,0.9604486003,0.9642421194,0.9924550253
2024-07-04,1,ret60_ret5_top5_riskoff0,0.9604486003,0.9494528690,0.9874116696
2024-07-05,1,ret60_ret5_top5_riskoff0,0.9604486003,0.9534096671,0.9831849937
2024-07-08,1,ret60_ret5_top5_riskoff0,0.9604486003,0.9376196295,0.9747889528
2024-07-09,1,ret60_ret5_top5_riskoff0,0.9604486003,0.9473304165,0.9856923438
2024-07-10,1,ret60_ret5_top5_riskoff0,0.9604486003,0.9407263043,0.9825860952
2024-07-11,1,ret60_ret5_top5_riskoff0,0.9604486003,0.9617340850,0.9938190238
2024-07-12,1,ret60_ret5_top5_riskoff0,0.9604486003,0.9600569570,0.9950311485
2024-07-15,1,ret60_ret5_top5_riskoff0,0.9604486003,0.9546307593,0.9961343825
2024-07-16,1,ret60_ret5_top5_riskoff0,0.9604486003,0.9580428844,1.0024471737
2024-07-17,1,ret60_ret5_top5_riskoff0,0.9604486003,0.9553638693,1.0033928029
2024-07-18,1,ret60_ret5_top5_riskoff0,0.9604486003,0.9606004254,1.0089376286
2024-07-19,1,ret60_ret5_top5_riskoff0,0.9604486003,0.9601042852,1.0141213959
2024-07-22,1,ret60_ret5_top5_riskoff0,0.9604486003,0.9553201480,1.0072154373
2024-07-23,1,ret60_ret5_top5_riskoff0,0.9604486003,0.9321169276,0.9857124026
2024-07-24,1,ret60_ret5_top5_riskoff0,0.9604486003,0.9194732220,0.9794913088
2024-07-25,1,ret60_ret5_top5_riskoff0,0.9604486003,0.9175312933,0.9740754326
2024-07-26,1,ret60_ret5_top5_riskoff0,0.9604486003,0.9296722771,0.9769467066
2024-07-29,1,ret60_ret5_top5_riskoff0,0.9604486003,0.9259763583,0.9716311244
2024-07-30,1,ret60_ret5_top5_riskoff0,0.9604486003,0.9260976456,0.9655103246
2024-07-31,1,ret60_ret5_top5_riskoff0,0.9604486003,0.9558016718,0.9863428221
2024-08-01,1,ret60_ret5_top5_riskoff0,0.9604486003,0.9500928497,0.9798065185
2024-08-02,1,ret60_ret5_top5_riskoff0,0.9604486003,0.9435788426,0.9698115046
2024-08-05,1,ret60_ret5_top5_riskoff0,0.9604486003,0.9300622245,0.9580427195
2024-08-06,1,ret60_ret5_top5_riskoff0,0.9604486003,0.9373093338,0.9579452911
2024-08-07,1,ret60_ret5_top5_riskoff0,0.9604486003,0.9352037243,0.9575183251
2024-08-08,1,ret60_ret5_top5_riskoff0,0.9604486003,0.9388490894,0.9579338289
2024-08-09,1,ret60_ret5_top5_riskoff0,0.9604486003,0.9350179254,0.9546928998
2024-08-12,1,ret60_ret5_top5_riskoff0,0.9604486003,0.9314506942,0.9530394815
2024-08-13,1,ret60_ret5_top5_riskoff0,0.9604486003,0.9329119711,0.9554837896
2024-08-14,1,ret60_ret5_top5_riskoff0,0.9604486003,0.9242921501,0.9482769490
2024-08-15,1,ret60_ret5_top5_riskoff0,0.9604486003,0.9309604529,0.9576501401
2024-08-16,1,ret60_ret5_top5_riskoff0,0.9604486003,0.9262304144,0.9587046599
2024-08-19,1,ret60_ret5_top5_riskoff0,0.9604486003,0.9260348914,0.9619541857
2024-08-20,1,ret60_ret5_top5_riskoff0,0.9604486003,0.9137006437,0.9549995129
2024-08-21,1,ret60_ret5_top5_riskoff0,0.9604486003,0.9104735528,0.9518302223
2024-08-22,1,ret60_ret5_top5_riskoff0,0.9604486003,0.9038271913,0.9493945108
2024-08-23,1,ret60_ret5_top5_riskoff0,0.9604486003,0.9022899255,0.9534205987
2024-08-26,1,ret60_ret5_top5_riskoff0,0.9604486003,0.9067931029,0.9525695324
2024-08-27,2,ret60_ret5_top5_riskoff0,0.9604486003,0.9067931029,0.9525695324
2024-08-28,2,ret60_ret5_top5_riskoff0,0.9604486003,0.9054923828,0.9471428778
2024-08-29,2,ret60_ret5_top5_riskoff0,0.9604486003,0.9128012952,0.9446010247
2024-08-30,2,ret60_ret5_top5_riskoff0,0.9604486003,0.9290133695,0.9572094230
2024-09-02,2,ret60_ret5_top5_riskoff0,0.9604486003,0.9142041984,0.9409496326
2024-09-03,2,ret60_ret5_top5_riskoff0,0.9604486003,0.9201073047,0.9433762089
2024-09-04,2,ret60_ret5_top5_riskoff0,0.9604486003,0.9122790705,0.9372463659
2024-09-05,2,ret60_ret5_top5_riskoff0,0.9604486003,0.9165984997,0.9388602408
2024-09-06,2,ret60_ret5_top5_riskoff0,0.9604486003,0.9044356728,0.9312490912
2024-09-09,2,ret60_ret5_top5_riskoff0,0.9604486003,0.8971118676,0.9201825199
2024-09-10,2,ret60_ret5_top5_riskoff0,0.9604486003,0.8961419719,0.9209923393
2024-09-11,2,ret60_ret5_top5_riskoff0,0.9604486003,0.8938037945,0.9182170507
2024-09-12,2,ret60_ret5_top5_riskoff0,0.9604486003,0.8889776934,0.9142803485
2024-09-13,2,ret60_ret5_top5_riskoff0,0.9604486003,0.8842904142,0.9104704508
2024-09-18,2,ret60_ret5_top5_riskoff0,0.9604486003,0.8843433093,0.9138595883
2024-09-19,2,ret60_ret5_top5_riskoff0,0.9604486003,0.9000841582,0.9210730331
2024-09-20,2,ret60_ret5_top5_riskoff0,0.9604486003,0.9005040532,0.9225168748
2024-09-23,2,ret60_ret5_top5_riskoff0,0.9604486003,0.9027492716,0.9258916026
2024-09-24,2,ret60_ret5_top5_riskoff0,0.9604486003,0.9362053530,0.9659935139
2024-09-25,2,ret60_ret5_top5_riskoff0,0.9604486003,0.9472176856,0.9802935990
2024-09-26,2,ret60_ret5_top5_riskoff0,0.9604486003,0.9896612835,1.0217327210
2024-09-27,2,ret60_ret5_top5_riskoff0,0.9604486003,1.0355002516,1.0673707998
2024-09-30,2,ret60_ret5_top5_riskoff0,0.9604486003,1.1283575473,1.1579120680
2024-10-08,2,ret60_ret5_top5_riskoff0,0.9604486003,1.1800454392,1.2265738026
2024-10-09,2,ret60_ret5_top5_riskoff0,0.9604486003,1.0905321782,1.1400816314
2024-10-10,2,ret60_ret5_top5_riskoff0,0.9604486003,1.0979993241,1.1521309373
2024-10-11,2,ret60_ret5_top5_riskoff0,0.9604486003,1.0669280940,1.1202511426
2024-10-14,2,ret60_ret5_top5_riskoff0,0.9604486003,1.0919195651,1.1416263403
2024-10-15,2,ret60_ret5_top5_riskoff0,0.9604486003,1.0670267160,1.1112653173
2024-10-16,2,ret60_ret5_top5_riskoff0,0.9604486003,1.0689889278,1.1042334335
2024-10-17,2,ret60_ret5_top5_riskoff0,0.9604486003,1.0518971287,1.0917345481
2024-10-18,2,ret60_ret5_top5_riskoff0,0.9594881517,1.0830988721,1.1312197286
2024-10-21,2,ret60_ret5_top5_riskoff0,0.9651565378,1.0932782514,1.1340930025
2024-10-22,2,ret60_ret5_top5_riskoff0,0.9821172691,1.1093959677,1.1406003770
2024-10-23,2,ret60_ret5_top5_riskoff0,0.9858138175,1.1116017592,1.1450471789
2024-10-24,2,ret60_ret5_top5_riskoff0,0.9807599749,1.1052737725,1.1322572197
2024-10-25,2,ret60_ret5_top5_riskoff0,0.9962281098,1.1193236171,1.1402084359
2024-10-28,2,ret60_ret5_top5_riskoff0,1.0187303623,1.1416396985,1.1424390417
2024-10-29,2,ret60_ret5_top5_riskoff0,1.0074121458,1.1268092869,1.1310525773
2024-10-30,2,ret60_ret5_top5_riskoff0,1.0020063330,1.1259686278,1.1209082203
2024-10-31,2,ret60_ret5_top5_riskoff0,1.0033779373,1.1335445155,1.1213664455
2024-11-01,2,ret60_ret5_top5_riskoff0,0.9891016460,1.1234811785,1.1210724897
2024-11-04,2,ret60_ret5_top5_riskoff0,1.0028619707,1.1355640457,1.1368481176
2024-11-05,2,ret60_ret5_top5_riskoff0,1.0207717619,1.1610389651,1.1656125572
2024-11-06,2,ret60_ret5_top5_riskoff0,1.0173205508,1.1646464077,1.1597651423
2024-11-07,2,ret60_ret5_top5_riskoff0,1.0506814608,1.1954598516,1.1947574101
2024-11-08,2,ret60_ret5_top5_riskoff0,1.0467161459,1.1881564861,1.1827542150
2024-11-11,2,ret60_ret5_top5_riskoff0,1.0556328729,1.1955953730,1.1905584533
2024-11-12,2,ret60_ret5_top5_riskoff0,1.0508669481,1.1865956272,1.1774774202
2024-11-13,2,ret60_ret5_top5_riskoff0,1.0499968446,1.1852901307,1.1847254480
2024-11-14,2,ret60_ret5_top5_riskoff0,1.0343288975,1.1598648840,1.1641860070
2024-11-15,2,ret60_ret5_top5_riskoff0,1.0128453686,1.1381927189,1.1437848981
2024-11-18,2,ret60_ret5_top5_riskoff0,1.0032166031,1.1271260117,1.1384677564
2024-11-19,2,ret60_ret5_top5_riskoff0,1.0211664063,1.1435374601,1.1461077253
2024-11-20,2,ret60_ret5_top5_riskoff0,1.0324241231,1.1576104157,1.1486668699
2024-11-21,2,ret60_ret5_top5_riskoff0,1.0338950935,1.1586256159,1.1496841875
2024-11-22,2,ret60_ret5_top5_riskoff0,1.0056628396,1.1258000300,1.1140636612
2024-11-25,2,ret60_ret5_top5_riskoff0,1.0058224107,1.1279329698,1.1089886008
2024-11-26,2,ret60_ret5_top5_riskoff0,1.0004357912,1.1235844088,1.1067090024
2024-11-27,2,ret60_ret5_top5_riskoff0,1.0144601181,1.1404165635,1.1259775169
2024-11-28,2,ret60_ret5_top5_riskoff0,1.0160910455,1.1387762935,1.1160377762
2024-11-29,2,ret60_ret5_top5_riskoff0,1.0288842810,1.1516333550,1.1287268682
2024-12-02,2,ret60_ret5_top5_riskoff0,1.0507534859,1.1732147565,1.1376752286
2024-12-03,2,ret60_ret5_top5_riskoff0,1.0532220030,1.1767807756,1.1389029263
2024-12-04,2,ret60_ret5_top5_riskoff0,1.0439178218,1.1667247358,1.1327557918
2024-12-05,2,ret60_ret5_top5_riskoff0,1.0426538865,1.1673717922,1.1301707099
2024-12-06,2,ret60_ret5_top5_riskoff0,1.0524626831,1.1798123689,1.1450270055
2024-12-09,2,ret60_ret5_top5_riskoff0,1.0385666893,1.1732633384,1.1431335843
2024-12-10,2,ret60_ret5_top5_riskoff0,1.0468952406,1.1802634072,1.1515113246
2024-12-11,2,ret60_ret5_top5_riskoff0,1.0633031851,1.1952718846,1.1495487373
2024-12-12,2,ret60_ret5_top5_riskoff0,1.0775141452,1.2089062857,1.1609813124
2024-12-13,2,ret60_ret5_top5_riskoff0,1.0518457692,1.1843970802,1.1335108547
2024-12-16,2,ret60_ret5_top5_riskoff0,1.0431254584,1.1764407100,1.1273608383
2024-12-17,2,ret60_ret5_top5_riskoff0,1.0215952289,1.1565823296,1.1302975144
2024-12-18,2,ret60_ret5_top5_riskoff0,1.0238695441,1.1588896421,1.1360210067
2024-12-19,2,ret60_ret5_top5_riskoff0,1.0234912786,1.1557188152,1.1370498520
2024-12-20,2,ret60_ret5_top5_riskoff0,1.0289336320,1.1570757693,1.1319430905
2024-12-23,2,ret60_ret5_top5_riskoff0,1.0016331493,1.1357040807,1.1336232496
2024-12-24,2,ret60_ret5_top5_riskoff0,1.0138566644,1.1493458333,1.1480674306
2024-12-25,2,ret60_ret5_top5_riskoff0,1.0021317596,1.1370797123,1.1486265230
2024-12-26,2,ret60_ret5_top5_riskoff0,1.0129085376,1.1436846813,1.1491596782
2024-12-27,2,ret60_ret5_top5_riskoff0,1.0153755105,1.1498358569,1.1473008400
2024-12-30,2,ret60_ret5_top5_riskoff0,1.0117977006,1.1437918411,1.1524940592
2024-12-31,2,ret60_ret5_top5_riskoff0,0.9859022626,1.1235965658,1.1340094268
2025-01-02,2,ret60_ret5_top5_riskoff0,0.9698267592,1.1044058952,1.1010085654
2025-01-03,2,ret60_ret5_top5_riskoff0,0.9488597239,1.0807679499,1.0879707611
2025-01-06,2,ret60_ret5_top5_riskoff0,0.9505826481,1.0776732700,1.0861868529
2025-01-07,2,ret60_ret5_top5_riskoff0,0.9702890322,1.0924484119,1.0940083827
2025-01-08,2,ret60_ret5_top5_riskoff0,0.9686114243,1.0943708849,1.0920227401
2025-01-09,2,ret60_ret5_top5_riskoff0,0.9682177525,1.0926603014,1.0893310272
2025-01-10,2,ret60_ret5_top5_riskoff0,0.9492164154,1.0717635549,1.0756707283
2025-01-13,2,ret60_ret5_top5_riskoff0,0.9546313465,1.0720991728,1.0727974544
2025-01-14,2,ret60_ret5_top5_riskoff0,0.9546313465,1.1049333309,1.1010489123
2025-01-15,2,ret60_ret5_top5_riskoff0,0.9546313465,1.0957753361,1.0939853274
2025-01-16,2,ret60_ret5_top5_riskoff0,0.9546313465,1.1002427195,1.0952389624
2025-01-17,2,ret60_ret5_top5_riskoff0,0.9546313465,1.1045462466,1.0986857382
2025-01-20,2,ret60_ret5_top5_riskoff0,0.9546313465,1.1094146095,1.1036829868
2025-01-21,2,ret60_ret5_top5_riskoff0,0.9546313465,1.1094389682,1.1045273893
2025-01-22,2,ret60_ret5_top5_riskoff0,0.9546313465,1.0971236608,1.0942706374
2025-01-23,2,ret60_ret5_top5_riskoff0,0.9546313465,1.0955092265,1.0962072874
2025-01-24,2,ret60_ret5_top5_riskoff0,0.9546313465,1.1009930997,1.1045994373
2025-01-27,2,ret60_ret5_top5_riskoff0,0.9546313465,1.0958699255,1.1000517681
2025-02-05,2,ret60_ret5_top5_riskoff0,0.9546313465,1.0908570594,1.0937115450
2025-02-06,2,ret60_ret5_top5_riskoff0,0.9546313465,1.1058998328,1.1074727111
2025-02-07,2,ret60_ret5_top5_riskoff0,0.9546313465,1.1205854409,1.1218448442
2025-02-10,2,ret60_ret5_top5_riskoff0,0.9546313465,1.1281294214,1.1242541290
2025-02-11,2,ret60_ret5_top5_riskoff0,0.9546313465,1.1236362839,1.1190897290
2025-02-12,2,ret60_ret5_top5_riskoff0,0.9546313465,1.1330048342,1.1296721378
2025-02-13,2,ret60_ret5_top5_riskoff0,0.9546313465,1.1306855571,1.1254299522
2025-02-14,2,ret60_ret5_top5_riskoff0,0.9546313465,1.1309398002,1.1351910139
2025-02-17,2,ret60_ret5_top5_riskoff0,0.9546313465,1.1381037908,1.1376089444
2025-02-18,2,ret60_ret5_top5_riskoff0,0.9546313465,1.1189958118,1.1276317387
2025-02-19,2,ret60_ret5_top5_riskoff0,0.9546313465,1.1326625924,1.1355224346
2025-02-20,2,ret60_ret5_top5_riskoff0,0.9546313465,1.1352475740,1.1322773931
2025-02-21,2,ret60_ret5_top5_riskoff0,0.9546313465,1.1414640033,1.1465544229
2025-02-24,2,ret60_ret5_top5_riskoff0,0.9546313465,1.1463625884,1.1440413890
2025-02-25,2,ret60_ret5_top5_riskoff0,0.9546313465,1.1357016950,1.1313407693
2025-02-26,2,ret60_ret5_top5_riskoff0,0.9546313465,1.1476063652,1.1412228716
2025-02-27,2,ret60_ret5_top5_riskoff0,0.9546313465,1.1526543350,1.1435802818
2025-02-28,2,ret60_ret5_top5_riskoff0,0.9546313465,1.1305954694,1.1210811355
2025-03-03,2,ret60_ret5_top5_riskoff0,0.9546313465,1.1315395556,1.1206257922
2025-03-04,2,ret60_ret5_top5_riskoff0,0.9546313465,1.1364780266,1.1196891683
2025-03-05,2,ret60_ret5_top5_riskoff0,0.9546313465,1.1358901480,1.1246892988
2025-03-06,2,ret60_ret5_top5_riskoff0,0.9546313465,1.1507081037,1.1401565613
2025-03-07,2,ret60_ret5_top5_riskoff0,0.9546313465,1.1471376419,1.1366319737
2025-03-10,2,ret60_ret5_top5_riskoff0,0.9546313465,1.1512285281,1.1322485739
2025-03-11,3,ret60_ret5_top5_riskoff0,0.9546313465,1.1512285281,1.1322485739
2025-03-12,3,ret60_ret5_top5_riskoff0,0.9546313465,1.1476225742,1.1281722240
2025-03-13,3,ret60_ret5_top5_riskoff0,0.9546313465,1.1393068358,1.1236764610
2025-03-14,3,ret60_ret5_top5_riskoff0,0.9546313465,1.1625536073,1.1509612897
2025-03-17,3,ret60_ret5_top5_riskoff0,0.9546313465,1.1671371676,1.1481546696
2025-03-18,3,ret60_ret5_top5_riskoff0,0.9546313465,1.1702254497,1.1512945220
2025-03-19,3,ret60_ret5_top5_riskoff0,0.9546313465,1.1681122959,1.1519983315
2025-03-20,3,ret60_ret5_top5_riskoff0,0.9546313465,1.1615347509,1.1418922010
2025-03-21,3,ret60_ret5_top5_riskoff0,0.9546313465,1.1476963852,1.1245727409
2025-03-24,3,ret60_ret5_top5_riskoff0,0.9546313465,1.1439698113,1.1303612153
2025-03-25,3,ret60_ret5_top5_riskoff0,0.9546313465,1.1439264503,1.1296286788
2025-03-26,3,ret60_ret5_top5_riskoff0,0.9546313465,1.1490484157,1.1259114154
2025-03-27,3,ret60_ret5_top5_riskoff0,0.9546313465,1.1476210539,1.1296602784
2025-03-28,3,ret60_ret5_top5_riskoff0,0.9546313465,1.1382794672,1.1247077574
2025-03-31,3,ret60_ret5_top5_riskoff0,0.9546313465,1.1280153180,1.1167044375
2025-04-01,3,ret60_ret5_top5_riskoff0,0.9546313465,1.1362020637,1.1168107271
2025-04-02,3,ret60_ret5_top5_riskoff0,0.9546313465,1.1355266676,1.1158656114
2025-04-03,3,ret60_ret5_top5_riskoff0,0.9546313465,1.1313187846,1.1092900194
2025-04-07,3,ret60_ret5_top5_riskoff0,0.9546313465,1.0389111711,1.0311355606
2025-04-08,3,ret60_ret5_top5_riskoff0,0.9546313465,1.0543456727,1.0487509080
2025-04-09,3,ret60_ret5_top5_riskoff0,0.9546313465,1.0734864098,1.0591012173
2025-04-10,3,ret60_ret5_top5_riskoff0,0.9546313465,1.0940370331,1.0729849378
2025-04-11,3,ret60_ret5_top5_riskoff0,0.9546313465,1.0948707976,1.0774088835
2025-04-14,3,ret60_ret5_top5_riskoff0,0.9546313465,1.1045833894,1.0798851440
2025-04-15,3,ret60_ret5_top5_riskoff0,0.9546313465,1.1038709376,1.0804855366
2025-04-16,3,ret60_ret5_top5_riskoff0,0.9546313465,1.0982619762,1.0838149867
2025-04-17,3,ret60_ret5_top5_riskoff0,0.9546313465,1.1033394443,1.0836426251
2025-04-18,3,ret60_ret5_top5_riskoff0,0.9546313465,1.1013465903,1.0837288059
2025-04-21,3,ret60_ret5_top5_riskoff0,0.9546313465,1.1124838304,1.0872794532
2025-04-22,3,ret60_ret5_top5_riskoff0,0.9546313465,1.1145972609,1.0870122929
2025-04-23,3,ret60_ret5_top5_riskoff0,0.9546313465,1.1122633242,1.0878539916
2025-04-24,3,ret60_ret5_top5_riskoff0,0.9546313465,1.1106740165,1.0871300732
2025-04-25,3,ret60_ret5_top5_riskoff0,0.9546313465,1.1112730407,1.0878855912
2025-04-28,3,ret60_ret5_top5_riskoff0,0.9546313465,1.1004897430,1.0863429556
2025-04-29,3,ret60_ret5_top5_riskoff0,0.9546313465,1.1020905225,1.0844642151
2025-04-30,3,ret60_ret5_top5_riskoff0,0.9546313465,1.1053469216,1.0831686310
2025-05-06,3,ret60_ret5_top5_riskoff0,0.9546313465,1.1248526922,1.0940762425
2025-05-07,3,ret60_ret5_top5_riskoff0,0.9546313465,1.1298243466,1.1007092884
2025-05-08,3,ret60_ret5_top5_riskoff0,0.9546313465,1.1334844817,1.1068195043
2025-05-09,3,ret60_ret5_top5_riskoff0,0.9546313465,1.1276446122,1.1048833099
2025-05-12,3,ret60_ret5_top5_riskoff0,0.9546313465,1.1359855360,1.1176524258
2025-05-13,3,ret60_ret5_top5_riskoff0,0.9546313465,1.1358147933,1.1192754968
2025-05-14,3,ret60_ret5_top5_riskoff0,0.9546313465,1.1426741564,1.1327627858
2025-05-15,3,ret60_ret5_top5_riskoff0,0.9546313465,1.1343493713,1.1224182219
2025-05-16,3,ret60_ret5_top5_riskoff0,0.9546313465,1.1337896336,1.1172157767
2025-05-19,3,ret60_ret5_top5_riskoff0,0.9546313465,1.1399165962,1.1137857824
2025-05-20,3,ret60_ret5_top5_riskoff0,0.9546313465,1.1511067376,1.1198241810
2025-05-21,3,ret60_ret5_top5_riskoff0,0.9546313465,1.1516298977,1.1250553531
2025-05-22,3,ret60_ret5_top5_riskoff0,0.9546313465,1.1433651510,1.1243343075
2025-05-23,3,ret60_ret5_top5_riskoff0,0.9546313465,1.1325674603,1.1152566007
2025-05-26,3,ret60_ret5_top5_riskoff0,0.9546313465,1.1343492509,1.1088907152
2025-05-27,3,ret60_ret5_top5_riskoff0,0.9546313465,1.1325685014,1.1029413701
2025-05-28,3,ret60_ret5_top5_riskoff0,0.9546313465,1.1312281149,1.1020335994
2025-05-29,3,ret60_ret5_top5_riskoff0,0.9546313465,1.1404565586,1.1084856656
2025-05-30,3,ret60_ret5_top5_riskoff0,0.9546313465,1.1318624336,1.1031798035
2025-06-03,3,ret60_ret5_top5_riskoff0,0.9546313465,1.1369977281,1.1065638347
2025-06-04,3,ret60_ret5_top5_riskoff0,0.9546313465,1.1461659001,1.1113698484
2025-06-05,3,ret60_ret5_top5_riskoff0,0.9546313465,1.1441441533,1.1139035628
2025-06-06,3,ret60_ret5_top5_riskoff0,0.9546313465,1.1438556356,1.1128751390
2025-06-09,3,ret60_ret5_top5_riskoff0,0.9546313465,1.1515175594,1.1161126629
2025-06-10,3,ret60_ret5_top5_riskoff0,0.9546313465,1.1468504778,1.1104304781
2025-06-11,3,ret60_ret5_top5_riskoff0,0.9546313465,1.1538367635,1.1188072480
2025-06-12,3,ret60_ret5_top5_riskoff0,0.9546313465,1.1518850786,1.1181091839
2025-06-13,3,ret60_ret5_top5_riskoff0,0.9546313465,1.1390074263,1.1100599009
2025-06-16,3,ret60_ret5_top5_riskoff0,0.9546313465,1.1424083550,1.1128234306
2025-06-17,3,ret60_ret5_top5_riskoff0,0.9546313465,1.1418814263,1.1118409699
2025-06-18,3,ret60_ret5_top5_riskoff0,0.9546313465,1.1379848454,1.1131595355
2025-06-19,3,ret60_ret5_top5_riskoff0,0.9546313465,1.1225670674,1.1040013934
2025-06-20,3,ret60_ret5_top5_riskoff0,0.9546313465,1.1205792030,1.1050211991
2025-06-23,3,ret60_ret5_top5_riskoff0,0.9546313465,1.1258511103,1.1082558503
2025-06-24,3,ret60_ret5_top5_riskoff0,0.9546313465,1.1402028871,1.1215075785
2025-06-25,3,ret60_ret5_top5_riskoff0,0.9546313465,1.1483225747,1.1376061445
2025-06-26,3,ret60_ret5_top5_riskoff0,0.9546313465,1.1440673051,1.1335700123
2025-06-27,3,ret60_ret5_top5_riskoff0,0.9546313465,1.1461809068,1.1266008614
2025-06-30,3,ret60_ret5_top5_riskoff0,0.9546313465,1.1529960752,1.1307145564
2025-07-01,3,ret60_ret5_top5_riskoff0,0.9546313465,1.1603629573,1.1326335147
2025-07-02,3,ret60_ret5_top5_riskoff0,0.9546313465,1.1590411107,1.1328978023
2025-07-03,3,ret60_ret5_top5_riskoff0,0.9546313465,1.1641714780,1.1399042981
2025-07-04,3,ret60_ret5_top5_riskoff0,0.9546313465,1.1618237037,1.1439634120
2025-07-07,3,ret60_ret5_top5_riskoff0,0.9546313465,1.1655499865,1.1390712175
2025-07-08,3,ret60_ret5_top5_riskoff0,0.9546313465,1.1738763061,1.1486315365
2025-07-09,3,ret60_ret5_top5_riskoff0,0.9546313465,1.1715564666,1.1466062886
2025-07-10,3,ret60_ret5_top5_riskoff0,0.9546313465,1.1764531083,1.1519552411
2025-07-11,3,ret60_ret5_top5_riskoff0,0.9546313465,1.1822999611,1.1533312606
2025-07-14,3,ret60_ret5_top5_riskoff0,0.9546313465,1.1868962170,1.1541528505
2025-07-15,3,ret60_ret5_top5_riskoff0,0.9536767151,1.1788639295,1.1545521547
2025-07-16,3,ret60_ret5_top5_riskoff0,0.9546337260,1.1819335462,1.1511451420
2025-07-17,3,ret60_ret5_top5_riskoff0,0.9625377168,1.1894443572,1.1589847185
2025-07-18,3,ret60_ret5_top5_riskoff0,0.9647672307,1.1940062767,1.1658964154
2025-07-21,3,ret60_ret5_top5_riskoff0,0.9740363717,1.2048091819,1.1736699200
2025-07-22,3,ret60_ret5_top5_riskoff0,0.9783829279,1.2146264867,1.1832503479
2025-07-23,3,ret60_ret5_top5_riskoff0,0.9753149147,1.2112638405,1.1834830359
2025-07-24,3,ret60_ret5_top5_riskoff0,0.9869189462,1.2246813673,1.1918914054
2025-07-25,3,ret60_ret5_top5_riskoff0,0.9860342093,1.2207902861,1.1856059553
2025-07-28,3,ret60_ret5_top5_riskoff0,0.9893084511,1.2221931095,1.1880937066
2025-07-29,3,ret60_ret5_top5_riskoff0,0.9909021651,1.2231531134,1.1927474677
2025-07-30,3,ret60_ret5_top5_riskoff0,0.9865637259,1.2211336823,1.1925233977
2025-07-31,3,ret60_ret5_top5_riskoff0,0.9719250841,1.2011943225,1.1707914826
2025-08-01,3,ret60_ret5_top5_riskoff0,0.9697957550,1.2006889277,1.1648565009
2025-08-04,3,ret60_ret5_top5_riskoff0,0.9768293577,1.2087534047,1.1693867362
2025-08-05,3,ret60_ret5_top5_riskoff0,0.9853956232,1.2187625977,1.1787948026
2025-08-06,3,ret60_ret5_top5_riskoff0,0.9917889523,1.2245375505,1.1816789853
2025-08-07,3,ret60_ret5_top5_riskoff0,0.9962208026,1.2275894642,1.1820179630
2025-08-08,3,ret60_ret5_top5_riskoff0,1.0006789849,1.2307391020,1.1792314518
2025-08-11,3,ret60_ret5_top5_riskoff0,1.0089082435,1.2410712541,1.1842701535
2025-08-12,3,ret60_ret5_top5_riskoff0,1.0124253138,1.2441385613,1.1903947329
2025-08-13,3,ret60_ret5_top5_riskoff0,1.0251194364,1.2521580809,1.1998027992
2025-08-14,3,ret60_ret5_top5_riskoff0,1.0117692021,1.2404156606,1.1988634289
2025-08-15,3,ret60_ret5_top5_riskoff0,1.0325160328,1.2584278238,1.2072057265
2025-08-18,3,ret60_ret5_top5_riskoff0,1.0489652056,1.2709587066,1.2178519231
2025-08-19,3,ret60_ret5_top5_riskoff0,1.0553013088,1.2776082483,1.2132441251
2025-08-20,3,ret60_ret5_top5_riskoff0,1.0654539485,1.2884357901,1.2270416649
2025-08-21,3,ret60_ret5_top5_riskoff0,1.0649072224,1.2875705177,1.2318304424
2025-08-22,3,ret60_ret5_top5_riskoff0,1.0804917783,1.2987668768,1.2576645617
2025-08-25,3,ret60_ret5_top5_riskoff0,1.1092737733,1.3255314480,1.2838692582
2025-08-26,3,ret60_ret5_top5_riskoff0,1.1141768701,1.3288615610,1.2790919714
2025-08-27,3,ret60_ret5_top5_riskoff0,1.0941073932,1.3025385252,1.2600000603
2025-08-28,3,ret60_ret5_top5_riskoff0,1.1087536634,1.3138057327,1.2823065137
2025-08-29,3,ret60_ret5_top5_riskoff0,1.1254136807,1.3197098685,1.2917806520
2025-09-01,3,ret60_ret5_top5_riskoff0,1.1524442162,1.3345645694,1.2995225569
2025-09-02,3,ret60_ret5_top5_riskoff0,1.1375696358,1.3253770610,1.2899679833
2025-09-03,3,ret60_ret5_top5_riskoff0,1.1319785769,1.3127065711,1.2811718004
2025-09-04,3,ret60_ret5_top5_riskoff0,1.0968535858,1.2909353514,1.2539903886
2025-09-05,3,ret60_ret5_top5_riskoff0,1.1321780229,1.3186627721,1.2813125623
2025-09-08,3,ret60_ret5_top5_riskoff0,1.1381201769,1.3332628958,1.2833952640
2025-09-09,3,ret60_ret5_top5_riskoff0,1.1296280960,1.3294159323,1.2744008653
2025-09-10,4,ret60_ret5_top5_riskoff0,1.1296280960,1.3294159323,1.2744008653
2025-09-11,4,ret60_ret5_top5_riskoff0,1.1582156320,1.3506939643,1.3038344178
2025-09-12,4,ret60_ret5_top5_riskoff0,1.1608265541,1.3499614548,1.2963721078
2025-09-15,4,ret60_ret5_top5_riskoff0,1.1548177444,1.3495583257,1.2995428012
2025-09-16,4,ret60_ret5_top5_riskoff0,1.1687328745,1.3578066967,1.2967562605
2025-09-17,4,ret60_ret5_top5_riskoff0,1.1777444935,1.3645366576,1.3046915944
2025-09-18,4,ret60_ret5_top5_riskoff0,1.1622397762,1.3446550531,1.2895232954
2025-09-19,4,ret60_ret5_top5_riskoff0,1.1578784497,1.3425862178,1.2906155505
2025-09-22,4,ret60_ret5_top5_riskoff0,1.1710644078,1.3435545967,1.2965469833
2025-09-23,4,ret60_ret5_top5_riskoff0,1.1577314766,1.3319464801,1.2957356756
2025-09-24,4,ret60_ret5_top5_riskoff0,1.1759182030,1.3466501563,1.3090061455
2025-09-25,4,ret60_ret5_top5_riskoff0,1.1768060814,1.3405653609,1.3168669424
2025-09-26,4,ret60_ret5_top5_riskoff0,1.1562238986,1.3309996579,1.3044135137
2025-09-29,4,ret60_ret5_top5_riskoff0,1.1772155357,1.3451420355,1.3244811934
2025-09-30,4,ret60_ret5_top5_riskoff0,1.1883491158,1.3520766459,1.3303982921
2025-10-09,4,ret60_ret5_top5_riskoff0,1.2156956243,1.3668460829,1.3501190876
2025-10-10,4,ret60_ret5_top5_riskoff0,1.1878254125,1.3574354955,1.3235580801
2025-10-13,4,ret60_ret5_top5_riskoff0,1.1883531652,1.3526077914,1.3170074161
2025-10-14,4,ret60_ret5_top5_riskoff0,1.1596800394,1.3414239834,1.3012628880
2025-10-15,4,ret60_ret5_top5_riskoff0,1.1794068644,1.3562382124,1.3205364609
2025-10-16,4,ret60_ret5_top5_riskoff0,1.1670011144,1.3465203603,1.3240139031
2025-10-17,4,ret60_ret5_top5_riskoff0,1.1332021118,1.3212701763,1.2941445953
2025-10-20,4,ret60_ret5_top5_riskoff0,1.1385443086,1.3274074988,1.3010220758
2025-10-21,4,ret60_ret5_top5_riskoff0,1.1618968606,1.3457375762,1.3209894171
2025-10-22,4,ret60_ret5_top5_riskoff0,1.1563080800,1.3424112448,1.3166031957
2025-10-23,4,ret60_ret5_top5_riskoff0,1.1553481849,1.3438924333,1.3205507950
2025-10-24,4,ret60_ret5_top5_riskoff0,1.1743291067,1.3488474017,1.3361290480
2025-10-27,4,ret60_ret5_top5_riskoff0,1.1979163539,1.3646511692,1.3519939822
2025-10-28,4,ret60_ret5_top5_riskoff0,1.1925550587,1.3613396781,1.3450993009
2025-10-29,4,ret60_ret5_top5_riskoff0,1.2078119983,1.3706431442,1.3611161761
2025-10-30,4,ret60_ret5_top5_riskoff0,1.1927216390,1.3595038121,1.3502423605
2025-10-31,4,ret60_ret5_top5_riskoff0,1.1853899787,1.3578838295,1.3303925585
2025-11-03,4,ret60_ret5_top5_riskoff0,1.1814420518,1.3591447446,1.3340420094
2025-11-04,4,ret60_ret5_top5_riskoff0,1.1622527684,1.3463099124,1.3240941739
2025-11-05,4,ret60_ret5_top5_riskoff0,1.1660637417,1.3518902809,1.3265481644
2025-11-06,4,ret60_ret5_top5_riskoff0,1.1858562766,1.3636321989,1.3455092549
2025-11-07,4,ret60_ret5_top5_riskoff0,1.1851735695,1.3624901093,1.3413208435
2025-11-10,4,ret60_ret5_top5_riskoff0,1.1883304490,1.3757267914,1.3459822788
2025-11-11,4,ret60_ret5_top5_riskoff0,1.1808068404,1.3740581967,1.3336893916
2025-11-12,4,ret60_ret5_top5_riskoff0,1.1802357934,1.3741695453,1.3318947676
2025-11-13,4,ret60_ret5_top5_riskoff0,1.2010979362,1.3904972695,1.3479947804
2025-11-14,4,ret60_ret5_top5_riskoff0,1.1893112067,1.3820725438,1.3268004438
2025-11-17,4,ret60_ret5_top5_riskoff0,1.1874619138,1.3777223059,1.3181742083
2025-11-18,4,ret60_ret5_top5_riskoff0,1.1728337873,1.3629861738,1.3096139096
2025-11-19,4,ret60_ret5_top5_riskoff0,1.1659816815,1.3536031895,1.3153762004
2025-11-20,4,ret60_ret5_top5_riskoff0,1.1629673391,1.3501160989,1.3086850627
2025-11-21,4,ret60_ret5_top5_riskoff0,1.1159171283,1.3117896729,1.2767659847
2025-11-24,4,ret60_ret5_top5_riskoff0,1.1232870577,1.3179932330,1.2751720376
2025-11-25,4,ret60_ret5_top5_riskoff0,1.1416579619,1.3312272028,1.2873129838
2025-11-26,4,ret60_ret5_top5_riskoff0,1.1490177689,1.3354167351,1.2951193112
2025-11-27,4,ret60_ret5_top5_riskoff0,1.1457952468,1.3333826358,1.2944800123
2025-11-28,4,ret60_ret5_top5_riskoff0,1.1575895135,1.3436207426,1.2977080419
2025-12-01,4,ret60_ret5_top5_riskoff0,1.1718444264,1.3534819584,1.3119933630
2025-12-02,4,ret60_ret5_top5_riskoff0,1.1644433958,1.3480641013,1.3056405090
2025-12-03,4,ret60_ret5_top5_riskoff0,1.1605536915,1.3438252732,1.2989665721
2025-12-04,4,ret60_ret5_top5_riskoff0,1.1596868959,1.3391910194,1.3034158633
2025-12-05,4,ret60_ret5_top5_riskoff0,1.1767565060,1.3512878488,1.3143011462
2025-12-08,4,ret60_ret5_top5_riskoff0,1.1938144423,1.3601458340,1.3249685513
2025-12-09,4,ret60_ret5_top5_riskoff0,1.1944991061,1.3514698921,1.3182229441
2025-12-10,4,ret60_ret5_top5_riskoff0,1.1977730442,1.3596539808,1.3163910517
2025-12-11,4,ret60_ret5_top5_riskoff0,1.1781875496,1.3395670259,1.3050241445
2025-12-12,4,ret60_ret5_top5_riskoff0,1.1846937462,1.3455382881,1.3132719609
2025-12-15,4,ret60_ret5_top5_riskoff0,1.1757968453,1.3397442760,1.3049897428
2025-12-16,4,ret60_ret5_top5_riskoff0,1.1585639970,1.3216068146,1.2893627539
2025-12-17,4,ret60_ret5_top5_riskoff0,1.1738537141,1.3347999189,1.3129652121
2025-12-18,4,ret60_ret5_top5_riskoff0,1.1695437793,1.3312634731,1.3051990200
2025-12-19,4,ret60_ret5_top5_riskoff0,1.1841213137,1.3454924126,1.3096110427
2025-12-22,4,ret60_ret5_top5_riskoff0,1.1974173693,1.3571488592,1.3220644714
2025-12-23,4,ret60_ret5_top5_riskoff0,1.1959493226,1.3538782020,1.3246761366
2025-12-24,4,ret60_ret5_top5_riskoff0,1.2082664447,1.3624333610,1.3284975961
2025-12-25,4,ret60_ret5_top5_riskoff0,1.2144747160,1.3690785072,1.3309286522
2025-12-26,4,ret60_ret5_top5_riskoff0,1.2209405237,1.3723423827,1.3351428649
2025-12-29,4,ret60_ret5_top5_riskoff0,1.2146180435,1.3654297157,1.3300198730
2025-12-30,4,ret60_ret5_top5_riskoff0,1.2175772454,1.3661747633,1.3334342453
2025-12-31,4,ret60_ret5_top5_riskoff0,1.2202844842,1.3641575683,1.3273164699
2026-01-05,4,ret60_ret5_top5_riskoff0,1.2437642132,1.3865666042,1.3524899406
2026-01-06,4,ret60_ret5_top5_riskoff0,1.2647228099,1.4054943299,1.3734004628
2026-01-07,4,ret60_ret5_top5_riskoff0,1.2673367106,1.4110870979,1.3693811933
2026-01-08,4,ret60_ret5_top5_riskoff0,1.2690214942,1.4147816335,1.3581948953
2026-01-09,4,ret60_ret5_top5_riskoff0,1.2848526020,1.4321369056,1.3642926031
2026-01-12,4,ret60_ret5_top5_riskoff0,1.3030677953,1.4459014547,1.3731797184
2026-01-13,4,ret60_ret5_top5_riskoff0,1.2847909751,1.4335510877,1.3648975003
2026-01-14,4,ret60_ret5_top5_riskoff0,1.2917807957,1.4365491509,1.3594218905
2026-01-15,4,ret60_ret5_top5_riskoff0,1.2963199541,1.4322128670,1.3621453614
2026-01-16,4,ret60_ret5_top5_riskoff0,1.3036026494,1.4271989863,1.3565378783
2026-01-19,4,ret60_ret5_top5_riskoff0,1.3120352418,1.4375684137,1.3572803824
2026-01-20,4,ret60_ret5_top5_riskoff0,1.3090232956,1.4370519923,1.3528138903
2026-01-21,4,ret60_ret5_top5_riskoff0,1.3271507716,1.4420440272,1.3540150843
2026-01-22,4,ret60_ret5_top5_riskoff0,1.3295461171,1.4458043248,1.3541985602
2026-01-23,4,ret60_ret5_top5_riskoff0,1.3412494003,1.4557637442,1.3481180533
2026-01-26,4,ret60_ret5_top5_riskoff0,1.3355726412,1.4503117610,1.3493966511
2026-01-27,4,ret60_ret5_top5_riskoff0,1.3406236838,1.4450571646,1.3490325661
2026-01-28,4,ret60_ret5_top5_riskoff0,1.3499312700,1.4445324631,1.3525587441
2026-01-29,4,ret60_ret5_top5_riskoff0,1.3430433254,1.4529140943,1.3628448633
2026-01-30,4,ret60_ret5_top5_riskoff0,1.3246782850,1.4366035629,1.3492189088
2026-02-02,4,ret60_ret5_top5_riskoff0,1.2807369556,1.3993549008,1.3204475898
2026-02-03,4,ret60_ret5_top5_riskoff0,1.3105529678,1.4284897821,1.3359656398
2026-02-04,4,ret60_ret5_top5_riskoff0,1.3149622092,1.4460695044,1.3470229313
2026-02-05,4,ret60_ret5_top5_riskoff0,1.2952947793,1.4359290310,1.3389213223
2026-02-06,4,ret60_ret5_top5_riskoff0,1.2944240808,1.4310829199,1.3312325342
2026-02-09,4,ret60_ret5_top5_riskoff0,1.3275622701,1.4537842278,1.3528654929
2026-02-10,4,ret60_ret5_top5_riskoff0,1.3370278338,1.4543765253,1.3543677021
2026-02-11,4,ret60_ret5_top5_riskoff0,1.3378510083,1.4539018709,1.3513632837
2026-02-12,4,ret60_ret5_top5_riskoff0,1.3621771722,1.4593459074,1.3530145671
2026-02-13,4,ret60_ret5_top5_riskoff0,1.3537863392,1.4482400458,1.3360516441
2026-02-24,4,ret60_ret5_top5_riskoff0,1.3737566412,1.4624841201,1.3495629262
2026-02-25,4,ret60_ret5_top5_riskoff0,1.3914874790,1.4797048496,1.3576903365
2026-02-26,4,ret60_ret5_top5_riskoff0,1.3966047899,1.4774636496,1.3551044726
2026-02-27,4,ret60_ret5_top5_riskoff0,1.4026866075,1.4869821310,1.3504545045
2026-03-02,4,ret60_ret5_top5_riskoff0,1.3997753159,1.4770872781,1.3556204986
2026-03-03,4,ret60_ret5_top5_riskoff0,1.3488381363,1.4448288514,1.3347587122
2026-03-04,4,ret60_ret5_top5_riskoff0,1.3413532578,1.4335830003,1.3194843412
2026-03-05,4,ret60_ret5_top5_riskoff0,1.3530100640,1.4408866223,1.3324050601
2026-03-06,4,ret60_ret5_top5_riskoff0,1.3572166935,1.4565337180,1.3360602446
2026-03-09,4,ret60_ret5_top5_riskoff0,1.3484696389,1.4465415413,1.3231653270
2026-03-10,4,ret60_ret5_top5_riskoff0,1.3681516871,1.4628686017,1.3401655185
2026-03-11,4,ret60_ret5_top5_riskoff0,1.3603921842,1.4627137283,1.3486914155
2026-03-12,4,ret60_ret5_top5_riskoff0,1.3526063598,1.4601600434,1.3438350370
2026-03-13,4,ret60_ret5_top5_riskoff0,1.3274426882,1.4459984802,1.3385543705
2026-03-16,4,ret60_ret5_top5_riskoff0,1.3231224086,1.4479858320,1.3392481388
2026-03-17,4,ret60_ret5_top5_riskoff0,1.2972365150,1.4323637820,1.3294665784
2026-03-18,4,ret60_ret5_top5_riskoff0,1.3120446426,1.4387918401,1.3354553474
2026-03-19,4,ret60_ret5_top5_riskoff0,1.2686601812,1.4050483280,1.3139313275
2026-03-20,4,ret60_ret5_top5_riskoff0,1.2404567031,1.3824436882,1.3092784926
2026-03-23,4,ret60_ret5_top5_riskoff0,1.1790521176,1.3202426345,1.2665572694
2026-03-24,4,ret60_ret5_top5_riskoff0,1.2103522584,1.3517845432,1.2828178236
2026-03-25,5,ret60_ret5_top5_riskoff0,1.2103522584,1.3517845432,1.2828178236
2026-03-26,5,ret60_ret5_top5_riskoff0,1.1924182195,1.3355925901,1.2658717941
2026-03-27,5,ret60_ret5_top5_riskoff0,1.2057624106,1.3507717077,1.2729510163
2026-03-30,5,ret60_ret5_top5_riskoff0,1.2111051202,1.3499350387,1.2699485666
2026-03-31,5,ret60_ret5_top5_riskoff0,1.1944064981,1.3365640771,1.2581027435
2026-04-01,5,ret60_ret5_top5_riskoff0,1.2195770771,1.3571827948,1.2795948550
2026-04-02,5,ret60_ret5_top5_riskoff0,1.1976087766,1.3434923228,1.2662619429
2026-04-03,5,ret60_ret5_top5_riskoff0,1.1887603506,1.3229947938,1.2554847884
2026-04-07,5,ret60_ret5_top5_riskoff0,1.1955781113,1.3301404899,1.2554367265
2026-04-08,5,ret60_ret5_top5_riskoff0,1.2548800316,1.3753613875,1.2992408274
2026-04-09,5,ret60_ret5_top5_riskoff0,1.2449380409,1.3616393507,1.2909459241
2026-04-10,5,ret60_ret5_top5_riskoff0,1.2504844458,1.3661628141,1.3108350328
2026-04-13,5,ret60_ret5_top5_riskoff0,1.2533921872,1.3676826729,1.3135434572
2026-04-14,5,ret60_ret5_top5_riskoff0,1.2767323662,1.3874215012,1.3291296201
2026-04-15,5,ret60_ret5_top5_riskoff0,1.2767323662,1.3836733173,1.3245976740
2026-04-16,5,ret60_ret5_top5_riskoff0,1.2767323662,1.3982763877,1.3391179955
2026-04-17,5,ret60_ret5_top5_riskoff0,1.2767323662,1.3956154038,1.3368732262
2026-04-20,5,ret60_ret5_top5_riskoff0,1.2767323662,1.4017327462,1.3450069811
2026-04-21,5,ret60_ret5_top5_riskoff0,1.2767323662,1.4015674097,1.3479924678
2026-04-22,5,ret60_ret5_top5_riskoff0,1.2767323662,1.4096644829,1.3569347920
2026-04-23,5,ret60_ret5_top5_riskoff0,1.2767323662,1.3976243668,1.3531746620
2026-04-24,5,ret60_ret5_top5_riskoff0,1.2767323662,1.3912083520,1.3483797894
2026-04-27,5,ret60_ret5_top5_riskoff0,1.2767323662,1.3929649684,1.3488264816
2026-04-28,5,ret60_ret5_top5_riskoff0,1.2767323662,1.3912091234,1.3452246728
2026-04-29,5,ret60_ret5_top5_riskoff0,1.2767323662,1.4098875689,1.3599655133
2026-04-30,5,ret60_ret5_top5_riskoff0,1.2767323662,1.4187720388,1.3591060550
2026-05-06,5,ret60_ret5_top5_riskoff0,1.2767323662,1.4430921435,1.3788340152
2026-05-07,5,ret60_ret5_top5_riskoff0,1.2767323662,1.4581778489,1.3854552366
2026-05-08,5,ret60_ret5_top5_riskoff0,1.2767323662,1.4584187931,1.3773695435
2026-05-11,5,ret60_ret5_top5_riskoff0,1.2767323662,1.4725577283,1.3999670767
2026-05-12,5,ret60_ret5_top5_riskoff0,1.2767323662,1.4598845671,1.3988955810
2026-05-13,5,ret60_ret5_top5_riskoff0,1.2767323662,1.4709031573,1.4131133958
2026-05-14,5,ret60_ret5_top5_riskoff0,1.2767323662,1.4468594743,1.3894387127
2026-05-15,5,ret60_ret5_top5_riskoff0,1.2754556338,1.4312374929,1.3738864758
2026-05-18,5,ret60_ret5_top5_riskoff0,1.2766787984,1.4222579442,1.3665160555
2026-05-19,5,ret60_ret5_top5_riskoff0,1.2933232356,1.4328138185,1.3719894478
2026-05-20,5,ret60_ret5_top5_riskoff0,1.2899488700,1.4267219864,1.3713731257
2026-05-21,5,ret60_ret5_top5_riskoff0,1.2505674217,1.3963117994,1.3522614875
2026-05-22,5,ret60_ret5_top5_riskoff0,1.2900639066,1.4130481902,1.3697899131
2026-05-25,5,ret60_ret5_top5_riskoff0,1.3082789422,1.4201254884,1.3914177285
2026-05-26,5,ret60_ret5_top5_riskoff0,1.3026308864,1.4119877083,1.3988390377
2026-05-27,5,ret60_ret5_top5_riskoff0,1.2919877305,1.3973938202,1.3876208453
2026-05-28,5,ret60_ret5_top5_riskoff0,1.3028814576,1.3956939270,1.3893284532
2026-05-29,5,ret60_ret5_top5_riskoff0,1.2684278880,1.3846180842,1.3830832448
2026-06-01,5,ret60_ret5_top5_riskoff0,1.2589886509,1.3848925230,1.3695524312
2026-06-02,5,ret60_ret5_top5_riskoff0,1.2727338099,1.3822897094,1.3894274040
2014-02-21,5,ret60_ret5_top5_riskoff0,0.4871694091,0.7831833686,0.6401522368
2014-02-24,5,ret60_ret5_top5_riskoff0,0.4864793657,0.7757092721,0.6260786073
2014-02-25,5,ret60_ret5_top5_riskoff0,0.4675121002,0.7492675509,0.6100768511
2014-02-26,5,ret60_ret5_top5_riskoff0,0.4723242739,0.7536739036,0.6116317921
2014-02-27,5,ret60_ret5_top5_riskoff0,0.4668195667,0.7432959899,0.6090025283
2014-02-28,5,ret60_ret5_top5_riskoff0,0.4739344468,0.7528805778,0.6160308615
2014-03-03,5,ret60_ret5_top5_riskoff0,0.4838905829,0.7665245411,0.6192538300
2014-03-04,5,ret60_ret5_top5_riskoff0,0.4835266535,0.7659262215,0.6175292591
2014-03-05,5,ret60_ret5_top5_riskoff0,0.4835266535,0.7619201515,0.6117929405
2014-03-06,5,ret60_ret5_top5_riskoff0,0.4835266535,0.7628382685,0.6145211551
2014-03-07,5,ret60_ret5_top5_riskoff0,0.4835266535,0.7610009167,0.6130312390
2014-03-10,5,ret60_ret5_top5_riskoff0,0.4835266535,0.7352535796,0.5930799327
2014-03-11,5,ret60_ret5_top5_riskoff0,0.4835266535,0.7378429633,0.5961530615
2014-03-12,5,ret60_ret5_top5_riskoff0,0.4835266535,0.7379790808,0.5976995209
2014-03-13,5,ret60_ret5_top5_riskoff0,0.4835266535,0.7472257180,0.6051066943
2014-03-14,5,ret60_ret5_top5_riskoff0,0.4835266535,0.7441725723,0.6001619820
2014-03-17,5,ret60_ret5_top5_riskoff0,0.4835266535,0.7562168236,0.6058728561
2014-03-18,5,ret60_ret5_top5_riskoff0,0.4835266535,0.7593272209,0.6044847179
2014-03-19,5,ret60_ret5_top5_riskoff0,0.4835266535,0.7553308687,0.5996050304
2014-03-20,5,ret60_ret5_top5_riskoff0,0.4835266535,0.7381005331,0.5900209397
2014-03-21,5,ret60_ret5_top5_riskoff0,0.4835266535,0.7535784893,0.6103284688
2014-03-24,5,ret60_ret5_top5_riskoff0,0.4835266535,0.7581823886,0.6153466874
2014-03-25,5,ret60_ret5_top5_riskoff0,0.4835266535,0.7594762126,0.6147501555
2014-03-26,5,ret60_ret5_top5_riskoff0,0.4835266535,0.7604198050,0.6137917465
2014-03-27,5,ret60_ret5_top5_riskoff0,0.4835266535,0.7493697494,0.6094548747
2014-03-28,5,ret60_ret5_top5_riskoff0,0.4835266535,0.7386003351,0.6083975149
2014-03-31,5,ret60_ret5_top5_riskoff0,0.4835266535,0.7353435074,0.6067945121
2014-04-01,5,ret60_ret5_top5_riskoff0,0.4835266535,0.7462896600,0.6115498043
2014-04-02,5,ret60_ret5_top5_riskoff0,0.4835266535,0.7469693643,0.6165284426
2014-04-03,5,ret60_ret5_top5_riskoff0,0.4835266535,0.7446231744,0.6120841386
2014-04-04,5,ret60_ret5_top5_riskoff0,0.4835266535,0.7523506205,0.6178685190
2014-04-08,5,ret60_ret5_top5_riskoff0,0.4835266535,0.7610868611,0.6325273716
2014-04-09,5,ret60_ret5_top5_riskoff0,0.4835266535,0.7664450720,0.6328949031
2014-04-10,5,ret60_ret5_top5_riskoff0,0.4835266535,0.7708016845,0.6428295624
2014-04-11,5,ret60_ret5_top5_riskoff0,0.4835266535,0.7703330818,0.6419559683
2014-04-14,5,ret60_ret5_top5_riskoff0,0.4835266535,0.7743685032,0.6413735722
2014-04-15,5,ret60_ret5_top5_riskoff0,0.4835266535,0.7673017916,0.6303052196
2014-04-16,5,ret60_ret5_top5_riskoff0,0.4835266535,0.7678903553,0.6311731594
2014-04-17,5,ret60_ret5_top5_riskoff0,0.4835266535,0.7668197572,0.6289877605
2014-04-18,5,ret60_ret5_top5_riskoff0,0.4835266535,0.7680532229,0.6288972913
2014-04-21,5,ret60_ret5_top5_riskoff0,0.4835266535,0.7560317772,0.6183717544
2014-04-22,5,ret60_ret5_top5_riskoff0,0.4835266535,0.7525371233,0.6210688702
2014-04-23,5,ret60_ret5_top5_riskoff0,0.4835266535,0.7523858756,0.6204695112
2014-04-24,5,ret60_ret5_top5_riskoff0,0.4835266535,0.7469262355,0.6192821017
2014-04-25,5,ret60_ret5_top5_riskoff0,0.4835266535,0.7330266208,0.6128813992
2014-04-28,5,ret60_ret5_top5_riskoff0,0.4835266535,0.7135073962,0.6035913337
2014-04-29,5,ret60_ret5_top5_riskoff0,0.4835266535,0.7224859773,0.6102351724
2014-04-30,5,ret60_ret5_top5_riskoff0,0.4835266535,0.7266787685,0.6102888885
2014-05-05,5,ret60_ret5_top5_riskoff0,0.4835266535,0.7324027731,0.6096697393
2014-05-06,5,ret60_ret5_top5_riskoff0,0.4835266535,0.7357696324,0.6099128755
2014-05-07,5,ret60_ret5_top5_riskoff0,0.4835266535,0.7253451599,0.6042557175
2014-05-08,5,ret60_ret5_top5_riskoff0,0.4835266535,0.7249119179,0.6037411734
2014-05-09,5,ret60_ret5_top5_riskoff0,0.4835266535,0.7210348500,0.6032916541
2014-05-12,5,ret60_ret5_top5_riskoff0,0.4835266535,0.7364962961,0.6163361953
2014-05-13,5,ret60_ret5_top5_riskoff0,0.4835266535,0.7355941373,0.6148660693
2014-05-14,5,ret60_ret5_top5_riskoff0,0.4835266535,0.7351230121,0.6141649323
2014-05-15,5,ret60_ret5_top5_riskoff0,0.4835266535,0.7225767009,0.6061668813
2014-05-16,5,ret60_ret5_top5_riskoff0,0.4835266535,0.7230353798,0.6066955613
2014-05-19,5,ret60_ret5_top5_riskoff0,0.4835266535,0.7175784665,0.5979850647
2014-05-20,5,ret60_ret5_top5_riskoff0,0.4835266535,0.7185184224,0.5981631761
2014-05-21,5,ret60_ret5_top5_riskoff0,0.4835266535,0.7244256179,0.6038570872
2014-05-22,5,ret60_ret5_top5_riskoff0,0.4835266535,0.7232505246,0.6024321958
2014-05-23,5,ret60_ret5_top5_riskoff0,0.4835266535,0.7294343153,0.6073910440
2014-05-26,5,ret60_ret5_top5_riskoff0,0.4835266535,0.7359618477,0.6095312082
2014-05-27,5,ret60_ret5_top5_riskoff0,0.4835266535,0.7336567230,0.6070715743
2014-05-28,5,ret60_ret5_top5_riskoff0,0.4835266535,0.7403792137,0.6133111283
2014-05-29,5,ret60_ret5_top5_riskoff0,0.4835266535,0.7332635837,0.6092993806
2014-05-30,5,ret60_ret5_top5_riskoff0,0.4835266535,0.7339483881,0.6096669121
2014-06-03,5,ret60_ret5_top5_riskoff0,0.4835266535,0.7317346800,0.6078179459
2014-06-04,5,ret60_ret5_top5_riskoff0,0.4835266535,0.7248935422,0.6016971328
2014-06-05,5,ret60_ret5_top5_riskoff0,0.4835266535,0.7329354441,0.6080101932
2014-06-06,5,ret60_ret5_top5_riskoff0,0.4835266535,0.7299080343,0.6035206545
2014-06-09,5,ret60_ret5_top5_riskoff0,0.4835266535,0.7276051850,0.6033962592
2014-06-10,5,ret60_ret5_top5_riskoff0,0.4835266535,0.7353069090,0.6110267787
2014-06-11,5,ret60_ret5_top5_riskoff0,0.4835266535,0.7396526822,0.6108854204
2014-06-12,5,ret60_ret5_top5_riskoff0,0.4835266535,0.7377175202,0.6088046267
2014-06-13,5,ret60_ret5_top5_riskoff0,0.4835266535,0.7442889333,0.6152590453
2014-06-16,5,ret60_ret5_top5_riskoff0,0.4835266535,0.7469852394,0.6196750777
2014-06-17,5,ret60_ret5_top5_riskoff0,0.4835266535,0.7403192132,0.6134015976
2014-06-18,5,ret60_ret5_top5_riskoff0,0.4835266535,0.7366858830,0.6107355807
2014-06-19,6,ret60_ret5_top5_riskoff0,0.4835266535,0.7366858830,0.6107355807
2014-06-20,6,ret60_ret5_top5_riskoff0,0.4835266535,0.7424883373,0.6135553631
2014-06-23,6,ret60_ret5_top5_riskoff0,0.4835266535,0.7466024211,0.6128030382
2014-06-24,6,ret60_ret5_top5_riskoff0,0.4835266535,0.7522211280,0.6158783814
2014-06-25,6,ret60_ret5_top5_riskoff0,0.4835266535,0.7484634997,0.6125905495
2014-06-26,6,ret60_ret5_top5_riskoff0,0.4835266535,0.7566016336,0.6171016271
2014-06-27,6,ret60_ret5_top5_riskoff0,0.4835266535,0.7610198345,0.6174404604
2014-06-30,6,ret60_ret5_top5_riskoff0,0.4835266535,0.7666292341,0.6217074631
2014-07-01,6,ret60_ret5_top5_riskoff0,0.4835266535,0.7693331305,0.6215466609
2014-07-02,6,ret60_ret5_top5_riskoff0,0.4835266535,0.7718834265,0.6233585577
2014-07-03,6,ret60_ret5_top5_riskoff0,0.4835266535,0.7784429748,0.6260347667
2014-07-04,6,ret60_ret5_top5_riskoff0,0.4835266535,0.7771310834,0.6256069178
2014-07-07,6,ret60_ret5_top5_riskoff0,0.4835266535,0.7754317015,0.6249148938
2014-07-08,6,ret60_ret5_top5_riskoff0,0.4835266535,0.7799328051,0.6261151678
2014-07-09,6,ret60_ret5_top5_riskoff0,0.4835266535,0.7690193102,0.6169953827
2014-07-10,6,ret60_ret5_top5_riskoff0,0.4835266535,0.7694567355,0.6153127020
2014-07-11,6,ret60_ret5_top5_riskoff0,0.4835266535,0.7749246754,0.6167943799
2014-07-14,6,ret60_ret5_top5_riskoff0,0.4835266535,0.7856284284,0.6236141184
2014-07-15,6,ret60_ret5_top5_riskoff0,0.4835266535,0.7864382012,0.6245387314
2014-07-16,6,ret60_ret5_top5_riskoff0,0.4835266535,0.7827749200,0.6233585577
2014-07-17,6,ret60_ret5_top5_riskoff0,0.4835266535,0.7796703702,0.6193959307
2014-07-18,6,ret60_ret5_top5_riskoff0,0.4835266535,0.7834616942,0.6214260592
2014-07-21,6,ret60_ret5_top5_riskoff0,0.4835266535,0.7823723592,0.6220434250
2014-07-22,6,ret60_ret5_top5_riskoff0,0.4835266535,0.7923652764,0.6296269742
2014-07-23,6,ret60_ret5_top5_riskoff0,0.4835266535,0.7884381624,0.6311000377
2014-07-24,6,ret60_ret5_top5_riskoff0,0.4835266535,0.7904943296,0.6423504527
2014-07-25,6,ret60_ret5_top5_riskoff0,0.4835266535,0.7974672855,0.6490811756
2014-07-28,6,ret60_ret5_top5_riskoff0,0.4835266535,0.8110840978,0.6673006455
2014-07-29,6,ret60_ret5_top5_riskoff0,0.4835266535,0.8165572739,0.6694456327
2014-07-30,6,ret60_ret5_top5_riskoff0,0.4835266535,0.8166216431,0.6667579379
2014-07-31,6,ret60_ret5_top5_riskoff0,0.4835266535,0.8251738971,0.6748669659
2014-08-01,6,ret60_ret5_top5_riskoff0,0.4835266535,0.8189699613,0.6688799533
2014-08-04,6,ret60_ret5_top5_riskoff0,0.4835266535,0.8315768837,0.6821518824
2014-08-05,6,ret60_ret5_top5_riskoff0,0.4835266535,0.8345608681,0.6803514714
2014-08-06,6,ret60_ret5_top5_riskoff0,0.4835266535,0.8370600621,0.6785912610
2014-08-07,6,ret60_ret5_top5_riskoff0,0.4835266535,0.8280298096,0.6683228884
2014-08-08,6,ret60_ret5_top5_riskoff0,0.4835266535,0.8317929456,0.6693767175
2014-08-11,6,ret60_ret5_top5_riskoff0,0.4835266535,0.8443439488,0.6792028839
2014-08-12,6,ret60_ret5_top5_riskoff0,0.4835266535,0.8478090946,0.6768195647
2014-08-13,6,ret60_ret5_top5_riskoff0,0.4835266535,0.8487396910,0.6773507864
2014-08-14,6,ret60_ret5_top5_riskoff0,0.4835266535,0.8429580173,0.6707607654
2014-08-15,6,ret60_ret5_top5_riskoff0,0.4835266535,0.8518698936,0.6778504220
2014-08-18,6,ret60_ret5_top5_riskoff0,0.4835266535,0.8619444714,0.6818475067
2014-08-19,6,ret60_ret5_top5_riskoff0,0.4835266535,0.8642472330,0.6819078075
2014-08-20,6,ret60_ret5_top5_riskoff0,0.4835266535,0.8653260150,0.6794297299
2014-08-21,6,ret60_ret5_top5_riskoff0,0.4835266535,0.8643676134,0.6760126820
2014-08-22,6,ret60_ret5_top5_riskoff0,0.4835266535,0.8700787595,0.6792057553
2014-08-25,6,ret60_ret5_top5_riskoff0,0.4830431269,0.8648749096,0.6727449504
2014-08-26,6,ret60_ret5_top5_riskoff0,0.4751078838,0.8516564692,0.6673552034
2014-08-27,6,ret60_ret5_top5_riskoff0,0.4775643490,0.8539552175,0.6683630890
2014-08-28,6,ret60_ret5_top5_riskoff0,0.4728778082,0.8471370198,0.6636768518
2014-08-29,6,ret60_ret5_top5_riskoff0,0.4780395625,0.8563066353,0.6714326892
2014-09-01,6,ret60_ret5_top5_riskoff0,0.4857816036,0.8683941314,0.6763228006
2014-09-02,6,ret60_ret5_top5_riskoff0,0.4925639376,0.8801936759,0.6852645546
2014-09-03,6,ret60_ret5_top5_riskoff0,0.4958399487,0.8870654637,0.6916909019
2014-09-04,6,ret60_ret5_top5_riskoff0,0.4988906222,0.8946137404,0.6966815147
2014-09-05,6,ret60_ret5_top5_riskoff0,0.5018276993,0.9013006964,0.7032973790
2014-09-09,6,ret60_ret5_top5_riskoff0,0.5040023340,0.9063797720,0.7021373055
2014-09-10,6,ret60_ret5_top5_riskoff0,0.5061133528,0.9083497041,0.6984646969
2014-09-11,6,ret60_ret5_top5_riskoff0,0.5057133348,0.9057750117,0.6958861179
2014-09-12,6,ret60_ret5_top5_riskoff0,0.5111924641,0.9144564778,0.7001674779
2014-09-15,6,ret60_ret5_top5_riskoff0,0.5162626410,0.9213000139,0.6998315161
2014-09-16,6,ret60_ret5_top5_riskoff0,0.4997386538,0.8956276298,0.6859249924
2014-09-17,6,ret60_ret5_top5_riskoff0,0.5033074763,0.9034336489,0.6895344288
2014-09-18,6,ret60_ret5_top5_riskoff0,0.5061024772,0.9086591697,0.6916392154
2014-09-19,6,ret60_ret5_top5_riskoff0,0.5110047872,0.9163183516,0.6963914964
2014-09-22,6,ret60_ret5_top5_riskoff0,0.5034221176,0.9032957150,0.6830994671
2014-09-23,6,ret60_ret5_top5_riskoff0,0.5096160994,0.9139004029,0.6889974641
2014-09-24,6,ret60_ret5_top5_riskoff0,0.5167124284,0.9255447837,0.7011724920
2014-09-25,6,ret60_ret5_top5_riskoff0,0.5182501581,0.9256682386,0.6997683437
2014-09-26,6,ret60_ret5_top5_riskoff0,0.5220081384,0.9292588716,0.6998343875
2014-09-29,6,ret60_ret5_top5_riskoff0,0.5268706869,0.9352933858,0.7028781445
2014-09-30,6,ret60_ret5_top5_riskoff0,0.5283329148,0.9392503576,0.7037941431
2014-10-09,6,ret60_ret5_top5_riskoff0,0.5377482309,0.9562398931,0.7126870821
2014-10-10,6,ret60_ret5_top5_riskoff0,0.5336220880,0.9517640362,0.7083310638
2014-10-13,6,ret60_ret5_top5_riskoff0,0.5323691390,0.9485611320,0.7049312447
2014-10-14,6,ret60_ret5_top5_riskoff0,0.5321063310,0.9460290274,0.7025220824
2014-10-15,6,ret60_ret5_top5_riskoff0,0.5336325614,0.9500910416,0.7074925949
2014-10-16,6,ret60_ret5_top5_riskoff0,0.5264958631,0.9381195735,0.7019018451
2014-10-17,6,ret60_ret5_top5_riskoff0,0.5210105315,0.9315125357,0.7011351629
2014-10-20,6,ret60_ret5_top5_riskoff0,0.5281774681,0.9417229543,0.7048623295
2014-10-21,6,ret60_ret5_top5_riskoff0,0.5234202681,0.9344580236,0.6987403579
2014-10-22,6,ret60_ret5_top5_riskoff0,0.5177785886,0.9238527765,0.6945049413
2014-10-23,6,ret60_ret5_top5_riskoff0,0.5104150425,0.9096809196,0.6879867071
2014-10-24,6,ret60_ret5_top5_riskoff0,0.5117365884,0.9108372169,0.6864849289
2014-10-27,6,ret60_ret5_top5_riskoff0,0.5152474005,0.9143864167,0.6802021550
2014-10-28,6,ret60_ret5_top5_riskoff0,0.5282654398,0.9350513062,0.6939335190
2014-10-29,6,ret60_ret5_top5_riskoff0,0.5371825921,0.9487642853,0.7039061303
2014-10-30,6,ret60_ret5_top5_riskoff0,0.5391057710,0.9514562113,0.7089455582
2014-10-31,6,ret60_ret5_top5_riskoff0,0.5381714144,0.9534863507,0.7202591454
2014-11-03,6,ret60_ret5_top5_riskoff0,0.5422253917,0.9626234399,0.7214709053
2014-11-04,6,ret60_ret5_top5_riskoff0,0.5395705711,0.9589970269,0.7216489364
2014-11-05,6,ret60_ret5_top5_riskoff0,0.5404385177,0.9561154604,0.7188578686
2014-11-06,6,ret60_ret5_top5_riskoff0,0.5431674863,0.9611720003,0.7196101935
2014-11-07,6,ret60_ret5_top5_riskoff0,0.5389672406,0.9537489522,0.7184845777
2014-11-10,6,ret60_ret5_top5_riskoff0,0.5429192208,0.9666205198,0.7367413766
2014-11-11,6,ret60_ret5_top5_riskoff0,0.5275886719,0.9430130864,0.7346968908
2014-11-12,6,ret60_ret5_top5_riskoff0,0.5372050076,0.9596033200,0.7449509061
2014-11-13,6,ret60_ret5_top5_riskoff0,0.5328700042,0.9533477388,0.7407671759
2014-11-14,6,ret60_ret5_top5_riskoff0,0.5314046913,0.9530559089,0.7411519528
2014-11-17,6,ret60_ret5_top5_riskoff0,0.5360064331,0.9599409409,0.7371347679
2014-11-18,6,ret60_ret5_top5_riskoff0,0.5386834331,0.9601139439,0.7297608359
2014-11-19,6,ret60_ret5_top5_riskoff0,0.5420582895,0.9621701288,0.7285548189
2014-11-20,6,ret60_ret5_top5_riskoff0,0.5410785027,0.9603798829,0.7285203613
2014-11-21,6,ret60_ret5_top5_riskoff0,0.5448983339,0.9693291384,0.7418324909
2014-11-24,6,ret60_ret5_top5_riskoff0,0.5507060971,0.9834740444,0.7607267559
2014-11-25,6,ret60_ret5_top5_riskoff0,0.5574432390,0.9977168923,0.7711501878
2014-11-26,6,ret60_ret5_top5_riskoff0,0.5597640723,1.0011869661,0.7819067101
2014-11-27,6,ret60_ret5_top5_riskoff0,0.5641738301,1.0069694920,0.7909432226
2014-11-28,6,ret60_ret5_top5_riskoff0,0.5666001396,1.0098428593,0.8065439128
2014-12-01,6,ret60_ret5_top5_riskoff0,0.5652775352,1.0085034948,0.8096996571
2014-12-02,6,ret60_ret5_top5_riskoff0,0.5728462704,1.0221154007,0.8396002622
2014-12-03,6,ret60_ret5_top5_riskoff0,0.5778206174,1.0379882483,0.8521227379
2014-12-04,6,ret60_ret5_top5_riskoff0,0.5879928505,1.0568430627,0.8914044317
2014-12-05,6,ret60_ret5_top5_riskoff0,0.5742820325,1.0308035378,0.8973024287
2014-12-08,6,ret60_ret5_top5_riskoff0,0.5873880285,1.0476642984,0.9340543585
2014-12-09,6,ret60_ret5_top5_riskoff0,0.5650433482,1.0085766474,0.8921395277
2014-12-10,6,ret60_ret5_top5_riskoff0,0.5894703737,1.0470196883,0.9250580466
2014-12-11,6,ret60_ret5_top5_riskoff0,0.6003815810,1.0594860109,0.9139914056
2014-12-12,6,ret60_ret5_top5_riskoff0,0.6043311057,1.0656476259,0.9169260468
2014-12-15,6,ret60_ret5_top5_riskoff0,0.6108859508,1.0766954408,0.9238175720
2014-12-16,6,ret60_ret5_top5_riskoff0,0.6109393829,1.0748223282,0.9485610191
2014-12-17,6,ret60_ret5_top5_riskoff0,0.6066551020,1.0632228245,0.9649858209
2014-12-18,6,ret60_ret5_top5_riskoff0,0.6090246165,1.0666352408,0.9607733761
2014-12-19,6,ret60_ret5_top5_riskoff0,0.6132458971,1.0629388985,0.9714667261
2014-12-22,6,ret60_ret5_top5_riskoff0,0.6000187913,1.0372424111,0.9747143574
2014-12-23,7,ret60_ret5_top5_riskoff0,0.6000187913,1.0372424111,0.9747143574
2014-12-24,7,ret60_ret5_top5_riskoff0,0.6035192832,1.0430767484,0.9470024881
2014-12-25,7,ret60_ret5_top5_riskoff0,0.6178601028,1.0581376542,0.9777924768
2014-12-26,7,ret60_ret5_top5_riskoff0,0.6277182349,1.0678273697,1.0101625667
2014-12-29,7,ret60_ret5_top5_riskoff0,0.6285683245,1.0590147817,1.0129827103
2014-12-30,7,ret60_ret5_top5_riskoff0,0.6157396305,1.0401351193,1.0135954027
2014-12-31,7,ret60_ret5_top5_riskoff0,0.6292521469,1.0560138108,1.0359220287
2015-01-05,7,ret60_ret5_top5_riskoff0,0.6503097827,1.0847377576,1.0675328492
2015-01-06,7,ret60_ret5_top5_riskoff0,0.6527777412,1.0978274202,1.0673921352
2015-01-07,7,ret60_ret5_top5_riskoff0,0.6556188668,1.0977067010,1.0681924462
2015-01-08,7,ret60_ret5_top5_riskoff0,0.6434866943,1.0900203679,1.0434121193
2015-01-09,7,ret60_ret5_top5_riskoff0,0.6363897085,1.0796086148,1.0397359652
2015-01-12,7,ret60_ret5_top5_riskoff0,0.6216816080,1.0651358225,1.0300208341
2015-01-13,7,ret60_ret5_top5_riskoff0,0.6252064521,1.0769307525,1.0301556851
2015-01-14,7,ret60_ret5_top5_riskoff0,0.6192282019,1.0684859136,1.0267492329
2015-01-15,7,ret60_ret5_top5_riskoff0,0.6334737748,1.0827197694,1.0565630180
2015-01-16,7,ret60_ret5_top5_riskoff0,0.6391230371,1.0926254313,1.0656595937
2015-01-19,7,ret60_ret5_top5_riskoff0,0.6009983736,1.0443910769,0.9835793412
2015-01-20,7,ret60_ret5_top5_riskoff0,0.6202119173,1.0803249412,0.9956162539
2015-01-21,7,ret60_ret5_top5_riskoff0,0.6424865792,1.1091449821,1.0403721099
2015-01-22,7,ret60_ret5_top5_riskoff0,0.6527870347,1.1234691069,1.0458599571
2015-01-23,7,ret60_ret5_top5_riskoff0,0.6493565677,1.1152954252,1.0470677525
2015-01-26,7,ret60_ret5_top5_riskoff0,0.6599686058,1.1354974944,1.0576975248
2015-01-27,7,ret60_ret5_top5_riskoff0,0.6561783165,1.1352739234,1.0480058460
2015-01-28,7,ret60_ret5_top5_riskoff0,0.6505664371,1.1265723817,1.0334624647
2015-01-29,7,ret60_ret5_top5_riskoff0,0.6479395938,1.1204304799,1.0207043927
2015-01-30,7,ret60_ret5_top5_riskoff0,0.6450968359,1.1114743115,1.0068059508
2015-02-02,7,ret60_ret5_top5_riskoff0,0.6339385309,1.0991565273,0.9832275562
2015-02-03,7,ret60_ret5_top5_riskoff0,0.6426355389,1.1145634783,1.0077030027
2015-02-04,7,ret60_ret5_top5_riskoff0,0.6397454339,1.1094549441,0.9972432598
2015-02-05,7,ret60_ret5_top5_riskoff0,0.6336553446,1.1010981236,0.9870356296
2015-02-06,7,ret60_ret5_top5_riskoff0,0.6176620564,1.0774324699,0.9710499295
2015-02-09,7,ret60_ret5_top5_riskoff0,0.6173835186,1.0724449526,0.9808705962
2015-02-10,7,ret60_ret5_top5_riskoff0,0.6285128668,1.0872854096,0.9987588672
2015-02-11,7,ret60_ret5_top5_riskoff0,0.6342798832,1.0976914095,1.0067267991
2015-02-12,7,ret60_ret5_top5_riskoff0,0.6389722882,1.1066201246,1.0092918986
2015-02-13,7,ret60_ret5_top5_riskoff0,0.6471026587,1.1219648923,1.0171953366
2015-02-16,7,ret60_ret5_top5_riskoff0,0.6529718164,1.1382708069,1.0258873595
2015-02-17,7,ret60_ret5_top5_riskoff0,0.6616907449,1.1477330343,1.0325830021
2015-02-25,7,ret60_ret5_top5_riskoff0,0.6594461357,1.1469890012,1.0198044092
2015-02-26,7,ret60_ret5_top5_riskoff0,0.6686978347,1.1609120245,1.0454729935
2015-02-27,7,ret60_ret5_top5_riskoff0,0.6721722341,1.1685146245,1.0473931537
2015-03-02,7,ret60_ret5_top5_riskoff0,0.6817487301,1.1890364456,1.0557245969
2015-03-03,7,ret60_ret5_top5_riskoff0,0.6708803787,1.1790321772,1.0283557181
2015-03-04,7,ret60_ret5_top5_riskoff0,0.6767874178,1.1954945328,1.0350748130
2015-03-05,7,ret60_ret5_top5_riskoff0,0.6699477527,1.1950301132,1.0249668552
2015-03-06,7,ret60_ret5_top5_riskoff0,0.6653948970,1.1852022057,1.0197428469
2015-03-09,7,ret60_ret5_top5_riskoff0,0.6748632718,1.2013178190,1.0371063718
2015-03-10,7,ret60_ret5_top5_riskoff0,0.6784457700,1.2118495877,1.0320817083
2015-03-11,7,ret60_ret5_top5_riskoff0,0.6817452785,1.2106742021,1.0332660514
2015-03-12,7,ret60_ret5_top5_riskoff0,0.6846207287,1.2098899668,1.0532562383
2015-03-13,7,ret60_ret5_top5_riskoff0,0.6916116398,1.2232689360,1.0605323262
2015-03-16,7,ret60_ret5_top5_riskoff0,0.7102182338,1.2568781464,1.0863328299
2015-03-17,7,ret60_ret5_top5_riskoff0,0.7231973858,1.2762475671,1.1014156149
2015-03-18,7,ret60_ret5_top5_riskoff0,0.7396421156,1.3024344366,1.1274858205
2015-03-19,7,ret60_ret5_top5_riskoff0,0.7395840725,1.3077099713,1.1256360173
2015-03-20,7,ret60_ret5_top5_riskoff0,0.7445521574,1.3165403203,1.1411233552
2015-03-23,7,ret60_ret5_top5_riskoff0,0.7617177382,1.3458411040,1.1644261848
2015-03-24,7,ret60_ret5_top5_riskoff0,0.7648416167,1.3521225586,1.1647164075
2015-03-25,7,ret60_ret5_top5_riskoff0,0.7642666817,1.3617146976,1.1551478534
2015-03-26,7,ret60_ret5_top5_riskoff0,0.7626043671,1.3558300936,1.1579592025
2015-03-27,7,ret60_ret5_top5_riskoff0,0.7682667163,1.3691786506,1.1643206493
2015-03-30,7,ret60_ret5_top5_riskoff0,0.7746709273,1.3877346020,1.1984672538
2015-03-31,7,ret60_ret5_top5_riskoff0,0.7785345548,1.3841894663,1.1876264104
2015-04-01,7,ret60_ret5_top5_riskoff0,0.7984577073,1.4116541554,1.2089387228
2015-04-02,7,ret60_ret5_top5_riskoff0,0.8156485366,1.4344238428,1.2091966986
2015-04-03,7,ret60_ret5_top5_riskoff0,0.8301662443,1.4563280881,1.2226114360
2015-04-07,7,ret60_ret5_top5_riskoff0,0.8460463999,1.4900914336,1.2488487395
2015-04-08,7,ret60_ret5_top5_riskoff0,0.8366664305,1.4793582497,1.2593319347
2015-04-09,7,ret60_ret5_top5_riskoff0,0.8289742604,1.4687740346,1.2494643634
2015-04-10,7,ret60_ret5_top5_riskoff0,0.8520756782,1.5028005606,1.2735850933
2015-04-13,7,ret60_ret5_top5_riskoff0,0.8727429390,1.5350433558,1.2960553649
2015-04-14,7,ret60_ret5_top5_riskoff0,0.8706353021,1.5402167732,1.3010712338
2015-04-15,7,ret60_ret5_top5_riskoff0,0.8372553926,1.4948786865,1.2841650294
2015-04-16,7,ret60_ret5_top5_riskoff0,0.8482443864,1.5242856609,1.3231662680
2015-04-17,7,ret60_ret5_top5_riskoff0,0.8534317329,1.5444697690,1.3473778757
2015-04-20,7,ret60_ret5_top5_riskoff0,0.8330893611,1.5225199358,1.3256199689
2015-04-21,7,ret60_ret5_top5_riskoff0,0.8679536119,1.5717326802,1.3541262860
2015-04-22,7,ret60_ret5_top5_riskoff0,0.8886747923,1.6095846273,1.3894953437
2015-04-23,7,ret60_ret5_top5_riskoff0,0.8959846667,1.6208336557,1.3898119503
2015-04-24,7,ret60_ret5_top5_riskoff0,0.8994354154,1.6225007249,1.3785988010
2015-04-27,7,ret60_ret5_top5_riskoff0,0.9036811431,1.6391052256,1.4093653373
2015-04-28,7,ret60_ret5_top5_riskoff0,0.8827784544,1.5987913387,1.3900963099
2015-04-29,7,ret60_ret5_top5_riskoff0,0.8967224292,1.6296049213,1.3996150277
2015-04-30,7,ret60_ret5_top5_riskoff0,0.8994618229,1.6330470080,1.3924503383
2015-05-04,7,ret60_ret5_top5_riskoff0,0.9105771886,1.6473049998,1.4035462259
2015-05-05,7,ret60_ret5_top5_riskoff0,0.8819643360,1.5898678616,1.3475830837
2015-05-06,7,ret60_ret5_top5_riskoff0,0.8665656556,1.5668622712,1.3348279432
2015-05-07,7,ret60_ret5_top5_riskoff0,0.8403506518,1.5331554450,1.3104257852
2015-05-08,7,ret60_ret5_top5_riskoff0,0.8701046613,1.5844604707,1.3363142351
2015-05-11,7,ret60_ret5_top5_riskoff0,0.9066341114,1.6462816304,1.3750487033
2015-05-12,7,ret60_ret5_top5_riskoff0,0.9297999281,1.6765468994,1.3917262474
2015-05-13,7,ret60_ret5_top5_riskoff0,0.9314580279,1.6899996075,1.3832306378
2015-05-14,7,ret60_ret5_top5_riskoff0,0.9379180775,1.7013153281,1.3780535342
2015-05-15,7,ret60_ret5_top5_riskoff0,0.9296848398,1.6858013137,1.3536308554
2015-05-18,7,ret60_ret5_top5_riskoff0,0.9448011326,1.7060026900,1.3412216369
2015-05-19,7,ret60_ret5_top5_riskoff0,0.9697881993,1.7502476691,1.3869771489
2015-05-20,7,ret60_ret5_top5_riskoff0,0.9864118165,1.7797723322,1.3939249041
2015-05-21,7,ret60_ret5_top5_riskoff0,1.0219743905,1.8427906727,1.4191537570
2015-05-22,7,ret60_ret5_top5_riskoff0,1.0378568174,1.8763941442,1.4515062576
2015-05-25,7,ret60_ret5_top5_riskoff0,1.0670994529,1.9285435965,1.4949399881
2015-05-26,7,ret60_ret5_top5_riskoff0,1.0979839656,1.9878459838,1.5240853815
2015-05-27,7,ret60_ret5_top5_riskoff0,1.1169423764,2.0124010380,1.5189581141
2015-05-28,7,ret60_ret5_top5_riskoff0,1.0562098171,1.8998371784,1.4171104720
2015-05-29,7,ret60_ret5_top5_riskoff0,1.0706425027,1.9147553123,1.4191097839
2015-06-01,7,ret60_ret5_top5_riskoff0,1.1232870849,2.0084347964,1.4881036315
2015-06-02,7,ret60_ret5_top5_riskoff0,1.1689857307,2.0734324899,1.5132240174
2015-06-03,7,ret60_ret5_top5_riskoff0,1.1713647755,2.0763545641,1.5078651581
2015-06-04,7,ret60_ret5_top5_riskoff0,1.1583068458,2.0682945243,1.5189551825
2015-06-05,7,ret60_ret5_top5_riskoff0,1.1718987917,2.1065675845,1.5333578498
2015-06-08,7,ret60_ret5_top5_riskoff0,1.1532181687,2.0994007825,1.5694744507
2015-06-09,7,ret60_ret5_top5_riskoff0,1.1494390047,2.0988130639,1.5588358838
2015-06-10,7,ret60_ret5_top5_riskoff0,1.1736801849,2.1299844269,1.5563880460
2015-06-11,7,ret60_ret5_top5_riskoff0,1.1966197341,2.1623106492,1.5556492973
2015-06-12,7,ret60_ret5_top5_riskoff0,1.2131332594,2.1919966391,1.5640129875
2015-06-15,7,ret60_ret5_top5_riskoff0,1.1873076032,2.1610564898,1.5306080631
2015-06-16,7,ret60_ret5_top5_riskoff0,1.1408591160,2.0799111668,1.4847733995
2015-06-17,7,ret60_ret5_top5_riskoff0,1.1618828562,2.1172195202,1.5064697439
2015-06-18,7,ret60_ret5_top5_riskoff0,1.1229416864,2.0545281342,1.4454115812
2015-06-19,7,ret60_ret5_top5_riskoff0,1.0532736939,1.9192273232,1.3593708152
2015-06-23,7,ret60_ret5_top5_riskoff0,1.0643303916,1.9444748826,1.4030625214
2015-06-24,7,ret60_ret5_top5_riskoff0,1.0872789129,1.9990749692,1.4306307450
2015-06-25,7,ret60_ret5_top5_riskoff0,1.0560779513,1.9348038603,1.3797362394
2015-06-26,7,ret60_ret5_top5_riskoff0,0.9718830501,1.7826971640,1.2711724340
2015-06-29,7,ret60_ret5_top5_riskoff0,0.9206552736,1.6926294351,1.2287706064
2015-06-30,7,ret60_ret5_top5_riskoff0,0.9580560069,1.7735089075,1.3112788640
2015-07-01,8,ret60_ret5_top5_riskoff0,0.9580560069,1.7735089075,1.3112788640
2015-07-02,8,ret60_ret5_top5_riskoff0,0.8949973539,1.6642303684,1.2665667157
2015-07-03,8,ret60_ret5_top5_riskoff0,0.8413750674,1.5609819171,1.1980956504
2015-07-06,8,ret60_ret5_top5_riskoff0,0.8152896552,1.5267917136,1.2328183241
2015-07-07,8,ret60_ret5_top5_riskoff0,0.7716205417,1.4416304983,1.2110696347
2015-07-08,8,ret60_ret5_top5_riskoff0,0.7476646538,1.3827833399,1.1293779314
2015-07-09,8,ret60_ret5_top5_riskoff0,0.7740142333,1.4468657118,1.2017060439
2015-07-10,8,ret60_ret5_top5_riskoff0,0.8042946680,1.5186346510,1.2661227391
2015-07-13,8,ret60_ret5_top5_riskoff0,0.8464155751,1.5983930166,1.2985731156
2015-07-14,8,ret60_ret5_top5_riskoff0,0.8619887413,1.6115515085,1.2678462318
2015-07-16,8,ret60_ret5_top5_riskoff0,0.8316561068,1.5558408442,1.2324545099
2015-07-17,8,ret60_ret5_top5_riskoff0,0.8733779959,1.6321585842,1.2799785103
2015-07-20,8,ret60_ret5_top5_riskoff0,0.8930800356,1.6563700413,1.2827872792
2015-07-21,8,ret60_ret5_top5_riskoff0,0.9181400573,1.6859787108,1.2844521917
2015-07-22,8,ret60_ret5_top5_riskoff0,0.9281458651,1.7005532670,1.2817235852
2015-07-23,8,ret60_ret5_top5_riskoff0,0.9548285278,1.7494776430,1.3105974832
2015-07-24,8,ret60_ret5_top5_riskoff0,0.9548285278,1.7261614129,1.2876186085
2015-07-27,8,ret60_ret5_top5_riskoff0,0.9548285278,1.5994524340,1.1773798234
2015-07-28,8,ret60_ret5_top5_riskoff0,0.9548285278,1.5699432944,1.1750242806
2015-07-29,8,ret60_ret5_top5_riskoff0,0.9548285278,1.6356943028,1.2118034294
2015-07-30,8,ret60_ret5_top5_riskoff0,0.9548285278,1.5893505791,1.1763562105
2015-07-31,8,ret60_ret5_top5_riskoff0,0.9548285278,1.5757317709,1.1767539396
2015-08-03,8,ret60_ret5_top5_riskoff0,0.9548285278,1.5427568549,1.1806202362
2015-08-04,8,ret60_ret5_top5_riskoff0,0.9548285278,1.6139935922,1.2172853078
2015-08-05,8,ret60_ret5_top5_riskoff0,0.9548285278,1.5954774655,1.1922314589
2015-08-06,8,ret60_ret5_top5_riskoff0,0.9548285278,1.5870450995,1.1814249439
2015-08-07,8,ret60_ret5_top5_riskoff0,0.9548285278,1.6314006675,1.2045795594
2015-08-10,8,ret60_ret5_top5_riskoff0,0.9548285278,1.7043203923,1.2592780991
2015-08-11,8,ret60_ret5_top5_riskoff0,0.9548285278,1.7112847757,1.2538239693
2015-08-12,8,ret60_ret5_top5_riskoff0,0.9548285278,1.6910783556,1.2382416222
2015-08-13,8,ret60_ret5_top5_riskoff0,0.9548285278,1.7297327026,1.2565340767
2015-08-14,8,ret60_ret5_top5_riskoff0,0.9548285278,1.7393004126,1.2559421079
2015-08-17,8,ret60_ret5_top5_riskoff0,0.9548285278,1.7713119291,1.2572771210
2015-08-18,8,ret60_ret5_top5_riskoff0,0.9548285278,1.6521745747,1.1794393817
2015-08-19,8,ret60_ret5_top5_riskoff0,0.9548285278,1.6868524103,1.1981634802
2015-08-20,8,ret60_ret5_top5_riskoff0,0.9548285278,1.6364063992,1.1597194189
2015-08-21,8,ret60_ret5_top5_riskoff0,0.9548285278,1.5567738949,1.1067166234
2015-08-24,8,ret60_ret5_top5_riskoff0,0.9548285278,1.4380648737,1.0099019655
2015-08-25,8,ret60_ret5_top5_riskoff0,0.9548285278,1.3431853278,0.9381874042
2015-08-26,8,ret60_ret5_top5_riskoff0,0.9548285278,1.3100653199,0.9328720171
2015-08-27,8,ret60_ret5_top5_riskoff0,0.9548285278,1.3544206278,0.9883536822
2015-08-28,8,ret60_ret5_top5_riskoff0,0.9548285278,1.4249222908,1.0304852162
2015-08-31,8,ret60_ret5_top5_riskoff0,0.9548285278,1.3893722615,1.0379619063
2015-09-01,8,ret60_ret5_top5_riskoff0,0.9548285278,1.3337702724,1.0365868120
2015-09-07,8,ret60_ret5_top5_riskoff0,0.9548285278,1.3072802084,1.0021817049
2015-09-08,8,ret60_ret5_top5_riskoff0,0.9548285278,1.3525096684,1.0279354337
2015-09-09,8,ret60_ret5_top5_riskoff0,0.9548285278,1.3912344327,1.0480654582
2015-09-10,8,ret60_ret5_top5_riskoff0,0.9548285278,1.3710562837,1.0351932186
2015-09-11,8,ret60_ret5_top5_riskoff0,0.9548285278,1.3782370013,1.0319959701
2015-09-14,8,ret60_ret5_top5_riskoff0,0.9548285278,1.3067793202,1.0116285414
2015-09-15,8,ret60_ret5_top5_riskoff0,0.9548285278,1.2462097616,0.9718864650
2015-09-16,8,ret60_ret5_top5_riskoff0,0.9548285278,1.3209649454,1.0202984187
2015-09-17,8,ret60_ret5_top5_riskoff0,0.9548285278,1.2941509044,0.9980225070
2015-09-18,8,ret60_ret5_top5_riskoff0,0.9548285278,1.3048417807,1.0024221923
2015-09-21,8,ret60_ret5_top5_riskoff0,0.9548285278,1.3400040992,1.0199901016
2015-09-22,8,ret60_ret5_top5_riskoff0,0.9548285278,1.3481885126,1.0294801024
2015-09-23,8,ret60_ret5_top5_riskoff0,0.9548285278,1.3287337415,1.0060480016
2015-09-24,8,ret60_ret5_top5_riskoff0,0.9548285278,1.3431100011,1.0128217286
2015-09-25,8,ret60_ret5_top5_riskoff0,0.9548285278,1.3065576704,0.9964655056
2015-09-28,8,ret60_ret5_top5_riskoff0,0.9548285278,1.3234492748,0.9997953304
2015-09-29,8,ret60_ret5_top5_riskoff0,0.9548285278,1.3022674163,0.9800938667
2015-09-30,8,ret60_ret5_top5_riskoff0,0.9548285278,1.3064701930,0.9875243092
2015-10-08,8,ret60_ret5_top5_riskoff0,0.9548285278,1.3542167707,1.0163612091
2015-10-09,8,ret60_ret5_top5_riskoff0,0.9548285278,1.3720035322,1.0298161681
2015-10-12,8,ret60_ret5_top5_riskoff0,0.9548285278,1.4221152557,1.0629818403
2015-10-13,8,ret60_ret5_top5_riskoff0,0.9548285278,1.4327181277,1.0621648000
2015-10-14,8,ret60_ret5_top5_riskoff0,0.9548285278,1.4150806879,1.0501620146
2015-10-15,8,ret60_ret5_top5_riskoff0,0.9548285278,1.4521371422,1.0750432060
2015-10-16,8,ret60_ret5_top5_riskoff0,0.9548285278,1.4725803634,1.0896142729
2015-10-19,8,ret60_ret5_top5_riskoff0,0.9548285278,1.4746807324,1.0896481878
2015-10-20,8,ret60_ret5_top5_riskoff0,0.9548285278,1.4913970582,1.1030661487
2015-10-21,8,ret60_ret5_top5_riskoff0,0.9548285278,1.4121831121,1.0708624258
2015-10-22,8,ret60_ret5_top5_riskoff0,0.9548285278,1.4583066616,1.0866729276
2015-10-23,8,ret60_ret5_top5_riskoff0,0.9548285278,1.4966224529,1.1010744201
2015-10-26,8,ret60_ret5_top5_riskoff0,0.9548285278,1.5056088832,1.1066302946
2015-10-27,8,ret60_ret5_top5_riskoff0,0.9548285278,1.5109106518,1.1077464025
2015-10-28,8,ret60_ret5_top5_riskoff0,0.9548285278,1.4814981779,1.0867931713
2015-10-29,8,ret60_ret5_top5_riskoff0,0.9548285278,1.4934301252,1.0893799519
2015-10-30,8,ret60_ret5_top5_riskoff0,0.9548285278,1.4879086363,1.0896173561
2015-11-02,8,ret60_ret5_top5_riskoff0,0.9548285278,1.4633185676,1.0716979652
2015-11-03,8,ret60_ret5_top5_riskoff0,0.9548285278,1.4630923334,1.0684698850
2015-11-04,8,ret60_ret5_top5_riskoff0,0.9548285278,1.5276176466,1.1187409909
2015-11-05,8,ret60_ret5_top5_riskoff0,0.9548285278,1.5347735424,1.1426139853
2015-11-06,8,ret60_ret5_top5_riskoff0,0.9548285278,1.5648216451,1.1695609013
2015-11-09,8,ret60_ret5_top5_riskoff0,0.9548285278,1.5846303606,1.1840456394
2015-11-10,8,ret60_ret5_top5_riskoff0,0.9548285278,1.5926372588,1.1818535047
2015-11-11,8,ret60_ret5_top5_riskoff0,0.9548285278,1.6119549811,1.1819799147
2015-11-12,8,ret60_ret5_top5_riskoff0,0.9548285278,1.6157368542,1.1701621196
2015-11-13,8,ret60_ret5_top5_riskoff0,0.9548285278,1.5865052277,1.1550299156
2015-11-16,8,ret60_ret5_top5_riskoff0,0.9548285278,1.6132958653,1.1605457088
2015-11-17,8,ret60_ret5_top5_riskoff0,0.9548285278,1.6059989622,1.1587759685
2015-11-18,8,ret60_ret5_top5_riskoff0,0.9548285278,1.5859658830,1.1455769128
2015-11-19,8,ret60_ret5_top5_riskoff0,0.9548285278,1.6209987794,1.1638878663
2015-11-20,8,ret60_ret5_top5_riskoff0,0.9548285278,1.6417964665,1.1637059592
2015-11-23,8,ret60_ret5_top5_riskoff0,0.9548285278,1.6290506280,1.1572189671
2015-11-24,8,ret60_ret5_top5_riskoff0,0.9548285278,1.6414299883,1.1573885415
2015-11-25,8,ret60_ret5_top5_riskoff0,0.9548285278,1.6648187915,1.1659350920
2015-11-26,8,ret60_ret5_top5_riskoff0,0.9548285278,1.6600813079,1.1590966183
2015-11-27,8,ret60_ret5_top5_riskoff0,0.9548285278,1.5679837438,1.0966809012
2015-11-30,8,ret60_ret5_top5_riskoff0,0.9548285278,1.5796145225,1.0995852484
2015-12-01,8,ret60_ret5_top5_riskoff0,0.9548285278,1.5886351296,1.1073825883
2015-12-02,8,ret60_ret5_top5_riskoff0,0.9548285278,1.5918948718,1.1475408928
2015-12-03,8,ret60_ret5_top5_riskoff0,0.9548285278,1.6193734885,1.1559733659
2015-12-04,8,ret60_ret5_top5_riskoff0,0.9548285278,1.6129525182,1.1338639455
2015-12-07,8,ret60_ret5_top5_riskoff0,0.9548285278,1.6299458486,1.1369532830
2015-12-08,8,ret60_ret5_top5_riskoff0,0.9548285278,1.5979759842,1.1170390804
2015-12-09,8,ret60_ret5_top5_riskoff0,0.9548285278,1.5932619739,1.1210225376
2015-12-10,8,ret60_ret5_top5_riskoff0,0.9548285278,1.5882185906,1.1170575795
2015-12-11,8,ret60_ret5_top5_riskoff0,0.9548285278,1.5787817573,1.1124266564
2015-12-14,8,ret60_ret5_top5_riskoff0,0.9548285278,1.6073960231,1.1442634818
2015-12-15,8,ret60_ret5_top5_riskoff0,0.9548285278,1.6210134324,1.1390436731
2015-12-16,8,ret60_ret5_top5_riskoff0,0.9548285278,1.6271211294,1.1362842349
2015-12-17,8,ret60_ret5_top5_riskoff0,0.9548285278,1.6658470629,1.1580051757
2015-12-18,8,ret60_ret5_top5_riskoff0,0.9548285278,1.6688767134,1.1617111475
2015-12-21,8,ret60_ret5_top5_riskoff0,0.9548285278,1.6991956731,1.1919416408
2015-12-22,8,ret60_ret5_top5_riskoff0,0.9538736993,1.7111484959,1.1952622161
2015-12-23,8,ret60_ret5_top5_riskoff0,0.9411823231,1.6940992200,1.1920711340
2015-12-24,8,ret60_ret5_top5_riskoff0,0.9404981133,1.6880840805,1.1806695670
2015-12-25,8,ret60_ret5_top5_riskoff0,0.9455627473,1.6970458610,1.1833827576
2015-12-28,8,ret60_ret5_top5_riskoff0,0.9197400738,1.6556428026,1.1492921340
2015-12-29,8,ret60_ret5_top5_riskoff0,0.9270462813,1.6720797567,1.1598489121
2015-12-30,8,ret60_ret5_top5_riskoff0,0.9335305534,1.6821529268,1.1608694417
2015-12-31,8,ret60_ret5_top5_riskoff0,0.9193527789,1.6600936519,1.1503311627
2016-01-04,8,ret60_ret5_top5_riskoff0,0.8467643161,1.5303407899,1.0695736603
2016-01-05,8,ret60_ret5_top5_riskoff0,0.8339678354,1.5126965622,1.0725674195
2016-01-06,8,ret60_ret5_top5_riskoff0,0.8579013560,1.5501196857,1.0913840131
2016-01-07,9,ret60_ret5_top5_riskoff0,0.8579013560,1.5501196857,1.0913840131
2016-01-08,9,ret60_ret5_top5_riskoff0,0.8695894968,1.5707840565,1.1136398482
2016-01-11,9,ret60_ret5_top5_riskoff0,0.8153503256,1.4749381386,1.0576159680
2016-01-12,9,ret60_ret5_top5_riskoff0,0.8111487748,1.4728733450,1.0653216948
2016-01-13,9,ret60_ret5_top5_riskoff0,0.7826281082,1.4272863833,1.0455008164
2016-01-14,9,ret60_ret5_top5_riskoff0,0.8066115366,1.4685984789,1.0672630344
2016-01-15,9,ret60_ret5_top5_riskoff0,0.7757565984,1.4140089762,1.0331935184
2016-01-18,9,ret60_ret5_top5_riskoff0,0.7877351391,1.4341746343,1.0371689579
2016-01-19,9,ret60_ret5_top5_riskoff0,0.8156786391,1.4853747717,1.0677798415
2016-01-20,9,ret60_ret5_top5_riskoff0,0.8079624315,1.4727556120,1.0516296188
2016-01-21,9,ret60_ret5_top5_riskoff0,0.8079624315,1.4149104387,1.0208100246
2016-01-22,9,ret60_ret5_top5_riskoff0,0.8079624315,1.4331619316,1.0314476380
2016-01-25,9,ret60_ret5_top5_riskoff0,0.8079624315,1.4487345771,1.0365593905
2016-01-26,9,ret60_ret5_top5_riskoff0,0.8079624315,1.3510672038,0.9741516171
2016-01-27,9,ret60_ret5_top5_riskoff0,0.8079624315,1.3334656692,0.9707857451
2016-01-28,9,ret60_ret5_top5_riskoff0,0.8079624315,1.2828360425,0.9454125029
2016-01-29,9,ret60_ret5_top5_riskoff0,0.8079624315,1.3272123811,0.9760001965
2016-02-01,9,ret60_ret5_top5_riskoff0,0.8079624315,1.3126799302,0.9610790471
2016-02-02,9,ret60_ret5_top5_riskoff0,0.8079624315,1.3528808653,0.9810490046
2016-02-03,9,ret60_ret5_top5_riskoff0,0.8079624315,1.3579256394,0.9768449774
2016-02-04,9,ret60_ret5_top5_riskoff0,0.8079624315,1.3836797555,0.9888110500
2016-02-05,9,ret60_ret5_top5_riskoff0,0.8079624315,1.3733957323,0.9818639696
2016-02-15,9,ret60_ret5_top5_riskoff0,0.8079624315,1.3748158533,0.9762055942
2016-02-16,9,ret60_ret5_top5_riskoff0,0.8079624315,1.4259283592,1.0061307145
2016-02-17,9,ret60_ret5_top5_riskoff0,0.8079624315,1.4435244771,1.0148369269
2016-02-18,9,ret60_ret5_top5_riskoff0,0.8079624315,1.4415456100,1.0116499496
2016-02-19,9,ret60_ret5_top5_riskoff0,0.8079624315,1.4442249014,1.0109509348
2016-02-22,9,ret60_ret5_top5_riskoff0,0.8079624315,1.4725066905,1.0332398986
2016-02-23,9,ret60_ret5_top5_riskoff0,0.8079624315,1.4666673144,1.0234636304
2016-02-24,9,ret60_ret5_top5_riskoff0,0.8079624315,1.4756446309,1.0301523073
2016-02-25,9,ret60_ret5_top5_riskoff0,0.8079624315,1.3703995073,0.9669428203
2016-02-26,9,ret60_ret5_top5_riskoff0,0.8079624315,1.3754627171,0.9766428925
2016-02-29,9,ret60_ret5_top5_riskoff0,0.8079624315,1.3089709119,0.9532673087
2016-03-01,9,ret60_ret5_top5_riskoff0,0.8079624315,1.3371549016,0.9708983825
2016-03-02,9,ret60_ret5_top5_riskoff0,0.8079624315,1.3998180474,1.0108648003
2016-03-03,9,ret60_ret5_top5_riskoff0,0.8079624315,1.4040426226,1.0132136224
2016-03-04,9,ret60_ret5_top5_riskoff0,0.8079624315,1.3767954528,1.0249643588
2016-03-07,9,ret60_ret5_top5_riskoff0,0.8079624315,1.4031971063,1.0285919473
2016-03-08,9,ret60_ret5_top5_riskoff0,0.8079624315,1.4052158167,1.0295294884
2016-03-09,9,ret60_ret5_top5_riskoff0,0.8079624315,1.3750059056,1.0176826789
2016-03-10,9,ret60_ret5_top5_riskoff0,0.8079624315,1.3557491430,0.9982162772
2016-03-11,9,ret60_ret5_top5_riskoff0,0.8079624315,1.3527920478,0.9999157775
2016-03-14,9,ret60_ret5_top5_riskoff0,0.8079624315,1.3934326617,1.0156220762
2016-03-15,9,ret60_ret5_top5_riskoff0,0.8079624315,1.3862433627,1.0186334715
2016-03-16,9,ret60_ret5_top5_riskoff0,0.8079624315,1.3733526937,1.0236855925
2016-03-17,9,ret60_ret5_top5_riskoff0,0.8079624315,1.4102547602,1.0350056563
2016-03-18,9,ret60_ret5_top5_riskoff0,0.8079624315,1.4520513929,1.0508279052
2016-03-21,9,ret60_ret5_top5_riskoff0,0.8079624315,1.4857897939,1.0764959925
2016-03-22,9,ret60_ret5_top5_riskoff0,0.8079624315,1.4820384840,1.0686610639
2016-03-23,9,ret60_ret5_top5_riskoff0,0.8079624315,1.4910304896,1.0720733161
2016-03-24,9,ret60_ret5_top5_riskoff0,0.8079624315,1.4707476753,1.0541043299
2016-03-25,9,ret60_ret5_top5_riskoff0,0.8079624315,1.4847113002,1.0593949772
2016-03-28,9,ret60_ret5_top5_riskoff0,0.8079624315,1.4786086152,1.0500891360
2016-03-29,9,ret60_ret5_top5_riskoff0,0.8079624315,1.4528051543,1.0387193793
2016-03-30,9,ret60_ret5_top5_riskoff0,0.8079624315,1.4992833067,1.0655105282
2016-03-31,9,ret60_ret5_top5_riskoff0,0.8079624315,1.5026906719,1.0661101569
2016-04-01,9,ret60_ret5_top5_riskoff0,0.8079624315,1.4987777241,1.0673690461
2016-04-05,9,ret60_ret5_top5_riskoff0,0.8079624315,1.5335841462,1.0814818561
2016-04-06,9,ret60_ret5_top5_riskoff0,0.8079624315,1.5397897498,1.0791761012
2016-04-07,9,ret60_ret5_top5_riskoff0,0.8079624315,1.5159184740,1.0631948347
2016-04-08,9,ret60_ret5_top5_riskoff0,0.8079624315,1.5027303811,1.0553897219
2016-04-11,9,ret60_ret5_top5_riskoff0,0.8079624315,1.5294991343,1.0700889092
2016-04-12,9,ret60_ret5_top5_riskoff0,0.8079624315,1.5190923051,1.0662294201
2016-04-13,9,ret60_ret5_top5_riskoff0,0.8079624315,1.5394037805,1.0804515547
2016-04-14,9,ret60_ret5_top5_riskoff0,0.8079624315,1.5528382144,1.0852386464
2016-04-15,9,ret60_ret5_top5_riskoff0,0.8079624315,1.5526076047,1.0840393888
2016-04-20,9,ret60_ret5_top5_riskoff0,0.8079624315,1.4777454325,1.0538326748
2016-04-21,9,ret60_ret5_top5_riskoff0,0.8079624315,1.4648831769,1.0470644892
2016-04-22,9,ret60_ret5_top5_riskoff0,0.8079624315,1.4758951930,1.0518018879
2016-04-25,9,ret60_ret5_top5_riskoff0,0.8079624315,1.4693813341,1.0475382291
2016-04-26,9,ret60_ret5_top5_riskoff0,0.8079624315,1.4844508984,1.0532131689
2016-04-27,9,ret60_ret5_top5_riskoff0,0.8079624315,1.4822340298,1.0488269340
2016-04-28,9,ret60_ret5_top5_riskoff0,0.8079624315,1.4774414229,1.0470578635
2016-04-29,9,ret60_ret5_top5_riskoff0,0.8079624315,1.4805444711,1.0457890357
2016-05-03,9,ret60_ret5_top5_riskoff0,0.8079624315,1.5233564735,1.0646028028
2016-05-04,9,ret60_ret5_top5_riskoff0,0.8079624315,1.5243219828,1.0632511534
2016-05-05,9,ret60_ret5_top5_riskoff0,0.8079624315,1.5315508796,1.0647286917
2016-05-06,9,ret60_ret5_top5_riskoff0,0.8079624315,1.4767520161,1.0370430690
2016-05-09,9,ret60_ret5_top5_riskoff0,0.8079624315,1.4272299218,1.0155988861
2016-05-10,9,ret60_ret5_top5_riskoff0,0.8079624315,1.4292008766,1.0167550764
2016-05-11,9,ret60_ret5_top5_riskoff0,0.8079624315,1.4316648807,1.0212937031
2016-05-12,9,ret60_ret5_top5_riskoff0,0.8079624315,1.4289562448,1.0237220340
2016-05-13,9,ret60_ret5_top5_riskoff0,0.8079624315,1.4249354482,1.0186864774
2016-05-16,9,ret60_ret5_top5_riskoff0,0.8079624315,1.4492400481,1.0254347858
2016-05-17,9,ret60_ret5_top5_riskoff0,0.8079624315,1.4408887271,1.0223571331
2016-05-18,9,ret60_ret5_top5_riskoff0,0.8079624315,1.4047895274,1.0164005997
2016-05-19,9,ret60_ret5_top5_riskoff0,0.8079624315,1.4100401808,1.0145652718
2016-05-20,9,ret60_ret5_top5_riskoff0,0.8079624315,1.4230648274,1.0197730975
2016-05-23,9,ret60_ret5_top5_riskoff0,0.8079624315,1.4406367648,1.0227546771
2016-05-24,9,ret60_ret5_top5_riskoff0,0.8079624315,1.4277987484,1.0149164357
2016-05-25,9,ret60_ret5_top5_riskoff0,0.8079624315,1.4203605903,1.0134819646
2016-05-26,9,ret60_ret5_top5_riskoff0,0.8079624315,1.4252222988,1.0151317720
2016-05-27,9,ret60_ret5_top5_riskoff0,0.8079624315,1.4261153153,1.0145652718
2016-05-30,9,ret60_ret5_top5_riskoff0,0.8079624315,1.4192512063,1.0159599885
2016-05-31,9,ret60_ret5_top5_riskoff0,0.8079624315,1.4701658115,1.0500328173
2016-06-01,9,ret60_ret5_top5_riskoff0,0.8079624315,1.4793761157,1.0470479249
2016-06-02,9,ret60_ret5_top5_riskoff0,0.8079624315,1.4915424795,1.0492178522
2016-06-03,9,ret60_ret5_top5_riskoff0,0.8079624315,1.4999400083,1.0565823538
2016-06-06,9,ret60_ret5_top5_riskoff0,0.8079624315,1.5060553033,1.0530905928
2016-06-07,9,ret60_ret5_top5_riskoff0,0.8079624315,1.5061553809,1.0525141541
2016-06-08,9,ret60_ret5_top5_riskoff0,0.8079624315,1.5000962573,1.0481875508
2016-06-13,9,ret60_ret5_top5_riskoff0,0.8079624315,1.4400681770,1.0158374125
2016-06-14,9,ret60_ret5_top5_riskoff0,0.8079624315,1.4467949013,1.0190310155
2016-06-15,9,ret60_ret5_top5_riskoff0,0.8079624315,1.4869658391,1.0324116820
2016-06-16,9,ret60_ret5_top5_riskoff0,0.8079624315,1.4852237042,1.0252227624
2016-06-17,9,ret60_ret5_top5_riskoff0,0.8079624315,1.4941782230,1.0304206494
2016-06-20,9,ret60_ret5_top5_riskoff0,0.8079624315,1.4962820052,1.0311859215
2016-06-21,9,ret60_ret5_top5_riskoff0,0.8079624315,1.4831580631,1.0290822515
2016-06-22,9,ret60_ret5_top5_riskoff0,0.8079624315,1.5012430749,1.0382390137
2016-06-23,9,ret60_ret5_top5_riskoff0,0.8079624315,1.4900542621,1.0327264043
2016-06-24,9,ret60_ret5_top5_riskoff0,0.8079624315,1.4772107584,1.0194219337
2016-06-27,9,ret60_ret5_top5_riskoff0,0.8079624315,1.5073397459,1.0337931472
2016-06-28,9,ret60_ret5_top5_riskoff0,0.8079624315,1.5195546532,1.0390473530
2016-06-29,9,ret60_ret5_top5_riskoff0,0.8079624315,1.5250100910,1.0440133394
2016-06-30,9,ret60_ret5_top5_riskoff0,0.8079624315,1.5262117955,1.0448514946
2016-07-01,9,ret60_ret5_top5_riskoff0,0.8079624315,1.5251553190,1.0449442548
2016-07-05,9,ret60_ret5_top5_riskoff0,0.8079624315,1.5581287359,1.0625620773
2016-07-06,9,ret60_ret5_top5_riskoff0,0.8079624315,1.5719373194,1.0656827972
2016-07-07,9,ret60_ret5_top5_riskoff0,0.8079624315,1.5734158193,1.0634134839
2016-07-08,9,ret60_ret5_top5_riskoff0,0.8079624315,1.5662366073,1.0575596493
2016-07-11,9,ret60_ret5_top5_riskoff0,0.8079624315,1.5667079108,1.0612203664
2016-07-12,9,ret60_ret5_top5_riskoff0,0.8079624315,1.5896469428,1.0843607368
2016-07-13,9,ret60_ret5_top5_riskoff0,0.8079624315,1.5974104868,1.0875709042
2016-07-14,9,ret60_ret5_top5_riskoff0,0.8079624315,1.5962089506,1.0855467429
2016-07-15,9,ret60_ret5_top5_riskoff0,0.8079624315,1.5980241199,1.0853877253
2016-07-18,9,ret60_ret5_top5_riskoff0,0.8079624315,1.5939097495,1.0806635781
2016-07-19,10,ret60_ret5_top5_riskoff0,0.8079624315,1.5939097495,1.0806635781
2016-07-20,10,ret60_ret5_top5_riskoff0,0.8079624315,1.5926126834,1.0771303778
2016-07-21,10,ret60_ret5_top5_riskoff0,0.8079624315,1.5966886947,1.0820908314
2016-07-22,10,ret60_ret5_top5_riskoff0,0.8071544691,1.5806690085,1.0729883492
2016-07-25,10,ret60_ret5_top5_riskoff0,0.8073570206,1.5829158903,1.0748946805
2016-07-26,10,ret60_ret5_top5_riskoff0,0.8215266983,1.6047094589,1.0877699019
2016-07-27,10,ret60_ret5_top5_riskoff0,0.7921921564,1.5495089961,1.0706861133
2016-07-28,10,ret60_ret5_top5_riskoff0,0.7950847384,1.5542129044,1.0716509231
2016-07-29,10,ret60_ret5_top5_riskoff0,0.7910415205,1.5437542908,1.0659252756
2016-08-01,10,ret60_ret5_top5_riskoff0,0.7779026654,1.5201562635,1.0569026398
2016-08-02,10,ret60_ret5_top5_riskoff0,0.7813913738,1.5325302012,1.0609748028
2016-08-03,10,ret60_ret5_top5_riskoff0,0.7853975203,1.5415554924,1.0624586139
2016-08-04,10,ret60_ret5_top5_riskoff0,0.7878798545,1.5486111118,1.0650469659
2016-08-05,10,ret60_ret5_top5_riskoff0,0.7850345051,1.5452113814,1.0663178534
2016-08-08,10,ret60_ret5_top5_riskoff0,0.7897542227,1.5585960436,1.0759892406
2016-08-09,10,ret60_ret5_top5_riskoff0,0.7983753433,1.5760064855,1.0835746424
2016-08-10,10,ret60_ret5_top5_riskoff0,0.7976610469,1.5708715808,1.0790367091
2016-08-11,10,ret60_ret5_top5_riskoff0,0.7881904066,1.5520740647,1.0757164323
2016-08-12,10,ret60_ret5_top5_riskoff0,0.7924929232,1.5695974061,1.0959674589
2016-08-15,10,ret60_ret5_top5_riskoff0,0.8073545449,1.6038901273,1.1289672835
2016-08-16,10,ret60_ret5_top5_riskoff0,0.8105582913,1.6119149047,1.1239203298
2016-08-17,10,ret60_ret5_top5_riskoff0,0.8117138093,1.6154059979,1.1221903259
2016-08-18,10,ret60_ret5_top5_riskoff0,0.8093744545,1.6167832302,1.1193424733
2016-08-19,10,ret60_ret5_top5_riskoff0,0.8091476193,1.6196284099,1.1195188006
2016-08-22,10,ret60_ret5_top5_riskoff0,0.8012223491,1.6024635401,1.1101268755
2016-08-23,10,ret60_ret5_top5_riskoff0,0.8008608741,1.6033902229,1.1118036485
2016-08-24,10,ret60_ret5_top5_riskoff0,0.8006302938,1.6036328572,1.1078213126
2016-08-25,10,ret60_ret5_top5_riskoff0,0.7940463853,1.5909359532,1.1008713546
2016-08-26,10,ret60_ret5_top5_riskoff0,0.7975820752,1.5947998329,1.1002458916
2016-08-29,10,ret60_ret5_top5_riskoff0,0.7982989216,1.5982621031,1.1004754499
2016-08-30,10,ret60_ret5_top5_riskoff0,0.7976781340,1.5973787381,1.1018760876
2016-08-31,10,ret60_ret5_top5_riskoff0,0.8004341573,1.6029720940,1.1071326380
2016-09-01,10,ret60_ret5_top5_riskoff0,0.7960241834,1.5920002958,1.0984127529
2016-09-02,10,ret60_ret5_top5_riskoff0,0.7934979441,1.5911389072,1.1025813969
2016-09-05,10,ret60_ret5_top5_riskoff0,0.7966913736,1.5985446799,1.1044344973
2016-09-06,10,ret60_ret5_top5_riskoff0,0.8063177364,1.6208899775,1.1120698030
2016-09-07,10,ret60_ret5_top5_riskoff0,0.8053576583,1.6192662258,1.1114676286
2016-09-08,10,ret60_ret5_top5_riskoff0,0.8064102374,1.6213937940,1.1110484353
2016-09-09,10,ret60_ret5_top5_riskoff0,0.8004515595,1.6097565429,1.1038888807
2016-09-12,10,ret60_ret5_top5_riskoff0,0.7757118794,1.5686613973,1.0854443774
2016-09-13,10,ret60_ret5_top5_riskoff0,0.7811699010,1.5785256777,1.0846891642
2016-09-14,10,ret60_ret5_top5_riskoff0,0.7790850646,1.5707470536,1.0775029941
2016-09-19,10,ret60_ret5_top5_riskoff0,0.7865568809,1.5872410194,1.0856173778
2016-09-20,10,ret60_ret5_top5_riskoff0,0.7850023756,1.5863324465,1.0837143735
2016-09-21,10,ret60_ret5_top5_riskoff0,0.7857352358,1.5893996317,1.0867884574
2016-09-22,10,ret60_ret5_top5_riskoff0,0.7898486426,1.5999210616,1.0949327835
2016-09-23,10,ret60_ret5_top5_riskoff0,0.7860773762,1.5908448087,1.0897926757
2016-09-26,10,ret60_ret5_top5_riskoff0,0.7714293619,1.5579779660,1.0713648071
2016-09-27,10,ret60_ret5_top5_riskoff0,0.7779030250,1.5702980309,1.0781750340
2016-09-28,10,ret60_ret5_top5_riskoff0,0.7765009425,1.5675543575,1.0748946805
2016-09-29,10,ret60_ret5_top5_riskoff0,0.7791218629,1.5723491756,1.0793860368
2016-09-30,10,ret60_ret5_top5_riskoff0,0.7839993532,1.5809083082,1.0823436781
2016-10-10,10,ret60_ret5_top5_riskoff0,0.7974580780,1.6043048895,1.0958476894
2016-10-11,10,ret60_ret5_top5_riskoff0,0.8019359169,1.6149472891,1.1000695643
2016-10-12,10,ret60_ret5_top5_riskoff0,0.8035526549,1.6159691101,1.0978904248
2016-10-13,10,ret60_ret5_top5_riskoff0,0.8029786996,1.6173404417,1.0987687345
2016-10-14,10,ret60_ret5_top5_riskoff0,0.8032312627,1.6176530933,1.0998333523
2016-10-17,10,ret60_ret5_top5_riskoff0,0.7967250650,1.6056116159,1.0905279274
2016-10-18,10,ret60_ret5_top5_riskoff0,0.8068147693,1.6276895061,1.1049834408
2016-10-19,10,ret60_ret5_top5_riskoff0,0.8062570061,1.6272563358,1.1032900331
2016-10-20,10,ret60_ret5_top5_riskoff0,0.8065186485,1.6297491958,1.1040751888
2016-10-21,10,ret60_ret5_top5_riskoff0,0.8036619261,1.6249499299,1.1071160033
2016-10-24,10,ret60_ret5_top5_riskoff0,0.8094373120,1.6385149133,1.1203704948
2016-10-25,10,ret60_ret5_top5_riskoff0,0.8122672140,1.6457806051,1.1203272447
2016-10-26,10,ret60_ret5_top5_riskoff0,0.8109723054,1.6436443137,1.1161186775
2016-10-27,10,ret60_ret5_top5_riskoff0,0.8091714722,1.6413719090,1.1130911707
2016-10-28,10,ret60_ret5_top5_riskoff0,0.8039842306,1.6293353296,1.1112380703
2016-10-31,10,ret60_ret5_top5_riskoff0,0.8030092882,1.6290901655,1.1099572021
2016-11-01,10,ret60_ret5_top5_riskoff0,0.8125780972,1.6469440784,1.1175326230
2016-11-02,10,ret60_ret5_top5_riskoff0,0.8080029822,1.6393385015,1.1089824114
2016-11-03,10,ret60_ret5_top5_riskoff0,0.8116101731,1.6473471064,1.1195420891
2016-11-04,10,ret60_ret5_top5_riskoff0,0.8070032021,1.6415363274,1.1159090809
2016-11-07,10,ret60_ret5_top5_riskoff0,0.8052657952,1.6419992459,1.1167141981
2016-11-08,10,ret60_ret5_top5_riskoff0,0.8097016962,1.6508908604,1.1215482283
2016-11-09,10,ret60_ret5_top5_riskoff0,0.8060285609,1.6450259491,1.1155364647
2016-11-10,10,ret60_ret5_top5_riskoff0,0.8152181935,1.6647479755,1.1280324160
2016-11-11,10,ret60_ret5_top5_riskoff0,0.8166437878,1.6736781146,1.1368853783
2016-11-14,10,ret60_ret5_top5_riskoff0,0.8163839592,1.6759854411,1.1412203689
2016-11-15,10,ret60_ret5_top5_riskoff0,0.8209708026,1.6828016399,1.1410939455
2016-11-16,10,ret60_ret5_top5_riskoff0,0.8219101157,1.6837217729,1.1410007915
2016-11-17,10,ret60_ret5_top5_riskoff0,0.8223037788,1.6816930468,1.1433096813
2016-11-18,10,ret60_ret5_top5_riskoff0,0.8205788266,1.6744302532,1.1369652247
2016-11-21,10,ret60_ret5_top5_riskoff0,0.8234333289,1.6786644927,1.1448334155
2016-11-22,10,ret60_ret5_top5_riskoff0,0.8266209453,1.6895955639,1.1538993014
2016-11-23,10,ret60_ret5_top5_riskoff0,0.8260890132,1.6868779320,1.1560185562
2016-11-24,10,ret60_ret5_top5_riskoff0,0.8253812464,1.6867696743,1.1606795860
2016-11-25,10,ret60_ret5_top5_riskoff0,0.8270144622,1.6920672816,1.1715120720
2016-11-28,10,ret60_ret5_top5_riskoff0,0.8345713231,1.7004886736,1.1760965824
2016-11-29,10,ret60_ret5_top5_riskoff0,0.8288709910,1.6921431603,1.1857313734
2016-11-30,10,ret60_ret5_top5_riskoff0,0.8237307814,1.6827620987,1.1770680461
2016-12-01,10,ret60_ret5_top5_riskoff0,0.8305272168,1.6955792840,1.1860640665
2016-12-02,10,ret60_ret5_top5_riskoff0,0.8145846356,1.6685486259,1.1740571739
2016-12-05,10,ret60_ret5_top5_riskoff0,0.8048113538,1.6501569230,1.1542486291
2016-12-06,10,ret60_ret5_top5_riskoff0,0.8069828467,1.6543576926,1.1508351983
2016-12-07,10,ret60_ret5_top5_riskoff0,0.8138204123,1.6679356860,1.1563579031
2016-12-08,10,ret60_ret5_top5_riskoff0,0.8112445837,1.6632308485,1.1544914951
2016-12-09,10,ret60_ret5_top5_riskoff0,0.8109437852,1.6621252104,1.1623297436
2016-12-12,10,ret60_ret5_top5_riskoff0,0.7729375736,1.5945425190,1.1342105261
2016-12-13,10,ret60_ret5_top5_riskoff0,0.7751079474,1.6026517931,1.1328331769
2016-12-14,10,ret60_ret5_top5_riskoff0,0.7710610509,1.5921388512,1.1241532149
2016-12-15,10,ret60_ret5_top5_riskoff0,0.7737957147,1.5975386482,1.1113378783
2016-12-16,10,ret60_ret5_top5_riskoff0,0.7801244697,1.6115295256,1.1132009594
2016-12-19,10,ret60_ret5_top5_riskoff0,0.7772910682,1.6108376211,1.1075285427
2016-12-20,10,ret60_ret5_top5_riskoff0,0.7759570748,1.6060645959,1.1009012970
2016-12-21,10,ret60_ret5_top5_riskoff0,0.7812199971,1.6192693030,1.1107090884
2016-12-22,10,ret60_ret5_top5_riskoff0,0.7801899359,1.6170941686,1.1097542593
2016-12-23,10,ret60_ret5_top5_riskoff0,0.7697846448,1.5973587457,1.1004155651
2016-12-26,10,ret60_ret5_top5_riskoff0,0.7722613130,1.6033627723,1.1053394224
2016-12-27,10,ret60_ret5_top5_riskoff0,0.7739746136,1.6047241156,1.1033399371
2016-12-28,10,ret60_ret5_top5_riskoff0,0.7707011733,1.5986645338,1.0985158877
2016-12-29,10,ret60_ret5_top5_riskoff0,0.7696966689,1.5947302932,1.0971418654
2016-12-30,10,ret60_ret5_top5_riskoff0,0.7717221358,1.5988922065,1.1012406439
2017-01-03,10,ret60_ret5_top5_riskoff0,0.7795249912,1.6140408458,1.1119367258
2017-01-04,10,ret60_ret5_top5_riskoff0,0.7897539186,1.6317547214,1.1206133608
2017-01-05,10,ret60_ret5_top5_riskoff0,0.7898385883,1.6318501900,1.1204403604
2017-01-06,10,ret60_ret5_top5_riskoff0,0.7854491759,1.6226804313,1.1137465760
2017-01-09,10,ret60_ret5_top5_riskoff0,0.7882279019,1.6291478188,1.1191461844
2017-01-10,10,ret60_ret5_top5_riskoff0,0.7878614504,1.6254991603,1.1172731225
2017-01-11,10,ret60_ret5_top5_riskoff0,0.7802620797,1.6080991983,1.1093650084
2017-01-12,10,ret60_ret5_top5_riskoff0,0.7736178925,1.5954840563,1.1037491496
2017-01-13,10,ret60_ret5_top5_riskoff0,0.7659248846,1.5768222860,1.1045110167
2017-01-16,10,ret60_ret5_top5_riskoff0,0.7499724258,1.5377423728,1.1043579779
2017-01-17,10,ret60_ret5_top5_riskoff0,0.7563585174,1.5502890593,1.1066568869
2017-01-18,10,ret60_ret5_top5_riskoff0,0.7580547992,1.5505209256,1.1109852236
2017-01-19,10,ret60_ret5_top5_riskoff0,0.7580547992,1.5441573667,1.1076316776
2017-01-20,10,ret60_ret5_top5_riskoff0,0.7580547992,1.5627840143,1.1161486199
2017-01-23,11,ret60_ret5_top5_riskoff0,0.7580547992,1.5627840143,1.1161486199
2017-01-24,11,ret60_ret5_top5_riskoff0,0.7580547992,1.5587769088,1.1162713801
2017-01-25,11,ret60_ret5_top5_riskoff0,0.7580547992,1.5640056868,1.1200703093
2017-01-26,11,ret60_ret5_top5_riskoff0,0.7580547992,1.5731320981,1.1240716268
2017-02-03,11,ret60_ret5_top5_riskoff0,0.7580547992,1.5674359930,1.1162846514
2017-02-06,11,ret60_ret5_top5_riskoff0,0.7580547992,1.5792958908,1.1191778097
2017-02-07,11,ret60_ret5_top5_riskoff0,0.7580547992,1.5798887361,1.1166794746
2017-02-08,11,ret60_ret5_top5_riskoff0,0.7580547992,1.5886901201,1.1225221946
2017-02-09,11,ret60_ret5_top5_riskoff0,0.7580547992,1.5990409559,1.1268353893
2017-02-10,11,ret60_ret5_top5_riskoff0,0.7580547992,1.5993419584,1.1325420777
2017-02-13,11,ret60_ret5_top5_riskoff0,0.7580547992,1.6118518853,1.1401001219
2017-02-14,11,ret60_ret5_top5_riskoff0,0.7580547992,1.6122316278,1.1399441833
2017-02-15,11,ret60_ret5_top5_riskoff0,0.7580547992,1.6020830485,1.1352693438
2017-02-16,11,ret60_ret5_top5_riskoff0,0.7580547992,1.6149953194,1.1416462363
2017-02-17,11,ret60_ret5_top5_riskoff0,0.7580547992,1.6035952628,1.1351797621
2017-02-20,11,ret60_ret5_top5_riskoff0,0.7580547992,1.6242035700,1.1517523833
2017-02-21,11,ret60_ret5_top5_riskoff0,0.7580547992,1.6331784759,1.1555446768
2017-02-22,11,ret60_ret5_top5_riskoff0,0.7572967444,1.6396170359,1.1578472592
2017-02-23,11,ret60_ret5_top5_riskoff0,0.7562912985,1.6395981147,1.1523927268
2017-02-24,11,ret60_ret5_top5_riskoff0,0.7556587402,1.6413022774,1.1525685725
2017-02-27,11,ret60_ret5_top5_riskoff0,0.7477255342,1.6272737111,1.1434013748
2017-02-28,11,ret60_ret5_top5_riskoff0,0.7509144265,1.6355300788,1.1455878327
2017-03-01,11,ret60_ret5_top5_riskoff0,0.7534660437,1.6412446944,1.1474557778
2017-03-02,11,ret60_ret5_top5_riskoff0,0.7498224097,1.6327800625,1.1397119344
2017-03-03,11,ret60_ret5_top5_riskoff0,0.7490937750,1.6342056207,1.1373098167
2017-03-06,11,ret60_ret5_top5_riskoff0,0.7570139356,1.6512869308,1.1434876387
2017-03-07,11,ret60_ret5_top5_riskoff0,0.7591074041,1.6565478397,1.1459693846
2017-03-08,11,ret60_ret5_top5_riskoff0,0.7578331147,1.6523199902,1.1442341532
2017-03-09,11,ret60_ret5_top5_riskoff0,0.7519355108,1.6408920466,1.1370045753
2017-03-10,11,ret60_ret5_top5_riskoff0,0.7547887879,1.6443189605,1.1373197703
2017-03-13,11,ret60_ret5_top5_riskoff0,0.7613280698,1.6593992982,1.1473429712
2017-03-14,11,ret60_ret5_top5_riskoff0,0.7590669332,1.6564103173,1.1468751555
2017-03-15,11,ret60_ret5_top5_riskoff0,0.7624424321,1.6594360366,1.1491810557
2017-03-16,11,ret60_ret5_top5_riskoff0,0.7662615763,1.6716903189,1.1551100395
2017-03-17,11,ret60_ret5_top5_riskoff0,0.7594740205,1.6579126592,1.1432653433
2017-03-20,11,ret60_ret5_top5_riskoff0,0.7635462073,1.6639039968,1.1445261233
2017-03-21,11,ret60_ret5_top5_riskoff0,0.7705268314,1.6736639618,1.1500801909
2017-03-22,11,ret60_ret5_top5_riskoff0,0.7690154324,1.6704748541,1.1446721083
2017-03-23,11,ret60_ret5_top5_riskoff0,0.7710845457,1.6720373711,1.1486302939
2017-03-24,11,ret60_ret5_top5_riskoff0,0.7744280667,1.6784084637,1.1577941738
2017-03-27,11,ret60_ret5_top5_riskoff0,0.7703664135,1.6716792406,1.1539587483
2017-03-28,11,ret60_ret5_top5_riskoff0,0.7687205587,1.6663908259,1.1512281643
2017-03-29,11,ret60_ret5_top5_riskoff0,0.7703037958,1.6598755393,1.1496953212
2017-03-30,11,ret60_ret5_top5_riskoff0,0.7580652028,1.6337279499,1.1402626962
2017-03-31,11,ret60_ret5_top5_riskoff0,0.7604077268,1.6382533813,1.1466628136
2017-04-06,11,ret60_ret5_top5_riskoff0,0.7761815010,1.6738557492,1.1659062977
2017-04-07,11,ret60_ret5_top5_riskoff0,0.7760725144,1.6765051674,1.1670376818
2017-04-10,11,ret60_ret5_top5_riskoff0,0.7687889321,1.6651902587,1.1629501004
2017-04-11,11,ret60_ret5_top5_riskoff0,0.7711241869,1.6739288433,1.1669945499
2017-04-12,11,ret60_ret5_top5_riskoff0,0.7703530046,1.6687247971,1.1643767724
2017-04-13,11,ret60_ret5_top5_riskoff0,0.7752847823,1.6781150591,1.1660788254
2017-04-14,11,ret60_ret5_top5_riskoff0,0.7648314006,1.6555061668,1.1567656427
2017-04-17,11,ret60_ret5_top5_riskoff0,0.7609977225,1.6384201891,1.1545891383
2017-04-18,11,ret60_ret5_top5_riskoff0,0.7618798140,1.6315982465,1.1488824499
2017-04-19,11,ret60_ret5_top5_riskoff0,0.7562389295,1.6180633718,1.1432885682
2017-04-20,11,ret60_ret5_top5_riskoff0,0.7587340010,1.6172870305,1.1484876267
2017-04-21,11,ret60_ret5_top5_riskoff0,0.7536073186,1.6092964526,1.1502261760
2017-04-24,11,ret60_ret5_top5_riskoff0,0.7353861176,1.5721784567,1.1384378830
2017-04-25,11,ret60_ret5_top5_riskoff0,0.7423485761,1.5813503638,1.1416595077
2017-04-26,11,ret60_ret5_top5_riskoff0,0.7442912602,1.5867436208,1.1430563192
2017-04-27,11,ret60_ret5_top5_riskoff0,0.7479651237,1.5917860245,1.1435672669
2017-04-28,11,ret60_ret5_top5_riskoff0,0.7455952845,1.5923180154,1.1412547310
2017-05-02,11,ret60_ret5_top5_riskoff0,0.7481535895,1.5945086759,1.1368851329
2017-05-03,11,ret60_ret5_top5_riskoff0,0.7464017339,1.5901949578,1.1324226353
2017-05-04,11,ret60_ret5_top5_riskoff0,0.7432602098,1.5843849173,1.1295228414
2017-05-05,11,ret60_ret5_top5_riskoff0,0.7372423131,1.5687886967,1.1222766742
2017-05-08,11,ret60_ret5_top5_riskoff0,0.7240655976,1.5375595220,1.1144001171
2017-05-09,11,ret60_ret5_top5_riskoff0,0.7258776481,1.5432219953,1.1123165123
2017-05-10,11,ret60_ret5_top5_riskoff0,0.7146915053,1.5197028458,1.1073961525
2017-05-11,11,ret60_ret5_top5_riskoff0,0.7179471190,1.5188886626,1.1136834632
2017-05-12,11,ret60_ret5_top5_riskoff0,0.7200311471,1.5210999685,1.1232156236
2017-05-15,11,ret60_ret5_top5_riskoff0,0.7230526455,1.5291838400,1.1277975635
2017-05-16,11,ret60_ret5_top5_riskoff0,0.7384511950,1.5592735397,1.1375719263
2017-05-17,11,ret60_ret5_top5_riskoff0,0.7352554936,1.5569927945,1.1313741972
2017-05-18,11,ret60_ret5_top5_riskoff0,0.7310185076,1.5484978582,1.1274392365
2017-05-19,11,ret60_ret5_top5_riskoff0,0.7343958831,1.5501395105,1.1293436779
2017-05-22,11,ret60_ret5_top5_riskoff0,0.7291716436,1.5321392024,1.1317955632
2017-05-23,11,ret60_ret5_top5_riskoff0,0.7211538996,1.5074940239,1.1360921687
2017-05-24,11,ret60_ret5_top5_riskoff0,0.7211538996,1.5113515638,1.1360855330
2017-05-25,11,ret60_ret5_top5_riskoff0,0.7211538996,1.5215213199,1.1564869440
2017-05-26,11,ret60_ret5_top5_riskoff0,0.7211538996,1.5212915721,1.1547517126
2017-05-31,11,ret60_ret5_top5_riskoff0,0.7211538996,1.5213062608,1.1588824260
2017-06-01,11,ret60_ret5_top5_riskoff0,0.7211538996,1.4982473439,1.1604948972
2017-06-02,11,ret60_ret5_top5_riskoff0,0.7211538996,1.5061301519,1.1567689606
2017-06-05,11,ret60_ret5_top5_riskoff0,0.7211538996,1.5129856068,1.1508764730
2017-06-06,11,ret60_ret5_top5_riskoff0,0.7211538996,1.5230976963,1.1588824260
2017-06-07,11,ret60_ret5_top5_riskoff0,0.7211538996,1.5506228009,1.1724822607
2017-06-08,11,ret60_ret5_top5_riskoff0,0.7211538996,1.5577725298,1.1814769306
2017-06-09,11,ret60_ret5_top5_riskoff0,0.7211538996,1.5597316534,1.1865167327
2017-06-12,11,ret60_ret5_top5_riskoff0,0.7211538996,1.5492486377,1.1859261568
2017-06-13,11,ret60_ret5_top5_riskoff0,0.7211538996,1.5642600859,1.1885406163
2017-06-14,11,ret60_ret5_top5_riskoff0,0.7211538996,1.5564386410,1.1729567121
2017-06-15,11,ret60_ret5_top5_riskoff0,0.7211538996,1.5639311784,1.1707967969
2017-06-16,11,ret60_ret5_top5_riskoff0,0.7211538996,1.5608837867,1.1674690013
2017-06-19,11,ret60_ret5_top5_riskoff0,0.7211538996,1.5719690336,1.1790515880
2017-06-20,11,ret60_ret5_top5_riskoff0,0.7211538996,1.5726119924,1.1766693774
2017-06-21,11,ret60_ret5_top5_riskoff0,0.7211538996,1.5827080554,1.1904284685
2017-06-22,11,ret60_ret5_top5_riskoff0,0.7204327457,1.5642502925,1.1912181149
2017-06-23,11,ret60_ret5_top5_riskoff0,0.7259103836,1.5735831433,1.2020143731
2017-06-26,11,ret60_ret5_top5_riskoff0,0.7340036011,1.5955280774,1.2170143371
2017-06-27,11,ret60_ret5_top5_riskoff0,0.7358477727,1.5967855709,1.2192140664
2017-06-28,11,ret60_ret5_top5_riskoff0,0.7276587282,1.5842321724,1.2097416273
2017-06-29,11,ret60_ret5_top5_riskoff0,0.7302703070,1.5891826945,1.2172598574
2017-06-30,11,ret60_ret5_top5_riskoff0,0.7324153276,1.5947557740,1.2165863355
2017-07-03,11,ret60_ret5_top5_riskoff0,0.7299784965,1.5979149754,1.2112943774
2017-07-04,11,ret60_ret5_top5_riskoff0,0.7237505197,1.5892212158,1.2010521988
2017-07-05,11,ret60_ret5_top5_riskoff0,0.7288444339,1.6030523692,1.2142240319
2017-07-06,11,ret60_ret5_top5_riskoff0,0.7266674132,1.6035805221,1.2143633813
2017-07-07,11,ret60_ret5_top5_riskoff0,0.7231023637,1.6087461223,1.2129798411
2017-07-10,11,ret60_ret5_top5_riskoff0,0.7215552303,1.6039915769,1.2122366445
2017-07-11,11,ret60_ret5_top5_riskoff0,0.7241102485,1.5953492507,1.2179167902
2017-07-12,11,ret60_ret5_top5_riskoff0,0.7177915424,1.5921681142,1.2139386975
2017-07-13,11,ret60_ret5_top5_riskoff0,0.7182204221,1.5926890005,1.2232618338
2017-07-14,11,ret60_ret5_top5_riskoff0,0.7172952124,1.5881364759,1.2286267844
2017-07-17,11,ret60_ret5_top5_riskoff0,0.6975838849,1.5320923388,1.2155113547
2017-07-18,11,ret60_ret5_top5_riskoff0,0.6986165771,1.5416433780,1.2167124135
2017-07-19,11,ret60_ret5_top5_riskoff0,0.7051960265,1.5656025223,1.2374721514
2017-07-20,11,ret60_ret5_top5_riskoff0,0.7114490802,1.5780706729,1.2434873991
2017-07-24,11,ret60_ret5_top5_riskoff0,0.7156118768,1.5880884894,1.2420242307
2017-07-25,11,ret60_ret5_top5_riskoff0,0.7130391995,1.5816058132,1.2340912703
2017-07-26,11,ret60_ret5_top5_riskoff0,0.7098062438,1.5765442026,1.2293898881
2017-07-27,11,ret60_ret5_top5_riskoff0,0.7091713717,1.5843766356,1.2316460207
2017-07-28,11,ret60_ret5_top5_riskoff0,0.7177123409,1.5929620927,1.2348643275
2017-07-31,11,ret60_ret5_top5_riskoff0,0.7252007650,1.6058990598,1.2401662392
2017-08-01,11,ret60_ret5_top5_riskoff0,0.7246298505,1.6070380097,1.2509525438
2017-08-02,11,ret60_ret5_top5_riskoff0,0.7212860735,1.5980440473,1.2477906403
2017-08-03,12,ret60_ret5_top5_riskoff0,0.7212860735,1.5980440473,1.2477906403
2017-08-04,12,ret60_ret5_top5_riskoff0,0.7130148957,1.5868659092,1.2410124985
2017-08-07,12,ret60_ret5_top5_riskoff0,0.7243177188,1.6054958608,1.2474425283
2017-08-08,12,ret60_ret5_top5_riskoff0,0.7250022420,1.6128801819,1.2492567273
2017-08-09,12,ret60_ret5_top5_riskoff0,0.7350146288,1.6223444605,1.2488651013
2017-08-10,12,ret60_ret5_top5_riskoff0,0.7316340884,1.6129107800,1.2438040887
2017-08-11,12,ret60_ret5_top5_riskoff0,0.7138272032,1.5841018588,1.2208521290
2017-08-14,12,ret60_ret5_top5_riskoff0,0.7286456450,1.6116464837,1.2366945711
2017-08-15,12,ret60_ret5_top5_riskoff0,0.7305997609,1.6148282904,1.2405037194
2017-08-16,12,ret60_ret5_top5_riskoff0,0.7274620895,1.6140369701,1.2389506045
2017-08-17,12,ret60_ret5_top5_riskoff0,0.7301014779,1.6237362511,1.2455982043
2017-08-18,12,ret60_ret5_top5_riskoff0,0.7271789913,1.6218960859,1.2467329154
2017-08-21,12,ret60_ret5_top5_riskoff0,0.7325057698,1.6336588106,1.2521955957
2017-08-22,12,ret60_ret5_top5_riskoff0,0.7320386547,1.6301270630,1.2559813134
2017-08-23,12,ret60_ret5_top5_riskoff0,0.7279933107,1.6223934320,1.2572499138
2017-08-24,12,ret60_ret5_top5_riskoff0,0.7242017453,1.6142080696,1.2500734515
2017-08-25,12,ret60_ret5_top5_riskoff0,0.7323799078,1.6284336831,1.2705250301
2017-08-28,12,ret60_ret5_top5_riskoff0,0.7403182636,1.6447461383,1.2862436247
2017-08-29,12,ret60_ret5_top5_riskoff0,0.7388617149,1.6432608266,1.2835089373
2017-08-30,12,ret60_ret5_top5_riskoff0,0.7438760827,1.6503835615,1.2834286038
2017-08-31,12,ret60_ret5_top5_riskoff0,0.7428326831,1.6523137292,1.2793416353
2017-09-01,12,ret60_ret5_top5_riskoff0,0.7454766970,1.6596136029,1.2821700451
2017-09-04,12,ret60_ret5_top5_riskoff0,0.7475730817,1.6665680245,1.2872176688
2017-09-05,12,ret60_ret5_top5_riskoff0,0.7490072753,1.6689506528,1.2910435533
2017-09-06,12,ret60_ret5_top5_riskoff0,0.7493476810,1.6709931877,1.2884996581
2017-09-07,12,ret60_ret5_top5_riskoff0,0.7475881546,1.6664379845,1.2819457807
2017-09-08,12,ret60_ret5_top5_riskoff0,0.7484288592,1.6702849504,1.2806470552
2017-09-11,12,ret60_ret5_top5_riskoff0,0.7530932067,1.6819173202,1.2805332494
2017-09-12,12,ret60_ret5_top5_riskoff0,0.7517480308,1.6768057428,1.2846436485
2017-09-13,12,ret60_ret5_top5_riskoff0,0.7580885664,1.6865543420,1.2862101524
2017-09-14,12,ret60_ret5_top5_riskoff0,0.7588540820,1.6865866583,1.2819759057
2017-09-15,12,ret60_ret5_top5_riskoff0,0.7578785584,1.6865369294,1.2824244346
2017-09-18,12,ret60_ret5_top5_riskoff0,0.7623816297,1.6956158906,1.2863875556
2017-09-19,12,ret60_ret5_top5_riskoff0,0.7589928118,1.6903503783,1.2826989075
2017-09-20,12,ret60_ret5_top5_riskoff0,0.7668279854,1.7023792231,1.2861532494
2017-09-21,12,ret60_ret5_top5_riskoff0,0.7572846369,1.6867151431,1.2846068289
2017-09-22,12,ret60_ret5_top5_riskoff0,0.7522233738,1.6810555811,1.2845767039
2017-09-25,12,ret60_ret5_top5_riskoff0,0.7402981117,1.6604666730,1.2779023262
2017-09-26,12,ret60_ret5_top5_riskoff0,0.7430063970,1.6620549681,1.2789031481
2017-09-27,12,ret60_ret5_top5_riskoff0,0.7495356636,1.6727344086,1.2790437318
2017-09-28,12,ret60_ret5_top5_riskoff0,0.7469278229,1.6686814280,1.2794922607
2017-09-29,12,ret60_ret5_top5_riskoff0,0.7510827634,1.6790942897,1.2841649945
2017-10-09,12,ret60_ret5_top5_riskoff0,0.7595247516,1.7001137036,1.2994651853
2017-10-10,12,ret60_ret5_top5_riskoff0,0.7615005541,1.7103656851,1.3020258166
2017-10-11,12,ret60_ret5_top5_riskoff0,0.7571668265,1.7125903021,1.3063203134
2017-10-12,12,ret60_ret5_top5_riskoff0,0.7546986839,1.7091268616,1.3097545719
2017-10-13,12,ret60_ret5_top5_riskoff0,0.7602624599,1.7200021221,1.3124490925
2017-10-16,12,ret60_ret5_top5_riskoff0,0.7524287463,1.7005062578,1.3099219335
2017-10-17,12,ret60_ret5_top5_riskoff0,0.7509642560,1.7022683639,1.3097947387
2017-10-18,12,ret60_ret5_top5_riskoff0,0.7459982608,1.7003677581,1.3202012784
2017-10-19,12,ret60_ret5_top5_riskoff0,0.7383314909,1.6906261135,1.3158800038
2017-10-20,12,ret60_ret5_top5_riskoff0,0.7482851795,1.7023467227,1.3144072224
2017-10-23,12,ret60_ret5_top5_riskoff0,0.7522449796,1.7125747955,1.3157293784
2017-10-24,12,ret60_ret5_top5_riskoff0,0.7524664898,1.7134092362,1.3253024578
2017-10-25,12,ret60_ret5_top5_riskoff0,0.7571528810,1.7269228309,1.3311768474
2017-10-26,12,ret60_ret5_top5_riskoff0,0.7641592459,1.7341603915,1.3367432917
2017-10-27,12,ret60_ret5_top5_riskoff0,0.7653165058,1.7338212610,1.3462460792
2017-10-30,12,ret60_ret5_top5_riskoff0,0.7526943523,1.7106541917,1.3421457218
2017-10-31,12,ret60_ret5_top5_riskoff0,0.7591810928,1.7218324687,1.3411415527
2017-11-01,12,ret60_ret5_top5_riskoff0,0.7603218082,1.7204965453,1.3377608498
2017-11-02,12,ret60_ret5_top5_riskoff0,0.7550195055,1.7108585042,1.3379315586
2017-11-03,12,ret60_ret5_top5_riskoff0,0.7533768964,1.7012505175,1.3364487355
2017-11-06,12,ret60_ret5_top5_riskoff0,0.7633221829,1.7215478952,1.3458845783
2017-11-07,12,ret60_ret5_top5_riskoff0,0.7670076673,1.7290482628,1.3570509394
2017-11-08,12,ret60_ret5_top5_riskoff0,0.7681536533,1.7284812290,1.3549622675
2017-11-09,12,ret60_ret5_top5_riskoff0,0.7715964247,1.7384361483,1.3642976935
2017-11-10,12,ret60_ret5_top5_riskoff0,0.7795458570,1.7487013738,1.3763510707
2017-11-13,12,ret60_ret5_top5_riskoff0,0.7797112313,1.7478165046,1.3817601952
2017-11-14,12,ret60_ret5_top5_riskoff0,0.7700214907,1.7325891365,1.3721469491
2017-11-15,12,ret60_ret5_top5_riskoff0,0.7629556530,1.7212701739,1.3635512611
2017-11-16,12,ret60_ret5_top5_riskoff0,0.7692697173,1.7284873048,1.3740414816
2017-11-17,12,ret60_ret5_top5_riskoff0,0.7456403071,1.6895412881,1.3793434948
2017-11-20,12,ret60_ret5_top5_riskoff0,0.7495941413,1.6972286870,1.3870354305
2017-11-21,12,ret60_ret5_top5_riskoff0,0.7600388229,1.7114351568,1.4117614225
2017-11-22,12,ret60_ret5_top5_riskoff0,0.7533809919,1.7065396919,1.4150651390
2017-11-23,12,ret60_ret5_top5_riskoff0,0.7255541477,1.6592753747,1.3731678544
2017-11-24,12,ret60_ret5_top5_riskoff0,0.7238894228,1.6624217954,1.3737703559
2017-11-27,12,ret60_ret5_top5_riskoff0,0.7114661713,1.6397566080,1.3556116303
2017-11-28,12,ret60_ret5_top5_riskoff0,0.7208683413,1.6568866690,1.3575764546
2017-11-29,12,ret60_ret5_top5_riskoff0,0.7129777332,1.6593968900,1.3568835779
2017-11-30,12,ret60_ret5_top5_riskoff0,0.7088132932,1.6442909804,1.3409340244
2017-12-01,12,ret60_ret5_top5_riskoff0,0.7126679182,1.6510126259,1.3382696289
2017-12-04,12,ret60_ret5_top5_riskoff0,0.7149101471,1.6457786503,1.3452050905
2017-12-05,12,ret60_ret5_top5_riskoff0,0.7068676687,1.6226828704,1.3523380388
2017-12-06,12,ret60_ret5_top5_riskoff0,0.7081401130,1.6271539075,1.3441875325
2017-12-07,12,ret60_ret5_top5_riskoff0,0.7008238162,1.6181182632,1.3292053286
2017-12-08,12,ret60_ret5_top5_riskoff0,0.7106406926,1.6338278352,1.3400235777
2017-12-11,12,ret60_ret5_top5_riskoff0,0.7281410140,1.6583204008,1.3621554660
2017-12-12,12,ret60_ret5_top5_riskoff0,0.7214139098,1.6433878180,1.3442544771
2017-12-13,12,ret60_ret5_top5_riskoff0,0.7316377544,1.6591733096,1.3556584915
2017-12-14,12,ret60_ret5_top5_riskoff0,0.7301543197,1.6572667719,1.3476452216
2017-12-15,12,ret60_ret5_top5_riskoff0,0.7224115881,1.6448687541,1.3324856145
2017-12-18,12,ret60_ret5_top5_riskoff0,0.7233448582,1.6433957519,1.3339684376
2017-12-19,12,ret60_ret5_top5_riskoff0,0.7298120515,1.6544209478,1.3507179792
2017-12-20,12,ret60_ret5_top5_riskoff0,0.7286106619,1.6482357453,1.3490979196
2017-12-21,12,ret60_ret5_top5_riskoff0,0.7370982639,1.6585143229,1.3616031729
2017-12-22,12,ret60_ret5_top5_riskoff0,0.7360708823,1.6582812336,1.3571680925
2017-12-25,12,ret60_ret5_top5_riskoff0,0.7346333578,1.6481565647,1.3527966094
2017-12-26,12,ret60_ret5_top5_riskoff0,0.7325032798,1.6541168202,1.3568400639
2017-12-27,12,ret60_ret5_top5_riskoff0,0.7208184404,1.6395602363,1.3359499981
2017-12-28,12,ret60_ret5_top5_riskoff0,0.7284858960,1.6526397394,1.3452184795
2017-12-29,12,ret60_ret5_top5_riskoff0,0.7328616068,1.6616618866,1.3492217672
2018-01-02,12,ret60_ret5_top5_riskoff0,0.7413187264,1.6783700960,1.3681470086
2018-01-03,12,ret60_ret5_top5_riskoff0,0.7466872424,1.6944218268,1.3761770147
2018-01-04,12,ret60_ret5_top5_riskoff0,0.7549098412,1.7051651657,1.3820078903
2018-01-05,12,ret60_ret5_top5_riskoff0,0.7602102805,1.7103371421,1.3853350374
2018-01-08,12,ret60_ret5_top5_riskoff0,0.7636284457,1.7199513466,1.3925014580
2018-01-09,12,ret60_ret5_top5_riskoff0,0.7765017430,1.7292221876,1.4022552878
2018-01-10,12,ret60_ret5_top5_riskoff0,0.7779570776,1.7226984843,1.4084510115
2018-01-11,12,ret60_ret5_top5_riskoff0,0.7760810485,1.7221823846,1.4077079263
2018-01-12,12,ret60_ret5_top5_riskoff0,0.7820658847,1.7247440918,1.4142049008
2018-01-15,12,ret60_ret5_top5_riskoff0,0.7768123874,1.6990382315,1.4142852343
2018-01-16,12,ret60_ret5_top5_riskoff0,0.7867142576,1.7157023877,1.4254080814
2018-01-17,12,ret60_ret5_top5_riskoff0,0.7755005923,1.7016738190,1.4219436978
2018-01-18,12,ret60_ret5_top5_riskoff0,0.7755168117,1.7023732906,1.4297427449
2018-01-19,12,ret60_ret5_top5_riskoff0,0.7709139265,1.6961212406,1.4344221732
2018-01-22,12,ret60_ret5_top5_riskoff0,0.7882980760,1.7195779435,1.4515599935
2018-01-23,12,ret60_ret5_top5_riskoff0,0.7932434039,1.7285555643,1.4669606012
2018-01-24,12,ret60_ret5_top5_riskoff0,0.7904564372,1.7273646900,1.4693973851
2018-01-25,12,ret60_ret5_top5_riskoff0,0.7864993046,1.7251592153,1.4610929061
2018-01-26,12,ret60_ret5_top5_riskoff0,0.7931561204,1.7271093538,1.4665221140
2018-01-29,12,ret60_ret5_top5_riskoff0,0.7756657285,1.7007714475,1.4399852703
2018-01-30,12,ret60_ret5_top5_riskoff0,0.7692991862,1.6915004506,1.4246147877
2018-01-31,12,ret60_ret5_top5_riskoff0,0.7723482625,1.6743156405,1.4312423042
2018-02-01,12,ret60_ret5_top5_riskoff0,0.7584710110,1.6264699408,1.4212006126
2018-02-02,12,ret60_ret5_top5_riskoff0,0.7569573109,1.6264582048,1.4296791475
2018-02-05,13,ret60_ret5_top5_riskoff0,0.7569573109,1.6264582048,1.4296791475
2018-02-06,13,ret60_ret5_top5_riskoff0,0.7310547753,1.5583462828,1.3877803817
2018-02-07,13,ret60_ret5_top5_riskoff0,0.7113217310,1.5411712868,1.3548694798
2018-02-08,13,ret60_ret5_top5_riskoff0,0.7163043129,1.5537781001,1.3420081709
2018-02-09,13,ret60_ret5_top5_riskoff0,0.6927497204,1.5020663119,1.2846758345
2018-02-12,13,ret60_ret5_top5_riskoff0,0.7090714497,1.5382746150,1.3012165815
2018-02-13,13,ret60_ret5_top5_riskoff0,0.7090714497,1.5480914782,1.3164461105
2018-02-14,13,ret60_ret5_top5_riskoff0,0.7090714497,1.5594047888,1.3269258194
2018-02-22,13,ret60_ret5_top5_riskoff0,0.7090714497,1.5913981168,1.3556154023
2018-02-23,13,ret60_ret5_top5_riskoff0,0.7090714497,1.5966517968,1.3617567190
2018-02-26,13,ret60_ret5_top5_riskoff0,0.7090714497,1.6224975191,1.3775883380
2018-02-27,13,ret60_ret5_top5_riskoff0,0.7090714497,1.6091727112,1.3577059921
2018-02-28,13,ret60_ret5_top5_riskoff0,0.7090714497,1.6068447741,1.3458849608
2018-03-01,13,ret60_ret5_top5_riskoff0,0.7090714497,1.6188035067,1.3543978427
2018-03-02,13,ret60_ret5_top5_riskoff0,0.7090714497,1.6126023260,1.3434832912
2018-03-05,13,ret60_ret5_top5_riskoff0,0.7090714497,1.6145896097,1.3440318619
2018-03-06,13,ret60_ret5_top5_riskoff0,0.7090714497,1.6338536902,1.3602414595
2018-03-07,13,ret60_ret5_top5_riskoff0,0.7090714497,1.6231417738,1.3502367327
2018-03-08,13,ret60_ret5_top5_riskoff0,0.7090714497,1.6425578770,1.3639342775
2018-03-09,13,ret60_ret5_top5_riskoff0,0.7090714497,1.6581907022,1.3743939167
2018-03-12,13,ret60_ret5_top5_riskoff0,0.7090714497,1.6708761413,1.3806824110
2018-03-13,13,ret60_ret5_top5_riskoff0,0.7090714497,1.6597393623,1.3685001257
2018-03-14,13,ret60_ret5_top5_riskoff0,0.7090714497,1.6486732416,1.3625093314
2018-03-15,13,ret60_ret5_top5_riskoff0,0.7090714497,1.6482417678,1.3701424931
2018-03-16,13,ret60_ret5_top5_riskoff0,0.7090714497,1.6395395669,1.3568496865
2018-03-19,13,ret60_ret5_top5_riskoff0,0.7083623782,1.6391592047,1.3628137213
2018-03-20,13,ret60_ret5_top5_riskoff0,0.7089777302,1.6396930188,1.3639677269
2018-03-21,13,ret60_ret5_top5_riskoff0,0.7050136914,1.6312285723,1.3583983955
2018-03-22,13,ret60_ret5_top5_riskoff0,0.6946429029,1.6194099651,1.3447844743
2018-03-23,13,ret60_ret5_top5_riskoff0,0.6741138024,1.5608425839,1.3061804781
2018-03-26,13,ret60_ret5_top5_riskoff0,0.6745740169,1.5686634303,1.2978013939
2018-03-27,13,ret60_ret5_top5_riskoff0,0.6812383073,1.5949094538,1.3089668162
2018-03-28,13,ret60_ret5_top5_riskoff0,0.6686915406,1.5725579254,1.2853682378
2018-03-29,13,ret60_ret5_top5_riskoff0,0.6817256419,1.5904686060,1.3025378343
2018-03-30,13,ret60_ret5_top5_riskoff0,0.6846996716,1.6013954875,1.3040263343
2018-04-02,13,ret60_ret5_top5_riskoff0,0.6812846961,1.6011171080,1.3001528894
2018-04-03,13,ret60_ret5_top5_riskoff0,0.6797572314,1.5919457144,1.2919778468
2018-04-04,13,ret60_ret5_top5_riskoff0,0.6834718540,1.5912775009,1.2894289996
2018-04-09,13,ret60_ret5_top5_riskoff0,0.6794333349,1.5844293123,1.2887834255
2018-04-10,13,ret60_ret5_top5_riskoff0,0.6889464637,1.5991753719,1.3136162881
2018-04-11,13,ret60_ret5_top5_riskoff0,0.6920059373,1.6079566562,1.3173525903
2018-04-12,13,ret60_ret5_top5_riskoff0,0.6870113033,1.5968517435,1.3040731635
2018-04-13,13,ret60_ret5_top5_riskoff0,0.6803620684,1.5866688313,1.2948745681
2018-04-16,13,ret60_ret5_top5_riskoff0,0.6727523876,1.5719787652,1.2740422582
2018-04-17,13,ret60_ret5_top5_riskoff0,0.6615437263,1.5433679917,1.2538990067
2018-04-18,13,ret60_ret5_top5_riskoff0,0.6610879014,1.5489989699,1.2597994876
2018-04-19,13,ret60_ret5_top5_riskoff0,0.6610879014,1.5653932997,1.2750390514
2018-04-20,13,ret60_ret5_top5_riskoff0,0.6610879014,1.5402059845,1.2579831831
2018-04-23,13,ret60_ret5_top5_riskoff0,0.6610879014,1.5332322892,1.2598162123
2018-04-24,13,ret60_ret5_top5_riskoff0,0.6610879014,1.5625218698,1.2856257985
2018-04-25,13,ret60_ret5_top5_riskoff0,0.6610879014,1.5631536817,1.2806786267
2018-04-26,13,ret60_ret5_top5_riskoff0,0.6610879014,1.5305648185,1.2561902932
2018-04-27,13,ret60_ret5_top5_riskoff0,0.6610879014,1.5307975941,1.2566552404
2018-05-02,13,ret60_ret5_top5_riskoff0,0.6610879014,1.5322770491,1.2589197673
2018-05-03,13,ret60_ret5_top5_riskoff0,0.6610879014,1.5461715156,1.2687371774
2018-05-04,13,ret60_ret5_top5_riskoff0,0.6610879014,1.5440809174,1.2625824808
2018-05-07,13,ret60_ret5_top5_riskoff0,0.6610879014,1.5715979579,1.2825150008
2018-05-08,13,ret60_ret5_top5_riskoff0,0.6610879014,1.5838872548,1.2973966557
2018-05-09,13,ret60_ret5_top5_riskoff0,0.6610879014,1.5824349351,1.2950351254
2018-05-10,13,ret60_ret5_top5_riskoff0,0.6610879014,1.5919326300,1.3022066849
2018-05-11,13,ret60_ret5_top5_riskoff0,0.6610879014,1.5799764764,1.2954432085
2018-05-14,13,ret60_ret5_top5_riskoff0,0.6610879014,1.5849316839,1.3076355286
2018-05-15,13,ret60_ret5_top5_riskoff0,0.6610879014,1.5969163231,1.3125893904
2018-05-16,13,ret60_ret5_top5_riskoff0,0.6610879014,1.5925189787,1.3021330961
2018-05-17,13,ret60_ret5_top5_riskoff0,0.6610879014,1.5803981587,1.2925030029
2018-05-18,13,ret60_ret5_top5_riskoff0,0.6610879014,1.5899150016,1.3055516286
2018-05-21,13,ret60_ret5_top5_riskoff0,0.6610879014,1.6018904121,1.3116327364
2018-05-22,13,ret60_ret5_top5_riskoff0,0.6610879014,1.6058529187,1.3066052859
2018-05-23,13,ret60_ret5_top5_riskoff0,0.6610879014,1.5878326079,1.2893353412
2018-05-24,13,ret60_ret5_top5_riskoff0,0.6610879014,1.5807788733,1.2801835750
2018-05-25,13,ret60_ret5_top5_riskoff0,0.6610879014,1.5714128386,1.2765977952
2018-05-28,13,ret60_ret5_top5_riskoff0,0.6610879014,1.5717158861,1.2822039210
2018-05-29,13,ret60_ret5_top5_riskoff0,0.6610879014,1.5588192729,1.2724199605
2018-05-30,13,ret60_ret5_top5_riskoff0,0.6610879014,1.5218960756,1.2454463338
2018-05-31,13,ret60_ret5_top5_riskoff0,0.6610879014,1.5507986847,1.2718747346
2018-06-01,13,ret60_ret5_top5_riskoff0,0.6610879014,1.5349371556,1.2612411583
2018-06-04,13,ret60_ret5_top5_riskoff0,0.6610879014,1.5417387459,1.2736141054
2018-06-05,13,ret60_ret5_top5_riskoff0,0.6610879014,1.5632597841,1.2862379232
2018-06-06,13,ret60_ret5_top5_riskoff0,0.6610879014,1.5661267040,1.2835720030
2018-06-07,13,ret60_ret5_top5_riskoff0,0.6610879014,1.5575997714,1.2814513087
2018-06-08,13,ret60_ret5_top5_riskoff0,0.6610879014,1.5400531411,1.2642616426
2018-06-11,13,ret60_ret5_top5_riskoff0,0.6610879014,1.5325529937,1.2643820605
2018-06-12,13,ret60_ret5_top5_riskoff0,0.6610879014,1.5502363575,1.2797587671
2018-06-13,13,ret60_ret5_top5_riskoff0,0.6610879014,1.5306069816,1.2671784335
2018-06-14,13,ret60_ret5_top5_riskoff0,0.6610879014,1.5210373729,1.2621710527
2018-06-15,13,ret60_ret5_top5_riskoff0,0.6610879014,1.4993047239,1.2555012348
2018-06-19,13,ret60_ret5_top5_riskoff0,0.6610879014,1.4200250467,1.2112442836
2018-06-20,13,ret60_ret5_top5_riskoff0,0.6610879014,1.4302383453,1.2160342431
2018-06-21,13,ret60_ret5_top5_riskoff0,0.6610879014,1.4034271343,1.2018282668
2018-06-22,13,ret60_ret5_top5_riskoff0,0.6610879014,1.4155789234,1.2071567623
2018-06-25,13,ret60_ret5_top5_riskoff0,0.6610879014,1.4048879865,1.1909605445
2018-06-26,13,ret60_ret5_top5_riskoff0,0.6610879014,1.4027352862,1.1811364446
2018-06-27,13,ret60_ret5_top5_riskoff0,0.6610879014,1.3824317059,1.1571030235
2018-06-28,13,ret60_ret5_top5_riskoff0,0.6610879014,1.3650922144,1.1451515394
2018-06-29,13,ret60_ret5_top5_riskoff0,0.6610879014,1.4033566767,1.1744030727
2018-07-02,13,ret60_ret5_top5_riskoff0,0.6610879014,1.3758727037,1.1399434619
2018-07-03,13,ret60_ret5_top5_riskoff0,0.6610879014,1.3785169561,1.1403849945
2018-07-04,13,ret60_ret5_top5_riskoff0,0.6610879014,1.3571135757,1.1251554654
2018-07-05,13,ret60_ret5_top5_riskoff0,0.6610879014,1.3308748429,1.1180273902
2018-07-06,13,ret60_ret5_top5_riskoff0,0.6610879014,1.3366790509,1.1256137227
2018-07-09,13,ret60_ret5_top5_riskoff0,0.6610879014,1.3675112022,1.1570762639
2018-07-10,13,ret60_ret5_top5_riskoff0,0.6610879014,1.3772061783,1.1598659471
2018-07-11,13,ret60_ret5_top5_riskoff0,0.6610879014,1.3516108928,1.1397996293
2018-07-12,13,ret60_ret5_top5_riskoff0,0.6610879014,1.3821552904,1.1643950009
2018-07-13,13,ret60_ret5_top5_riskoff0,0.6610879014,1.3893279691,1.1682851706
2018-07-16,13,ret60_ret5_top5_riskoff0,0.6610879014,1.3858300682,1.1613945864
2018-07-17,13,ret60_ret5_top5_riskoff0,0.6610879014,1.3842013736,1.1537982190
2018-07-18,13,ret60_ret5_top5_riskoff0,0.6610879014,1.3767029779,1.1477572506
2018-07-19,13,ret60_ret5_top5_riskoff0,0.6610879014,1.3656239269,1.1467604573
2018-07-20,13,ret60_ret5_top5_riskoff0,0.6610879014,1.3773716585,1.1683520694
2018-07-23,13,ret60_ret5_top5_riskoff0,0.6610879014,1.3846051374,1.1793435547
2018-07-24,13,ret60_ret5_top5_riskoff0,0.6610879014,1.4095937660,1.1980618601
2018-07-25,13,ret60_ret5_top5_riskoff0,0.6610879014,1.4073170105,1.1967372624
2018-07-26,13,ret60_ret5_top5_riskoff0,0.6610879014,1.4022709669,1.1828557457
2018-07-27,13,ret60_ret5_top5_riskoff0,0.6610879014,1.3946693856,1.1778316401
2018-07-30,13,ret60_ret5_top5_riskoff0,0.6610879014,1.3792013186,1.1757744997
2018-07-31,13,ret60_ret5_top5_riskoff0,0.6610879014,1.3829690315,1.1766374952
2018-08-01,13,ret60_ret5_top5_riskoff0,0.6610879014,1.3587441181,1.1531325752
2018-08-02,13,ret60_ret5_top5_riskoff0,0.6610879014,1.3258295051,1.1275671699
2018-08-03,13,ret60_ret5_top5_riskoff0,0.6610879014,1.3065903780,1.1089425229
2018-08-06,13,ret60_ret5_top5_riskoff0,0.6610879014,1.2783841512,1.0948904141
2018-08-07,13,ret60_ret5_top5_riskoff0,0.6610879014,1.3112276440,1.1268680766
2018-08-08,13,ret60_ret5_top5_riskoff0,0.6610879014,1.2904652834,1.1086849622
2018-08-09,13,ret60_ret5_top5_riskoff0,0.6610879014,1.3205724592,1.1364546855
2018-08-10,13,ret60_ret5_top5_riskoff0,0.6610879014,1.3284252520,1.1389600484
2018-08-13,13,ret60_ret5_top5_riskoff0,0.6610879014,1.3272489034,1.1340496709
2018-08-14,14,ret60_ret5_top5_riskoff0,0.6610879014,1.3272489034,1.1340496709
2018-08-15,14,ret60_ret5_top5_riskoff0,0.6610879014,1.2987042687,1.1068391495
2018-08-16,14,ret60_ret5_top5_riskoff0,0.6610879014,1.2852079983,1.1017117499
2018-08-17,14,ret60_ret5_top5_riskoff0,0.6610879014,1.2625158735,1.0858722878
2018-08-20,14,ret60_ret5_top5_riskoff0,0.6610879014,1.2657622991,1.0985243565
2018-08-21,14,ret60_ret5_top5_riskoff0,0.6610879014,1.2864967906,1.1184959984
2018-08-22,14,ret60_ret5_top5_riskoff0,0.6610879014,1.2741816847,1.1122086296
2018-08-23,14,ret60_ret5_top5_riskoff0,0.6610879014,1.2764184857,1.1162702026
2018-08-24,14,ret60_ret5_top5_riskoff0,0.6610879014,1.2737994031,1.1180521841
2018-08-27,14,ret60_ret5_top5_riskoff0,0.6610879014,1.3036079022,1.1453669346
2018-08-28,14,ret60_ret5_top5_riskoff0,0.6610879014,1.3045034379,1.1432151079
2018-08-29,14,ret60_ret5_top5_riskoff0,0.6610879014,1.2971565682,1.1386424761
2018-08-30,14,ret60_ret5_top5_riskoff0,0.6610879014,1.2823551962,1.1267132867
2018-08-31,14,ret60_ret5_top5_riskoff0,0.6610879014,1.2683621091,1.1211353483
2018-09-03,14,ret60_ret5_top5_riskoff0,0.6610879014,1.2650582899,1.1168720416
2018-09-04,14,ret60_ret5_top5_riskoff0,0.6610879014,1.2778228902,1.1310203024
2018-09-05,14,ret60_ret5_top5_riskoff0,0.6610879014,1.2564216039,1.1089102827
2018-09-06,14,ret60_ret5_top5_riskoff0,0.6610879014,1.2447161514,1.0970550623
2018-09-07,14,ret60_ret5_top5_riskoff0,0.6610879014,1.2502058305,1.1020177127
2018-09-10,14,ret60_ret5_top5_riskoff0,0.6610879014,1.2308558665,1.0860235881
2018-09-11,14,ret60_ret5_top5_riskoff0,0.6610879014,1.2324311268,1.0840533218
2018-09-12,14,ret60_ret5_top5_riskoff0,0.6610879014,1.2267188535,1.0765925350
2018-09-13,14,ret60_ret5_top5_riskoff0,0.6610879014,1.2344553580,1.0882090371
2018-09-14,14,ret60_ret5_top5_riskoff0,0.6610879014,1.2311365868,1.0900649877
2018-09-17,14,ret60_ret5_top5_riskoff0,0.6610879014,1.2134394768,1.0775675815
2018-09-18,14,ret60_ret5_top5_riskoff0,0.6610879014,1.2324026763,1.0992573225
2018-09-19,14,ret60_ret5_top5_riskoff0,0.6610879014,1.2513524113,1.1137317195
2018-09-20,14,ret60_ret5_top5_riskoff0,0.6610879014,1.2499243523,1.1129415956
2018-09-21,14,ret60_ret5_top5_riskoff0,0.6610879014,1.2732173302,1.1466849285
2018-09-25,14,ret60_ret5_top5_riskoff0,0.6610879014,1.2661043322,1.1363662469
2018-09-26,14,ret60_ret5_top5_riskoff0,0.6610879014,1.2757314849,1.1489544333
2018-09-27,14,ret60_ret5_top5_riskoff0,0.6610879014,1.2628232583,1.1443649903
2018-09-28,14,ret60_ret5_top5_riskoff0,0.6610879014,1.2729187267,1.1562269352
2018-10-08,14,ret60_ret5_top5_riskoff0,0.6610879014,1.2276450221,1.1064760287
2018-10-09,14,ret60_ret5_top5_riskoff0,0.6610879014,1.2294170408,1.1057329761
2018-10-10,14,ret60_ret5_top5_riskoff0,0.6610879014,1.2267726372,1.1033491555
2018-10-11,14,ret60_ret5_top5_riskoff0,0.6610879014,1.1529630532,1.0503974068
2018-10-12,14,ret60_ret5_top5_riskoff0,0.6610879014,1.1529382794,1.0660721197
2018-10-15,14,ret60_ret5_top5_riskoff0,0.6610879014,1.1363518799,1.0511841685
2018-10-16,14,ret60_ret5_top5_riskoff0,0.6610879014,1.1162087694,1.0426172083
2018-10-17,14,ret60_ret5_top5_riskoff0,0.6610879014,1.1220434380,1.0484271405
2018-10-18,14,ret60_ret5_top5_riskoff0,0.6610879014,1.0906628484,1.0235937151
2018-10-19,14,ret60_ret5_top5_riskoff0,0.6610879014,1.1158924576,1.0540420634
2018-10-22,14,ret60_ret5_top5_riskoff0,0.6610879014,1.1663864609,1.0995397498
2018-10-23,14,ret60_ret5_top5_riskoff0,0.6610879014,1.1435065360,1.0703421508
2018-10-24,14,ret60_ret5_top5_riskoff0,0.6610879014,1.1413623358,1.0719459342
2018-10-25,14,ret60_ret5_top5_riskoff0,0.6610879014,1.1355696789,1.0740002563
2018-10-26,14,ret60_ret5_top5_riskoff0,0.6610879014,1.1370021342,1.0670505284
2018-10-29,14,ret60_ret5_top5_riskoff0,0.6610879014,1.1085212966,1.0345209602
2018-10-30,14,ret60_ret5_top5_riskoff0,0.6610879014,1.1164494551,1.0457407193
2018-10-31,14,ret60_ret5_top5_riskoff0,0.6610879014,1.1389012814,1.0603865900
2018-11-01,14,ret60_ret5_top5_riskoff0,0.6610879014,1.1483261133,1.0681903241
2018-11-02,14,ret60_ret5_top5_riskoff0,0.6610879014,1.1867934585,1.1062574838
2018-11-05,14,ret60_ret5_top5_riskoff0,0.6610879014,1.1876597918,1.0970416134
2018-11-06,14,ret60_ret5_top5_riskoff0,0.6610879014,1.1863024949,1.0904213840
2018-11-07,14,ret60_ret5_top5_riskoff0,0.6610879014,1.1828785004,1.0832800090
2018-11-08,14,ret60_ret5_top5_riskoff0,0.6610879014,1.1795347965,1.0802069315
2018-11-09,14,ret60_ret5_top5_riskoff0,0.6610879014,1.1725156039,1.0649659462
2018-11-12,14,ret60_ret5_top5_riskoff0,0.6610879014,1.1987925999,1.0776415506
2018-11-13,14,ret60_ret5_top5_riskoff0,0.6610879014,1.2205955705,1.0884813777
2018-11-14,14,ret60_ret5_top5_riskoff0,0.6610879014,1.2163848452,1.0775743060
2018-11-15,14,ret60_ret5_top5_riskoff0,0.6610879014,1.2325259040,1.0901591301
2018-11-16,14,ret60_ret5_top5_riskoff0,0.6610879014,1.2442871161,1.0953033409
2018-11-19,14,ret60_ret5_top5_riskoff0,0.6610879014,1.2524923197,1.1077200536
2018-11-20,14,ret60_ret5_top5_riskoff0,0.6610879014,1.2207241926,1.0821032288
2018-11-21,14,ret60_ret5_top5_riskoff0,0.6610879014,1.2279991413,1.0848199100
2018-11-22,14,ret60_ret5_top5_riskoff0,0.6610879014,1.2263474440,1.0807650615
2018-11-23,14,ret60_ret5_top5_riskoff0,0.6610879014,1.1851741685,1.0569100449
2018-11-26,14,ret60_ret5_top5_riskoff0,0.6610879014,1.1827595920,1.0561569056
2018-11-27,14,ret60_ret5_top5_riskoff0,0.6610879014,1.1842476850,1.0548120139
2018-11-28,14,ret60_ret5_top5_riskoff0,0.6610879014,1.1994148648,1.0688291477
2018-11-29,14,ret60_ret5_top5_riskoff0,0.6610879014,1.1793684068,1.0549498653
2018-11-30,14,ret60_ret5_top5_riskoff0,0.6610879014,1.1889195405,1.0667311166
2018-12-03,14,ret60_ret5_top5_riskoff0,0.6610879014,1.2263346196,1.0964061521
2018-12-04,14,ret60_ret5_top5_riskoff0,0.6610879014,1.2329923106,1.0986790191
2018-12-05,14,ret60_ret5_top5_riskoff0,0.6610879014,1.2289956463,1.0933969569
2018-12-06,14,ret60_ret5_top5_riskoff0,0.6610879014,1.2041087702,1.0697503985
2018-12-07,14,ret60_ret5_top5_riskoff0,0.6610879014,1.2026358767,1.0697134140
2018-12-10,14,ret60_ret5_top5_riskoff0,0.6610879014,1.1877883202,1.0573404103
2018-12-11,14,ret60_ret5_top5_riskoff0,0.6610879014,1.1963128290,1.0624039275
2018-12-12,14,ret60_ret5_top5_riskoff0,0.6610879014,1.1992444925,1.0660317729
2018-12-13,14,ret60_ret5_top5_riskoff0,0.6610879014,1.2155452872,1.0825335941
2018-12-14,14,ret60_ret5_top5_riskoff0,0.6610879014,1.1894696053,1.0644515252
2018-12-17,14,ret60_ret5_top5_riskoff0,0.6610879014,1.1872116059,1.0628679152
2018-12-18,14,ret60_ret5_top5_riskoff0,0.6610879014,1.1795887309,1.0518498899
2018-12-19,14,ret60_ret5_top5_riskoff0,0.6610879014,1.1652140707,1.0393087747
2018-12-20,14,ret60_ret5_top5_riskoff0,0.6610879014,1.1669474659,1.0313369291
2018-12-21,14,ret60_ret5_top5_riskoff0,0.6610879014,1.1535353413,1.0185537335
2018-12-24,14,ret60_ret5_top5_riskoff0,0.6610879014,1.1621848411,1.0215124952
2018-12-25,14,ret60_ret5_top5_riskoff0,0.6610879014,1.1526895105,1.0144787116
2018-12-26,14,ret60_ret5_top5_riskoff0,0.6610879014,1.1504262312,1.0093513120
2018-12-27,14,ret60_ret5_top5_riskoff0,0.6610879014,1.1373073679,1.0054780239
2018-12-28,14,ret60_ret5_top5_riskoff0,0.6610879014,1.1428724582,1.0122495536
2019-01-02,14,ret60_ret5_top5_riskoff0,0.6610879014,1.1332901819,0.9984274291
2019-01-03,14,ret60_ret5_top5_riskoff0,0.6610879014,1.1254651705,0.9968471813
2019-01-04,14,ret60_ret5_top5_riskoff0,0.6610879014,1.1497945395,1.0207290958
2019-01-07,14,ret60_ret5_top5_riskoff0,0.6610879014,1.1667781658,1.0269256843
2019-01-08,14,ret60_ret5_top5_riskoff0,0.6610879014,1.1649477385,1.0247066130
2019-01-09,14,ret60_ret5_top5_riskoff0,0.6610879014,1.1732090788,1.0350555547
2019-01-10,14,ret60_ret5_top5_riskoff0,0.6610879014,1.1705169910,1.0331088240
2019-01-11,14,ret60_ret5_top5_riskoff0,0.6610879014,1.1789888273,1.0405359884
2019-01-14,14,ret60_ret5_top5_riskoff0,0.6610879014,1.1719230403,1.0314579694
2019-01-15,14,ret60_ret5_top5_riskoff0,0.6610879014,1.1890208971,1.0517019518
2019-01-16,14,ret60_ret5_top5_riskoff0,0.6610879014,1.1870037994,1.0519238589
2019-01-17,14,ret60_ret5_top5_riskoff0,0.6610879014,1.1800662270,1.0461307379
2019-01-18,14,ret60_ret5_top5_riskoff0,0.6610879014,1.1956936281,1.0652113890
2019-01-21,14,ret60_ret5_top5_riskoff0,0.6610879014,1.2010794507,1.0710852035
2019-01-22,14,ret60_ret5_top5_riskoff0,0.6610879014,1.1861786898,1.0568562492
2019-01-23,14,ret60_ret5_top5_riskoff0,0.6610879014,1.1879075561,1.0560930232
2019-01-24,14,ret60_ret5_top5_riskoff0,0.6610879014,1.1923562732,1.0620542557
2019-01-25,14,ret60_ret5_top5_riskoff0,0.6610879014,1.1931433799,1.0706918227
2019-01-28,14,ret60_ret5_top5_riskoff0,0.6610879014,1.1899157052,1.0704598289
2019-01-29,14,ret60_ret5_top5_riskoff0,0.6610879014,1.1807938100,1.0738859405
2019-01-30,14,ret60_ret5_top5_riskoff0,0.6610879014,1.1675074875,1.0653156181
2019-01-31,14,ret60_ret5_top5_riskoff0,0.6610879014,1.1604335062,1.0764614081
2019-02-01,14,ret60_ret5_top5_riskoff0,0.6610879014,1.1861484607,1.0918503314
2019-02-11,14,ret60_ret5_top5_riskoff0,0.6610879014,1.2195415287,1.1117110197
2019-02-12,14,ret60_ret5_top5_riskoff0,0.6610879014,1.2343203746,1.1197366610
2019-02-13,14,ret60_ret5_top5_riskoff0,0.6610879014,1.2550094017,1.1421593679
2019-02-14,14,ret60_ret5_top5_riskoff0,0.6604268135,1.2611046119,1.1438774671
2019-02-15,14,ret60_ret5_top5_riskoff0,0.6580218207,1.2539148004,1.1225474846
2019-02-18,14,ret60_ret5_top5_riskoff0,0.6775112933,1.2937541965,1.1585367867
2019-02-19,14,ret60_ret5_top5_riskoff0,0.6769399793,1.2943261206,1.1564757401
2019-02-20,14,ret60_ret5_top5_riskoff0,0.6815335666,1.3011781378,1.1606180066
2019-02-21,14,ret60_ret5_top5_riskoff0,0.6801467537,1.2980257234,1.1575180312
2019-02-22,14,ret60_ret5_top5_riskoff0,0.6903121096,1.3194483771,1.1835450479
2019-02-25,15,ret60_ret5_top5_riskoff0,0.6903121096,1.3194483771,1.1835450479
2019-02-26,15,ret60_ret5_top5_riskoff0,0.6903522621,1.3164147989,1.1693310067
2019-02-27,15,ret60_ret5_top5_riskoff0,0.6891806040,1.3108081291,1.1673317108
2019-02-28,15,ret60_ret5_top5_riskoff0,0.6886791940,1.3135756602,1.1644692270
2019-03-01,15,ret60_ret5_top5_riskoff0,0.7007357715,1.3283744735,1.1899650090
2019-03-04,15,ret60_ret5_top5_riskoff0,0.7178943803,1.3566886727,1.2040521109
2019-03-05,15,ret60_ret5_top5_riskoff0,0.7313039574,1.3868289314,1.2110052175
2019-03-06,15,ret60_ret5_top5_riskoff0,0.7376077293,1.4055106054,1.2211857587
2019-03-07,15,ret60_ret5_top5_riskoff0,0.7362110990,1.4107666797,1.2087330019
2019-03-08,15,ret60_ret5_top5_riskoff0,0.7125490470,1.3570570075,1.1607276876
2019-03-11,15,ret60_ret5_top5_riskoff0,0.7357447702,1.4029152320,1.1836942018
2019-03-12,15,ret60_ret5_top5_riskoff0,0.7496988783,1.4238495719,1.1917548548
2019-03-13,15,ret60_ret5_top5_riskoff0,0.7386828076,1.4046756954,1.1818662741
2019-03-14,15,ret60_ret5_top5_riskoff0,0.7233251461,1.3756271071,1.1737104166
2019-03-15,15,ret60_ret5_top5_riskoff0,0.7397055366,1.4016448754,1.1884702973
2019-03-18,15,ret60_ret5_top5_riskoff0,0.7596559667,1.4410792837,1.2223472544
2019-03-19,15,ret60_ret5_top5_riskoff0,0.7598285443,1.4422387716,1.2167016238
2019-03-20,15,ret60_ret5_top5_riskoff0,0.7536600889,1.4380736962,1.2171712997
2019-03-21,15,ret60_ret5_top5_riskoff0,0.7576765520,1.4487207133,1.2176314551
2019-03-22,15,ret60_ret5_top5_riskoff0,0.7576210477,1.4557746933,1.2166508481
2019-03-25,15,ret60_ret5_top5_riskoff0,0.7485454024,1.4340390691,1.1877816510
2019-03-26,15,ret60_ret5_top5_riskoff0,0.7343781352,1.4073577834,1.1743292462
2019-03-27,15,ret60_ret5_top5_riskoff0,0.7395482591,1.4213250618,1.1879593662
2019-03-28,15,ret60_ret5_top5_riskoff0,0.7322750079,1.4078705905,1.1832023115
2019-03-29,15,ret60_ret5_top5_riskoff0,0.7589867710,1.4524931279,1.2288814609
2019-04-01,15,ret60_ret5_top5_riskoff0,0.7899428330,1.5031437116,1.2611208995
2019-04-02,15,ret60_ret5_top5_riskoff0,0.7873891298,1.5029951950,1.2602830994
2019-04-03,15,ret60_ret5_top5_riskoff0,0.7944975296,1.5164643681,1.2764266198
2019-04-04,15,ret60_ret5_top5_riskoff0,0.7992645926,1.5299402987,1.2891427760
2019-04-08,15,ret60_ret5_top5_riskoff0,0.7931276780,1.5219989285,1.2875560332
2019-04-09,15,ret60_ret5_top5_riskoff0,0.8024531390,1.5318539446,1.2933317767
2019-04-10,15,ret60_ret5_top5_riskoff0,0.8036324707,1.5362913590,1.2966385486
2019-04-11,15,ret60_ret5_top5_riskoff0,0.7878683826,1.5043447640,1.2686261926
2019-04-12,15,ret60_ret5_top5_riskoff0,0.7867671618,1.5019085332,1.2657827496
2019-04-15,15,ret60_ret5_top5_riskoff0,0.7791570413,1.4910529852,1.2616254837
2019-04-16,15,ret60_ret5_top5_riskoff0,0.7916793268,1.5182134168,1.2966195077
2019-04-17,15,ret60_ret5_top5_riskoff0,0.8024331852,1.5280100284,1.2970796631
2019-04-18,15,ret60_ret5_top5_riskoff0,0.7983777744,1.5208547749,1.2922686591
2019-04-19,15,ret60_ret5_top5_riskoff0,0.8011738995,1.5333437610,1.3076695840
2019-04-22,15,ret60_ret5_top5_riskoff0,0.7990336864,1.5124235094,1.2775214723
2019-04-23,15,ret60_ret5_top5_riskoff0,0.7939818977,1.5010016774,1.2754269719
2019-04-24,15,ret60_ret5_top5_riskoff0,0.8030380016,1.5101129207,1.2789431938
2019-04-25,15,ret60_ret5_top5_riskoff0,0.7795566276,1.4642629785,1.2509308378
2019-04-26,15,ret60_ret5_top5_riskoff0,0.7679564834,1.4409018438,1.2342541718
2019-04-29,15,ret60_ret5_top5_riskoff0,0.7478824840,1.4140972550,1.2377640467
2019-04-30,15,ret60_ret5_top5_riskoff0,0.7594302223,1.4293260619,1.2418514959
2019-05-06,15,ret60_ret5_top5_riskoff0,0.7068208036,1.3331292120,1.1693087923
2019-05-07,15,ret60_ret5_top5_riskoff0,0.7169922397,1.3539384659,1.1807492073
2019-05-08,15,ret60_ret5_top5_riskoff0,0.7093058560,1.3423992479,1.1638630912
2019-05-09,15,ret60_ret5_top5_riskoff0,0.7000398445,1.3244186236,1.1423595539
2019-05-10,15,ret60_ret5_top5_riskoff0,0.7278984922,1.3709886096,1.1838528760
2019-05-13,15,ret60_ret5_top5_riskoff0,0.7199663874,1.3589306101,1.1642661239
2019-05-14,15,ret60_ret5_top5_riskoff0,0.7156436203,1.3489879897,1.1567830452
2019-05-15,15,ret60_ret5_top5_riskoff0,0.7350173541,1.3802841958,1.1827865849
2019-05-16,15,ret60_ret5_top5_riskoff0,0.7405119260,1.3912319313,1.1881402549
2019-05-17,15,ret60_ret5_top5_riskoff0,0.7216325703,1.3504163711,1.1579286735
2019-05-20,15,ret60_ret5_top5_riskoff0,0.7051006264,1.3343048424,1.1481003891
2019-05-21,15,ret60_ret5_top5_riskoff0,0.7183249013,1.3607995304,1.1636472942
2019-05-22,15,ret60_ret5_top5_riskoff0,0.7141498722,1.3523062708,1.1581254296
2019-05-23,15,ret60_ret5_top5_riskoff0,0.6987797442,1.3239613997,1.1373644878
2019-05-24,15,ret60_ret5_top5_riskoff0,0.6935184399,1.3165434904,1.1405221058
2019-05-27,15,ret60_ret5_top5_riskoff0,0.7085791870,1.3443974554,1.1542601243
2019-05-28,15,ret60_ret5_top5_riskoff0,0.7176121664,1.3546271811,1.1653863643
2019-05-29,15,ret60_ret5_top5_riskoff0,0.7189965267,1.3577527748,1.1627365039
2019-05-30,15,ret60_ret5_top5_riskoff0,0.7196026268,1.3540171131,1.1555231715
2019-05-31,15,ret60_ret5_top5_riskoff0,0.7176290430,1.3528821333,1.1519085716
2019-06-03,15,ret60_ret5_top5_riskoff0,0.7138635295,1.3432623381,1.1526130854
2019-06-04,15,ret60_ret5_top5_riskoff0,0.7021949541,1.3231668454,1.1419692152
2019-06-05,15,ret60_ret5_top5_riskoff0,0.6978846837,1.3218724734,1.1415376212
2019-06-06,15,ret60_ret5_top5_riskoff0,0.6820423366,1.2971429443,1.1312460079
2019-06-10,15,ret60_ret5_top5_riskoff0,0.6891880580,1.3127108338,1.1458630818
2019-06-11,15,ret60_ret5_top5_riskoff0,0.7163088901,1.3586487508,1.1803080928
2019-06-12,15,ret60_ret5_top5_riskoff0,0.7109599424,1.3513068985,1.1713652108
2019-06-13,15,ret60_ret5_top5_riskoff0,0.7117926051,1.3518730729,1.1695531506
2019-06-14,15,ret60_ret5_top5_riskoff0,0.7117926051,1.3327184527,1.1598708466
2019-06-17,15,ret60_ret5_top5_riskoff0,0.7117926051,1.3287966235,1.1598518056
2019-06-18,15,ret60_ret5_top5_riskoff0,0.7117926051,1.3300650255,1.1639138670
2019-06-19,15,ret60_ret5_top5_riskoff0,0.7117926051,1.3472000826,1.1792481487
2019-06-20,15,ret60_ret5_top5_riskoff0,0.7117926051,1.3731453425,1.2149752477
2019-06-21,15,ret60_ret5_top5_riskoff0,0.7117926051,1.3843459171,1.2166952769
2019-06-24,15,ret60_ret5_top5_riskoff0,0.7117926051,1.3868494699,1.2190214417
2019-06-25,15,ret60_ret5_top5_riskoff0,0.7117926051,1.3759508063,1.2063401939
2019-06-26,15,ret60_ret5_top5_riskoff0,0.7117926051,1.3740205775,1.2041251010
2019-06-27,15,ret60_ret5_top5_riskoff0,0.7117926051,1.3846805052,1.2169745436
2019-06-28,15,ret60_ret5_top5_riskoff0,0.7117926051,1.3753625280,1.2140454165
2019-07-01,15,ret60_ret5_top5_riskoff0,0.7117926051,1.4162799046,1.2490235730
2019-07-02,15,ret60_ret5_top5_riskoff0,0.7117926051,1.4185865602,1.2494551671
2019-07-03,15,ret60_ret5_top5_riskoff0,0.7117926051,1.4044659487,1.2356060766
2019-07-04,15,ret60_ret5_top5_riskoff0,0.7117926051,1.3961528927,1.2291226458
2019-07-05,15,ret60_ret5_top5_riskoff0,0.7117926051,1.4064388463,1.2355013516
2019-07-08,15,ret60_ret5_top5_riskoff0,0.7117926051,1.3700722885,1.2068098697
2019-07-09,15,ret60_ret5_top5_riskoff0,0.7117926051,1.3701426289,1.2037442828
2019-07-10,15,ret60_ret5_top5_riskoff0,0.7117926051,1.3625858659,1.2017164256
2019-07-11,15,ret60_ret5_top5_riskoff0,0.7117926051,1.3634531470,1.2012340558
2019-07-12,15,ret60_ret5_top5_riskoff0,0.7117926051,1.3661217198,1.2086949201
2019-07-15,15,ret60_ret5_top5_riskoff0,0.7117926051,1.3765634071,1.2136011285
2019-07-16,15,ret60_ret5_top5_riskoff0,0.7117926051,1.3745564500,1.2080983048
2019-07-17,15,ret60_ret5_top5_riskoff0,0.7117926051,1.3747808165,1.2073969645
2019-07-18,15,ret60_ret5_top5_riskoff0,0.7117926051,1.3571115986,1.1958962533
2019-07-19,15,ret60_ret5_top5_riskoff0,0.7117926051,1.3691548861,1.2084505617
2019-07-22,15,ret60_ret5_top5_riskoff0,0.7117926051,1.3445711106,1.2001106419
2019-07-23,15,ret60_ret5_top5_riskoff0,0.7117926051,1.3519030542,1.2027224205
2019-07-24,15,ret60_ret5_top5_riskoff0,0.7117926051,1.3638491462,1.2122174889
2019-07-25,15,ret60_ret5_top5_riskoff0,0.7117926051,1.3708192251,1.2221314574
2019-07-26,15,ret60_ret5_top5_riskoff0,0.7117926051,1.3732793826,1.2245115715
2019-07-29,15,ret60_ret5_top5_riskoff0,0.7117926051,1.3751861763,1.2231469728
2019-07-30,15,ret60_ret5_top5_riskoff0,0.7117926051,1.3800637145,1.2282404169
2019-07-31,15,ret60_ret5_top5_riskoff0,0.7117926051,1.3698957483,1.2171459118
2019-08-01,15,ret60_ret5_top5_riskoff0,0.7117926051,1.3620232029,1.2070256667
2019-08-02,15,ret60_ret5_top5_riskoff0,0.7117926051,1.3469149689,1.1892446278
2019-08-05,15,ret60_ret5_top5_riskoff0,0.7117926051,1.3291026033,1.1664748698
2019-08-06,15,ret60_ret5_top5_riskoff0,0.7117926051,1.3036553683,1.1539840311
2019-08-07,15,ret60_ret5_top5_riskoff0,0.7117926051,1.3037862841,1.1492555378
2019-08-08,15,ret60_ret5_top5_riskoff0,0.7117926051,1.3137768148,1.1644438391
2019-08-09,15,ret60_ret5_top5_riskoff0,0.7117926051,1.2981686472,1.1530954551
2019-08-12,15,ret60_ret5_top5_riskoff0,0.7117926051,1.3186405703,1.1739039992
2019-08-13,15,ret60_ret5_top5_riskoff0,0.7117926051,1.3143515170,1.1633204252
2019-08-14,15,ret60_ret5_top5_riskoff0,0.7117926051,1.3209506680,1.1686042785
2019-08-15,15,ret60_ret5_top5_riskoff0,0.7117926051,1.3233375416,1.1722855216
2019-08-16,15,ret60_ret5_top5_riskoff0,0.7117926051,1.3317666257,1.1775344665
2019-08-19,15,ret60_ret5_top5_riskoff0,0.7117926051,1.3625744386,1.2030968917
2019-08-20,15,ret60_ret5_top5_riskoff0,0.7117926051,1.3652858307,1.2020306006
2019-08-21,15,ret60_ret5_top5_riskoff0,0.7117926051,1.3653667277,1.2001360298
2019-08-22,15,ret60_ret5_top5_riskoff0,0.7117926051,1.3709510119,1.2038648752
2019-08-23,15,ret60_ret5_top5_riskoff0,0.7117926051,1.3731345468,1.2125443579
2019-08-26,15,ret60_ret5_top5_riskoff0,0.7117926051,1.3625764148,1.1951060554
2019-08-27,16,ret60_ret5_top5_riskoff0,0.7117926051,1.3625764148,1.1951060554
2019-08-28,16,ret60_ret5_top5_riskoff0,0.7117926051,1.3613823479,1.1906067368
2019-08-29,16,ret60_ret5_top5_riskoff0,0.7117926051,1.3583415166,1.1867273661
2019-08-30,16,ret60_ret5_top5_riskoff0,0.7117926051,1.3501019182,1.1896705529
2019-09-02,16,ret60_ret5_top5_riskoff0,0.7117926051,1.3716244820,1.2049281586
2019-09-03,16,ret60_ret5_top5_riskoff0,0.7117926051,1.3774822051,1.2065844840
2019-09-04,16,ret60_ret5_top5_riskoff0,0.7117926051,1.3871604864,1.2167259543
2019-09-05,16,ret60_ret5_top5_riskoff0,0.7110808125,1.3960477065,1.2290372421
2019-09-06,16,ret60_ret5_top5_riskoff0,0.7096645941,1.3943367909,1.2362981466
2019-09-09,16,ret60_ret5_top5_riskoff0,0.7167560270,1.4110386265,1.2439504324
2019-09-10,16,ret60_ret5_top5_riskoff0,0.7181676425,1.4128776050,1.2396640252
2019-09-11,16,ret60_ret5_top5_riskoff0,0.7060192012,1.4006956182,1.2305338839
2019-09-12,16,ret60_ret5_top5_riskoff0,0.7094176605,1.4092261850,1.2437719625
2019-09-16,16,ret60_ret5_top5_riskoff0,0.7121124108,1.4111181202,1.2391818435
2019-09-17,16,ret60_ret5_top5_riskoff0,0.7018731681,1.3856914164,1.2183603623
2019-09-18,16,ret60_ret5_top5_riskoff0,0.7079729922,1.3932311591,1.2242655222
2019-09-19,16,ret60_ret5_top5_riskoff0,0.7135647941,1.4029184410,1.2287429235
2019-09-20,16,ret60_ret5_top5_riskoff0,0.7176419166,1.4066636882,1.2322716166
2019-09-23,16,ret60_ret5_top5_riskoff0,0.7110332965,1.3911621653,1.2181850235
2019-09-24,16,ret60_ret5_top5_riskoff0,0.7128063892,1.3940245971,1.2214475774
2019-09-25,16,ret60_ret5_top5_riskoff0,0.7012554509,1.3758488918,1.2120231175
2019-09-26,16,ret60_ret5_top5_riskoff0,0.6828211888,1.3466065799,1.2026800649
2019-09-27,16,ret60_ret5_top5_riskoff0,0.6912295890,1.3555912984,1.2062839032
2019-09-30,16,ret60_ret5_top5_riskoff0,0.6856011700,1.3459969864,1.1943483413
2019-10-08,16,ret60_ret5_top5_riskoff0,0.6901702644,1.3556539527,1.2015967216
2019-10-09,16,ret60_ret5_top5_riskoff0,0.6904904915,1.3621446717,1.2033375853
2019-10-10,16,ret60_ret5_top5_riskoff0,0.7022866888,1.3796050234,1.2131690817
2019-10-11,16,ret60_ret5_top5_riskoff0,0.7025114021,1.3840732073,1.2247821455
2019-10-14,16,ret60_ret5_top5_riskoff0,0.7096693126,1.3972342762,1.2377791332
2019-10-15,16,ret60_ret5_top5_riskoff0,0.7039390139,1.3888109001,1.2324594796
2019-10-16,16,ret60_ret5_top5_riskoff0,0.6979951188,1.3821101247,1.2282137760
2019-10-17,16,ret60_ret5_top5_riskoff0,0.6991585210,1.3803548579,1.2290059316
2019-10-18,16,ret60_ret5_top5_riskoff0,0.6897323135,1.3652529118,1.2115221495
2019-10-21,16,ret60_ret5_top5_riskoff0,0.6865869250,1.3666352669,1.2151103326
2019-10-22,16,ret60_ret5_top5_riskoff0,0.6940582810,1.3780915767,1.2198194315
2019-10-23,16,ret60_ret5_top5_riskoff0,0.6876805379,1.3688655738,1.2120544280
2019-10-24,16,ret60_ret5_top5_riskoff0,0.6835392059,1.3660204293,1.2119260550
2019-10-25,16,ret60_ret5_top5_riskoff0,0.6916539404,1.3809844122,1.2201043570
2019-10-28,16,ret60_ret5_top5_riskoff0,0.7021304494,1.3949430683,1.2294348855
2019-10-29,16,ret60_ret5_top5_riskoff0,0.6965466443,1.3880520709,1.2243124880
2019-10-30,16,ret60_ret5_top5_riskoff0,0.6909764610,1.3769775489,1.2183634934
2019-10-31,16,ret60_ret5_top5_riskoff0,0.6886534987,1.3693213431,1.2169607830
2019-11-01,16,ret60_ret5_top5_riskoff0,0.6962283050,1.3874381824,1.2375129940
2019-11-04,16,ret60_ret5_top5_riskoff0,0.7019107920,1.3967099712,1.2455691851
2019-11-05,16,ret60_ret5_top5_riskoff0,0.7052889893,1.4020494992,1.2532997471
2019-11-06,16,ret60_ret5_top5_riskoff0,0.7005602023,1.3902054120,1.2476857748
2019-11-07,16,ret60_ret5_top5_riskoff0,0.7038694159,1.3966895100,1.2498775096
2019-11-08,16,ret60_ret5_top5_riskoff0,0.7027017620,1.3925825327,1.2439692187
2019-11-11,16,ret60_ret5_top5_riskoff0,0.6896137323,1.3629516798,1.2220424769
2019-11-12,16,ret60_ret5_top5_riskoff0,0.6906937336,1.3625213996,1.2222647814
2019-11-13,16,ret60_ret5_top5_riskoff0,0.6951256874,1.3625420429,1.2211031619
2019-11-14,16,ret60_ret5_top5_riskoff0,0.7006320638,1.3675674307,1.2229442192
2019-11-15,16,ret60_ret5_top5_riskoff0,0.6941109521,1.3534046509,1.2139361889
2019-11-18,16,ret60_ret5_top5_riskoff0,0.6972294382,1.3612665057,1.2235923465
2019-11-19,16,ret60_ret5_top5_riskoff0,0.7093108794,1.3819291296,1.2358378823
2019-11-20,16,ret60_ret5_top5_riskoff0,0.7059006626,1.3739995660,1.2235704292
2019-11-21,16,ret60_ret5_top5_riskoff0,0.7033198646,1.3688398175,1.2178531322
2019-11-22,16,ret60_ret5_top5_riskoff0,0.6901974999,1.3546722320,1.2054510440
2019-11-25,16,ret60_ret5_top5_riskoff0,0.6853298048,1.3576377780,1.2142868665
2019-11-26,16,ret60_ret5_top5_riskoff0,0.6880403851,1.3606472113,1.2184949974
2019-11-27,16,ret60_ret5_top5_riskoff0,0.6896417887,1.3581972277,1.2134759246
2019-11-28,16,ret60_ret5_top5_riskoff0,0.6879973840,1.3548252982,1.2093053663
2019-11-29,16,ret60_ret5_top5_riskoff0,0.6814369480,1.3454737203,1.1987756458
2019-12-02,16,ret60_ret5_top5_riskoff0,0.6812743486,1.3489461888,1.2010894916
2019-12-03,16,ret60_ret5_top5_riskoff0,0.6841917844,1.3555726939,1.2057954594
2019-12-04,16,ret60_ret5_top5_riskoff0,0.6859600751,1.3598094200,1.2053978161
2019-12-05,16,ret60_ret5_top5_riskoff0,0.6937873288,1.3693952338,1.2146469372
2019-12-06,16,ret60_ret5_top5_riskoff0,0.7010386590,1.3791916478,1.2218577449
2019-12-09,16,ret60_ret5_top5_riskoff0,0.7010386590,1.3798689252,1.2196847964
2019-12-10,16,ret60_ret5_top5_riskoff0,0.7010386590,1.3832123523,1.2212284039
2019-12-11,16,ret60_ret5_top5_riskoff0,0.7010386590,1.3777064080,1.2219704627
2019-12-12,16,ret60_ret5_top5_riskoff0,0.7010386590,1.3739204584,1.2182977413
2019-12-13,16,ret60_ret5_top5_riskoff0,0.7010386590,1.3929935530,1.2424694458
2019-12-16,16,ret60_ret5_top5_riskoff0,0.7010386590,1.4066107134,1.2485217651
2019-12-17,16,ret60_ret5_top5_riskoff0,0.7010386590,1.4265765403,1.2655077103
2019-12-18,16,ret60_ret5_top5_riskoff0,0.7010386590,1.4237727541,1.2626835033
2019-12-19,16,ret60_ret5_top5_riskoff0,0.7010386590,1.4261563828,1.2609207223
2019-12-20,16,ret60_ret5_top5_riskoff0,0.7010386590,1.4193250723,1.2578209830
2019-12-23,16,ret60_ret5_top5_riskoff0,0.7010386590,1.3973468875,1.2421187682
2019-12-24,16,ret60_ret5_top5_riskoff0,0.7010386590,1.4131861823,1.2502156630
2019-12-25,16,ret60_ret5_top5_riskoff0,0.7010386590,1.4154681697,1.2495612736
2019-12-26,16,ret60_ret5_top5_riskoff0,0.7010386590,1.4267445993,1.2605575205
2019-12-27,16,ret60_ret5_top5_riskoff0,0.7010386590,1.4270657176,1.2593176248
2019-12-30,16,ret60_ret5_top5_riskoff0,0.7010386590,1.4409107161,1.2779786816
2019-12-31,16,ret60_ret5_top5_riskoff0,0.7010386590,1.4503198384,1.2826596011
2020-01-02,16,ret60_ret5_top5_riskoff0,0.7010386590,1.4718941483,1.3000870243
2020-01-03,16,ret60_ret5_top5_riskoff0,0.7010386590,1.4699831406,1.2978076201
2020-01-06,16,ret60_ret5_top5_riskoff0,0.7003376203,1.4750863409,1.2929043961
2020-01-07,16,ret60_ret5_top5_riskoff0,0.7054283404,1.4921261465,1.3025887331
2020-01-08,16,ret60_ret5_top5_riskoff0,0.7008921569,1.4766985756,1.2875878735
2020-01-09,16,ret60_ret5_top5_riskoff0,0.7091347243,1.4962257270,1.3038849877
2020-01-10,16,ret60_ret5_top5_riskoff0,0.7095470743,1.4935857209,1.3035155239
2020-01-13,16,ret60_ret5_top5_riskoff0,0.7178150721,1.5072843329,1.3162902071
2020-01-14,16,ret60_ret5_top5_riskoff0,0.7205626903,1.5078735315,1.3118754268
2020-01-15,16,ret60_ret5_top5_riskoff0,0.7179175453,1.5000905737,1.3046239155
2020-01-16,16,ret60_ret5_top5_riskoff0,0.7145086066,1.4949006734,1.2990850884
2020-01-17,16,ret60_ret5_top5_riskoff0,0.7125419313,1.4906077852,1.3009042283
2020-01-20,16,ret60_ret5_top5_riskoff0,0.7224698072,1.5031417067,1.3106042206
2020-01-21,16,ret60_ret5_top5_riskoff0,0.7109675840,1.4822063195,1.2882109524
2020-01-22,16,ret60_ret5_top5_riskoff0,0.7160725959,1.4847536584,1.2937278622
2020-01-23,16,ret60_ret5_top5_riskoff0,0.6917959481,1.4352476619,1.2536410315
2020-02-03,16,ret60_ret5_top5_riskoff0,0.6303265439,1.3158970690,1.1548438860
2020-02-04,16,ret60_ret5_top5_riskoff0,0.6420935519,1.3361070369,1.1853027385
2020-02-05,16,ret60_ret5_top5_riskoff0,0.6549008836,1.3640495482,1.1987318111
2020-02-06,16,ret60_ret5_top5_riskoff0,0.6686965487,1.3957321240,1.2210405409
2020-02-07,16,ret60_ret5_top5_riskoff0,0.6726105425,1.4006894453,1.2210687204
2020-02-10,16,ret60_ret5_top5_riskoff0,0.6825084348,1.4213807657,1.2261222348
2020-02-11,16,ret60_ret5_top5_riskoff0,0.6870973761,1.4262949580,1.2375349113
2020-02-12,16,ret60_ret5_top5_riskoff0,0.6870973761,1.4419572468,1.2475448775
2020-02-13,16,ret60_ret5_top5_riskoff0,0.6870973761,1.4342978132,1.2398706745
2020-02-14,16,ret60_ret5_top5_riskoff0,0.6870973761,1.4418564115,1.2485781240
2020-02-17,16,ret60_ret5_top5_riskoff0,0.6870973761,1.4771246402,1.2766605097
2020-02-18,16,ret60_ret5_top5_riskoff0,0.6870973761,1.4854381833,1.2704265895
2020-02-19,16,ret60_ret5_top5_riskoff0,0.6870973761,1.4803616067,1.2684853386
2020-02-20,16,ret60_ret5_top5_riskoff0,0.6870973761,1.5062376385,1.2977136886
2020-02-21,16,ret60_ret5_top5_riskoff0,0.6870973761,1.5137691586,1.2992259856
2020-02-24,16,ret60_ret5_top5_riskoff0,0.6870973761,1.5179734856,1.2940127877
2020-02-25,16,ret60_ret5_top5_riskoff0,0.6870973761,1.5174348581,1.2911979739
2020-02-26,16,ret60_ret5_top5_riskoff0,0.6870973761,1.4976684289,1.2752828478
2020-02-27,16,ret60_ret5_top5_riskoff0,0.6870973761,1.4997831435,1.2789962728
2020-02-28,16,ret60_ret5_top5_riskoff0,0.6870973761,1.4360658628,1.2336492785
2020-03-02,16,ret60_ret5_top5_riskoff0,0.6870973761,1.4857052709,1.2742339461
2020-03-03,16,ret60_ret5_top5_riskoff0,0.6870973761,1.4996331973,1.2810251931
2020-03-04,16,ret60_ret5_top5_riskoff0,0.6870973761,1.5124762484,1.2884426501
2020-03-05,16,ret60_ret5_top5_riskoff0,0.6870973761,1.5463280754,1.3171481147
2020-03-06,16,ret60_ret5_top5_riskoff0,0.6870973761,1.5341443481,1.2957880929
2020-03-09,17,ret60_ret5_top5_riskoff0,0.6870973761,1.5341443481,1.2957880929
2020-03-10,17,ret60_ret5_top5_riskoff0,0.6864102788,1.5590466334,1.3235378686
2020-03-11,17,ret60_ret5_top5_riskoff0,0.6755288863,1.5442589729,1.3059349151
2020-03-12,17,ret60_ret5_top5_riskoff0,0.6580962958,1.5073204055,1.2808045108
2020-03-13,17,ret60_ret5_top5_riskoff0,0.6485800003,1.4856974253,1.2627801238
2020-03-16,17,ret60_ret5_top5_riskoff0,0.6197916910,1.4277657751,1.2084897625
2020-03-17,17,ret60_ret5_top5_riskoff0,0.6167281042,1.4164132544,1.2026026606
2020-03-18,17,ret60_ret5_top5_riskoff0,0.6067969334,1.3954379446,1.1788013927
2020-03-19,17,ret60_ret5_top5_riskoff0,0.6063261026,1.3850992751,1.1635098399
2020-03-20,17,ret60_ret5_top5_riskoff0,0.6146239537,1.4073784369,1.1842994791
2020-03-23,17,ret60_ret5_top5_riskoff0,0.5880502111,1.3541270704,1.1444545617
2020-03-24,17,ret60_ret5_top5_riskoff0,0.6022165051,1.3885335284,1.1751867899
2020-03-25,17,ret60_ret5_top5_riskoff0,0.6206049586,1.4286985873,1.2067651269
2020-03-26,17,ret60_ret5_top5_riskoff0,0.6161345308,1.4194268022,1.1988324516
2020-03-27,17,ret60_ret5_top5_riskoff0,0.6133512041,1.4173296532,1.2027258488
2020-03-30,17,ret60_ret5_top5_riskoff0,0.6008562837,1.3971793212,1.1910715914
2020-03-31,17,ret60_ret5_top5_riskoff0,0.6019399950,1.4115773820,1.1949779558
2020-04-01,17,ret60_ret5_top5_riskoff0,0.6016652433,1.4057213110,1.1913860456
2020-04-02,17,ret60_ret5_top5_riskoff0,0.6160787670,1.4279965565,1.2106585242
2020-04-03,17,ret60_ret5_top5_riskoff0,0.6152557180,1.4270601118,1.2037502564
2020-04-07,17,ret60_ret5_top5_riskoff0,0.6352215585,1.4667912112,1.2312406884
2020-04-08,17,ret60_ret5_top5_riskoff0,0.6344902156,1.4627268150,1.2255091927
2020-04-09,17,ret60_ret5_top5_riskoff0,0.6344902156,1.4706259936,1.2295517125
2020-04-10,17,ret60_ret5_top5_riskoff0,0.6344902156,1.4529871274,1.2218913481
2020-04-13,17,ret60_ret5_top5_riskoff0,0.6344902156,1.4460545151,1.2167304085
2020-04-14,17,ret60_ret5_top5_riskoff0,0.6344902156,1.4732380384,1.2402139803
2020-04-15,17,ret60_ret5_top5_riskoff0,0.6344902156,1.4623191489,1.2310267298
2020-04-16,17,ret60_ret5_top5_riskoff0,0.6344902156,1.4645367385,1.2326541115
2020-04-17,17,ret60_ret5_top5_riskoff0,0.6344902156,1.4696498077,1.2446844173
2020-04-20,17,ret60_ret5_top5_riskoff0,0.6344902156,1.4789824493,1.2492132066
2020-04-21,17,ret60_ret5_top5_riskoff0,0.6344902156,1.4632174220,1.2344922100
2020-04-22,17,ret60_ret5_top5_riskoff0,0.6344902156,1.4812743779,1.2446487575
2020-04-23,17,ret60_ret5_top5_riskoff0,0.6344902156,1.4814908446,1.2415269078
2020-04-24,17,ret60_ret5_top5_riskoff0,0.6344902156,1.4635190507,1.2309002998
2020-04-27,17,ret60_ret5_top5_riskoff0,0.6344902156,1.4628861418,1.2392641340
2020-04-28,17,ret60_ret5_top5_riskoff0,0.6344902156,1.4579578682,1.2478159925
2020-04-29,17,ret60_ret5_top5_riskoff0,0.6344902156,1.4542758578,1.2536123241
2020-04-30,17,ret60_ret5_top5_riskoff0,0.6344902156,1.4746996747,1.2683787059
2020-05-06,17,ret60_ret5_top5_riskoff0,0.6344902156,1.4919362179,1.2760520375
2020-05-07,17,ret60_ret5_top5_riskoff0,0.6344902156,1.4906486685,1.2723693570
2020-05-08,17,ret60_ret5_top5_riskoff0,0.6344902156,1.5079398217,1.2849248338
2020-05-11,17,ret60_ret5_top5_riskoff0,0.6338557254,1.5043116753,1.2838096559
2020-05-12,17,ret60_ret5_top5_riskoff0,0.6353633150,1.5080604200,1.2838291067
2020-05-13,17,ret60_ret5_top5_riskoff0,0.6403909413,1.5158310706,1.2864257855
2020-05-14,17,ret60_ret5_top5_riskoff0,0.6323378424,1.5021081938,1.2724763363
2020-05-15,17,ret60_ret5_top5_riskoff0,0.6313774813,1.5022328645,1.2684565090
2020-05-18,17,ret60_ret5_top5_riskoff0,0.6401046849,1.5081250841,1.2717274814
2020-05-19,17,ret60_ret5_top5_riskoff0,0.6407053022,1.5182564593,1.2825356300
2020-05-20,17,ret60_ret5_top5_riskoff0,0.6342406702,1.5045237739,1.2757181325
2020-05-21,17,ret60_ret5_top5_riskoff0,0.6321594438,1.4910527874,1.2687709632
2020-05-22,17,ret60_ret5_top5_riskoff0,0.6199537481,1.4645508031,1.2396823257
2020-05-25,17,ret60_ret5_top5_riskoff0,0.6279590580,1.4700208666,1.2413875106
2020-05-26,17,ret60_ret5_top5_riskoff0,0.6343494982,1.4952621184,1.2554731151
2020-05-27,17,ret60_ret5_top5_riskoff0,0.6299262083,1.4894787441,1.2466683966
2020-05-28,17,ret60_ret5_top5_riskoff0,0.6276097018,1.4873650470,1.2502408560
2020-05-29,17,ret60_ret5_top5_riskoff0,0.6320749605,1.5009355399,1.2536090823
2020-06-01,17,ret60_ret5_top5_riskoff0,0.6456633912,1.5390713020,1.2874275005
2020-06-02,17,ret60_ret5_top5_riskoff0,0.6470122046,1.5400071492,1.2913922173
2020-06-03,17,ret60_ret5_top5_riskoff0,0.6452425458,1.5371209156,1.2914181516
2020-06-04,17,ret60_ret5_top5_riskoff0,0.6475994709,1.5433950429,1.2909448494
2020-06-05,17,ret60_ret5_top5_riskoff0,0.6458944669,1.5450357063,1.2971237130
2020-06-08,17,ret60_ret5_top5_riskoff0,0.6457830818,1.5487116486,1.3038342312
2020-06-09,17,ret60_ret5_top5_riskoff0,0.6517288720,1.5564871179,1.3119646561
2020-06-10,17,ret60_ret5_top5_riskoff0,0.6527902261,1.5569084464,1.3095916612
2020-06-11,17,ret60_ret5_top5_riskoff0,0.6437273953,1.5405376782,1.2953828684
2020-06-12,17,ret60_ret5_top5_riskoff0,0.6468411140,1.5400322556,1.2977169617
2020-06-15,17,ret60_ret5_top5_riskoff0,0.6405897125,1.5317274631,1.2821271637
2020-06-16,17,ret60_ret5_top5_riskoff0,0.6518557176,1.5567787472,1.3014417855
2020-06-17,17,ret60_ret5_top5_riskoff0,0.6533441175,1.5610632461,1.3024208080
2020-06-18,17,ret60_ret5_top5_riskoff0,0.6512325187,1.5654870331,1.3111055801
2020-06-19,17,ret60_ret5_top5_riskoff0,0.6613222751,1.5813571291,1.3287182590
2020-06-22,17,ret60_ret5_top5_riskoff0,0.6566460203,1.5809253713,1.3298010189
2020-06-23,17,ret60_ret5_top5_riskoff0,0.6607644777,1.5834542193,1.3362003246
2020-06-24,17,ret60_ret5_top5_riskoff0,0.6606988684,1.5859226558,1.3417762141
2020-06-29,17,ret60_ret5_top5_riskoff0,0.6591875285,1.5807928969,1.3322874766
2020-06-30,17,ret60_ret5_top5_riskoff0,0.6663035816,1.6041370662,1.3498709793
2020-07-01,17,ret60_ret5_top5_riskoff0,0.6761029374,1.6297379821,1.3770437152
2020-07-02,17,ret60_ret5_top5_riskoff0,0.6838586213,1.6480440962,1.4055909727
2020-07-03,17,ret60_ret5_top5_riskoff0,0.6871734739,1.6608827466,1.4327442579
2020-07-06,17,ret60_ret5_top5_riskoff0,0.7076583498,1.7272307772,1.5139480114
2020-07-07,17,ret60_ret5_top5_riskoff0,0.7194495349,1.7479041637,1.5230380080
2020-07-08,17,ret60_ret5_top5_riskoff0,0.7240473222,1.7719598074,1.5476335160
2020-07-09,17,ret60_ret5_top5_riskoff0,0.7403097881,1.8139149623,1.5692789893
2020-07-10,17,ret60_ret5_top5_riskoff0,0.7381882488,1.7994449588,1.5408678873
2020-07-13,17,ret60_ret5_top5_riskoff0,0.7621012047,1.8593380493,1.5732307389
2020-07-14,17,ret60_ret5_top5_riskoff0,0.7541494361,1.8438581971,1.5582309478
2020-07-15,17,ret60_ret5_top5_riskoff0,0.7485585749,1.8179603750,1.5380604917
2020-07-16,17,ret60_ret5_top5_riskoff0,0.7037811438,1.7282501234,1.4640762184
2020-07-17,17,ret60_ret5_top5_riskoff0,0.7139188318,1.7425006724,1.4732991286
2020-07-20,17,ret60_ret5_top5_riskoff0,0.7280692456,1.7923596405,1.5172578854
2020-07-21,17,ret60_ret5_top5_riskoff0,0.7379094555,1.8033706424,1.5207395745
2020-07-22,17,ret60_ret5_top5_riskoff0,0.7442756592,1.8124985068,1.5283286195
2020-07-23,17,ret60_ret5_top5_riskoff0,0.7491689158,1.8115359378,1.5276770184
2020-07-24,17,ret60_ret5_top5_riskoff0,0.7111481863,1.7355343499,1.4606204636
2020-07-27,17,ret60_ret5_top5_riskoff0,0.7161145604,1.7422823218,1.4680312098
2020-07-28,17,ret60_ret5_top5_riskoff0,0.7258480448,1.7625540764,1.4809368005
2020-07-29,17,ret60_ret5_top5_riskoff0,0.7494473992,1.8034300417,1.5168396937
2020-07-30,17,ret60_ret5_top5_riskoff0,0.7470161004,1.7988375762,1.5094289475
2020-07-31,17,ret60_ret5_top5_riskoff0,0.7556162868,1.8146132854,1.5220395348
2020-08-03,17,ret60_ret5_top5_riskoff0,0.7713843382,1.8527231923,1.5467614728
2020-08-04,17,ret60_ret5_top5_riskoff0,0.7659924989,1.8489175864,1.5482170393
2020-08-05,17,ret60_ret5_top5_riskoff0,0.7709892218,1.8674154909,1.5486417146
2020-08-06,17,ret60_ret5_top5_riskoff0,0.7678004210,1.8587296836,1.5439897370
2020-08-07,17,ret60_ret5_top5_riskoff0,0.7589577785,1.8394897313,1.5262149683
2020-08-10,17,ret60_ret5_top5_riskoff0,0.7577743636,1.8467696101,1.5317065711
2020-08-11,17,ret60_ret5_top5_riskoff0,0.7464180261,1.8248190294,1.5177376712
2020-08-12,17,ret60_ret5_top5_riskoff0,0.7323779511,1.8094577720,1.5066701789
2020-08-13,17,ret60_ret5_top5_riskoff0,0.7332886083,1.8154352436,1.5028027160
2020-08-14,17,ret60_ret5_top5_riskoff0,0.7394178554,1.8309173730,1.5251451756
2020-08-17,17,ret60_ret5_top5_riskoff0,0.7533032815,1.8610827100,1.5609994418
2020-08-18,17,ret60_ret5_top5_riskoff0,0.7631026472,1.8735185689,1.5601987181
2020-08-19,17,ret60_ret5_top5_riskoff0,0.7535830208,1.8528184230,1.5368318510
2020-08-20,17,ret60_ret5_top5_riskoff0,0.7434892669,1.8295899628,1.5168850788
2020-08-21,17,ret60_ret5_top5_riskoff0,0.7514673206,1.8436896573,1.5297517680
2020-08-24,17,ret60_ret5_top5_riskoff0,0.7571200980,1.8601946471,1.5417496558
2020-08-25,17,ret60_ret5_top5_riskoff0,0.7537531380,1.8521816255,1.5437271515
2020-08-26,17,ret60_ret5_top5_riskoff0,0.7446845813,1.8276229232,1.5256314450
2020-08-27,17,ret60_ret5_top5_riskoff0,0.7520311350,1.8380405052,1.5338072551
2020-08-28,17,ret60_ret5_top5_riskoff0,0.7653095838,1.8687892559,1.5704136180
2020-08-31,17,ret60_ret5_top5_riskoff0,0.7688697568,1.8670953804,1.5613203796
2020-09-01,17,ret60_ret5_top5_riskoff0,0.7722368149,1.8761243222,1.5697166318
2020-09-02,17,ret60_ret5_top5_riskoff0,0.7685700300,1.8767675319,1.5702904298
2020-09-03,17,ret60_ret5_top5_riskoff0,0.7610351083,1.8607091247,1.5616056577
2020-09-04,17,ret60_ret5_top5_riskoff0,0.7532531223,1.8492169519,1.5464081170
2020-09-07,17,ret60_ret5_top5_riskoff0,0.7299140698,1.8129643836,1.5137146021
2020-09-08,17,ret60_ret5_top5_riskoff0,0.7267798482,1.8185044274,1.5218255763
2020-09-09,18,ret60_ret5_top5_riskoff0,0.7267798482,1.8185044274,1.5218255763
2020-09-10,18,ret60_ret5_top5_riskoff0,0.7200607387,1.7967688793,1.5209592033
2020-09-11,18,ret60_ret5_top5_riskoff0,0.7319795298,1.8165480478,1.5359962510
2020-09-14,18,ret60_ret5_top5_riskoff0,0.7357634433,1.8323602511,1.5438865518
2020-09-15,18,ret60_ret5_top5_riskoff0,0.7396464969,1.8447988962,1.5563112029
2020-09-16,18,ret60_ret5_top5_riskoff0,0.7286180199,1.8296435411,1.5459811163
2020-09-17,18,ret60_ret5_top5_riskoff0,0.7226330914,1.8222729421,1.5377987051
2020-09-18,18,ret60_ret5_top5_riskoff0,0.7328163647,1.8500231284,1.5724469841
2020-09-21,18,ret60_ret5_top5_riskoff0,0.7271602395,1.8398770889,1.5572904367
2020-09-22,18,ret60_ret5_top5_riskoff0,0.7206337047,1.8141421695,1.5388111332
2020-09-23,18,ret60_ret5_top5_riskoff0,0.7273010938,1.8238486128,1.5443114397
2020-09-24,18,ret60_ret5_top5_riskoff0,0.7127784512,1.7824430939,1.5146821487
2020-09-25,18,ret60_ret5_top5_riskoff0,0.7116730519,1.7736538321,1.5169891572
2020-09-28,18,ret60_ret5_top5_riskoff0,0.7047281022,1.7624842997,1.5209359672
2020-09-29,18,ret60_ret5_top5_riskoff0,0.7116545569,1.7747274980,1.5242188900
2020-09-30,18,ret60_ret5_top5_riskoff0,0.7112450023,1.7711588094,1.5227583379
2020-10-09,18,ret60_ret5_top5_riskoff0,0.7112450023,1.8160388109,1.5538747365
2020-10-12,18,ret60_ret5_top5_riskoff0,0.7112450023,1.8646547210,1.6010173748
2020-10-13,18,ret60_ret5_top5_riskoff0,0.7112450023,1.8729143378,1.6063417511
2020-10-14,18,ret60_ret5_top5_riskoff0,0.7112450023,1.8595031005,1.5956863597
2020-10-15,18,ret60_ret5_top5_riskoff0,0.7112450023,1.8469872331,1.5929113107
2020-10-16,18,ret60_ret5_top5_riskoff0,0.7112450023,1.8436429816,1.5905677884
2020-10-19,18,ret60_ret5_top5_riskoff0,0.7112450023,1.8312275858,1.5785547475
2020-10-20,18,ret60_ret5_top5_riskoff0,0.7112450023,1.8469092030,1.5911619676
2020-10-21,18,ret60_ret5_top5_riskoff0,0.7112450023,1.8362029094,1.5909495237
2020-10-22,18,ret60_ret5_top5_riskoff0,0.7112450023,1.8280912909,1.5860201603
2020-10-23,18,ret60_ret5_top5_riskoff0,0.7112450023,1.7975711371,1.5662728321
2020-10-26,18,ret60_ret5_top5_riskoff0,0.7112450023,1.7991290259,1.5572273674
2020-10-27,18,ret60_ret5_top5_riskoff0,0.7112450023,1.8042697772,1.5598961944
2020-10-28,18,ret60_ret5_top5_riskoff0,0.7112450023,1.8151945617,1.5725067340
2020-10-29,18,ret60_ret5_top5_riskoff0,0.7112450023,1.8259435469,1.5843405254
2020-10-30,18,ret60_ret5_top5_riskoff0,0.7112450023,1.7863550136,1.5585850170
2020-11-02,18,ret60_ret5_top5_riskoff0,0.7112450023,1.8030366416,1.5670495803
2020-11-03,18,ret60_ret5_top5_riskoff0,0.7112450023,1.8274477189,1.5858807440
2020-11-04,18,ret60_ret5_top5_riskoff0,0.7112450023,1.8331251576,1.5978639101
2020-11-05,18,ret60_ret5_top5_riskoff0,0.7105337573,1.8616688429,1.6215812844
2020-11-06,18,ret60_ret5_top5_riskoff0,0.7125436040,1.8593860494,1.6217837701
2020-11-09,18,ret60_ret5_top5_riskoff0,0.7252022092,1.8944377423,1.6535275421
2020-11-10,18,ret60_ret5_top5_riskoff0,0.7221400067,1.8796337774,1.6444090498
2020-11-11,18,ret60_ret5_top5_riskoff0,0.7154997598,1.8600435152,1.6281504494
2020-11-12,18,ret60_ret5_top5_riskoff0,0.7213468651,1.8673286814,1.6293321689
2020-11-13,18,ret60_ret5_top5_riskoff0,0.7167474565,1.8594682822,1.6122005567
2020-11-16,18,ret60_ret5_top5_riskoff0,0.7245651673,1.8821128335,1.6279081306
2020-11-17,18,ret60_ret5_top5_riskoff0,0.7239898137,1.8747119267,1.6247944990
2020-11-18,18,ret60_ret5_top5_riskoff0,0.7203805819,1.8713260469,1.6237588348
2020-11-19,18,ret60_ret5_top5_riskoff0,0.7285402632,1.8831271574,1.6358150285
2020-11-20,18,ret60_ret5_top5_riskoff0,0.7327813404,1.8947201552,1.6408937665
2020-11-23,18,ret60_ret5_top5_riskoff0,0.7396195273,1.9089519784,1.6613879679
2020-11-24,18,ret60_ret5_top5_riskoff0,0.7346872316,1.9020940582,1.6511840199
2020-11-25,18,ret60_ret5_top5_riskoff0,0.7208273027,1.8714936470,1.6300757227
2020-11-26,18,ret60_ret5_top5_riskoff0,0.7173656067,1.8674340621,1.6330267018
2020-11-27,18,ret60_ret5_top5_riskoff0,0.7201205396,1.8766308654,1.6533350148
2020-11-30,18,ret60_ret5_top5_riskoff0,0.7133558811,1.8683664881,1.6465235309
2020-12-01,18,ret60_ret5_top5_riskoff0,0.7246847093,1.8934737467,1.6819917108
2020-12-02,18,ret60_ret5_top5_riskoff0,0.7293204062,1.9013510518,1.6820049885
2020-12-03,18,ret60_ret5_top5_riskoff0,0.7275229835,1.8988697278,1.6786589965
2020-12-04,18,ret60_ret5_top5_riskoff0,0.7369458558,1.9098412499,1.6816000173
2020-12-07,18,ret60_ret5_top5_riskoff0,0.7338263290,1.9039034331,1.6670973989
2020-12-08,18,ret60_ret5_top5_riskoff0,0.7319076484,1.8985710983,1.6629978947
2020-12-09,18,ret60_ret5_top5_riskoff0,0.7183937448,1.8662346772,1.6406979197
2020-12-10,18,ret60_ret5_top5_riskoff0,0.7170989646,1.8655405641,1.6399742825
2020-12-11,18,ret60_ret5_top5_riskoff0,0.7100043891,1.8439091751,1.6230816698
2020-12-14,18,ret60_ret5_top5_riskoff0,0.7159634376,1.8612786206,1.6380888426
2020-12-15,18,ret60_ret5_top5_riskoff0,0.7150650380,1.8571901613,1.6414945845
2020-12-16,18,ret60_ret5_top5_riskoff0,0.7188185559,1.8570568647,1.6444057304
2020-12-17,18,ret60_ret5_top5_riskoff0,0.7314943527,1.8799449066,1.6655206665
2020-12-18,18,ret60_ret5_top5_riskoff0,0.7313813070,1.8757716336,1.6597083330
2020-12-21,18,ret60_ret5_top5_riskoff0,0.7374085443,1.8935730574,1.6752665323
2020-12-22,18,ret60_ret5_top5_riskoff0,0.7268939757,1.8652856657,1.6480239163
2020-12-23,18,ret60_ret5_top5_riskoff0,0.7304988844,1.8790286298,1.6620817302
2020-12-24,18,ret60_ret5_top5_riskoff0,0.7249375453,1.8637556066,1.6597249302
2020-12-25,18,ret60_ret5_top5_riskoff0,0.7348273968,1.8850068650,1.6736632444
2020-12-28,18,ret60_ret5_top5_riskoff0,0.7404575290,1.8894813234,1.6810987824
2020-12-29,18,ret60_ret5_top5_riskoff0,0.7324041728,1.8754976864,1.6739719520
2020-12-30,18,ret60_ret5_top5_riskoff0,0.7425944605,1.8959267447,1.6974636047
2020-12-31,18,ret60_ret5_top5_riskoff0,0.7547316065,1.9199628956,1.7298546669
2021-01-04,18,ret60_ret5_top5_riskoff0,0.7733928613,1.9540255566,1.7485862475
2021-01-05,18,ret60_ret5_top5_riskoff0,0.7939942951,1.9858464019,1.7820395294
2021-01-06,18,ret60_ret5_top5_riskoff0,0.7918659375,1.9847097060,1.7983611991
2021-01-07,18,ret60_ret5_top5_riskoff0,0.8018465701,1.9907043415,1.8302244708
2021-01-08,18,ret60_ret5_top5_riskoff0,0.7981904515,1.9836293059,1.8241731379
2021-01-11,18,ret60_ret5_top5_riskoff0,0.7823752696,1.9447858902,1.8061585556
2021-01-12,18,ret60_ret5_top5_riskoff0,0.8028248385,1.9814761616,1.8576728919
2021-01-13,18,ret60_ret5_top5_riskoff0,0.7964268836,1.9679282773,1.8515717675
2021-01-14,18,ret60_ret5_top5_riskoff0,0.7836387070,1.9428342845,1.8158845048
2021-01-15,18,ret60_ret5_top5_riskoff0,0.7830578384,1.9456725435,1.8117750423
2021-01-18,18,ret60_ret5_top5_riskoff0,0.7941511638,1.9689650439,1.8318377170
2021-01-19,18,ret60_ret5_top5_riskoff0,0.7781278027,1.9472934153,1.8049502807
2021-01-20,18,ret60_ret5_top5_riskoff0,0.7852052462,1.9573483436,1.8178662084
2021-01-21,18,ret60_ret5_top5_riskoff0,0.8009461582,1.9872762612,1.8472564999
2021-01-22,18,ret60_ret5_top5_riskoff0,0.8009835039,1.9886680223,1.8488531489
2021-01-25,18,ret60_ret5_top5_riskoff0,0.8100965036,1.9953727850,1.8674884659
2021-01-26,18,ret60_ret5_top5_riskoff0,0.7935650450,1.9673906645,1.8299954297
2021-01-27,18,ret60_ret5_top5_riskoff0,0.7919285409,1.9680971716,1.8349845429
2021-01-28,18,ret60_ret5_top5_riskoff0,0.7692239907,1.9223184671,1.7849075226
2021-01-29,18,ret60_ret5_top5_riskoff0,0.7649884760,1.9095518313,1.7765491813
2021-02-01,18,ret60_ret5_top5_riskoff0,0.7709439874,1.9281797494,1.7983545602
2021-02-02,18,ret60_ret5_top5_riskoff0,0.7874576998,1.9510478992,1.8260519391
2021-02-03,18,ret60_ret5_top5_riskoff0,0.7799109333,1.9401322698,1.8207773543
2021-02-04,18,ret60_ret5_top5_riskoff0,0.7711719574,1.9204874191,1.8170429882
2021-02-05,18,ret60_ret5_top5_riskoff0,0.7593030066,1.9090018990,1.8201831752
2021-02-08,18,ret60_ret5_top5_riskoff0,0.7731505542,1.9345302938,1.8471204030
2021-02-09,18,ret60_ret5_top5_riskoff0,0.7974952790,1.9705678415,1.8875146268
2021-02-10,18,ret60_ret5_top5_riskoff0,0.8166885916,2.0055580106,1.9278358230
2021-02-18,18,ret60_ret5_top5_riskoff0,0.8158006023,2.0146285640,1.9147771595
2021-02-19,18,ret60_ret5_top5_riskoff0,0.8207806505,2.0425279448,1.9182492901
2021-02-22,18,ret60_ret5_top5_riskoff0,0.8029833586,2.0185377676,1.8579981967
2021-02-23,18,ret60_ret5_top5_riskoff0,0.7994181626,2.0089457970,1.8521360717
2021-02-24,18,ret60_ret5_top5_riskoff0,0.7845347882,1.9781637076,1.8049668779
2021-02-25,18,ret60_ret5_top5_riskoff0,0.7803635690,1.9807492631,1.8155857555
2021-02-26,18,ret60_ret5_top5_riskoff0,0.7635657176,1.9444418105,1.7715036377
2021-03-01,18,ret60_ret5_top5_riskoff0,0.7840981088,1.9805134536,1.7987296565
2021-03-02,18,ret60_ret5_top5_riskoff0,0.7738730973,1.9604463510,1.7757757526
2021-03-03,18,ret60_ret5_top5_riskoff0,0.7858323224,1.9894744008,1.8098265330
2021-03-04,18,ret60_ret5_top5_riskoff0,0.7583646714,1.9443613970,1.7528981956
2021-03-05,18,ret60_ret5_top5_riskoff0,0.7553183251,1.9400942831,1.7469530847
2021-03-08,18,ret60_ret5_top5_riskoff0,0.7270471694,1.8916391368,1.6862804229
2021-03-09,18,ret60_ret5_top5_riskoff0,0.7083379212,1.8500534533,1.6500919252
2021-03-10,18,ret60_ret5_top5_riskoff0,0.7122426038,1.8517312935,1.6609166079
2021-03-11,18,ret60_ret5_top5_riskoff0,0.7340989153,1.8946388243,1.7022801072
2021-03-12,18,ret60_ret5_top5_riskoff0,0.7328335751,1.9013537878,1.7083082040
2021-03-15,18,ret60_ret5_top5_riskoff0,0.7178700062,1.8762222786,1.6715155689
2021-03-16,18,ret60_ret5_top5_riskoff0,0.7212682769,1.8945869365,1.6860613401
2021-03-17,18,ret60_ret5_top5_riskoff0,0.7308306477,1.9112937855,1.6931981287
2021-03-18,18,ret60_ret5_top5_riskoff0,0.7377634413,1.9254789455,1.7067779438
2021-03-19,18,ret60_ret5_top5_riskoff0,0.7242397325,1.8986738529,1.6620717719
2021-03-22,19,ret60_ret5_top5_riskoff0,0.7242397325,1.8986738529,1.6620717719
2021-03-23,19,ret60_ret5_top5_riskoff0,0.7145187427,1.8760719055,1.6463290635
2021-03-24,19,ret60_ret5_top5_riskoff0,0.7028353230,1.8538950820,1.6198523914
2021-03-25,19,ret60_ret5_top5_riskoff0,0.7030548570,1.8474494471,1.6190833322
2021-03-26,19,ret60_ret5_top5_riskoff0,0.7197003019,1.8812083763,1.6557746885
2021-03-29,19,ret60_ret5_top5_riskoff0,0.7218171076,1.8863311991,1.6586964563
2021-03-30,19,ret60_ret5_top5_riskoff0,0.7280845437,1.8928767227,1.6744227318
2021-03-31,19,ret60_ret5_top5_riskoff0,0.7185261520,1.8861099375,1.6591828698
2021-04-01,19,ret60_ret5_top5_riskoff0,0.7259484294,1.9023964950,1.6796976895
2021-04-02,19,ret60_ret5_top5_riskoff0,0.7345559648,1.9174846004,1.6963869323
2021-04-06,19,ret60_ret5_top5_riskoff0,0.7345559648,1.9181706084,1.6894128139
2021-04-07,19,ret60_ret5_top5_riskoff0,0.7345559648,1.9240658610,1.6773839386
2021-04-08,19,ret60_ret5_top5_riskoff0,0.7345559648,1.9186237236,1.6801676701
2021-04-09,19,ret60_ret5_top5_riskoff0,0.7345559648,1.9071311759,1.6549037453
2021-04-12,19,ret60_ret5_top5_riskoff0,0.7345559648,1.8745631874,1.6261166090
2021-04-13,19,ret60_ret5_top5_riskoff0,0.7345559648,1.8677006441,1.6234511943
2021-04-14,19,ret60_ret5_top5_riskoff0,0.7345559648,1.8832237102,1.6369228773
2021-04-15,19,ret60_ret5_top5_riskoff0,0.7345559648,1.8784059778,1.6265175715
2021-04-16,19,ret60_ret5_top5_riskoff0,0.7345559648,1.8915919010,1.6321737722
2021-04-19,19,ret60_ret5_top5_riskoff0,0.7345559648,1.9207015111,1.6718887802
2021-04-20,19,ret60_ret5_top5_riskoff0,0.7345559648,1.9208822055,1.6706891793
2021-04-21,19,ret60_ret5_top5_riskoff0,0.7345559648,1.9199248214,1.6757439362
2021-04-22,19,ret60_ret5_top5_riskoff0,0.7345559648,1.9226439588,1.6726184005
2021-04-23,19,ret60_ret5_top5_riskoff0,0.7345559648,1.9292998964,1.6878056773
2021-04-26,19,ret60_ret5_top5_riskoff0,0.7345559648,1.9110950784,1.6686745070
2021-04-27,19,ret60_ret5_top5_riskoff0,0.7345559648,1.9110652019,1.6730390825
2021-04-28,19,ret60_ret5_top5_riskoff0,0.7345559648,1.9219141359,1.6824781344
2021-04-29,19,ret60_ret5_top5_riskoff0,0.7345559648,1.9297802914,1.6972447292
2021-04-30,19,ret60_ret5_top5_riskoff0,0.7345559648,1.9213219627,1.6838749300
2021-05-06,19,ret60_ret5_top5_riskoff0,0.7345559648,1.9113875828,1.6633765433
2021-05-07,19,ret60_ret5_top5_riskoff0,0.7345559648,1.8904340334,1.6419907805
2021-05-10,19,ret60_ret5_top5_riskoff0,0.7345559648,1.8946331460,1.6407977528
2021-05-11,19,ret60_ret5_top5_riskoff0,0.7345559648,1.8980335850,1.6508678276
2021-05-12,19,ret60_ret5_top5_riskoff0,0.7345559648,1.9071285537,1.6579306836
2021-05-13,19,ret60_ret5_top5_riskoff0,0.7345559648,1.8882545479,1.6409785145
2021-05-14,19,ret60_ret5_top5_riskoff0,0.7345559648,1.9133506618,1.6796352445
2021-05-17,19,ret60_ret5_top5_riskoff0,0.7345559648,1.9295300395,1.7040873845
2021-05-18,19,ret60_ret5_top5_riskoff0,0.7345559648,1.9342158655,1.7049451813
2021-05-19,19,ret60_ret5_top5_riskoff0,0.7345559648,1.9301971984,1.6999068573
2021-05-20,19,ret60_ret5_top5_riskoff0,0.7345559648,1.9278992166,1.7045540786
2021-05-21,19,ret60_ret5_top5_riskoff0,0.7345559648,1.9253898340,1.6873784221
2021-05-24,19,ret60_ret5_top5_riskoff0,0.7345559648,1.9304141051,1.6944248453
2021-05-25,19,ret60_ret5_top5_riskoff0,0.7345559648,1.9556774650,1.7479599136
2021-05-26,19,ret60_ret5_top5_riskoff0,0.7345559648,1.9644506679,1.7486533816
2021-05-27,19,ret60_ret5_top5_riskoff0,0.7345559648,1.9746431434,1.7544509051
2021-05-28,19,ret60_ret5_top5_riskoff0,0.7345559648,1.9639121756,1.7488177105
2021-05-31,19,ret60_ret5_top5_riskoff0,0.7345559648,1.9733507558,1.7522620442
2021-06-01,19,ret60_ret5_top5_riskoff0,0.7345559648,1.9811653555,1.7555847745
2021-06-02,19,ret60_ret5_top5_riskoff0,0.7345559648,1.9700670005,1.7385898799
2021-06-03,19,ret60_ret5_top5_riskoff0,0.7338214088,1.9659657754,1.7271920275
2021-06-04,19,ret60_ret5_top5_riskoff0,0.7360687189,1.9687544883,1.7360625014
2021-06-07,19,ret60_ret5_top5_riskoff0,0.7395700509,1.9684755121,1.7345342427
2021-06-08,19,ret60_ret5_top5_riskoff0,0.7311527936,1.9530430046,1.7195770264
2021-06-09,19,ret60_ret5_top5_riskoff0,0.7324893721,1.9540282425,1.7210001147
2021-06-10,19,ret60_ret5_top5_riskoff0,0.7365334010,1.9597247192,1.7325097107
2021-06-11,19,ret60_ret5_top5_riskoff0,0.7341641936,1.9493974862,1.7171383856
2021-06-15,19,ret60_ret5_top5_riskoff0,0.7273081077,1.9295653672,1.6980302213
2021-06-16,19,ret60_ret5_top5_riskoff0,0.7153459667,1.8998057681,1.6697426448
2021-06-17,19,ret60_ret5_top5_riskoff0,0.7218136760,1.9136891688,1.6767759217
2021-06-18,19,ret60_ret5_top5_riskoff0,0.7234438654,1.9220685469,1.6769665432
2021-06-21,19,ret60_ret5_top5_riskoff0,0.7272515628,1.9237642124,1.6729963570
2021-06-22,19,ret60_ret5_top5_riskoff0,0.7347771323,1.9381140566,1.6834378152
2021-06-23,19,ret60_ret5_top5_riskoff0,0.7354531811,1.9540354661,1.6917298514
2021-06-24,19,ret60_ret5_top5_riskoff0,0.7334118241,1.9471315401,1.6945497352
2021-06-25,19,ret60_ret5_top5_riskoff0,0.7391174413,1.9649794064,1.7221569901
2021-06-28,19,ret60_ret5_top5_riskoff0,0.7426116323,1.9726003152,1.7260318655
2021-06-29,19,ret60_ret5_top5_riskoff0,0.7345313675,1.9497097637,1.7059114352
2021-06-30,19,ret60_ret5_top5_riskoff0,0.7350955859,1.9594705568,1.7169214714
2021-07-01,19,ret60_ret5_top5_riskoff0,0.7329310945,1.9505358869,1.7187685282
2021-07-02,19,ret60_ret5_top5_riskoff0,0.7168280253,1.9228648891,1.6699496992
2021-07-05,19,ret60_ret5_top5_riskoff0,0.7168280253,1.9301310198,1.6714845311
2021-07-06,19,ret60_ret5_top5_riskoff0,0.7168280253,1.9317055315,1.6706004417
2021-07-07,19,ret60_ret5_top5_riskoff0,0.7168280253,1.9504806166,1.6894621126
2021-07-08,19,ret60_ret5_top5_riskoff0,0.7168280253,1.9407846343,1.6722963159
2021-07-09,19,ret60_ret5_top5_riskoff0,0.7168280253,1.9489425897,1.6661109762
2021-07-12,19,ret60_ret5_top5_riskoff0,0.7168280253,1.9713850463,1.6869051549
2021-07-13,19,ret60_ret5_top5_riskoff0,0.7168280253,1.9857585454,1.6899912516
2021-07-14,19,ret60_ret5_top5_riskoff0,0.7168280253,1.9678864339,1.6705971551
2021-07-15,19,ret60_ret5_top5_riskoff0,0.7168280253,1.9699679412,1.6930674886
2021-07-16,19,ret60_ret5_top5_riskoff0,0.7168280253,1.9528128574,1.6744358781
2021-07-19,19,ret60_ret5_top5_riskoff0,0.7168280253,1.9489736787,1.6805883521
2021-07-20,19,ret60_ret5_top5_riskoff0,0.7168280253,1.9515547084,1.6791093920
2021-07-21,19,ret60_ret5_top5_riskoff0,0.7168280253,1.9641804817,1.6906288477
2021-07-22,19,ret60_ret5_top5_riskoff0,0.7168280253,1.9713285504,1.6931627994
2021-07-23,19,ret60_ret5_top5_riskoff0,0.7168280253,1.9389657406,1.6726151140
2021-07-26,19,ret60_ret5_top5_riskoff0,0.7168280253,1.8989841792,1.6187382415
2021-07-27,19,ret60_ret5_top5_riskoff0,0.7168280253,1.8401630134,1.5615550716
2021-07-28,19,ret60_ret5_top5_riskoff0,0.7168280253,1.8221099618,1.5645688636
2021-07-29,19,ret60_ret5_top5_riskoff0,0.7168280253,1.8566734102,1.5940790471
2021-07-30,19,ret60_ret5_top5_riskoff0,0.7168280253,1.8577977214,1.5812285273
2021-08-02,19,ret60_ret5_top5_riskoff0,0.7168280253,1.8965160633,1.6215121133
2021-08-03,19,ret60_ret5_top5_riskoff0,0.7168280253,1.8979132422,1.6217487469
2021-08-04,19,ret60_ret5_top5_riskoff0,0.7168280253,1.9131178726,1.6363378665
2021-08-05,19,ret60_ret5_top5_riskoff0,0.7168280253,1.9085330689,1.6264189742
2021-08-09,19,ret60_ret5_top5_riskoff0,0.7168280253,1.9327839440,1.6385431603
2021-08-10,19,ret60_ret5_top5_riskoff0,0.7168280253,1.9479755195,1.6574705627
2021-08-11,19,ret60_ret5_top5_riskoff0,0.7168280253,1.9544887707,1.6483305894
2021-08-12,19,ret60_ret5_top5_riskoff0,0.7168280253,1.9462890666,1.6345302486
2021-08-13,19,ret60_ret5_top5_riskoff0,0.7168280253,1.9480107196,1.6255348847
2021-08-16,19,ret60_ret5_top5_riskoff0,0.7168280253,1.9459628533,1.6239211749
2021-08-17,19,ret60_ret5_top5_riskoff0,0.7168280253,1.9041201558,1.5898492213
2021-08-18,19,ret60_ret5_top5_riskoff0,0.7168280253,1.9135525957,1.6085301304
2021-08-19,19,ret60_ret5_top5_riskoff0,0.7168280253,1.9126530229,1.5979802151
2021-08-20,19,ret60_ret5_top5_riskoff0,0.7168280253,1.8918037079,1.5674577656
2021-08-23,19,ret60_ret5_top5_riskoff0,0.7168280253,1.9192876060,1.5893496614
2021-08-24,19,ret60_ret5_top5_riskoff0,0.7168280253,1.9385979264,1.6066074823
2021-08-25,19,ret60_ret5_top5_riskoff0,0.7168280253,1.9510918977,1.6098184689
2021-08-26,19,ret60_ret5_top5_riskoff0,0.7168280253,1.9217445327,1.5780865587
2021-08-27,19,ret60_ret5_top5_riskoff0,0.7168280253,1.9291661878,1.5864443265
2021-08-30,19,ret60_ret5_top5_riskoff0,0.7168280253,1.9238967823,1.5819187086
2021-08-31,19,ret60_ret5_top5_riskoff0,0.7168280253,1.9278732334,1.5794011899
2021-09-01,19,ret60_ret5_top5_riskoff0,0.7168280253,1.9349651681,1.6003859902
2021-09-02,19,ret60_ret5_top5_riskoff0,0.7168280253,1.9408199873,1.6003695573
2021-09-03,19,ret60_ret5_top5_riskoff0,0.7168280253,1.9398074572,1.5917094244
2021-09-06,19,ret60_ret5_top5_riskoff0,0.7168280253,1.9661265792,1.6215088267
2021-09-07,19,ret60_ret5_top5_riskoff0,0.7168280253,1.9846833952,1.6409325024
2021-09-08,19,ret60_ret5_top5_riskoff0,0.7168280253,1.9886697695,1.6341292861
2021-09-09,19,ret60_ret5_top5_riskoff0,0.7168280253,1.9910775534,1.6334325315
2021-09-10,19,ret60_ret5_top5_riskoff0,0.7168280253,1.9937323524,1.6477324322
2021-09-13,19,ret60_ret5_top5_riskoff0,0.7168280253,1.9941898060,1.6405479728
2021-09-14,19,ret60_ret5_top5_riskoff0,0.7168280253,1.9706207318,1.6160629670
2021-09-15,19,ret60_ret5_top5_riskoff0,0.7168280253,1.9618541461,1.5996826625
2021-09-16,19,ret60_ret5_top5_riskoff0,0.7168280253,1.9316263209,1.5800880847
2021-09-17,19,ret60_ret5_top5_riskoff0,0.7168280253,1.9456594623,1.5959425368
2021-09-22,19,ret60_ret5_top5_riskoff0,0.7168280253,1.9506875496,1.5847122999
2021-09-23,19,ret60_ret5_top5_riskoff0,0.7168280253,1.9703955853,1.5950420144
2021-09-24,20,ret60_ret5_top5_riskoff0,0.7168280253,1.9703955853,1.5950420144
2021-09-27,20,ret60_ret5_top5_riskoff0,0.7168280253,1.9465699741,1.6042318520
2021-09-28,20,ret60_ret5_top5_riskoff0,0.7168280253,1.9532887446,1.6063566319
2021-09-29,20,ret60_ret5_top5_riskoff0,0.7168280253,1.9177304398,1.5899438583
2021-09-30,20,ret60_ret5_top5_riskoff0,0.7168280253,1.9469663351,1.6006170948
2021-10-11,20,ret60_ret5_top5_riskoff0,0.7168280253,1.9627170886,1.6235785322
2021-10-12,20,ret60_ret5_top5_riskoff0,0.7168280253,1.9350428354,1.6063599210
2021-10-13,20,ret60_ret5_top5_riskoff0,0.7168280253,1.9455022164,1.6248678723
2021-10-14,20,ret60_ret5_top5_riskoff0,0.7168280253,1.9421719518,1.6161516699
2021-10-15,20,ret60_ret5_top5_riskoff0,0.7168280253,1.9365314414,1.6222365659
2021-10-18,20,ret60_ret5_top5_riskoff0,0.7168280253,1.9350716171,1.6033799665
2021-10-19,20,ret60_ret5_top5_riskoff0,0.7168280253,1.9523898602,1.6191480700
2021-10-20,20,ret60_ret5_top5_riskoff0,0.7168280253,1.9462811937,1.6150234973
2021-10-21,20,ret60_ret5_top5_riskoff0,0.7168280253,1.9436536275,1.6208913105
2021-10-25,20,ret60_ret5_top5_riskoff0,0.7168280253,1.9460202194,1.6378303454
2021-10-26,20,ret60_ret5_top5_riskoff0,0.7168280253,1.9391607263,1.6324295890
2021-10-27,20,ret60_ret5_top5_riskoff0,0.7168280253,1.9137511148,1.6110699594
2021-10-28,20,ret60_ret5_top5_riskoff0,0.7168280253,1.8938314236,1.5998803290
2021-10-29,20,ret60_ret5_top5_riskoff0,0.7168280253,1.9149663092,1.6145597295
2021-11-01,20,ret60_ret5_top5_riskoff0,0.7168280253,1.9193123820,1.6086129771
2021-11-02,20,ret60_ret5_top5_riskoff0,0.7168280253,1.9009920751,1.5918910250
2021-11-03,20,ret60_ret5_top5_riskoff0,0.7168280253,1.9059081335,1.5857271898
2021-11-04,20,ret60_ret5_top5_riskoff0,0.7168280253,1.9279555114,1.6013933302
2021-11-05,20,ret60_ret5_top5_riskoff0,0.7168280253,1.9114244724,1.5927133083
2021-11-08,20,ret60_ret5_top5_riskoff0,0.7168280253,1.9199584184,1.5946308728
2021-11-09,20,ret60_ret5_top5_riskoff0,0.7168280253,1.9266832273,1.5941572377
2021-11-10,20,ret60_ret5_top5_riskoff0,0.7168280253,1.9225097273,1.5857535029
2021-11-11,20,ret60_ret5_top5_riskoff0,0.7168280253,1.9464520027,1.6112311269
2021-11-12,20,ret60_ret5_top5_riskoff0,0.7168280253,1.9512177215,1.6078531874
2021-11-15,20,ret60_ret5_top5_riskoff0,0.7168280253,1.9517585688,1.6058797076
2021-11-16,20,ret60_ret5_top5_riskoff0,0.7168280253,1.9488856619,1.6061888861
2021-11-17,20,ret60_ret5_top5_riskoff0,0.7168280253,1.9601873914,1.6069881454
2021-11-18,20,ret60_ret5_top5_riskoff0,0.7168280253,1.9491300481,1.5911575484
2021-11-19,20,ret60_ret5_top5_riskoff0,0.7168280253,1.9673191516,1.6084057617
2021-11-22,20,ret60_ret5_top5_riskoff0,0.7168280253,1.9792976103,1.6157536848
2021-11-23,20,ret60_ret5_top5_riskoff0,0.7168280253,1.9801435540,1.6160661524
2021-11-24,20,ret60_ret5_top5_riskoff0,0.7168280253,1.9859168069,1.6171548554
2021-11-25,20,ret60_ret5_top5_riskoff0,0.7168280253,1.9824683214,1.6105042286
2021-11-26,20,ret60_ret5_top5_riskoff0,0.7168280253,1.9742062178,1.5985613867
2021-11-29,20,ret60_ret5_top5_riskoff0,0.7168280253,1.9728841237,1.5956965519
2021-11-30,20,ret60_ret5_top5_riskoff0,0.7168280253,1.9713082460,1.5893189230
2021-12-01,20,ret60_ret5_top5_riskoff0,0.7168280253,1.9822470765,1.5932066782
2021-12-02,20,ret60_ret5_top5_riskoff0,0.7168280253,1.9738247837,1.5972556009
2021-12-03,20,ret60_ret5_top5_riskoff0,0.7168280253,1.9937805832,1.6120106515
2021-12-06,20,ret60_ret5_top5_riskoff0,0.7168280253,1.9771128279,1.6092477798
2021-12-07,20,ret60_ret5_top5_riskoff0,0.7168280253,1.9799096638,1.6189441438
2021-12-08,20,ret60_ret5_top5_riskoff0,0.7168280253,2.0044459107,1.6432278126
2021-12-09,20,ret60_ret5_top5_riskoff0,0.7168280253,2.0278706394,1.6704486771
2021-12-10,20,ret60_ret5_top5_riskoff0,0.7168280253,2.0276478567,1.6626961907
2010-01-04,20,ret60_ret5_top5_riskoff0,0.7168280253,1.5513787637,1.1627841583
2010-01-05,20,ret60_ret5_top5_riskoff0,0.7168280253,1.5613991347,1.1722601504
2010-01-06,20,ret60_ret5_top5_riskoff0,0.7168280253,1.5547122704,1.1649220947
2010-01-07,20,ret60_ret5_top5_riskoff0,0.7168280253,1.5242933028,1.1418093573
2010-01-08,20,ret60_ret5_top5_riskoff0,0.7168280253,1.5371797617,1.1446610356
2010-01-11,20,ret60_ret5_top5_riskoff0,0.7168280253,1.5386547929,1.1452925491
2010-01-12,20,ret60_ret5_top5_riskoff0,0.7168280253,1.5723564570,1.1626821952
2010-01-13,20,ret60_ret5_top5_riskoff0,0.7168280253,1.5489167676,1.1252584401
2010-01-14,20,ret60_ret5_top5_riskoff0,0.7168280253,1.5868462328,1.1410166762
2010-01-15,20,ret60_ret5_top5_riskoff0,0.7168280253,1.5959196521,1.1455194993
2010-01-18,20,ret60_ret5_top5_riskoff0,0.7168280253,1.6190210218,1.1514202038
2010-01-19,20,ret60_ret5_top5_riskoff0,0.7168280253,1.6175924494,1.1536568143
2010-01-20,20,ret60_ret5_top5_riskoff0,0.7168280253,1.5647607910,1.1164731659
2010-01-21,20,ret60_ret5_top5_riskoff0,0.7168280253,1.5687649625,1.1211240000
2010-01-22,20,ret60_ret5_top5_riskoff0,0.7168280253,1.5313657688,1.1071879435
2010-01-25,20,ret60_ret5_top5_riskoff0,0.7168280253,1.5155930256,1.0946267447
2010-01-26,20,ret60_ret5_top5_riskoff0,0.7168280253,1.4649028820,1.0666000426
2010-01-27,20,ret60_ret5_top5_riskoff0,0.7168280253,1.4553024192,1.0520522074
2010-01-28,20,ret60_ret5_top5_riskoff0,0.7168280253,1.4733122330,1.0546835138
2010-01-29,20,ret60_ret5_top5_riskoff0,0.7168280253,1.4806922365,1.0538908327
2010-02-01,20,ret60_ret5_top5_riskoff0,0.7168280253,1.4653547802,1.0369682435
2010-02-02,20,ret60_ret5_top5_riskoff0,0.7168280253,1.4594446186,1.0348237288
2010-02-03,20,ret60_ret5_top5_riskoff0,0.7168280253,1.4824779942,1.0626267699
2010-02-04,20,ret60_ret5_top5_riskoff0,0.7168280253,1.4900989546,1.0587061234
2010-02-05,20,ret60_ret5_top5_riskoff0,0.7168280253,1.4608202776,1.0370932306
2010-02-08,20,ret60_ret5_top5_riskoff0,0.7168280253,1.4595256826,1.0364025127
2010-02-09,20,ret60_ret5_top5_riskoff0,0.7168280253,1.4624908578,1.0423887347
2010-02-10,20,ret60_ret5_top5_riskoff0,0.7168280253,1.4788010651,1.0571700983
2010-02-11,20,ret60_ret5_top5_riskoff0,0.7168280253,1.4794533604,1.0592323847
2010-02-12,20,ret60_ret5_top5_riskoff0,0.7168280253,1.4969241959,1.0693892273
2010-02-22,20,ret60_ret5_top5_riskoff0,0.7168280253,1.4961730311,1.0634918119
2010-02-23,20,ret60_ret5_top5_riskoff0,0.7168280253,1.5051159939,1.0520719422
2010-02-24,20,ret60_ret5_top5_riskoff0,0.7168280253,1.5343313389,1.0671526169
2010-02-25,20,ret60_ret5_top5_riskoff0,0.7168280253,1.5583956027,1.0828253355
2010-02-26,20,ret60_ret5_top5_riskoff0,0.7168280253,1.5580418538,1.0793849024
2010-03-01,20,ret60_ret5_top5_riskoff0,0.7168280253,1.5757831249,1.0934459459
2010-03-02,20,ret60_ret5_top5_riskoff0,0.7168280253,1.5742274998,1.0891108687
2010-03-03,20,ret60_ret5_top5_riskoff0,0.7168280253,1.5951623530,1.0969521617
2010-03-04,20,ret60_ret5_top5_riskoff0,0.7168280253,1.5438367646,1.0691556989
2010-03-05,20,ret60_ret5_top5_riskoff0,0.7168280253,1.5483677885,1.0721784121
2010-03-08,20,ret60_ret5_top5_riskoff0,0.7168280253,1.5617030813,1.0808683014
2010-03-09,20,ret60_ret5_top5_riskoff0,0.7168280253,1.5614571273,1.0873413151
2010-03-10,20,ret60_ret5_top5_riskoff0,0.7168280253,1.5457572301,1.0787336541
2010-03-11,20,ret60_ret5_top5_riskoff0,0.7168280253,1.5361807094,1.0777534925
2010-03-12,20,ret60_ret5_top5_riskoff0,0.7168280253,1.5140407642,1.0634194510
2010-03-15,20,ret60_ret5_top5_riskoff0,0.7168280253,1.4991778054,1.0469902317
2010-03-16,20,ret60_ret5_top5_riskoff0,0.7168280253,1.5104992421,1.0538283392
2010-03-17,20,ret60_ret5_top5_riskoff0,0.7168280253,1.5477404992,1.0768358244
2010-03-18,20,ret60_ret5_top5_riskoff0,0.7168280253,1.5491763123,1.0747406467
2010-03-19,20,ret60_ret5_top5_riskoff0,0.7168280253,1.5646740749,1.0833976447
2010-03-22,20,ret60_ret5_top5_riskoff0,0.7168280253,1.5717413046,1.0862789252
2010-03-23,20,ret60_ret5_top5_riskoff0,0.7168280253,1.5643421012,1.0773785313
2010-03-24,20,ret60_ret5_top5_riskoff0,0.7168280253,1.5696471026,1.0777403360
2010-03-25,20,ret60_ret5_top5_riskoff0,0.7168280253,1.5448106595,1.0621037978
2010-03-26,20,ret60_ret5_top5_riskoff0,0.7168280253,1.5655737597,1.0771910507
2010-03-29,20,ret60_ret5_top5_riskoff0,0.7168280253,1.5853680171,1.1046684677
2010-03-30,20,ret60_ret5_top5_riskoff0,0.7168280253,1.5909918562,1.1073556893
2010-03-31,20,ret60_ret5_top5_riskoff0,0.7168280253,1.5920670610,1.1004156187
2010-04-01,20,ret60_ret5_top5_riskoff0,0.7168280253,1.6168015746,1.1156541718
2010-04-02,20,ret60_ret5_top5_riskoff0,0.7168280253,1.6226990577,1.1207227257
2010-04-06,20,ret60_ret5_top5_riskoff0,0.7168280253,1.6235373270,1.1199991165
2010-04-07,20,ret60_ret5_top5_riskoff0,0.7168280253,1.6252689602,1.1140128945
2010-04-08,20,ret60_ret5_top5_riskoff0,0.7168280253,1.6212807746,1.1007872907
2010-04-09,20,ret60_ret5_top5_riskoff0,0.7168280253,1.6412356131,1.1114539490
2010-04-12,20,ret60_ret5_top5_riskoff0,0.7168280253,1.6493899371,1.1023463398
2010-04-13,20,ret60_ret5_top5_riskoff0,0.7168280253,1.6380414549,1.1155818109
2010-04-14,20,ret60_ret5_top5_riskoff0,0.7168280253,1.6566093311,1.1195254813
2010-04-15,20,ret60_ret5_top5_riskoff0,0.7168280253,1.6401549228,1.1165192138
2010-04-16,20,ret60_ret5_top5_riskoff0,0.7168280253,1.6369329643,1.1039415693
2010-04-19,20,ret60_ret5_top5_riskoff0,0.7168280253,1.5645841561,1.0447667778
2010-04-20,20,ret60_ret5_top5_riskoff0,0.7168280253,1.5773419717,1.0437635923
2010-04-21,20,ret60_ret5_top5_riskoff0,0.7168280253,1.6208231037,1.0645870932
2010-04-22,20,ret60_ret5_top5_riskoff0,0.7168280253,1.6262027644,1.0530290799
2010-04-23,20,ret60_ret5_top5_riskoff0,0.7168280253,1.6125268056,1.0492334204
2010-04-26,20,ret60_ret5_top5_riskoff0,0.7168280253,1.6038249985,1.0433129811
2010-04-27,20,ret60_ret5_top5_riskoff0,0.7168280253,1.5652502242,1.0223973844
2010-04-28,20,ret60_ret5_top5_riskoff0,0.7168280253,1.5583286367,1.0187596034
2010-04-29,21,ret60_ret5_top5_riskoff0,0.7168280253,1.5583286367,1.0187596034
2010-04-30,21,ret60_ret5_top5_riskoff0,0.7168280253,1.5253555828,1.0211932591
2010-05-04,21,ret60_ret5_top5_riskoff0,0.7168280253,1.5183960686,1.0052396634
2010-05-05,21,ret60_ret5_top5_riskoff0,0.7168280253,1.5536618441,1.0108793527
2010-05-06,21,ret60_ret5_top5_riskoff0,0.7168280253,1.5017849256,0.9644268232
2010-05-07,21,ret60_ret5_top5_riskoff0,0.7168280253,1.4751843930,0.9444282319
2010-05-10,21,ret60_ret5_top5_riskoff0,0.7168280253,1.4605119467,0.9515660677
2010-05-11,21,ret60_ret5_top5_riskoff0,0.7168280253,1.4253883285,0.9324530474
2010-05-12,21,ret60_ret5_top5_riskoff0,0.7168280253,1.4045511383,0.9382259053
2010-05-13,21,ret60_ret5_top5_riskoff0,0.7168280253,1.4400353779,0.9611142548
2010-05-14,21,ret60_ret5_top5_riskoff0,0.7168280253,1.4436145030,0.9548253687
2010-05-17,21,ret60_ret5_top5_riskoff0,0.7168280253,1.3610508540,0.9037885108
2010-05-18,21,ret60_ret5_top5_riskoff0,0.7168280253,1.3783994310,0.9226418524
2010-05-19,21,ret60_ret5_top5_riskoff0,0.7168280253,1.3783683118,0.9195856335
2010-05-20,21,ret60_ret5_top5_riskoff0,0.7168280253,1.3557783037,0.9075505232
2010-05-21,21,ret60_ret5_top5_riskoff0,0.7168280253,1.3807034490,0.9217895735
2010-05-24,21,ret60_ret5_top5_riskoff0,0.7168280253,1.4404468395,0.9566397906
2010-05-25,21,ret60_ret5_top5_riskoff0,0.7168280253,1.4235760025,0.9368209768
2010-05-26,21,ret60_ret5_top5_riskoff0,0.7168280253,1.4253876302,0.9368209768
2010-05-27,21,ret60_ret5_top5_riskoff0,0.7168280253,1.4515369052,0.9521486802
2010-05-28,21,ret60_ret5_top5_riskoff0,0.7168280253,1.4533712899,0.9489260006
2010-05-31,21,ret60_ret5_top5_riskoff0,0.7168280253,1.4127658139,0.9232777323
2010-06-01,21,ret60_ret5_top5_riskoff0,0.7168280253,1.3920984899,0.9135897182
2010-06-02,21,ret60_ret5_top5_riskoff0,0.7168280253,1.4073791204,0.9180408780
2010-06-03,21,ret60_ret5_top5_riskoff0,0.7168280253,1.3992731551,0.9108997129
2010-06-04,21,ret60_ret5_top5_riskoff0,0.7168280253,1.4091855490,0.9136662902
2010-06-07,21,ret60_ret5_top5_riskoff0,0.7168280253,1.3984387417,0.8974630033
2010-06-08,21,ret60_ret5_top5_riskoff0,0.7168280253,1.4097644574,0.8986681790
2010-06-09,21,ret60_ret5_top5_riskoff0,0.7168280253,1.4466338139,0.9262307456
2010-06-10,21,ret60_ret5_top5_riskoff0,0.7168280253,1.4464996534,0.9155406379
2010-06-11,21,ret60_ret5_top5_riskoff0,0.7168280253,1.4413626191,0.9184869927
2010-06-17,21,ret60_ret5_top5_riskoff0,0.7168280253,1.4262379874,0.9131136406
2010-06-18,21,ret60_ret5_top5_riskoff0,0.7168280253,1.3792534883,0.8976128180
2010-06-21,21,ret60_ret5_top5_riskoff0,0.7168280253,1.4201935602,0.9257413511
2010-06-22,21,ret60_ret5_top5_riskoff0,0.7168280253,1.4265674101,0.9267600907
2010-06-23,21,ret60_ret5_top5_riskoff0,0.7168280253,1.4187337384,0.9183638118
2010-06-24,21,ret60_ret5_top5_riskoff0,0.7168280253,1.4186182704,0.9180308903
2010-06-25,21,ret60_ret5_top5_riskoff0,0.7168280253,1.4005100114,0.9109696264
2010-06-28,21,ret60_ret5_top5_riskoff0,0.7168280253,1.3812049775,0.9044743290
2010-06-29,21,ret60_ret5_top5_riskoff0,0.7168280253,1.3079833178,0.8629390493
2010-06-30,21,ret60_ret5_top5_riskoff0,0.7168280253,1.2854532309,0.8533009734
2010-07-01,21,ret60_ret5_top5_riskoff0,0.7168280253,1.2652718409,0.8409828798
2010-07-02,21,ret60_ret5_top5_riskoff0,0.7168280253,1.2596880989,0.8436595683
2010-07-05,21,ret60_ret5_top5_riskoff0,0.7168280253,1.2519357362,0.8365150740
2010-07-06,21,ret60_ret5_top5_riskoff0,0.7168280253,1.2842135449,0.8532443767
2010-07-07,21,ret60_ret5_top5_riskoff0,0.7168280253,1.3019328317,0.8590971358
2010-07-08,21,ret60_ret5_top5_riskoff0,0.7168280253,1.2980710123,0.8575790140
2010-07-09,21,ret60_ret5_top5_riskoff0,0.7168280253,1.3334101730,0.8812763626
2010-07-12,21,ret60_ret5_top5_riskoff0,0.7168280253,1.3472917034,0.8909710351
2010-07-13,21,ret60_ret5_top5_riskoff0,0.7168280253,1.3270502218,0.8771115153
2010-07-14,21,ret60_ret5_top5_riskoff0,0.7168280253,1.3403938575,0.8834436812
2010-07-15,21,ret60_ret5_top5_riskoff0,0.7168280253,1.3155405110,0.8684322532
2010-07-16,21,ret60_ret5_top5_riskoff0,0.7168280253,1.3208099371,0.8709657854
2010-07-19,21,ret60_ret5_top5_riskoff0,0.7168280253,1.3516388101,0.8930517942
2010-07-20,21,ret60_ret5_top5_riskoff0,0.7168280253,1.3890760317,0.9127041472
2010-07-21,21,ret60_ret5_top5_riskoff0,0.7168280253,1.3941638797,0.9146484084
2010-07-22,21,ret60_ret5_top5_riskoff0,0.7168280253,1.4126879420,0.9259510916
2010-07-23,21,ret60_ret5_top5_riskoff0,0.7168280253,1.4146628375,0.9298762354
2010-07-26,21,ret60_ret5_top5_riskoff0,0.7168280253,1.4340647044,0.9358588338
2010-07-27,21,ret60_ret5_top5_riskoff0,0.7168280253,1.4320894081,0.9307551480
2010-07-28,21,ret60_ret5_top5_riskoff0,0.7168280253,1.4635376374,0.9533938065
2010-07-29,21,ret60_ret5_top5_riskoff0,0.7168280253,1.4704699749,0.9581412663
2010-07-30,21,ret60_ret5_top5_riskoff0,0.7168280253,1.4702463155,0.9551016935
2010-08-02,21,ret60_ret5_top5_riskoff0,0.7168280253,1.4973205650,0.9712217499
2010-08-03,21,ret60_ret5_top5_riskoff0,0.7168280253,1.4727476536,0.9541428797
2010-08-04,21,ret60_ret5_top5_riskoff0,0.7168280253,1.4853244124,0.9576252380
2010-08-05,21,ret60_ret5_top5_riskoff0,0.7168280253,1.4883868624,0.9491024490
2010-08-06,21,ret60_ret5_top5_riskoff0,0.7168280253,1.5164947921,0.9646931604
2010-08-09,21,ret60_ret5_top5_riskoff0,0.7168280253,1.5351942910,0.9715446837
2010-08-10,21,ret60_ret5_top5_riskoff0,0.7168280253,1.4837339547,0.9430466079
2010-08-11,21,ret60_ret5_top5_riskoff0,0.7168280253,1.4989114299,0.9488960377
2010-08-12,21,ret60_ret5_top5_riskoff0,0.7168280253,1.4819110651,0.9376366344
2010-08-13,21,ret60_ret5_top5_riskoff0,0.7168280253,1.5083249889,0.9506738382
2010-08-16,21,ret60_ret5_top5_riskoff0,0.7168280253,1.5420187339,0.9728231021
2010-08-17,21,ret60_ret5_top5_riskoff0,0.7168280253,1.5524258051,0.9795514445
2010-08-18,21,ret60_ret5_top5_riskoff0,0.7168280253,1.5512792269,0.9779101418
2010-08-19,21,ret60_ret5_top5_riskoff0,0.7168280253,1.5533459084,0.9839160447
2010-08-20,21,ret60_ret5_top5_riskoff0,0.7168280253,1.5207761180,0.9649162177
2010-08-23,21,ret60_ret5_top5_riskoff0,0.7168280253,1.5278158511,0.9642037658
2010-08-24,21,ret60_ret5_top5_riskoff0,0.7168280253,1.5443530682,0.9694106573
2010-08-25,21,ret60_ret5_top5_riskoff0,0.7168280253,1.5133397103,0.9465023325
2010-08-26,21,ret60_ret5_top5_riskoff0,0.7168280253,1.5236192174,0.9488560871
2010-08-27,21,ret60_ret5_top5_riskoff0,0.7168280253,1.5323306109,0.9516792610
2010-08-30,21,ret60_ret5_top5_riskoff0,0.7168280253,1.5712030077,0.9704693475
2010-08-31,21,ret60_ret5_top5_riskoff0,0.7168280253,1.5758333950,0.9665342160
2010-09-01,21,ret60_ret5_top5_riskoff0,0.7168280253,1.5555832306,0.9601587703
2010-09-02,21,ret60_ret5_top5_riskoff0,0.7168280253,1.5816031732,0.9725933863
2010-09-03,21,ret60_ret5_top5_riskoff0,0.7168280253,1.5947677402,0.9722005390
2010-09-06,21,ret60_ret5_top5_riskoff0,0.7168280253,1.5997001324,0.9904712680
2010-09-07,21,ret60_ret5_top5_riskoff0,0.7168280253,1.6092112796,0.9931412980
2010-09-08,21,ret60_ret5_top5_riskoff0,0.7168280253,1.6207490734,0.9924288461
2010-09-09,21,ret60_ret5_top5_riskoff0,0.7168280253,1.5969535901,0.9742812980
2010-09-10,21,ret60_ret5_top5_riskoff0,0.7168280253,1.6069449909,0.9763087897
2010-09-13,21,ret60_ret5_top5_riskoff0,0.7168280253,1.6316115027,0.9862198611
2010-09-14,21,ret60_ret5_top5_riskoff0,0.7168280253,1.6386997375,0.9871154198
2010-09-15,21,ret60_ret5_top5_riskoff0,0.7168280253,1.6150686947,0.9698634304
2010-09-16,21,ret60_ret5_top5_riskoff0,0.7168280253,1.5821878856,0.9514195823
2010-09-17,21,ret60_ret5_top5_riskoff0,0.7168280253,1.5862170550,0.9526114410
2010-09-20,21,ret60_ret5_top5_riskoff0,0.7168280253,1.5776260002,0.9487695276
2010-09-21,21,ret60_ret5_top5_riskoff0,0.7168280253,1.5755040754,0.9513163766
2010-09-27,21,ret60_ret5_top5_riskoff0,0.7168280253,1.6133093287,0.9671467914
2010-09-28,21,ret60_ret5_top5_riskoff0,0.7168280253,1.6092784935,0.9591167261
2010-09-29,21,ret60_ret5_top5_riskoff0,0.7168280253,1.5956042891,0.9570859053
2010-09-30,21,ret60_ret5_top5_riskoff0,0.7168280253,1.6227132248,0.9773142124
2010-10-08,21,ret60_ret5_top5_riskoff0,0.7168280253,1.6653082600,1.0134894569
2010-10-11,21,ret60_ret5_top5_riskoff0,0.7168280253,1.6875857299,1.0430096016
2010-10-12,21,ret60_ret5_top5_riskoff0,0.7168280253,1.6995144540,1.0562698628
2010-10-13,21,ret60_ret5_top5_riskoff0,0.7168280253,1.7145114491,1.0712013897
2010-10-14,21,ret60_ret5_top5_riskoff0,0.7168280253,1.6824612222,1.0733853544
2010-10-15,21,ret60_ret5_top5_riskoff0,0.7168280253,1.7000528171,1.1078560410
2010-10-18,21,ret60_ret5_top5_riskoff0,0.7168280253,1.6825458087,1.1006915715
2010-10-19,21,ret60_ret5_top5_riskoff0,0.7168280253,1.7265429463,1.1238329413
2010-10-20,21,ret60_ret5_top5_riskoff0,0.7168280253,1.7336974372,1.1308942052
2010-10-21,21,ret60_ret5_top5_riskoff0,0.7168280253,1.7425064533,1.1235066783
2010-10-22,21,ret60_ret5_top5_riskoff0,0.7168280253,1.7571753143,1.1248283764
2010-10-25,21,ret60_ret5_top5_riskoff0,0.7168280253,1.8066039305,1.1589261910
2010-10-26,21,ret60_ret5_top5_riskoff0,0.7168280253,1.8139765546,1.1539323693
2010-10-27,21,ret60_ret5_top5_riskoff0,0.7161111973,1.7923668551,1.1332213261
2010-10-28,21,ret60_ret5_top5_riskoff0,0.7160023369,1.7930792191,1.1311638716
2010-10-29,21,ret60_ret5_top5_riskoff0,0.7234126834,1.8052869383,1.1252678327
2010-11-01,21,ret60_ret5_top5_riskoff0,0.7475161617,1.8521724588,1.1562361857
2010-11-02,21,ret60_ret5_top5_riskoff0,0.7464323224,1.8456780043,1.1529502510
2010-11-03,21,ret60_ret5_top5_riskoff0,0.7345116235,1.8175375402,1.1387045423
2010-11-04,21,ret60_ret5_top5_riskoff0,0.7499164616,1.8554104724,1.1587330966
2010-11-05,21,ret60_ret5_top5_riskoff0,0.7580978858,1.8757809742,1.1721498309
2010-11-08,21,ret60_ret5_top5_riskoff0,0.7696172029,1.9102135888,1.1813950595
2010-11-09,22,ret60_ret5_top5_riskoff0,0.7696172029,1.9102135888,1.1813950595
2010-11-10,22,ret60_ret5_top5_riskoff0,0.7782932844,1.9156198714,1.1730675142
2010-11-11,22,ret60_ret5_top5_riskoff0,0.7722790659,1.9029090738,1.1767116534
2010-11-12,22,ret60_ret5_top5_riskoff0,0.7251207881,1.7888577286,1.1035774340
2010-11-15,22,ret60_ret5_top5_riskoff0,0.7390537503,1.8281484772,1.1113082390
2010-11-16,22,ret60_ret5_top5_riskoff0,0.7128305987,1.7653514124,1.0625800300
2010-11-17,22,ret60_ret5_top5_riskoff0,0.6839753737,1.7048265237,1.0405777435
2010-11-18,22,ret60_ret5_top5_riskoff0,0.6944182757,1.7315535630,1.0553453912
2010-11-19,22,ret60_ret5_top5_riskoff0,0.7104482508,1.7739019994,1.0657011833
2010-11-22,22,ret60_ret5_top5_riskoff0,0.7178663493,1.7894950989,1.0633846238
2010-11-23,22,ret60_ret5_top5_riskoff0,0.7041452193,1.7573557962,1.0416740025
2010-11-24,22,ret60_ret5_top5_riskoff0,0.7248309136,1.8051922205,1.0650943855
2010-11-25,22,ret60_ret5_top5_riskoff0,0.7297196211,1.8240369039,1.0806632746
2010-11-26,22,ret60_ret5_top5_riskoff0,0.7281097985,1.8141420971,1.0710651416
2010-11-29,22,ret60_ret5_top5_riskoff0,0.7317938518,1.8182513129,1.0694559541
2010-11-30,22,ret60_ret5_top5_riskoff0,0.7161767650,1.7731700685,1.0516677273
2010-12-01,22,ret60_ret5_top5_riskoff0,0.7149564236,1.7776250917,1.0513425373
2010-12-02,22,ret60_ret5_top5_riskoff0,0.7171893539,1.7839414569,1.0577256477
2010-12-03,22,ret60_ret5_top5_riskoff0,0.7140116387,1.7789939025,1.0587649147
2010-12-06,22,ret60_ret5_top5_riskoff0,0.7046618647,1.7574391842,1.0612490979
2010-12-07,22,ret60_ret5_top5_riskoff0,0.7162569715,1.7815972759,1.0729056498
2010-12-08,22,ret60_ret5_top5_riskoff0,0.7143750046,1.7728455202,1.0633645089
2010-12-09,22,ret60_ret5_top5_riskoff0,0.7007968180,1.7386747192,1.0471016578
2010-12-10,22,ret60_ret5_top5_riskoff0,0.7087274171,1.7567234202,1.0600455597
2010-12-13,22,ret60_ret5_top5_riskoff0,0.7299078172,1.8073806016,1.0932618717
2010-12-14,22,ret60_ret5_top5_riskoff0,0.7401340798,1.8286824319,1.0960813023
2010-12-15,22,ret60_ret5_top5_riskoff0,0.7375490141,1.8220754861,1.0887628516
2010-12-16,22,ret60_ret5_top5_riskoff0,0.7361663540,1.8205706680,1.0830737033
2010-12-17,22,ret60_ret5_top5_riskoff0,0.7366635362,1.8229849131,1.0813941139
2010-12-20,22,ret60_ret5_top5_riskoff0,0.7299218177,1.8020671038,1.0656374863
2010-12-21,22,ret60_ret5_top5_riskoff0,0.7321217577,1.8247214767,1.0893897643
2010-12-22,22,ret60_ret5_top5_riskoff0,0.7245600424,1.8095892483,1.0779712380
2010-12-23,22,ret60_ret5_top5_riskoff0,0.7104860926,1.7811189127,1.0689731979
2010-12-24,22,ret60_ret5_top5_riskoff0,0.6970204492,1.7579398458,1.0603741022
2010-12-27,22,ret60_ret5_top5_riskoff0,0.6793063087,1.7133372622,1.0391697044
2010-12-28,22,ret60_ret5_top5_riskoff0,0.6680974750,1.6802600125,1.0208048521
2010-12-29,22,ret60_ret5_top5_riskoff0,0.6798013404,1.7053687238,1.0264705331
2010-12-30,22,ret60_ret5_top5_riskoff0,0.6834570899,1.7105826252,1.0272315447
2010-12-31,22,ret60_ret5_top5_riskoff0,0.7035473941,1.7484898333,1.0487410175
2011-01-04,22,ret60_ret5_top5_riskoff0,0.7145858587,1.7764156329,1.0693319126
2011-01-05,22,ret60_ret5_top5_riskoff0,0.7093506042,1.7716766013,1.0646317441
2011-01-06,22,ret60_ret5_top5_riskoff0,0.7043290177,1.7648643338,1.0592610808
2011-01-07,22,ret60_ret5_top5_riskoff0,0.6979153931,1.7560886285,1.0616011076
2011-01-10,22,ret60_ret5_top5_riskoff0,0.6803947780,1.7150272791,1.0420126023
2011-01-11,22,ret60_ret5_top5_riskoff0,0.6757329530,1.7133202672,1.0476212912
2011-01-12,22,ret60_ret5_top5_riskoff0,0.6770910733,1.7214666347,1.0534613009
2011-01-13,22,ret60_ret5_top5_riskoff0,0.6783513618,1.7228278571,1.0531059386
2011-01-14,22,ret60_ret5_top5_riskoff0,0.6619480984,1.6946016770,1.0365380124
2011-01-17,22,ret60_ret5_top5_riskoff0,0.6356884851,1.6253599719,0.9971430909
2011-01-18,22,ret60_ret5_top5_riskoff0,0.6392275746,1.6320486439,0.9982494073
2011-01-19,22,ret60_ret5_top5_riskoff0,0.6558783193,1.6693964852,1.0207780323
2011-01-20,22,ret60_ret5_top5_riskoff0,0.6320021480,1.6138364488,0.9872063581
2011-01-21,22,ret60_ret5_top5_riskoff0,0.6320021480,1.6246917692,1.0001971947
2011-01-24,22,ret60_ret5_top5_riskoff0,0.6320021480,1.5952836036,0.9903979133
2011-01-25,22,ret60_ret5_top5_riskoff0,0.6320021480,1.5775426586,0.9851747589
2011-01-26,22,ret60_ret5_top5_riskoff0,0.6320021480,1.6016625498,0.9985109003
2011-01-27,22,ret60_ret5_top5_riskoff0,0.6320021480,1.6251759089,1.0146161852
2011-01-28,22,ret60_ret5_top5_riskoff0,0.6320021480,1.6385737734,1.0180591759
2011-01-31,22,ret60_ret5_top5_riskoff0,0.6320021480,1.6600906590,1.0313919648
2011-02-01,22,ret60_ret5_top5_riskoff0,0.6320021480,1.6632214926,1.0316501053
2011-02-09,22,ret60_ret5_top5_riskoff0,0.6320021480,1.6581952761,1.0194705674
2011-02-10,22,ret60_ret5_top5_riskoff0,0.6320021480,1.7049619340,1.0406615553
2011-02-11,22,ret60_ret5_top5_riskoff0,0.6320021480,1.7194547097,1.0462937116
2011-02-14,22,ret60_ret5_top5_riskoff0,0.6320021480,1.7519900462,1.0792083009
2011-02-15,22,ret60_ret5_top5_riskoff0,0.6320021480,1.7562985910,1.0787154872
2011-02-16,22,ret60_ret5_top5_riskoff0,0.6320021480,1.7824908717,1.0890612218
2011-02-17,22,ret60_ret5_top5_riskoff0,0.6320021480,1.7844696586,1.0881828736
2011-02-18,22,ret60_ret5_top5_riskoff0,0.6320021480,1.7670678493,1.0767744048
2011-02-21,22,ret60_ret5_top5_riskoff0,0.6320021480,1.8017272849,1.0922058424
2011-02-22,22,ret60_ret5_top5_riskoff0,0.6320021480,1.7588498326,1.0605819556
2011-02-23,22,ret60_ret5_top5_riskoff0,0.6320021480,1.7779273553,1.0643233165
2011-02-24,22,ret60_ret5_top5_riskoff0,0.6313701459,1.7864870624,1.0697543243
2011-02-25,22,ret60_ret5_top5_riskoff0,0.6325345710,1.7885916149,1.0719937769
2011-02-28,22,ret60_ret5_top5_riskoff0,0.6448718484,1.8152817881,1.0860540527
2011-03-01,22,ret60_ret5_top5_riskoff0,0.6475816091,1.8244462552,1.0911933952
2011-03-02,22,ret60_ret5_top5_riskoff0,0.6451279460,1.8208177610,1.0873078779
2011-03-03,22,ret60_ret5_top5_riskoff0,0.6357651833,1.7899297424,1.0800732391
2011-03-04,22,ret60_ret5_top5_riskoff0,0.6464112537,1.8125233726,1.0964835991
2011-03-07,22,ret60_ret5_top5_riskoff0,0.6579711589,1.8346769436,1.1178857929
2011-03-08,22,ret60_ret5_top5_riskoff0,0.6604094296,1.8433504873,1.1188747727
2011-03-09,22,ret60_ret5_top5_riskoff0,0.6600549177,1.8442655055,1.1193441190
2011-03-10,22,ret60_ret5_top5_riskoff0,0.6512046930,1.8294547240,1.0996986217
2011-03-11,22,ret60_ret5_top5_riskoff0,0.6473232718,1.8215531126,1.0886756873
2011-03-14,22,ret60_ret5_top5_riskoff0,0.6486278378,1.8348257036,1.0938854318
2011-03-15,22,ret60_ret5_top5_riskoff0,0.6382897340,1.8086164464,1.0741192454
2011-03-16,22,ret60_ret5_top5_riskoff0,0.6495937378,1.8328576632,1.0889505902
2011-03-17,22,ret60_ret5_top5_riskoff0,0.6356034744,1.8021969227,1.0718194483
2011-03-18,22,ret60_ret5_top5_riskoff0,0.6420458042,1.8151134846,1.0780516973
2011-03-21,22,ret60_ret5_top5_riskoff0,0.6410572510,1.8050041030,1.0751752747
2011-03-22,22,ret60_ret5_top5_riskoff0,0.6426059249,1.8054636985,1.0804889459
2011-03-23,22,ret60_ret5_top5_riskoff0,0.6539932352,1.8300328679,1.0945592791
2011-03-24,22,ret60_ret5_top5_riskoff0,0.6514601616,1.8288580001,1.0900099719
2011-03-25,22,ret60_ret5_top5_riskoff0,0.6614668435,1.8465317699,1.1044658396
2011-03-28,22,ret60_ret5_top5_riskoff0,0.6618793494,1.8388511050,1.1031550223
2011-03-29,22,ret60_ret5_top5_riskoff0,0.6492245735,1.8073852863,1.0922293097
2011-03-30,22,ret60_ret5_top5_riskoff0,0.6484200228,1.7980022243,1.0915923396
2011-03-31,22,ret60_ret5_top5_riskoff0,0.6407206270,1.7804051945,1.0805995775
2011-04-01,22,ret60_ret5_top5_riskoff0,0.6465946204,1.7979362755,1.0971742088
2011-04-06,22,ret60_ret5_top5_riskoff0,0.6499180076,1.7990605024,1.1100275939
2011-04-07,22,ret60_ret5_top5_riskoff0,0.6551822810,1.8107619627,1.1145031467
2011-04-08,22,ret60_ret5_top5_riskoff0,0.6626684691,1.8310405241,1.1242052063
2011-04-11,22,ret60_ret5_top5_riskoff0,0.6575224831,1.8171257247,1.1175237257
2011-04-12,22,ret60_ret5_top5_riskoff0,0.6569430134,1.8196007378,1.1152909780
2011-04-13,22,ret60_ret5_top5_riskoff0,0.6613436241,1.8356841351,1.1304642752
2011-04-14,22,ret60_ret5_top5_riskoff0,0.6592056090,1.8307916461,1.1242722558
2011-04-15,22,ret60_ret5_top5_riskoff0,0.6569508643,1.8269926717,1.1260758868
2011-04-18,22,ret60_ret5_top5_riskoff0,0.6573867455,1.8303153274,1.1262435104
2011-04-19,22,ret60_ret5_top5_riskoff0,0.6495789057,1.8104662194,1.1049117187
2011-04-20,22,ret60_ret5_top5_riskoff0,0.6556869413,1.8237220054,1.1048949563
2011-04-21,22,ret60_ret5_top5_riskoff0,0.6620119231,1.8330891743,1.1121396525
2011-04-22,22,ret60_ret5_top5_riskoff0,0.6639322122,1.8322676832,1.1062962904
2011-04-25,22,ret60_ret5_top5_riskoff0,0.6508483036,1.7990600447,1.0894098791
2011-04-26,22,ret60_ret5_top5_riskoff0,0.6414604820,1.7708347860,1.0831709251
2011-04-27,22,ret60_ret5_top5_riskoff0,0.6357930847,1.7557158195,1.0759765160
2011-04-28,22,ret60_ret5_top5_riskoff0,0.6194584013,1.7061208699,1.0599785102
2011-04-29,22,ret60_ret5_top5_riskoff0,0.6318097473,1.7351081659,1.0703510647
2011-05-03,22,ret60_ret5_top5_riskoff0,0.6378305088,1.7572304600,1.0765229692
2011-05-04,22,ret60_ret5_top5_riskoff0,0.6240447346,1.7241882730,1.0489991580
2011-05-05,22,ret60_ret5_top5_riskoff0,0.6246376530,1.7290823923,1.0480235881
2011-05-06,22,ret60_ret5_top5_riskoff0,0.6282755537,1.7373712959,1.0464412204
2011-05-09,22,ret60_ret5_top5_riskoff0,0.6341332730,1.7500067805,1.0492438886
2011-05-10,22,ret60_ret5_top5_riskoff0,0.6406170905,1.7599457162,1.0571087925
2011-05-11,22,ret60_ret5_top5_riskoff0,0.6400900925,1.7632504126,1.0543832312
2011-05-12,22,ret60_ret5_top5_riskoff0,0.6331803984,1.7419047770,1.0398033220
2011-05-13,22,ret60_ret5_top5_riskoff0,0.6386839415,1.7535848187,1.0486840255
2011-05-16,22,ret60_ret5_top5_riskoff0,0.6381354887,1.7498379960,1.0394211400
2011-05-17,23,ret60_ret5_top5_riskoff0,0.6381354887,1.7498379960,1.0394211400
2011-05-18,23,ret60_ret5_top5_riskoff0,0.6411252085,1.7600762028,1.0472100520
2011-05-19,23,ret60_ret5_top5_riskoff0,0.6358916593,1.7501511213,1.0409589080
2011-05-20,23,ret60_ret5_top5_riskoff0,0.6372529813,1.7484531911,1.0412791374
2011-05-23,23,ret60_ret5_top5_riskoff0,0.6138135654,1.6865113709,1.0083822420
2011-05-24,23,ret60_ret5_top5_riskoff0,0.6142033621,1.6840431973,1.0094630161
2011-05-25,23,ret60_ret5_top5_riskoff0,0.6142033621,1.6651632959,0.9974944438
2011-05-26,23,ret60_ret5_top5_riskoff0,0.6142033621,1.6548480039,0.9935049197
2011-05-27,23,ret60_ret5_top5_riskoff0,0.6142033621,1.6141805177,0.9884779858
2011-05-30,23,ret60_ret5_top5_riskoff0,0.6142033621,1.5948893571,0.9855425500
2011-05-31,23,ret60_ret5_top5_riskoff0,0.6142033621,1.6253727175,1.0012371244
2011-06-01,23,ret60_ret5_top5_riskoff0,0.6142033621,1.6400197161,1.0021077480
2011-06-02,23,ret60_ret5_top5_riskoff0,0.6142033621,1.6173620538,0.9859428367
2011-06-03,23,ret60_ret5_top5_riskoff0,0.6142033621,1.6429889249,0.9961634905
2011-06-07,23,ret60_ret5_top5_riskoff0,0.6142033621,1.6568124468,1.0021377695
2011-06-08,23,ret60_ret5_top5_riskoff0,0.6142033621,1.6693059035,1.0036021517
2011-06-09,23,ret60_ret5_top5_riskoff0,0.6142033621,1.6326521107,0.9846685907
2011-06-10,23,ret60_ret5_top5_riskoff0,0.6142033621,1.6349119532,0.9880176561
2011-06-13,23,ret60_ret5_top5_riskoff0,0.6142033621,1.6310137665,0.9841548895
2011-06-14,23,ret60_ret5_top5_riskoff0,0.6142033621,1.6542715067,0.9985685464
2011-06-15,23,ret60_ret5_top5_riskoff0,0.6142033621,1.6392199040,0.9884146071
2011-06-16,23,ret60_ret5_top5_riskoff0,0.6142033621,1.6072890326,0.9732237268
2011-06-17,23,ret60_ret5_top5_riskoff0,0.6142033621,1.5865515188,0.9647443202
2011-06-20,23,ret60_ret5_top5_riskoff0,0.6142033621,1.5672915880,0.9589868632
2011-06-21,23,ret60_ret5_top5_riskoff0,0.6142033621,1.5863320757,0.9703850270
2011-06-22,23,ret60_ret5_top5_riskoff0,0.6142033621,1.5859763088,0.9702215766
2011-06-23,23,ret60_ret5_top5_riskoff0,0.6142033621,1.6113882238,0.9865832955
2011-06-24,23,ret60_ret5_top5_riskoff0,0.6142033621,1.6473371220,1.0098799814
2011-06-27,23,ret60_ret5_top5_riskoff0,0.6142033621,1.6624005127,1.0128888031
2011-06-28,23,ret60_ret5_top5_riskoff0,0.6142033621,1.6692627389,1.0146367217
2011-06-29,23,ret60_ret5_top5_riskoff0,0.6142033621,1.6474830308,1.0007734590
2011-06-30,23,ret60_ret5_top5_riskoff0,0.6142033621,1.6705792617,1.0154239522
2011-07-01,23,ret60_ret5_top5_riskoff0,0.6142033621,1.6797770414,1.0173119712
2011-07-04,23,ret60_ret5_top5_riskoff0,0.6142033621,1.7177315943,1.0414058948
2011-07-05,23,ret60_ret5_top5_riskoff0,0.6142033621,1.7253200408,1.0415793524
2011-07-06,23,ret60_ret5_top5_riskoff0,0.6142033621,1.7306133315,1.0386472523
2011-07-07,23,ret60_ret5_top5_riskoff0,0.6142033621,1.7295223665,1.0346343782
2011-07-08,23,ret60_ret5_top5_riskoff0,0.6142033621,1.7283783600,1.0371361700
2011-07-11,23,ret60_ret5_top5_riskoff0,0.6142033621,1.7422844134,1.0384804662
2011-07-12,23,ret60_ret5_top5_riskoff0,0.6142033621,1.7164808302,1.0197003485
2011-07-13,23,ret60_ret5_top5_riskoff0,0.6142033621,1.7494290052,1.0361588033
2011-07-14,23,ret60_ret5_top5_riskoff0,0.6142033621,1.7618148628,1.0393277397
2011-07-15,23,ret60_ret5_top5_riskoff0,0.6142033621,1.7695303157,1.0437108791
2011-07-18,23,ret60_ret5_top5_riskoff0,0.6142033621,1.7732381955,1.0416127096
2011-07-19,23,ret60_ret5_top5_riskoff0,0.6142033621,1.7554285019,1.0324494799
2011-07-20,23,ret60_ret5_top5_riskoff0,0.6142033621,1.7570198883,1.0312619627
2011-07-21,23,ret60_ret5_top5_riskoff0,0.6142033621,1.7378346616,1.0204442146
2011-07-22,23,ret60_ret5_top5_riskoff0,0.6142033621,1.7445926455,1.0233963290
2011-07-25,23,ret60_ret5_top5_riskoff0,0.6142033621,1.6807195587,0.9901391757
2011-07-26,23,ret60_ret5_top5_riskoff0,0.6142033621,1.6908400935,0.9933014406
2011-07-27,23,ret60_ret5_top5_riskoff0,0.6142033621,1.7137613203,1.0007334303
2011-07-28,23,ret60_ret5_top5_riskoff0,0.6142033621,1.7056776728,0.9943788790
2011-07-29,23,ret60_ret5_top5_riskoff0,0.6142033621,1.6894893988,0.9914034145
2011-08-01,23,ret60_ret5_top5_riskoff0,0.6142033621,1.6966746656,0.9932847620
2011-08-02,23,ret60_ret5_top5_riskoff0,0.6142033621,1.6860202479,0.9861663301
2011-08-03,23,ret60_ret5_top5_riskoff0,0.6142033621,1.6892134080,0.9856626361
2011-08-04,23,ret60_ret5_top5_riskoff0,0.6142033621,1.6937483767,0.9874772691
2011-08-05,23,ret60_ret5_top5_riskoff0,0.6142033621,1.6599473160,0.9664989103
2011-08-08,23,ret60_ret5_top5_riskoff0,0.6142033621,1.5891474291,0.9319675109
2011-08-09,23,ret60_ret5_top5_riskoff0,0.6142033621,1.5861088840,0.9333985358
2011-08-10,23,ret60_ret5_top5_riskoff0,0.6142033621,1.6076393834,0.9420480643
2011-08-11,23,ret60_ret5_top5_riskoff0,0.6142033621,1.6387776130,0.9563249566
2011-08-12,23,ret60_ret5_top5_riskoff0,0.6142033621,1.6554245161,0.9591436421
2011-08-15,23,ret60_ret5_top5_riskoff0,0.6142033621,1.6734895329,0.9733237985
2011-08-16,23,ret60_ret5_top5_riskoff0,0.6142033621,1.6606860243,0.9665522818
2011-08-17,23,ret60_ret5_top5_riskoff0,0.6142033621,1.6549444766,0.9626928509
2011-08-18,23,ret60_ret5_top5_riskoff0,0.6142033621,1.6258817025,0.9454271512
2011-08-19,23,ret60_ret5_top5_riskoff0,0.6142033621,1.6137625044,0.9365574650
2011-08-22,23,ret60_ret5_top5_riskoff0,0.6142033621,1.5996669040,0.9265936619
2011-08-23,23,ret60_ret5_top5_riskoff0,0.6142033621,1.6229301132,0.9410073189
2011-08-24,23,ret60_ret5_top5_riskoff0,0.6142033621,1.6188877425,0.9373446956
2011-08-25,23,ret60_ret5_top5_riskoff0,0.6142033621,1.6545347341,0.9686404441
2011-08-26,23,ret60_ret5_top5_riskoff0,0.6142033621,1.6569259243,0.9677664848
2011-08-29,23,ret60_ret5_top5_riskoff0,0.6142033621,1.6433160382,0.9516182522
2011-08-30,23,ret60_ret5_top5_riskoff0,0.6142033621,1.6309419084,0.9479256073
2011-08-31,23,ret60_ret5_top5_riskoff0,0.6142033621,1.6269752881,0.9496068115
2011-09-01,23,ret60_ret5_top5_riskoff0,0.6142033621,1.6136053744,0.9455205514
2011-09-02,23,ret60_ret5_top5_riskoff0,0.6142033621,1.5958431208,0.9352865548
2011-09-05,23,ret60_ret5_top5_riskoff0,0.6142033621,1.5616740557,0.9152622126
2011-09-06,23,ret60_ret5_top5_riskoff0,0.6142033621,1.5486673478,0.9084173100
2011-09-07,23,ret60_ret5_top5_riskoff0,0.6142033621,1.5817999890,0.9270273058
2011-09-08,23,ret60_ret5_top5_riskoff0,0.6142033621,1.5692898724,0.9193618155
2011-09-09,23,ret60_ret5_top5_riskoff0,0.6142033621,1.5628306108,0.9176906186
2011-09-13,23,ret60_ret5_top5_riskoff0,0.6142033621,1.5386275809,0.9074099218
2011-09-14,23,ret60_ret5_top5_riskoff0,0.6142033621,1.5507992349,0.9116896538
2011-09-15,23,ret60_ret5_top5_riskoff0,0.6142033621,1.5519361453,0.9103353504
2011-09-16,23,ret60_ret5_top5_riskoff0,0.6142033621,1.5513243790,0.9119831973
2011-09-19,23,ret60_ret5_top5_riskoff0,0.6142033621,1.5210297934,0.8937301238
2011-09-20,23,ret60_ret5_top5_riskoff0,0.6142033621,1.5250145606,0.8972593182
2011-09-21,23,ret60_ret5_top5_riskoff0,0.6142033621,1.5681898131,0.9243320421
2011-09-22,23,ret60_ret5_top5_riskoff0,0.6142033621,1.5228534326,0.8958716576
2011-09-23,23,ret60_ret5_top5_riskoff0,0.6142033621,1.5084096905,0.8904644515
2011-09-26,23,ret60_ret5_top5_riskoff0,0.6142033621,1.4822827794,0.8709304605
2011-09-27,23,ret60_ret5_top5_riskoff0,0.6142033621,1.4885000784,0.8799235683
2011-09-28,23,ret60_ret5_top5_riskoff0,0.6142033621,1.4666670518,0.8708203816
2011-09-29,23,ret60_ret5_top5_riskoff0,0.6142033621,1.4291204646,0.8633483632
2011-09-30,23,ret60_ret5_top5_riskoff0,0.6142033621,1.4282691471,0.8610667290
2011-10-10,23,ret60_ret5_top5_riskoff0,0.6142033621,1.4209016075,0.8529709305
2011-10-11,23,ret60_ret5_top5_riskoff0,0.6142033621,1.4153514530,0.8512730477
2011-10-12,23,ret60_ret5_top5_riskoff0,0.6142033621,1.4615009771,0.8822185454
2011-10-13,23,ret60_ret5_top5_riskoff0,0.6142033621,1.4794332859,0.8881694744
2011-10-14,23,ret60_ret5_top5_riskoff0,0.6142033621,1.4717967755,0.8852273671
2011-10-17,23,ret60_ret5_top5_riskoff0,0.6142033621,1.4775346523,0.8896205137
2011-10-18,23,ret60_ret5_top5_riskoff0,0.6142033621,1.4356021639,0.8646893237
2011-10-19,23,ret60_ret5_top5_riskoff0,0.6142033621,1.4261550571,0.8616438090
2011-10-20,23,ret60_ret5_top5_riskoff0,0.6142033621,1.3854066924,0.8407788647
2011-10-21,23,ret60_ret5_top5_riskoff0,0.6142033621,1.3674070798,0.8365591758
2011-10-24,23,ret60_ret5_top5_riskoff0,0.6142033621,1.3930791638,0.8595056109
2011-10-25,23,ret60_ret5_top5_riskoff0,0.6142033621,1.4273032431,0.8757705938
2011-10-26,23,ret60_ret5_top5_riskoff0,0.6142033621,1.4425829014,0.8845168582
2011-10-27,23,ret60_ret5_top5_riskoff0,0.6142033621,1.4449826625,0.8864615845
2011-10-28,23,ret60_ret5_top5_riskoff0,0.6142033621,1.4747935466,0.9036538982
2011-10-31,23,ret60_ret5_top5_riskoff0,0.6142033621,1.4798986599,0.8990806227
2011-11-01,23,ret60_ret5_top5_riskoff0,0.6142033621,1.4789864149,0.8998211531
2011-11-02,23,ret60_ret5_top5_riskoff0,0.6142033621,1.5033346083,0.9147852042
2011-11-03,23,ret60_ret5_top5_riskoff0,0.6142033621,1.5131072710,0.9154223272
2011-11-04,23,ret60_ret5_top5_riskoff0,0.6142033621,1.5263876401,0.9219103075
2011-11-07,23,ret60_ret5_top5_riskoff0,0.6142033621,1.5188362149,0.9127370706
2011-11-08,23,ret60_ret5_top5_riskoff0,0.6142033621,1.5051813246,0.9098883636
2011-11-09,23,ret60_ret5_top5_riskoff0,0.6142033621,1.5237111150,0.9178740833
2011-11-10,23,ret60_ret5_top5_riskoff0,0.6142033621,1.5009720322,0.9005083119
2011-11-11,23,ret60_ret5_top5_riskoff0,0.6142033621,1.5005778825,0.8989772153
2011-11-14,23,ret60_ret5_top5_riskoff0,0.6142033621,1.5340506159,0.9173904035
2011-11-15,23,ret60_ret5_top5_riskoff0,0.6142033621,1.5417028462,0.9155490847
2011-11-16,23,ret60_ret5_top5_riskoff0,0.6142033621,1.5052139313,0.8906779377
2011-11-17,23,ret60_ret5_top5_riskoff0,0.6142033621,1.5041882849,0.8879760025
2011-11-18,24,ret60_ret5_top5_riskoff0,0.6142033621,1.5041882849,0.8879760025
2011-11-21,24,ret60_ret5_top5_riskoff0,0.6142033621,1.5031389026,0.8890627638
2011-11-22,24,ret60_ret5_top5_riskoff0,0.6142033621,1.5046419308,0.8889912215
2011-11-23,24,ret60_ret5_top5_riskoff0,0.6142033621,1.5004001457,0.8803141646
2011-11-24,24,ret60_ret5_top5_riskoff0,0.6142033621,1.5015824759,0.8819868914
2011-11-25,24,ret60_ret5_top5_riskoff0,0.6142033621,1.4935399919,0.8755310520
2011-11-28,24,ret60_ret5_top5_riskoff0,0.6142033621,1.4962339170,0.8766723218
2011-11-29,24,ret60_ret5_top5_riskoff0,0.6142033621,1.5164101906,0.8886812050
2011-11-30,24,ret60_ret5_top5_riskoff0,0.6142033621,1.4616059541,0.8590252253
2011-12-01,24,ret60_ret5_top5_riskoff0,0.6142033621,1.4907883362,0.8801778936
2011-12-02,24,ret60_ret5_top5_riskoff0,0.6142033621,1.4627844387,0.8712180744
2011-12-05,24,ret60_ret5_top5_riskoff0,0.6142033621,1.4236357137,0.8589809372
2011-12-06,24,ret60_ret5_top5_riskoff0,0.6142033621,1.4218965460,0.8572605157
2011-12-07,24,ret60_ret5_top5_riskoff0,0.6142033621,1.4256659261,0.8613111716
2011-12-08,24,ret60_ret5_top5_riskoff0,0.6142033621,1.4227620080,0.8602107831
2011-12-09,24,ret60_ret5_top5_riskoff0,0.6142033621,1.4089273713,0.8528725890
2011-12-12,24,ret60_ret5_top5_riskoff0,0.6142033621,1.3908694379,0.8440933288
2011-12-13,24,ret60_ret5_top5_riskoff0,0.6142033621,1.3486641389,0.8250971493
2011-12-14,24,ret60_ret5_top5_riskoff0,0.6142033621,1.3276510624,0.8167675835
2011-12-15,24,ret60_ret5_top5_riskoff0,0.6142033621,1.2954487797,0.7974545739
2011-12-16,24,ret60_ret5_top5_riskoff0,0.6142033621,1.3272210326,0.8142636036
2011-12-19,24,ret60_ret5_top5_riskoff0,0.6142033621,1.3269240817,0.8123149281
2011-12-20,24,ret60_ret5_top5_riskoff0,0.6142033621,1.3237155600,0.8098143550
2011-12-21,24,ret60_ret5_top5_riskoff0,0.6142033621,1.2954292596,0.7968822356
2011-12-22,24,ret60_ret5_top5_riskoff0,0.6142033621,1.2836610110,0.7976419465
2011-12-23,24,ret60_ret5_top5_riskoff0,0.6142033621,1.2931925304,0.8037128203
2011-12-26,24,ret60_ret5_top5_riskoff0,0.6142033621,1.2824126227,0.7957205252
2011-12-27,24,ret60_ret5_top5_riskoff0,0.6142033621,1.2509453768,0.7852719451
2011-12-28,24,ret60_ret5_top5_riskoff0,0.6142033621,1.2441674935,0.7862599100
2011-12-29,24,ret60_ret5_top5_riskoff0,0.6142033621,1.2457987979,0.7874284339
2011-12-30,24,ret60_ret5_top5_riskoff0,0.6142033621,1.2674538825,0.7991409277
2012-01-04,24,ret60_ret5_top5_riskoff0,0.6142033621,1.2381823543,0.7831324902
2012-01-05,24,ret60_ret5_top5_riskoff0,0.6142033621,1.1991691472,0.7755149404
2012-01-06,24,ret60_ret5_top5_riskoff0,0.6142033621,1.2035121638,0.7803559683
2012-01-09,24,ret60_ret5_top5_riskoff0,0.6142033621,1.2484115199,0.8069185959
2012-01-10,24,ret60_ret5_top5_riskoff0,0.6142033621,1.2963287574,0.8337571723
2012-01-11,24,ret60_ret5_top5_riskoff0,0.6142033621,1.2934897937,0.8297576180
2012-01-12,24,ret60_ret5_top5_riskoff0,0.6142033621,1.2920019058,0.8296247538
2012-01-13,24,ret60_ret5_top5_riskoff0,0.6142033621,1.2543627172,0.8156944493
2012-01-16,24,ret60_ret5_top5_riskoff0,0.6142033621,1.2153675751,0.7991102667
2012-01-17,24,ret60_ret5_top5_riskoff0,0.6142033621,1.2780560718,0.8382711497
2012-01-18,24,ret60_ret5_top5_riskoff0,0.6142033621,1.2513699004,0.8251857255
2012-01-19,24,ret60_ret5_top5_riskoff0,0.6142033621,1.2697588435,0.8409114006
2012-01-20,24,ret60_ret5_top5_riskoff0,0.6142033621,1.2883189972,0.8530872158
2012-01-30,24,ret60_ret5_top5_riskoff0,0.6142033621,1.2771100622,0.8383120310
2012-01-31,24,ret60_ret5_top5_riskoff0,0.6142033621,1.2797897917,0.8395180295
2012-02-01,24,ret60_ret5_top5_riskoff0,0.6142033621,1.2709018602,0.8275023327
2012-02-02,24,ret60_ret5_top5_riskoff0,0.6142033621,1.2930658408,0.8470061218
2012-02-03,24,ret60_ret5_top5_riskoff0,0.6142033621,1.3097635088,0.8537685709
2012-02-06,24,ret60_ret5_top5_riskoff0,0.6142033621,1.3186667260,0.8531655717
2012-02-07,24,ret60_ret5_top5_riskoff0,0.6142033621,1.2943244590,0.8373683542
2012-02-08,24,ret60_ret5_top5_riskoff0,0.6142033621,1.3287663267,0.8613145784
2012-02-09,24,ret60_ret5_top5_riskoff0,0.6142033621,1.3375523015,0.8616518491
2012-02-10,24,ret60_ret5_top5_riskoff0,0.6142033621,1.3455706518,0.8631474235
2012-02-13,24,ret60_ret5_top5_riskoff0,0.6142033621,1.3572441821,0.8625887123
2012-02-14,24,ret60_ret5_top5_riskoff0,0.6142033621,1.3567212542,0.8592262250
2012-02-15,24,ret60_ret5_top5_riskoff0,0.6142033621,1.3775627948,0.8685948573
2012-02-16,24,ret60_ret5_top5_riskoff0,0.6142033621,1.3749113203,0.8639820835
2012-02-17,24,ret60_ret5_top5_riskoff0,0.6142033621,1.3711312273,0.8643295746
2012-02-20,24,ret60_ret5_top5_riskoff0,0.6142033621,1.3733571023,0.8655628273
2012-02-21,24,ret60_ret5_top5_riskoff0,0.6142033621,1.3891009542,0.8729691569
2012-02-22,24,ret60_ret5_top5_riskoff0,0.6142033621,1.4138258063,0.8849030911
2012-02-23,24,ret60_ret5_top5_riskoff0,0.6142033621,1.4185883853,0.8878942399
2012-02-24,24,ret60_ret5_top5_riskoff0,0.6142033621,1.4374712063,0.9021209338
2012-02-27,24,ret60_ret5_top5_riskoff0,0.6142033621,1.4438726376,0.9050337268
2012-02-28,24,ret60_ret5_top5_riskoff0,0.6142033621,1.4393989212,0.9070403175
2012-02-29,24,ret60_ret5_top5_riskoff0,0.6142033621,1.4241436436,0.8973923296
2012-03-01,24,ret60_ret5_top5_riskoff0,0.6142033621,1.4309184434,0.8971231944
2012-03-02,24,ret60_ret5_top5_riskoff0,0.6142033621,1.4578633582,0.9129919541
2012-03-05,24,ret60_ret5_top5_riskoff0,0.6142033621,1.4582344098,0.9071220801
2012-03-06,24,ret60_ret5_top5_riskoff0,0.6142033621,1.4438212100,0.8929328606
2012-03-07,24,ret60_ret5_top5_riskoff0,0.6142033621,1.4326907930,0.8867836311
2012-03-08,24,ret60_ret5_top5_riskoff0,0.6142033621,1.4523426801,0.8979544476
2012-03-09,24,ret60_ret5_top5_riskoff0,0.6142033621,1.4717080685,0.9076671642
2012-03-12,24,ret60_ret5_top5_riskoff0,0.6142033621,1.4745528094,0.9042944565
2012-03-13,24,ret60_ret5_top5_riskoff0,0.6142033621,1.4874870496,0.9133803265
2012-03-14,24,ret60_ret5_top5_riskoff0,0.6142033621,1.4299513133,0.8875024607
2012-03-15,24,ret60_ret5_top5_riskoff0,0.6142033621,1.4139374352,0.8808388081
2012-03-16,24,ret60_ret5_top5_riskoff0,0.6142033621,1.4467274509,0.8937743342
2012-03-19,24,ret60_ret5_top5_riskoff0,0.6135891587,1.4606722851,0.8959853314
2012-03-20,24,ret60_ret5_top5_riskoff0,0.6025028437,1.4318855814,0.8804640628
2012-03-21,24,ret60_ret5_top5_riskoff0,0.6061426539,1.4351521911,0.8816019257
2012-03-22,24,ret60_ret5_top5_riskoff0,0.6052539132,1.4320924187,0.8802255885
2012-03-23,24,ret60_ret5_top5_riskoff0,0.5938470276,1.4084364553,0.8697293135
2012-03-26,24,ret60_ret5_top5_riskoff0,0.5921252176,1.4067521390,0.8705810074
2012-03-27,24,ret60_ret5_top5_riskoff0,0.5923740446,1.3997765259,0.8677533838
2012-03-28,24,ret60_ret5_top5_riskoff0,0.5678672227,1.3445879162,0.8431428385
2012-03-29,24,ret60_ret5_top5_riskoff0,0.5598078209,1.3239438429,0.8323161063
2012-03-30,24,ret60_ret5_top5_riskoff0,0.5595810951,1.3210237313,0.8363292877
2012-04-05,24,ret60_ret5_top5_riskoff0,0.5767313613,1.3602578673,0.8560647375
2012-04-06,24,ret60_ret5_top5_riskoff0,0.5800990032,1.3684979302,0.8584494803
2012-04-09,24,ret60_ret5_top5_riskoff0,0.5726942982,1.3546566960,0.8500415586
2012-04-10,24,ret60_ret5_top5_riskoff0,0.5807083034,1.3696529348,0.8584358532
2012-04-11,24,ret60_ret5_top5_riskoff0,0.5836875558,1.3738535860,0.8585210225
2012-04-12,24,ret60_ret5_top5_riskoff0,0.5947817495,1.3987253021,0.8756911705
2012-04-13,24,ret60_ret5_top5_riskoff0,0.6000791256,1.4084129428,0.8791013526
2012-04-16,24,ret60_ret5_top5_riskoff0,0.5995334040,1.4106084027,0.8769176096
2012-04-17,24,ret60_ret5_top5_riskoff0,0.5907822189,1.3933397357,0.8659614200
2012-04-18,24,ret60_ret5_top5_riskoff0,0.6046302979,1.4216802043,0.8857309375
2012-04-19,24,ret60_ret5_top5_riskoff0,0.6025094141,1.4169302426,0.8844193290
2012-04-20,24,ret60_ret5_top5_riskoff0,0.6067964322,1.4276126220,0.8949053836
2012-04-23,24,ret60_ret5_top5_riskoff0,0.5981787927,1.4085863611,0.8878192908
2012-04-24,24,ret60_ret5_top5_riskoff0,0.5942217434,1.3979137120,0.8874206981
2012-04-25,24,ret60_ret5_top5_riskoff0,0.6044341693,1.4176429185,0.8946158077
2012-04-26,24,ret60_ret5_top5_riskoff0,0.6059108914,1.4158610873,0.8964895341
2012-04-27,24,ret60_ret5_top5_riskoff0,0.6063238567,1.4104629198,0.8946737229
2012-05-02,24,ret60_ret5_top5_riskoff0,0.6164604345,1.4306336754,0.9142047661
2012-05-03,24,ret60_ret5_top5_riskoff0,0.6173524850,1.4350466645,0.9169404067
2012-05-04,24,ret60_ret5_top5_riskoff0,0.6258903469,1.4500536868,0.9252393116
2012-05-07,24,ret60_ret5_top5_riskoff0,0.6294509754,1.4626694644,0.9258865989
2012-05-08,24,ret60_ret5_top5_riskoff0,0.6286182472,1.4615392044,0.9229363314
2012-05-09,24,ret60_ret5_top5_riskoff0,0.6167908184,1.4347124711,0.9053539637
2012-05-10,24,ret60_ret5_top5_riskoff0,0.6185070580,1.4387356730,0.9052517604
2012-05-11,24,ret60_ret5_top5_riskoff0,0.6144212332,1.4313707467,0.8983394132
2012-05-14,24,ret60_ret5_top5_riskoff0,0.6090235041,1.4258818005,0.8910523206
2012-05-15,24,ret60_ret5_top5_riskoff0,0.6138464036,1.4284321309,0.8916791673
2012-05-16,24,ret60_ret5_top5_riskoff0,0.6062748259,1.4116047758,0.8771254229
2012-05-17,24,ret60_ret5_top5_riskoff0,0.6140731393,1.4306332798,0.8905106434
2012-05-18,24,ret60_ret5_top5_riskoff0,0.6049656400,1.4106844343,0.8768971689
2012-05-21,24,ret60_ret5_top5_riskoff0,0.6088097420,1.4108762449,0.8814111463
2012-05-22,24,ret60_ret5_top5_riskoff0,0.6184326605,1.4299711648,0.8951370443
2012-05-23,24,ret60_ret5_top5_riskoff0,0.6174757092,1.4254793472,0.8915088285
2012-05-24,24,ret60_ret5_top5_riskoff0,0.6092319706,1.4122104003,0.8841467869
2012-05-25,24,ret60_ret5_top5_riskoff0,0.6038313032,1.3984869164,0.8765973727
2012-05-28,24,ret60_ret5_top5_riskoff0,0.6116010511,1.4155077163,0.8907661515
2012-05-29,24,ret60_ret5_top5_riskoff0,0.6201636660,1.4357279143,0.9030850513
2012-05-30,25,ret60_ret5_top5_riskoff0,0.6201636660,1.4357279143,0.9030850513
2012-05-31,25,ret60_ret5_top5_riskoff0,0.6219793944,1.4384685347,0.8995920077
2012-06-01,25,ret60_ret5_top5_riskoff0,0.6240377675,1.4387769641,0.8999201214
2012-06-04,25,ret60_ret5_top5_riskoff0,0.6106777548,1.3992070223,0.8746382789
2012-06-05,25,ret60_ret5_top5_riskoff0,0.6118987009,1.3993942176,0.8745733397
2012-06-06,25,ret60_ret5_top5_riskoff0,0.6106581891,1.3959110759,0.8740811692
2012-06-07,25,ret60_ret5_top5_riskoff0,0.6074917346,1.3893109344,0.8688792002
2012-06-08,25,ret60_ret5_top5_riskoff0,0.6034741822,1.3812748993,0.8627783365
2012-06-11,25,ret60_ret5_top5_riskoff0,0.6133230518,1.4031994886,0.8743751044
2012-06-12,25,ret60_ret5_top5_riskoff0,0.6132598201,1.3983251263,0.8681956301
2012-06-13,25,ret60_ret5_top5_riskoff0,0.6239894277,1.4220119176,0.8820242545
2012-06-14,25,ret60_ret5_top5_riskoff0,0.6218541993,1.4166314745,0.8751133601
2012-06-15,25,ret60_ret5_top5_riskoff0,0.6211284087,1.4159609400,0.8777211803
2012-06-18,25,ret60_ret5_top5_riskoff0,0.6256249948,1.4269575849,0.8822190720
2012-06-19,25,ret60_ret5_top5_riskoff0,0.6256249948,1.4147784094,0.8744981470
2012-06-20,25,ret60_ret5_top5_riskoff0,0.6256249948,1.4088244372,0.8724440187
2012-06-21,25,ret60_ret5_top5_riskoff0,0.6256249948,1.3918929470,0.8586290656
2012-06-25,25,ret60_ret5_top5_riskoff0,0.6256249948,1.3606760434,0.8396018901
2012-06-26,25,ret60_ret5_top5_riskoff0,0.6256249948,1.3604355952,0.8390550340
2012-06-27,25,ret60_ret5_top5_riskoff0,0.6256249948,1.3574282544,0.8364164531
2012-06-28,25,ret60_ret5_top5_riskoff0,0.6256249948,1.3416471843,0.8290783274
2012-06-29,25,ret60_ret5_top5_riskoff0,0.6256249948,1.3599752599,0.8413415762
2012-07-02,25,ret60_ret5_top5_riskoff0,0.6256249948,1.3745644404,0.8425822560
2012-07-03,25,ret60_ret5_top5_riskoff0,0.6256249948,1.3779439523,0.8437716681
2012-07-04,25,ret60_ret5_top5_riskoff0,0.6256249948,1.3731479867,0.8424728848
2012-07-05,25,ret60_ret5_top5_riskoff0,0.6256249948,1.3488826898,0.8306642102
2012-07-06,25,ret60_ret5_top5_riskoff0,0.6256249948,1.3775607769,0.8451012121
2012-07-09,25,ret60_ret5_top5_riskoff0,0.6256249948,1.3509263709,0.8257664300
2012-07-10,25,ret60_ret5_top5_riskoff0,0.6256249948,1.3382918615,0.8225775752
2012-07-11,25,ret60_ret5_top5_riskoff0,0.6256249948,1.3484598733,0.8290236418
2012-07-12,25,ret60_ret5_top5_riskoff0,0.6256249948,1.3653007142,0.8370931876
2012-07-13,25,ret60_ret5_top5_riskoff0,0.6256249948,1.3616094214,0.8375887760
2012-07-16,25,ret60_ret5_top5_riskoff0,0.6256249948,1.3196172438,0.8201919153
2012-07-17,25,ret60_ret5_top5_riskoff0,0.6256249948,1.3244958449,0.8251375454
2012-07-18,25,ret60_ret5_top5_riskoff0,0.6256249948,1.3292638042,0.8251853953
2012-07-19,25,ret60_ret5_top5_riskoff0,0.6256249948,1.3392076902,0.8285964105
2012-07-20,25,ret60_ret5_top5_riskoff0,0.6256249948,1.3280647508,0.8197578482
2012-07-23,25,ret60_ret5_top5_riskoff0,0.6256249948,1.3164040261,0.8084686870
2012-07-24,25,ret60_ret5_top5_riskoff0,0.6256249948,1.3250122584,0.8120779374
2012-07-25,25,ret60_ret5_top5_riskoff0,0.6256249948,1.3160886417,0.8066401368
2012-07-26,25,ret60_ret5_top5_riskoff0,0.6256249948,1.3037889977,0.8023370626
2012-07-27,25,ret60_ret5_top5_riskoff0,0.6256249948,1.2963126840,0.8028907544
2012-07-30,25,ret60_ret5_top5_riskoff0,0.6256249948,1.2743003354,0.7983381771
2012-07-31,25,ret60_ret5_top5_riskoff0,0.6256249948,1.2580153757,0.7973572539
2012-08-01,25,ret60_ret5_top5_riskoff0,0.6256249948,1.2743150766,0.8061513841
2012-08-02,25,ret60_ret5_top5_riskoff0,0.6256249948,1.2628258946,0.7980271527
2012-08-03,25,ret60_ret5_top5_riskoff0,0.6256249948,1.2844654512,0.8044732194
2012-08-06,25,ret60_ret5_top5_riskoff0,0.6256249948,1.3114910007,0.8153659099
2012-08-07,25,ret60_ret5_top5_riskoff0,0.6256249948,1.3231790427,0.8164801293
2012-08-08,25,ret60_ret5_top5_riskoff0,0.6256249948,1.3181936064,0.8167945716
2012-08-09,25,ret60_ret5_top5_riskoff0,0.6256249948,1.3369169454,0.8242830827
2012-08-10,25,ret60_ret5_top5_riskoff0,0.6256249948,1.3314351955,0.8201987510
2012-08-13,25,ret60_ret5_top5_riskoff0,0.6256249948,1.3086153616,0.8038545884
2012-08-14,25,ret60_ret5_top5_riskoff0,0.6256249948,1.3154615991,0.8055942744
2012-08-15,25,ret60_ret5_top5_riskoff0,0.6256249948,1.3024854540,0.7969129333
2012-08-16,25,ret60_ret5_top5_riskoff0,0.6256249948,1.2938488060,0.7928286016
2012-08-17,25,ret60_ret5_top5_riskoff0,0.6256249948,1.2907755135,0.7907129520
2012-08-20,25,ret60_ret5_top5_riskoff0,0.6256249948,1.2922193105,0.7867174843
2012-08-21,25,ret60_ret5_top5_riskoff0,0.6256249948,1.3084773239,0.7907881447
2012-08-22,25,ret60_ret5_top5_riskoff0,0.6256249948,1.2990044403,0.7845984168
2012-08-23,25,ret60_ret5_top5_riskoff0,0.6256249948,1.3081056637,0.7868576162
2012-08-24,25,ret60_ret5_top5_riskoff0,0.6256249948,1.2859064768,0.7777934758
2012-08-27,25,ret60_ret5_top5_riskoff0,0.6256249948,1.2618606256,0.7615655201
2012-08-28,25,ret60_ret5_top5_riskoff0,0.6256249948,1.2654862863,0.7650551458
2012-08-29,25,ret60_ret5_top5_riskoff0,0.6256249948,1.2562375418,0.7569890179
2012-08-30,25,ret60_ret5_top5_riskoff0,0.6256249948,1.2371814523,0.7558132772
2012-08-31,25,ret60_ret5_top5_riskoff0,0.6256249948,1.2407023890,0.7535916742
2012-09-03,25,ret60_ret5_top5_riskoff0,0.6256249948,1.2619023301,0.7616236236
2012-09-04,25,ret60_ret5_top5_riskoff0,0.6256249948,1.2513638757,0.7534344530
2012-09-05,25,ret60_ret5_top5_riskoff0,0.6256249948,1.2573331134,0.7518861666
2012-09-06,25,ret60_ret5_top5_riskoff0,0.6256249948,1.2681482212,0.7580177910
2012-09-07,25,ret60_ret5_top5_riskoff0,0.6256249948,1.3110780193,0.7919775568
2012-09-10,25,ret60_ret5_top5_riskoff0,0.6256249948,1.3188813628,0.7952210972
2012-09-11,25,ret60_ret5_top5_riskoff0,0.6256249948,1.3124085060,0.7901695137
2012-09-12,25,ret60_ret5_top5_riskoff0,0.6256249948,1.3192078163,0.7929653156
2012-09-13,25,ret60_ret5_top5_riskoff0,0.6256249948,1.3016204739,0.7855793400
2012-09-14,25,ret60_ret5_top5_riskoff0,0.6256249948,1.3060921286,0.7914170292
2012-09-17,25,ret60_ret5_top5_riskoff0,0.6256249948,1.2706543657,0.7719933830
2012-09-18,25,ret60_ret5_top5_riskoff0,0.6256249948,1.2648153656,0.7639716871
2012-09-19,25,ret60_ret5_top5_riskoff0,0.6256249948,1.2754282969,0.7677313230
2012-09-20,25,ret60_ret5_top5_riskoff0,0.6256249948,1.2383101428,0.7505429512
2012-09-21,25,ret60_ret5_top5_riskoff0,0.6256249948,1.2361788541,0.7516059028
2012-09-24,25,ret60_ret5_top5_riskoff0,0.6256249948,1.2417409434,0.7572316853
2012-09-25,25,ret60_ret5_top5_riskoff0,0.6256249948,1.2338290272,0.7553962994
2012-09-26,25,ret60_ret5_top5_riskoff0,0.6256249948,1.2093617910,0.7467628082
2012-09-27,25,ret60_ret5_top5_riskoff0,0.6256249948,1.2375296169,0.7696043053
2012-09-28,25,ret60_ret5_top5_riskoff0,0.6256249948,1.2608075858,0.7837507898
2012-10-08,25,ret60_ret5_top5_riskoff0,0.6256249948,1.2543457727,0.7758692258
2012-10-09,25,ret60_ret5_top5_riskoff0,0.6256249948,1.2847487552,0.7929960763
2012-10-10,25,ret60_ret5_top5_riskoff0,0.6256249948,1.2953257915,0.7943495452
2012-10-11,25,ret60_ret5_top5_riskoff0,0.6256249948,1.2787553505,0.7869704053
2012-10-12,25,ret60_ret5_top5_riskoff0,0.6256249948,1.2767041144,0.7876539755
2012-10-15,25,ret60_ret5_top5_riskoff0,0.6256249948,1.2708047033,0.7843489137
2012-10-16,25,ret60_ret5_top5_riskoff0,0.6256249948,1.2736597175,0.7854768045
2012-10-17,25,ret60_ret5_top5_riskoff0,0.6256249948,1.2743843237,0.7863791171
2012-10-18,25,ret60_ret5_top5_riskoff0,0.6256249948,1.2955462874,0.7984372948
2012-10-19,25,ret60_ret5_top5_riskoff0,0.6256249948,1.2922870273,0.7972034507
2012-10-22,25,ret60_ret5_top5_riskoff0,0.6256249948,1.2965887365,0.8003205306
2012-10-23,25,ret60_ret5_top5_riskoff0,0.6256249948,1.2847320495,0.7902344528
2012-10-24,25,ret60_ret5_top5_riskoff0,0.6256249948,1.2862531471,0.7887647770
2012-10-25,25,ret60_ret5_top5_riskoff0,0.6256249948,1.2754223754,0.7831116517
2012-10-26,25,ret60_ret5_top5_riskoff0,0.6256249948,1.2500409766,0.7683021041
2012-10-29,25,ret60_ret5_top5_riskoff0,0.6256249948,1.2479629541,0.7641801760
2012-10-30,25,ret60_ret5_top5_riskoff0,0.6256249948,1.2494539526,0.7655575699
2012-10-31,25,ret60_ret5_top5_riskoff0,0.6256249948,1.2571883197,0.7706638390
2012-11-01,25,ret60_ret5_top5_riskoff0,0.6256249948,1.2790660037,0.7853811047
2012-11-02,25,ret60_ret5_top5_riskoff0,0.6256249948,1.2841679316,0.7884195741
2012-11-05,25,ret60_ret5_top5_riskoff0,0.6256249948,1.2796068307,0.7867482450
2012-11-06,25,ret60_ret5_top5_riskoff0,0.6256249948,1.2729033822,0.7834431833
2012-11-07,25,ret60_ret5_top5_riskoff0,0.6256249948,1.2715208974,0.7818333755
2012-11-08,25,ret60_ret5_top5_riskoff0,0.6256249948,1.2443337255,0.7674476414
2012-11-09,25,ret60_ret5_top5_riskoff0,0.6256249948,1.2413690142,0.7659130264
2012-11-12,25,ret60_ret5_top5_riskoff0,0.6256249948,1.2494670331,0.7696487373
2012-11-13,25,ret60_ret5_top5_riskoff0,0.6256249948,1.2263163953,0.7561789872
2012-11-14,25,ret60_ret5_top5_riskoff0,0.6256249948,1.2315315997,0.7598258341
2012-11-15,25,ret60_ret5_top5_riskoff0,0.6256249948,1.2127914890,0.7497465920
2012-11-16,25,ret60_ret5_top5_riskoff0,0.6256249948,1.2036309853,0.7441481524
2012-11-19,25,ret60_ret5_top5_riskoff0,0.6256249948,1.2046739724,0.7433791359
2012-11-20,25,ret60_ret5_top5_riskoff0,0.6256249948,1.2041683825,0.7399236887
2012-11-21,25,ret60_ret5_top5_riskoff0,0.6256249948,1.2159823854,0.7501840769
2012-11-22,25,ret60_ret5_top5_riskoff0,0.6256249948,1.2044250367,0.7442541057
2012-11-23,25,ret60_ret5_top5_riskoff0,0.6256249948,1.2098659313,0.7494253140
2012-11-26,25,ret60_ret5_top5_riskoff0,0.6256249948,1.1969464557,0.7435876248
2012-11-27,25,ret60_ret5_top5_riskoff0,0.6256249948,1.1628965243,0.7350566692
2012-11-28,25,ret60_ret5_top5_riskoff0,0.6256249948,1.1415308936,0.7277151256
2012-11-29,25,ret60_ret5_top5_riskoff0,0.6256249948,1.1338022706,0.7231078627
2012-11-30,26,ret60_ret5_top5_riskoff0,0.6256249948,1.1338022706,0.7231078627
2012-12-03,26,ret60_ret5_top5_riskoff0,0.6256249948,1.1094352396,0.7126954826
2012-12-04,26,ret60_ret5_top5_riskoff0,0.6256249948,1.1194759696,0.7203400148
2012-12-05,26,ret60_ret5_top5_riskoff0,0.6256249948,1.1558994264,0.7461631231
2012-12-06,26,ret60_ret5_top5_riskoff0,0.6256249948,1.1535667242,0.7447166775
2012-12-07,26,ret60_ret5_top5_riskoff0,0.6256249948,1.1755149294,0.7593027965
2012-12-10,26,ret60_ret5_top5_riskoff0,0.6256249948,1.1929926303,0.7675117129
2012-12-11,26,ret60_ret5_top5_riskoff0,0.6256249948,1.1859013188,0.7632703831
2012-12-12,26,ret60_ret5_top5_riskoff0,0.6256249948,1.1889243638,0.7664032219
2012-12-13,26,ret60_ret5_top5_riskoff0,0.6256249948,1.1772094590,0.7579104237
2012-12-14,26,ret60_ret5_top5_riskoff0,0.6256249948,1.2217394779,0.7961770190
2012-12-17,26,ret60_ret5_top5_riskoff0,0.6256249948,1.2252308865,0.7998370669
2012-12-18,26,ret60_ret5_top5_riskoff0,0.6256249948,1.2235239682,0.8003169624
2012-12-19,26,ret60_ret5_top5_riskoff0,0.6256249948,1.2254657358,0.8013274466
2012-12-20,26,ret60_ret5_top5_riskoff0,0.6256249948,1.2317415537,0.8059608036
2012-12-21,26,ret60_ret5_top5_riskoff0,0.6256249948,1.2321348210,0.8016282261
2012-12-24,26,ret60_ret5_top5_riskoff0,0.6256249948,1.2372793922,0.8047441672
2012-12-25,26,ret60_ret5_top5_riskoff0,0.6256249948,1.2648704756,0.8274479548
2012-12-26,26,ret60_ret5_top5_riskoff0,0.6256249948,1.2803878114,0.8305638959
2012-12-27,26,ret60_ret5_top5_riskoff0,0.6256249948,1.2734220193,0.8261603479
2012-12-28,26,ret60_ret5_top5_riskoff0,0.6256249948,1.2870887679,0.8381442168
2012-12-31,26,ret60_ret5_top5_riskoff0,0.6256249948,1.2989190651,0.8526424676
2013-01-04,26,ret60_ret5_top5_riskoff0,0.6256249948,1.2924331466,0.8531358812
2013-01-07,26,ret60_ret5_top5_riskoff0,0.6256249948,1.3027378018,0.8570493951
2013-01-08,26,ret60_ret5_top5_riskoff0,0.6256249948,1.3149523322,0.8534467994
2013-01-09,26,ret60_ret5_top5_riskoff0,0.6256249948,1.3181644102,0.8537171631
2013-01-10,26,ret60_ret5_top5_riskoff0,0.6256249948,1.3252478906,0.8552176814
2013-01-11,26,ret60_ret5_top5_riskoff0,0.6249993698,1.2992693668,0.8392189123
2013-01-14,26,ret60_ret5_top5_riskoff0,0.6430356059,1.3394028506,0.8711556186
2013-01-15,26,ret60_ret5_top5_riskoff0,0.6507491074,1.3600698267,0.8772827349
2013-01-16,26,ret60_ret5_top5_riskoff0,0.6479407783,1.3592920532,0.8709393277
2013-01-17,26,ret60_ret5_top5_riskoff0,0.6466659111,1.3492395550,0.8627168931
2013-01-18,26,ret60_ret5_top5_riskoff0,0.6615114729,1.3722638823,0.8771407939
2013-01-21,26,ret60_ret5_top5_riskoff0,0.6688312212,1.3791885783,0.8823655715
2013-01-22,26,ret60_ret5_top5_riskoff0,0.6593950670,1.3604367029,0.8776342076
2013-01-23,26,ret60_ret5_top5_riskoff0,0.6603974350,1.3625834552,0.8812030078
2013-01-24,26,ret60_ret5_top5_riskoff0,0.6494399325,1.3360008870,0.8728521505
2013-01-25,26,ret60_ret5_top5_riskoff0,0.6474219101,1.3337208176,0.8691076139
2013-01-28,26,ret60_ret5_top5_riskoff0,0.6629050484,1.3608672828,0.8962081904
2013-01-29,26,ret60_ret5_top5_riskoff0,0.6671349896,1.3703262582,0.9043224795
2013-01-30,26,ret60_ret5_top5_riskoff0,0.6709566912,1.3741474588,0.9086618161
2013-01-31,26,ret60_ret5_top5_riskoff0,0.6668924882,1.3695568133,0.9080433593
2013-02-01,26,ret60_ret5_top5_riskoff0,0.6692397843,1.3768574850,0.9271175149
2013-02-04,26,ret60_ret5_top5_riskoff0,0.6644633643,1.3638459815,0.9287092809
2013-02-05,26,ret60_ret5_top5_riskoff0,0.6724308949,1.3829259473,0.9367019063
2013-02-06,26,ret60_ret5_top5_riskoff0,0.6696684169,1.3854154221,0.9381077973
2013-02-07,26,ret60_ret5_top5_riskoff0,0.6712183713,1.3901356118,0.9327106629
2013-02-08,26,ret60_ret5_top5_riskoff0,0.6781731060,1.4066182319,0.9367188040
2013-02-18,26,ret60_ret5_top5_riskoff0,0.6802805534,1.4081673365,0.9251404807
2013-02-19,26,ret60_ret5_top5_riskoff0,0.6673263660,1.3872248351,0.9076141570
2013-02-20,26,ret60_ret5_top5_riskoff0,0.6756996811,1.4110405731,0.9133695232
2013-02-21,26,ret60_ret5_top5_riskoff0,0.6615084628,1.3832259685,0.8822472874
2013-02-22,26,ret60_ret5_top5_riskoff0,0.6597949865,1.3837070106,0.8775328212
2013-02-25,26,ret60_ret5_top5_riskoff0,0.6650540974,1.3941653285,0.8803581214
2013-02-26,26,ret60_ret5_top5_riskoff0,0.6542708685,1.3731910360,0.8677321389
2013-02-27,26,ret60_ret5_top5_riskoff0,0.6597340303,1.3776605329,0.8768839485
2013-02-28,26,ret60_ret5_top5_riskoff0,0.6746827041,1.4039223711,0.9034640749
2013-03-01,26,ret60_ret5_top5_riskoff0,0.6797538181,1.4172008889,0.9019466589
2013-03-04,26,ret60_ret5_top5_riskoff0,0.6534906512,1.3767415308,0.8603376930
2013-03-05,26,ret60_ret5_top5_riskoff0,0.6620141588,1.4031257250,0.8863906104
2013-03-06,26,ret60_ret5_top5_riskoff0,0.6691587729,1.4237080131,0.8956471859
2013-03-07,26,ret60_ret5_top5_riskoff0,0.6649797488,1.4123324780,0.8852652217
2013-03-08,26,ret60_ret5_top5_riskoff0,0.6607592499,1.4018107907,0.8810238919
2013-03-11,26,ret60_ret5_top5_riskoff0,0.6619193904,1.4034946971,0.8761032734
2013-03-12,26,ret60_ret5_top5_riskoff0,0.6486696181,1.3748804521,0.8636834432
2013-03-13,26,ret60_ret5_top5_riskoff0,0.6401118142,1.3628954325,0.8541767813
2013-03-14,26,ret60_ret5_top5_riskoff0,0.6403698448,1.3648746873,0.8564681132
2013-03-15,26,ret60_ret5_top5_riskoff0,0.6417255124,1.3673459619,0.8583606588
2013-03-18,26,ret60_ret5_top5_riskoff0,0.6379251292,1.3528998064,0.8457279172
2013-03-19,26,ret60_ret5_top5_riskoff0,0.6388020675,1.3569790649,0.8533690699
2013-03-20,26,ret60_ret5_top5_riskoff0,0.6535606305,1.3897581812,0.8821188647
2013-03-21,26,ret60_ret5_top5_riskoff0,0.6627307403,1.4017054393,0.8837478057
2013-03-22,26,ret60_ret5_top5_riskoff0,0.6629550113,1.4064966991,0.8848698148
2013-03-25,26,ret60_ret5_top5_riskoff0,0.6638685040,1.4079866507,0.8831090715
2013-03-26,26,ret60_ret5_top5_riskoff0,0.6590221995,1.3982222266,0.8702499004
2013-03-27,26,ret60_ret5_top5_riskoff0,0.6617713429,1.4007591970,0.8731157551
2013-03-28,26,ret60_ret5_top5_riskoff0,0.6446834619,1.3665454704,0.8446498421
2013-03-29,26,ret60_ret5_top5_riskoff0,0.6452216473,1.3647036315,0.8432236739
2013-04-01,26,ret60_ret5_top5_riskoff0,0.6497364951,1.3715331837,0.8425849398
2013-04-02,26,ret60_ret5_top5_riskoff0,0.6382523319,1.3579082270,0.8402868487
2013-04-03,26,ret60_ret5_top5_riskoff0,0.6326527836,1.3485646560,0.8393270578
2013-04-08,26,ret60_ret5_top5_riskoff0,0.6375720403,1.3523591190,0.8355250689
2013-04-09,26,ret60_ret5_top5_riskoff0,0.6400739698,1.3624300376,0.8413142306
2013-04-10,26,ret60_ret5_top5_riskoff0,0.6344973810,1.3582039354,0.8399218578
2013-04-11,26,ret60_ret5_top5_riskoff0,0.6336281184,1.3526111624,0.8374108554
2013-04-12,26,ret60_ret5_top5_riskoff0,0.6271092070,1.3428277529,0.8320813119
2013-04-15,26,ret60_ret5_top5_riskoff0,0.6182991362,1.3245719458,0.8235344410
2013-04-16,26,ret60_ret5_top5_riskoff0,0.6214619489,1.3349267916,0.8312296664
2013-04-17,26,ret60_ret5_top5_riskoff0,0.6214619489,1.3459553721,0.8308511573
2013-04-18,26,ret60_ret5_top5_riskoff0,0.6214619489,1.3494954625,0.8330073074
2013-04-19,26,ret60_ret5_top5_riskoff0,0.6214619489,1.3759538851,0.8563194132
2013-04-22,26,ret60_ret5_top5_riskoff0,0.6214619489,1.3791237865,0.8552514768
2013-04-23,26,ret60_ret5_top5_riskoff0,0.6214619489,1.3432127940,0.8278095662
2013-04-24,26,ret60_ret5_top5_riskoff0,0.6214619489,1.3673744554,0.8433926512
2013-04-25,26,ret60_ret5_top5_riskoff0,0.6214619489,1.3493348989,0.8340313097
2013-04-26,26,ret60_ret5_top5_riskoff0,0.6214619489,1.3293356560,0.8270795843
2013-05-02,26,ret60_ret5_top5_riskoff0,0.6214619489,1.3335158212,0.8278670185
2013-05-03,26,ret60_ret5_top5_riskoff0,0.6214619489,1.3563680384,0.8424903125
2013-05-06,26,ret60_ret5_top5_riskoff0,0.6214619489,1.3779178757,0.8536664699
2013-05-07,26,ret60_ret5_top5_riskoff0,0.6214619489,1.3842726388,0.8550047700
2013-05-08,26,ret60_ret5_top5_riskoff0,0.6214619489,1.3938678809,0.8593508657
2013-05-09,26,ret60_ret5_top5_riskoff0,0.6214619489,1.3928293940,0.8542781677
2013-05-10,26,ret60_ret5_top5_riskoff0,0.6214619489,1.4020289682,0.8586884747
2013-05-13,26,ret60_ret5_top5_riskoff0,0.6214619489,1.4038772526,0.8552852723
2013-05-14,26,ret60_ret5_top5_riskoff0,0.6214619489,1.3875632678,0.8426356329
2013-05-15,26,ret60_ret5_top5_riskoff0,0.6214619489,1.4023797517,0.8472284355
2013-05-16,26,ret60_ret5_top5_riskoff0,0.6214619489,1.4159439087,0.8626999954
2013-05-17,26,ret60_ret5_top5_riskoff0,0.6214619489,1.4361827953,0.8759951280
2013-05-20,26,ret60_ret5_top5_riskoff0,0.6214619489,1.4505643371,0.8819296101
2013-05-21,26,ret60_ret5_top5_riskoff0,0.6214619489,1.4641404549,0.8837004920
2013-05-22,26,ret60_ret5_top5_riskoff0,0.6214619489,1.4568341111,0.8847751875
2013-05-23,26,ret60_ret5_top5_riskoff0,0.6214619489,1.4461656362,0.8728859460
2013-05-24,26,ret60_ret5_top5_riskoff0,0.6214619489,1.4621001200,0.8777457326
2013-05-27,26,ret60_ret5_top5_riskoff0,0.6214619489,1.4725661912,0.8785433054
2013-05-28,26,ret60_ret5_top5_riskoff0,0.6214619489,1.4791775701,0.8936735312
2013-05-29,26,ret60_ret5_top5_riskoff0,0.6214619489,1.4852249856,0.8930652130
2013-05-30,26,ret60_ret5_top5_riskoff0,0.6214619489,1.4854273177,0.8902804674
2013-05-31,26,ret60_ret5_top5_riskoff0,0.6214619489,1.4732266801,0.8808549146
2013-06-03,26,ret60_ret5_top5_riskoff0,0.6214619489,1.4673615250,0.8795673077
2013-06-04,26,ret60_ret5_top5_riskoff0,0.6214619489,1.4417626879,0.8670798866
2013-06-05,26,ret60_ret5_top5_riskoff0,0.6214619489,1.4458183712,0.8653461796
2013-06-06,26,ret60_ret5_top5_riskoff0,0.6214619489,1.4241076581,0.8542984449
2013-06-07,26,ret60_ret5_top5_riskoff0,0.6214619489,1.3999235291,0.8395332100
2013-06-13,26,ret60_ret5_top5_riskoff0,0.6214619489,1.3602079029,0.8110706766
2013-06-14,26,ret60_ret5_top5_riskoff0,0.6214619489,1.3800531398,0.8167584520
2013-06-17,26,ret60_ret5_top5_riskoff0,0.6214619489,1.3784442696,0.8123886994
2013-06-18,27,ret60_ret5_top5_riskoff0,0.6214619489,1.3784442696,0.8123886994
2013-06-19,27,ret60_ret5_top5_riskoff0,0.6214619489,1.3745309659,0.8063463748
2013-06-20,27,ret60_ret5_top5_riskoff0,0.6214619489,1.3317499145,0.7797151397
2013-06-21,27,ret60_ret5_top5_riskoff0,0.6214619489,1.3251044300,0.7783447848
2013-06-24,27,ret60_ret5_top5_riskoff0,0.6214619489,1.2471699018,0.7292471186
2013-06-25,27,ret60_ret5_top5_riskoff0,0.6214619489,1.2402326016,0.7273024238
2013-06-26,27,ret60_ret5_top5_riskoff0,0.6214619489,1.2596086258,0.7282697331
2013-06-27,27,ret60_ret5_top5_riskoff0,0.6214619489,1.2437568578,0.7257305461
2013-06-28,27,ret60_ret5_top5_riskoff0,0.6214619489,1.2465183562,0.7391318109
2013-07-01,27,ret60_ret5_top5_riskoff0,0.6214619489,1.2665677118,0.7433906589
2013-07-02,27,ret60_ret5_top5_riskoff0,0.6214619489,1.2837482015,0.7462993044
2013-07-03,27,ret60_ret5_top5_riskoff0,0.6214619489,1.2831099030,0.7402032403
2013-07-04,27,ret60_ret5_top5_riskoff0,0.6214619489,1.2949934353,0.7462993044
2013-07-05,27,ret60_ret5_top5_riskoff0,0.6214619489,1.2926127226,0.7479349976
2013-07-08,27,ret60_ret5_top5_riskoff0,0.6214619489,1.2486738862,0.7266978555
2013-07-09,27,ret60_ret5_top5_riskoff0,0.6214619489,1.2499522358,0.7263787777
2013-07-10,27,ret60_ret5_top5_riskoff0,0.6214619489,1.2859497139,0.7469979166
2013-07-11,27,ret60_ret5_top5_riskoff0,0.6214619489,1.3214011367,0.7814683879
2013-07-12,27,ret60_ret5_top5_riskoff0,0.6214619489,1.3073798572,0.7642314729
2013-07-15,27,ret60_ret5_top5_riskoff0,0.6214619489,1.3278399531,0.7749558434
2013-07-16,27,ret60_ret5_top5_riskoff0,0.6214619489,1.3416641874,0.7784992856
2013-07-17,27,ret60_ret5_top5_riskoff0,0.6214619489,1.3208596873,0.7667404315
2013-07-18,27,ret60_ret5_top5_riskoff0,0.6214619489,1.3111555999,0.7541418991
2013-07-19,27,ret60_ret5_top5_riskoff0,0.6214619489,1.2783403774,0.7357193585
2013-07-22,27,ret60_ret5_top5_riskoff0,0.6214619489,1.2967630747,0.7396524114
2013-07-23,27,ret60_ret5_top5_riskoff0,0.6214619489,1.3297489733,0.7610339781
2013-07-24,27,ret60_ret5_top5_riskoff0,0.6214619489,1.3332662634,0.7554249275
2013-07-25,27,ret60_ret5_top5_riskoff0,0.6214619489,1.3161133798,0.7515724837
2013-07-26,27,ret60_ret5_top5_riskoff0,0.6214619489,1.3139235977,0.7469811231
2013-07-29,27,ret60_ret5_top5_riskoff0,0.6214619489,1.2924475856,0.7308458660
2013-07-30,27,ret60_ret5_top5_riskoff0,0.6214619489,1.2933704868,0.7353532588
2013-07-31,27,ret60_ret5_top5_riskoff0,0.6214619489,1.2978468647,0.7365724716
2013-08-01,27,ret60_ret5_top5_riskoff0,0.6214619489,1.3285064480,0.7541519753
2013-08-02,27,ret60_ret5_top5_riskoff0,0.6214619489,1.3341241353,0.7547901307
2013-08-05,27,ret60_ret5_top5_riskoff0,0.6214619489,1.3552226723,0.7652256519
2013-08-06,27,ret60_ret5_top5_riskoff0,0.6214619489,1.3679851085,0.7703678415
2013-08-07,27,ret60_ret5_top5_riskoff0,0.6214619489,1.3573526976,0.7659947972
2013-08-08,27,ret60_ret5_top5_riskoff0,0.6214619489,1.3613211308,0.7647050514
2013-08-09,27,ret60_ret5_top5_riskoff0,0.6214619489,1.3670977124,0.7678051435
2013-08-12,27,ret60_ret5_top5_riskoff0,0.6214619489,1.3912492983,0.7902346287
2013-08-13,27,ret60_ret5_top5_riskoff0,0.6214619489,1.3962843656,0.7923439004
2013-08-14,27,ret60_ret5_top5_riskoff0,0.6214619489,1.3888005132,0.7889885462
2013-08-15,27,ret60_ret5_top5_riskoff0,0.6214619489,1.3752530976,0.7797520855
2013-08-16,27,ret60_ret5_top5_riskoff0,0.6214619489,1.3517403993,0.7738944901
2013-08-19,27,ret60_ret5_top5_riskoff0,0.6214619489,1.3748189457,0.7830604178
2013-08-20,27,ret60_ret5_top5_riskoff0,0.6214619489,1.3686389207,0.7766922980
2013-08-21,27,ret60_ret5_top5_riskoff0,0.6214619489,1.3740020319,0.7753891174
2013-08-22,27,ret60_ret5_top5_riskoff0,0.6214619489,1.3720831000,0.7738239571
2013-08-23,27,ret60_ret5_top5_riskoff0,0.6214619489,1.3680933499,0.7681141451
2013-08-26,27,ret60_ret5_top5_riskoff0,0.6214619489,1.3935963050,0.7844677185
2013-08-27,27,ret60_ret5_top5_riskoff0,0.6214619489,1.4032164128,0.7862344016
2013-08-28,27,ret60_ret5_top5_riskoff0,0.6214619489,1.3954578541,0.7819285315
2013-08-29,27,ret60_ret5_top5_riskoff0,0.6214619489,1.3942023699,0.7786537864
2013-08-30,27,ret60_ret5_top5_riskoff0,0.6214619489,1.3848675254,0.7771759527
2013-09-02,27,ret60_ret5_top5_riskoff0,0.6214619489,1.3894861687,0.7793356051
2013-09-03,27,ret60_ret5_top5_riskoff0,0.6214619489,1.4118531505,0.7908089686
2013-09-04,27,ret60_ret5_top5_riskoff0,0.6214619489,1.4133345952,0.7895326577
2013-09-05,27,ret60_ret5_top5_riskoff0,0.6214619489,1.4112972797,0.7865232509
2013-09-06,27,ret60_ret5_top5_riskoff0,0.6214619489,1.4192016132,0.7919106265
2013-09-09,27,ret60_ret5_top5_riskoff0,0.6214619489,1.4339154366,0.8197308460
2013-09-10,27,ret60_ret5_top5_riskoff0,0.6214619489,1.4505217023,0.8312445141
2013-09-11,27,ret60_ret5_top5_riskoff0,0.6208404869,1.4464390818,0.8339314844
2013-09-12,27,ret60_ret5_top5_riskoff0,0.6202997439,1.4434301104,0.8421838422
2013-09-13,27,ret60_ret5_top5_riskoff0,0.6206630891,1.4450053268,0.8359500709
2013-09-16,27,ret60_ret5_top5_riskoff0,0.6223463980,1.4425416071,0.8324200636
2013-09-17,27,ret60_ret5_top5_riskoff0,0.6078674773,1.4131153675,0.8152671165
2013-09-18,27,ret60_ret5_top5_riskoff0,0.6132313126,1.4229584799,0.8170102885
2013-09-23,27,ret60_ret5_top5_riskoff0,0.6261160258,1.4487749557,0.8303712487
2013-09-24,27,ret60_ret5_top5_riskoff0,0.6286686004,1.4503375187,0.8208325039
2013-09-25,27,ret60_ret5_top5_riskoff0,0.6263383573,1.4460007663,0.8158414564
2013-09-26,27,ret60_ret5_top5_riskoff0,0.6168217626,1.4223246184,0.8008649552
2013-09-27,27,ret60_ret5_top5_riskoff0,0.6178581817,1.4245679809,0.8044016800
2013-09-30,27,ret60_ret5_top5_riskoff0,0.6274672060,1.4414969441,0.8091273892
2013-10-08,27,ret60_ret5_top5_riskoff0,0.6366420814,1.4643777234,0.8201338916
2013-10-09,27,ret60_ret5_top5_riskoff0,0.6466192064,1.4798210316,0.8240870967
2013-10-10,27,ret60_ret5_top5_riskoff0,0.6413413372,1.4752821876,0.8159388591
2013-10-11,27,ret60_ret5_top5_riskoff0,0.6505649673,1.4947792963,0.8291016552
2013-10-14,27,ret60_ret5_top5_riskoff0,0.6590980222,1.5084569577,0.8304552165
2013-10-15,27,ret60_ret5_top5_riskoff0,0.6608147036,1.5140166455,0.8287691426
2013-10-16,27,ret60_ret5_top5_riskoff0,0.6416140588,1.4763419679,0.8132686822
2013-10-17,27,ret60_ret5_top5_riskoff0,0.6425759001,1.4774207571,0.8105682770
2013-10-18,27,ret60_ret5_top5_riskoff0,0.6425164137,1.4811861400,0.8148405599
2013-10-21,27,ret60_ret5_top5_riskoff0,0.6596105569,1.5176513992,0.8300454535
2013-10-22,27,ret60_ret5_top5_riskoff0,0.6578198402,1.5107685678,0.8215042464
2013-10-23,27,ret60_ret5_top5_riskoff0,0.6389539618,1.4765026037,0.8123013729
2013-10-24,27,ret60_ret5_top5_riskoff0,0.6376493443,1.4667706906,0.8062624070
2013-10-25,27,ret60_ret5_top5_riskoff0,0.6280951955,1.4417345311,0.7955313191
2013-10-28,27,ret60_ret5_top5_riskoff0,0.6334709720,1.4422552052,0.7946546950
2013-10-29,27,ret60_ret5_top5_riskoff0,0.6181677464,1.4128201852,0.7967035099
2013-10-30,27,ret60_ret5_top5_riskoff0,0.6307378340,1.4373241065,0.8086000712
2013-10-31,27,ret60_ret5_top5_riskoff0,0.6231877309,1.4196891978,0.7972644149
2013-11-01,27,ret60_ret5_top5_riskoff0,0.6200418117,1.4164874723,0.8010396083
2013-11-04,27,ret60_ret5_top5_riskoff0,0.6244756066,1.4235165322,0.7995248288
2013-11-05,27,ret60_ret5_top5_riskoff0,0.6320997108,1.4370306610,0.8006399215
2013-11-06,27,ret60_ret5_top5_riskoff0,0.6250325166,1.4238587302,0.7904966083
2013-11-07,27,ret60_ret5_top5_riskoff0,0.6169807395,1.4060310882,0.7861235640
2013-11-08,27,ret60_ret5_top5_riskoff0,0.6089465855,1.3864017568,0.7751741597
2013-11-11,27,ret60_ret5_top5_riskoff0,0.6081341780,1.3922544998,0.7778409778
2013-11-12,27,ret60_ret5_top5_riskoff0,0.6118077033,1.4048607042,0.7859388348
2013-11-13,27,ret60_ret5_top5_riskoff0,0.6027114541,1.3806291993,0.7685138319
2013-11-14,27,ret60_ret5_top5_riskoff0,0.6090006018,1.3953924358,0.7740154038
2013-11-15,27,ret60_ret5_top5_riskoff0,0.6198350657,1.4201608940,0.7895427338
2013-11-18,27,ret60_ret5_top5_riskoff0,0.6198350657,1.4528466312,0.8157977931
2013-11-19,27,ret60_ret5_top5_riskoff0,0.6198350657,1.4539011085,0.8101753076
2013-11-20,27,ret60_ret5_top5_riskoff0,0.6198350657,1.4645282469,0.8144375144
2013-11-21,27,ret60_ret5_top5_riskoff0,0.6198350657,1.4591341854,0.8094464669
2013-11-22,27,ret60_ret5_top5_riskoff0,0.6198350657,1.4524182777,0.8054059352
2013-11-25,27,ret60_ret5_top5_riskoff0,0.6198350657,1.4524408548,0.8022722560
2013-11-26,27,ret60_ret5_top5_riskoff0,0.6198350657,1.4571179827,0.8018658517
2013-11-27,27,ret60_ret5_top5_riskoff0,0.6198350657,1.4677582141,0.8109545290
2013-11-28,27,ret60_ret5_top5_riskoff0,0.6198350657,1.4843319958,0.8193681050
2013-11-29,27,ret60_ret5_top5_riskoff0,0.6198350657,1.4895535178,0.8191699409
2013-12-02,27,ret60_ret5_top5_riskoff0,0.6198350657,1.4284765869,0.8124021343
2013-12-03,27,ret60_ret5_top5_riskoff0,0.6198350657,1.4546691677,0.8204596867
2013-12-04,27,ret60_ret5_top5_riskoff0,0.6198350657,1.4783035287,0.8313284819
2013-12-05,27,ret60_ret5_top5_riskoff0,0.6198350657,1.4766393399,0.8289975351
2013-12-06,27,ret60_ret5_top5_riskoff0,0.6198350657,1.4728236818,0.8236538227
2013-12-09,27,ret60_ret5_top5_riskoff0,0.6198350657,1.4836337256,0.8231768855
2013-12-10,27,ret60_ret5_top5_riskoff0,0.6198350657,1.4867470707,0.8239997702
2013-12-11,27,ret60_ret5_top5_riskoff0,0.6198350657,1.4725581157,0.8103768304
2013-12-12,27,ret60_ret5_top5_riskoff0,0.6198350657,1.4743475680,0.8094531843
2013-12-13,27,ret60_ret5_top5_riskoff0,0.6198350657,1.4789087068,0.8083212980
2013-12-16,27,ret60_ret5_top5_riskoff0,0.6198350657,1.4576030458,0.7953163614
2013-12-17,27,ret60_ret5_top5_riskoff0,0.6198350657,1.4461575082,0.7914404067
2013-12-18,27,ret60_ret5_top5_riskoff0,0.6198350657,1.4454112672,0.7917258973
2013-12-19,27,ret60_ret5_top5_riskoff0,0.6198350657,1.4315833066,0.7833895717
