fold,date,segment,selected_name,strategy,equal_weight,benchmark
1,2010-01-04,train,ret60_ret5_top5_riskoff0,1.0000000000,1.0000000000,1.0000000000
1,2010-01-05,train,ret60_ret5_top5_riskoff0,1.0000000000,1.0078808336,1.0081493990
1,2010-01-06,train,ret60_ret5_top5_riskoff0,1.0000000000,1.0032138715,1.0018386357
1,2010-01-07,train,ret60_ret5_top5_riskoff0,1.0000000000,0.9825267912,0.9819615697
1,2010-01-08,train,ret60_ret5_top5_riskoff0,1.0000000000,0.9893802574,0.9844140268
1,2010-01-11,train,ret60_ret5_top5_riskoff0,1.0000000000,0.9927201207,0.9849571315
1,2010-01-12,train,ret60_ret5_top5_riskoff0,1.0000000000,1.0133562101,0.9999123112
1,2010-01-13,train,ret60_ret5_top5_riskoff0,1.0000000000,0.9969037773,0.9677277009
1,2010-01-14,train,ret60_ret5_top5_riskoff0,1.0000000000,1.0183666068,0.9812798602
1,2010-01-15,train,ret60_ret5_top5_riskoff0,1.0000000000,1.0230806341,0.9851523098
1,2010-01-18,train,ret60_ret5_top5_riskoff0,1.0000000000,1.0364309417,0.9902269442
1,2010-01-19,train,ret60_ret5_top5_riskoff0,1.0000000000,1.0358800659,0.9921504400
1,2010-01-20,train,ret60_ret5_top5_riskoff0,1.0000000000,0.9994320892,0.9601723226
1,2010-01-21,train,ret60_ret5_top5_riskoff0,1.0000000000,1.0012732165,0.9641720624
1,2010-01-22,train,ret60_ret5_top5_riskoff0,1.0000000000,0.9785302060,0.9521869864
1,2010-01-25,train,ret60_ret5_top5_riskoff0,1.0000000000,0.9670930152,0.9413842947
1,2010-01-26,train,ret60_ret5_top5_riskoff0,1.0000000000,0.9357687940,0.9172811953
1,2010-01-27,train,ret60_ret5_top5_riskoff0,1.0000000000,0.9295371453,0.9047699867
1,2010-01-28,train,ret60_ret5_top5_riskoff0,1.0000000000,0.9402811480,0.9070329229
1,2010-01-29,train,ret60_ret5_top5_riskoff0,1.0000000000,0.9441922377,0.9063512134
1,2010-02-01,train,ret60_ret5_top5_riskoff0,1.0000000000,0.9312458152,0.8917977048
1,2010-02-02,train,ret60_ret5_top5_riskoff0,1.0000000000,0.9268497594,0.8899534118
1,2010-02-03,train,ret60_ret5_top5_riskoff0,1.0000000000,0.9441217661,0.9138641616
1,2010-02-04,train,ret60_ret5_top5_riskoff0,1.0000000000,0.9495373038,0.9104923866
1,2010-02-05,train,ret60_ret5_top5_riskoff0,1.0000000000,0.9300914173,0.8919051943
1,2010-02-08,train,ret60_ret5_top5_riskoff0,1.0000000000,0.9304712520,0.8913111735
1,2010-02-09,train,ret60_ret5_top5_riskoff0,1.0000000000,0.9314779029,0.8964593534
1,2010-02-10,train,ret60_ret5_top5_riskoff0,1.0000000000,0.9431510113,0.9091713976
1,2010-02-11,train,ret60_ret5_top5_riskoff0,1.0000000000,0.9436657658,0.9109449739
1,2010-02-12,train,ret60_ret5_top5_riskoff0,1.0000000000,0.9554741855,0.9196799077
1,2010-02-22,train,ret60_ret5_top5_riskoff0,1.0000000000,0.9536703976,0.9146081019
1,2010-02-23,train,ret60_ret5_top5_riskoff0,1.0000000000,0.9575601594,0.9047869587
1,2010-02-24,train,ret60_ret5_top5_riskoff0,1.0000000000,0.9752364164,0.9177564119
1,2010-02-25,train,ret60_ret5_top5_riskoff0,1.0000000000,0.9893035118,0.9312350257
1,2010-02-26,train,ret60_ret5_top5_riskoff0,1.0000000000,0.9885417215,0.9282762366
1,2010-03-01,train,ret60_ret5_top5_riskoff0,1.0000000000,0.9997524563,0.9403688020
1,2010-03-02,train,ret60_ret5_top5_riskoff0,1.0000000000,0.9973926633,0.9366406146
1,2010-03-03,train,ret60_ret5_top5_riskoff0,1.0000000000,1.0087056179,0.9433841645
1,2010-03-04,train,ret60_ret5_top5_riskoff0,1.0000000000,0.9773849415,0.9194790721
1,2010-03-05,train,ret60_ret5_top5_riskoff0,1.0000000000,0.9801502688,0.9220786201
1,2010-03-08,train,ret60_ret5_top5_riskoff0,1.0000000000,0.9889873187,0.9295519669
1,2010-03-09,train,ret60_ret5_top5_riskoff0,1.0000000000,0.9906134744,0.9351187900
1,2010-03-10,train,ret60_ret5_top5_riskoff0,1.0000000000,0.9814302306,0.9277161599
1,2010-03-11,train,ret60_ret5_top5_riskoff0,1.0000000000,0.9767273561,0.9268732162
1,2010-03-12,train,ret60_ret5_top5_riskoff0,1.0000000000,0.9626665757,0.9145458711
1,2010-03-15,train,ret60_ret5_top5_riskoff0,1.0000000000,0.9517637733,0.9004166631
1,2010-03-16,train,ret60_ret5_top5_riskoff0,1.0000000000,0.9584144860,0.9062974686
1,2010-03-17,train,ret60_ret5_top5_riskoff0,1.0000000000,0.9810750945,0.9260840172
1,2010-03-18,train,ret60_ret5_top5_riskoff0,1.0000000000,0.9820537963,0.9242821542
1,2010-03-19,train,ret60_ret5_top5_riskoff0,1.0000000000,0.9905400111,0.9317272144
1,2010-03-22,train,ret60_ret5_top5_riskoff0,1.0000000000,0.9953374968,0.9342051295
1,2010-03-23,train,ret60_ret5_top5_riskoff0,1.0000000000,0.9897150229,0.9265507478
1,2010-03-24,train,ret60_ret5_top5_riskoff0,1.0000000000,0.9917148968,0.9268619015
1,2010-03-25,train,ret60_ret5_top5_riskoff0,1.0000000000,0.9785164587,0.9134144030
1,2010-03-26,train,ret60_ret5_top5_riskoff0,1.0000000000,0.9920352613,0.9263895136
1,2010-03-29,train,ret60_ret5_top5_riskoff0,1.0000000000,1.0058403064,0.9500202250
1,2010-03-30,train,ret60_ret5_top5_riskoff0,1.0000000000,1.0094663371,0.9523312486
1,2010-03-31,train,ret60_ret5_top5_riskoff0,1.0000000000,1.0083046807,0.9463627543
1,2010-04-01,train,ret60_ret5_top5_riskoff0,1.0000000000,1.0225535597,0.9594679837
1,2010-04-02,train,ret60_ret5_top5_riskoff0,1.0000000000,1.0264102755,0.9638269646
1,2010-04-06,train,ret60_ret5_top5_riskoff0,1.0000000000,1.0271423395,0.9632046571
1,2010-04-07,train,ret60_ret5_top5_riskoff0,1.0000000000,1.0273068109,0.9580564772
1,2010-04-08,train,ret60_ret5_top5_riskoff0,1.0000000000,1.0221722009,0.9466823941
1,2010-04-09,train,ret60_ret5_top5_riskoff0,1.0000000000,1.0353183861,0.9558557718
1,2010-04-12,train,ret60_ret5_top5_riskoff0,1.0000000000,1.0384793408,0.9480231838
1,2010-04-13,train,ret60_ret5_top5_riskoff0,1.0000000000,1.0332576503,0.9594057529
1,2010-04-14,train,ret60_ret5_top5_riskoff0,1.0000000000,1.0424065246,0.9627973286
1,2010-04-15,train,ret60_ret5_top5_riskoff0,1.0000000000,1.0339071608,0.9602119240
1,2010-04-16,train,ret60_ret5_top5_riskoff0,1.0000000000,1.0291179504,0.9493950889
1,2010-04-19,train,ret60_ret5_top5_riskoff0,1.0000000000,0.9818118197,0.8985044820
1,2010-04-20,train,ret60_ret5_top5_riskoff0,1.0000000000,0.9867395174,0.8976417376
1,2010-04-21,train,ret60_ret5_top5_riskoff0,1.0000000000,1.0126771381,0.9155500491
1,2010-04-22,train,ret60_ret5_top5_riskoff0,1.0000000000,1.0124736845,0.9056101017
1,2010-04-23,train,ret60_ret5_top5_riskoff0,1.0000000000,1.0041052523,0.9023458163
1,2010-04-26,train,ret60_ret5_top5_riskoff0,1.0000000000,1.0014357450,0.8972542098
1,2010-04-27,train,ret60_ret5_top5_riskoff0,1.0000000000,0.9780681722,0.8792666955
1,2010-04-28,train,ret60_ret5_top5_riskoff0,1.0000000000,0.9731077214,0.8761381862
1,2010-04-29,train,ret60_ret5_top5_riskoff0,1.0000000000,0.9505283301,0.8655900748
1,2010-04-30,train,ret60_ret5_top5_riskoff0,1.0000000000,0.9352301577,0.8676578327
1,2010-05-04,train,ret60_ret5_top5_riskoff0,1.0000000000,0.9278782087,0.8541028448
1,2010-05-05,train,ret60_ret5_top5_riskoff0,1.0000000000,0.9450846866,0.8588946122
1,2010-05-06,train,ret60_ret5_top5_riskoff0,1.0000000000,0.9104510393,0.8194261759
1,2010-05-07,train,ret60_ret5_top5_riskoff0,1.0000000000,0.8924915086,0.8024343536
1,2010-05-10,train,ret60_ret5_top5_riskoff0,1.0000000000,0.8862894008,0.8084990227
1,2010-05-11,train,ret60_ret5_top5_riskoff0,1.0000000000,0.8667442156,0.7922596267
1,2010-05-12,train,ret60_ret5_top5_riskoff0,1.0000000000,0.8559768197,0.7971645409
1,2010-05-13,train,ret60_ret5_top5_riskoff0,1.0000000000,0.8775339262,0.8166116490
1,2010-05-14,train,ret60_ret5_top5_riskoff0,1.0000000000,0.8778107881,0.8112682909
1,2010-05-17,train,ret60_ret5_top5_riskoff0,1.0000000000,0.8267318934,0.7679047756
1,2010-05-18,train,ret60_ret5_top5_riskoff0,1.0000000000,0.8376231740,0.7839235354
1,2010-05-19,train,ret60_ret5_top5_riskoff0,1.0000000000,0.8379555108,0.7813268161
1,2010-05-20,train,ret60_ret5_top5_riskoff0,1.0000000000,0.8260021470,0.7711011730
1,2010-05-21,train,ret60_ret5_top5_riskoff0,1.0000000000,0.8405925722,0.7831993958
1,2010-05-24,train,ret60_ret5_top5_riskoff0,1.0000000000,0.8751297331,0.8128099162
1,2010-05-25,train,ret60_ret5_top5_riskoff0,1.0000000000,0.8633904557,0.7959708421
1,2010-05-26,train,ret60_ret5_top5_riskoff0,1.0000000000,0.8650125868,0.7959708421
1,2010-05-27,train,ret60_ret5_top5_riskoff0,1.0000000000,0.8800822267,0.8089940400
1,2010-05-28,train,ret60_ret5_top5_riskoff0,1.0000000000,0.8809822121,0.8062558872
1,2010-05-31,train,ret60_ret5_top5_riskoff0,1.0000000000,0.8563420871,0.7844638114
1,2010-06-01,train,ret60_ret5_top5_riskoff0,1.0000000000,0.8434536926,0.7762323809
1,2010-06-02,train,ret60_ret5_top5_riskoff0,1.0000000000,0.8527445563,0.7800143131
1,2010-06-03,train,ret60_ret5_top5_riskoff0,1.0000000000,0.8475104159,0.7739468153
1,2010-06-04,train,ret60_ret5_top5_riskoff0,1.0000000000,0.8524058963,0.7762974403
1,2010-06-07,train,ret60_ret5_top5_riskoff0,1.0000000000,0.8445595817,0.7625303021
1,2010-06-08,train,ret60_ret5_top5_riskoff0,1.0000000000,0.8503314920,0.7635542808
1,2010-06-09,train,ret60_ret5_top5_riskoff0,1.0000000000,0.8716379496,0.7869728419
1,2010-06-10,train,ret60_ret5_top5_riskoff0,1.0000000000,0.8705460622,0.7778899817
1,2010-06-11,train,ret60_ret5_top5_riskoff0,1.0000000000,0.8696742456,0.7803933549
1,2010-06-17,train,ret60_ret5_top5_riskoff0,1.0000000000,0.8619343185,0.7758278811
1,2010-06-18,train,ret60_ret5_top5_riskoff0,1.0000000000,0.8354640318,0.7626575923
1,2010-06-21,train,ret60_ret5_top5_riskoff0,1.0000000000,0.8599768246,0.7865570274
1,2010-06-22,train,ret60_ret5_top5_riskoff0,1.0000000000,0.8645886482,0.7874226005
1,2010-06-23,train,ret60_ret5_top5_riskoff0,1.0000000000,0.8590460305,0.7802886941
1,2010-06-24,train,ret60_ret5_top5_riskoff0,1.0000000000,0.8596733731,0.7800058271
1,2010-06-25,train,ret60_ret5_top5_riskoff0,1.0000000000,0.8498358497,0.7740062174
1,2010-06-28,train,ret60_ret5_top5_riskoff0,1.0000000000,0.8390125655,0.7684874817
1,2010-06-29,train,ret60_ret5_top5_riskoff0,1.0000000000,0.7965053558,0.7331969914
1,2010-06-30,train,ret60_ret5_top5_riskoff0,1.0000000000,0.7840874866,0.7250079910
1,2010-07-01,train,ret60_ret5_top5_riskoff0,1.0000000000,0.7733801441,0.7145419110
1,2010-07-02,train,ret60_ret5_top5_riskoff0,1.0000000000,0.7708542551,0.7168161619
1,2010-07-05,train,ret60_ret5_top5_riskoff0,1.0000000000,0.7659308124,0.7107458355
1,2010-07-06,train,ret60_ret5_top5_riskoff0,1.0000000000,0.7846183649,0.7249599036
1,2010-07-07,train,ret60_ret5_top5_riskoff0,1.0000000000,0.7942266651,0.7299327059
1,2010-07-08,train,ret60_ret5_top5_riskoff0,1.0000000000,0.7914952388,0.7286428323
1,2010-07-09,train,ret60_ret5_top5_riskoff0,1.0000000000,0.8143434511,0.7487773073
1,2010-07-12,train,ret60_ret5_top5_riskoff0,1.0000000000,0.8231904542,0.7570143951
1,2010-07-13,train,ret60_ret5_top5_riskoff0,1.0000000000,0.8115836672,0.7452386408
1,2010-07-14,train,ret60_ret5_top5_riskoff0,1.0000000000,0.8189975611,0.7506187716
1,2010-07-15,train,ret60_ret5_top5_riskoff0,1.0000000000,0.8027695452,0.7378642974
1,2010-07-16,train,ret60_ret5_top5_riskoff0,1.0000000000,0.8062512790,0.7400169154
1,2010-07-19,train,ret60_ret5_top5_riskoff0,1.0000000000,0.8256909496,0.7587823140
1,2010-07-20,train,ret60_ret5_top5_riskoff0,1.0000000000,0.8474380369,0.7754799546
1,2010-07-21,train,ret60_ret5_top5_riskoff0,1.0000000000,0.8505482219,0.7771318981
1,2010-07-22,train,ret60_ret5_top5_riskoff0,1.0000000000,0.8609824872,0.7867352336
1,2010-07-23,train,ret60_ret5_top5_riskoff0,1.0000000000,0.8622815816,0.7900702359
1,2010-07-26,train,ret60_ret5_top5_riskoff0,1.0000000000,0.8718509127,0.7951533564
1,2010-07-27,train,ret60_ret5_top5_riskoff0,1.0000000000,0.8700781732,0.7908170048
1,2010-07-28,train,ret60_ret5_top5_riskoff0,1.0000000000,0.8897411052,0.8100519627
1,2010-07-29,train,ret60_ret5_top5_riskoff0,1.0000000000,0.8952137870,0.8140856465
1,2010-07-30,train,ret60_ret5_top5_riskoff0,1.0000000000,0.8945710756,0.8115030705
1,2010-08-02,train,ret60_ret5_top5_riskoff0,1.0000000000,0.9099564157,0.8251994920
1,2010-08-03,train,ret60_ret5_top5_riskoff0,1.0000000000,0.8949509834,0.8106884135
1,2010-08-04,train,ret60_ret5_top5_riskoff0,1.0000000000,0.9023202341,0.8136472026
1,2010-08-05,train,ret60_ret5_top5_riskoff0,1.0000000000,0.9025938286,0.8064058067
1,2010-08-06,train,ret60_ret5_top5_riskoff0,1.0000000000,0.9194493266,0.8196524696
1,2010-08-09,train,ret60_ret5_top5_riskoff0,1.0000000000,0.9290314232,0.8254738730
1,2010-08-10,train,ret60_ret5_top5_riskoff0,1.0000000000,0.8988466764,0.8012604555
1,2010-08-11,train,ret60_ret5_top5_riskoff0,1.0000000000,0.9076031296,0.8062304291
1,2010-08-12,train,ret60_ret5_top5_riskoff0,1.0000000000,0.8959448250,0.7966638663
1,2010-08-13,train,ret60_ret5_top5_riskoff0,1.0000000000,0.9106271005,0.8077409391
1,2010-08-16,train,ret60_ret5_top5_riskoff0,1.0000000000,0.9308618418,0.8265600824
1,2010-08-17,train,ret60_ret5_top5_riskoff0,1.0000000000,0.9380937746,0.8322768250
1,2010-08-18,train,ret60_ret5_top5_riskoff0,1.0000000000,0.9373127270,0.8308822905
1,2010-08-19,train,ret60_ret5_top5_riskoff0,1.0000000000,0.9406546193,0.8359852117
1,2010-08-20,train,ret60_ret5_top5_riskoff0,1.0000000000,0.9204297028,0.8198419905
1,2010-08-23,train,ret60_ret5_top5_riskoff0,1.0000000000,0.9243162077,0.8192366550
1,2010-08-24,train,ret60_ret5_top5_riskoff0,1.0000000000,0.9342724588,0.8236606953
1,2010-08-25,train,ret60_ret5_top5_riskoff0,1.0000000000,0.9149782452,0.8041966152
1,2010-08-26,train,ret60_ret5_top5_riskoff0,1.0000000000,0.9205834152,0.8061964851
1,2010-08-27,train,ret60_ret5_top5_riskoff0,1.0000000000,0.9256629440,0.8085951975
1,2010-08-30,train,ret60_ret5_top5_riskoff0,1.0000000000,0.9481533068,0.8245602125
1,2010-08-31,train,ret60_ret5_top5_riskoff0,1.0000000000,0.9508521208,0.8212167242
1,2010-09-01,train,ret60_ret5_top5_riskoff0,1.0000000000,0.9411580290,0.8157998207
1,2010-09-02,train,ret60_ret5_top5_riskoff0,1.0000000000,0.9572853722,0.8263649041
1,2010-09-03,train,ret60_ret5_top5_riskoff0,1.0000000000,0.9625074340,0.8260311210
1,2010-09-06,train,ret60_ret5_top5_riskoff0,1.0000000000,0.9690331743,0.8415548635
1,2010-09-07,train,ret60_ret5_top5_riskoff0,1.0000000000,0.9752321658,0.8438234570
1,2010-09-08,train,ret60_ret5_top5_riskoff0,1.0000000000,0.9808138223,0.8432181216
1,2010-09-09,train,ret60_ret5_top5_riskoff0,1.0000000000,0.9650153272,0.8277990399
1,2010-09-10,train,ret60_ret5_top5_riskoff0,1.0000000000,0.9697091931,0.8295217001
1,2010-09-13,train,ret60_ret5_top5_riskoff0,1.0000000000,0.9853321690,0.8379426515
1,2010-09-14,train,ret60_ret5_top5_riskoff0,1.0000000000,0.9888188694,0.8387035638
1,2010-09-15,train,ret60_ret5_top5_riskoff0,1.0000000000,0.9731776342,0.8240453945
1,2010-09-16,train,ret60_ret5_top5_riskoff0,1.0000000000,0.9519191296,0.8083745612
1,2010-09-17,train,ret60_ret5_top5_riskoff0,1.0000000000,0.9527567827,0.8093872252
1,2010-09-20,train,ret60_ret5_top5_riskoff0,1.0000000000,0.9459930777,0.8061229397
1,2010-09-21,train,ret60_ret5_top5_riskoff0,1.0000000000,0.9454857322,0.8082868724
1,2010-09-27,train,ret60_ret5_top5_riskoff0,1.0000000000,0.9661751576,0.8217371996
1,2010-09-28,train,ret60_ret5_top5_riskoff0,1.0000000000,0.9606172595,0.8149144469
1,2010-09-29,train,ret60_ret5_top5_riskoff0,1.0000000000,0.9532412434,0.8131889580
1,2010-09-30,train,ret60_ret5_top5_riskoff0,1.0000000000,0.9684974835,0.8303759586
1,2010-10-08,train,ret60_ret5_top5_riskoff0,0.9990000000,0.9953358940,0.8611122897
1,2010-10-11,train,ret60_ret5_top5_riskoff0,1.0002666261,1.0092114628,0.8861941090
1,2010-10-12,train,ret60_ret5_top5_riskoff0,0.9966998695,1.0177598278,0.8974607027
1,2010-10-13,train,ret60_ret5_top5_riskoff0,0.9944063923,1.0257104438,0.9101472889
1,2010-10-14,train,ret60_ret5_top5_riskoff0,0.9633487211,1.0075261518,0.9120028966
1,2010-10-15,train,ret60_ret5_top5_riskoff0,0.9614720452,1.0189346511,0.9412909485
1,2010-10-18,train,ret60_ret5_top5_riskoff0,0.9535347320,1.0087812416,0.9352036501
1,2010-10-19,train,ret60_ret5_top5_riskoff0,0.9824706133,1.0363241445,0.9548657372
1,2010-10-20,train,ret60_ret5_top5_riskoff0,0.9991199384,1.0401771983,0.9608653468
1,2010-10-21,train,ret60_ret5_top5_riskoff0,1.0038730438,1.0438220757,0.9545885275
1,2010-10-22,train,ret60_ret5_top5_riskoff0,1.0129116465,1.0512141730,0.9557115096
1,2010-10-25,train,ret60_ret5_top5_riskoff0,1.0408385624,1.0788590053,0.9846827505
1,2010-10-26,train,ret60_ret5_top5_riskoff0,1.0445905298,1.0809386816,0.9804397451
1,2010-10-27,train,ret60_ret5_top5_riskoff0,1.0315311566,1.0681676701,0.9628425873
1,2010-10-28,train,ret60_ret5_top5_riskoff0,1.0300986460,1.0668348235,0.9610944691
1,2010-10-29,train,ret60_ret5_top5_riskoff0,1.0386414734,1.0720360187,0.9560848941
1,2010-11-01,train,ret60_ret5_top5_riskoff0,1.0640877837,1.1000812129,0.9823971849
1,2010-11-02,train,ret60_ret5_top5_riskoff0,1.0571888413,1.0948062492,0.9796052874
1,2010-11-03,train,ret60_ret5_top5_riskoff0,1.0545597573,1.0798967154,0.9675014073
1,2010-11-04,train,ret60_ret5_top5_riskoff0,1.0831807664,1.1026203821,0.9845186876
1,2010-11-05,train,ret60_ret5_top5_riskoff0,1.0902547763,1.1170991361,0.9959182288
1,2010-11-08,train,ret60_ret5_top5_riskoff0,1.1043551702,1.1368252756,1.0037734461
1,2010-11-09,train,ret60_ret5_top5_riskoff0,1.0982511789,1.1368575300,0.9968092599
1,2010-11-10,train,ret60_ret5_top5_riskoff0,1.0947134106,1.1367443427,0.9897828430
1,2010-11-11,train,ret60_ret5_top5_riskoff0,1.1022333120,1.1338173561,0.9928576076
1,2010-11-12,train,ret60_ret5_top5_riskoff0,1.0360372392,1.0678295009,0.9311501656
1,2010-11-15,train,ret60_ret5_top5_riskoff0,1.0414375885,1.0884790616,0.9376730793
1,2010-11-16,train,ret60_ret5_top5_riskoff0,0.9905819315,1.0492519818,0.8965583569
1,2010-11-17,train,ret60_ret5_top5_riskoff0,0.9622229872,1.0178870770,0.8779937939
1,2010-11-18,train,ret60_ret5_top5_riskoff0,0.9830062134,1.0316973035,0.8904540864
1,2010-11-19,train,ret60_ret5_top5_riskoff0,0.9964267649,1.0537225192,0.8991918489
1,2010-11-22,train,ret60_ret5_top5_riskoff0,0.9994782068,1.0622989901,0.8972372377
1,2010-11-23,train,ret60_ret5_top5_riskoff0,0.9733854025,1.0447401892,0.8789187691
1,2010-11-24,train,ret60_ret5_top5_riskoff0,1.0006516358,1.0676318027,0.8986798596
1,2010-11-25,train,ret60_ret5_top5_riskoff0,1.0158239923,1.0797802831,0.9118162043
1,2010-11-26,train,ret60_ret5_top5_riskoff0,1.0049132827,1.0720024153,0.9037177213
1,2010-11-29,train,ret60_ret5_top5_riskoff0,1.0008422512,1.0731790234,0.9023599596
1,2010-11-30,train,ret60_ret5_top5_riskoff0,0.9906713255,1.0495743708,0.8873510352
1,2010-12-01,train,ret60_ret5_top5_riskoff0,0.9907123640,1.0497871761,0.8870766541
1,2010-12-02,train,ret60_ret5_top5_riskoff0,0.9963002135,1.0551662134,0.8924624423
1,2010-12-03,train,ret60_ret5_top5_riskoff0,0.9926644681,1.0516322089,0.8933393301
1,2010-12-06,train,ret60_ret5_top5_riskoff0,0.9788361806,1.0435249643,0.8954353748
1,2010-12-07,train,ret60_ret5_top5_riskoff0,0.9968195855,1.0557478488,0.9052706613
1,2010-12-08,train,ret60_ret5_top5_riskoff0,0.9957762746,1.0506785575,0.8972202657
1,2010-12-09,train,ret60_ret5_top5_riskoff0,0.9822761986,1.0329789104,0.8834983862
1,2010-12-10,train,ret60_ret5_top5_riskoff0,1.0003187715,1.0452549268,0.8944198822
1,2010-12-13,train,ret60_ret5_top5_riskoff0,1.0336488704,1.0772468797,0.9224463472
1,2010-12-14,train,ret60_ret5_top5_riskoff0,1.0427965620,1.0873686960,0.9248252589
1,2010-12-15,train,ret60_ret5_top5_riskoff0,1.0347372444,1.0814288747,0.9186502717
1,2010-12-16,train,ret60_ret5_top5_riskoff0,1.0321922431,1.0794868405,0.9138500182
1,2010-12-17,train,ret60_ret5_top5_riskoff0,1.0342944220,1.0807087778,0.9124328544
1,2010-12-20,train,ret60_ret5_top5_riskoff0,1.0204434424,1.0673239642,0.8991381042
1,2010-12-21,train,ret60_ret5_top5_riskoff0,1.0297683609,1.0820224506,0.9191792330
1,2010-12-22,train,ret60_ret5_top5_riskoff0,1.0213609053,1.0736849345,0.9095447821
1,2010-12-23,train,ret60_ret5_top5_riskoff0,1.0002629861,1.0574047576,0.9019526311
1,2010-12-24,train,ret60_ret5_top5_riskoff0,0.9816151918,1.0434607776,0.8946970918
1,2010-12-27,train,ret60_ret5_top5_riskoff0,0.9536035070,1.0176334077,0.8768057524
1,2010-12-28,train,ret60_ret5_top5_riskoff0,0.9349264511,0.9976338785,0.8613102966
1,2010-12-29,train,ret60_ret5_top5_riskoff0,0.9541564585,1.0114030005,0.8660907494
1,2010-12-30,train,ret60_ret5_top5_riskoff0,0.9645590208,1.0138699678,0.8667328576
1,2010-12-31,train,ret60_ret5_top5_riskoff0,0.9914705363,1.0343289900,0.8848816060
1,2011-01-04,train,ret60_ret5_top5_riskoff0,1.0122507379,1.0510977051,0.9022552988
1,2011-01-05,train,ret60_ret5_top5_riskoff0,1.0139414981,1.0495331035,0.8982895031
1,2011-01-06,train,ret60_ret5_top5_riskoff0,1.0075952809,1.0451008271,0.8937579733
1,2011-01-07,train,ret60_ret5_top5_riskoff0,0.9944191972,1.0417264776,0.8957323852
1,2011-01-10,train,ret60_ret5_top5_riskoff0,0.9725720744,1.0186590961,0.8792044648
1,2011-01-11,train,ret60_ret5_top5_riskoff0,0.9683358574,1.0166391778,0.8839368301
1,2011-01-12,train,ret60_ret5_top5_riskoff0,0.9700521378,1.0225186812,0.8888643737
1,2011-01-13,train,ret60_ret5_top5_riskoff0,0.9675202109,1.0227952927,0.8885645347
1,2011-01-14,train,ret60_ret5_top5_riskoff0,0.9387431244,1.0049820785,0.8745852462
1,2011-01-17,train,ret60_ret5_top5_riskoff0,0.9026124448,0.9649745949,0.8413455419
1,2011-01-18,train,ret60_ret5_top5_riskoff0,0.9033018631,0.9678255597,0.8422790031
1,2011-01-19,train,ret60_ret5_top5_riskoff0,0.9327283189,0.9903326864,0.8612876673
1,2011-01-20,train,ret60_ret5_top5_riskoff0,0.8962750930,0.9569309314,0.8329613632
1,2011-01-21,train,ret60_ret5_top5_riskoff0,0.9058675124,0.9653947954,0.8439224605
1,2011-01-24,train,ret60_ret5_top5_riskoff0,0.8864533907,0.9506181761,0.8356542573
1,2011-01-25,train,ret60_ret5_top5_riskoff0,0.8713338937,0.9397723275,0.8312471890
1,2011-01-26,train,ret60_ret5_top5_riskoff0,0.8893878853,0.9545554091,0.8424996393
1,2011-01-27,train,ret60_ret5_top5_riskoff0,0.9117306345,0.9695979202,0.8560885713
1,2011-01-28,train,ret60_ret5_top5_riskoff0,0.9200839792,0.9775712109,0.8589936157
1,2011-01-31,train,ret60_ret5_top5_riskoff0,0.9349035184,0.9911470387,0.8702432374
1,2011-02-01,train,ret60_ret5_top5_riskoff0,0.9349035184,0.9921721636,0.8704610450
1,2011-02-09,train,ret60_ret5_top5_riskoff0,0.9349035184,0.9865627550,0.8601844859
1,2011-02-10,train,ret60_ret5_top5_riskoff0,0.9349035184,1.0116875181,0.8780645107
1,2011-02-11,train,ret60_ret5_top5_riskoff0,0.9349035184,1.0205508354,0.8828166767
1,2011-02-14,train,ret60_ret5_top5_riskoff0,0.9349035184,1.0422681688,0.9105885614
1,2011-02-15,train,ret60_ret5_top5_riskoff0,0.9349035184,1.0430740499,0.9101727469
1,2011-02-16,train,ret60_ret5_top5_riskoff0,0.9349035184,1.0585102881,0.9189020233
1,2011-02-17,train,ret60_ret5_top5_riskoff0,0.9349035184,1.0613602543,0.9181609117
1,2011-02-18,train,ret60_ret5_top5_riskoff0,0.9349035184,1.0499769525,0.9085349468
1,2011-02-21,train,ret60_ret5_top5_riskoff0,0.9349035184,1.0717201682,0.9215553161
1,2011-02-22,train,ret60_ret5_top5_riskoff0,0.9349035184,1.0441426588,0.8948724694
1,2011-02-23,train,ret60_ret5_top5_riskoff0,0.9349035184,1.0532257082,0.8980292654
1,2011-02-24,train,ret60_ret5_top5_riskoff0,0.9349035184,1.0590482056,0.9026117113
1,2011-02-25,train,ret60_ret5_top5_riskoff0,0.9349035184,1.0609556769,0.9045012630
1,2011-02-28,train,ret60_ret5_top5_riskoff0,0.9349035184,1.0768481683,0.9163647061
1,2011-03-01,train,ret60_ret5_top5_riskoff0,0.9349035184,1.0815162871,0.9207010576
1,2011-03-02,train,ret60_ret5_top5_riskoff0,0.9349035184,1.0784424203,0.9174226288
1,2011-03-03,train,ret60_ret5_top5_riskoff0,0.9349035184,1.0632320646,0.9113183584
1,2011-03-04,train,ret60_ret5_top5_riskoff0,0.9349035184,1.0775355069,0.9251646993
1,2011-03-07,train,ret60_ret5_top5_riskoff0,0.9339686149,1.0936843280,0.9432229303
1,2011-03-08,train,ret60_ret5_top5_riskoff0,0.9351442549,1.0978967346,0.9440573881
1,2011-03-09,train,ret60_ret5_top5_riskoff0,0.9349020223,1.0988503640,0.9444534019
1,2011-03-10,train,ret60_ret5_top5_riskoff0,0.9212474855,1.0876994207,0.9278773941
1,2011-03-11,train,ret60_ret5_top5_riskoff0,0.9162917606,1.0823270299,0.9185767263
1,2011-03-14,train,ret60_ret5_top5_riskoff0,0.9215948041,1.0901962220,0.9229724799
1,2011-03-15,train,ret60_ret5_top5_riskoff0,0.9127113774,1.0750296610,0.9062946400
1,2011-03-16,train,ret60_ret5_top5_riskoff0,0.9324101976,1.0897255013,0.9188086772
1,2011-03-17,train,ret60_ret5_top5_riskoff0,0.9101646387,1.0705767611,0.9043541721
1,2011-03-18,train,ret60_ret5_top5_riskoff0,0.9160534283,1.0766226637,0.9096126702
1,2011-03-21,train,ret60_ret5_top5_riskoff0,0.9120645327,1.0720089115,0.9071856711
1,2011-03-22,train,ret60_ret5_top5_riskoff0,0.9161176378,1.0743358140,0.9116691135
1,2011-03-23,train,ret60_ret5_top5_riskoff0,0.9289429942,1.0872399322,0.9235410426
1,2011-03-24,train,ret60_ret5_top5_riskoff0,0.9272088108,1.0866184834,0.9197025370
1,2011-03-25,train,ret60_ret5_top5_riskoff0,0.9433050024,1.0964857734,0.9318997632
1,2011-03-28,train,ret60_ret5_top5_riskoff0,0.9475580654,1.0934476442,0.9307937532
1,2011-03-29,train,ret60_ret5_top5_riskoff0,0.9308860106,1.0767989759,0.9215751168
1,2011-03-30,train,ret60_ret5_top5_riskoff0,0.9345698586,1.0717874068,0.9210376694
1,2011-03-31,train,ret60_ret5_top5_riskoff0,0.9198463089,1.0604759286,0.9117624596
1,2011-04-01,train,ret60_ret5_top5_riskoff0,0.9287782039,1.0733209873,0.9257474054
1,2011-04-06,train,ret60_ret5_top5_riskoff0,0.9323317998,1.0750884498,0.9365925272
1,2011-04-07,train,ret60_ret5_top5_riskoff0,0.9429891194,1.0817102924,0.9403688020
1,2011-04-08,train,ret60_ret5_top5_riskoff0,0.9528831875,1.0935268064,0.9485549738
1,2011-04-11,train,ret60_ret5_top5_riskoff0,0.9457258747,1.0870781801,0.9429174339
1,2011-04-12,train,ret60_ret5_top5_riskoff0,0.9437099909,1.0882661147,0.9410335395
1,2011-04-13,train,ret60_ret5_top5_riskoff0,0.9517983317,1.0997421513,0.9538361012
1,2011-04-14,train,ret60_ret5_top5_riskoff0,0.9477278485,1.0960301044,0.9486115472
1,2011-04-15,train,ret60_ret5_top5_riskoff0,0.9443197272,1.0952347386,0.9501333718
1,2011-04-18,train,ret60_ret5_top5_riskoff0,0.9453017878,1.0988922752,0.9502748053
1,2011-04-19,train,ret60_ret5_top5_riskoff0,0.9374969900,1.0851102071,0.9322759764
1,2011-04-20,train,ret60_ret5_top5_riskoff0,0.9430901599,1.0903010746,0.9322618330
1,2011-04-21,train,ret60_ret5_top5_riskoff0,0.9507404435,1.0979178298,0.9383745895
1,2011-04-22,train,ret60_ret5_top5_riskoff0,0.9464944639,1.0944236577,0.9334442172
1,2011-04-25,train,ret60_ret5_top5_riskoff0,0.9277169949,1.0741314052,0.9191962051
1,2011-04-26,train,ret60_ret5_top5_riskoff0,0.9128992700,1.0578733718,0.9139320497
1,2011-04-27,train,ret60_ret5_top5_riskoff0,0.9069368890,1.0487173480,0.9078617233
1,2011-04-28,train,ret60_ret5_top5_riskoff0,0.8819176074,1.0199490595,0.8943633088
1,2011-04-29,train,ret60_ret5_top5_riskoff0,0.8936790052,1.0348737613,0.9031152146
1,2011-05-03,train,ret60_ret5_top5_riskoff0,0.9057891953,1.0477050020,0.9083227965
1,2011-05-04,train,ret60_ret5_top5_riskoff0,0.8866209400,1.0249361065,0.8850994136
1,2011-05-05,train,ret60_ret5_top5_riskoff0,0.8853351582,1.0278279215,0.8842762706
1,2011-05-06,train,ret60_ret5_top5_riskoff0,0.8853351582,1.0307936893,0.8829411382
1,2011-05-09,train,ret60_ret5_top5_riskoff0,0.8853351582,1.0373301874,0.8853059065
1,2011-05-10,train,ret60_ret5_top5_riskoff0,0.8853351582,1.0437193624,0.8919419670
1,2011-05-11,train,ret60_ret5_top5_riskoff0,0.8853351582,1.0449011845,0.8896422581
1,2011-05-12,train,ret60_ret5_top5_riskoff0,0.8853351582,1.0301644321,0.8773403711
1,2011-05-13,train,ret60_ret5_top5_riskoff0,0.8853351582,1.0379978213,0.8848335186
1,2011-05-16,train,ret60_ret5_top5_riskoff0,0.8853351582,1.0340237714,0.8770179027
1,2011-05-17,train,ret60_ret5_top5_riskoff0,0.8853351582,1.0317859507,0.8814221423
1,2011-05-18,train,ret60_ret5_top5_riskoff0,0.8853351582,1.0388172857,0.8880270873
1,2011-05-19,train,ret60_ret5_top5_riskoff0,0.8853351582,1.0332957291,0.8827261593
1,2011-05-20,train,ret60_ret5_top5_riskoff0,0.8853351582,1.0309405821,0.8829977116
1,2011-05-23,train,ret60_ret5_top5_riskoff0,0.8853351582,0.9943119513,0.8551013654
1,2011-05-24,train,ret60_ret5_top5_riskoff0,0.8853351582,0.9941949188,0.8560178546
1,2011-05-25,train,ret60_ret5_top5_riskoff0,0.8853351582,0.9826346234,0.8458685856
1,2011-05-26,train,ret60_ret5_top5_riskoff0,0.8853351582,0.9754760772,0.8424854960
1,2011-05-27,train,ret60_ret5_top5_riskoff0,0.8853351582,0.9553496474,0.8382226899
1,2011-05-30,train,ret60_ret5_top5_riskoff0,0.8853351582,0.9435526356,0.8357334601
1,2011-05-31,train,ret60_ret5_top5_riskoff0,0.8853351582,0.9616633601,0.8490423537
1,2011-06-01,train,ret60_ret5_top5_riskoff0,0.8853351582,0.9694673800,0.8497806366
1,2011-06-02,train,ret60_ret5_top5_riskoff0,0.8853351582,0.9568475946,0.8360729005
1,2011-06-03,train,ret60_ret5_top5_riskoff0,0.8853351582,0.9705044642,0.8447399462
1,2011-06-07,train,ret60_ret5_top5_riskoff0,0.8853351582,0.9786725801,0.8498060947
1,2011-06-08,train,ret60_ret5_top5_riskoff0,0.8853351582,0.9833367477,0.8510478809
1,2011-06-09,train,ret60_ret5_top5_riskoff0,0.8853351582,0.9625214850,0.8349923484
1,2011-06-10,train,ret60_ret5_top5_riskoff0,0.8853351582,0.9642417813,0.8378323334
1,2011-06-13,train,ret60_ret5_top5_riskoff0,0.8853351582,0.9618817987,0.8345567332
1,2011-06-14,train,ret60_ret5_top5_riskoff0,0.8853351582,0.9762015716,0.8467794175
1,2011-06-15,train,ret60_ret5_top5_riskoff0,0.8853351582,0.9677928766,0.8381689452
1,2011-06-16,train,ret60_ret5_top5_riskoff0,0.8853351582,0.9487091939,0.8252871807
1,2011-06-17,train,ret60_ret5_top5_riskoff0,0.8853351582,0.9370383638,0.8180967009
1,2011-06-20,train,ret60_ret5_top5_riskoff0,0.8853351582,0.9260539066,0.8132144160
1,2011-06-21,train,ret60_ret5_top5_riskoff0,0.8853351582,0.9381261984,0.8228799823
1,2011-06-22,train,ret60_ret5_top5_riskoff0,0.8853351582,0.9372028039,0.8227413775
1,2011-06-23,train,ret60_ret5_top5_riskoff0,0.8853351582,0.9537798682,0.8366160052
1,2011-06-24,train,ret60_ret5_top5_riskoff0,0.8853351582,0.9754995562,0.8563714384
1,2011-06-27,train,ret60_ret5_top5_riskoff0,0.8853351582,0.9844779846,0.8589228989
1,2011-06-28,train,ret60_ret5_top5_riskoff0,0.8853351582,0.9868227142,0.8604051222
1,2011-06-29,train,ret60_ret5_top5_riskoff0,0.8853351582,0.9744026391,0.8486491685
1,2011-06-30,train,ret60_ret5_top5_riskoff0,0.8853351582,0.9887259499,0.8610726883
1,2011-07-01,train,ret60_ret5_top5_riskoff0,0.8853351582,0.9932147757,0.8626737157
1,2011-07-04,train,ret60_ret5_top5_riskoff0,0.8853351582,1.0158671772,0.8831052011
1,2011-07-05,train,ret60_ret5_top5_riskoff0,0.8853351582,1.0204786626,0.8832522919
1,2011-07-06,train,ret60_ret5_top5_riskoff0,0.8853351582,1.0220836848,0.8807658908
1,2011-07-07,train,ret60_ret5_top5_riskoff0,0.8853351582,1.0207992139,0.8773630004
1,2011-07-08,train,ret60_ret5_top5_riskoff0,0.8853351582,1.0209027499,0.8794845031
1,2011-07-11,train,ret60_ret5_top5_riskoff0,0.8853351582,1.0275058986,0.8806244572
1,2011-07-12,train,ret60_ret5_top5_riskoff0,0.8853351582,1.0119948692,0.8646990436
1,2011-07-13,train,ret60_ret5_top5_riskoff0,0.8853351582,1.0303296031,0.8786557027
1,2011-07-14,train,ret60_ret5_top5_riskoff0,0.8853351582,1.0378284584,0.8813429395
1,2011-07-15,train,ret60_ret5_top5_riskoff0,0.8853351582,1.0443186388,0.8850598122
1,2011-07-18,train,ret60_ret5_top5_riskoff0,0.8853351582,1.0448160801,0.8832805786
1,2011-07-19,train,ret60_ret5_top5_riskoff0,0.8853351582,1.0341235520,0.8755102214
1,2011-07-20,train,ret60_ret5_top5_riskoff0,0.8853351582,1.0340424889,0.8745032148
1,2011-07-21,train,ret60_ret5_top5_riskoff0,0.8853351582,1.0221323819,0.8653298371
1,2011-07-22,train,ret60_ret5_top5_riskoff0,0.8853351582,1.0265210825,0.8678332103
1,2011-07-25,train,ret60_ret5_top5_riskoff0,0.8853351582,0.9891683256,0.8396313677
1,2011-07-26,train,ret60_ret5_top5_riskoff0,0.8853351582,0.9936663965,0.8423129471
1,2011-07-27,train,ret60_ret5_top5_riskoff0,0.8853351582,1.0071381654,0.8486152245
1,2011-07-28,train,ret60_ret5_top5_riskoff0,0.8853351582,1.0028074645,0.8432266076
1,2011-07-29,train,ret60_ret5_top5_riskoff0,0.8853351582,0.9941834231,0.8407034337
1,2011-08-01,train,ret60_ret5_top5_riskoff0,0.8853351582,0.9980960858,0.8422988038
1,2011-08-02,train,ret60_ret5_top5_riskoff0,0.8853351582,0.9918514775,0.8362624214
1,2011-08-03,train,ret60_ret5_top5_riskoff0,0.8853351582,0.9933766985,0.8358352922
1,2011-08-04,train,ret60_ret5_top5_riskoff0,0.8853351582,0.9968053682,0.8373740888
1,2011-08-05,train,ret60_ret5_top5_riskoff0,0.8853351582,0.9765769886,0.8195845815
1,2011-08-08,train,ret60_ret5_top5_riskoff0,0.8853351582,0.9333637695,0.7903021868
1,2011-08-09,train,ret60_ret5_top5_riskoff0,0.8853351582,0.9314993737,0.7915156864
1,2011-08-10,train,ret60_ret5_top5_riskoff0,0.8853351582,0.9433059657,0.7988504284
1,2011-08-11,train,ret60_ret5_top5_riskoff0,0.8853351582,0.9596788149,0.8109571372
1,2011-08-12,train,ret60_ret5_top5_riskoff0,0.8853351582,0.9683263944,0.8133473635
1,2011-08-15,train,ret60_ret5_top5_riskoff0,0.8853351582,0.9807357138,0.8253720409
1,2011-08-16,train,ret60_ret5_top5_riskoff0,0.8853351582,0.9738533368,0.8196298402
1,2011-08-17,train,ret60_ret5_top5_riskoff0,0.8853351582,0.9704091400,0.8163570687
1,2011-08-18,train,ret60_ret5_top5_riskoff0,0.8853351582,0.9534109321,0.8017158714
1,2011-08-19,train,ret60_ret5_top5_riskoff0,0.8853351582,0.9449667485,0.7941944371
1,2011-08-22,train,ret60_ret5_top5_riskoff0,0.8853351582,0.9374060116,0.7857451990
1,2011-08-23,train,ret60_ret5_top5_riskoff0,0.8853351582,0.9524465194,0.7979678833
1,2011-08-24,train,ret60_ret5_top5_riskoff0,0.8853351582,0.9509961424,0.7948620033
1,2011-08-25,train,ret60_ret5_top5_riskoff0,0.8853351582,0.9727252716,0.8214005878
1,2011-08-26,train,ret60_ret5_top5_riskoff0,0.8853351582,0.9743217410,0.8206594762
1,2011-08-29,train,ret60_ret5_top5_riskoff0,0.8853351582,0.9652177830,0.8069658834
1,2011-08-30,train,ret60_ret5_top5_riskoff0,0.8853351582,0.9580593481,0.8038345454
1,2011-08-31,train,ret60_ret5_top5_riskoff0,0.8853351582,0.9560493126,0.8052601952
1,2011-09-01,train,ret60_ret5_top5_riskoff0,0.8853351582,0.9506296839,0.8017950742
1,2011-09-02,train,ret60_ret5_top5_riskoff0,0.8853351582,0.9396075446,0.7931167138
1,2011-09-05,train,ret60_ret5_top5_riskoff0,0.8853351582,0.9175176148,0.7761362061
1,2011-09-06,train,ret60_ret5_top5_riskoff0,0.8853351582,0.9102031777,0.7703317747
1,2011-09-07,train,ret60_ret5_top5_riskoff0,0.8853351582,0.9303624653,0.7861129262
1,2011-09-08,train,ret60_ret5_top5_riskoff0,0.8853351582,0.9219500998,0.7796126419
1,2011-09-09,train,ret60_ret5_top5_riskoff0,0.8853351582,0.9178156081,0.7781954781
1,2011-09-13,train,ret60_ret5_top5_riskoff0,0.8853351582,0.9049769170,0.7694775163
1,2011-09-14,train,ret60_ret5_top5_riskoff0,0.8853351582,0.9130874500,0.7731067003
1,2011-09-15,train,ret60_ret5_top5_riskoff0,0.8853351582,0.9138198075,0.7719582601
1,2011-09-16,train,ret60_ret5_top5_riskoff0,0.8853351582,0.9140208401,0.7733556233
1,2011-09-19,train,ret60_ret5_top5_riskoff0,0.8853351582,0.8961450399,0.7578771395
1,2011-09-20,train,ret60_ret5_top5_riskoff0,0.8853351582,0.8994911495,0.7608698727
1,2011-09-21,train,ret60_ret5_top5_riskoff0,0.8853351582,0.9256591371,0.7838273606
1,2011-09-22,train,ret60_ret5_top5_riskoff0,0.8853351582,0.8992137491,0.7596931458
1,2011-09-23,train,ret60_ret5_top5_riskoff0,0.8853351582,0.8925221688,0.7551078713
1,2011-09-26,train,ret60_ret5_top5_riskoff0,0.8853351582,0.8777406248,0.7385431782
1,2011-09-27,train,ret60_ret5_top5_riskoff0,0.8853351582,0.8828869359,0.7461692733
1,2011-09-28,train,ret60_ret5_top5_riskoff0,0.8853351582,0.8701968534,0.7384498321
1,2011-09-29,train,ret60_ret5_top5_riskoff0,0.8853351582,0.8487855536,0.7321136107
1,2011-09-30,train,ret60_ret5_top5_riskoff0,0.8853351582,0.8463478273,0.7301788002
1,2011-10-10,train,ret60_ret5_top5_riskoff0,0.8853351582,0.8405467228,0.7233136175
1,2011-10-11,train,ret60_ret5_top5_riskoff0,0.8853351582,0.8370424895,0.7218738243
1,2011-10-12,train,ret60_ret5_top5_riskoff0,0.8853351582,0.8653301466,0.7481153984
1,2011-10-13,train,ret60_ret5_top5_riskoff0,0.8853351582,0.8755695156,0.7531617462
1,2011-10-14,train,ret60_ret5_top5_riskoff0,0.8853351582,0.8714844305,0.7506668590
1,2011-10-17,train,ret60_ret5_top5_riskoff0,0.8853351582,0.8751960824,0.7543922178
1,2011-10-18,train,ret60_ret5_top5_riskoff0,0.8853351582,0.8503731156,0.7332507362
1,2011-10-19,train,ret60_ret5_top5_riskoff0,0.8853351582,0.8455136776,0.7306681602
1,2011-10-20,train,ret60_ret5_top5_riskoff0,0.8853351582,0.8220947814,0.7129748277
1,2011-10-21,train,ret60_ret5_top5_riskoff0,0.8853351582,0.8115023445,0.7093965598
1,2011-10-24,train,ret60_ret5_top5_riskoff0,0.8853351582,0.8275248915,0.7288549826
1,2011-10-25,train,ret60_ret5_top5_riskoff0,0.8853351582,0.8484973067,0.7426475788
1,2011-10-26,train,ret60_ret5_top5_riskoff0,0.8853351582,0.8574936175,0.7500643522
1,2011-10-27,train,ret60_ret5_top5_riskoff0,0.8853351582,0.8583293749,0.7517134670
1,2011-10-28,train,ret60_ret5_top5_riskoff0,0.8853351582,0.8761081024,0.7662924336
1,2011-10-31,train,ret60_ret5_top5_riskoff0,0.8853351582,0.8784267348,0.7624143266
1,2011-11-01,train,ret60_ret5_top5_riskoff0,0.8853351582,0.8788285650,0.7630422914
1,2011-11-02,train,ret60_ret5_top5_riskoff0,0.8853351582,0.8941302597,0.7757317063
1,2011-11-03,train,ret60_ret5_top5_riskoff0,0.8853351582,0.8981766297,0.7762719823
1,2011-11-04,train,ret60_ret5_top5_riskoff0,0.8853351582,0.9047793618,0.7817737460
1,2011-11-07,train,ret60_ret5_top5_riskoff0,0.8853351582,0.9004251549,0.7739949027
1,2011-11-08,train,ret60_ret5_top5_riskoff0,0.8853351582,0.8922945318,0.7715792183
1,2011-11-09,train,ret60_ret5_top5_riskoff0,0.8853351582,0.9034377475,0.7783510550
1,2011-11-10,train,ret60_ret5_top5_riskoff0,0.8853351582,0.8901139828,0.7636249975
1,2011-11-11,train,ret60_ret5_top5_riskoff0,0.8853351582,0.8897395226,0.7623266379
1,2011-11-14,train,ret60_ret5_top5_riskoff0,0.8853351582,0.9092879422,0.7779408978
1,2011-11-15,train,ret60_ret5_top5_riskoff0,0.8853351582,0.9134476324,0.7763794718
1,2011-11-16,train,ret60_ret5_top5_riskoff0,0.8853351582,0.8908337124,0.7552889062
1,2011-11-17,train,ret60_ret5_top5_riskoff0,0.8853351582,0.8900563948,0.7529976833
1,2011-11-18,train,ret60_ret5_top5_riskoff0,0.8853351582,0.8668757276,0.7372929060
1,2011-11-21,train,ret60_ret5_top5_riskoff0,0.8853351582,0.8668777403,0.7381952518
1,2011-11-22,train,ret60_ret5_top5_riskoff0,0.8853351582,0.8664713921,0.7381358497
1,2011-11-23,train,ret60_ret5_top5_riskoff0,0.8853351582,0.8621352151,0.7309312265
1,2011-11-24,train,ret60_ret5_top5_riskoff0,0.8853351582,0.8622261620,0.7323201036
1,2011-11-25,train,ret60_ret5_top5_riskoff0,0.8853351582,0.8563695959,0.7269597735
1,2011-11-28,train,ret60_ret5_top5_riskoff0,0.8853351582,0.8567265163,0.7279073780
1,2011-11-29,train,ret60_ret5_top5_riskoff0,0.8853351582,0.8689791433,0.7378784407
1,2011-11-30,train,ret60_ret5_top5_riskoff0,0.8853351582,0.8353449280,0.7132548660
1,2011-12-01,train,ret60_ret5_top5_riskoff0,0.8853351582,0.8519579681,0.7308180797
1,2011-12-02,train,ret60_ret5_top5_riskoff0,0.8853351582,0.8368155769,0.7233786769
1,2011-12-05,train,ret60_ret5_top5_riskoff0,0.8853351582,0.8149287358,0.7132180933
1,2011-12-06,train,ret60_ret5_top5_riskoff0,0.8853351582,0.8143563576,0.7117896148
1,2011-12-07,train,ret60_ret5_top5_riskoff0,0.8853351582,0.8168493252,0.7151529038
1,2011-12-08,train,ret60_ret5_top5_riskoff0,0.8853351582,0.8168442740,0.7142392433
1,2011-12-09,train,ret60_ret5_top5_riskoff0,0.8853351582,0.8087079204,0.7081462875
1,2011-12-12,train,ret60_ret5_top5_riskoff0,0.8853351582,0.7987980655,0.7008568042
1,2011-12-13,train,ret60_ret5_top5_riskoff0,0.8853351582,0.7747474537,0.6850841388
1,2011-12-14,train,ret60_ret5_top5_riskoff0,0.8853351582,0.7623592859,0.6781680400
1,2011-12-15,train,ret60_ret5_top5_riskoff0,0.8853351582,0.7438750844,0.6621323082
1,2011-12-16,train,ret60_ret5_top5_riskoff0,0.8853351582,0.7624002471,0.6760889673
1,2011-12-19,train,ret60_ret5_top5_riskoff0,0.8853351582,0.7628865691,0.6744709679
1,2011-12-20,train,ret60_ret5_top5_riskoff0,0.8853351582,0.7605118956,0.6723947240
1,2011-12-21,train,ret60_ret5_top5_riskoff0,0.8853351582,0.7451882823,0.6616570916
1,2011-12-22,train,ret60_ret5_top5_riskoff0,0.8853351582,0.7386256885,0.6622878851
1,2011-12-23,train,ret60_ret5_top5_riskoff0,0.8853351582,0.7448206553,0.6673285755
1,2011-12-26,train,ret60_ret5_top5_riskoff0,0.8853351582,0.7398964709,0.6606925151
1,2011-12-27,train,ret60_ret5_top5_riskoff0,0.8853351582,0.7228440173,0.6520169833
1,2011-12-28,train,ret60_ret5_top5_riskoff0,0.8853351582,0.7202848197,0.6528372977
1,2011-12-29,train,ret60_ret5_top5_riskoff0,0.8853351582,0.7216289783,0.6538075316
1,2011-12-30,train,ret60_ret5_top5_riskoff0,0.8853351582,0.7334888078,0.6635325000
1,2012-01-04,train,ret60_ret5_top5_riskoff0,0.8853351582,0.7172990066,0.6502405784
1,2012-01-05,train,ret60_ret5_top5_riskoff0,0.8853351582,0.6958684492,0.6439156717
1,2012-01-06,train,ret60_ret5_top5_riskoff0,0.8853351582,0.6986791701,0.6479352121
1,2012-01-09,train,ret60_ret5_top5_riskoff0,0.8853351582,0.7251736101,0.6699903542
1,2012-01-10,train,ret60_ret5_top5_riskoff0,0.8853351582,0.7529732432,0.6922746186
1,2012-01-11,train,ret60_ret5_top5_riskoff0,0.8853351582,0.7522680832,0.6889537597
1,2012-01-12,train,ret60_ret5_top5_riskoff0,0.8853351582,0.7504211085,0.6888434416
1,2012-01-13,train,ret60_ret5_top5_riskoff0,0.8853351582,0.7282907535,0.6772770089
1,2012-01-16,train,ret60_ret5_top5_riskoff0,0.8853351582,0.7074565781,0.6635070420
1,2012-01-17,train,ret60_ret5_top5_riskoff0,0.8853351582,0.7441505089,0.6960226067
1,2012-01-18,train,ret60_ret5_top5_riskoff0,0.8853351582,0.7287793316,0.6851576842
1,2012-01-19,train,ret60_ret5_top5_riskoff0,0.8853351582,0.7376587177,0.6982148262
1,2012-01-20,train,ret60_ret5_top5_riskoff0,0.8853351582,0.7478509610,0.7083244937
1,2012-01-30,train,ret60_ret5_top5_riskoff0,0.8853351582,0.7409535613,0.6960565508
1,2012-01-31,train,ret60_ret5_top5_riskoff0,0.8853351582,0.7418137526,0.6970579001
1,2012-02-01,train,ret60_ret5_top5_riskoff0,0.8853351582,0.7356343000,0.6870811800
1,2012-02-02,train,ret60_ret5_top5_riskoff0,0.8853351582,0.7497234835,0.7032753173
1,2012-02-03,train,ret60_ret5_top5_riskoff0,0.8853351582,0.7592090063,0.7088902278
1,2012-02-06,test,ret60_ret5_top5_riskoff0,1.0000000000,1.0000000000,1.0000000000
1,2012-02-07,test,ret60_ret5_top5_riskoff0,1.0000000000,0.9831493617,0.9814839957
1,2012-02-08,test,ret60_ret5_top5_riskoff0,1.0000000000,1.0087444410,1.0095514950
1,2012-02-09,test,ret60_ret5_top5_riskoff0,1.0000000000,1.0137168989,1.0099468119
1,2012-02-10,test,ret60_ret5_top5_riskoff0,1.0000000000,1.0185760269,1.0116997828
1,2012-02-13,test,ret60_ret5_top5_riskoff0,1.0000000000,1.0261268886,1.0110449144
1,2012-02-14,test,ret60_ret5_top5_riskoff0,1.0000000000,1.0255163910,1.0071037248
1,2012-02-15,test,ret60_ret5_top5_riskoff0,1.0000000000,1.0410947409,1.0180847496
1,2012-02-16,test,ret60_ret5_top5_riskoff0,1.0000000000,1.0392094721,1.0126780923
1,2012-02-17,test,ret60_ret5_top5_riskoff0,1.0000000000,1.0371557749,1.0130853884
1,2012-02-20,test,ret60_ret5_top5_riskoff0,1.0000000000,1.0392690204,1.0145308906
1,2012-02-21,test,ret60_ret5_top5_riskoff0,1.0000000000,1.0503002955,1.0232118899
1,2012-02-22,test,ret60_ret5_top5_riskoff0,1.0000000000,1.0686129471,1.0371997189
1,2012-02-23,test,ret60_ret5_top5_riskoff0,1.0000000000,1.0719287913,1.0407056606
1,2012-02-24,test,ret60_ret5_top5_riskoff0,1.0000000000,1.0859988390,1.0573808459
1,2012-02-27,test,ret60_ret5_top5_riskoff0,1.0000000000,1.0898430242,1.0607949463
1,2012-02-28,test,ret60_ret5_top5_riskoff0,1.0000000000,1.0863759504,1.0631468822
1,2012-02-29,test,ret60_ret5_top5_riskoff0,0.9990000000,1.0739490045,1.0518384232
1,2012-03-01,test,ret60_ret5_top5_riskoff0,1.0028864689,1.0781708807,1.0515229683
1,2012-03-02,test,ret60_ret5_top5_riskoff0,1.0278348206,1.0980291680,1.0701228278
1,2012-03-05,test,ret60_ret5_top5_riskoff0,1.0242739173,1.0966014185,1.0632427166
1,2012-03-06,test,ret60_ret5_top5_riskoff0,1.0113354594,1.0845877112,1.0466114554
1,2012-03-07,test,ret60_ret5_top5_riskoff0,0.9998059903,1.0785218118,1.0394039100
1,2012-03-08,test,ret60_ret5_top5_riskoff0,1.0158810460,1.0926775466,1.0524972847
1,2012-03-09,test,ret60_ret5_top5_riskoff0,1.0266257744,1.1072126829,1.0638816126
1,2012-03-12,test,ret60_ret5_top5_riskoff0,1.0212579434,1.1104570436,1.0599284436
1,2012-03-13,test,ret60_ret5_top5_riskoff0,1.0298479610,1.1208856592,1.0705780411
1,2012-03-14,test,ret60_ret5_top5_riskoff0,0.9923406147,1.0781872261,1.0402464541
1,2012-03-15,test,ret60_ret5_top5_riskoff0,0.9779488929,1.0672864812,1.0324359507
1,2012-03-16,test,ret60_ret5_top5_riskoff0,0.9934324189,1.0906242100,1.0475977511
1,2012-03-19,test,ret60_ret5_top5_riskoff0,1.0010720465,1.1015239231,1.0501892729
1,2012-03-20,test,ret60_ret5_top5_riskoff0,0.9872872990,1.0798976035,1.0319967097
1,2012-03-21,test,ret60_ret5_top5_riskoff0,0.9945482277,1.0815666526,1.0333304051
1,2012-03-22,test,ret60_ret5_top5_riskoff0,0.9927538806,1.0784550098,1.0317171927
1,2012-03-23,test,ret60_ret5_top5_riskoff0,0.9757575239,1.0605663483,1.0194144518
1,2012-03-26,test,ret60_ret5_top5_riskoff0,0.9752225104,1.0598911995,1.0204127268
1,2012-03-27,test,ret60_ret5_top5_riskoff0,0.9755968055,1.0567339794,1.0170984539
1,2012-03-28,test,ret60_ret5_top5_riskoff0,0.9404821233,1.0151300184,0.9882523000
1,2012-03-29,test,ret60_ret5_top5_riskoff0,0.9404821233,0.9990875549,0.9755622285
1,2012-03-30,test,ret60_ret5_top5_riskoff0,0.9404821233,0.9977240848,0.9802661002
1,2012-04-05,test,ret60_ret5_top5_riskoff0,0.9404821233,1.0263213045,1.0033981280
1,2012-04-06,test,ret60_ret5_top5_riskoff0,0.9404821233,1.0320016095,1.0061932980
1,2012-04-09,test,ret60_ret5_top5_riskoff0,0.9404821233,1.0215945739,0.9963383274
1,2012-04-10,test,ret60_ret5_top5_riskoff0,0.9404821233,1.0323845622,1.0061773256
1,2012-04-11,test,ret60_ret5_top5_riskoff0,0.9404821233,1.0358977203,1.0062771531
1,2012-04-12,test,ret60_ret5_top5_riskoff0,0.9404821233,1.0554210857,1.0264023767
1,2012-04-13,test,ret60_ret5_top5_riskoff0,0.9404821233,1.0626145375,1.0303994697
1,2012-04-16,test,ret60_ret5_top5_riskoff0,0.9404821233,1.0637026738,1.0278398927
1,2012-04-17,test,ret60_ret5_top5_riskoff0,0.9404821233,1.0500764060,1.0149980833
1,2012-04-18,test,ret60_ret5_top5_riskoff0,0.9404821233,1.0726786961,1.0381700422
1,2012-04-19,test,ret60_ret5_top5_riskoff0,0.9404821233,1.0697876379,1.0366326987
1,2012-04-20,test,ret60_ret5_top5_riskoff0,0.9404821233,1.0785055981,1.0489234603
1,2012-04-23,test,ret60_ret5_top5_riskoff0,0.9404821233,1.0656130270,1.0406178124
1,2012-04-24,test,ret60_ret5_top5_riskoff0,0.9404821233,1.0577073083,1.0401506197
1,2012-04-25,test,ret60_ret5_top5_riskoff0,0.9404821233,1.0711745760,1.0485840468
1,2012-04-26,test,ret60_ret5_top5_riskoff0,0.9404821233,1.0685878259,1.0507802517
1,2012-04-27,test,ret60_ret5_top5_riskoff0,0.9404821233,1.0628510201,1.0486519295
1,2012-05-02,test,ret60_ret5_top5_riskoff0,0.9395416412,1.0781492372,1.0715443713
1,2012-05-03,test,ret60_ret5_top5_riskoff0,0.9359859988,1.0807484055,1.0747508306
1,2012-05-04,test,ret60_ret5_top5_riskoff0,0.9470321765,1.0913593396,1.0844780220
1,2012-05-07,test,ret60_ret5_top5_riskoff0,0.9550317132,1.0989737866,1.0852367110
1,2012-05-08,test,ret60_ret5_top5_riskoff0,0.9546773109,1.0982911734,1.0817786864
1,2012-05-09,test,ret60_ret5_top5_riskoff0,0.9398805360,1.0789672548,1.0611702977
1,2012-05-10,test,ret60_ret5_top5_riskoff0,0.9415893149,1.0812555889,1.0610505047
1,2012-05-11,test,ret60_ret5_top5_riskoff0,0.9353453195,1.0743940831,1.0529485050
1,2012-05-14,test,ret60_ret5_top5_riskoff0,0.9347333900,1.0693037399,1.0444072642
1,2012-05-15,test,ret60_ret5_top5_riskoff0,0.9413900821,1.0694277087,1.0451419946
1,2012-05-16,test,ret60_ret5_top5_riskoff0,0.9284418706,1.0557393663,1.0280834718
1,2012-05-17,test,ret60_ret5_top5_riskoff0,0.9439733107,1.0704631583,1.0437723614
1,2012-05-18,test,ret60_ret5_top5_riskoff0,0.9281871649,1.0547227402,1.0278159341
1,2012-05-21,test,ret60_ret5_top5_riskoff0,0.9254061834,1.0551434122,1.0331067915
1,2012-05-22,test,ret60_ret5_top5_riskoff0,0.9409905672,1.0695693834,1.0491949911
1,2012-05-23,test,ret60_ret5_top5_riskoff0,0.9413104771,1.0660535315,1.0449423396
1,2012-05-24,test,ret60_ret5_top5_riskoff0,0.9342656281,1.0579203390,1.0363132507
1,2012-05-25,test,ret60_ret5_top5_riskoff0,0.9218312817,1.0463672106,1.0274645413
1,2012-05-28,test,ret60_ret5_top5_riskoff0,0.9325304850,1.0604270938,1.0440718439
1,2012-05-29,test,ret60_ret5_top5_riskoff0,0.9469523440,1.0755603476,1.0585108932
1,2012-05-30,test,ret60_ret5_top5_riskoff0,0.9472705276,1.0752581256,1.0550808203
1,2012-05-31,test,ret60_ret5_top5_riskoff0,0.9472705276,1.0756670347,1.0509998722
1,2012-06-01,test,ret60_ret5_top5_riskoff0,0.9472705276,1.0743228441,1.0513832098
1,2012-06-04,test,ret60_ret5_top5_riskoff0,0.9472705276,1.0426406254,1.0218462497
1,2012-06-05,test,ret60_ret5_top5_riskoff0,0.9472705276,1.0415823503,1.0217703808
1,2012-06-06,test,ret60_ret5_top5_riskoff0,0.9472705276,1.0387302720,1.0211953744
1,2012-06-07,test,ret60_ret5_top5_riskoff0,0.9472705276,1.0331595295,1.0151178763
1,2012-06-08,test,ret60_ret5_top5_riskoff0,0.9472705276,1.0278144538,1.0079901929
1,2012-06-11,test,ret60_ret5_top5_riskoff0,0.9472705276,1.0432039883,1.0215387810
1,2012-06-12,test,ret60_ret5_top5_riskoff0,0.9472705276,1.0368612776,1.0143192563
1,2012-06-13,test,ret60_ret5_top5_riskoff0,0.9472705276,1.0540697991,1.0304753386
1,2012-06-14,test,ret60_ret5_top5_riskoff0,0.9472705276,1.0483586734,1.0224012906
1,2012-06-15,test,ret60_ret5_top5_riskoff0,0.9472705276,1.0489950193,1.0254480258
1,2012-06-18,test,ret60_ret5_top5_riskoff0,0.9472705276,1.0571970006,1.0307029453
1,2012-06-19,test,ret60_ret5_top5_riskoff0,0.9472705276,1.0486810211,1.0216825326
1,2012-06-20,test,ret60_ret5_top5_riskoff0,0.9472705276,1.0461149374,1.0192826795
1,2012-06-21,test,ret60_ret5_top5_riskoff0,0.9472705276,1.0313402268,1.0031425696
1,2012-06-25,test,ret60_ret5_top5_riskoff0,0.9472705276,1.0063967953,0.9809129824
1,2012-06-26,test,ret60_ret5_top5_riskoff0,0.9472705276,1.0060241546,0.9802740864
1,2012-06-27,test,ret60_ret5_top5_riskoff0,0.9472705276,1.0025658152,0.9771914132
1,2012-06-28,test,ret60_ret5_top5_riskoff0,0.9472705276,0.9903813540,0.9686182277
1,2012-06-29,test,ret60_ret5_top5_riskoff0,0.9472705276,1.0029222101,0.9829454702
1,2012-07-02,test,ret60_ret5_top5_riskoff0,0.9472705276,1.0107353712,0.9843949655
1,2012-07-03,test,ret60_ret5_top5_riskoff0,0.9472705276,1.0138336248,0.9857845643
1,2012-07-04,test,ret60_ret5_top5_riskoff0,0.9472705276,1.0108573683,0.9842671863
1,2012-07-05,test,ret60_ret5_top5_riskoff0,0.9472705276,0.9915978964,0.9704710261
1,2012-07-06,test,ret60_ret5_top5_riskoff0,0.9472705276,1.0099569592,0.9873378801
1,2012-07-09,test,ret60_ret5_top5_riskoff0,0.9472705276,0.9882296157,0.9647489139
1,2012-07-10,test,ret60_ret5_top5_riskoff0,0.9472705276,0.9808033844,0.9610233516
1,2012-07-11,test,ret60_ret5_top5_riskoff0,0.9472705276,0.9880779594,0.9685543381
1,2012-07-12,test,ret60_ret5_top5_riskoff0,0.9472705276,1.0000871796,0.9779820470
1,2012-07-13,test,ret60_ret5_top5_riskoff0,0.9472705276,0.9960176978,0.9785610465
1,2012-07-16,test,ret60_ret5_top5_riskoff0,0.9472705276,0.9643350264,0.9582361679
1,2012-07-17,test,ret60_ret5_top5_riskoff0,0.9472705276,0.9700167038,0.9640141835
1,2012-07-18,test,ret60_ret5_top5_riskoff0,0.9472705276,0.9752630408,0.9640700869
1,2012-07-19,test,ret60_ret5_top5_riskoff0,0.9472705276,0.9839369820,0.9680552006
1,2012-07-20,test,ret60_ret5_top5_riskoff0,0.9472705276,0.9767570271,0.9577290442
1,2012-07-23,test,ret60_ret5_top5_riskoff0,0.9472705276,0.9666979113,0.9445398352
1,2012-07-24,test,ret60_ret5_top5_riskoff0,0.9472705276,0.9731447202,0.9487565487
1,2012-07-25,test,ret60_ret5_top5_riskoff0,0.9472705276,0.9659397110,0.9424035267
1,2012-07-26,test,ret60_ret5_top5_riskoff0,0.9472705276,0.9590923396,0.9373762139
1,2012-07-27,test,ret60_ret5_top5_riskoff0,0.9472705276,0.9557551645,0.9380230961
1,2012-07-30,test,ret60_ret5_top5_riskoff0,0.9472705276,0.9405786205,0.9327042870
1,2012-07-31,test,ret60_ret5_top5_riskoff0,0.9472705276,0.9294935276,0.9315582673
1,2012-08-01,test,ret60_ret5_top5_riskoff0,0.9472705276,0.9419381975,0.9418325134
1,2012-08-02,test,ret60_ret5_top5_riskoff0,0.9472705276,0.9347722238,0.9323409149
1,2012-08-03,test,ret60_ret5_top5_riskoff0,0.9472705276,0.9501662395,0.9398719014
1,2012-08-06,test,ret60_ret5_top5_riskoff0,0.9472705276,0.9694882629,0.9525979108
1,2012-08-07,test,ret60_ret5_top5_riskoff0,0.9472705276,0.9772879574,0.9538996614
2,2010-07-13,train,ret60_ret5_top5_riskoff0,1.0000000000,1.0000000000,1.0000000000
2,2010-07-14,train,ret60_ret5_top5_riskoff0,1.0000000000,1.0091350949,1.0072193396
2,2010-07-15,train,ret60_ret5_top5_riskoff0,1.0000000000,0.9891396015,0.9901047222
2,2010-07-16,train,ret60_ret5_top5_riskoff0,1.0000000000,0.9934296507,0.9929932172
2,2010-07-19,train,ret60_ret5_top5_riskoff0,1.0000000000,1.0173824129,1.0181736058
2,2010-07-20,train,ret60_ret5_top5_riskoff0,1.0000000000,1.0441782790,1.0405793691
2,2010-07-21,train,ret60_ret5_top5_riskoff0,1.0000000000,1.0480105210,1.0427960328
2,2010-07-22,train,ret60_ret5_top5_riskoff0,1.0000000000,1.0608671933,1.0556822883
2,2010-07-23,train,ret60_ret5_top5_riskoff0,1.0000000000,1.0624678840,1.0601573679
2,2010-07-26,train,ret60_ret5_top5_riskoff0,1.0000000000,1.0742588200,1.0669781636
2,2010-07-27,train,ret60_ret5_top5_riskoff0,1.0000000000,1.0720745233,1.0611594214
2,2010-07-28,train,ret60_ret5_top5_riskoff0,1.0000000000,1.0963023791,1.0869698891
2,2010-07-29,train,ret60_ret5_top5_riskoff0,1.0000000000,1.1030455924,1.0923824959
2,2010-07-30,train,ret60_ret5_top5_riskoff0,1.0000000000,1.1022536698,1.0889170611
2,2010-08-02,train,ret60_ret5_top5_riskoff0,1.0000000000,1.1212108529,1.1072956323
2,2010-08-03,train,ret60_ret5_top5_riskoff0,1.0000000000,1.1027217767,1.0878239119
2,2010-08-04,train,ret60_ret5_top5_riskoff0,1.0000000000,1.1118018641,1.0917941691
2,2010-08-05,train,ret60_ret5_top5_riskoff0,1.0000000000,1.1121389760,1.0820772872
2,2010-08-06,train,ret60_ret5_top5_riskoff0,1.0000000000,1.1329076271,1.0998523489
2,2010-08-09,train,ret60_ret5_top5_riskoff0,1.0000000000,1.1447142921,1.1076638111
2,2010-08-10,train,ret60_ret5_top5_riskoff0,1.0000000000,1.1075218892,1.0751729871
2,2010-08-11,train,ret60_ret5_top5_riskoff0,1.0000000000,1.1183112305,1.0818419564
2,2010-08-12,train,ret60_ret5_top5_riskoff0,1.0000000000,1.1039463474,1.0690050444
2,2010-08-13,train,ret60_ret5_top5_riskoff0,1.0000000000,1.1220372431,1.0838688373
2,2010-08-16,train,ret60_ret5_top5_riskoff0,1.0000000000,1.1469696587,1.1091213434
2,2010-08-17,train,ret60_ret5_top5_riskoff0,1.0000000000,1.1558805487,1.1167923662
2,2010-08-18,train,ret60_ret5_top5_riskoff0,1.0000000000,1.1549181739,1.1149211073
2,2010-08-19,train,ret60_ret5_top5_riskoff0,1.0000000000,1.1590359161,1.1217684725
2,2010-08-20,train,ret60_ret5_top5_riskoff0,1.0000000000,1.1341156063,1.1001066580
2,2010-08-23,train,ret60_ret5_top5_riskoff0,1.0000000000,1.1389043976,1.0992943874
2,2010-08-24,train,ret60_ret5_top5_riskoff0,1.0000000000,1.1511720806,1.1052307949
2,2010-08-25,train,ret60_ret5_top5_riskoff0,1.0000000000,1.1273985445,1.0791128790
2,2010-08-26,train,ret60_ret5_top5_riskoff0,1.0000000000,1.1343050043,1.0817964085
2,2010-08-27,train,ret60_ret5_top5_riskoff0,1.0000000000,1.1405637907,1.0850151257
2,2010-08-30,train,ret60_ret5_top5_riskoff0,1.0000000000,1.1682754903,1.1064378139
2,2010-08-31,train,ret60_ret5_top5_riskoff0,1.0000000000,1.1716008579,1.1019513473
2,2010-09-01,train,ret60_ret5_top5_riskoff0,1.0000000000,1.1596561968,1.0946826641
2,2010-09-02,train,ret60_ret5_top5_riskoff0,1.0000000000,1.1795276456,1.1088594430
2,2010-09-03,train,ret60_ret5_top5_riskoff0,1.0000000000,1.1859620553,1.1084115555
2,2010-09-06,train,ret60_ret5_top5_riskoff0,1.0000000000,1.1940028039,1.1292421212
2,2010-09-07,train,ret60_ret5_top5_riskoff0,1.0000000000,1.2016409462,1.1322862381
2,2010-09-08,train,ret60_ret5_top5_riskoff0,1.0000000000,1.2085184336,1.1314739675
2,2010-09-09,train,ret60_ret5_top5_riskoff0,1.0000000000,1.1890521781,1.1107838411
2,2010-09-10,train,ret60_ret5_top5_riskoff0,1.0000000000,1.1948357665,1.1130953962
2,2010-09-13,train,ret60_ret5_top5_riskoff0,1.0000000000,1.2140857545,1.1243950672
2,2010-09-14,train,ret60_ret5_top5_riskoff0,1.0000000000,1.2183819233,1.1254160989
2,2010-09-15,train,ret60_ret5_top5_riskoff0,1.0000000000,1.1991094368,1.1057470043
2,2010-09-16,train,ret60_ret5_top5_riskoff0,1.0000000000,1.1729155822,1.0847190644
2,2010-09-17,train,ret60_ret5_top5_riskoff0,1.0000000000,1.1739477040,1.0860779097
2,2010-09-20,train,ret60_ret5_top5_riskoff0,1.0000000000,1.1656137449,1.0816977215
2,2010-09-21,train,ret60_ret5_top5_riskoff0,1.0000000000,1.1649886147,1.0846013991
2,2010-09-27,train,ret60_ret5_top5_riskoff0,1.0000000000,1.1904812734,1.1026497482
2,2010-09-28,train,ret60_ret5_top5_riskoff0,1.0000000000,1.1836330600,1.0934946235
2,2010-09-29,train,ret60_ret5_top5_riskoff0,1.0000000000,1.1745446365,1.0911792727
2,2010-09-30,train,ret60_ret5_top5_riskoff0,1.0000000000,1.1933427478,1.1142416847
2,2010-10-08,train,ret60_ret5_top5_riskoff0,0.9990000000,1.2264119329,1.1554852937
2,2010-10-11,train,ret60_ret5_top5_riskoff0,1.0002666261,1.2435088378,1.1891413844
2,2010-10-12,train,ret60_ret5_top5_riskoff0,0.9966998695,1.2540417813,1.2042594863
2,2010-10-13,train,ret60_ret5_top5_riskoff0,0.9944063923,1.2638382032,1.2212830080
2,2010-10-14,train,ret60_ret5_top5_riskoff0,0.9633487211,1.2414322669,1.2237729590
2,2010-10-15,train,ret60_ret5_top5_riskoff0,0.9614720452,1.2554893503,1.2630731917
2,2010-10-18,train,ret60_ret5_top5_riskoff0,0.9535347320,1.2429787370,1.2549049378
2,2010-10-19,train,ret60_ret5_top5_riskoff0,0.9824706133,1.2769159685,1.2812885496
2,2010-10-20,train,ret60_ret5_top5_riskoff0,0.9991199384,1.2816635429,1.2893391382
2,2010-10-21,train,ret60_ret5_top5_riskoff0,1.0038730438,1.2861546108,1.2809165753
2,2010-10-22,train,ret60_ret5_top5_riskoff0,1.0129116465,1.2952628490,1.2824234511
2,2010-10-25,train,ret60_ret5_top5_riskoff0,1.0408385624,1.3293256738,1.3212985702
2,2010-10-26,train,ret60_ret5_top5_riskoff0,1.0445905298,1.3318881654,1.3156050847
2,2010-10-27,train,ret60_ret5_top5_riskoff0,1.0315311566,1.3161522505,1.2919923024
2,2010-10-28,train,ret60_ret5_top5_riskoff0,1.0300986460,1.3145099717,1.2896465864
2,2010-10-29,train,ret60_ret5_top5_riskoff0,1.0386414734,1.3209186705,1.2829244778
2,2010-11-01,train,ret60_ret5_top5_riskoff0,1.0640877837,1.3554748048,1.3182316793
2,2010-11-02,train,ret60_ret5_top5_riskoff0,1.0571888413,1.3489752116,1.3144853658
2,2010-11-03,train,ret60_ret5_top5_riskoff0,1.0545597573,1.3306042975,1.2982437495
2,2010-11-04,train,ret60_ret5_top5_riskoff0,1.0831807664,1.3586034646,1.3210784221
2,2010-11-05,train,ret60_ret5_top5_riskoff0,1.0902547763,1.3764435895,1.3363749198
2,2010-11-08,train,ret60_ret5_top5_riskoff0,1.1043551702,1.4007493269,1.3469154593
2,2010-11-09,train,ret60_ret5_top5_riskoff0,1.0982511789,1.4007890695,1.3375705518
2,2010-11-10,train,ret60_ret5_top5_riskoff0,1.0947134106,1.4006496047,1.3281421398
2,2010-11-11,train,ret60_ret5_top5_riskoff0,1.1022333120,1.3970430922,1.3322680189
2,2010-11-12,train,ret60_ret5_top5_riskoff0,1.0360372392,1.3157355723,1.2494657613
2,2010-11-15,train,ret60_ret5_top5_riskoff0,1.0414375885,1.3411791114,1.2582185463
2,2010-11-16,train,ret60_ret5_top5_riskoff0,0.9905819315,1.2928451177,1.2030486717
2,2010-11-17,train,ret60_ret5_top5_riskoff0,0.9622229872,1.2541985726,1.1781377748
2,2010-11-18,train,ret60_ret5_top5_riskoff0,0.9830062134,1.2712149655,1.1948576439
2,2010-11-19,train,ret60_ret5_top5_riskoff0,0.9964267649,1.2983535299,1.2065824284
2,2010-11-22,train,ret60_ret5_top5_riskoff0,0.9994782068,1.3089211044,1.2039596294
2,2010-11-23,train,ret60_ret5_top5_riskoff0,0.9733854025,1.2872858725,1.1793789546
2,2010-11-24,train,ret60_ret5_top5_riskoff0,1.0006516358,1.3154919767,1.2058954145
2,2010-11-25,train,ret60_ret5_top5_riskoff0,1.0158239923,1.3304608344,1.2235224456
2,2010-11-26,train,ret60_ret5_top5_riskoff0,1.0049132827,1.3208772658,1.2126554796
2,2010-11-29,train,ret60_ret5_top5_riskoff0,1.0008422512,1.3223270338,1.2108335642
2,2010-11-30,train,ret60_ret5_top5_riskoff0,0.9906713255,1.2932423522,1.1906938081
2,2010-12-01,train,ret60_ret5_top5_riskoff0,0.9907123640,1.2935045620,1.1903256294
2,2010-12-02,train,ret60_ret5_top5_riskoff0,0.9963002135,1.3001323905,1.1975525604
2,2010-12-03,train,ret60_ret5_top5_riskoff0,0.9926644681,1.2957779355,1.1987292140
2,2010-12-06,train,ret60_ret5_top5_riskoff0,0.9788361806,1.2857885224,1.2015417959
2,2010-12-07,train,ret60_ret5_top5_riskoff0,0.9968195855,1.3008490577,1.2147392953
2,2010-12-08,train,ret60_ret5_top5_riskoff0,0.9957762746,1.2946028855,1.2039368554
2,2010-12-09,train,ret60_ret5_top5_riskoff0,0.9822761986,1.2727941087,1.1855241233
2,2010-12-10,train,ret60_ret5_top5_riskoff0,1.0003187715,1.2879201109,1.2001791550
2,2010-12-13,train,ret60_ret5_top5_riskoff0,1.0336488704,1.3273392789,1.2377865247
2,2010-12-14,train,ret60_ret5_top5_riskoff0,1.0427965620,1.3398109645,1.2409786722
2,2010-12-15,train,ret60_ret5_top5_riskoff0,1.0347372444,1.3324921611,1.2326927530
2,2010-12-16,train,ret60_ret5_top5_riskoff0,1.0321922431,1.3300992665,1.2262515230
2,2010-12-17,train,ret60_ret5_top5_riskoff0,1.0342944220,1.3316048874,1.2243498988
2,2010-12-20,train,ret60_ret5_top5_riskoff0,1.0204434424,1.3151126708,1.2065103109
2,2010-12-21,train,ret60_ret5_top5_riskoff0,1.0297683609,1.3332235409,1.2334025408
2,2010-12-22,train,ret60_ret5_top5_riskoff0,1.0213609053,1.3229503966,1.2204745330
2,2010-12-23,train,ret60_ret5_top5_riskoff0,1.0002629861,1.3028906326,1.2102869896
2,2010-12-24,train,ret60_ret5_top5_riskoff0,0.9816151918,1.2857094342,1.2005511294
2,2010-12-27,train,ret60_ret5_top5_riskoff0,0.9536035070,1.2538860117,1.1765435988
2,2010-12-28,train,ret60_ret5_top5_riskoff0,0.9349264511,1.2292434148,1.1557509897
2,2010-12-29,train,ret60_ret5_top5_riskoff0,0.9541564585,1.2462091604,1.1621656501
2,2010-12-30,train,ret60_ret5_top5_riskoff0,0.9645590208,1.2492488560,1.1630272642
2,2010-12-31,train,ret60_ret5_top5_riskoff0,0.9914705363,1.2744576212,1.1873801996
2,2011-01-04,train,ret60_ret5_top5_riskoff0,1.0122507379,1.2951193420,1.2106931249
2,2011-01-05,train,ret60_ret5_top5_riskoff0,1.0139414981,1.2931915044,1.2053716138
2,2011-01-06,train,ret60_ret5_top5_riskoff0,1.0075952809,1.2877302357,1.1992909713
2,2011-01-07,train,ret60_ret5_top5_riskoff0,0.9944191972,1.2835725011,1.2019403399
2,2011-01-10,train,ret60_ret5_top5_riskoff0,0.9725720744,1.2551498227,1.1797623160
2,2011-01-11,train,ret60_ret5_top5_riskoff0,0.9683358574,1.2526609625,1.1861124501
2,2011-01-12,train,ret60_ret5_top5_riskoff0,0.9700521378,1.2599054447,1.1927244846
2,2011-01-13,train,ret60_ret5_top5_riskoff0,0.9675202109,1.2602462740,1.1923221450
2,2011-01-14,train,ret60_ret5_top5_riskoff0,0.9387431244,1.2382975645,1.1735640081
2,2011-01-17,train,ret60_ret5_top5_riskoff0,0.9026124448,1.1890019894,1.1289612425
2,2011-01-18,train,ret60_ret5_top5_riskoff0,0.9033018631,1.1925148309,1.1302138094
2,2011-01-19,train,ret60_ret5_top5_riskoff0,0.9327283189,1.2202471863,1.1557206245
2,2011-01-20,train,ret60_ret5_top5_riskoff0,0.8962750930,1.1790909182,1.1177109152
2,2011-01-21,train,ret60_ret5_top5_riskoff0,0.9058675124,1.1895197432,1.1324190861
2,2011-01-24,train,ret60_ret5_top5_riskoff0,0.8864533907,1.1713126008,1.1213243806
2,2011-01-25,train,ret60_ret5_top5_riskoff0,0.8713338937,1.1579487924,1.1154107470
2,2011-01-26,train,ret60_ret5_top5_riskoff0,0.8893878853,1.1761638974,1.1305098706
2,2011-01-27,train,ret60_ret5_top5_riskoff0,0.9117306345,1.1946986606,1.1487442069
2,2011-01-28,train,ret60_ret5_top5_riskoff0,0.9200839792,1.2045230213,1.1526423466
2,2011-01-31,train,ret60_ret5_top5_riskoff0,0.9349035184,1.2212505977,1.1677376746
2,2011-02-01,train,ret60_ret5_top5_riskoff0,0.9349035184,1.2225137144,1.1680299401
2,2011-02-09,train,ret60_ret5_top5_riskoff0,0.9349035184,1.2156020320,1.1542403182
2,2011-02-10,train,ret60_ret5_top5_riskoff0,0.9349035184,1.2465597313,1.1782326662
2,2011-02-11,train,ret60_ret5_top5_riskoff0,0.9349035184,1.2574807461,1.1846093700
2,2011-02-14,train,ret60_ret5_top5_riskoff0,0.9349035184,1.2842399506,1.2218751305
2,2011-02-15,train,ret60_ret5_top5_riskoff0,0.9349035184,1.2852329243,1.2213171689
2,2011-02-16,train,ret60_ret5_top5_riskoff0,0.9349035184,1.3042528218,1.2330305664
2,2011-02-17,train,ret60_ret5_top5_riskoff0,0.9349035184,1.3077644328,1.2320361043
2,2011-02-18,train,ret60_ret5_top5_riskoff0,0.9349035184,1.2937383968,1.2191194835
2,2011-02-21,train,ret60_ret5_top5_riskoff0,0.9349035184,1.3205294924,1.2365908927
2,2011-02-22,train,ret60_ret5_top5_riskoff0,0.9349035184,1.2865496202,1.2007864601
2,2011-02-23,train,ret60_ret5_top5_riskoff0,0.9349035184,1.2977413799,1.2050224134
2,2011-02-24,train,ret60_ret5_top5_riskoff0,0.9349035184,1.3049156216,1.2111713777
2,2011-02-25,train,ret60_ret5_top5_riskoff0,0.9349035184,1.3072659292,1.2137068766
2,2011-02-28,train,ret60_ret5_top5_riskoff0,0.9349035184,1.3268480032,1.2296258621
2,2011-03-01,train,ret60_ret5_top5_riskoff0,0.9349035184,1.3325998671,1.2354446043
2,2011-03-02,train,ret60_ret5_top5_riskoff0,0.9349035184,1.3288123749,1.2310454378
2,2011-03-03,train,ret60_ret5_top5_riskoff0,0.9349035184,1.3100708005,1.2228544100
2,2011-03-04,train,ret60_ret5_top5_riskoff0,0.9349035184,1.3276949136,1.2414341510
2,2011-03-07,train,ret60_ret5_top5_riskoff0,0.9339686149,1.3475928264,1.2656656254
2,2011-03-08,train,ret60_ret5_top5_riskoff0,0.9351442549,1.3527831805,1.2667853442
2,2011-03-09,train,ret60_ret5_top5_riskoff0,0.9349020223,1.3539582034,1.2673167362
2,2011-03-10,train,ret60_ret5_top5_riskoff0,0.9212474855,1.3402184699,1.2450741861
2,2011-03-11,train,ret60_ret5_top5_riskoff0,0.9162917606,1.3335988310,1.2325940659
2,2011-03-14,train,ret60_ret5_top5_riskoff0,0.9215948041,1.3432949257,1.2384925169
2,2011-03-15,train,ret60_ret5_top5_riskoff0,0.9127113774,1.3246073133,1.2161133231
2,2011-03-16,train,ret60_ret5_top5_riskoff0,0.9324101976,1.3427149231,1.2329053097
2,2011-03-17,train,ret60_ret5_top5_riskoff0,0.9101646387,1.3191206332,1.2135095024
2,2011-03-18,train,ret60_ret5_top5_riskoff0,0.9160534283,1.3265701458,1.2205656288
2,2011-03-21,train,ret60_ret5_top5_riskoff0,0.9120645327,1.3208852701,1.2173089551
2,2011-03-22,train,ret60_ret5_top5_riskoff0,0.9161176378,1.3237523836,1.2233250715
2,2011-03-23,train,ret60_ret5_top5_riskoff0,0.9289429942,1.3396523070,1.2392554439
2,2011-03-24,train,ret60_ret5_top5_riskoff0,0.9272088108,1.3388865835,1.2341047374
2,2011-03-25,train,ret60_ret5_top5_riskoff0,0.9433050024,1.3510446521,1.2504716104
2,2011-03-28,train,ret60_ret5_top5_riskoff0,0.9475580654,1.3473011944,1.2489875085
2,2011-03-29,train,ret60_ret5_top5_riskoff0,0.9308860106,1.3267873903,1.2366174623
2,2011-03-30,train,ret60_ret5_top5_riskoff0,0.9345698586,1.3206123412,1.2358962875
2,2011-03-31,train,ret60_ret5_top5_riskoff0,0.9198463089,1.3066748031,1.2234503281
2,2011-04-01,train,ret60_ret5_top5_riskoff0,0.9287782039,1.3225019559,1.2422160564
2,2011-04-06,train,ret60_ret5_top5_riskoff0,0.9323317998,1.3246797504,1.2567686054
2,2011-04-07,train,ret60_ret5_top5_riskoff0,0.9429891194,1.3328389124,1.2618358075
2,2011-04-08,train,ret60_ret5_top5_riskoff0,0.9528831875,1.3473987348,1.2728204389
2,2011-04-11,train,ret60_ret5_top5_riskoff0,0.9457258747,1.3394530027,1.2652556944
2,2011-04-12,train,ret60_ret5_top5_riskoff0,0.9437099909,1.3409167269,1.2627277869
2,2011-04-13,train,ret60_ret5_top5_riskoff0,0.9517983317,1.3550570270,1.2799069305
2,2011-04-14,train,ret60_ret5_top5_riskoff0,0.9477278485,1.3504831955,1.2728963520
2,2011-04-15,train,ret60_ret5_top5_riskoff0,0.9443197272,1.3495031786,1.2749384155
2,2011-04-18,train,ret60_ret5_top5_riskoff0,0.9453017878,1.3540098446,1.2751281983
2,2011-04-19,train,ret60_ret5_top5_riskoff0,0.9374969900,1.3370281474,1.2509764328
2,2011-04-20,train,ret60_ret5_top5_riskoff0,0.9430901599,1.3434241208,1.2509574545
2,2011-04-21,train,ret60_ret5_top5_riskoff0,0.9507404435,1.3528091731,1.2591598693
2,2011-04-22,train,ret60_ret5_top5_riskoff0,0.9464944639,1.3485037981,1.2525440391
2,2011-04-25,train,ret60_ret5_top5_riskoff0,0.9277169949,1.3235005195,1.2334253148
2,2011-04-26,train,ret60_ret5_top5_riskoff0,0.9128992700,1.3034680397,1.2263615971
2,2011-04-27,train,ret60_ret5_top5_riskoff0,0.9069368890,1.2921863640,1.2182161171
2,2011-04-28,train,ret60_ret5_top5_riskoff0,0.8819176074,1.2567392625,1.2001032419
2,2011-04-29,train,ret60_ret5_top5_riskoff0,0.8936790052,1.2751288661,1.2118470047
2,2011-05-03,train,ret60_ret5_top5_riskoff0,0.9057891953,1.2909389928,1.2188348092
2,2011-05-04,train,ret60_ret5_top5_riskoff0,0.8866209400,1.2628840967,1.1876724652
2,2011-05-05,train,ret60_ret5_top5_riskoff0,0.8853351582,1.2664472721,1.1865679290
2,2011-05-06,train,ret60_ret5_top5_riskoff0,0.8853351582,1.2701015692,1.1847763789
2,2011-05-09,train,ret60_ret5_top5_riskoff0,0.8853351582,1.2781555732,1.1879495481
2,2011-05-10,train,ret60_ret5_top5_riskoff0,0.8853351582,1.2860280517,1.1968541595
2,2011-05-11,train,ret60_ret5_top5_riskoff0,0.8853351582,1.2874842443,1.1937682903
2,2011-05-12,train,ret60_ret5_top5_riskoff0,0.8853351582,1.2693262244,1.1772609780
2,2011-05-13,train,ret60_ret5_top5_riskoff0,0.8853351582,1.2789782042,1.1873156734
2,2011-05-16,train,ret60_ret5_top5_riskoff0,0.8853351582,1.2740815434,1.1768282731
2,2011-05-17,train,ret60_ret5_top5_riskoff0,0.8853351582,1.2713241929,1.1827381111
2,2011-05-18,train,ret60_ret5_top5_riskoff0,0.8853351582,1.2799879146,1.1916009702
2,2011-05-19,train,ret60_ret5_top5_riskoff0,0.8853351582,1.2731844797,1.1844879089
2,2011-05-20,train,ret60_ret5_top5_riskoff0,0.8853351582,1.2702825645,1.1848522920
2,2011-05-23,train,ret60_ret5_top5_riskoff0,0.8853351582,1.2251502728,1.1474195226
2,2011-05-24,train,ret60_ret5_top5_riskoff0,0.8853351582,1.2250060701,1.1486493155
2,2011-05-25,train,ret60_ret5_top5_riskoff0,0.8853351582,1.2107619499,1.1350304981
2,2011-05-26,train,ret60_ret5_top5_riskoff0,0.8853351582,1.2019414838,1.1304908923
2,2011-05-27,train,ret60_ret5_top5_riskoff0,0.8853351582,1.1771425251,1.1247708372
2,2011-05-30,train,ret60_ret5_top5_riskoff0,0.8853351582,1.1626067326,1.1214306590
2,2011-05-31,train,ret60_ret5_top5_riskoff0,0.8853351582,1.1849220221,1.1392892253
2,2011-06-01,train,ret60_ret5_top5_riskoff0,0.8853351582,1.1945378143,1.1402798917
2,2011-06-02,train,ret60_ret5_top5_riskoff0,0.8853351582,1.1789882340,1.1218861379
2,2011-06-03,train,ret60_ret5_top5_riskoff0,0.8853351582,1.1958156668,1.1335160310
2,2011-06-07,train,ret60_ret5_top5_riskoff0,0.8853351582,1.2058800831,1.1403140527
2,2011-06-08,train,ret60_ret5_top5_riskoff0,0.8853351582,1.2116270785,1.1419803461
2,2011-06-09,train,ret60_ret5_top5_riskoff0,0.8853351582,1.1859793683,1.1204361969
2,2011-06-10,train,ret60_ret5_top5_riskoff0,0.8853351582,1.1880990466,1.1242470365
2,2011-06-13,train,ret60_ret5_top5_riskoff0,0.8853351582,1.1851911731,1.1198516657
2,2011-06-14,train,ret60_ret5_top5_riskoff0,0.8853351582,1.2028354081,1.1362526997
2,2011-06-15,train,ret60_ret5_top5_riskoff0,0.8853351582,1.1924745601,1.1246987197
2,2011-06-16,train,ret60_ret5_top5_riskoff0,0.8853351582,1.1689604316,1.1074132977
2,2011-06-17,train,ret60_ret5_top5_riskoff0,0.8853351582,1.1545801149,1.0977647376
2,2011-06-20,train,ret60_ret5_top5_riskoff0,0.8853351582,1.1410455188,1.0912134336
2,2011-06-21,train,ret60_ret5_top5_riskoff0,0.8853351582,1.1559205000,1.1041831936
2,2011-06-22,train,ret60_ret5_top5_riskoff0,0.8853351582,1.1547827313,1.1039972064
2,2011-06-23,train,ret60_ret5_top5_riskoff0,0.8853351582,1.1752083078,1.1226149040
2,2011-06-24,train,ret60_ret5_top5_riskoff0,0.8853351582,1.2019704137,1.1491237726
2,2011-06-27,train,ret60_ret5_top5_riskoff0,0.8853351582,1.2130332636,1.1525474552
2,2011-06-28,train,ret60_ret5_top5_riskoff0,0.8853351582,1.2159223429,1.1545363795
2,2011-06-29,train,ret60_ret5_top5_riskoff0,0.8853351582,1.2006188375,1.1387616289
2,2011-06-30,train,ret60_ret5_top5_riskoff0,0.8853351582,1.2182674318,1.1554321545
2,2011-07-01,train,ret60_ret5_top5_riskoff0,0.8853351582,1.2237983781,1.1575804964
2,2011-07-04,train,ret60_ret5_top5_riskoff0,0.8853351582,1.2517097352,1.1849965270
2,2011-07-05,train,ret60_ret5_top5_riskoff0,0.8853351582,1.2573918178,1.1851939011
2,2011-07-06,train,ret60_ret5_top5_riskoff0,0.8853351582,1.2593694600,1.1818575186
2,2011-07-07,train,ret60_ret5_top5_riskoff0,0.8853351582,1.2577867878,1.1772913432
2,2011-07-08,train,ret60_ret5_top5_riskoff0,0.8853351582,1.2579143607,1.1801380860
2,2011-07-11,train,ret60_ret5_top5_riskoff0,0.8853351582,1.2660504888,1.1816677358
2,2011-07-12,train,ret60_ret5_top5_riskoff0,0.8853351582,1.2469384366,1.1602981868
2,2011-07-13,train,ret60_ret5_top5_riskoff0,0.8853351582,1.2695297413,1.1790259585
2,2011-07-14,train,ret60_ret5_top5_riskoff0,0.8853351582,1.2787695222,1.1826318327
2,2011-07-15,train,ret60_ret5_top5_riskoff0,0.8853351582,1.2867664555,1.1876193260
2,2011-07-18,train,ret60_ret5_top5_riskoff0,0.8853351582,1.2873793822,1.1852318577
2,2011-07-19,train,ret60_ret5_top5_riskoff0,0.8853351582,1.2742044890,1.1748051879
2,2011-07-20,train,ret60_ret5_top5_riskoff0,0.8853351582,1.2741046064,1.1734539340
2,2011-07-21,train,ret60_ret5_top5_riskoff0,0.8853351582,1.2594294626,1.1611446183
2,2011-07-22,train,ret60_ret5_top5_riskoff0,0.8853351582,1.2648370389,1.1645037748
2,2011-07-25,train,ret60_ret5_top5_riskoff0,0.8853351582,1.2188125088,1.1266610744
2,2011-07-26,train,ret60_ret5_top5_riskoff0,0.8853351582,1.2243548467,1.1302593572
2,2011-07-27,train,ret60_ret5_top5_riskoff0,0.8853351582,1.2409542060,1.1387160811
2,2011-07-28,train,ret60_ret5_top5_riskoff0,0.8853351582,1.2356180945,1.1314853545
2,2011-07-29,train,ret60_ret5_top5_riskoff0,0.8853351582,1.2249919056,1.1280996284
2,2011-08-01,train,ret60_ret5_top5_riskoff0,0.8853351582,1.2298129276,1.1302403790
2,2011-08-02,train,ret60_ret5_top5_riskoff0,0.8853351582,1.2221185782,1.1221404469
2,2011-08-03,train,ret60_ret5_top5_riskoff0,0.8853351582,1.2239978928,1.1215673027
2,2011-08-04,train,ret60_ret5_top5_riskoff0,0.8853351582,1.2282225585,1.1236321401
2,2011-08-05,train,ret60_ret5_top5_riskoff0,0.8853351582,1.2032979815,1.0997612532
2,2011-08-08,train,ret60_ret5_top5_riskoff0,0.8853351582,1.1500524311,1.0604686118
2,2011-08-09,train,ret60_ret5_top5_riskoff0,0.8853351582,1.1477551992,1.0620969487
2,2011-08-10,train,ret60_ret5_top5_riskoff0,0.8853351582,1.1623027961,1.0719390873
2,2011-08-11,train,ret60_ret5_top5_riskoff0,0.8853351582,1.1824767472,1.0881844993
2,2011-08-12,train,ret60_ret5_top5_riskoff0,0.8853351582,1.1931319389,1.0913918295
2,2011-08-15,train,ret60_ret5_top5_riskoff0,0.8853351582,1.2084221915,1.1075271674
2,2011-08-16,train,ret60_ret5_top5_riskoff0,0.8853351582,1.1999420099,1.0998219837
2,2011-08-17,train,ret60_ret5_top5_riskoff0,0.8853351582,1.1956982122,1.0954304085
2,2011-08-18,train,ret60_ret5_top5_riskoff0,0.8853351582,1.1747537199,1.0757840878
2,2011-08-19,train,ret60_ret5_top5_riskoff0,0.8853351582,1.1643491443,1.0656914359
2,2011-08-22,train,ret60_ret5_top5_riskoff0,0.8853351582,1.1550331155,1.0543538084
2,2011-08-23,train,ret60_ret5_top5_riskoff0,0.8853351582,1.1735654103,1.0707548423
2,2011-08-24,train,ret60_ret5_top5_riskoff0,0.8853351582,1.1717783154,1.0665872109
2,2011-08-25,train,ret60_ret5_top5_riskoff0,0.8853351582,1.1985520542,1.1021980650
2,2011-08-26,train,ret60_ret5_top5_riskoff0,0.8853351582,1.2005191582,1.1012036028
2,2011-08-29,train,ret60_ret5_top5_riskoff0,0.8853351582,1.1893016358,1.0828288273
2,2011-08-30,train,ret60_ret5_top5_riskoff0,0.8853351582,1.1804813068,1.0786270349
2,2011-08-31,train,ret60_ret5_top5_riskoff0,0.8853351582,1.1780046238,1.0805400461
2,2011-09-01,train,ret60_ret5_top5_riskoff0,0.8853351582,1.1713267803,1.0758903662
2,2011-09-02,train,ret60_ret5_top5_riskoff0,0.8853351582,1.1577457538,1.0642452905
2,2011-09-05,train,ret60_ret5_top5_riskoff0,0.8853351582,1.1305274512,1.0414599615
2,2011-09-06,train,ret60_ret5_top5_riskoff0,0.8853351582,1.1215149028,1.0336712733
2,2011-09-07,train,ret60_ret5_top5_riskoff0,0.8853351582,1.1463543475,1.0548472438
2,2011-09-08,train,ret60_ret5_top5_riskoff0,0.8853351582,1.1359889768,1.0461248240
2,2011-09-09,train,ret60_ret5_top5_riskoff0,0.8853351582,1.1308946263,1.0442231998
2,2011-09-13,train,ret60_ret5_top5_riskoff0,0.8853351582,1.1150753195,1.0325249849
2,2011-09-14,train,ret60_ret5_top5_riskoff0,0.8853351582,1.1250687845,1.0373948129
2,2011-09-15,train,ret60_ret5_top5_riskoff0,0.8853351582,1.1259711653,1.0358537761
2,2011-09-16,train,ret60_ret5_top5_riskoff0,0.8853351582,1.1262188693,1.0377288307
2,2011-09-19,train,ret60_ret5_top5_riskoff0,0.8853351582,1.1041930439,1.0169589955
2,2011-09-20,train,ret60_ret5_top5_riskoff0,0.8853351582,1.1083159825,1.0209748006
2,2011-09-21,train,ret60_ret5_top5_riskoff0,0.8853351582,1.1405591000,1.0517803529
2,2011-09-22,train,ret60_ret5_top5_riskoff0,0.8853351582,1.1079741811,1.0193958073
2,2011-09-23,train,ret60_ret5_top5_riskoff0,0.8853351582,1.0997290912,1.0132430473
2,2011-09-26,train,ret60_ret5_top5_riskoff0,0.8853351582,1.0815158809,0.9910156799
2,2011-09-27,train,ret60_ret5_top5_riskoff0,0.8853351582,1.0878569537,1.0012487712
2,2011-09-28,train,ret60_ret5_top5_riskoff0,0.8853351582,1.0722207562,0.9908904232
2,2011-09-29,train,ret60_ret5_top5_riskoff0,0.8853351582,1.0458386336,0.9823881515
2,2011-09-30,train,ret60_ret5_top5_riskoff0,0.8853351582,1.0428349675,0.9797919221
2,2011-10-10,train,ret60_ret5_top5_riskoff0,0.8853351582,1.0356870854,0.9705798625
2,2011-10-11,train,ret60_ret5_top5_riskoff0,0.8853351582,1.0313693132,0.9686478731
2,2011-10-12,train,ret60_ret5_top5_riskoff0,0.8853351582,1.0662242003,1.0038601832
2,2011-10-13,train,ret60_ret5_top5_riskoff0,0.8853351582,1.0788407294,1.0106316353
2,2011-10-14,train,ret60_ret5_top5_riskoff0,0.8853351582,1.0738072557,1.0072838658
2,2011-10-17,train,ret60_ret5_top5_riskoff0,0.8853351582,1.0783806005,1.0122827461
2,2011-10-18,train,ret60_ret5_top5_riskoff0,0.8853351582,1.0477947622,0.9839140056
2,2011-10-19,train,ret60_ret5_top5_riskoff0,0.8853351582,1.0418071627,0.9804485707
2,2011-10-20,train,ret60_ret5_top5_riskoff0,0.8853351582,1.0129513624,0.9567067362
2,2011-10-21,train,ret60_ret5_top5_riskoff0,0.8853351582,0.9998997975,0.9519052300
2,2011-10-24,train,ret60_ret5_top5_riskoff0,0.8853351582,1.0196421205,0.9780155546
2,2011-10-25,train,ret60_ret5_top5_riskoff0,0.8853351582,1.0454834677,0.9965231782
2,2011-10-26,train,ret60_ret5_top5_riskoff0,0.8853351582,1.0565683516,1.0064753909
2,2011-10-27,train,ret60_ret5_top5_riskoff0,0.8853351582,1.0575981376,1.0086882589
2,2011-10-28,train,ret60_ret5_top5_riskoff0,0.8853351582,1.0795043539,1.0282510751
2,2011-10-31,train,ret60_ret5_top5_riskoff0,0.8853351582,1.0823612774,1.0230472294
2,2011-11-01,train,ret60_ret5_top5_riskoff0,0.8853351582,1.0828563960,1.0238898652
2,2011-11-02,train,ret60_ret5_top5_riskoff0,0.8853351582,1.1017105146,1.0409171826
2,2011-11-03,train,ret60_ret5_top5_riskoff0,0.8853351582,1.1066962853,1.0416421530
2,2011-11-04,train,ret60_ret5_top5_riskoff0,0.8853351582,1.1148319001,1.0490247059
2,2011-11-07,train,ret60_ret5_top5_riskoff0,0.8853351582,1.1094668255,1.0385866492
2,2011-11-08,train,ret60_ret5_top5_riskoff0,0.8853351582,1.0994486062,1.0353451581
2,2011-11-09,train,ret60_ret5_top5_riskoff0,0.8853351582,1.1131788181,1.0444319610
2,2011-11-10,train,ret60_ret5_top5_riskoff0,0.8853351582,1.0967618235,1.0246717706
2,2011-11-11,train,ret60_ret5_top5_riskoff0,0.8853351582,1.0963004291,1.0229295640
2,2011-11-14,train,ret60_ret5_top5_riskoff0,0.8853351582,1.1203871873,1.0438815907
2,2011-11-15,train,ret60_ret5_top5_riskoff0,0.8853351582,1.1255125864,1.0417863880
2,2011-11-16,train,ret60_ret5_top5_riskoff0,0.8853351582,1.0976486447,1.0134859694
2,2011-11-17,train,ret60_ret5_top5_riskoff0,0.8853351582,1.0966908659,1.0104114872
2,2011-11-18,train,ret60_ret5_top5_riskoff0,0.8853351582,1.0681286016,0.9893379995
2,2011-11-21,train,ret60_ret5_top5_riskoff0,0.8853351582,1.0681310816,0.9905488140
2,2011-11-22,train,ret60_ret5_top5_riskoff0,0.8853351582,1.0676303960,0.9904691052
2,2011-11-23,train,ret60_ret5_top5_riskoff0,0.8853351582,1.0622875372,0.9808015668
2,2011-11-24,train,ret60_ret5_top5_riskoff0,0.8853351582,1.0623995982,0.9826652344
2,2011-11-25,train,ret60_ret5_top5_riskoff0,0.8853351582,1.0551833784,0.9754724644
2,2011-11-28,train,ret60_ret5_top5_riskoff0,0.8853351582,1.0556231611,0.9767440095
2,2011-11-29,train,ret60_ret5_top5_riskoff0,0.8853351582,1.0707203439,0.9901237005
2,2011-11-30,train,ret60_ret5_top5_riskoff0,0.8853351582,1.0292776478,0.9570825062
2,2011-12-01,train,ret60_ret5_top5_riskoff0,0.8853351582,1.0497475522,0.9806497406
2,2011-12-02,train,ret60_ret5_top5_riskoff0,0.8853351582,1.0310897209,0.9706671626
2,2011-12-05,train,ret60_ret5_top5_riskoff0,0.8853351582,1.0041216559,0.9570331627
2,2011-12-06,train,ret60_ret5_top5_riskoff0,0.8853351582,1.0034163950,0.9551163559
2,2011-12-07,train,ret60_ret5_top5_riskoff0,0.8853351582,1.0064881271,0.9596293920
2,2011-12-08,train,ret60_ret5_top5_riskoff0,0.8853351582,1.0064819032,0.9584033948
2,2011-12-09,train,ret60_ret5_top5_riskoff0,0.8853351582,0.9964566231,0.9502275496
2,2011-12-12,train,ret60_ret5_top5_riskoff0,0.8853351582,0.9842461076,0.9404461415
2,2011-12-13,train,ret60_ret5_top5_riskoff0,0.8853351582,0.9546119334,0.9192815580
2,2011-12-14,train,ret60_ret5_top5_riskoff0,0.8853351582,0.9393477428,0.9100011767
2,2011-12-15,train,ret60_ret5_top5_riskoff0,0.8853351582,0.9165722703,0.8884835971
2,2011-12-16,train,ret60_ret5_top5_riskoff0,0.8853351582,0.9393982135,0.9072113688
2,2011-12-19,train,ret60_ret5_top5_riskoff0,0.8853351582,0.9399974394,0.9050402529
2,2011-12-20,train,ret60_ret5_top5_riskoff0,0.8853351582,0.9370714645,0.9022542407
2,2011-12-21,train,ret60_ret5_top5_riskoff0,0.8853351582,0.9181903387,0.8878459267
2,2011-12-22,train,ret60_ret5_top5_riskoff0,0.8853351582,0.9101041807,0.8886923582
2,2011-12-23,train,ret60_ret5_top5_riskoff0,0.8853351582,0.9177373638,0.8954562190
2,2011-12-26,train,ret60_ret5_top5_riskoff0,0.8853351582,0.9116699864,0.8865516077
2,2011-12-27,train,ret60_ret5_top5_riskoff0,0.8853351582,0.8906586547,0.8749103276
2,2011-12-28,train,ret60_ret5_top5_riskoff0,0.8853351582,0.8875053168,0.8760110681
2,2011-12-29,train,ret60_ret5_top5_riskoff0,0.8853351582,0.8891615338,0.8773129785
2,2011-12-30,train,ret60_ret5_top5_riskoff0,0.8853351582,0.9037747276,0.8903624473
2,2012-01-04,train,ret60_ret5_top5_riskoff0,0.8853351582,0.8838263207,0.8725266550
2,2012-01-05,train,ret60_ret5_top5_riskoff0,0.8853351582,0.8574204697,0.8640395659
2,2012-01-06,train,ret60_ret5_top5_riskoff0,0.8853351582,0.8608837243,0.8694331945
2,2012-01-09,train,ret60_ret5_top5_riskoff0,0.8853351582,0.8935290831,0.8990279322
2,2012-01-10,train,ret60_ret5_top5_riskoff0,0.8853351582,0.9277826471,0.9289301182
2,2012-01-11,train,ret60_ret5_top5_riskoff0,0.8853351582,0.9269137781,0.9244740168
2,2012-01-12,train,ret60_ret5_top5_riskoff0,0.8853351582,0.9246380119,0.9243259862
2,2012-01-13,train,ret60_ret5_top5_riskoff0,0.8853351582,0.8973698989,0.9088055447
2,2012-01-16,train,ret60_ret5_top5_riskoff0,0.8853351582,0.8716988854,0.8903282864
2,2012-01-17,train,ret60_ret5_top5_riskoff0,0.8853351582,0.9169116370,0.9339593637
2,2012-01-18,train,ret60_ret5_top5_riskoff0,0.8853351582,0.8979719048,0.9193802451
2,2012-01-19,train,ret60_ret5_top5_riskoff0,0.8853351582,0.9089127190,0.9369009979
2,2012-01-20,train,ret60_ret5_top5_riskoff0,0.8853351582,0.9214711819,0.9504666760
2,2012-01-30,train,ret60_ret5_top5_riskoff0,0.8853351582,0.9129724898,0.9340049116
2,2012-01-31,train,ret60_ret5_top5_riskoff0,0.8853351582,0.9140323821,0.9353485742
2,2012-02-01,train,ret60_ret5_top5_riskoff0,0.8853351582,0.9064183148,0.9219612919
2,2012-02-02,train,ret60_ret5_top5_riskoff0,0.8853351582,0.9237784270,0.9436914283
2,2012-02-03,train,ret60_ret5_top5_riskoff0,0.8853351582,0.9354660979,0.9512258074
2,2012-02-06,train,ret60_ret5_top5_riskoff0,0.8853351582,0.9409717642,0.9505539761
2,2012-02-07,train,ret60_ret5_top5_riskoff0,0.8853351582,0.9251157894,0.9329535146
2,2012-02-08,train,ret60_ret5_top5_riskoff0,0.8853351582,0.9492000363,0.9596331877
2,2012-02-09,train,ret60_ret5_top5_riskoff0,0.8853351582,0.9538789787,0.9600089578
2,2012-02-10,train,ret60_ret5_top5_riskoff0,0.8853351582,0.9584512811,0.9616752512
2,2012-02-13,train,ret60_ret5_top5_riskoff0,0.8853351582,0.9655564286,0.9610527634
2,2012-02-14,train,ret60_ret5_top5_riskoff0,0.8853351582,0.9649819677,0.9573064500
2,2012-02-15,train,ret60_ret5_top5_riskoff0,0.8853351582,0.9796407551,0.9677445067
2,2012-02-16,train,ret60_ret5_top5_riskoff0,0.8853351582,0.9778667704,0.9626051871
2,2012-02-17,train,ret60_ret5_top5_riskoff0,0.8853351582,0.9759342993,0.9629923442
2,2012-02-20,train,ret60_ret5_top5_riskoff0,0.8853351582,0.9779228036,0.9643663720
2,2012-02-21,train,ret60_ret5_top5_riskoff0,0.8853351582,0.9883029221,0.9726181303
2,2012-02-22,train,ret60_ret5_top5_riskoff0,0.8853351582,1.0055346101,0.9859143168
2,2012-02-23,train,ret60_ret5_top5_riskoff0,0.8853351582,1.0086547259,0.9892469037
2,2012-02-24,train,ret60_ret5_top5_riskoff0,0.8853351582,1.0218942435,1.0050975674
2,2012-02-27,train,ret60_ret5_top5_riskoff0,0.8853351582,1.0255115132,1.0083428541
2,2012-02-28,train,ret60_ret5_top5_riskoff0,0.8853351582,1.0222490947,1.0105784961
2,2012-02-29,train,ret60_ret5_top5_riskoff0,0.8844498230,1.0105556895,0.9998291954
2,2012-03-01,train,ret60_ret5_top5_riskoff0,0.8878906506,1.0145283557,0.9995293385
2,2012-03-02,train,ret60_ret5_top5_riskoff0,0.9099783035,1.0332144434,1.0172095089
2,2012-03-05,train,ret60_ret5_top5_riskoff0,0.9068257106,1.0318709715,1.0106695919
2,2012-03-06,train,ret60_ret5_top5_riskoff0,0.8953708390,1.0205664121,0.9948606804
2,2012-03-07,train,ret60_ret5_top5_riskoff0,0.8851633946,1.0148585721,0.9880095195
2,2012-03-08,train,ret60_ret5_top5_riskoff0,0.8993952066,1.0281787188,1.0004554788
2,2012-03-09,train,ret60_ret5_top5_riskoff0,0.9089078924,1.0418558716,1.0112768970
2,2012-03-12,train,ret60_ret5_top5_riskoff0,0.9041555629,1.0449087234,1.0075191965
2,2012-03-13,train,ret60_ret5_top5_riskoff0,0.9117606074,1.0547217563,1.0176422138
2,2012-03-14,train,ret60_ret5_top5_riskoff0,0.8785540351,1.0145437363,0.9888104031
2,2012-03-15,train,ret60_ret5_top5_riskoff0,0.8658125378,1.0042864432,0.9813860980
2,2012-03-16,train,ret60_ret5_top5_riskoff0,0.8795206478,1.0262465870,0.9957982077
2,2012-03-19,train,ret60_ret5_top5_riskoff0,0.8862842787,1.0365029093,0.9982615891
2,2012-03-20,train,ret60_ret5_top5_riskoff0,0.8740801571,1.0161531531,0.9809685758
2,2012-03-21,train,ret60_ret5_top5_riskoff0,0.8805085125,1.0177236813,0.9822363252
2,2012-03-22,train,ret60_ret5_top5_riskoff0,0.8789199139,1.0147957132,0.9807028798
2,2012-03-23,train,ret60_ret5_top5_riskoff0,0.8638724418,0.9979629878,0.9690084605
2,2012-03-26,train,ret60_ret5_top5_riskoff0,0.8633987755,0.9973276919,0.9699573748
2,2012-03-27,train,ret60_ret5_top5_riskoff0,0.8637301521,0.9943568369,0.9668069795
2,2012-03-28,train,ret60_ret5_top5_riskoff0,0.8326418894,0.9552086843,0.9393871532
2,2012-03-29,train,ret60_ret5_top5_riskoff0,0.8326418894,0.9401131791,0.9273245552
2,2012-03-30,train,ret60_ret5_top5_riskoff0,0.8326418894,0.9388301923,0.9317958392
2,2012-04-05,train,ret60_ret5_top5_riskoff0,0.8326418894,0.9657393685,0.9537840803
2,2012-04-06,train,ret60_ret5_top5_riskoff0,0.8326418894,0.9710843752,0.9564410402
2,2012-04-09,train,ret60_ret5_top5_riskoff0,0.8326418894,0.9612916485,0.9470733587
2,2012-04-10,train,ret60_ret5_top5_riskoff0,0.8326418894,0.9714447229,0.9564258575
2,2012-04-11,train,ret60_ret5_top5_riskoff0,0.8326418894,0.9747505055,0.9565207490
2,2012-04-12,train,ret60_ret5_top5_riskoff0,0.8326418894,0.9931214410,0.9756508603
2,2012-04-13,train,ret60_ret5_top5_riskoff0,0.8326418894,0.9998902761,0.9794503130
2,2012-04-16,train,ret60_ret5_top5_riskoff0,0.8326418894,1.0009141816,0.9770172968
2,2012-04-17,train,ret60_ret5_top5_riskoff0,0.8326418894,0.9880922483,0.9648104639
2,2012-04-18,train,ret60_ret5_top5_riskoff0,0.8326418894,1.0093603651,0.9868366615
2,2012-04-19,train,ret60_ret5_top5_riskoff0,0.8326418894,1.0066399609,0.9853753335
2,2012-04-20,train,ret60_ret5_top5_riskoff0,0.8326418894,1.0148433154,0.9970583658
2,2012-04-23,train,ret60_ret5_top5_riskoff0,0.8326418894,1.0027117700,0.9891633992
2,2012-04-24,train,ret60_ret5_top5_riskoff0,0.8326418894,0.9952727120,0.9887193074
2,2012-04-25,train,ret60_ret5_top5_riskoff0,0.8326418894,1.0079450306,0.9967357350
2,2012-04-26,train,ret60_ret5_top5_riskoff0,0.8326418894,1.0055109718,0.9988233463
2,2012-04-27,train,ret60_ret5_top5_riskoff0,0.8326418894,1.0001127995,0.9968002611
2,2012-05-02,train,ret60_ret5_top5_riskoff0,0.8318092475,1.0145079898,1.0185607628
2,2012-05-03,train,ret60_ret5_top5_riskoff0,0.8286613123,1.0169537338,1.0216086754
2,2012-05-04,train,ret60_ret5_top5_riskoff0,0.8384408818,1.0269383232,1.0308548958
2,2012-05-07,train,ret60_ret5_top5_riskoff0,0.8455231529,1.0341033029,1.0315760707
2,2012-05-08,train,ret60_ret5_top5_riskoff0,0.8452093881,1.0334609830,1.0282890317
2,2012-05-09,train,ret60_ret5_top5_riskoff0,0.8321092830,1.0152777213,1.0086996459
2,2012-05-10,train,ret60_ret5_top5_riskoff0,0.8336221250,1.0174309791,1.0085857762
2,2012-05-11,train,ret60_ret5_top5_riskoff0,0.8280940964,1.0109744958,1.0008843881
2,2012-05-14,train,ret60_ret5_top5_riskoff0,0.8275523337,1.0061846266,0.9927654777
2,2012-05-15,train,ret60_ret5_top5_riskoff0,0.8334457373,1.0063012777,0.9934638786
2,2012-05-16,train,ret60_ret5_top5_riskoff0,0.8219822303,0.9934209340,0.9772488319
2,2012-05-17,train,ret60_ret5_top5_riskoff0,0.8357327603,1.0072756067,0.9921619683
2,2012-05-18,train,ret60_ret5_top5_riskoff0,0.8217567305,0.9924643176,0.9769945229
2,2012-05-21,train,ret60_ret5_top5_riskoff0,0.8192946298,0.9928601581,0.9820237684
2,2012-05-22,train,ret60_ret5_top5_riskoff0,0.8330920326,1.0064345896,0.9973164705
2,2012-05-23,train,ret60_ret5_top5_riskoff0,0.8333752601,1.0031262723,0.9932740958
2,2012-05-24,train,ret60_ret5_top5_riskoff0,0.8271382076,0.9954731678,0.9850716810
2,2012-05-25,train,ret60_ret5_top5_riskoff0,0.8161296436,0.9846020002,0.9766605051
2,2012-05-28,train,ret60_ret5_top5_riskoff0,0.8256020244,0.9978319532,0.9924466426
2,2012-05-29,train,ret60_ret5_top5_riskoff0,0.8383702033,1.0120719178,1.0061717383
2,2012-05-30,train,ret60_ret5_top5_riskoff0,0.8386519024,1.0117875355,1.0029112689
2,2012-05-31,train,ret60_ret5_top5_riskoff0,0.8386519024,1.0121723074,0.9990321075
2,2012-06-01,train,ret60_ret5_top5_riskoff0,0.8386519024,1.0109074619,0.9993964905
2,2012-06-04,train,ret60_ret5_top5_riskoff0,0.8386519024,0.9810953887,0.9713200156
2,2012-06-05,train,ret60_ret5_top5_riskoff0,0.8386519024,0.9800995818,0.9712478982
2,2012-06-06,train,ret60_ret5_top5_riskoff0,0.8386519024,0.9774158566,0.9707013235
2,2012-06-07,train,ret60_ret5_top5_riskoff0,0.8386519024,0.9721739452,0.9649243336
2,2012-06-08,train,ret60_ret5_top5_riskoff0,0.8386519024,0.9671443799,0.9581490858
2,2012-06-11,train,ret60_ret5_top5_riskoff0,0.8386519024,0.9816254973,0.9710277500
2,2012-06-12,train,ret60_ret5_top5_riskoff0,0.8386519024,0.9756571856,0.9641652022
2,2012-06-13,train,ret60_ret5_top5_riskoff0,0.8386519024,0.9918499185,0.9795224304
2,2012-06-14,train,ret60_ret5_top5_riskoff0,0.8386519024,0.9864759105,0.9718476120
2,2012-06-15,train,ret60_ret5_top5_riskoff0,0.8386519024,0.9870746940,0.9747436983
2,2012-06-18,train,ret60_ret5_top5_riskoff0,0.8386519024,0.9947925268,0.9797387829
2,2012-06-19,train,ret60_ret5_top5_riskoff0,0.8386519024,0.9867792306,0.9711643937
2,2012-06-20,train,ret60_ret5_top5_riskoff0,0.8386519024,0.9843646182,0.9688832038
2,2012-06-21,train,ret60_ret5_top5_riskoff0,0.8386519024,0.9704620328,0.9535411582
2,2012-06-25,train,ret60_ret5_top5_riskoff0,0.8386519024,0.9469909680,0.9324107356
2,2012-06-26,train,ret60_ret5_top5_riskoff0,0.8386519024,0.9466403236,0.9318034305
2,2012-06-27,train,ret60_ret5_top5_riskoff0,0.8386519024,0.9433861239,0.9288731833
2,2012-06-28,train,ret60_ret5_top5_riskoff0,0.8386519024,0.9319208899,0.9207239077
2,2012-06-29,train,ret60_ret5_top5_riskoff0,0.8386519024,0.9437214814,0.9343427251
2,2012-07-02,train,ret60_ret5_top5_riskoff0,0.8386519024,0.9510734454,0.9357205485
2,2012-07-03,train,ret60_ret5_top5_riskoff0,0.8386519024,0.9539888145,0.9370414372
2,2012-07-04,train,ret60_ret5_top5_riskoff0,0.8386519024,0.9511882412,0.9355990875
2,2012-07-05,train,ret60_ret5_top5_riskoff0,0.8386519024,0.9330656220,0.9224850926
2,2012-07-06,train,ret60_ret5_top5_riskoff0,0.8386519024,0.9503409817,0.9385179478
2,2012-07-09,train,ret60_ret5_top5_riskoff0,0.8386519024,0.9298961650,0.9170459161
2,2012-07-10,train,ret60_ret5_top5_riskoff0,0.8386519024,0.9229082910,0.9135045681
2,2012-07-11,train,ret60_ret5_top5_riskoff0,0.8386519024,0.9297534607,0.9206631772
2,2012-07-12,train,ret60_ret5_top5_riskoff0,0.8386519024,0.9410537977,0.9296247234
2,2012-07-13,train,ret60_ret5_top5_riskoff0,0.8386519024,0.9372245303,0.9301750937
2,2012-07-16,train,ret60_ret5_top5_riskoff0,0.8386519024,0.9074120311,0.9108551995
2,2012-07-17,train,ret60_ret5_top5_riskoff0,0.8386519024,0.9127583291,0.9163475152
2,2012-07-18,train,ret60_ret5_top5_riskoff0,0.8386519024,0.9176949841,0.9164006544
2,2012-07-19,train,ret60_ret5_top5_riskoff0,0.8386519024,0.9258569179,0.9201887201
2,2012-07-20,train,ret60_ret5_top5_riskoff0,0.8386519024,0.9191007830,0.9103731510
2,2012-07-23,train,ret60_ret5_top5_riskoff0,0.8386519024,0.9096354390,0.8978360959
2,2012-07-24,train,ret60_ret5_top5_riskoff0,0.8386519024,0.9157017042,0.9018443097
2,2012-07-25,train,ret60_ret5_top5_riskoff0,0.8386519024,0.9089219940,0.8958054194
2,2012-07-26,train,ret60_ret5_top5_riskoff0,0.8386519024,0.9024788108,0.8910266873
2,2012-07-27,train,ret60_ret5_top5_riskoff0,0.8386519024,0.8993386233,0.8916415837
2,2012-07-30,train,ret60_ret5_top5_riskoff0,0.8386519024,0.8850579239,0.8865857686
2,2012-07-31,train,ret60_ret5_top5_riskoff0,0.8386519024,0.8746271645,0.8854964150
2,2012-08-01,train,ret60_ret5_top5_riskoff0,0.8386519024,0.8863372475,0.8952626405
2,2012-08-02,train,ret60_ret5_top5_riskoff0,0.8386519024,0.8795942686,0.8862403638
2,2012-08-03,train,ret60_ret5_top5_riskoff0,0.8386519024,0.8940796027,0.8933989729
2,2012-08-06,train,ret60_ret5_top5_riskoff0,0.8386519024,0.9122610811,0.9054957318
2,2012-08-07,train,ret60_ret5_top5_riskoff0,0.8386519024,0.9196003735,0.9067331160
2,2012-08-08,test,ret60_ret5_top5_riskoff0,1.0000000000,1.0000000000,1.0000000000
2,2012-08-09,test,ret60_ret5_top5_riskoff0,1.0000000000,1.0125505630,1.0091681696
2,2012-08-10,test,ret60_ret5_top5_riskoff0,1.0000000000,1.0096855933,1.0041677302
2,2012-08-13,test,ret60_ret5_top5_riskoff0,1.0000000000,0.9911767724,0.9841576038
2,2012-08-14,test,ret60_ret5_top5_riskoff0,1.0000000000,0.9964165798,0.9862874981
2,2012-08-15,test,ret60_ret5_top5_riskoff0,1.0000000000,0.9871404333,0.9756589491
2,2012-08-16,test,ret60_ret5_top5_riskoff0,1.0000000000,0.9806605738,0.9706585097
2,2012-08-17,test,ret60_ret5_top5_riskoff0,1.0000000000,0.9797979859,0.9680683240
2,2012-08-20,test,ret60_ret5_top5_riskoff0,1.0000000000,0.9798047403,0.9631766808
2,2012-08-21,test,ret60_ret5_top5_riskoff0,1.0000000000,0.9912390866,0.9681603823
2,2012-08-22,test,ret60_ret5_top5_riskoff0,1.0000000000,0.9840143068,0.9605823106
2,2012-08-23,test,ret60_ret5_top5_riskoff0,1.0000000000,0.9900135762,0.9633482440
2,2012-08-24,test,ret60_ret5_top5_riskoff0,1.0000000000,0.9727068341,0.9522510346
2,2012-08-27,test,ret60_ret5_top5_riskoff0,1.0000000000,0.9515335552,0.9323831801
2,2012-08-28,test,ret60_ret5_top5_riskoff0,1.0000000000,0.9565496339,0.9366555220
2,2012-08-29,test,ret60_ret5_top5_riskoff0,1.0000000000,0.9494580260,0.9267801773
2,2012-08-30,test,ret60_ret5_top5_riskoff0,1.0000000000,0.9377045474,0.9253407203
2,2012-08-31,test,ret60_ret5_top5_riskoff0,1.0000000000,0.9394678837,0.9226208161
2,2012-09-03,test,ret60_ret5_top5_riskoff0,1.0000000000,0.9533714745,0.9324543161
2,2012-09-04,test,ret60_ret5_top5_riskoff0,1.0000000000,0.9450919039,0.9224283305
2,2012-09-05,test,ret60_ret5_top5_riskoff0,1.0000000000,0.9484878455,0.9205327665
2,2012-09-06,test,ret60_ret5_top5_riskoff0,1.0000000000,0.9575794715,0.9280397022
2,2012-09-07,test,ret60_ret5_top5_riskoff0,1.0000000000,0.9926379699,0.9696165772
2,2012-09-10,test,ret60_ret5_top5_riskoff0,1.0000000000,1.0000572016,0.9735876374
2,2012-09-11,test,ret60_ret5_top5_riskoff0,1.0000000000,0.9957474416,0.9674029936
2,2012-09-12,test,ret60_ret5_top5_riskoff0,1.0000000000,1.0018936143,0.9708258885
2,2012-09-13,test,ret60_ret5_top5_riskoff0,1.0000000000,0.9898521490,0.9617832529
2,2012-09-14,test,ret60_ret5_top5_riskoff0,1.0000000000,0.9928029662,0.9689303244
2,2012-09-17,test,ret60_ret5_top5_riskoff0,1.0000000000,0.9656280761,0.9451499923
2,2012-09-18,test,ret60_ret5_top5_riskoff0,1.0000000000,0.9601350541,0.9353290456
2,2012-09-19,test,ret60_ret5_top5_riskoff0,1.0000000000,0.9681313515,0.9399319605
2,2012-09-20,test,ret60_ret5_top5_riskoff0,1.0000000000,0.9413686722,0.9188882705
2,2012-09-21,test,ret60_ret5_top5_riskoff0,1.0000000000,0.9374880584,0.9201896401
2,2012-09-24,test,ret60_ret5_top5_riskoff0,1.0000000000,0.9430681981,0.9270772746
2,2012-09-25,test,ret60_ret5_top5_riskoff0,1.0000000000,0.9377788123,0.9248302152
2,2012-09-26,test,ret60_ret5_top5_riskoff0,1.0000000000,0.9196070206,0.9142602488
2,2012-09-27,test,ret60_ret5_top5_riskoff0,1.0000000000,0.9416671732,0.9422250491
2,2012-09-28,test,ret60_ret5_top5_riskoff0,1.0000000000,0.9586358557,0.9595445625
2,2012-10-08,test,ret60_ret5_top5_riskoff0,1.0000000000,0.9541364709,0.9498951791
2,2012-10-09,test,ret60_ret5_top5_riskoff0,1.0000000000,0.9767810208,0.9708635487
2,2012-10-10,test,ret60_ret5_top5_riskoff0,1.0000000000,0.9849813076,0.9725205980
2,2012-10-11,test,ret60_ret5_top5_riskoff0,1.0000000000,0.9714716699,0.9634863314
2,2012-10-12,test,ret60_ret5_top5_riskoff0,1.0000000000,0.9700060430,0.9643232251
2,2012-10-15,test,ret60_ret5_top5_riskoff0,1.0000000000,0.9634618692,0.9602768444
2,2012-10-16,test,ret60_ret5_top5_riskoff0,1.0000000000,0.9650675439,0.9616577189
2,2012-10-17,test,ret60_ret5_top5_riskoff0,1.0000000000,0.9669000204,0.9627624185
2,2012-10-18,test,ret60_ret5_top5_riskoff0,1.0000000000,0.9827057311,0.9775252219
2,2012-10-19,test,ret60_ret5_top5_riskoff0,1.0000000000,0.9808222900,0.9760146289
2,2012-10-22,test,ret60_ret5_top5_riskoff0,1.0000000000,0.9847104056,0.9798308638
2,2012-10-23,test,ret60_ret5_top5_riskoff0,1.0000000000,0.9750418624,0.9674824985
2,2012-10-24,test,ret60_ret5_top5_riskoff0,1.0000000000,0.9749326590,0.9656831772
2,2012-10-25,test,ret60_ret5_top5_riskoff0,1.0000000000,0.9666360413,0.9587620670
2,2012-10-26,test,ret60_ret5_top5_riskoff0,1.0000000000,0.9468989732,0.9406307667
2,2012-10-29,test,ret60_ret5_top5_riskoff0,1.0000000000,0.9446890827,0.9355842982
2,2012-10-30,test,ret60_ret5_top5_riskoff0,1.0000000000,0.9457348376,0.9372706388
2,2012-10-31,test,ret60_ret5_top5_riskoff0,1.0000000000,0.9502192315,0.9435222342
2,2012-11-01,test,ret60_ret5_top5_riskoff0,1.0000000000,0.9660635574,0.9615405538
2,2012-11-02,test,ret60_ret5_top5_riskoff0,1.0000000000,0.9695384641,0.9652605459
2,2012-11-05,test,ret60_ret5_top5_riskoff0,1.0000000000,0.9672412005,0.9632143410
2,2012-11-06,test,ret60_ret5_top5_riskoff0,1.0000000000,0.9616616740,0.9591679604
2,2012-11-07,test,ret60_ret5_top5_riskoff0,1.0000000000,0.9605849284,0.9571970759
2,2012-11-08,test,ret60_ret5_top5_riskoff0,1.0000000000,0.9391751683,0.9395846497
2,2012-11-09,test,ret60_ret5_top5_riskoff0,1.0000000000,0.9370287949,0.9377058235
2,2012-11-12,test,ret60_ret5_top5_riskoff0,1.0000000000,0.9424237361,0.9422794471
2,2012-11-13,test,ret60_ret5_top5_riskoff0,1.0000000000,0.9259331312,0.9257884584
2,2012-11-14,test,ret60_ret5_top5_riskoff0,1.0000000000,0.9278931409,0.9302532859
2,2012-11-15,test,ret60_ret5_top5_riskoff0,1.0000000000,0.9130949700,0.9179132895
2,2012-11-16,test,ret60_ret5_top5_riskoff0,1.0000000000,0.9067428944,0.9110591307
2,2012-11-19,test,ret60_ret5_top5_riskoff0,1.0000000000,0.9083759119,0.9101176254
2,2012-11-20,test,ret60_ret5_top5_riskoff0,1.0000000000,0.9058929799,0.9058871282
2,2012-11-21,test,ret60_ret5_top5_riskoff0,1.0000000000,0.9157591999,0.9184489014
2,2012-11-22,test,ret60_ret5_top5_riskoff0,1.0000000000,0.9066787838,0.9111888492
2,2012-11-23,test,ret60_ret5_top5_riskoff0,1.0000000000,0.9107485844,0.9175199495
2,2012-11-26,test,ret60_ret5_top5_riskoff0,1.0000000000,0.9010198348,0.9103728780
2,2012-11-27,test,ret60_ret5_top5_riskoff0,1.0000000000,0.8765779174,0.8999284456
2,2012-11-28,test,ret60_ret5_top5_riskoff0,1.0000000000,0.8606953256,0.8909402081
2,2012-11-29,test,ret60_ret5_top5_riskoff0,1.0000000000,0.8545451862,0.8852995451
2,2012-11-30,test,ret60_ret5_top5_riskoff0,1.0000000000,0.8654883136,0.8953338996
2,2012-12-03,test,ret60_ret5_top5_riskoff0,1.0000000000,0.8483212277,0.8824415534
2,2012-12-04,test,ret60_ret5_top5_riskoff0,1.0000000000,0.8576562438,0.8919068203
2,2012-12-05,test,ret60_ret5_top5_riskoff0,1.0000000000,0.8868276983,0.9238803410
2,2012-12-06,test,ret60_ret5_top5_riskoff0,1.0000000000,0.8844252982,0.9220893886
2,2012-12-07,test,ret60_ret5_top5_riskoff0,1.0000000000,0.9024697569,0.9401495529
2,2012-12-10,test,ret60_ret5_top5_riskoff0,1.0000000000,0.9157545185,0.9503136259
2,2012-12-11,test,ret60_ret5_top5_riskoff0,1.0000000000,0.9103514519,0.9450621184
2,2012-12-12,test,ret60_ret5_top5_riskoff0,1.0000000000,0.9116351679,0.9489411203
2,2012-12-13,test,ret60_ret5_top5_riskoff0,1.0000000000,0.9015481029,0.9384255520
2,2012-12-14,test,ret60_ret5_top5_riskoff0,1.0000000000,0.9382032557,0.9858062842
2,2012-12-17,test,ret60_ret5_top5_riskoff0,1.0000000000,0.9431564457,0.9903380632
2,2012-12-18,test,ret60_ret5_top5_riskoff0,1.0000000000,0.9411791944,0.9909322576
2,2012-12-19,test,ret60_ret5_top5_riskoff0,1.0000000000,0.9436196644,0.9921834136
2,2012-12-20,test,ret60_ret5_top5_riskoff0,0.9990000000,0.9483545492,0.9979203194
2,2012-12-21,test,ret60_ret5_top5_riskoff0,0.9967167033,0.9479477752,0.9925558313
2,2012-12-24,test,ret60_ret5_top5_riskoff0,0.9996136774,0.9522680387,0.9964139108
2,2012-12-25,test,ret60_ret5_top5_riskoff0,1.0246962032,0.9743751776,1.0245251675
2,2012-12-26,test,ret60_ret5_top5_riskoff0,1.0327574422,0.9856893972,1.0283832471
2,2012-12-27,test,ret60_ret5_top5_riskoff0,1.0280620835,0.9789701306,1.0229308851
2,2012-12-28,test,ret60_ret5_top5_riskoff0,1.0376681512,0.9895801379,1.0377690090
2,2012-12-31,test,ret60_ret5_top5_riskoff0,1.0502704882,1.0005119505,1.0557203771
2,2013-01-04,test,ret60_ret5_top5_riskoff0,1.0534804957,0.9964963323,1.0563313094
2,2013-01-07,test,ret60_ret5_top5_riskoff0,1.0600913715,1.0048632629,1.0611769235
2,2013-01-08,test,ret60_ret5_top5_riskoff0,1.0592426457,1.0122831154,1.0567162805
2,2013-01-09,test,ret60_ret5_top5_riskoff0,1.0571460702,1.0152272461,1.0570510380
2,2013-01-10,test,ret60_ret5_top5_riskoff0,1.0621170156,1.0198635879,1.0589089418
2,2013-01-11,test,ret60_ret5_top5_riskoff0,1.0388618607,0.9998320696,1.0390996698
2,2013-01-14,test,ret60_ret5_top5_riskoff0,1.0700052308,1.0327295520,1.0786428933
2,2013-01-15,test,ret60_ret5_top5_riskoff0,1.0814346461,1.0480407414,1.0862293340
2,2013-01-16,test,ret60_ret5_top5_riskoff0,1.0734703862,1.0458549121,1.0783750874
2,2013-01-17,test,ret60_ret5_top5_riskoff0,1.0694331713,1.0353281556,1.0681942765
2,2013-01-18,test,ret60_ret5_top5_riskoff0,1.0927774919,1.0514584901,1.0860535863
2,2013-01-21,test,ret60_ret5_top5_riskoff0,1.1011902217,1.0580416878,1.0925227740
2,2013-01-22,test,ret60_ret5_top5_riskoff0,1.0853054896,1.0438156962,1.0866645186
2,2013-01-23,test,ret60_ret5_top5_riskoff0,1.0893278293,1.0461384072,1.0910833169
2,2013-01-24,test,ret60_ret5_top5_riskoff0,1.0767431072,1.0262025857,1.0807434963
2,2013-01-25,test,ret60_ret5_top5_riskoff0,1.0722430899,1.0241811872,1.0761071056
2,2013-01-28,test,ret60_ret5_top5_riskoff0,1.1101084540,1.0478301736,1.1096623553
2,2013-01-29,test,ret60_ret5_top5_riskoff0,1.1181557852,1.0553609713,1.1197092632
2,2013-01-30,test,ret60_ret5_top5_riskoff0,1.1248195053,1.0592417630,1.1250821202
2,2013-01-31,test,ret60_ret5_top5_riskoff0,1.1130827080,1.0553899751,1.1243163625
2,2013-02-01,test,ret60_ret5_top5_riskoff0,1.1305584154,1.0635565569,1.1479335004
2,2013-02-04,test,ret60_ret5_top5_riskoff0,1.1279713569,1.0594609988,1.1499043849
2,2013-02-05,test,ret60_ret5_top5_riskoff0,1.1417925983,1.0716615405,1.1598006519
2,2013-02-06,test,ret60_ret5_top5_riskoff0,1.1401800124,1.0740584900,1.1615413907
2,2013-02-07,test,ret60_ret5_top5_riskoff0,1.1396993422,1.0770214393,1.1548587951
2,2013-02-08,test,ret60_ret5_top5_riskoff0,1.1523842682,1.0895341434,1.1598215743
2,2013-02-18,test,ret60_ret5_top5_riskoff0,1.1479558235,1.0894391056,1.1454855866
3,2011-01-18,train,ret60_ret5_top5_riskoff0,1.0000000000,1.0000000000,1.0000000000
3,2011-01-19,train,ret60_ret5_top5_riskoff0,1.0325765472,1.0232553547,1.0225681326
3,2011-01-20,train,ret60_ret5_top5_riskoff0,0.9922210167,0.9887431901,0.9889375850
3,2011-01-21,train,ret60_ret5_top5_riskoff0,1.0028403011,0.9974884273,1.0019512031
3,2011-01-24,train,ret60_ret5_top5_riskoff0,0.9813479047,0.9822205733,0.9921347371
3,2011-01-25,train,ret60_ret5_top5_riskoff0,0.9646098710,0.9710141647,0.9869024231
3,2011-01-26,train,ret60_ret5_top5_riskoff0,0.9845965359,0.9862886958,1.0002619515
3,2011-01-27,train,ret60_ret5_top5_riskoff0,1.0093310682,1.0018312809,1.0163954797
3,2011-01-28,train,ret60_ret5_top5_riskoff0,1.0185786355,1.0100696361,1.0198445083
3,2011-01-31,train,ret60_ret5_top5_riskoff0,1.0349846010,1.0240967794,1.0332006784
3,2011-02-01,train,ret60_ret5_top5_riskoff0,1.0349846010,1.0251559836,1.0334592716
3,2011-02-09,train,ret60_ret5_top5_riskoff0,1.0349846010,1.0193600955,1.0212583749
3,2011-02-10,train,ret60_ret5_top5_riskoff0,1.0349846010,1.0453201075,1.0424865246
3,2011-02-11,train,ret60_ret5_top5_riskoff0,1.0349846010,1.0544780774,1.0481285578
3,2011-02-14,train,ret60_ret5_top5_riskoff0,1.0349846010,1.0769173828,1.0811008681
3,2011-02-15,train,ret60_ret5_top5_riskoff0,1.0349846010,1.0777500547,1.0806071902
3,2011-02-16,train,ret60_ret5_top5_riskoff0,1.0349846010,1.0936994560,1.0909710678
3,2011-02-17,train,ret60_ret5_top5_riskoff0,1.0349846010,1.0966441665,1.0900911793
3,2011-02-18,train,ret60_ret5_top5_riskoff0,1.0349846010,1.0848824377,1.0786627038
3,2011-02-21,train,ret60_ret5_top5_riskoff0,1.0349846010,1.1073484859,1.0941212030
3,2011-02-22,train,ret60_ret5_top5_riskoff0,1.0349846010,1.0788541885,1.0624418585
3,2011-02-23,train,ret60_ret5_top5_riskoff0,1.0349846010,1.0882391952,1.0661897805
3,2011-02-24,train,ret60_ret5_top5_riskoff0,1.0349846010,1.0942552560,1.0716303125
3,2011-02-25,train,ret60_ret5_top5_riskoff0,1.0349846010,1.0962261394,1.0738736923
3,2011-02-28,train,ret60_ret5_top5_riskoff0,1.0349846010,1.1126469615,1.0879586251
3,2011-03-01,train,ret60_ret5_top5_riskoff0,1.0349846010,1.1174702675,1.0931069803
3,2011-03-02,train,ret60_ret5_top5_riskoff0,1.0349846010,1.1142942129,1.0892146491
3,2011-03-03,train,ret60_ret5_top5_riskoff0,1.0349846010,1.0985782034,1.0819673232
3,2011-03-04,train,ret60_ret5_top5_riskoff0,1.0349846010,1.1133571501,1.0984064615
3,2011-03-07,train,ret60_ret5_top5_riskoff0,1.0339496164,1.1300428233,1.1198461874
3,2011-03-08,train,ret60_ret5_top5_riskoff0,1.0352511082,1.1343952674,1.1208369016
3,2011-03-09,train,ret60_ret5_top5_riskoff0,1.0349829448,1.1353805993,1.1213070710
3,2011-03-10,train,ret60_ret5_top5_riskoff0,1.0198666947,1.1238589535,1.1016271221
3,2011-03-11,train,ret60_ret5_top5_riskoff0,1.0143804613,1.1183079626,1.0905848572
3,2011-03-14,train,ret60_ret5_top5_riskoff0,1.0202511936,1.1264387585,1.0958037378
3,2011-03-15,train,ret60_ret5_top5_riskoff0,1.0104167994,1.1107679997,1.0760028882
3,2011-03-16,train,ret60_ret5_top5_riskoff0,1.0322243711,1.1259523892,1.0908602421
3,2011-03-17,train,ret60_ret5_top5_riskoff0,1.0075974332,1.1061670673,1.0736990580
3,2011-03-18,train,ret60_ret5_top5_riskoff0,1.0141166156,1.1124139603,1.0799422363
3,2011-03-21,train,ret60_ret5_top5_riskoff0,1.0097007102,1.1076468283,1.0770607694
3,2011-03-22,train,ret60_ret5_top5_riskoff0,1.0141876987,1.1100510864,1.0823837590
3,2011-03-23,train,ret60_ret5_top5_riskoff0,1.0283860048,1.1233841897,1.0964787668
3,2011-03-24,train,ret60_ret5_top5_riskoff0,1.0264661778,1.1227420815,1.0919214817
3,2011-03-25,train,ret60_ret5_top5_riskoff0,1.0442854608,1.1329374001,1.1064027001
3,2011-03-28,train,ret60_ret5_top5_riskoff0,1.0489938127,1.1297982712,1.1050895841
3,2011-03-29,train,ret60_ret5_top5_riskoff0,1.0305370205,1.1125961337,1.0941447114
3,2011-03-30,train,ret60_ret5_top5_riskoff0,1.0346152230,1.1074179599,1.0935066244
3,2011-03-31,train,ret60_ret5_top5_riskoff0,1.0183155226,1.0957304423,1.0824945847
3,2011-04-01,train,ret60_ret5_top5_riskoff0,1.0282035738,1.1090025227,1.0990982822
3,2011-04-06,train,ret60_ret5_top5_riskoff0,1.0321375809,1.1108287428,1.1119742078
3,2011-04-07,train,ret60_ret5_top5_riskoff0,1.0439357627,1.1176707223,1.1164576092
3,2011-04-08,train,ret60_ret5_top5_riskoff0,1.0548889871,1.1298800651,1.1261766830
3,2011-04-11,train,ret60_ret5_top5_riskoff0,1.0469654866,1.1232170603,1.1194834853
3,2011-04-12,train,ret60_ret5_top5_riskoff0,1.0447338032,1.1244444867,1.1172468222
3,2011-04-13,train,ret60_ret5_top5_riskoff0,1.0536879979,1.1363020332,1.1324467281
3,2011-04-14,train,ret60_ret5_top5_riskoff0,1.0491817710,1.1324665828,1.1262438500
3,2011-04-15,train,ret60_ret5_top5_riskoff0,1.0454088115,1.1316447759,1.1280506440
3,2011-04-18,train,ret60_ret5_top5_riskoff0,1.0464960014,1.1354239038,1.1282185616
3,2011-04-19,train,ret60_ret5_top5_riskoff0,1.0378557028,1.1211836639,1.1068493611
3,2011-04-20,train,ret60_ret5_top5_riskoff0,1.0440476195,1.1265470969,1.1068325693
3,2011-04-21,train,ret60_ret5_top5_riskoff0,1.0525168632,1.1344170639,1.1140899703
3,2011-04-22,train,ret60_ret5_top5_riskoff0,1.0478163530,1.1308067314,1.1082363609
3,2011-04-25,train,ret60_ret5_top5_riskoff0,1.0270287628,1.1098398822,1.0913203365
3,2011-04-26,train,ret60_ret5_top5_riskoff0,1.0106248058,1.0930413660,1.0850704415
3,2011-04-27,train,ret60_ret5_top5_riskoff0,1.0040241541,1.0835809589,1.0778634158
3,2011-04-28,train,ret60_ret5_top5_riskoff0,0.9763265674,1.0538562959,1.0618373550
3,2011-04-29,train,ret60_ret5_top5_riskoff0,0.9893470187,1.0692771553,1.0722280993
3,2011-05-03,train,ret60_ret5_top5_riskoff0,1.0027536002,1.0825349583,1.0784108273
3,2011-05-04,train,ret60_ret5_top5_riskoff0,0.9815333901,1.0590091326,1.0508387487
3,2011-05-05,train,ret60_ret5_top5_riskoff0,0.9801099658,1.0619970832,1.0498614679
3,2011-05-06,train,ret60_ret5_top5_riskoff0,0.9801099658,1.0650614452,1.0482763253
3,2011-05-09,train,ret60_ret5_top5_riskoff0,0.9801099658,1.0718152429,1.0510839085
3,2011-05-10,train,ret60_ret5_top5_riskoff0,0.9801099658,1.0784168200,1.0589626047
3,2011-05-11,train,ret60_ret5_top5_riskoff0,0.9801099658,1.0796379307,1.0562322637
3,2011-05-12,train,ret60_ret5_top5_riskoff0,0.9801099658,1.0644112689,1.0416267862
3,2011-05-13,train,ret60_ret5_top5_riskoff0,0.9801099658,1.0725050717,1.0505230635
3,2011-05-16,train,ret60_ret5_top5_riskoff0,0.9801099658,1.0683989082,1.0412439340
3,2011-05-17,train,ret60_ret5_top5_riskoff0,0.9801099658,1.0660866934,1.0464728897
3,2011-05-18,train,ret60_ret5_top5_riskoff0,0.9801099658,1.0733517784,1.0543146441
3,2011-05-19,train,ret60_ret5_top5_riskoff0,0.9801099658,1.0676466629,1.0480210905
3,2011-05-20,train,ret60_ret5_top5_riskoff0,0.9801099658,1.0652132213,1.0483434924
3,2011-05-23,train,ret60_ret5_top5_riskoff0,0.9801099658,1.0273669065,1.0152234144
3,2011-05-24,train,ret60_ret5_top5_riskoff0,0.9801099658,1.0272459833,1.0163115208
3,2011-05-25,train,ret60_ret5_top5_riskoff0,0.9801099658,1.0153013769,1.0042617500
3,2011-05-26,train,ret60_ret5_top5_riskoff0,0.9801099658,1.0079048517,1.0002451598
3,2011-05-27,train,ret60_ret5_top5_riskoff0,0.9801099658,0.9871093378,0.9951841217
3,2011-05-30,train,ret60_ret5_top5_riskoff0,0.9801099658,0.9749201456,0.9922287710
3,2011-05-31,train,ret60_ret5_top5_riskoff0,0.9801099658,0.9936329439,1.0080298222
3,2011-06-01,train,ret60_ret5_top5_riskoff0,0.9801099658,1.0016964011,1.0089063523
3,2011-06-02,train,ret60_ret5_top5_riskoff0,0.9801099658,0.9886570828,0.9926317734
3,2011-06-03,train,ret60_ret5_top5_riskoff0,0.9801099658,1.0027679621,1.0029217672
3,2011-06-07,train,ret60_ret5_top5_riskoff0,0.9801099658,1.0112076192,1.0089365775
3,2011-06-08,train,ret60_ret5_top5_riskoff0,0.9801099658,1.0160268427,1.0104108945
3,2011-06-09,train,ret60_ret5_top5_riskoff0,0.9801099658,0.9945195964,0.9913488825
3,2011-06-10,train,ret60_ret5_top5_riskoff0,0.9801099658,0.9962970822,0.9947206690
3,2011-06-13,train,ret60_ret5_top5_riskoff0,0.9801099658,0.9938586443,0.9908316961
3,2011-06-14,train,ret60_ret5_top5_riskoff0,0.9801099658,1.0086544645,1.0053431397
3,2011-06-15,train,ret60_ret5_top5_riskoff0,0.9801099658,0.9999662303,0.9951203130
3,2011-06-16,train,ret60_ret5_top5_riskoff0,0.9801099658,0.9802481288,0.9798263731
3,2011-06-17,train,ret60_ret5_top5_riskoff0,0.9801099658,0.9681893130,0.9712894397
3,2011-06-20,train,ret60_ret5_top5_riskoff0,0.9801099658,0.9568396880,0.9654929223
3,2011-06-21,train,ret60_ret5_top5_riskoff0,0.9801099658,0.9693133117,0.9769684147
3,2011-06-22,train,ret60_ret5_top5_riskoff0,0.9801099658,0.9683592198,0.9768038554
3,2011-06-23,train,ret60_ret5_top5_riskoff0,0.9801099658,0.9854873728,0.9932765772
3,2011-06-24,train,ret60_ret5_top5_riskoff0,0.9801099658,1.0079291112,1.0167313150
3,2011-06-27,train,ret60_ret5_top5_riskoff0,0.9801099658,1.0172060189,1.0197605494
3,2011-06-28,train,ret60_ret5_top5_riskoff0,0.9801099658,1.0196286968,1.0215203264
3,2011-06-29,train,ret60_ret5_top5_riskoff0,0.9801099658,1.0067957281,1.0075630111
3,2011-06-30,train,ret60_ret5_top5_riskoff0,0.9801099658,1.0215952038,1.0223128978
3,2011-07-01,train,ret60_ret5_top5_riskoff0,0.9801099658,1.0262332563,1.0242137256
3,2011-07-04,train,ret60_ret5_top5_riskoff0,0.9801099658,1.0496387154,1.0484711098
3,2011-07-05,train,ret60_ret5_top5_riskoff0,0.9801099658,1.0544035052,1.0486457441
3,2011-07-06,train,ret60_ret5_top5_riskoff0,0.9801099658,1.0560618848,1.0456937518
3,2011-07-07,train,ret60_ret5_top5_riskoff0,0.9801099658,1.0547347129,1.0416536530
3,2011-07-08,train,ret60_ret5_top5_riskoff0,0.9801099658,1.0548416909,1.0441724178
3,2011-07-11,train,ret60_ret5_top5_riskoff0,0.9801099658,1.0616643550,1.0455258341
3,2011-07-12,train,ret60_ret5_top5_riskoff0,0.9801099658,1.0456376762,1.0266183064
3,2011-07-13,train,ret60_ret5_top5_riskoff0,0.9801099658,1.0645819308,1.0431884204
3,2011-07-14,train,ret60_ret5_top5_riskoff0,0.9801099658,1.0723300785,1.0463788558
3,2011-07-15,train,ret60_ret5_top5_riskoff0,0.9801099658,1.0790360188,1.0507917317
3,2011-07-18,train,ret60_ret5_top5_riskoff0,0.9801099658,1.0795499970,1.0486793277
3,2011-07-19,train,ret60_ret5_top5_riskoff0,0.9801099658,1.0685020060,1.0394539318
3,2011-07-20,train,ret60_ret5_top5_riskoff0,0.9801099658,1.0684182480,1.0382583581
3,2011-07-21,train,ret60_ret5_top5_riskoff0,0.9801099658,1.0561122008,1.0273672191
3,2011-07-22,train,ret60_ret5_top5_riskoff0,0.9801099658,1.0606467996,1.0303393616
3,2011-07-25,train,ret60_ret5_top5_riskoff0,0.9801099658,1.0220522858,0.9968565815
3,2011-07-26,train,ret60_ret5_top5_riskoff0,0.9801099658,1.0266998908,1.0000403002
3,2011-07-27,train,ret60_ret5_top5_riskoff0,0.9801099658,1.0406195158,1.0075227109
3,2011-07-28,train,ret60_ret5_top5_riskoff0,0.9801099658,1.0361448449,1.0011250483
3,2011-07-29,train,ret60_ret5_top5_riskoff0,0.9801099658,1.0272341055,0.9981293973
3,2011-08-01,train,ret60_ret5_top5_riskoff0,0.9801099658,1.0312768410,1.0000235085
3,2011-08-02,train,ret60_ret5_top5_riskoff0,0.9801099658,1.0248246366,0.9928567830
3,2011-08-03,train,ret60_ret5_top5_riskoff0,0.9801099658,1.0264005621,0.9923496717
3,2011-08-04,train,ret60_ret5_top5_riskoff0,0.9801099658,1.0299432147,0.9941766158
3,2011-08-05,train,ret60_ret5_top5_riskoff0,0.9801099658,1.0090423618,0.9730559334
3,2011-08-08,train,ret60_ret5_top5_riskoff0,0.9801099658,0.9643925604,0.9382902625
3,2011-08-09,train,ret60_ret5_top5_riskoff0,0.9801099658,0.9624661845,0.9397309959
3,2011-08-10,train,ret60_ret5_top5_riskoff0,0.9801099658,0.9746652754,0.9484392054
3,2011-08-11,train,ret60_ret5_top5_riskoff0,0.9801099658,0.9915824244,0.9628129565
3,2011-08-12,train,ret60_ret5_top5_riskoff0,0.9801099658,1.0005174845,0.9656507649
3,2011-08-15,train,ret60_ret5_top5_riskoff0,0.9801099658,1.0133393399,0.9799271237
3,2011-08-16,train,ret60_ret5_top5_riskoff0,0.9801099658,1.0062281648,0.9731096670
3,2011-08-17,train,ret60_ret5_top5_riskoff0,0.9801099658,1.0026694689,0.9692240525
3,2011-08-18,train,ret60_ret5_top5_riskoff0,0.9801099658,0.9851061718,0.9518412171
3,2011-08-19,train,ret60_ret5_top5_riskoff0,0.9801099658,0.9763812693,0.9429113563
3,2011-08-22,train,ret60_ret5_top5_riskoff0,0.9801099658,0.9685691830,0.9328799557
3,2011-08-23,train,ret60_ret5_top5_riskoff0,0.9801099658,0.9841096981,0.9473913993
3,2011-08-24,train,ret60_ret5_top5_riskoff0,0.9801099658,0.9826111047,0.9437039276
3,2011-08-25,train,ret60_ret5_top5_riskoff0,0.9801099658,1.0050625981,0.9752119960
3,2011-08-26,train,ret60_ret5_top5_riskoff0,0.9801099658,1.0067121406,0.9743321075
3,2011-08-29,train,ret60_ret5_top5_riskoff0,0.9801099658,0.9973055303,0.9580743204
3,2011-08-30,train,ret60_ret5_top5_riskoff0,0.9801099658,0.9899091199,0.9543566235
3,2011-08-31,train,ret60_ret5_top5_riskoff0,0.9801099658,0.9878322627,0.9560492335
3,2011-09-01,train,ret60_ret5_top5_riskoff0,0.9801099658,0.9822324636,0.9519352510
3,2011-09-02,train,ret60_ret5_top5_riskoff0,0.9801099658,0.9708439038,0.9416318238
3,2011-09-05,train,ret60_ret5_top5_riskoff0,0.9801099658,0.9480196153,0.9214716303
3,2011-09-06,train,ret60_ret5_top5_riskoff0,0.9801099658,0.9404620167,0.9145802898
3,2011-09-07,train,ret60_ret5_top5_riskoff0,0.9801099658,0.9612914806,0.9333165416
3,2011-09-08,train,ret60_ret5_top5_riskoff0,0.9801099658,0.9525994540,0.9255990462
3,2011-09-09,train,ret60_ret5_top5_riskoff0,0.9801099658,0.9483275151,0.9239165113
3,2011-09-13,train,ret60_ret5_top5_riskoff0,0.9801099658,0.9350620139,0.9135660672
3,2011-09-14,train,ret60_ret5_top5_riskoff0,0.9801099658,0.9434421739,0.9178748342
3,2011-09-15,train,ret60_ret5_top5_riskoff0,0.9801099658,0.9441988779,0.9165113428
3,2011-09-16,train,ret60_ret5_top5_riskoff0,0.9801099658,0.9444065936,0.9181703693
3,2011-09-19,train,ret60_ret5_top5_riskoff0,0.9801099658,0.9259365295,0.8997934613
3,2011-09-20,train,ret60_ret5_top5_riskoff0,0.9801099658,0.9293938773,0.9033465988
3,2011-09-21,train,ret60_ret5_top5_riskoff0,0.9801099658,0.9564317948,0.9306029923
3,2011-09-22,train,ret60_ret5_top5_riskoff0,0.9801099658,0.9291072550,0.9019495240
3,2011-09-23,train,ret60_ret5_top5_riskoff0,0.9801099658,0.9221932195,0.8965056336
3,2011-09-26,train,ret60_ret5_top5_riskoff0,0.9801099658,0.9069202771,0.8768391181
3,2011-09-27,train,ret60_ret5_top5_riskoff0,0.9801099658,0.9122376724,0.8858932380
3,2011-09-28,train,ret60_ret5_top5_riskoff0,0.9801099658,0.8991257202,0.8767282924
3,2011-09-29,train,ret60_ret5_top5_riskoff0,0.9801099658,0.8770026221,0.8692055816
3,2011-09-30,train,ret60_ret5_top5_riskoff0,0.9801099658,0.8744838559,0.8669084681
3,2011-10-10,train,ret60_ret5_top5_riskoff0,0.9801099658,0.8684898992,0.8587577452
3,2011-10-11,train,ret60_ret5_top5_riskoff0,0.9801099658,0.8648691709,0.8570483435
3,2011-10-12,train,ret60_ret5_top5_riskoff0,0.9801099658,0.8940972244,0.8882037849
3,2011-10-13,train,ret60_ret5_top5_riskoff0,0.9801099658,0.9046769914,0.8941950867
3,2011-10-14,train,ret60_ret5_top5_riskoff0,0.9801099658,0.9004561016,0.8912330193
3,2011-10-17,train,ret60_ret5_top5_riskoff0,0.9801099658,0.9042911438,0.8956559703
3,2011-10-18,train,ret60_ret5_top5_riskoff0,0.9801099658,0.8786429611,0.8705556395
3,2011-10-19,train,ret60_ret5_top5_riskoff0,0.9801099658,0.8736219757,0.8674894632
3,2011-10-20,train,ret60_ret5_top5_riskoff0,0.9801099658,0.8494245406,0.8464829648
3,2011-10-21,train,ret60_ret5_top5_riskoff0,0.9801099658,0.8384799682,0.8422346481
3,2011-10-24,train,ret60_ret5_top5_riskoff0,0.9801099658,0.8550351695,0.8653367589
3,2011-10-25,train,ret60_ret5_top5_riskoff0,0.9801099658,0.8767047927,0.8817120884
3,2011-10-26,train,ret60_ret5_top5_riskoff0,0.9801099658,0.8860001773,0.8905176901
3,2011-10-27,train,ret60_ret5_top5_riskoff0,0.9801099658,0.8868637187,0.8924756100
3,2011-10-28,train,ret60_ret5_top5_riskoff0,0.9801099658,0.9052334830,0.9097845617
3,2011-10-31,train,ret60_ret5_top5_riskoff0,0.9801099658,0.9076291961,0.9051802596
3,2011-11-01,train,ret60_ret5_top5_riskoff0,0.9801099658,0.9080443848,0.9059258140
3,2011-11-02,train,ret60_ret5_top5_riskoff0,0.9801099658,0.9238547698,0.9209913858
3,2011-11-03,train,ret60_ret5_top5_riskoff0,0.9801099658,0.9280356576,0.9216328313
3,2011-11-04,train,ret60_ret5_top5_riskoff0,0.9801099658,0.9348578912,0.9281648280
3,2011-11-07,train,ret60_ret5_top5_riskoff0,0.9801099658,0.9303589328,0.9189293570
3,2011-11-08,train,ret60_ret5_top5_riskoff0,0.9801099658,0.9219580148,0.9160613235
3,2011-11-09,train,ret60_ret5_top5_riskoff0,0.9801099658,0.9334716762,0.9241012208
3,2011-11-10,train,ret60_ret5_top5_riskoff0,0.9801099658,0.9197049756,0.9066176347
3,2011-11-11,train,ret60_ret5_top5_riskoff0,0.9801099658,0.9193180669,0.9050761507
3,2011-11-14,train,ret60_ret5_top5_riskoff0,0.9801099658,0.9395163550,0.9236142596
3,2011-11-15,train,ret60_ret5_top5_riskoff0,0.9801099658,0.9438143302,0.9217604487
3,2011-11-16,train,ret60_ret5_top5_riskoff0,0.9801099658,0.9204486320,0.8967205682
3,2011-11-17,train,ret60_ret5_top5_riskoff0,0.9801099658,0.9196454731,0.8940003023
3,2011-11-18,train,ret60_ret5_top5_riskoff0,0.9801099658,0.8956941867,0.8753547260
3,2011-11-21,train,ret60_ret5_top5_riskoff0,0.9801099658,0.8956962663,0.8764260407
3,2011-11-22,train,ret60_ret5_top5_riskoff0,0.9801099658,0.8952764094,0.8763555153
3,2011-11-23,train,ret60_ret5_top5_riskoff0,0.9801099658,0.8907960804,0.8678017900
3,2011-11-24,train,ret60_ret5_top5_riskoff0,0.9801099658,0.8908900507,0.8694507414
3,2011-11-25,train,ret60_ret5_top5_riskoff0,0.9801099658,0.8848387886,0.8630866623
3,2011-11-28,train,ret60_ret5_top5_riskoff0,0.9801099658,0.8852075746,0.8642117106
3,2011-11-29,train,ret60_ret5_top5_riskoff0,0.9801099658,0.8978675285,0.8760499051
3,2011-11-30,train,ret60_ret5_top5_riskoff0,0.9801099658,0.8631151757,0.8468154417
3,2011-12-01,train,ret60_ret5_top5_riskoff0,0.9801099658,0.8802805005,0.8676674559
3,2011-12-02,train,ret60_ret5_top5_riskoff0,0.9801099658,0.8646347149,0.8588349873
3,2011-12-05,train,ret60_ret5_top5_riskoff0,0.9801099658,0.8420202666,0.8467717831
3,2011-12-06,train,ret60_ret5_top5_riskoff0,0.9801099658,0.8414288603,0.8450758148
3,2011-12-07,train,ret60_ret5_top5_riskoff0,0.9801099658,0.8440047042,0.8490688966
3,2011-12-08,train,ret60_ret5_top5_riskoff0,0.9801099658,0.8439994851,0.8479841486
3,2011-12-09,train,ret60_ret5_top5_riskoff0,0.9801099658,0.8355926461,0.8407502561
3,2011-12-12,train,ret60_ret5_top5_riskoff0,0.9801099658,0.8253533475,0.8320957802
3,2011-12-13,train,ret60_ret5_top5_riskoff0,0.9801099658,0.8005031960,0.8133696035
3,2011-12-14,train,ret60_ret5_top5_riskoff0,0.9801099658,0.7877031953,0.8051584303
3,2011-12-15,train,ret60_ret5_top5_riskoff0,0.9801099658,0.7686045042,0.7861199268
3,2011-12-16,train,ret60_ret5_top5_riskoff0,0.9801099658,0.7877455183,0.8026900408
3,2011-12-19,train,ret60_ret5_top5_riskoff0,0.9801099658,0.7882480075,0.8007690629
3,2011-12-20,train,ret60_ret5_top5_riskoff0,0.9801099658,0.7857943903,0.7983040317
3,2011-12-21,train,ret60_ret5_top5_riskoff0,0.9801099658,0.7699613580,0.7855557235
3,2011-12-22,train,ret60_ret5_top5_riskoff0,0.9801099658,0.7631805971,0.7863046362
3,2011-12-23,train,ret60_ret5_top5_riskoff0,0.9801099658,0.7695815096,0.7922892214
3,2011-12-26,train,ret60_ret5_top5_riskoff0,0.9801099658,0.7644936254,0.7844105251
3,2011-12-27,train,ret60_ret5_top5_riskoff0,0.9801099658,0.7468742792,0.7741104562
3,2011-12-28,train,ret60_ret5_top5_riskoff0,0.9801099658,0.7442300035,0.7750843786
3,2011-12-29,train,ret60_ret5_top5_riskoff0,0.9801099658,0.7456188474,0.7762362937
3,2011-12-30,train,ret60_ret5_top5_riskoff0,0.9801099658,0.7578729456,0.7877823116
3,2012-01-04,train,ret60_ret5_top5_riskoff0,0.9801099658,0.7411449299,0.7720014105
3,2012-01-05,train,ret60_ret5_top5_riskoff0,0.9801099658,0.7190019340,0.7644921331
3,2012-01-06,train,ret60_ret5_top5_riskoff0,0.9801099658,0.7219060946,0.7692643528
3,2012-01-09,train,ret60_ret5_top5_riskoff0,0.9801099658,0.7492813171,0.7954494316
3,2012-01-10,train,ret60_ret5_top5_riskoff0,0.9801099658,0.7780051225,0.8219065370
3,2012-01-11,train,ret60_ret5_top5_riskoff0,0.9801099658,0.7772765202,0.8179638305
3,2012-01-12,train,ret60_ret5_top5_riskoff0,0.9801099658,0.7753681446,0.8178328548
3,2012-01-13,train,ret60_ret5_top5_riskoff0,0.9801099658,0.7525020869,0.8041005491
3,2012-01-16,train,ret60_ret5_top5_riskoff0,0.9801099658,0.7309752992,0.7877520864
3,2012-01-17,train,ret60_ret5_top5_riskoff0,0.9801099658,0.7688890848,0.8263563548
3,2012-01-18,train,ret60_ret5_top5_riskoff0,0.9801099658,0.7530069073,0.8134569207
3,2012-01-19,train,ret60_ret5_top5_riskoff0,0.9801099658,0.7621814802,0.8289590785
3,2012-01-20,train,ret60_ret5_top5_riskoff0,0.9801099658,0.7727125550,0.8409618323
3,2012-01-30,train,ret60_ret5_top5_riskoff0,0.9801099658,0.7655858578,0.8263966551
3,2012-01-31,train,ret60_ret5_top5_riskoff0,0.9801099658,0.7664746454,0.8275855121
3,2012-02-01,train,ret60_ret5_top5_riskoff0,0.9801099658,0.7600897627,0.8157406008
3,2012-02-02,train,ret60_ret5_top5_riskoff0,0.9801099658,0.7746473277,0.8349671721
3,2012-02-03,train,ret60_ret5_top5_riskoff0,0.9801099658,0.7844481877,0.8416335029
3,2012-02-06,train,ret60_ret5_top5_riskoff0,0.9801099658,0.7890650412,0.8410390744
3,2012-02-07,train,ret60_ret5_top5_riskoff0,0.9801099658,0.7757687916,0.8254663913
3,2012-02-08,train,ret60_ret5_top5_riskoff0,0.9801099658,0.7959649739,0.8490722550
3,2012-02-09,train,ret60_ret5_top5_riskoff0,0.9801099658,0.7998885666,0.8494047319
3,2012-02-10,train,ret60_ret5_top5_riskoff0,0.9801099658,0.8037227347,0.8508790489
3,2012-02-13,train,ret60_ret5_top5_riskoff0,0.9801099658,0.8096808556,0.8503282790
3,2012-02-14,train,ret60_ret5_top5_riskoff0,0.9801099658,0.8091991334,0.8470135845
3,2012-02-15,train,ret60_ret5_top5_riskoff0,0.9801099658,0.8214914647,0.8562490555
3,2012-02-16,train,ret60_ret5_top5_riskoff0,0.9801099658,0.8200038650,0.8517018454
3,2012-02-17,train,ret60_ret5_top5_riskoff0,0.9801099658,0.8183833643,0.8520443974
3,2012-02-20,train,ret60_ret5_top5_riskoff0,0.9801099658,0.8200508524,0.8532601212
3,2012-02-21,train,ret60_ret5_top5_riskoff0,0.9801099658,0.8287552460,0.8605611808
3,2012-02-22,train,ret60_ret5_top5_riskoff0,0.9801099658,0.8432051191,0.8723254916
3,2012-02-23,train,ret60_ret5_top5_riskoff0,0.9801099658,0.8458215359,0.8752741256
3,2012-02-24,train,ret60_ret5_top5_riskoff0,0.9801099658,0.8569237187,0.8892986080
3,2012-02-27,train,ret60_ret5_top5_riskoff0,0.9801099658,0.8599570308,0.8921699998
3,2012-02-28,train,ret60_ret5_top5_riskoff0,0.9801099658,0.8572212841,0.8941480698
3,2012-02-29,train,ret60_ret5_top5_riskoff0,0.9791298558,0.8474156155,0.8846372139
3,2012-03-01,train,ret60_ret5_top5_riskoff0,0.9829390228,0.8507469504,0.8843719040
3,2012-03-02,train,ret60_ret5_top5_riskoff0,1.0073911509,0.8664164308,0.9000151126
3,2012-03-05,train,ret60_ret5_top5_riskoff0,1.0039010741,0.8652898435,0.8942286703
3,2012-03-06,train,ret60_ret5_top5_riskoff0,0.9912199626,0.8558102471,0.8802411297
3,2012-03-07,train,ret60_ret5_top5_riskoff0,0.9799198150,0.8510238579,0.8741793025
3,2012-03-08,train,ret60_ret5_top5_riskoff0,0.9956751373,0.8621936534,0.8851913422
3,2012-03-09,train,ret60_ret5_top5_riskoff0,1.0062061527,0.8736628213,0.8947660068
3,2012-03-12,train,ret60_ret5_top5_riskoff0,1.0009450880,0.8762228329,0.8914412372
3,2012-03-13,train,ret60_ret5_top5_riskoff0,1.0093642498,0.8844516889,0.9003979648
3,2012-03-14,train,ret60_ret5_top5_riskoff0,0.9726029259,0.8507598480,0.8748879150
3,2012-03-15,train,ret60_ret5_top5_riskoff0,0.9584974560,0.8421584513,0.8683189764
3,2012-03-16,train,ret60_ret5_top5_riskoff0,0.9736730141,0.8605734372,0.8810706430
3,2012-03-19,train,ret60_ret5_top5_riskoff0,0.9811606893,0.8691740198,0.8832502141
3,2012-03-20,train,ret60_ret5_top5_riskoff0,0.9676501209,0.8521094470,0.8679495575
3,2012-03-21,train,ret60_ret5_top5_riskoff0,0.9747666295,0.8534264353,0.8690712475
3,2012-03-22,train,ret60_ret5_top5_riskoff0,0.9730079720,0.8509711467,0.8677144728
3,2012-03-23,train,ret60_ret5_top5_riskoff0,0.9563496734,0.8368558293,0.8573673870
3,2012-03-26,train,ret60_ret5_top5_riskoff0,0.9558253014,0.8363230930,0.8582069753
3,2012-03-27,train,ret60_ret5_top5_riskoff0,0.9561921516,0.8338318410,0.8554195423
3,2012-03-28,train,ret60_ret5_top5_riskoff0,0.9217759017,0.8010036098,0.8311587997
3,2012-03-29,train,ret60_ret5_top5_riskoff0,0.9217759017,0.7883450627,0.8204859537
3,2012-03-30,train,ret60_ret5_top5_riskoff0,0.9217759017,0.7872691961,0.8244420936
3,2012-04-05,train,ret60_ret5_top5_riskoff0,0.9217759017,0.8098342624,0.8438970329
3,2012-04-06,train,ret60_ret5_top5_riskoff0,0.9217759017,0.8143163926,0.8462478800
3,2012-04-09,train,ret60_ret5_top5_riskoff0,0.9217759017,0.8061045646,0.8379594647
3,2012-04-10,train,ret60_ret5_top5_riskoff0,0.9217759017,0.8146185671,0.8462344466
3,2012-04-11,train,ret60_ret5_top5_riskoff0,0.9217759017,0.8173906774,0.8463184055
3,2012-04-12,train,ret60_ret5_top5_riskoff0,0.9217759017,0.8327958825,0.8632445049
3,2012-04-13,train,ret60_ret5_top5_riskoff0,0.9217759017,0.8384719839,0.8666062163
3,2012-04-16,train,ret60_ret5_top5_riskoff0,0.9217759017,0.8393305941,0.8644535120
3,2012-04-17,train,ret60_ret5_top5_riskoff0,0.9217759017,0.8285785826,0.8536530485
3,2012-04-18,train,ret60_ret5_top5_riskoff0,0.9217759017,0.8464132596,0.8731415714
3,2012-04-19,train,ret60_ret5_top5_riskoff0,0.9217759017,0.8441320266,0.8718486054
3,2012-04-20,train,ret60_ret5_top5_riskoff0,0.9217759017,0.8510110642,0.8821856162
3,2012-04-23,train,ret60_ret5_top5_riskoff0,0.9217759017,0.8408379871,0.8752002418
3,2012-04-24,train,ret60_ret5_top5_riskoff0,0.9217759017,0.8345998609,0.8748073145
3,2012-04-25,train,ret60_ret5_top5_riskoff0,0.9217759017,0.8452264110,0.8819001562
3,2012-04-26,train,ret60_ret5_top5_riskoff0,0.9217759017,0.8431852969,0.8837472503
3,2012-04-27,train,ret60_ret5_top5_riskoff0,0.9217759017,0.8386585840,0.8819572482
3,2012-05-02,train,ret60_ret5_top5_riskoff0,0.9208541258,0.8507298723,0.9012106863
3,2012-05-03,train,ret60_ret5_top5_riskoff0,0.9173692053,0.8527807851,0.9039074438
3,2012-05-04,train,ret60_ret5_top5_riskoff0,0.9281956741,0.8611535023,0.9120883919
3,2012-05-07,train,ret60_ret5_top5_riskoff0,0.9360360997,0.8671617963,0.9127264789
3,2012-05-08,train,ret60_ret5_top5_riskoff0,0.9356887466,0.8666231700,0.9098181452
3,2012-05-09,train,ret60_ret5_top5_riskoff0,0.9211862800,0.8513753414,0.8924856850
3,2012-05-10,train,ret60_ret5_top5_riskoff0,0.9228610712,0.8531809859,0.8923849344
3,2012-05-11,train,ret60_ret5_top5_riskoff0,0.9167412692,0.8477668115,0.8855708361
3,2012-05-14,train,ret60_ret5_top5_riskoff0,0.9161415109,0.8437501996,0.8783873189
3,2012-05-15,train,ret60_ret5_top5_riskoff0,0.9226658012,0.8438480190,0.8790052558
3,2012-05-16,train,ret60_ret5_top5_riskoff0,0.9099751300,0.8330470266,0.8646583715
3,2012-05-17,train,ret60_ret5_top5_riskoff0,0.9251976492,0.8446650562,0.8778533407
3,2012-05-18,train,ret60_ret5_top5_riskoff0,0.9097254905,0.8322448425,0.8644333619
3,2012-05-21,train,ret60_ret5_top5_riskoff0,0.9069998228,0.8325767800,0.8688831797
3,2012-05-22,train,ret60_ret5_top5_riskoff0,0.9222742326,0.8439598096,0.8824139842
3,2012-05-23,train,ret60_ret5_top5_riskoff0,0.9225877795,0.8411855738,0.8788373382
3,2012-05-24,train,ret60_ret5_top5_riskoff0,0.9156830528,0.8347679559,0.8715799372
3,2012-05-25,train,ret60_ret5_top5_riskoff0,0.9034960260,0.8256517861,0.8641378268
3,2012-05-28,train,ret60_ret5_top5_riskoff0,0.9139824217,0.8367459485,0.8781052172
3,2012-05-29,train,ret60_ret5_top5_riskoff0,0.9281174295,0.8486870700,0.8902490219
3,2012-05-30,train,ret60_ret5_top5_riskoff0,0.9284292844,0.8484485972,0.8873641966
3,2012-05-31,train,ret60_ret5_top5_riskoff0,0.9284292844,0.8487712531,0.8839319598
3,2012-06-01,train,ret60_ret5_top5_riskoff0,0.9284292844,0.8477105993,0.8842543617
3,2012-06-04,train,ret60_ret5_top5_riskoff0,0.9284292844,0.8227112681,0.8594126240
3,2012-06-05,train,ret60_ret5_top5_riskoff0,0.9284292844,0.8218762202,0.8593488153
3,2012-06-06,train,ret60_ret5_top5_riskoff0,0.9284292844,0.8196257449,0.8588652125
3,2012-06-07,train,ret60_ret5_top5_riskoff0,0.9284292844,0.8152300668,0.8537537991
3,2012-06-08,train,ret60_ret5_top5_riskoff0,0.9284292844,0.8110124544,0.8477591389
3,2012-06-11,train,ret60_ret5_top5_riskoff0,0.9284292844,0.8231557980,0.8591540309
3,2012-06-12,train,ret60_ret5_top5_riskoff0,0.9284292844,0.8181509868,0.8530821285
3,2012-06-13,train,ret60_ret5_top5_riskoff0,0.9284292844,0.8317296295,0.8666700250
3,2012-06-14,train,ret60_ret5_top5_riskoff0,0.9284292844,0.8272231799,0.8598794351
3,2012-06-15,train,ret60_ret5_top5_riskoff0,0.9284292844,0.8277252982,0.8624418585
3,2012-06-18,train,ret60_ret5_top5_riskoff0,0.9284292844,0.8341971949,0.8668614511
3,2012-06-19,train,ret60_ret5_top5_riskoff0,0.9284292844,0.8274775332,0.8592749316
3,2012-06-20,train,ret60_ret5_top5_riskoff0,0.9284292844,0.8254527262,0.8572565614
3,2012-06-21,train,ret60_ret5_top5_riskoff0,0.9284292844,0.8137945186,0.8436820983
3,2012-06-25,train,ret60_ret5_top5_riskoff0,0.9284292844,0.7941125288,0.8249861468
3,2012-06-26,train,ret60_ret5_top5_riskoff0,0.9284292844,0.7938184910,0.8244488103
3,2012-06-27,train,ret60_ret5_top5_riskoff0,0.9284292844,0.7910896363,0.8218561617
3,2012-06-28,train,ret60_ret5_top5_riskoff0,0.9284292844,0.7814753039,0.8146457777
3,2012-06-29,train,ret60_ret5_top5_riskoff0,0.9284292844,0.7913708550,0.8266955485
3,2012-07-02,train,ret60_ret5_top5_riskoff0,0.9284292844,0.7975359473,0.8279146307
3,2012-07-03,train,ret60_ret5_top5_riskoff0,0.9284292844,0.7999806709,0.8290833375
3,2012-07-04,train,ret60_ret5_top5_riskoff0,0.9284292844,0.7976322110,0.8278071634
3,2012-07-05,train,ret60_ret5_top5_riskoff0,0.9284292844,0.7824352350,0.8162040535
3,2012-07-06,train,ret60_ret5_top5_riskoff0,0.9284292844,0.7969217297,0.8303897369
3,2012-07-09,train,ret60_ret5_top5_riskoff0,0.9284292844,0.7797774425,0.8113915336
3,2012-07-10,train,ret60_ret5_top5_riskoff0,0.9284292844,0.7739176630,0.8082581902
3,2012-07-11,train,ret60_ret5_top5_riskoff0,0.9284292844,0.7796577758,0.8145920441
3,2012-07-12,train,ret60_ret5_top5_riskoff0,0.9284292844,0.7891338316,0.8225211156
3,2012-07-13,train,ret60_ret5_top5_riskoff0,0.9284292844,0.7859227457,0.8230080768
3,2012-07-16,train,ret60_ret5_top5_riskoff0,0.9284292844,0.7609230574,0.8059140597
3,2012-07-17,train,ret60_ret5_top5_riskoff0,0.9284292844,0.7654062704,0.8107735966
3,2012-07-18,train,ret60_ret5_top5_riskoff0,0.9284292844,0.7695459715,0.8108206136
3,2012-07-19,train,ret60_ret5_top5_riskoff0,0.9284292844,0.7763902753,0.8141722499
3,2012-07-20,train,ret60_ret5_top5_riskoff0,0.9284292844,0.7707248238,0.8054875489
3,2012-07-23,train,ret60_ret5_top5_riskoff0,0.9284292844,0.7627875272,0.7943949087
3,2012-07-24,train,ret60_ret5_top5_riskoff0,0.9284292844,0.7678744788,0.7979413296
3,2012-07-25,train,ret60_ret5_top5_riskoff0,0.9284292844,0.7621892579,0.7925981898
3,2012-07-26,train,ret60_ret5_top5_riskoff0,0.9284292844,0.7567862365,0.7883700233
3,2012-07-27,train,ret60_ret5_top5_riskoff0,0.9284292844,0.7541529883,0.7889140765
3,2012-07-30,train,ret60_ret5_top5_riskoff0,0.9284292844,0.7421777079,0.7844407503
3,2012-07-31,train,ret60_ret5_top5_riskoff0,0.9284292844,0.7334308487,0.7834769029
3,2012-08-01,train,ret60_ret5_top5_riskoff0,0.9284292844,0.7432505027,0.7921179454
3,2012-08-02,train,ret60_ret5_top5_riskoff0,0.9284292844,0.7375960833,0.7841351401
3,2012-08-03,train,ret60_ret5_top5_riskoff0,0.9284292844,0.7497429629,0.7904689940
3,2012-08-06,train,ret60_ret5_top5_riskoff0,0.9284292844,0.7649892961,0.8011720652
3,2012-08-07,train,ret60_ret5_top5_riskoff0,0.9284292844,0.7711437624,0.8022668883
3,2012-08-08,train,ret60_ret5_top5_riskoff0,0.9284292844,0.7688875282,0.8025758568
3,2012-08-09,train,ret60_ret5_top5_riskoff0,0.9284292844,0.7785374995,0.8099340084
3,2012-08-10,train,ret60_ret5_top5_riskoff0,0.9284292844,0.7763346601,0.8059207765
3,2012-08-13,train,ret60_ret5_top5_riskoff0,0.9284292844,0.7621034585,0.7898611321
3,2012-08-14,train,ret60_ret5_top5_riskoff0,0.9284292844,0.7661322811,0.7915705338
3,2012-08-15,train,ret60_ret5_top5_riskoff0,0.9284292844,0.7589999677,0.7830403170
3,2012-08-16,train,ret60_ret5_top5_riskoff0,0.9284292844,0.7540176845,0.7790270851
3,2012-08-17,train,ret60_ret5_top5_riskoff0,0.9284292844,0.7533544515,0.7769482646
3,2012-08-20,train,ret60_ret5_top5_riskoff0,0.9284292844,0.7533596449,0.7730223498
3,2012-08-21,train,ret60_ret5_top5_riskoff0,0.9284292844,0.7621513711,0.7770221483
3,2012-08-22,train,ret60_ret5_top5_riskoff0,0.9284292844,0.7565963280,0.7709401709
3,2012-08-23,train,ret60_ret5_top5_riskoff0,0.9284292844,0.7612090914,0.7731600423
3,2012-08-24,train,ret60_ret5_top5_riskoff0,0.9284292844,0.7479021533,0.7642536900
3,2012-08-27,train,ret60_ret5_top5_riskoff0,0.9284292844,0.7316222832,0.7483082296
3,2012-08-28,train,ret60_ret5_top5_riskoff0,0.9284292844,0.7354790836,0.7517371081
3,2012-08-29,train,ret60_ret5_top5_riskoff0,0.9284292844,0.7300264347,0.7438113949
3,2012-08-30,train,ret60_ret5_top5_riskoff0,0.9284292844,0.7209893316,0.7426561214
3,2012-08-31,train,ret60_ret5_top5_riskoff0,0.9284292844,0.7223451389,0.7404731919
3,2012-09-03,train,ret60_ret5_top5_riskoff0,0.9284292844,0.7330354365,0.7483653216
3,2012-09-04,train,ret60_ret5_top5_riskoff0,0.9284292844,0.7266693778,0.7403187077
3,2012-09-05,train,ret60_ret5_top5_riskoff0,0.9284292844,0.7292804750,0.7387973738
3,2012-09-06,train,ret60_ret5_top5_riskoff0,0.9284292844,0.7362709128,0.7448222592
3,2012-09-07,train,ret60_ret5_top5_riskoff0,0.9284292844,0.7632269550,0.7781908552
3,2012-09-10,train,ret60_ret5_top5_riskoff0,0.9284292844,0.7689315097,0.7813779323
3,2012-09-11,train,ret60_ret5_top5_riskoff0,0.9284292844,0.7656177890,0.7764142864
3,2012-09-12,train,ret60_ret5_top5_riskoff0,0.9284292844,0.7703435046,0.7791614192
3,2012-09-13,train,ret60_ret5_top5_riskoff0,0.9284292844,0.7610849721,0.7719040183
3,2012-09-14,train,ret60_ret5_top5_riskoff0,0.9284292844,0.7633538186,0.7776400853
3,2012-09-17,train,ret60_ret5_top5_riskoff0,0.9284292844,0.7424593845,0.7585545648
3,2012-09-18,train,ret60_ret5_top5_riskoff0,0.9284292844,0.7382358684,0.7506725102
3,2012-09-19,train,ret60_ret5_top5_riskoff0,0.9284292844,0.7443841218,0.7543666986
3,2012-09-20,train,ret60_ret5_top5_riskoff0,0.9284292844,0.7238066315,0.7374775410
3,2012-09-21,train,ret60_ret5_top5_riskoff0,0.9284292844,0.7208228759,0.7385219888
3,2012-09-24,train,ret60_ret5_top5_riskoff0,0.9284292844,0.7251133757,0.7440498380
3,2012-09-25,train,ret60_ret5_top5_riskoff0,0.9284292844,0.7210464329,0.7422464024
3,2012-09-26,train,ret60_ret5_top5_riskoff0,0.9284292844,0.7070743690,0.7337632025
3,2012-09-27,train,ret60_ret5_top5_riskoff0,0.9284292844,0.7240361452,0.7562070760
3,2012-09-28,train,ret60_ret5_top5_riskoff0,0.9284292844,0.7370831535,0.7701072994
3,2012-10-08,train,ret60_ret5_top5_riskoff0,0.9284292844,0.7336236327,0.7623629372
3,2012-10-09,train,ret60_ret5_top5_riskoff0,0.9284292844,0.7510347446,0.7791916444
3,2012-10-10,train,ret60_ret5_top5_riskoff0,0.9284292844,0.7573398429,0.7805215522
3,2012-10-11,train,ret60_ret5_top5_riskoff0,0.9284292844,0.7469524510,0.7732708680
3,2012-10-12,train,ret60_ret5_top5_riskoff0,0.9284292844,0.7458255487,0.7739425386
3,2012-10-15,train,ret60_ret5_top5_riskoff0,0.9284292844,0.7407938151,0.7706950112
3,2012-10-16,train,ret60_ret5_top5_riskoff0,0.9284292844,0.7420283983,0.7718032677
3,2012-10-17,train,ret60_ret5_top5_riskoff0,0.9284292844,0.7434373667,0.7726898729
3,2012-10-18,train,ret60_ret5_top5_riskoff0,0.9284292844,0.7555901805,0.7845381425
3,2012-10-19,train,ret60_ret5_top5_riskoff0,0.9284292844,0.7541420261,0.7833257770
3,2012-10-22,train,ret60_ret5_top5_riskoff0,0.9284292844,0.7571315497,0.7863885950
3,2012-10-23,train,ret60_ret5_top5_riskoff0,0.9284292844,0.7496975274,0.7764780951
3,2012-10-24,train,ret60_ret5_top5_riskoff0,0.9284292844,0.7496135623,0.7750340033
3,2012-10-25,train,ret60_ret5_top5_riskoff0,0.9284292844,0.7432343964,0.7694792874
3,2012-10-26,train,ret60_ret5_top5_riskoff0,0.9284292844,0.7280588109,0.7549275435
3,2012-10-29,train,ret60_ret5_top5_riskoff0,0.9284292844,0.7263596537,0.7508773697
3,2012-10-30,train,ret60_ret5_top5_riskoff0,0.9284292844,0.7271637216,0.7522307860
3,2012-10-31,train,ret60_ret5_top5_riskoff0,0.9284292844,0.7306117161,0.7572481655
3,2012-11-01,train,ret60_ret5_top5_riskoff0,0.9284292844,0.7427942207,0.7717092338
3,2012-11-02,train,ret60_ret5_top5_riskoff0,0.9284292844,0.7454660331,0.7746948097
3,2012-11-05,train,ret60_ret5_top5_riskoff0,0.9284292844,0.7436996958,0.7730525750
3,2012-11-06,train,ret60_ret5_top5_riskoff0,0.9284292844,0.7394096674,0.7698050476
3,2012-11-07,train,ret60_ret5_top5_riskoff0,0.9284292844,0.7385817712,0.7682232633
3,2012-11-08,train,ret60_ret5_top5_riskoff0,0.9284292844,0.7221200737,0.7540879553
3,2012-11-09,train,ret60_ret5_top5_riskoff0,0.9284292844,0.7204697539,0.7525800547
3,2012-11-12,train,ret60_ret5_top5_riskoff0,0.9284292844,0.7246178569,0.7562507346
3,2012-11-13,train,ret60_ret5_top5_riskoff0,0.9284292844,0.7119384365,0.7430154652
3,2012-11-14,train,ret60_ret5_top5_riskoff0,0.9284292844,0.7134454635,0.7465988279
3,2012-11-15,train,ret60_ret5_top5_riskoff0,0.9284292844,0.7020673345,0.7366950448
3,2012-11-16,train,ret60_ret5_top5_riskoff0,0.9284292844,0.6971833028,0.7311940624
3,2012-11-19,train,ret60_ret5_top5_riskoff0,0.9284292844,0.6984389095,0.7304384330
3,2012-11-20,train,ret60_ret5_top5_riskoff0,0.9284292844,0.6965298141,0.7270431380
3,2012-11-21,train,ret60_ret5_top5_riskoff0,0.9284292844,0.7041158276,0.7371249139
3,2012-11-22,train,ret60_ret5_top5_riskoff0,0.9284292844,0.6971340089,0.7312981714
3,2012-11-23,train,ret60_ret5_top5_riskoff0,0.9284292844,0.7002632278,0.7363793596
3,2012-11-26,train,ret60_ret5_top5_riskoff0,0.9284292844,0.6927829136,0.7306432925
3,2012-11-27,train,ret60_ret5_top5_riskoff0,0.9284292844,0.6739898281,0.7222608433
3,2012-11-28,train,ret60_ret5_top5_riskoff0,0.9284292844,0.6617779014,0.7150471009
3,2012-11-29,train,ret60_ret5_top5_riskoff0,0.9284292844,0.6570491359,0.7105200410
3,2012-11-30,train,ret60_ret5_top5_riskoff0,0.9284292844,0.6654631701,0.7185733716
3,2012-12-03,train,ret60_ret5_top5_riskoff0,0.9284292844,0.6522636119,0.7082262858
3,2012-12-04,train,ret60_ret5_top5_riskoff0,0.9284292844,0.6594411893,0.7158228805
3,2012-12-05,train,ret60_ret5_top5_riskoff0,0.9284292844,0.6818707568,0.7414840562
3,2012-12-06,train,ret60_ret5_top5_riskoff0,0.9284292844,0.6800235814,0.7400466811
3,2012-12-07,train,ret60_ret5_top5_riskoff0,0.9284292844,0.6938977406,0.7545413329
3,2012-12-10,train,ret60_ret5_top5_riskoff0,0.9284292844,0.7041122281,0.7626987725
3,2012-12-11,train,ret60_ret5_top5_riskoff0,0.9284292844,0.6999578776,0.7584840394
3,2012-12-12,train,ret60_ret5_top5_riskoff0,0.9284292844,0.7009449109,0.7615972327
3,2012-12-13,train,ret60_ret5_top5_riskoff0,0.9284292844,0.6931890924,0.7531576915
3,2012-12-14,train,ret60_ret5_top5_riskoff0,0.9284292844,0.7213727822,0.7911843232
3,2012-12-17,train,ret60_ret5_top5_riskoff0,0.9284292844,0.7251812282,0.7948214196
3,2012-12-18,train,ret60_ret5_top5_riskoff0,0.9284292844,0.7236609443,0.7952983057
3,2012-12-19,train,ret60_ret5_top5_riskoff0,0.9284292844,0.7255373913,0.7963024533
3,2012-12-20,train,ret60_ret5_top5_riskoff0,0.9275008551,0.7291779851,0.8009067553
3,2012-12-21,train,ret60_ret5_top5_riskoff0,0.9253809756,0.7288652217,0.7966013467
3,2012-12-24,train,ret60_ret5_top5_riskoff0,0.9280706112,0.7321870185,0.7996977482
3,2012-12-25,train,ret60_ret5_top5_riskoff0,0.9513579627,0.7491849218,0.8222591641
3,2012-12-26,train,ret60_ret5_top5_riskoff0,0.9588422530,0.7578842841,0.8253555656
3,2012-12-27,train,ret60_ret5_top5_riskoff0,0.9544829446,0.7527179239,0.8209796316
3,2012-12-28,train,ret60_ret5_top5_riskoff0,0.9634014991,0.7608758261,0.8328883516
3,2012-12-31,train,ret60_ret5_top5_riskoff0,0.9751018778,0.7692811605,0.8472956862
3,2013-01-04,train,ret60_ret5_top5_riskoff0,0.9780821428,0.7661936018,0.8477860057
3,2013-01-07,train,ret60_ret5_top5_riskoff0,0.9842198735,0.7726268304,0.8516749786
3,2013-01-08,train,ret60_ret5_top5_riskoff0,0.9834318916,0.7783318624,0.8480949742
3,2013-01-09,train,ret60_ret5_top5_riskoff0,0.9814853694,0.7805955677,0.8483636425
3,2013-01-10,train,ret60_ret5_top5_riskoff0,0.9861005407,0.7841603931,0.8498547512
3,2013-01-11,train,ret60_ret5_top5_riskoff0,0.9645097740,0.7687584086,0.8339563078
3,2013-01-14,train,ret60_ret5_top5_riskoff0,0.9934241907,0.7940528725,0.8656927443
3,2013-01-15,train,ret60_ret5_top5_riskoff0,1.0040355946,0.8058254551,0.8717814384
3,2013-01-16,train,ret60_ret5_top5_riskoff0,0.9966413425,0.8041447982,0.8654778097
3,2013-01-17,train,ret60_ret5_top5_riskoff0,0.9928930740,0.7960509064,0.8573069367
3,2013-01-18,train,ret60_ret5_top5_riskoff0,1.0145666248,0.8084533194,0.8716403876
3,2013-01-21,train,ret60_ret5_top5_riskoff0,1.0223772496,0.8135150580,0.8768324014
3,2013-01-22,train,ret60_ret5_top5_riskoff0,1.0076293991,0.8025768705,0.8721307071
3,2013-01-23,train,ret60_ret5_top5_riskoff0,1.0113638571,0.8043627740,0.8756771279
3,2013-01-24,train,ret60_ret5_top5_riskoff0,0.9996798325,0.7890343695,0.8673786375
3,2013-01-25,train,ret60_ret5_top5_riskoff0,0.9955018847,0.7874801414,0.8636575823
3,2013-01-28,train,ret60_ret5_top5_riskoff0,1.0306571976,0.8056635521,0.8905882155
3,2013-01-29,train,ret60_ret5_top5_riskoff0,1.0381285756,0.8114538885,0.8986516212
3,2013-01-30,train,ret60_ret5_top5_riskoff0,1.0443153685,0.8144377809,0.9029637466
3,2013-01-31,train,ret60_ret5_top5_riskoff0,1.0334185821,0.8114761892,0.9023491680
3,2013-02-01,train,ret60_ret5_top5_riskoff0,1.0496435406,0.8177553721,0.9213037127
3,2013-02-04,train,ret60_ret5_top5_riskoff0,1.0472416398,0.8146063486,0.9228854970
3,2013-02-05,train,ret60_ret5_top5_riskoff0,1.0600736850,0.8239871929,0.9308280019
3,2013-02-06,train,ret60_ret5_top5_riskoff0,1.0585765130,0.8258301775,0.9322250768
3,2013-02-07,train,ret60_ret5_top5_riskoff0,1.0581302447,0.8281083523,0.9268617870
3,2013-02-08,train,ret60_ret5_top5_riskoff0,1.0699073015,0.8377292143,0.9308447937
3,2013-02-18,train,ret60_ret5_top5_riskoff0,1.0657958038,0.8376561410,0.9193390761
3,2013-02-19,test,ret60_ret5_top5_riskoff0,1.0000000000,1.0000000000,1.0000000000
3,2013-02-20,test,ret60_ret5_top5_riskoff0,1.0088887127,1.0151354590,1.0063412037
3,2013-02-21,test,ret60_ret5_top5_riskoff0,0.9792550230,0.9922579234,0.9720510424
3,2013-02-22,test,ret60_ret5_top5_riskoff0,0.9714220940,0.9906669276,0.9668566918
3,2013-02-25,test,ret60_ret5_top5_riskoff0,0.9763636202,0.9973232985,0.9699695786
3,2013-02-26,test,ret60_ret5_top5_riskoff0,0.9620451777,0.9821168770,0.9560584001
3,2013-02-27,test,ret60_ret5_top5_riskoff0,0.9715175695,0.9856557565,0.9661417704
3,2013-02-28,test,ret60_ret5_top5_riskoff0,0.9984193470,1.0062657353,0.9954274820
3,2013-03-01,test,ret60_ret5_top5_riskoff0,1.0060839693,1.0137904779,0.9937556086
3,2013-03-04,test,ret60_ret5_top5_riskoff0,0.9626533172,0.9807182085,0.9479112753
3,2013-03-05,test,ret60_ret5_top5_riskoff0,0.9883249279,1.0009045512,0.9766161133
3,2013-03-06,test,ret60_ret5_top5_riskoff0,0.9978230487,1.0155694687,0.9868149136
3,2013-03-07,test,ret60_ret5_top5_riskoff0,0.9854996060,1.0071963870,0.9753761715
3,2013-03-08,test,ret60_ret5_top5_riskoff0,0.9804469477,1.0007280324,0.9707031177
3,2013-03-11,test,ret60_ret5_top5_riskoff0,0.9759959013,1.0002881438,0.9652816306
3,2013-03-12,test,ret60_ret5_top5_riskoff0,0.9570960626,0.9800857528,0.9515975886
3,2013-03-13,test,ret60_ret5_top5_riskoff0,0.9459762974,0.9705831232,0.9411232457
3,2013-03-14,test,ret60_ret5_top5_riskoff0,0.9490009443,0.9733426157,0.9436478119
3,2013-03-15,test,ret60_ret5_top5_riskoff0,0.9518929720,0.9755116507,0.9457329992
3,2013-03-18,test,ret60_ret5_top5_riskoff0,0.9366032416,0.9640617167,0.9318143736
3,2013-03-19,test,ret60_ret5_top5_riskoff0,0.9450514356,0.9679426567,0.9402333176
3,2013-03-20,test,ret60_ret5_top5_riskoff0,0.9755768067,0.9927308238,0.9719095476
3,2013-03-21,test,ret60_ret5_top5_riskoff0,0.9816532363,1.0008119762,0.9737042981
3,2013-03-22,test,ret60_ret5_top5_riskoff0,0.9818845037,1.0032398528,0.9749405163
3,2013-03-25,test,ret60_ret5_top5_riskoff0,0.9803398401,1.0039438284,0.9730005474
3,2013-03-26,test,ret60_ret5_top5_riskoff0,0.9665387907,0.9968037973,0.9588324440
3,2013-03-27,test,ret60_ret5_top5_riskoff0,0.9700722260,0.9983440738,0.9619900134
3,2013-03-28,test,ret60_ret5_top5_riskoff0,0.9451440891,0.9727096186,0.9306265616
3,2013-03-29,test,ret60_ret5_top5_riskoff0,0.9457284063,0.9718915476,0.9290552240
3,2013-04-01,test,ret60_ret5_top5_riskoff0,0.9513284848,0.9757480338,0.9283514732
3,2013-04-02,test,ret60_ret5_top5_riskoff0,0.9296525625,0.9669220851,0.9258194600
3,2013-04-03,test,ret60_ret5_top5_riskoff0,0.9227365647,0.9598052532,0.9247619721
3,2013-04-08,test,ret60_ret5_top5_riskoff0,0.9357082923,0.9601379760,0.9205729797
3,2013-04-09,test,ret60_ret5_top5_riskoff0,0.9400329133,0.9684167575,0.9269514189
3,2013-04-10,test,ret60_ret5_top5_riskoff0,0.9326918281,0.9664262214,0.9254173167
3,2013-04-11,test,ret60_ret5_top5_riskoff0,0.9296941075,0.9630929975,0.9226507199
3,2013-04-12,test,ret60_ret5_top5_riskoff0,0.9215608125,0.9557171322,0.9167786834
3,2013-04-15,test,ret60_ret5_top5_riskoff0,0.9071240698,0.9421021997,0.9073618284
3,2013-04-16,test,ret60_ret5_top5_riskoff0,0.9157288157,0.9501553696,0.9158403491
3,2013-04-17,test,ret60_ret5_top5_riskoff0,0.9298155245,0.9562684141,0.9154233116
3,2013-04-18,test,ret60_ret5_top5_riskoff0,0.9337729573,0.9586792957,0.9177989358
3,2013-04-19,test,ret60_ret5_top5_riskoff0,0.9517228414,0.9787365847,0.9434839757
3,2013-04-22,test,ret60_ret5_top5_riskoff0,0.9664203290,0.9819843097,0.9423073343
3,2013-04-23,test,ret60_ret5_top5_riskoff0,0.9416630553,0.9556708563,0.9120721177
3,2013-04-24,test,ret60_ret5_top5_riskoff0,0.9711157397,0.9743311234,0.9292414014
3,2013-04-25,test,ret60_ret5_top5_riskoff0,0.9532470393,0.9606202098,0.9189271711
3,2013-04-26,test,ret60_ret5_top5_riskoff0,0.9532470393,0.9465954105,0.9112678311
3,2013-05-02,test,ret60_ret5_top5_riskoff0,0.9532470393,0.9483957538,0.9121354180
3,2013-05-03,test,ret60_ret5_top5_riskoff0,0.9532470393,0.9646207800,0.9282472139
3,2013-05-06,test,ret60_ret5_top5_riskoff0,0.9532470393,0.9803035559,0.9405609899
3,2013-05-07,test,ret60_ret5_top5_riskoff0,0.9532470393,0.9836767943,0.9420355152
3,2013-05-08,test,ret60_ret5_top5_riskoff0,0.9532470393,0.9906035725,0.9468239990
3,2013-05-09,test,ret60_ret5_top5_riskoff0,0.9532470393,0.9888315852,0.9412349522
3,2013-05-10,test,ret60_ret5_top5_riskoff0,0.9532470393,0.9947941803,0.9460941834
3,2013-05-13,test,ret60_ret5_top5_riskoff0,0.9532470393,0.9966681322,0.9423445698
3,2013-05-14,test,ret60_ret5_top5_riskoff0,0.9532470393,0.9839580815,0.9284073265
3,2013-05-15,test,ret60_ret5_top5_riskoff0,0.9532470393,0.9937341322,0.9334676293
3,2013-05-16,test,ret60_ret5_top5_riskoff0,0.9532470393,1.0046611237,0.9505140359
3,2013-05-17,test,ret60_ret5_top5_riskoff0,0.9532470393,1.0196552420,0.9651624771
3,2013-05-20,test,ret60_ret5_top5_riskoff0,0.9532470393,1.0312335946,0.9717010288
3,2013-05-21,test,ret60_ret5_top5_riskoff0,0.9532470393,1.0410896398,0.9736521684
3,2013-05-22,test,ret60_ret5_top5_riskoff0,0.9532470393,1.0354504061,0.9748362569
3,2013-05-23,test,ret60_ret5_top5_riskoff0,0.9532470393,1.0260942295,0.9617368121
3,2013-05-24,test,ret60_ret5_top5_riskoff0,0.9532470393,1.0373607813,0.9670912754
3,2013-05-27,test,ret60_ret5_top5_riskoff0,0.9532470393,1.0433333984,0.9679700329
3,2013-05-28,test,ret60_ret5_top5_riskoff0,0.9532470393,1.0484800022,0.9846403610
3,2013-05-29,test,ret60_ret5_top5_riskoff0,0.9532470393,1.0535719475,0.9839701222
3,2013-05-30,test,ret60_ret5_top5_riskoff0,0.9532470393,1.0520490853,0.9809019180
3,2013-05-31,test,ret60_ret5_top5_riskoff0,0.9532470393,1.0441294120,0.9705169403
3,2013-06-03,test,ret60_ret5_top5_riskoff0,0.9532470393,1.0396953487,0.9690982682
3,2013-06-04,test,ret60_ret5_top5_riskoff0,0.9532470393,1.0207337462,0.9553397552
3,2013-06-05,test,ret60_ret5_top5_riskoff0,0.9532470393,1.0233622212,0.9534295747
3,2013-06-06,test,ret60_ret5_top5_riskoff0,0.9532470393,1.0090941637,0.9412572935
3,2013-06-07,test,ret60_ret5_top5_riskoff0,0.9532470393,0.9921442400,0.9249891086
3,2013-06-13,test,ret60_ret5_top5_riskoff0,0.9532470393,0.9626897356,0.8936293803
3,2013-06-14,test,ret60_ret5_top5_riskoff0,0.9532470393,0.9768134594,0.8998961130
3,2013-06-17,test,ret60_ret5_top5_riskoff0,0.9532470393,0.9760410448,0.8950815643
3,2013-06-18,test,ret60_ret5_top5_riskoff0,0.9532470393,0.9796955608,0.9006333757
3,2013-06-19,test,ret60_ret5_top5_riskoff0,0.9532470393,0.9755682499,0.8939347113
3,2013-06-20,test,ret60_ret5_top5_riskoff0,0.9532470393,0.9446314453,0.8644106925
3,2013-06-21,test,ret60_ret5_top5_riskoff0,0.9532470393,0.9396678528,0.8628914846
3,2013-06-24,test,ret60_ret5_top5_riskoff0,0.9532470393,0.8847697927,0.8084606477
3,2013-06-25,test,ret60_ret5_top5_riskoff0,0.9532470393,0.8807704991,0.8063047129
3,2013-06-26,test,ret60_ret5_top5_riskoff0,0.9532470393,0.8924013598,0.8073770950
3,2013-06-27,test,ret60_ret5_top5_riskoff0,0.9532470393,0.8814693777,0.8045620920
3,2013-06-28,test,ret60_ret5_top5_riskoff0,0.9532470393,0.8840021785,0.8194190519
3,2013-07-01,test,ret60_ret5_top5_riskoff0,0.9532470393,0.8973728277,0.8241405118
3,2013-07-02,test,ret60_ret5_top5_riskoff0,0.9532470393,0.9082485609,0.8273651051
3,2013-07-03,test,ret60_ret5_top5_riskoff0,0.9532470393,0.9071819136,0.8206068640
3,2013-07-04,test,ret60_ret5_top5_riskoff0,0.9532470393,0.9149832008,0.8273651051
3,2013-07-05,test,ret60_ret5_top5_riskoff0,0.9532470393,0.9124127651,0.8291784734
3,2013-07-08,test,ret60_ret5_top5_riskoff0,0.9532470393,0.8805933198,0.8056344741
3,2013-07-09,test,ret60_ret5_top5_riskoff0,0.9532470393,0.8831689358,0.8052807370
3,2013-07-10,test,ret60_ret5_top5_riskoff0,0.9532470393,0.9080660151,0.8281396033
3,2013-07-11,test,ret60_ret5_top5_riskoff0,0.9532470393,0.9350092962,0.8663543850
3,2013-07-12,test,ret60_ret5_top5_riskoff0,0.9532470393,0.9246494709,0.8472451324
3,2013-07-15,test,ret60_ret5_top5_riskoff0,0.9532470393,0.9400867313,0.8591344238
3,2013-07-16,test,ret60_ret5_top5_riskoff0,0.9532470393,0.9489322898,0.8630627679
3,2013-07-17,test,ret60_ret5_top5_riskoff0,0.9532470393,0.9360084883,0.8500266234
3,2013-07-18,test,ret60_ret5_top5_riskoff0,0.9532470393,0.9296073860,0.8360595917
3,2013-07-19,test,ret60_ret5_top5_riskoff0,0.9532470393,0.9086777142,0.8156359263
3,2013-07-22,test,ret60_ret5_top5_riskoff0,0.9532470393,0.9209831219,0.8199962020
3,2013-07-23,test,ret60_ret5_top5_riskoff0,0.9532470393,0.9448477741,0.8437003139
3,2013-07-24,test,ret60_ret5_top5_riskoff0,0.9532470393,0.9469600315,0.8374819873
3,2013-07-25,test,ret60_ret5_top5_riskoff0,0.9532470393,0.9347038891,0.8332110768
3,2013-07-26,test,ret60_ret5_top5_riskoff0,0.9532470393,0.9327512087,0.8281209855
3,2013-07-29,test,ret60_ret5_top5_riskoff0,0.9532470393,0.9163079012,0.8102330569
3,2013-07-30,test,ret60_ret5_top5_riskoff0,0.9532470393,0.9166288251,0.8152300595
3,2013-07-31,test,ret60_ret5_top5_riskoff0,0.9532470393,0.9199405805,0.8165817077
3,2013-08-01,test,ret60_ret5_top5_riskoff0,0.9532470393,0.9428491814,0.8360707623
3,2013-08-02,test,ret60_ret5_top5_riskoff0,0.9532470393,0.9462900547,0.8367782366
3,2013-08-05,test,ret60_ret5_top5_riskoff0,0.9532470393,0.9606463775,0.8483473028
3,2013-08-06,test,ret60_ret5_top5_riskoff0,0.9532470393,0.9715059395,0.8540480561
3,2013-08-07,test,ret60_ret5_top5_riskoff0,0.9532470393,0.9631129876,0.8491999955
3,2013-08-08,test,ret60_ret5_top5_riskoff0,0.9532470393,0.9650762671,0.8477701528
3,2013-08-09,test,ret60_ret5_top5_riskoff0,0.9532470393,0.9689212560,0.8512069884
3,2013-08-12,test,ret60_ret5_top5_riskoff0,0.9532470393,0.9866532703,0.8760728475
3,2013-08-13,test,ret60_ret5_top5_riskoff0,0.9532470393,0.9912364413,0.8784112362
3,2013-08-14,test,ret60_ret5_top5_riskoff0,0.9532470393,0.9882645950,0.8746914109
3,2013-08-15,test,ret60_ret5_top5_riskoff0,0.9532470393,0.9785951313,0.8644516516
3,2013-08-16,test,ret60_ret5_top5_riskoff0,0.9532470393,0.9620213148,0.8579577824
3,2013-08-19,test,ret60_ret5_top5_riskoff0,0.9532470393,0.9791506794,0.8681193472
3,2013-08-20,test,ret60_ret5_top5_riskoff0,0.9532470393,0.9765651761,0.8610594986
3,2013-08-21,test,ret60_ret5_top5_riskoff0,0.9532470393,0.9809763900,0.8596147616
3,2013-08-22,test,ret60_ret5_top5_riskoff0,0.9532470393,0.9810094015,0.8578795879
3,2013-08-23,test,ret60_ret5_top5_riskoff0,0.9532470393,0.9781298582,0.8515495548
