date,ret60_ret5_top5_riskoff0,ret60_top5_riskoff0,ret60_top5_riskoff0p3,ret60_ret5_top5_riskoff0p3,ret60_top5_riskoff0p5,ret60_ret120_top5_riskoff0,ret60_ret5_top5_riskoff0p5,ret60_ret120_ret5_top5_riskoff0,all_factors_top5_riskoff0,ret60_ret5_top3_riskoff0,equal_weight,benchmark
2021-12-13,1.0000000000,1.0000000000,1.0000000000,1.0000000000,1.0000000000,1.0000000000,1.0000000000,1.0000000000,1.0000000000,1.0000000000,1.0000000000,1.0000000000
2021-12-14,1.0000000000,1.0000000000,1.0000000000,1.0000000000,1.0000000000,1.0000000000,1.0000000000,1.0000000000,1.0000000000,1.0000000000,0.9954078109,0.9932924191
2021-12-15,1.0000000000,1.0000000000,1.0000000000,1.0000000000,1.0000000000,1.0000000000,1.0000000000,1.0000000000,1.0000000000,1.0000000000,0.9940787395,0.9846768166
2021-12-16,1.0000000000,1.0000000000,1.0000000000,1.0000000000,1.0000000000,1.0000000000,1.0000000000,1.0000000000,1.0000000000,1.0000000000,1.0042441620,0.9903477714
2021-12-17,1.0000000000,1.0000000000,1.0000000000,1.0000000000,1.0000000000,1.0000000000,1.0000000000,1.0000000000,1.0000000000,1.0000000000,0.9943271382,0.9746174122
2021-12-20,1.0000000000,1.0000000000,1.0000000000,1.0000000000,1.0000000000,1.0000000000,1.0000000000,1.0000000000,1.0000000000,1.0000000000,0.9811179554,0.9599944923
2021-12-21,1.0000000000,1.0000000000,1.0000000000,1.0000000000,1.0000000000,1.0000000000,1.0000000000,1.0000000000,1.0000000000,1.0000000000,0.9949953196,0.9664994689
2021-12-22,1.0000000000,1.0000000000,1.0000000000,1.0000000000,1.0000000000,1.0000000000,1.0000000000,1.0000000000,1.0000000000,1.0000000000,0.9972909842,0.9666883040
2021-12-23,1.0000000000,1.0000000000,1.0000000000,1.0000000000,1.0000000000,1.0000000000,1.0000000000,1.0000000000,1.0000000000,1.0000000000,0.9986314962,0.9734332586
2021-12-24,1.0000000000,1.0000000000,1.0000000000,1.0000000000,1.0000000000,1.0000000000,1.0000000000,1.0000000000,1.0000000000,1.0000000000,0.9881045494,0.9680435894
2021-12-27,1.0000000000,1.0000000000,1.0000000000,1.0000000000,1.0000000000,1.0000000000,1.0000000000,1.0000000000,1.0000000000,1.0000000000,0.9902205582,0.9676462489
2021-12-28,1.0000000000,1.0000000000,1.0000000000,1.0000000000,1.0000000000,1.0000000000,1.0000000000,1.0000000000,1.0000000000,1.0000000000,0.9944623309,0.9748534561
2021-12-29,1.0000000000,1.0000000000,1.0000000000,1.0000000000,1.0000000000,1.0000000000,1.0000000000,1.0000000000,1.0000000000,1.0000000000,0.9888371426,0.9605964043
2021-12-30,1.0000000000,1.0000000000,1.0000000000,1.0000000000,1.0000000000,1.0000000000,1.0000000000,1.0000000000,1.0000000000,1.0000000000,0.9963101665,0.9680770290
2021-12-31,1.0000000000,1.0000000000,1.0000000000,1.0000000000,1.0000000000,1.0000000000,1.0000000000,1.0000000000,1.0000000000,1.0000000000,1.0028824953,0.9717868524
2022-01-04,1.0000000000,1.0000000000,1.0000000000,1.0000000000,1.0000000000,1.0000000000,1.0000000000,1.0000000000,1.0000000000,1.0000000000,1.0086308634,0.9673413588
2022-01-05,1.0000000000,1.0000000000,1.0000000000,1.0000000000,1.0000000000,1.0000000000,1.0000000000,1.0000000000,1.0000000000,1.0000000000,0.9975294115,0.9575750423
2022-01-06,1.0000000000,1.0000000000,1.0000000000,1.0000000000,1.0000000000,1.0000000000,1.0000000000,1.0000000000,1.0000000000,1.0000000000,0.9982121335,0.9477615170
2022-01-07,1.0000000000,1.0000000000,1.0000000000,1.0000000000,1.0000000000,1.0000000000,1.0000000000,1.0000000000,1.0000000000,1.0000000000,0.9915944502,0.9485758684
2022-01-10,1.0000000000,1.0000000000,1.0000000000,1.0000000000,1.0000000000,1.0000000000,1.0000000000,1.0000000000,1.0000000000,1.0000000000,0.9974185071,0.9528384279
2022-01-11,1.0000000000,1.0000000000,1.0000000000,1.0000000000,1.0000000000,1.0000000000,1.0000000000,1.0000000000,1.0000000000,1.0000000000,0.9883696155,0.9437369684
2022-01-12,1.0000000000,1.0000000000,1.0000000000,1.0000000000,1.0000000000,1.0000000000,1.0000000000,1.0000000000,1.0000000000,1.0000000000,0.9971330704,0.9531413510
2022-01-13,1.0000000000,1.0000000000,1.0000000000,1.0000000000,1.0000000000,1.0000000000,1.0000000000,1.0000000000,1.0000000000,1.0000000000,0.9837862005,0.9374719698
2022-01-14,1.0000000000,1.0000000000,1.0000000000,1.0000000000,1.0000000000,1.0000000000,1.0000000000,1.0000000000,1.0000000000,1.0000000000,0.9750879564,0.9297631693
2022-01-17,1.0000000000,1.0000000000,1.0000000000,1.0000000000,1.0000000000,1.0000000000,1.0000000000,1.0000000000,1.0000000000,1.0000000000,0.9849388433,0.9377394862
2022-01-18,1.0000000000,1.0000000000,1.0000000000,1.0000000000,1.0000000000,1.0000000000,1.0000000000,1.0000000000,1.0000000000,1.0000000000,0.9867265668,0.9468016051
2022-01-19,1.0000000000,1.0000000000,1.0000000000,1.0000000000,1.0000000000,1.0000000000,1.0000000000,1.0000000000,1.0000000000,1.0000000000,0.9846745546,0.9403162988
2022-01-20,1.0000000000,1.0000000000,1.0000000000,1.0000000000,1.0000000000,1.0000000000,1.0000000000,1.0000000000,1.0000000000,1.0000000000,0.9769279485,0.9488001102
2022-01-21,1.0000000000,1.0000000000,1.0000000000,1.0000000000,1.0000000000,1.0000000000,1.0000000000,1.0000000000,1.0000000000,1.0000000000,0.9664382663,0.9401058264
2022-01-24,1.0000000000,1.0000000000,1.0000000000,1.0000000000,1.0000000000,1.0000000000,1.0000000000,1.0000000000,1.0000000000,1.0000000000,0.9670495406,0.9415673315
2022-01-25,1.0000000000,1.0000000000,1.0000000000,1.0000000000,1.0000000000,1.0000000000,1.0000000000,1.0000000000,1.0000000000,1.0000000000,0.9351999839,0.9202663362
2022-01-26,1.0000000000,1.0000000000,1.0000000000,1.0000000000,1.0000000000,1.0000000000,1.0000000000,1.0000000000,1.0000000000,1.0000000000,0.9410170992,0.9269267084
2022-01-27,1.0000000000,1.0000000000,1.0000000000,1.0000000000,1.0000000000,1.0000000000,1.0000000000,1.0000000000,1.0000000000,1.0000000000,0.9186589007,0.9087454266
2022-01-28,1.0000000000,1.0000000000,1.0000000000,1.0000000000,1.0000000000,1.0000000000,1.0000000000,1.0000000000,1.0000000000,1.0000000000,0.9183846936,0.8977084071
2022-02-07,1.0000000000,1.0000000000,1.0000000000,1.0000000000,1.0000000000,1.0000000000,1.0000000000,1.0000000000,1.0000000000,1.0000000000,0.9350338433,0.9115405799
2022-02-08,1.0000000000,1.0000000000,1.0000000000,1.0000000000,1.0000000000,1.0000000000,1.0000000000,1.0000000000,1.0000000000,1.0000000000,0.9451069282,0.9065600535
2022-02-09,1.0000000000,1.0000000000,1.0000000000,1.0000000000,1.0000000000,1.0000000000,1.0000000000,1.0000000000,1.0000000000,1.0000000000,0.9570239845,0.9150753373
2022-02-10,1.0000000000,1.0000000000,1.0000000000,1.0000000000,1.0000000000,1.0000000000,1.0000000000,1.0000000000,1.0000000000,1.0000000000,0.9587187938,0.9126755577
2022-02-11,1.0000000000,1.0000000000,1.0000000000,1.0000000000,1.0000000000,1.0000000000,1.0000000000,1.0000000000,1.0000000000,1.0000000000,0.9480777023,0.9051103505
2022-02-14,1.0000000000,1.0000000000,1.0000000000,1.0000000000,1.0000000000,1.0000000000,1.0000000000,1.0000000000,1.0000000000,1.0000000000,0.9410679948,0.8953322318
2022-02-15,1.0000000000,1.0000000000,1.0000000000,1.0000000000,1.0000000000,1.0000000000,1.0000000000,1.0000000000,1.0000000000,1.0000000000,0.9453901850,0.9048546363
2022-02-16,1.0000000000,1.0000000000,1.0000000000,1.0000000000,1.0000000000,1.0000000000,1.0000000000,1.0000000000,1.0000000000,1.0000000000,0.9532056518,0.9083736575
2022-02-17,1.0000000000,1.0000000000,1.0000000000,1.0000000000,1.0000000000,1.0000000000,1.0000000000,1.0000000000,1.0000000000,1.0000000000,0.9529759936,0.9105727999
2022-02-18,1.0000000000,1.0000000000,1.0000000000,1.0000000000,1.0000000000,1.0000000000,1.0000000000,1.0000000000,1.0000000000,1.0000000000,0.9613142958,0.9149140407
2022-02-21,1.0000000000,1.0000000000,1.0000000000,1.0000000000,1.0000000000,1.0000000000,1.0000000000,1.0000000000,1.0000000000,1.0000000000,0.9670453904,0.9115838546
2022-02-22,1.0000000000,1.0000000000,1.0000000000,1.0000000000,1.0000000000,1.0000000000,1.0000000000,1.0000000000,1.0000000000,1.0000000000,0.9554381996,0.8997501869
2022-02-23,1.0000000000,1.0000000000,1.0000000000,1.0000000000,1.0000000000,1.0000000000,1.0000000000,1.0000000000,1.0000000000,1.0000000000,0.9649246089,0.9093689760
2022-02-24,1.0000000000,1.0000000000,1.0000000000,1.0000000000,1.0000000000,1.0000000000,1.0000000000,1.0000000000,1.0000000000,1.0000000000,0.9434111565,0.8909319800
2022-02-25,1.0000000000,1.0000000000,1.0000000000,1.0000000000,1.0000000000,1.0000000000,1.0000000000,1.0000000000,1.0000000000,1.0000000000,0.9505378584,0.8996065935
2022-02-28,1.0000000000,1.0000000000,1.0000000000,1.0000000000,1.0000000000,1.0000000000,1.0000000000,1.0000000000,1.0000000000,1.0000000000,0.9527518156,0.9012254613
2022-03-01,1.0000000000,1.0000000000,1.0000000000,1.0000000000,1.0000000000,1.0000000000,1.0000000000,1.0000000000,1.0000000000,1.0000000000,0.9600453783,0.9087080530
2022-03-02,1.0000000000,1.0000000000,1.0000000000,1.0000000000,1.0000000000,1.0000000000,1.0000000000,1.0000000000,1.0000000000,1.0000000000,0.9583600882,0.9006255163
2022-03-04,1.0000000000,1.0000000000,1.0000000000,1.0000000000,1.0000000000,1.0000000000,1.0000000000,1.0000000000,1.0000000000,1.0000000000,0.9469759814,0.8844624100
2022-03-07,1.0000000000,1.0000000000,1.0000000000,1.0000000000,1.0000000000,1.0000000000,1.0000000000,1.0000000000,1.0000000000,1.0000000000,0.9273500124,0.8562059876
2022-03-08,1.0000000000,1.0000000000,1.0000000000,1.0000000000,1.0000000000,1.0000000000,1.0000000000,1.0000000000,1.0000000000,1.0000000000,0.8998391254,0.8390160903
2022-03-09,1.0000000000,1.0000000000,1.0000000000,1.0000000000,1.0000000000,1.0000000000,1.0000000000,1.0000000000,1.0000000000,1.0000000000,0.8888587966,0.8313367953
2022-03-10,1.0000000000,1.0000000000,1.0000000000,1.0000000000,1.0000000000,1.0000000000,1.0000000000,1.0000000000,1.0000000000,1.0000000000,0.9021121701,0.8444155946
2022-03-11,1.0000000000,1.0000000000,1.0000000000,1.0000000000,1.0000000000,1.0000000000,1.0000000000,1.0000000000,1.0000000000,1.0000000000,0.9051883632,0.8471064951
2022-03-14,1.0000000000,1.0000000000,1.0000000000,1.0000000000,1.0000000000,1.0000000000,1.0000000000,1.0000000000,1.0000000000,1.0000000000,0.8782877289,0.8211888745
2022-03-15,1.0000000000,1.0000000000,1.0000000000,1.0000000000,1.0000000000,1.0000000000,1.0000000000,1.0000000000,1.0000000000,1.0000000000,0.8319701930,0.7836283882
2022-03-16,1.0000000000,1.0000000000,1.0000000000,1.0000000000,1.0000000000,1.0000000000,1.0000000000,1.0000000000,1.0000000000,1.0000000000,0.8614050567,0.8175144577
2022-03-17,1.0000000000,1.0000000000,1.0000000000,1.0000000000,1.0000000000,1.0000000000,1.0000000000,1.0000000000,1.0000000000,1.0000000000,0.8782574053,0.8335693772
2022-03-18,1.0000000000,1.0000000000,1.0000000000,1.0000000000,1.0000000000,1.0000000000,1.0000000000,1.0000000000,1.0000000000,1.0000000000,0.8894070746,0.8391164090
2022-03-21,1.0000000000,1.0000000000,1.0000000000,1.0000000000,1.0000000000,1.0000000000,1.0000000000,1.0000000000,1.0000000000,1.0000000000,0.8941853258,0.8377099807
2022-03-22,1.0000000000,1.0000000000,1.0000000000,1.0000000000,1.0000000000,1.0000000000,1.0000000000,1.0000000000,1.0000000000,1.0000000000,0.8961038767,0.8370293875
2022-03-24,1.0000000000,1.0000000000,1.0000000000,1.0000000000,1.0000000000,1.0000000000,1.0000000000,1.0000000000,1.0000000000,1.0000000000,0.8913004370,0.8362465085
2022-03-25,1.0000000000,1.0000000000,1.0000000000,1.0000000000,1.0000000000,1.0000000000,1.0000000000,1.0000000000,1.0000000000,1.0000000000,0.8832936560,0.8211515008
2022-03-28,1.0000000000,1.0000000000,1.0000000000,1.0000000000,1.0000000000,1.0000000000,1.0000000000,1.0000000000,1.0000000000,1.0000000000,0.8819803914,0.8160175459
2022-03-29,1.0000000000,1.0000000000,1.0000000000,1.0000000000,1.0000000000,1.0000000000,1.0000000000,1.0000000000,1.0000000000,1.0000000000,0.8773267222,0.8131987883
2022-03-30,1.0000000000,1.0000000000,1.0000000000,1.0000000000,1.0000000000,1.0000000000,1.0000000000,1.0000000000,1.0000000000,1.0000000000,0.8956248137,0.8367953106
2022-04-01,1.0000000000,1.0000000000,1.0000000000,1.0000000000,1.0000000000,1.0000000000,1.0000000000,1.0000000000,1.0000000000,1.0000000000,0.8991790838,0.8411345844
2022-04-06,1.0000000000,1.0000000000,1.0000000000,1.0000000000,1.0000000000,1.0000000000,1.0000000000,1.0000000000,1.0000000000,1.0000000000,0.9035307345,0.8387112003
2022-04-07,1.0000000000,1.0000000000,1.0000000000,1.0000000000,1.0000000000,1.0000000000,1.0000000000,1.0000000000,1.0000000000,1.0000000000,0.8874241916,0.8279436642
2022-04-08,1.0000000000,1.0000000000,1.0000000000,1.0000000000,1.0000000000,1.0000000000,1.0000000000,1.0000000000,1.0000000000,1.0000000000,0.8884023583,0.8322062237
2022-04-11,1.0000000000,1.0000000000,1.0000000000,1.0000000000,1.0000000000,1.0000000000,1.0000000000,1.0000000000,1.0000000000,1.0000000000,0.8633521796,0.8064971085
2022-04-12,1.0000000000,1.0000000000,1.0000000000,1.0000000000,1.0000000000,1.0000000000,1.0000000000,1.0000000000,1.0000000000,1.0000000000,0.8790082649,0.8222136984
2022-04-13,1.0000000000,1.0000000000,1.0000000000,1.0000000000,1.0000000000,1.0000000000,1.0000000000,1.0000000000,1.0000000000,1.0000000000,0.8671117282,0.8143003265
2022-04-15,1.0000000000,1.0000000000,1.0000000000,1.0000000000,1.0000000000,1.0000000000,1.0000000000,1.0000000000,1.0000000000,1.0000000000,0.8690451921,0.8239407530
2022-04-18,1.0000000000,1.0000000000,1.0000000000,1.0000000000,1.0000000000,1.0000000000,1.0000000000,1.0000000000,1.0000000000,1.0000000000,0.8682063492,0.8195405012
2022-04-19,1.0000000000,1.0000000000,1.0000000000,1.0000000000,1.0000000000,1.0000000000,1.0000000000,1.0000000000,1.0000000000,1.0000000000,0.8701019869,0.8133482828
2022-04-20,1.0000000000,1.0000000000,1.0000000000,1.0000000000,1.0000000000,1.0000000000,1.0000000000,1.0000000000,1.0000000000,1.0000000000,0.8571781280,0.8007376372
2022-04-21,1.0000000000,1.0000000000,1.0000000000,1.0000000000,1.0000000000,1.0000000000,1.0000000000,1.0000000000,1.0000000000,1.0000000000,0.8309753152,0.7859927613
2022-04-22,1.0000000000,1.0000000000,1.0000000000,1.0000000000,1.0000000000,1.0000000000,1.0000000000,1.0000000000,1.0000000000,1.0000000000,0.8310058791,0.7894193320
2022-04-25,1.0000000000,1.0000000000,1.0000000000,1.0000000000,1.0000000000,1.0000000000,1.0000000000,1.0000000000,1.0000000000,1.0000000000,0.7804721008,0.7504052087
2022-04-26,1.0000000000,1.0000000000,1.0000000000,1.0000000000,1.0000000000,1.0000000000,1.0000000000,1.0000000000,1.0000000000,1.0000000000,0.7647928663,0.7443487155
2022-04-27,1.0000000000,1.0000000000,1.0000000000,1.0000000000,1.0000000000,1.0000000000,1.0000000000,1.0000000000,1.0000000000,1.0000000000,0.7893658142,0.7662653920
2022-04-28,1.0000000000,1.0000000000,1.0000000000,1.0000000000,1.0000000000,1.0000000000,1.0000000000,1.0000000000,1.0000000000,1.0000000000,0.7875759188,0.7712950942
2022-04-29,1.0000000000,1.0000000000,1.0000000000,1.0000000000,1.0000000000,1.0000000000,1.0000000000,1.0000000000,1.0000000000,1.0000000000,0.8139786582,0.7900074747
2022-05-06,1.0000000000,1.0000000000,1.0000000000,1.0000000000,1.0000000000,1.0000000000,1.0000000000,1.0000000000,1.0000000000,1.0000000000,0.8038883682,0.7688776112
2022-05-10,1.0000000000,1.0000000000,1.0000000000,1.0000000000,1.0000000000,1.0000000000,1.0000000000,1.0000000000,1.0000000000,1.0000000000,0.8169309863,0.7710511822
2022-05-11,1.0000000000,1.0000000000,1.0000000000,1.0000000000,1.0000000000,1.0000000000,1.0000000000,1.0000000000,1.0000000000,1.0000000000,0.8223092469,0.7821747512
2022-05-12,1.0000000000,1.0000000000,1.0000000000,1.0000000000,1.0000000000,1.0000000000,1.0000000000,1.0000000000,1.0000000000,1.0000000000,0.8223052884,0.7786970376
2022-05-13,1.0000000000,1.0000000000,1.0000000000,1.0000000000,1.0000000000,1.0000000000,1.0000000000,1.0000000000,1.0000000000,1.0000000000,0.8284440181,0.7845705968
2022-05-16,1.0000000000,1.0000000000,1.0000000000,1.0000000000,1.0000000000,1.0000000000,1.0000000000,1.0000000000,1.0000000000,1.0000000000,0.8305084880,0.7782642905
2022-05-17,1.0000000000,1.0000000000,1.0000000000,1.0000000000,1.0000000000,1.0000000000,1.0000000000,1.0000000000,1.0000000000,1.0000000000,0.8340249914,0.7879715961
2022-05-18,1.0000000000,1.0000000000,1.0000000000,1.0000000000,1.0000000000,1.0000000000,1.0000000000,1.0000000000,1.0000000000,1.0000000000,0.8334385263,0.7852216846
2022-05-19,1.0000000000,1.0000000000,1.0000000000,1.0000000000,1.0000000000,1.0000000000,1.0000000000,1.0000000000,1.0000000000,1.0000000000,0.8366119994,0.7867343326
2022-05-20,1.0000000000,1.0000000000,1.0000000000,1.0000000000,1.0000000000,1.0000000000,1.0000000000,1.0000000000,1.0000000000,1.0000000000,0.8505041461,0.8020771864
2022-05-23,1.0000000000,1.0000000000,1.0000000000,1.0000000000,1.0000000000,1.0000000000,1.0000000000,1.0000000000,1.0000000000,1.0000000000,0.8538632478,0.7974310555
2022-05-24,1.0000000000,1.0000000000,1.0000000000,1.0000000000,1.0000000000,1.0000000000,1.0000000000,1.0000000000,1.0000000000,1.0000000000,0.8260445785,0.7787776860
2022-05-25,1.0000000000,1.0000000000,1.0000000000,1.0000000000,1.0000000000,1.0000000000,1.0000000000,1.0000000000,1.0000000000,1.0000000000,0.8379265681,0.7835044652
2022-05-26,1.0000000000,1.0000000000,1.0000000000,1.0000000000,1.0000000000,1.0000000000,1.0000000000,1.0000000000,1.0000000000,1.0000000000,0.8449497937,0.7854439592
2022-05-27,1.0000000000,1.0000000000,1.0000000000,1.0000000000,1.0000000000,1.0000000000,1.0000000000,1.0000000000,1.0000000000,1.0000000000,0.8459575169,0.7870687281
2022-05-30,1.0000000000,1.0000000000,1.0000000000,1.0000000000,1.0000000000,1.0000000000,1.0000000000,1.0000000000,1.0000000000,1.0000000000,0.8530336674,0.7925213423
2022-05-31,1.0000000000,1.0000000000,1.0000000000,1.0000000000,1.0000000000,1.0000000000,1.0000000000,1.0000000000,1.0000000000,1.0000000000,0.8626479444,0.8048152956
2022-06-01,1.0000000000,1.0000000000,1.0000000000,1.0000000000,1.0000000000,1.0000000000,1.0000000000,1.0000000000,1.0000000000,1.0000000000,0.8631038867,0.8031747905
2022-06-02,1.0000000000,1.0000000000,1.0000000000,1.0000000000,1.0000000000,1.0000000000,1.0000000000,1.0000000000,1.0000000000,1.0000000000,0.8642042005,0.8044317243
2022-06-06,1.0000000000,1.0000000000,1.0000000000,1.0000000000,1.0000000000,1.0000000000,1.0000000000,1.0000000000,1.0000000000,1.0000000000,0.8772457162,0.8194834573
2022-06-07,1.0000000000,1.0000000000,1.0000000000,1.0000000000,1.0000000000,1.0000000000,1.0000000000,1.0000000000,1.0000000000,1.0000000000,0.8774671382,0.8220484677
2022-06-08,1.0000000000,1.0000000000,1.0000000000,1.0000000000,1.0000000000,1.0000000000,1.0000000000,1.0000000000,1.0000000000,1.0000000000,0.8825800826,0.8300503560
2022-06-09,1.0000000000,1.0000000000,1.0000000000,1.0000000000,1.0000000000,1.0000000000,1.0000000000,1.0000000000,1.0000000000,1.0000000000,0.8720374101,0.8213678744
2022-06-10,1.0000000000,1.0000000000,1.0000000000,1.0000000000,1.0000000000,1.0000000000,1.0000000000,1.0000000000,1.0000000000,1.0000000000,0.8844395604,0.8338231244
2022-06-13,1.0000000000,1.0000000000,1.0000000000,1.0000000000,1.0000000000,1.0000000000,1.0000000000,1.0000000000,1.0000000000,1.0000000000,0.8808097568,0.8240587749
2022-06-14,1.0000000000,1.0000000000,1.0000000000,1.0000000000,1.0000000000,1.0000000000,1.0000000000,1.0000000000,1.0000000000,1.0000000000,0.8864390550,0.8305421142
2022-06-15,1.0000000000,1.0000000000,1.0000000000,1.0000000000,1.0000000000,1.0000000000,1.0000000000,1.0000000000,1.0000000000,1.0000000000,0.8891282234,0.8415397931
2022-06-16,1.0000000000,1.0000000000,1.0000000000,1.0000000000,1.0000000000,1.0000000000,1.0000000000,1.0000000000,1.0000000000,1.0000000000,0.8887657461,0.8360006295
2022-06-17,1.0000000000,1.0000000000,1.0000000000,1.0000000000,1.0000000000,1.0000000000,1.0000000000,1.0000000000,1.0000000000,1.0000000000,0.8940299417,0.8476021873
2022-06-20,1.0000000000,1.0000000000,1.0000000000,1.0000000000,1.0000000000,1.0000000000,1.0000000000,1.0000000000,1.0000000000,1.0000000000,0.8998006044,0.8518096699
2022-06-21,1.0000000000,1.0000000000,1.0000000000,1.0000000000,1.0000000000,1.0000000000,1.0000000000,1.0000000000,1.0000000000,1.0000000000,0.8965707445,0.8508536921
2022-06-22,1.0000000000,1.0000000000,1.0000000000,1.0000000000,1.0000000000,1.0000000000,1.0000000000,1.0000000000,1.0000000000,1.0000000000,0.8835610099,0.8400448483
2022-06-23,1.0000000000,1.0000000000,1.0000000000,1.0000000000,1.0000000000,1.0000000000,1.0000000000,1.0000000000,1.0000000000,1.0000000000,0.8985962987,0.8544553287
2022-06-24,1.0000000000,1.0000000000,0.9997000000,0.9997000000,0.9995000000,1.0000000000,0.9995000000,1.0000000000,1.0000000000,1.0000000000,0.9073721870,0.8644655573
2022-06-27,1.0000000000,1.0000000000,1.0067232646,1.0058507963,1.0112030992,1.0000000000,1.0097492763,1.0000000000,1.0000000000,1.0000000000,0.9179558167,0.8742004013
2022-06-28,1.0000000000,1.0000000000,1.0093005256,1.0096276596,1.0155176485,1.0000000000,1.0160684457,1.0000000000,1.0000000000,1.0000000000,0.9283136492,0.8832998938
2022-06-29,1.0000000000,1.0000000000,1.0016867274,1.0034102930,1.0027498187,1.0000000000,1.0056400632,1.0000000000,1.0000000000,1.0000000000,0.9140149633,0.8696958968
2022-06-30,1.0000000000,1.0000000000,1.0051109528,1.0066078249,1.0084629179,1.0000000000,1.0109811257,1.0000000000,1.0000000000,1.0000000000,0.9246808064,0.8822160589
2022-07-01,1.0000000000,1.0000000000,1.0043509886,1.0048208662,1.0071920869,1.0000000000,1.0079899218,1.0000000000,1.0000000000,1.0000000000,0.9222930626,0.8786183563
2022-07-04,1.0000000000,1.0000000000,1.0092251859,1.0060782074,1.0153387291,1.0000000000,1.0100920996,1.0000000000,1.0000000000,1.0000000000,0.9298187170,0.8843837287
2022-07-05,1.0000000000,1.0000000000,1.0095538993,1.0066605472,1.0158899035,1.0000000000,1.0110665381,1.0000000000,1.0000000000,1.0000000000,0.9265882879,0.8831071246
2022-07-06,1.0000000000,1.0000000000,1.0018814039,0.9984956695,1.0030221563,1.0000000000,0.9973988482,1.0000000000,1.0000000000,1.0000000000,0.9120441486,0.8702092923
2022-07-07,1.0000000000,1.0000000000,1.0051424253,1.0003621459,1.0084633805,1.0000000000,1.0005062249,1.0000000000,1.0000000000,1.0000000000,0.9167201122,0.8740450057
2022-07-08,1.0000000000,1.0000000000,1.0034511495,0.9982641510,1.0056352742,1.0000000000,0.9970090632,1.0000000000,1.0000000000,1.0000000000,0.9144840952,0.8711554349
2022-07-11,1.0000000000,1.0000000000,0.9978184625,0.9916645634,0.9962270290,1.0000000000,0.9860235796,1.0000000000,1.0000000000,1.0000000000,0.9028029584,0.8565679216
2022-07-12,1.0000000000,1.0000000000,0.9939308354,0.9889835160,0.9897579844,1.0000000000,0.9815805854,1.0000000000,1.0000000000,1.0000000000,0.8946260426,0.8485030882
2022-07-13,1.0000000000,1.0000000000,0.9952257966,0.9899069143,0.9919071920,1.0000000000,0.9831080626,1.0000000000,1.0000000000,1.0000000000,0.9000653862,0.8500452417
2022-07-14,1.0000000000,1.0000000000,0.9962273686,0.9914267565,0.9935709124,1.0000000000,0.9856237353,1.0000000000,1.0000000000,1.0000000000,0.9005798300,0.8501652307
2022-07-15,1.0000000000,1.0000000000,0.9948566577,0.9901136720,0.9912924859,1.0000000000,0.9834480707,1.0000000000,1.0000000000,1.0000000000,0.8845031780,0.8356996735
2022-07-18,1.0000000000,1.0000000000,0.9997477260,0.9961760276,0.9994150618,1.0000000000,0.9934839755,1.0000000000,1.0000000000,1.0000000000,0.9012128256,0.8443664188
2022-07-19,1.0000000000,1.0000000000,1.0000850458,0.9965648712,0.9999770745,1.0000000000,0.9941302969,1.0000000000,1.0000000000,1.0000000000,0.9043320117,0.8397930682
2022-07-20,1.0000000000,1.0000000000,1.0013663732,0.9986421702,1.0021123896,1.0000000000,0.9975840040,1.0000000000,1.0000000000,1.0000000000,0.9116794640,0.8426373972
2022-07-21,1.0000000000,1.0000000000,0.9976041486,0.9942633952,0.9958373439,1.0000000000,0.9902937785,1.0000000000,1.0000000000,1.0000000000,0.9029487339,0.8332467839
2022-07-22,1.0000000000,1.0000000000,0.9960025273,0.9928134345,0.9931731989,1.0000000000,0.9878873427,1.0000000000,1.0000000000,1.0000000000,0.9007338706,0.8336736300
2022-07-25,1.0000000000,1.0000000000,0.9914186610,0.9876260510,0.9855551239,1.0000000000,0.9792846010,1.0000000000,1.0000000000,1.0000000000,0.8946124714,0.8286399937
2022-07-26,1.0000000000,1.0000000000,0.9948355205,0.9906985555,0.9912162093,1.0000000000,0.9843621915,1.0000000000,1.0000000000,1.0000000000,0.9053062233,0.8351980802
2022-07-27,1.0000000000,1.0000000000,0.9995100576,0.9934665764,0.9989787604,1.0000000000,0.9889460531,1.0000000000,1.0000000000,1.0000000000,0.9063817781,0.8310791140
2022-07-28,1.0000000000,1.0000000000,1.0002751896,0.9943890451,1.0002533025,1.0000000000,0.9904765051,1.0000000000,1.0000000000,1.0000000000,0.9089230951,0.8312030371
2022-07-29,1.0000000000,1.0000000000,0.9983082366,0.9937636376,0.9969751192,1.0000000000,0.9894382606,1.0000000000,1.0000000000,1.0000000000,0.9002977286,0.8202722373
2022-08-01,1.0000000000,1.0000000000,1.0023760570,0.9970606004,1.0037457664,1.0000000000,0.9949092817,1.0000000000,1.0000000000,1.0000000000,0.9029854986,0.8239269838
2022-08-02,1.0000000000,1.0000000000,0.9957342389,0.9887975545,0.9926609433,1.0000000000,0.9811672533,1.0000000000,1.0000000000,1.0000000000,0.8763212970,0.8078641961
2022-08-03,1.0000000000,1.0000000000,0.9940383994,0.9866778128,0.9898432677,1.0000000000,0.9776616131,1.0000000000,1.0000000000,1.0000000000,0.8682083903,0.7999881978
2022-08-04,1.0000000000,1.0000000000,0.9921268568,0.9867274818,0.9866708088,1.0000000000,0.9777436382,1.0000000000,1.0000000000,1.0000000000,0.8745730717,0.8067862622
2022-08-05,1.0000000000,1.0000000000,0.9929583296,0.9883741148,0.9880489758,1.0000000000,0.9804630398,1.0000000000,1.0000000000,1.0000000000,0.8846091749,0.8176777214
2022-08-08,1.0000000000,1.0000000000,0.9959719201,0.9926455919,0.9930467939,1.0000000000,0.9875251858,1.0000000000,1.0000000000,1.0000000000,0.8903552283,0.8159388646
2022-08-09,1.0000000000,1.0000000000,0.9984237200,0.9947380057,0.9971211256,1.0000000000,0.9909945532,1.0000000000,1.0000000000,1.0000000000,0.8930131657,0.8175557654
2022-08-10,1.0000000000,1.0000000000,0.9976767123,0.9936349509,0.9958777371,1.0000000000,0.9891630470,1.0000000000,1.0000000000,1.0000000000,0.8898115491,0.8083992289
2022-08-11,1.0000000000,1.0000000000,1.0005664875,0.9956286993,1.0006853445,1.0000000000,0.9924710061,1.0000000000,1.0000000000,1.0000000000,0.9035098369,0.8248829616
2022-08-12,1.0000000000,1.0000000000,0.9968643505,0.9931844109,0.9945143832,1.0000000000,0.9884101123,1.0000000000,1.0000000000,1.0000000000,0.9043943454,0.8244128408
2022-08-15,1.0000000000,1.0000000000,0.9983682530,0.9971708605,0.9970149788,1.0000000000,0.9950222565,1.0000000000,1.0000000000,1.0000000000,0.9056919193,0.8233368740
2022-08-16,1.0000000000,1.0000000000,1.0006383676,0.9987884244,1.0007933745,1.0000000000,0.9977123874,1.0000000000,1.0000000000,1.0000000000,0.9086783928,0.8217947205
2022-08-17,1.0000000000,1.0000000000,1.0030029729,1.0000635107,1.0047349939,1.0000000000,0.9998352417,1.0000000000,1.0000000000,1.0000000000,0.9133395596,0.8294897518
2022-08-18,1.0000000000,1.0000000000,1.0032225763,1.0002834657,1.0051016316,1.0000000000,1.0002017497,1.0000000000,1.0000000000,1.0000000000,0.9072117457,0.8222392698
2022-08-19,1.0000000000,1.0000000000,0.9964796734,0.9957114883,0.9938441484,1.0000000000,0.9925840951,1.0000000000,1.0000000000,1.0000000000,0.9034858539,0.8165289744
2022-08-22,1.0000000000,1.0000000000,0.9980436494,0.9980062118,0.9964438808,1.0000000000,0.9963966220,1.0000000000,1.0000000000,1.0000000000,0.9121578273,0.8224949841
2022-08-23,1.0000000000,1.0000000000,0.9982776592,0.9979817204,0.9968332721,1.0000000000,0.9963558688,1.0000000000,1.0000000000,1.0000000000,0.9117453470,0.8184979740
2022-08-24,1.0000000000,1.0000000000,0.9863590224,0.9873515688,0.9769976187,1.0000000000,0.9786678127,1.0000000000,1.0000000000,1.0000000000,0.8914200417,0.8030252960
2022-08-25,1.0000000000,1.0000000000,0.9839200255,0.9857465375,0.9729712042,1.0000000000,0.9760162876,1.0000000000,1.0000000000,1.0000000000,0.8972376246,0.8096778001
2022-08-26,1.0000000000,1.0000000000,0.9812447164,0.9832765614,0.9685619727,1.0000000000,0.9719402958,1.0000000000,1.0000000000,1.0000000000,0.8941232090,0.8079684488
2022-08-29,1.0000000000,1.0000000000,0.9832699403,0.9847156625,0.9718937187,1.0000000000,0.9743111452,1.0000000000,1.0000000000,1.0000000000,0.8968141795,0.8044218891
2022-08-30,1.0000000000,1.0000000000,0.9818293097,0.9828476855,0.9695204474,1.0000000000,0.9712307452,1.0000000000,1.0000000000,1.0000000000,0.8939685796,0.8017211535
2022-08-31,1.0000000000,1.0000000000,0.9725728775,0.9753913153,0.9542864682,1.0000000000,0.9589503481,1.0000000000,1.0000000000,1.0000000000,0.8811934387,0.8023210984
2022-09-01,1.0000000000,1.0000000000,0.9706592646,0.9725679435,0.9511570800,1.0000000000,0.9543240453,1.0000000000,1.0000000000,1.0000000000,0.8768099808,0.7954168142
2022-09-02,1.0000000000,1.0000000000,0.9744672768,0.9748928732,0.9573762513,1.0000000000,0.9581262412,1.0000000000,1.0000000000,1.0000000000,0.8799358000,0.7914571777
2022-09-05,1.0000000000,1.0000000000,0.9752194335,0.9753802604,0.9586078592,1.0000000000,0.9589245826,1.0000000000,1.0000000000,1.0000000000,0.8834020225,0.7898481451
2022-09-06,1.0000000000,1.0000000000,0.9804557680,0.9790729958,0.9671864266,1.0000000000,0.9649753078,1.0000000000,1.0000000000,1.0000000000,0.8944658211,0.7970966600
2022-09-07,1.0000000000,1.0000000000,0.9833588018,0.9811112256,0.9719593343,1.0000000000,0.9683234433,1.0000000000,1.0000000000,1.0000000000,0.8949620743,0.7976277588
2022-09-08,1.0000000000,1.0000000000,0.9811929079,0.9794581265,0.9683913576,1.0000000000,0.9656041889,1.0000000000,1.0000000000,1.0000000000,0.8909914602,0.7942247925
2022-09-09,1.0000000000,1.0000000000,0.9799766202,0.9798887060,0.9663906593,1.0000000000,0.9663116709,1.0000000000,1.0000000000,1.0000000000,0.8982719103,0.8052618120
2022-09-13,1.0000000000,1.0000000000,0.9805839367,0.9817218975,0.9673888209,1.0000000000,0.9693246565,1.0000000000,1.0000000000,1.0000000000,0.9000994942,0.8086687124
2022-09-14,1.0000000000,1.0000000000,0.9778931048,0.9798219044,0.9629644492,1.0000000000,0.9661979900,1.0000000000,1.0000000000,1.0000000000,0.8923887489,0.7996695385
2022-09-15,1.0000000000,1.0000000000,0.9677841005,0.9702969786,0.9463733179,1.0000000000,0.9505438456,1.0000000000,1.0000000000,1.0000000000,0.8792054121,0.7921476061
2022-09-16,1.0000000000,1.0000000000,0.9636844613,0.9661180149,0.9396917500,1.0000000000,0.9437206971,1.0000000000,1.0000000000,1.0000000000,0.8574553088,0.7735709509
2022-09-19,1.0000000000,1.0000000000,0.9601599493,0.9602346427,0.9339650519,1.0000000000,0.9341458544,1.0000000000,1.0000000000,1.0000000000,0.8506030987,0.7726503796
2022-09-20,1.0000000000,1.0000000000,0.9622117007,0.9632619707,0.9372913451,1.0000000000,0.9390543178,1.0000000000,1.0000000000,1.0000000000,0.8566433590,0.7736024234
2022-09-21,1.0000000000,1.0000000000,0.9632399394,0.9655865514,0.9389606923,1.0000000000,0.9428312541,1.0000000000,1.0000000000,1.0000000000,0.8559490471,0.7678763917
2022-09-22,1.0000000000,1.0000000000,0.9650515121,0.9672132309,0.9419038765,1.0000000000,0.9454784953,1.0000000000,1.0000000000,1.0000000000,0.8511894022,0.7611117668
2022-09-23,1.0000000000,1.0000000000,0.9622201655,0.9638939316,0.9372981529,1.0000000000,0.9400706459,1.0000000000,1.0000000000,1.0000000000,0.8411179010,0.7584916795
2022-09-26,1.0000000000,1.0000000000,0.9557766824,0.9566272469,0.9268371638,1.0000000000,0.9282588397,1.0000000000,1.0000000000,1.0000000000,0.8301052023,0.7546874385
2022-09-27,1.0000000000,1.0000000000,0.9608040542,0.9592517150,0.9349624144,1.0000000000,0.9325032405,1.0000000000,1.0000000000,1.0000000000,0.8458112873,0.7656280735
2022-09-28,1.0000000000,1.0000000000,0.9541244204,0.9537222732,0.9241291153,1.0000000000,0.9235444825,1.0000000000,1.0000000000,1.0000000000,0.8274831397,0.7531197136
2022-09-29,1.0000000000,1.0000000000,0.9545685803,0.9545508948,0.9248461097,1.0000000000,0.9248818197,1.0000000000,1.0000000000,1.0000000000,0.8242509033,0.7528108895
2022-09-30,1.0000000000,1.0000000000,0.9515458956,0.9536083138,0.9199651643,1.0000000000,0.9233596797,1.0000000000,1.0000000000,1.0000000000,0.8182662007,0.7484342421
2022-10-10,1.0000000000,1.0000000000,0.9486336610,0.9528819777,0.9152725296,1.0000000000,0.9221875188,1.0000000000,1.0000000000,1.0000000000,0.8062421414,0.7319210040
2022-10-11,1.0000000000,1.0000000000,0.9503199592,0.9560317241,0.9179841884,1.0000000000,0.9272679955,1.0000000000,1.0000000000,1.0000000000,0.8091996871,0.7332487509
2022-10-12,1.0000000000,1.0000000000,0.9554598549,0.9603390618,0.9262591961,1.0000000000,0.9342309031,1.0000000000,1.0000000000,1.0000000000,0.8243020485,0.7443860891
2022-10-13,1.0000000000,1.0000000000,0.9543287273,0.9580869990,0.9244315991,1.0000000000,0.9305795076,1.0000000000,1.0000000000,1.0000000000,0.8233283973,0.7381623982
2022-10-14,1.0000000000,1.0000000000,0.9573758223,0.9598547952,0.9293509922,1.0000000000,0.9334412430,1.0000000000,1.0000000000,1.0000000000,0.8389348390,0.7558263504
2022-10-17,1.0000000000,1.0000000000,0.9610013067,0.9604125113,0.9352165875,1.0000000000,0.9343451908,1.0000000000,1.0000000000,1.0000000000,0.8448285877,0.7566013612
2022-10-18,1.0000000000,1.0000000000,0.9630373220,0.9619206982,0.9385188989,1.0000000000,0.9367906109,1.0000000000,1.0000000000,1.0000000000,0.8452853263,0.7550001967
2022-10-19,1.0000000000,1.0000000000,0.9623609835,0.9588747559,0.9374203667,1.0000000000,0.9318466653,1.0000000000,1.0000000000,1.0000000000,0.8350373763,0.7428557378
2022-10-20,1.0000000000,1.0000000000,0.9611956024,0.9578914574,0.9355284018,1.0000000000,0.9302540286,1.0000000000,1.0000000000,1.0000000000,0.8311708860,0.7386069476
2022-10-21,1.0000000000,1.0000000000,0.9629240297,0.9600611378,0.9383321890,1.0000000000,0.9337658287,1.0000000000,1.0000000000,1.0000000000,0.8301177466,0.7362386404
2022-10-24,1.0000000000,1.0000000000,0.9594629482,0.9551202892,0.9327118787,1.0000000000,0.9257578463,1.0000000000,1.0000000000,1.0000000000,0.8130829530,0.7146957001
2022-10-25,1.0000000000,1.0000000000,0.9569335620,0.9526023514,0.9286137727,1.0000000000,0.9216902946,1.0000000000,1.0000000000,1.0000000000,0.8112782547,0.7135312168
2022-10-26,1.0000000000,1.0000000000,0.9565357986,0.9522063883,0.9279704528,1.0000000000,0.9210517711,1.0000000000,1.0000000000,1.0000000000,0.8212922373,0.7193241276
2022-10-27,1.0000000000,1.0000000000,0.9583075333,0.9539701040,0.9308351609,1.0000000000,0.9238951208,1.0000000000,1.0000000000,1.0000000000,0.8189482868,0.7142570518
2022-10-28,1.0000000000,1.0000000000,0.9508835007,0.9465796735,0.9188164885,1.0000000000,0.9119660562,1.0000000000,1.0000000000,1.0000000000,0.7941955797,0.6965911326
2022-10-31,1.0000000000,1.0000000000,0.9432623623,0.9389930294,0.9065429422,1.0000000000,0.8997840179,1.0000000000,1.0000000000,1.0000000000,0.7905878586,0.6901727055
2022-11-01,1.0000000000,1.0000000000,0.9490479249,0.9447524058,0.9158101781,1.0000000000,0.9089821599,1.0000000000,1.0000000000,1.0000000000,0.8136411416,0.7148530627
2022-11-02,1.0000000000,1.0000000000,0.9537294789,0.9494127704,0.9233395042,1.0000000000,0.9164553496,1.0000000000,1.0000000000,1.0000000000,0.8241298852,0.7234371927
2022-11-03,1.0000000000,1.0000000000,0.9524481145,0.9481372056,0.9212719466,1.0000000000,0.9144032070,1.0000000000,1.0000000000,1.0000000000,0.8225425298,0.7175537983
2022-11-04,1.0000000000,1.0000000000,0.9605536659,0.9562060702,0.9343390051,1.0000000000,0.9273728413,1.0000000000,1.0000000000,1.0000000000,0.8436733919,0.7410145954
2022-11-07,1.0000000000,1.0000000000,0.9642807062,0.9599162415,0.9403812133,1.0000000000,0.9333700006,1.0000000000,1.0000000000,1.0000000000,0.8487899171,0.7426137928
2022-11-08,1.0000000000,1.0000000000,0.9628180229,0.9584601784,0.9380038282,1.0000000000,0.9310103406,1.0000000000,1.0000000000,1.0000000000,0.8463786127,0.7375054093
2022-11-09,1.0000000000,1.0000000000,0.9628206965,0.9584628399,0.9380081694,1.0000000000,0.9310146493,1.0000000000,1.0000000000,1.0000000000,0.8442157542,0.7306089933
2022-11-10,1.0000000000,1.0000000000,0.9631307471,0.9587714872,0.9385116035,1.0000000000,0.9315143300,1.0000000000,1.0000000000,1.0000000000,0.8420766897,0.7249872143
2022-11-11,1.0000000000,1.0000000000,0.9697570509,0.9653677994,0.9492731450,1.0000000000,0.9421956366,1.0000000000,1.0000000000,1.0000000000,0.8555248756,0.7451984736
2022-11-14,1.0000000000,1.0000000000,0.9667357131,0.9623601366,0.9443439468,1.0000000000,0.9373031890,1.0000000000,1.0000000000,1.0000000000,0.8521296002,0.7462960777
2022-11-15,1.0000000000,1.0000000000,0.9695738324,0.9651854102,0.9489645837,1.0000000000,0.9418893757,1.0000000000,1.0000000000,1.0000000000,0.8657391380,0.7604488768
2022-11-16,1.0000000000,1.0000000000,0.9695883735,0.9651998855,0.9489883037,1.0000000000,0.9419129190,1.0000000000,1.0000000000,1.0000000000,0.8630549954,0.7542369881
2022-11-17,1.0000000000,1.0000000000,0.9673359371,0.9629576439,0.9453140025,1.0000000000,0.9382660123,1.0000000000,1.0000000000,1.0000000000,0.8620328283,0.7511428459
2022-11-18,1.0000000000,1.0000000000,0.9644077964,0.9600427564,0.9405448693,1.0000000000,0.9335324363,1.0000000000,1.0000000000,1.0000000000,0.8570510857,0.7477811873
2022-11-21,1.0000000000,1.0000000000,0.9619730603,0.9577340098,0.9365884089,1.0000000000,0.9297915441,1.0000000000,1.0000000000,1.0000000000,0.8529076948,0.7414001338
2022-11-22,1.0000000000,1.0000000000,0.9586585222,0.9558420108,0.9312099527,1.0000000000,0.9267302129,1.0000000000,1.0000000000,1.0000000000,0.8499333774,0.7414866832
2022-11-23,1.0000000000,1.0000000000,0.9546364962,0.9525229363,0.9246985088,1.0000000000,0.9213669022,1.0000000000,1.0000000000,1.0000000000,0.8488112940,0.7422656281
2022-11-24,1.0000000000,1.0000000000,0.9541737848,0.9523047958,0.9239515081,1.0000000000,0.9210152266,1.0000000000,1.0000000000,1.0000000000,0.8484499144,0.7389767497
2022-11-25,1.0000000000,1.0000000000,0.9524557066,0.9518026668,0.9211787410,1.0000000000,0.9202058421,1.0000000000,1.0000000000,1.0000000000,0.8498286395,0.7427082104
2022-11-28,1.0000000000,1.0000000000,0.9524826337,0.9526303869,0.9212221459,1.0000000000,0.9215395794,1.0000000000,1.0000000000,1.0000000000,0.8456529398,0.7343404540
2022-11-29,1.0000000000,1.0000000000,0.9614946595,0.9617898633,0.9357492309,1.0000000000,0.9363071467,1.0000000000,1.0000000000,1.0000000000,0.8661781603,0.7569967347
2022-11-30,1.0000000000,1.0000000000,0.9617028590,0.9622444007,0.9360869387,1.0000000000,0.9370446374,1.0000000000,1.0000000000,1.0000000000,0.8667604530,0.7579055038
2022-12-01,1.0000000000,1.0000000000,0.9649711761,0.9640388013,0.9413890424,1.0000000000,0.9399569839,1.0000000000,1.0000000000,1.0000000000,0.8738772397,0.7661139305
2022-12-02,1.0000000000,1.0000000000,0.9654602370,0.9638581422,0.9421842243,1.0000000000,0.9396634068,1.0000000000,1.0000000000,1.0000000000,0.8736832930,0.7614284590
2022-12-05,1.0000000000,1.0000000000,0.9692595316,0.9685791086,0.9483637217,1.0000000000,0.9473341750,1.0000000000,1.0000000000,1.0000000000,0.8871816964,0.7763641371
2022-12-06,1.0000000000,1.0000000000,0.9703189759,0.9703956866,0.9500913955,1.0000000000,0.9502953966,1.0000000000,1.0000000000,1.0000000000,0.8875580143,0.7805578504
2022-12-07,1.0000000000,1.0000000000,0.9738516489,0.9750500769,0.9558564450,1.0000000000,0.9578920326,1.0000000000,1.0000000000,1.0000000000,0.8869075506,0.7786380267
2022-12-08,1.0000000000,1.0000000000,0.9735663411,0.9758148290,0.9553897188,1.0000000000,0.9591441904,1.0000000000,1.0000000000,1.0000000000,0.8850640815,0.7787835871
2022-12-09,1.0000000000,1.0000000000,0.9720526181,0.9738827181,0.9529139494,1.0000000000,0.9559790187,1.0000000000,1.0000000000,1.0000000000,0.8879986280,0.7864668162
2022-12-12,1.0000000000,1.0000000000,0.9736535115,0.9743649390,0.9555295720,1.0000000000,0.9567679450,1.0000000000,1.0000000000,1.0000000000,0.8789607293,0.7776545104
2022-12-13,1.0000000000,1.0000000000,0.9734538753,0.9764426647,0.9552030384,1.0000000000,0.9601682817,1.0000000000,1.0000000000,1.0000000000,0.8799664091,0.7761280932
2022-12-14,1.0000000000,1.0000000000,0.9749064765,0.9772850177,0.9575786502,1.0000000000,0.9615488042,1.0000000000,1.0000000000,1.0000000000,0.8809657718,0.7779397301
2022-12-15,1.0000000000,1.0000000000,0.9733315644,0.9743557093,0.9550004505,1.0000000000,0.9567452362,1.0000000000,1.0000000000,1.0000000000,0.8783360493,0.7773692907
2022-12-16,1.0000000000,1.0000000000,0.9724200669,0.9749805065,0.9535098989,1.0000000000,0.9577677440,1.0000000000,1.0000000000,1.0000000000,0.8753812406,0.7778099060
2022-12-19,1.0000000000,1.0000000000,0.9659092437,0.9680563626,0.9428695482,1.0000000000,0.9464321326,1.0000000000,1.0000000000,1.0000000000,0.8587031226,0.7658090405
2022-12-20,1.0000000000,1.0000000000,0.9608561399,0.9629920263,0.9346485934,1.0000000000,0.9381801155,1.0000000000,1.0000000000,1.0000000000,0.8491022478,0.7531806916
2022-12-21,1.0000000000,1.0000000000,0.9618784559,0.9640166148,0.9363059803,1.0000000000,0.9398437647,1.0000000000,1.0000000000,1.0000000000,0.8476508007,0.7534796806
2022-12-22,1.0000000000,1.0000000000,0.9619891176,0.9641275225,0.9364855131,1.0000000000,0.9400239758,1.0000000000,1.0000000000,1.0000000000,0.8438591570,0.7545595814
2022-12-23,1.0000000000,1.0000000000,0.9639214659,0.9660641661,0.9396207117,1.0000000000,0.9431710206,1.0000000000,1.0000000000,1.0000000000,0.8415520456,0.7530233290
2022-12-26,1.0000000000,1.0000000000,0.9663572570,0.9685053718,0.9435780185,1.0000000000,0.9471432799,1.0000000000,1.0000000000,1.0000000000,0.8489882195,0.7560269877
2022-12-27,1.0000000000,1.0000000000,0.9662167418,0.9683645442,0.9433493469,1.0000000000,0.9469137443,1.0000000000,1.0000000000,1.0000000000,0.8575183466,0.7647527440
2022-12-28,1.0000000000,1.0000000000,0.9643007005,0.9664442437,0.9402315227,1.0000000000,0.9437841396,1.0000000000,1.0000000000,1.0000000000,0.8514658063,0.7614894370
2022-12-29,1.0000000000,1.0000000000,0.9645244363,0.9666684769,0.9405951083,1.0000000000,0.9441490989,1.0000000000,1.0000000000,1.0000000000,0.8463539829,0.7586254377
2022-12-30,1.0000000000,1.0000000000,0.9666493381,0.9687981022,0.9440487486,1.0000000000,0.9476157886,1.0000000000,1.0000000000,1.0000000000,0.8517296298,0.7615622172
2023-01-03,1.0000000000,1.0000000000,0.9696448438,0.9718002666,0.9489245315,1.0000000000,0.9525099944,1.0000000000,1.0000000000,1.0000000000,0.8613777533,0.7647625792
2023-01-04,1.0000000000,1.0000000000,0.9714194782,0.9735788457,0.9518190519,1.0000000000,0.9554154516,1.0000000000,1.0000000000,1.0000000000,0.8648446655,0.7657559306
2023-01-05,1.0000000000,1.0000000000,0.9744250011,0.9765910496,0.9567271855,1.0000000000,0.9603421304,1.0000000000,1.0000000000,1.0000000000,0.8735952082,0.7806325977
2023-01-06,1.0000000000,1.0000000000,0.9706925219,0.9728502736,0.9506193711,1.0000000000,0.9542112379,1.0000000000,1.0000000000,1.0000000000,0.8721922444,0.7830540147
2023-01-09,1.0000000000,1.0000000000,0.9723606563,0.9745221160,0.9533421021,1.0000000000,0.9569442566,1.0000000000,1.0000000000,1.0000000000,0.8772420638,0.7893937606
2023-01-10,1.0000000000,1.0000000000,0.9729256528,0.9750883685,0.9542653450,1.0000000000,0.9578709879,1.0000000000,1.0000000000,1.0000000000,0.8762537306,0.7902494197
2023-01-11,1.0000000000,1.0000000000,0.9693424667,0.9714972173,0.9484079082,1.0000000000,0.9519914191,1.0000000000,1.0000000000,1.0000000000,0.8734757736,0.7887859475
2023-01-12,1.0000000000,1.0000000000,0.9679352914,0.9700869140,0.9461132665,1.0000000000,0.9496881072,1.0000000000,1.0000000000,1.0000000000,0.8722769823,0.7903281010
2023-01-13,1.0000000000,1.0000000000,0.9711885860,0.9733474403,0.9514131820,1.0000000000,0.9550080481,1.0000000000,1.0000000000,1.0000000000,0.8799847808,0.8014438019
2023-01-16,1.0000000000,1.0000000000,0.9757122367,0.9778811467,0.9587990817,1.0000000000,0.9624218551,1.0000000000,1.0000000000,1.0000000000,0.8893300478,0.8139501947
2023-01-17,0.9990000000,0.9990000000,0.9728908863,0.9751706834,0.9548180493,0.9990000000,0.9586177537,0.9990000000,0.9990000000,0.9991000000,0.8876277254,0.8138085684
2023-01-18,0.9942990053,0.9964546416,0.9704120515,0.9705818223,0.9523852624,0.9920198496,0.9541067857,0.9951770559,0.9959775866,0.9961734132,0.8882487070,0.8124454148
2023-01-19,0.9949175456,1.0000796460,0.9739423155,0.9711856084,0.9558499467,0.9937744692,0.9547003230,0.9952515075,1.0005008340,0.9975419562,0.8922532126,0.8175006885
2023-01-20,0.9957235553,1.0019967097,0.9758092762,0.9719723923,0.9576822260,0.9952582328,0.9554737516,0.9990179121,1.0017671294,1.0011731300,0.9002295921,0.8225205555
2023-01-30,1.0024899718,1.0028680981,0.9766578907,0.9785774083,0.9585150762,0.9944227203,0.9619666516,1.0017792380,1.0035603035,1.0083960442,0.9044906100,0.8264192140
2023-01-31,0.9944421410,0.9966229553,0.9705759663,0.9707215438,0.9525461322,0.9837182287,0.9542441356,0.9944120392,0.9985526848,0.9995072642,0.9040786256,0.8176678862
2023-02-01,1.0043997413,1.0070331892,0.9807141261,0.9804416237,0.9624959613,0.9938184282,0.9637992230,1.0042402654,1.0122369829,1.0083593160,0.9144072127,0.8253530823
2023-02-02,1.0082951550,1.0056168120,0.9793347662,0.9842441195,0.9611422250,0.9920254912,0.9675371737,1.0098932643,1.0110804803,1.0132985876,0.9143997661,0.8224458083
2023-02-03,1.0073744963,0.9997914464,0.9736616480,0.9833454214,0.9555744930,0.9846317774,0.9666537306,1.0086961170,1.0102218091,1.0138863649,0.9094527818,0.8146720957
2023-02-06,0.9990213647,0.9857399251,0.9599773667,0.9751915385,0.9421444168,0.9682868862,0.9586382548,1.0002416245,1.0013562274,1.0071440819,0.9028715818,0.8039025925
2023-02-07,1.0027746357,0.9942877646,0.9683018063,0.9788552820,0.9503142181,0.9723416469,0.9622398085,1.0040419032,1.0062692251,1.0106730069,0.9074204207,0.8053483615
2023-02-08,0.9947971103,0.9844539726,0.9587250229,0.9710680459,0.9409153371,0.9650282596,0.9545847560,0.9951239177,0.9980278376,1.0001384626,0.9020165280,0.8017899996
2023-02-09,1.0119285909,1.0001448620,0.9740058270,0.9877908864,0.9559122784,0.9803528448,0.9710237364,1.0108715406,1.0140585415,1.0189704331,0.9128742783,0.8125536016
2023-02-10,1.0198122018,1.0003299828,0.9741861096,0.9954864482,0.9560892120,0.9822371293,0.9785886708,1.0173540664,1.0203281183,1.0256952390,0.9118701419,0.8077245368
2023-02-13,1.0457117914,1.0179018825,0.9912987634,1.0207682505,0.9728839738,0.9985693816,1.0034413299,1.0370195646,1.0411548845,1.0456889803,0.9218394457,0.8150537000
2023-02-14,1.0429630437,1.0165895432,0.9900207224,1.0180850691,0.9716296742,0.9935712254,1.0008036938,1.0313052145,1.0399030016,1.0381817017,0.9221865015,0.8153920296
2023-02-15,1.0431042877,1.0131280470,0.9866496933,1.0182229440,0.9683212668,0.9857688482,1.0009392283,1.0313098816,1.0379891957,1.0419561262,0.9189534744,0.8111432393
2023-02-16,1.0343588373,1.0066145790,0.9803064564,1.0096861003,0.9620958646,0.9804704573,0.9925472924,1.0234803916,1.0274339914,1.0383315250,0.9062915648,0.8052028011
2023-02-17,1.0279994084,0.9961930471,0.9701572938,1.0034783640,0.9521352372,0.9713384321,0.9864449287,1.0130850549,1.0204698374,1.0259634434,0.9004158028,0.7936012432
2023-02-20,1.0494062543,1.0302113152,1.0032864860,1.0243745887,0.9846490073,0.9960704516,1.0069864527,1.0364868313,1.0447714459,1.0457016038,0.9182118505,0.8130709312
2023-02-21,1.0409517721,1.0280449274,1.0011767173,1.0161217727,0.9825784306,0.9949999887,0.9988737232,1.0305243801,1.0381767892,1.0387885128,0.9226958684,0.8152071285
2023-02-22,1.0382140619,1.0248110361,0.9980273445,1.0134493656,0.9794875620,0.9950959197,0.9962466786,1.0278140941,1.0384217447,1.0365652818,0.9198914143,0.8078504268
2023-02-23,1.0250724497,1.0154776625,0.9889379010,1.0006212225,0.9705669678,0.9815661914,0.9836362854,1.0148041236,1.0279985834,1.0296988459,0.9180138571,0.8072013061
2023-02-24,1.0219525268,1.0093578114,0.9829779937,0.9975757197,0.9647177743,0.9796885735,0.9806424782,1.0117154536,1.0283680727,1.0223508239,0.9137911618,0.7988217475
2023-02-27,1.0159941282,1.0014745449,0.9753007584,0.9917594478,0.9571831546,0.9720395969,0.9749249339,1.0058167412,1.0181685038,1.0230698675,0.9082941894,0.7954364845
2023-02-28,1.0270934287,1.0084167067,0.9820614850,1.0025939948,0.9638182911,0.9819587092,0.9855755711,1.0168048582,1.0301333041,1.0291006812,0.9150621988,0.8004760219
2023-03-01,1.0448941143,1.0225546920,0.9958299706,1.0199700776,0.9773310074,0.9996509415,1.0026567054,1.0344272312,1.0500396686,1.0326524194,0.9242450278,0.8117825249
2023-03-02,1.0499114789,1.0274183301,1.0005664963,1.0248677621,0.9819795453,1.0038121026,1.0074712548,1.0393943360,1.0561897071,1.0326697212,0.9238542466,0.8099728550
2023-03-03,1.0455807729,1.0219102359,0.9952023574,1.0206403572,0.9767150530,0.9964557383,1.0033156074,1.0351070114,1.0514976990,1.0310252754,0.9258542620,0.8124926236
2023-03-06,1.0446732071,1.0142997616,0.9877907848,1.0197544397,0.9694411610,0.9911908995,1.0024447279,1.0342085369,1.0486163338,1.0331213869,0.9224268615,0.8082556355
2023-03-07,1.0206786027,0.9930776956,0.9671233628,0.9963321827,0.9491576658,0.9682607419,0.9794200495,1.0104542906,1.0259638447,1.0120099335,0.9072119530,0.7964219678
2023-03-08,1.0270791681,0.9950250025,0.9690197763,1.0025800744,0.9510188507,0.9751583559,0.9855618869,1.0167907404,1.0344831742,1.0121338349,0.9094188212,0.7935225619
2023-03-09,1.0224819339,0.9883872783,0.9625555307,0.9980924988,0.9446746877,0.9712720549,0.9811504852,1.0122395575,1.0311890671,1.0047534818,0.9067624151,0.7907175735
2023-03-10,1.0084606104,0.9705070606,0.9451426170,0.9844056282,0.9275852437,0.9574983814,0.9676959410,0.9983586880,1.0180315345,0.9899870615,0.8923332123,0.7803493450
2023-03-13,1.0251087486,0.9802143343,0.9545961887,1.0006566556,0.9368632018,0.9727759684,0.9836711170,1.0148400589,1.0328182017,0.9970877908,0.8999575181,0.7885223652
2023-03-14,1.0148568964,0.9687036507,0.9433863396,0.9906493426,0.9258615917,0.9630278345,0.9738336721,1.0046909013,1.0179455026,0.9879348696,0.8911603886,0.7838034541
2023-03-15,1.0052997934,0.9695537283,0.9442142003,0.9813202068,0.9266740736,0.9576684772,0.9646628927,0.9952295335,1.0172806810,0.9781693715,0.8954862254,0.7842362013
2023-03-16,1.0021287750,0.9640240853,0.9388290758,0.9782248272,0.9213889856,0.9545255035,0.9616200552,0.9920902796,1.0050710242,0.9767914386,0.8826078664,0.7748436209
2023-03-17,1.0157895784,0.9702275069,0.9448703695,0.9915597771,0.9273180536,0.9670441547,0.9747286525,1.0056142404,1.0250946931,0.9703784487,0.8890432828,0.7787127739
2023-03-20,1.0101210608,0.9677068469,0.9424155875,0.9860264716,0.9249088727,0.9610721019,0.9692892715,1.0000025053,1.0235296919,0.9597885666,0.8840874462,0.7748298517
2023-03-21,1.0313812526,0.9873612082,0.9613830238,1.0067190732,0.9434106052,0.9808058803,0.9895910016,1.0210497302,1.0425149984,0.9807388575,0.8948461074,0.7833471026
2023-03-22,1.0313812526,0.9873612082,0.9673022823,1.0117959391,0.9530916082,0.9808058803,0.9979084838,1.0210497302,1.0425149984,0.9807388575,0.8990470826,0.7867028601
2023-03-23,1.0313812526,0.9873612082,0.9724298043,1.0156567467,0.9615119305,0.9808058803,1.0042548435,1.0210497302,1.0425149984,0.9807388575,0.9018394854,0.7945021441
2023-03-24,1.0313812526,0.9873612082,0.9741351145,1.0173418338,0.9643222040,0.9808058803,1.0070317938,1.0210497302,1.0425149984,0.9807388575,0.9010331291,0.7921338369
2023-03-27,1.0313812526,0.9873612082,0.9742508849,1.0185925640,0.9645132109,0.9808058803,1.0090952186,1.0210497302,1.0425149984,0.9807388575,0.8987396741,0.7892678705
2023-03-28,1.0313812526,0.9873612082,0.9697534244,1.0168192698,0.9570923639,0.9808058803,1.0061672852,1.0210497302,1.0425149984,0.9807388575,0.8953848895,0.7867166293
2023-03-29,1.0313812526,0.9873612082,0.9691928971,1.0151214326,0.9561703486,0.9808058803,1.0033672002,1.0210497302,1.0425149984,0.9807388575,0.8925056943,0.7880207719
2023-03-30,1.0313812526,0.9873612082,0.9659818868,1.0117829464,0.9508905728,0.9808058803,0.9978674846,1.0210497302,1.0425149984,0.9807388575,0.8966590640,0.7943919902
2023-03-31,1.0313812526,0.9873612082,0.9729451985,1.0189717495,0.9623147819,0.9808058803,1.0096840388,1.0210497302,1.0425149984,0.9807388575,0.9027037450,0.7968311106
2023-04-03,1.0313812526,0.9873612082,0.9823959112,1.0281145265,0.9778938720,0.9808058803,1.0247831097,1.0210497302,1.0425149984,0.9807388575,0.9125264230,0.8046284276
2023-04-04,1.0313812526,0.9873612082,0.9852520285,1.0287237259,0.9826322528,0.9808058803,1.0257951521,1.0210497302,1.0425149984,0.9807388575,0.9103115019,0.8070950864
2023-04-06,1.0313812526,0.9873612082,0.9847271166,1.0268794462,0.9817597259,0.9808058803,1.0227301031,1.0210497302,1.0425149984,0.9807388575,0.9081883049,0.8058224163
2023-04-07,1.0313812526,0.9873612082,0.9890249043,1.0321034253,0.9889011203,0.9808058803,1.0314015538,1.0210497302,1.0425149984,0.9807388575,0.9152687188,0.8110625910
2023-04-10,1.0313812526,0.9873612082,0.9810494431,1.0248599638,0.9756103486,0.9808058803,1.0193373276,1.0210497302,1.0425149984,0.9807388575,0.9080150452,0.8074294819
2023-04-11,1.0313812526,0.9873612082,0.9844794042,1.0281784871,0.9812952567,0.9808058803,1.0248383958,1.0210497302,1.0425149984,0.9807388575,0.9105708339,0.8065128447
2023-04-12,1.0313812526,0.9873612082,0.9929881203,1.0359592528,0.9954305833,0.9808058803,1.0377642116,1.0210497302,1.0425149984,0.9807388575,0.9140526971,0.8059502734
2023-04-13,1.0313812526,0.9873612082,0.9871001143,1.0312501078,0.9855931021,0.9808058803,1.0299019619,1.0210497302,1.0425149984,0.9807388575,0.9099353937,0.8003816043
2023-04-14,1.0313812526,0.9873612082,0.9887116740,1.0307023350,0.9882749342,0.9808058803,1.0289902008,1.0210497302,1.0425149984,0.9807388575,0.9116183389,0.8049097132
2023-04-17,1.0313812526,0.9873612082,0.9851915353,1.0289160532,0.9824106280,0.9808058803,1.0260180098,1.0210497302,1.0425149984,0.9807388575,0.9175372065,0.8161965459
2023-04-18,1.0313812526,0.9873612082,0.9864764319,1.0306435836,0.9845460774,0.9808058803,1.0288891175,1.0210497302,1.0425149984,0.9807388575,0.9174057035,0.8186848420
2023-04-19,1.0303498713,0.9863738470,0.9850254911,1.0290327264,0.9827888106,0.9798250744,1.0268948091,1.0200286804,1.0414724834,0.9798561925,0.9111884333,0.8113143711
2023-04-20,1.0495182872,1.0070145371,1.0056379658,1.0481766383,1.0033544809,1.0003287260,1.0459989477,1.0454149450,1.0634195144,1.0070687248,0.9085121702,0.8090444156
2023-04-21,1.0017337573,0.9704706935,0.9691440769,1.0004531937,0.9669434581,0.9640275057,0.9983746532,0.9999613074,1.0182731756,0.9635125620,0.8890705019,0.7932196389
2023-04-24,1.0055610866,0.9782323230,0.9768950965,1.0042756303,0.9746768776,0.9717376040,1.0021891483,1.0058187600,1.0229168860,0.9787520509,0.8826729991,0.7833982454
2023-04-25,0.9933285179,0.9747508148,0.9734183474,0.9920586991,0.9712080231,0.9682792104,0.9899975991,0.9945329786,1.0158016660,0.9737227912,0.8737691003,0.7794700814
2023-04-26,0.9780042177,0.9583715566,0.9570614793,0.9767539886,0.9548882963,0.9520086979,0.9747246856,0.9746526458,0.9980190957,0.9527637403,0.8761393330,0.7787934222
2023-04-27,0.9609137033,0.9451557081,0.9438636967,0.9596853218,0.9417204816,0.9388805926,0.9576914807,0.9605201358,0.9790743753,0.9292145254,0.8782838291,0.7845351902
2023-04-28,0.9975949920,0.9855764147,0.9842291489,0.9963197191,0.9819942767,0.9790329365,0.9942497663,1.0007701074,1.0171123803,0.9731642075,0.8910574509,0.7925351115
2023-05-04,0.9961912569,0.9945932833,0.9932336916,0.9949177785,0.9909783729,0.9879899399,0.9928507384,1.0072643723,1.0187468322,0.9816673993,0.8934653091,0.7927632873
2023-05-05,0.9863526951,0.9835540453,0.9822095440,0.9850917938,0.9799792577,0.9770239940,0.9830451682,0.9963666827,1.0058341402,0.9695246383,0.8880487696,0.7901333648
2023-05-08,0.9932798812,0.9994676467,0.9981013919,0.9920101246,0.9958350202,0.9928319413,0.9899491254,1.0065158123,1.0202319021,0.9809172535,0.8945549182,0.7991384397
2023-05-09,0.9775750344,0.9792276903,0.9778891031,0.9763253541,0.9756686271,0.9727263627,0.9742969416,0.9892589212,1.0037757906,0.9634297663,0.8849325900,0.7922971006
2023-05-10,0.9732066311,0.9675332945,0.9662106933,0.9719625350,0.9640167353,0.9611096088,0.9699431867,0.9811423759,0.9936070326,0.9570743677,0.8828086746,0.7861973327
2023-05-11,0.9764221593,0.9654497557,0.9641300027,0.9751739526,0.9619407692,0.9590399031,0.9731479323,0.9816083102,0.9931266681,0.9572481396,0.8839684922,0.7849758055
2023-05-12,0.9584627545,0.9440544600,0.9427639540,0.9572375063,0.9406232360,0.9377866560,0.9552487507,0.9598594895,0.9745005264,0.9380844563,0.8737134619,0.7745702034
2023-05-15,0.9609471820,0.9425547588,0.9412663028,0.9597187578,0.9391289856,0.9362969116,0.9577248472,0.9597910550,0.9755385498,0.9347261113,0.8812278813,0.7865946733
2023-05-16,0.9394426319,0.9209187079,0.9196598281,0.9382416980,0.9175715723,0.9148045077,0.9362924081,0.9392580322,0.9576282211,0.9087490643,0.8723779566,0.7825268500
2023-05-17,0.9441911432,0.9245690529,0.9233051831,0.9429841390,0.9212086499,0.9184306172,0.9410249962,0.9448626713,0.9627758217,0.9130485926,0.8733836921,0.7789783233
2023-05-18,0.9642184173,0.9441901706,0.9428994791,0.9629858113,0.9407584534,0.9379214656,0.9609851130,0.9649741090,0.9840791145,0.9409414490,0.8745332298,0.7781718400
2023-05-19,0.9612793090,0.9325067749,0.9312320544,0.9600504602,0.9291175218,0.9263156387,0.9580558604,0.9589600848,0.9784080045,0.9308129774,0.8720708996,0.7759038514
2023-05-22,0.9539497133,0.9244945275,0.9233971075,0.9526730132,0.9214110123,0.9183565866,0.9506556727,0.9491002979,0.9698870123,0.9204538422,0.8754573008,0.7807801251
2023-05-23,0.9539497133,0.9244945275,0.9185762966,0.9474784679,0.9133936091,0.9183565866,0.9420164300,0.9491002979,0.9698870123,0.9204538422,0.8650860685,0.7697372045
2023-05-24,0.9539497133,0.9244945275,0.9176525419,0.9456127323,0.9118627043,0.9183565866,0.9389247968,0.9491002979,0.9698870123,0.9204538422,0.8572958851,0.7590955584
2023-05-25,0.9539497133,0.9244945275,0.9177091619,0.9457338258,0.9119564756,0.9183565866,0.9391251920,0.9491002979,0.9698870123,0.9204538422,0.8545858515,0.7574058775
2023-05-26,0.9539497133,0.9244945275,0.9208362960,0.9482036117,0.9171356949,0.9183565866,0.9432127376,0.9491002979,0.9698870123,0.9204538422,0.8571686322,0.7574943940
2023-05-29,0.9539497133,0.9244945275,0.9236184337,0.9514318520,0.9217539566,0.9183565866,0.9485648183,0.9491002979,0.9698870123,0.9204538422,0.8542628021,0.7541484716
2023-05-30,0.9539497133,0.9244945275,0.9298263617,0.9558925167,0.9320796171,0.9183565866,0.9559768567,0.9491002979,0.9698870123,0.9204538422,0.8572658436,0.7548979110
2023-05-31,0.9539497133,0.9244945275,0.9311137339,0.9559610216,0.9342304369,0.9183565866,0.9560910415,0.9491002979,0.9698870123,0.9204538422,0.8529147849,0.7471851764
2023-06-01,0.9539497133,0.9244945275,0.9337422023,0.9572155531,0.9386258813,0.9183565866,0.9581822118,0.9491002979,0.9698870123,0.9204538422,0.8542300956,0.7488237145
2023-06-02,0.9539497133,0.9244945275,0.9339847733,0.9581492265,0.9390322808,0.9183565866,0.9597399057,0.9491002979,0.9698870123,0.9204538422,0.8645202709,0.7596345254
2023-06-05,0.9539497133,0.9244945275,0.9360684948,0.9603946496,0.9425239182,0.9183565866,0.9634884904,0.9491002979,0.9698870123,0.9204538422,0.8649870004,0.7561764822
2023-06-06,0.9539497133,0.9244945275,0.9308067437,0.9564506158,0.9336938552,0.9183565866,0.9568939250,0.9491002979,0.9698870123,0.9204538422,0.8538730800,0.7490774617
2023-06-07,0.9539497133,0.9244945275,0.9327170705,0.9580820678,0.9368876087,0.9183565866,0.9596142719,0.9491002979,0.9698870123,0.9204538422,0.8546215194,0.7453755065
2023-06-08,0.9539497133,0.9244945275,0.9321677353,0.9590180357,0.9359679562,0.9183565866,0.9611767132,0.9491002979,0.9698870123,0.9204538422,0.8570277427,0.7514438019
2023-06-09,0.9539497133,0.9244945275,0.9374040880,0.9633687158,0.9447307896,0.9183565866,0.9684441685,0.9491002979,0.9698870123,0.9204538422,0.8599220372,0.7546913726
2023-06-12,0.9539497133,0.9244945275,0.9363267189,0.9613222202,0.9429211401,0.9183565866,0.9650153726,0.9491002979,0.9698870123,0.9204538422,0.8640950689,0.7562118887
2023-06-13,0.9539497133,0.9244945275,0.9392610111,0.9625925354,0.9478460701,0.9183565866,0.9671406984,0.9491002979,0.9698870123,0.9204538422,0.8658826589,0.7602403714
2023-06-14,0.9539497133,0.9244945275,0.9403654933,0.9625255530,0.9497036992,0.9183565866,0.9670285336,0.9491002979,0.9698870123,0.9204538422,0.8681409076,0.7600653055
2023-06-15,0.9539497133,0.9244945275,0.9404242868,0.9636437035,0.9498026614,0.9183565866,0.9689008362,0.9491002979,0.9698870123,0.9204538422,0.8752919962,0.7721586215
2023-06-16,0.9539497133,0.9244945275,0.9459026635,0.9673365006,0.9590243443,0.9183565866,0.9750890746,0.9491002979,0.9698870123,0.9204538422,0.8812457388,0.7796038396
2023-06-19,0.9539497133,0.9244945275,0.9486074482,0.9674720242,0.9635940612,0.9183565866,0.9753167236,0.9491002979,0.9698870123,0.9204538422,0.8762017956,0.7732227861
2023-06-20,0.9539497133,0.9244945275,0.9514091674,0.9668951617,0.9683373650,0.9183565866,0.9743474903,0.9491002979,0.9698870123,0.9204538422,0.8724094663,0.7719107754
2023-06-21,0.9539497133,0.9244945275,0.9423823777,0.9600078934,0.9530250296,0.9183565866,0.9627802374,0.9491002979,0.9698870123,0.9204538422,0.8590451486,0.7600672725
2023-06-26,0.9539497133,0.9244945275,0.9330168051,0.9546051792,0.9372394608,0.9183565866,0.9537497101,0.9491002979,0.9698870123,0.9204538422,0.8452182434,0.7493803848
2023-06-27,0.9539497133,0.9244945275,0.9364073079,0.9582415334,0.9429158734,0.9183565866,0.9598048692,0.9491002979,0.9698870123,0.9204538422,0.8597900033,0.7564085920
2023-06-28,0.9539497133,0.9244945275,0.9327999491,0.9567753700,0.9368618201,0.9183565866,0.9573572770,0.9491002979,0.9698870123,0.9204538422,0.8578450261,0.7554978559
2023-06-29,0.9539497133,0.9244945275,0.9356674388,0.9575094149,0.9416617803,0.9183565866,0.9585814292,0.9491002979,0.9698870123,0.9204538422,0.8573653090,0.7517683622
2023-06-30,0.9539497133,0.9244945275,0.9367549538,0.9589126113,0.9434859173,0.9183565866,0.9609227082,0.9491002979,0.9698870123,0.9204538422,0.8647718233,0.7558224163
2023-07-03,0.9539497133,0.9244945275,0.9357083956,0.9594528576,0.9417291203,0.9183565866,0.9618250061,0.9491002979,0.9698870123,0.9204538422,0.8729136087,0.7657421614
2023-07-04,0.9539497133,0.9244945275,0.9380603740,0.9589257111,0.9456743070,0.9183565866,0.9609442564,0.9491002979,0.9698870123,0.9204538422,0.8738265065,0.7669479523
2023-07-05,0.9539497133,0.9244945275,0.9342458592,0.9566205330,0.9392651804,0.9183565866,0.9570942056,0.9491002979,0.9698870123,0.9204538422,0.8681081879,0.7610075141
2023-07-06,0.9539497133,0.9244945275,0.9346672198,0.9560802124,0.9399712210,0.9183565866,0.9561932254,0.9491002979,0.9698870123,0.9204538422,0.8649218851,0.7558814273
2023-07-07,0.9539497133,0.9244945275,0.9316852882,0.9555498107,0.9349731322,0.9183565866,0.9553091180,0.9491002979,0.9698870123,0.9204538422,0.8623172467,0.7525276368
2023-07-10,0.9539497133,0.9244945275,0.9307918227,0.9560127846,0.9334787681,0.9183565866,0.9560805468,0.9491002979,0.9698870123,0.9204538422,0.8646356764,0.7561922184
2023-07-11,0.9539497133,0.9244945275,0.9337767199,0.9564862921,0.9384679578,0.9183565866,0.9568697819,0.9491002979,0.9698870123,0.9204538422,0.8690430092,0.7611412723
2023-07-12,0.9539497133,0.9244945275,0.9280248188,0.9532815527,0.9288332939,0.9183565866,0.9515264082,0.9491002979,0.9698870123,0.9204538422,0.8602193510,0.7560171525
2023-07-13,0.9539497133,0.9244945275,0.9320041761,0.9582139610,0.9354713339,0.9183565866,0.9597319530,0.9491002979,0.9698870123,0.9204538422,0.8699923374,0.7668318974
2023-07-14,0.9539497133,0.9244945275,0.9346073516,0.9604098717,0.9398260999,0.9183565866,0.9633976020,0.9491002979,0.9698870123,0.9204538422,0.8694921602,0.7669656556
2023-07-17,0.9539497133,0.9244945275,0.9334516204,0.9583746175,0.9378891254,0.9183565866,0.9599949593,0.9491002979,0.9698870123,0.9204538422,0.8648245161,0.7606849207
2023-07-18,0.9539497133,0.9244945275,0.9312769884,0.9552867425,0.9342475089,0.9183565866,0.9548397997,0.9491002979,0.9698870123,0.9204538422,0.8637218816,0.7582792399
2023-07-19,0.9539497133,0.9244945275,0.9316334671,0.9556295887,0.9348432576,0.9183565866,0.9554106680,0.9491002979,0.9698870123,0.9204538422,0.8652681640,0.7574786577
2023-07-20,0.9539497133,0.9244945275,0.9272288728,0.9507536476,0.9274769748,0.9183565866,0.9472859613,0.9491002979,0.9698870123,0.9204538422,0.8585911123,0.7521322633
2023-07-21,0.9539497133,0.9244945275,0.9257963180,0.9496625848,0.9250887446,0.9183565866,0.9454741557,0.9491002979,0.9698870123,0.9204538422,0.8585315435,0.7517821315
2023-07-24,0.9539497133,0.9244945275,0.9258840356,0.9502355354,0.9252348289,0.9183565866,0.9464248617,0.9491002979,0.9698870123,0.9204538422,0.8557364910,0.7484991542
2023-07-25,0.9539497133,0.9244945275,0.9291113581,0.9530299347,0.9306099282,0.9183565866,0.9510635169,0.9491002979,0.9698870123,0.9204538422,0.8746394483,0.7701168417
2023-07-26,0.9539497133,0.9244945275,0.9262167019,0.9501844217,0.9257777199,0.9183565866,0.9463307806,0.9491002979,0.9698870123,0.9204538422,0.8732865399,0.7685215783
2023-07-27,0.9539497133,0.9244945275,0.9250094791,0.9493932341,0.9237666354,0.9183565866,0.9450174825,0.9491002979,0.9698870123,0.9204538422,0.8701082198,0.7676049412
2023-07-28,0.9539497133,0.9244945275,0.9284460172,0.9522499909,0.9294865034,0.9183565866,0.9497567992,0.9491002979,0.9698870123,0.9204538422,0.8828207672,0.7853849483
2023-07-31,0.9539497133,0.9244945275,0.9311595896,0.9548912126,0.9340141925,0.9183565866,0.9541473100,0.9491002979,0.9698870123,0.9204538422,0.8917808388,0.7896907825
2023-08-01,0.9539497133,0.9244945275,0.9316660816,0.9556982057,0.9348609336,0.9183565866,0.9554912507,0.9491002979,0.9698870123,0.9204538422,0.8902362738,0.7864196074
2023-08-02,0.9539497133,0.9244945275,0.9313909305,0.9546815682,0.9344007759,0.9183565866,0.9537972218,0.9491002979,0.9698870123,0.9204538422,0.8858610255,0.7808922460
2023-08-03,0.9539497133,0.9244945275,0.9300383324,0.9532761054,0.9321391608,0.9183565866,0.9514569537,0.9491002979,0.9698870123,0.9204538422,0.8877353027,0.7877925961
2023-08-04,0.9539497133,0.9244945275,0.9312366464,0.9544561681,0.9341408621,0.9183565866,0.9534199715,0.9491002979,0.9698870123,0.9204538422,0.8894190472,0.7908611668
2023-08-07,0.9539497133,0.9244945275,0.9299596877,0.9531965805,0.9320059603,0.9183565866,0.9513229379,0.9491002979,0.9698870123,0.9204538422,0.8836557937,0.7848754868
2023-08-08,0.9539497133,0.9244945275,0.9288157821,0.9517892340,0.9300952559,0.9183565866,0.9489819711,0.9491002979,0.9698870123,0.9204538422,0.8806578180,0.7828258389
2023-08-09,0.9539497133,0.9244945275,0.9249353812,0.9483996575,0.9236190120,0.9183565866,0.9433493392,0.9491002979,0.9698870123,0.9204538422,0.8741523764,0.7804339274
2023-08-10,0.9539497133,0.9244945275,0.9249920401,0.9484138126,0.9237133092,0.9183565866,0.9433728055,0.9491002979,0.9698870123,0.9204538422,0.8765481198,0.7820370589
2023-08-11,0.9539497133,0.9244945275,0.9201557264,0.9439602042,0.9156639294,0.9183565866,0.9359895778,0.9491002979,0.9698870123,0.9204538422,0.8598981262,0.7640446123
2023-08-14,0.9539497133,0.9244945275,0.9209176090,0.9449756414,0.9169275351,0.9183565866,0.9376676830,0.9491002979,0.9698870123,0.9204538422,0.8606664918,0.7584700421
2023-08-15,0.9539497133,0.9244945275,0.9203990038,0.9443073181,0.9160669381,0.9183565866,0.9365624248,0.9491002979,0.9698870123,0.9204538422,0.8570617655,0.7566269326
2023-08-16,0.9539497133,0.9244945275,0.9169093347,0.9405299137,0.9102794556,0.9183565866,0.9303197500,0.9491002979,0.9698870123,0.9204538422,0.8509628403,0.7510779338
2023-08-17,0.9539497133,0.9244945275,0.9188142587,0.9425319626,0.9134313725,0.9183565866,0.9336202753,0.9491002979,0.9698870123,0.9204538422,0.8574625134,0.7535898344
2023-08-18,0.9539497133,0.9244945275,0.9136983799,0.9370355326,0.9049548601,0.9183565866,0.9245461737,0.9491002979,0.9698870123,0.9204538422,0.8449187838,0.7443251111
2023-08-21,0.9539497133,0.9244945275,0.9102446278,0.9332349162,0.8992536904,0.9183565866,0.9182962411,0.9491002979,0.9698870123,0.9204538422,0.8372329043,0.7336165860
2023-08-22,0.9539497133,0.9244945275,0.9135638075,0.9370268340,0.9047188598,0.9183565866,0.9245149395,0.9491002979,0.9698870123,0.9204538422,0.8413190018,0.7392560683
2023-08-23,0.9539497133,0.9244945275,0.9077032018,0.9316215300,0.8950457523,0.9183565866,0.9156263923,0.9491002979,0.9698870123,0.9204538422,0.8286568687,0.7271391479
2023-08-24,0.9539497133,0.9244945275,0.9077427348,0.9327598246,0.8951107218,0.9183565866,0.9174909774,0.9491002979,0.9698870123,0.9204538422,0.8300286112,0.7324107951
2023-08-25,0.9539497133,0.9244945275,0.9046165295,0.9297313326,0.8899728860,0.9183565866,0.9125261157,0.9491002979,0.9698870123,0.9204538422,0.8215270021,0.7296018726
2023-08-28,0.9539497133,0.9244945275,0.9103632110,0.9354719704,0.8993956461,0.9183565866,0.9219167890,0.9491002979,0.9698870123,0.9204538422,0.8319835989,0.7381525630
2023-08-29,0.9539497133,0.9244945275,0.9167935980,0.9414863458,0.9099838415,0.9183565866,0.9317954988,0.9491002979,0.9698870123,0.9204538422,0.8467774619,0.7455269680
2023-08-30,0.9539497133,0.9244945275,0.9169224661,0.9415729847,0.9101970262,0.9183565866,0.9319384106,0.9491002979,0.9698870123,0.9204538422,0.8470720771,0.7452122428
2023-08-31,0.9539497133,0.9244945275,0.9124877096,0.9375768157,0.9028599788,0.9183565866,0.9253462798,0.9491002979,0.9698870123,0.9204538422,0.8402404328,0.7406408592
2023-09-01,0.9539497133,0.9244945275,0.9140963597,0.9393814328,0.9055127740,0.9183565866,0.9283147402,0.9491002979,0.9698870123,0.9204538422,0.8460123586,0.7457984185
2023-09-04,0.9539497133,0.9244945275,0.9180778491,0.9425780581,0.9120862777,0.9183565866,0.9335796842,0.9491002979,0.9698870123,0.9204538422,0.8602722940,0.7571009875
2023-09-05,0.9539497133,0.9244945275,0.9141969228,0.9388842040,0.9056602801,0.9183565866,0.9274820333,0.9491002979,0.9698870123,0.9204538422,0.8542115449,0.7514693733
2023-09-06,0.9539497133,0.9244945275,0.9160386204,0.9406579553,0.9087011136,0.9183565866,0.9304023836,0.9491002979,0.9698870123,0.9204538422,0.8537998611,0.7498387033
2023-09-07,0.9539497133,0.9244945275,0.9124176752,0.9370953328,0.9027145448,0.9183565866,0.9245294155,0.9491002979,0.9698870123,0.9204538422,0.8427234964,0.7393032771
2023-09-11,0.9539497133,0.9244945275,0.9145129963,0.9397204550,0.9061696088,0.9183565866,0.9288459502,0.9491002979,0.9698870123,0.9204538422,0.8475368190,0.7410873756
2023-09-12,0.9539497133,0.9244945275,0.9144235541,0.9402981159,0.9060218984,0.9183565866,0.9297975772,0.9491002979,0.9698870123,0.9204538422,0.8463954643,0.7397222550
2023-09-13,0.9539497133,0.9244945275,0.9115348528,0.9372566793,0.9012516315,0.9183565866,0.9247851237,0.9491002979,0.9698870123,0.9204538422,0.8407295364,0.7350112121
2023-09-14,0.9539497133,0.9244945275,0.9097220197,0.9354010352,0.8982649153,0.9183565866,0.9217342769,0.9491002979,0.9698870123,0.9204538422,0.8384632625,0.7343935639
2023-09-15,0.9539497133,0.9244945275,0.9088047912,0.9355465853,0.8967554539,0.9183565866,0.9219733161,0.9491002979,0.9698870123,0.9204538422,0.8373807354,0.7295290924
2023-09-18,0.9539497133,0.9244945275,0.9102126866,0.9361662658,0.8990708355,0.9183565866,0.9229911326,0.9491002979,0.9698870123,0.9204538422,0.8408666107,0.7332526850
2023-09-19,0.9539497133,0.9244945275,0.9111163667,0.9366927317,0.9005585325,0.9183565866,0.9238562272,0.9491002979,0.9698870123,0.9204538422,0.8363439387,0.7318344545
2023-09-20,0.9539497133,0.9244945275,0.9096424492,0.9359713661,0.8981304691,0.9183565866,0.9226704272,0.9491002979,0.9698870123,0.9204538422,0.8319883219,0.7289212794
2023-09-21,0.9539497133,0.9244945275,0.9070748866,0.9340632765,0.8939053543,0.9183565866,0.9195354705,0.9491002979,0.9698870123,0.9204538422,0.8252830795,0.7223808962
2023-09-22,0.9539497133,0.9244945275,0.9094743041,0.9361017030,0.8978463229,0.9183565866,0.9228800075,0.9491002979,0.9698870123,0.9204538422,0.8371944117,0.7354596955
2023-09-25,0.9539497133,0.9244945275,0.9076887329,0.9334855418,0.8949084195,0.9183565866,0.9185813242,0.9491002979,0.9698870123,0.9204538422,0.8318720545,0.7306739053
2023-09-26,0.9539497133,0.9244945275,0.9058400548,0.9315709407,0.8918706719,0.9183565866,0.9154412705,0.9491002979,0.9698870123,0.9204538422,0.8280947193,0.7264034777
2023-09-27,0.9539497133,0.9244945275,0.9052498651,0.9312296569,0.8909021918,0.9183565866,0.9148823127,0.9491002979,0.9698870123,0.9204538422,0.8301137697,0.7279003895
2023-09-28,0.9539497133,0.9244945275,0.9064559175,0.9320782075,0.8928804203,0.9183565866,0.9162717370,0.9491002979,0.9698870123,0.9204538422,0.8328570290,0.7257405877
2023-10-09,0.9539497133,0.9244945275,0.9070998604,0.9301353949,0.8939375852,0.9183565866,0.9130886274,0.9491002979,0.9698870123,0.9204538422,0.8274820052,0.7247983792
2023-10-10,0.9539497133,0.9244945275,0.9050288656,0.9271125915,0.8905360118,0.9183565866,0.9081429544,0.9491002979,0.9698870123,0.9204538422,0.8228120089,0.7193693694
2023-10-11,0.9539497133,0.9244945275,0.9027678664,0.9259556769,0.8868280247,0.9183565866,0.9062542160,0.9491002979,0.9698870123,0.9204538422,0.8220729133,0.7214190173
2023-10-12,0.9539497133,0.9244945275,0.9057384315,0.9288066237,0.8916915495,0.9183565866,0.9109046951,0.9491002979,0.9698870123,0.9204538422,0.8277797290,0.7282701916
2023-10-13,0.9539497133,0.9244945275,0.9049281646,0.9266249203,0.8903620485,0.9183565866,0.9073386068,0.9491002979,0.9698870123,0.9204538422,0.8200358058,0.7206046658
2023-10-16,0.9539497133,0.9244945275,0.9063587660,0.9267582827,0.8927080048,0.9183565866,0.9075562513,0.9491002979,0.9698870123,0.9204538422,0.8155744480,0.7133640190
2023-10-17,0.9539497133,0.9244945275,0.9075064718,0.9279703025,0.8945920384,0.9183565866,0.9095344300,0.9491002979,0.9698870123,0.9204538422,0.8168650155,0.7158818207
2023-10-18,0.9539497133,0.9244945275,0.9062883038,0.9250041475,0.8925906505,0.9183565866,0.9046890521,0.9491002979,0.9698870123,0.9204538422,0.8059943204,0.7102128329
2023-10-19,0.9539497133,0.9244945275,0.9007767604,0.9208901173,0.8835435808,0.9183565866,0.8979829236,0.9491002979,0.9698870123,0.9204538422,0.7943636389,0.6950588143
2023-10-20,0.9539497133,0.9244945275,0.8993677244,0.9197889900,0.8812404277,0.9183565866,0.8961936626,0.9491002979,0.9698870123,0.9204538422,0.7884601299,0.6905444746
2023-10-23,0.9539497133,0.9244945275,0.8955309420,0.9170328679,0.8749746781,0.9183565866,0.8917179637,0.9491002979,0.9698870123,0.9204538422,0.7732450239,0.6833943113
2023-10-24,0.9539497133,0.9244945275,0.8982806318,0.9193332460,0.8794522992,0.9183565866,0.8954460898,0.9491002979,0.9698870123,0.9204538422,0.7838721088,0.6859298163
2023-10-25,0.9539497133,0.9244945275,0.9004223386,0.9207941343,0.8829469922,0.9183565866,0.8978176394,0.9491002979,0.9698870123,0.9204538422,0.7911218502,0.6893386837
2023-10-26,0.9539497133,0.9244945275,0.9007581365,0.9212375252,0.8834957935,0.9183565866,0.8985381846,0.9491002979,0.9698870123,0.9204538422,0.7926982568,0.6912427712
2023-10-27,0.9539497133,0.9244945275,0.9029194832,0.9239992043,0.8870290037,0.9183565866,0.9030275698,0.9491002979,0.9698870123,0.9204538422,0.8034556415,0.7007337031
2023-10-30,0.9539497133,0.9244945275,0.9029121138,0.9241561161,0.8870169374,0.9183565866,0.9032831539,0.9491002979,0.9698870123,0.9204538422,0.8087155178,0.7049392187
2023-10-31,0.9539497133,0.9244945275,0.9037838640,0.9253649629,0.8884442769,0.9183565866,0.9052523936,0.9491002979,0.9698870123,0.9204538422,0.8064865238,0.7027243401
2023-11-01,0.9539497133,0.9244945275,0.9030448604,0.9260568207,0.8872335089,0.9183565866,0.9063804276,0.9491002979,0.9698870123,0.9204538422,0.8060300002,0.7024332192
2023-11-02,0.9539497133,0.9244945275,0.9020987993,0.9251243641,0.8856843479,0.9183565866,0.9048593540,0.9491002979,0.9698870123,0.9204538422,0.8003643076,0.6991207365
2023-11-03,0.9539497133,0.9244945275,0.9023121561,0.9264211576,0.8860334723,0.9183565866,0.9069733323,0.9491002979,0.9698870123,0.9204538422,0.8062353390,0.7050119989
2023-11-06,0.9539497133,0.9244945275,0.9044488369,0.9286283279,0.8895303602,0.9183565866,0.9105747263,0.9491002979,0.9698870123,0.9204538422,0.8172239456,0.7145462056
2023-11-07,0.9539497133,0.9244945275,0.9042330387,0.9283034841,0.8891766290,0.9183565866,0.9100438456,0.9491002979,0.9698870123,0.9204538422,0.8184431194,0.7120185688
2023-11-08,0.9539497133,0.9244945275,0.9031986534,0.9277520550,0.8874813596,0.9183565866,0.9091428746,0.9491002979,0.9698870123,0.9204538422,0.8184184510,0.7103092175
2023-11-09,0.9539497133,0.9244945275,0.9041523753,0.9283866390,0.8890432352,0.9183565866,0.9101793003,0.9491002979,0.9698870123,0.9204538422,0.8168548768,0.7106554152
2023-11-10,0.9539497133,0.9244945275,0.9039650528,0.9278305384,0.8887362482,0.9183565866,0.9092706428,0.9491002979,0.9698870123,0.9204538422,0.8134490056,0.7054742515
2023-11-13,0.9539497133,0.9244945275,0.9047161791,0.9268359954,0.8899670354,0.9183565866,0.9076462283,0.9491002979,0.9698870123,0.9204538422,0.8180042745,0.7040815925
2023-11-14,0.9539497133,0.9244945275,0.9045189015,0.9270495718,0.8896435997,0.9183565866,0.9079948190,0.9491002979,0.9698870123,0.9204538422,0.8203961568,0.7046028561
2023-11-15,0.9539497133,0.9244945275,0.9066733891,0.9286866608,0.8931753594,0.9183565866,0.9106672189,0.9491002979,0.9698870123,0.9204538422,0.8252797024,0.7095578111
2023-11-16,0.9539497133,0.9244945275,0.9050959980,0.9270950166,0.8905855131,0.9183565866,0.9080659501,0.9491002979,0.9698870123,0.9204538422,0.8195586519,0.7026948346
2023-11-17,0.9539497133,0.9244945275,0.9049426118,0.9268422430,0.8903338999,0.9183565866,0.9076533158,0.9491002979,0.9698870123,0.9204538422,0.8215723357,0.7018509776
2023-11-20,0.9539497133,0.9244945275,0.9065273680,0.9276820262,0.8929325217,0.9183565866,0.9090239771,0.9491002979,0.9698870123,0.9204538422,0.8265506049,0.7034737795
2023-11-21,0.9539497133,0.9244945275,0.9047148748,0.9273910137,0.8899570019,0.9183565866,0.9085487113,0.9491002979,0.9698870123,0.9204538422,0.8261622885,0.7044081199
2023-11-22,0.9539497133,0.9244945275,0.9014407896,0.9244191540,0.8845892056,0.9183565866,0.9036962465,0.9491002979,0.9698870123,0.9204538422,0.8189492607,0.6971989457
2023-11-23,0.9539497133,0.9244945275,0.9051035542,0.9277977109,0.8905796934,0.9183565866,0.9092009450,0.9491002979,0.9698870123,0.9204538422,0.8249189893,0.7005625713
2023-11-24,0.9539497133,0.9244945275,0.9026480837,0.9262670780,0.8865529127,0.9183565866,0.9067010234,0.9491002979,0.9698870123,0.9204538422,0.8183894291,0.6959380778
2023-11-27,0.9539497133,0.9244945275,0.9044814530,0.9272504164,0.8895540433,0.9183565866,0.9083053015,0.9491002979,0.9698870123,0.9204538422,0.8150849979,0.6908100240
2023-11-28,0.9539497133,0.9244945275,0.9067569634,0.9294447073,0.8932839696,0.9183565866,0.9118877318,0.9491002979,0.9698870123,0.9204538422,0.8180455146,0.6921043314
2023-11-29,0.9539497133,0.9244945275,0.9058697042,0.9287270505,0.8918271764,0.9183565866,0.9107142311,0.9491002979,0.9698870123,0.9204538422,0.8124876844,0.6861619261
2023-11-30,0.9539497133,0.9244945275,0.9045683412,0.9282414221,0.8896918603,0.9183565866,0.9099205485,0.9491002979,0.9698870123,0.9204538422,0.8113044125,0.6877139148
2023-12-01,0.9539497133,0.9244945275,0.9046360029,0.9274023075,0.8898027752,0.9183565866,0.9085496270,0.9491002979,0.9698870123,0.9204538422,0.8141003442,0.6850938275
2023-12-04,0.9539497133,0.9244945275,0.9041217484,0.9259340429,0.8889597380,0.9183565866,0.9061522655,0.9491002979,0.9698870123,0.9204538422,0.8131980531,0.6806207955
2023-12-05,0.9539497133,0.9244945275,0.8989606192,0.9209872169,0.8805021085,0.9183565866,0.8980836964,0.9491002979,0.9698870123,0.9204538422,0.7983917251,0.6676619851
2023-12-06,0.9539497133,0.9244945275,0.8993074774,0.9214200137,0.8810683354,0.9183565866,0.8987870862,0.9491002979,0.9698870123,0.9204538422,0.8017220362,0.6687123805
2023-12-07,0.9539497133,0.9244945275,0.8973839118,0.9195472704,0.8779274134,0.9183565866,0.8957425147,0.9491002979,0.9698870123,0.9204538422,0.8005875236,0.6670758094
2023-12-08,0.9539497133,0.9244945275,0.8968931224,0.9197610168,0.8771271661,0.9183565866,0.8960895364,0.9491002979,0.9698870123,0.9204538422,0.7968683044,0.6686848420
2023-12-11,0.9539497133,0.9244945275,0.9011443708,0.9226205725,0.8840564299,0.9183565866,0.9007328040,0.9491002979,0.9698870123,0.9204538422,0.8040290956,0.6726169401
2023-12-12,0.9539497133,0.9244945275,0.9017640000,0.9233425198,0.8850695624,0.9183565866,0.9019075043,0.9491002979,0.9698870123,0.9204538422,0.8078156004,0.6740627090
2023-12-13,0.9539497133,0.9244945275,0.8999718549,0.9200979140,0.8821379509,0.9183565866,0.8966253649,0.9491002979,0.9698870123,0.9204538422,0.7982834320,0.6628132499
2023-12-14,0.9539497133,0.9244945275,0.8987304080,0.9184042161,0.8801098737,0.9183565866,0.8938745482,0.9491002979,0.9698870123,0.9204538422,0.7967499531,0.6593414375
2023-12-15,0.9539497133,0.9244945275,0.8960301023,0.9163201707,0.8757032578,0.9183565866,0.8904943943,0.9491002979,0.9698870123,0.9204538422,0.7948163551,0.6572937566
2023-12-18,0.9539497133,0.9244945275,0.8930187592,0.9145896909,0.8707982089,0.9183565866,0.8876915483,0.9491002979,0.9698870123,0.9204538422,0.7864790480,0.6548979110
2023-12-19,0.9539497133,0.9244945275,0.8931081397,0.9140487184,0.8709434696,0.9183565866,0.8868164442,0.9491002979,0.9698870123,0.9204538422,0.7856757265,0.6558165152
2023-12-20,0.9539497133,0.9244945275,0.8903606287,0.9102932645,0.8664779283,0.9183565866,0.8807438315,0.9491002979,0.9698870123,0.9204538422,0.7764278948,0.6486289783
2023-12-21,0.9539497133,0.9244945275,0.8918849718,0.9116781197,0.8689503529,0.9183565866,0.8829769996,0.9491002979,0.9698870123,0.9204538422,0.7829025139,0.6551929659
2023-12-22,0.9539497133,0.9244945275,0.8856913793,0.9066580640,0.8588931434,0.9183565866,0.8748736393,0.9491002979,0.9698870123,0.9204538422,0.7771866517,0.6564439986
2023-12-25,0.9539497133,0.9244945275,0.8846518399,0.9068020102,0.8572129996,0.9183565866,0.8751051393,0.9491002979,0.9698870123,0.9204538422,0.7760597563,0.6584543058
2023-12-26,0.9539497133,0.9244945275,0.8808893471,0.9035929035,0.8511366775,0.9183565866,0.8699435830,0.9491002979,0.9698870123,0.9204538422,0.7686329375,0.6539970101
2023-12-27,0.9539497133,0.9244945275,0.8822794082,0.9051681392,0.8533751956,0.9183565866,0.8724712075,0.9491002979,0.9698870123,0.9204538422,0.7721052304,0.6562728668
2023-12-28,0.9539497133,0.9244945275,0.8845753314,0.9060435916,0.8570763737,0.9183565866,0.8738775890,0.9491002979,0.9698870123,0.9204538422,0.7862093417,0.6716511271
2023-12-29,0.9539497133,0.9244945275,0.8892094133,0.9098790479,0.8645597425,0.9183565866,0.8800430748,0.9491002979,0.9698870123,0.9204538422,0.7931386147,0.6749105000
2024-01-02,0.9539497133,0.9244945275,0.8894808189,0.9108260251,0.8649995458,0.9183565866,0.8815696161,0.9491002979,0.9698870123,0.9204538422,0.7911563551,0.6661060624
2024-01-03,0.9539497133,0.9244945275,0.8897185171,0.9109529930,0.8653848058,0.9183565866,0.8817744321,0.9491002979,0.9698870123,0.9204538422,0.7903835863,0.6645226012
2024-01-04,0.9539497133,0.9244945275,0.8892701007,0.9099343130,0.8646578854,0.9183565866,0.8801310140,0.9491002979,0.9698870123,0.9204538422,0.7868862099,0.6583756245
2024-01-05,0.9539497133,0.9244945275,0.8848178099,0.9061386070,0.8574427766,0.9183565866,0.8740120401,0.9491002979,0.9698870123,0.9204538422,0.7779656860,0.6548467682
2024-01-08,0.9539497133,0.9244945275,0.8802632593,0.9019084124,0.8500867114,0.9183565866,0.8672116805,0.9491002979,0.9698870123,0.9204538422,0.7653849299,0.6463786931
2024-01-09,0.9539497133,0.9244945275,0.8808408144,0.9028577334,0.8510163042,0.9183565866,0.8687330142,0.9491002979,0.9698870123,0.9204538422,0.7693561635,0.6476454621
2024-01-10,0.9539497133,0.9244945275,0.8774020878,0.8996572452,0.8454791471,0.9183565866,0.8636004785,0.9491002979,0.9698870123,0.9204538422,0.7655254918,0.6446221331
2024-01-11,0.9539497133,0.9244945275,0.8804689355,0.9029977777,0.8504045890,0.9183565866,0.8689448944,0.9491002979,0.9698870123,0.9204538422,0.7731738422,0.6482690114
2024-01-12,0.9539497133,0.9244945275,0.8780020051,0.9018105344,0.8464334307,0.9183565866,0.8670407756,0.9491002979,0.9698870123,0.9204538422,0.7700959867,0.6460069240
2024-01-15,0.9539497133,0.9244945275,0.8780483171,0.9009976282,0.8465077023,0.9183565866,0.8657383215,0.9491002979,0.9698870123,0.9204538422,0.7700341007,0.6453676384
2024-01-16,0.9539497133,0.9244945275,0.8778721986,0.9003551128,0.8462247155,0.9183565866,0.8647093692,0.9491002979,0.9698870123,0.9204538422,0.7694888693,0.6492938353
2024-01-17,0.9539497133,0.9244945275,0.8738646119,0.8950290618,0.8397861949,0.9183565866,0.8561840549,0.9491002979,0.9698870123,0.9204538422,0.7521286588,0.6351705417
2024-01-18,0.9539497133,0.9244945275,0.8716903966,0.8937717200,0.8363038171,0.9183565866,0.8541794346,0.9491002979,0.9698870123,0.9204538422,0.7526177119,0.6441500452
2024-01-19,0.9539497133,0.9244945275,0.8697852828,0.8920995440,0.8332575254,0.9183565866,0.8515159313,0.9491002979,0.9698870123,0.9204538422,0.7477652983,0.6431763641
2024-01-22,0.9539497133,0.9244945275,0.8593209646,0.8805943757,0.8165494327,0.9183565866,0.8332129774,0.9491002979,0.9698870123,0.9204538422,0.7170618596,0.6331681026
2024-01-23,0.9539497133,0.9244945275,0.8605231712,0.8841803876,0.8184533800,0.9183565866,0.8388680814,0.9491002979,0.9698870123,0.9204538422,0.7226903620,0.6357311460
2024-01-24,0.9539497133,0.9244945275,0.8658353863,0.8890523500,0.8268742271,0.9183565866,0.8465718897,0.9491002979,0.9698870123,0.9204538422,0.7355056677,0.6446181990
2024-01-25,0.9539497133,0.9244945275,0.8725759923,0.8968370774,0.8376030435,0.9183565866,0.8589264893,0.9491002979,0.9698870123,0.9204538422,0.7577178514,0.6575632401
2024-01-26,0.9539497133,0.9244945275,0.8738000968,0.8980542935,0.8395614473,0.9183565866,0.8608694269,0.9491002979,0.9698870123,0.9204538422,0.7571988277,0.6557732405
2024-01-29,0.9539497133,0.9244945275,0.8709669806,0.8943393544,0.8350246065,0.9183565866,0.8549342299,0.9491002979,0.9698870123,0.9204538422,0.7434645331,0.6498996813
2024-01-30,0.9539497133,0.9244945275,0.8659232505,0.8888112087,0.8269652908,0.9183565866,0.8461266093,0.9491002979,0.9698870123,0.9204538422,0.7256813470,0.6383099256
2024-01-31,0.9539497133,0.9244945275,0.8606014252,0.8834318914,0.8184946309,0.9183565866,0.8375916445,0.9491002979,0.9698870123,0.9204538422,0.7061812612,0.6324698061
2024-02-01,0.9539497133,0.9244945275,0.8567797457,0.8797427447,0.8124368050,0.9183565866,0.8317621091,0.9491002979,0.9698870123,0.9204538422,0.6998950378,0.6329340257
2024-02-02,0.9539497133,0.9244945275,0.8522131479,0.8755174784,0.8052197185,0.9183565866,0.8251040711,0.9491002979,0.9698870123,0.9204538422,0.6835418299,0.6254435658
2024-02-05,0.9539497133,0.9244945275,0.8444829970,0.8659149707,0.7930465708,0.9183565866,0.8100214326,0.9491002979,0.9698870123,0.9204538422,0.6597300364,0.6295330265
2024-02-06,0.9539497133,0.9244945275,0.8483693094,0.8717558019,0.7991292406,0.9183565866,0.8191277894,0.9491002979,0.9698870123,0.9204538422,0.6846201357,0.6514201975
2024-02-07,0.9539497133,0.9244945275,0.8508187424,0.8747214880,0.8029746837,0.9183565866,0.8237722014,0.9491002979,0.9698870123,0.9204538422,0.6946448532,0.6577028994
2024-02-08,0.9539497133,0.9244945275,0.8573936217,0.8816998219,0.8133166076,0.9183565866,0.8347253211,0.9491002979,0.9698870123,0.9204538422,0.7140722520,0.6618926787
2024-02-19,0.9539497133,0.9244945275,0.8624373916,0.8887672586,0.8212907393,0.9183565866,0.8458768269,0.9491002979,0.9698870123,0.9204538422,0.7264831919,0.6695405012
2024-02-20,0.9539497133,0.9244945275,0.8637111254,0.8905221750,0.8233117428,0.9183565866,0.8486597484,0.9491002979,0.9698870123,0.9204538422,0.7304375977,0.6709252921
2024-02-21,0.9539497133,0.9244945275,0.8650902698,0.8919441304,0.8255028030,0.9183565866,0.8509182667,0.9491002979,0.9698870123,0.9204538422,0.7378228760,0.6799775758
2024-02-22,0.9539497133,0.9244945275,0.8697334746,0.8967314681,0.8328873475,0.9183565866,0.8585301655,0.9491002979,0.9698870123,0.9204538422,0.7475134416,0.6858393328
2024-02-23,0.9539497133,0.9244945275,0.8691367600,0.8961162305,0.8319349561,0.9183565866,0.8575484520,0.9491002979,0.9698870123,0.9204538422,0.7547343859,0.6864432118
2024-02-26,0.9539497133,0.9244945275,0.8660582851,0.8929421945,0.8270237786,0.9183565866,0.8524860698,0.9491002979,0.9698870123,0.9204538422,0.7545363380,0.6792871474
2024-02-27,0.9539497133,0.9244945275,0.8678816132,0.8948221218,0.8299256921,0.9183565866,0.8554773270,0.9491002979,0.9698870123,0.9204538422,0.7684517392,0.6874365632
2024-02-28,0.9539497133,0.9244945275,0.8652967881,0.8921570594,0.8258060581,0.9183565866,0.8512308584,0.9491002979,0.9698870123,0.9204538422,0.7445357355,0.6786773673
2024-02-29,0.9539497133,0.9244945275,0.8680228606,0.8949677537,0.8301421564,0.9183565866,0.8557004558,0.9491002979,0.9698870123,0.9204538422,0.7642195247,0.6916243755
2024-03-01,0.9539497133,0.9244945275,0.8694284908,0.8964170171,0.8323826368,0.9183565866,0.8580099158,0.9491002979,0.9698870123,0.9204538422,0.7686746802,0.6958967701
2024-03-04,0.9539497133,0.9244945275,0.8725301086,0.8996149143,0.8373317361,0.9183565866,0.8631113872,0.9491002979,0.9698870123,0.9204538422,0.7697194010,0.6965006491
2024-03-05,0.9539497133,0.9244945275,0.8734474652,0.9005607472,0.8387989860,0.9183565866,0.8646238106,0.9491002979,0.9698870123,0.9204538422,0.7663784199,0.7013474173
2024-03-06,0.9539497133,0.9244945275,0.8738373584,0.9009627434,0.8394230305,0.9183565866,0.8652670681,0.9491002979,0.9698870123,0.9204538422,0.7681042302,0.6985030882
2024-03-07,0.9539497133,0.9244945275,0.8756047940,0.9027850432,0.8422527449,0.9183565866,0.8681839034,0.9491002979,0.9698870123,0.9204538422,0.7640628440,0.6943074078
2024-03-08,0.9539497133,0.9244945275,0.8768848677,0.9041048525,0.8443049371,0.9183565866,0.8702992782,0.9491002979,0.9698870123,0.9204538422,0.7692755649,0.6972953303
2024-03-11,0.9539497133,0.9244945275,0.8746120223,0.9017614541,0.8406576042,0.9183565866,0.8665396518,0.9491002979,0.9698870123,0.9204538422,0.7793651322,0.7060191196
2024-03-12,0.9539497133,0.9244945275,0.8692466513,0.8962295329,0.8320624789,0.9183565866,0.8576799010,0.9491002979,0.9698870123,0.9204538422,0.7827185048,0.7076379873
2024-03-13,0.9539497133,0.9244945275,0.8687659004,0.8957338588,0.8312955030,0.9183565866,0.8568893115,0.9491002979,0.9698870123,0.9204538422,0.7808187675,0.7026948346
2024-03-14,0.9539497133,0.9244945275,0.8695351408,0.8965269777,0.8325222739,0.9183565866,0.8581538521,0.9491002979,0.9698870123,0.9204538422,0.7787971994,0.7007002636
2024-03-15,0.9539497133,0.9244945275,0.8695189002,0.8965102329,0.8324963584,0.9183565866,0.8581271387,0.9491002979,0.9698870123,0.9204538422,0.7851452407,0.7022286479
2024-03-18,0.9539497133,0.9244945275,0.8687782383,0.8957465797,0.8313144820,0.9183565866,0.8569088749,0.9491002979,0.9698870123,0.9204538422,0.7939441621,0.7088260750
2024-03-19,0.9529957636,0.9235700330,0.8674471922,0.8943742156,0.8297458261,0.9174382300,0.8552919233,0.9481511976,0.9689171253,0.9196254337,0.7905452821,0.7037314607
2024-03-20,0.9565678843,0.9270318570,0.8706986506,0.8977266048,0.8328559682,0.9208770701,0.8584978201,0.9528434732,0.9700837014,0.9217931448,0.7953463951,0.7052559109
2024-03-21,0.9555565024,0.9260517036,0.8697780585,0.8967774359,0.8319753872,0.9199034242,0.8575901279,0.9500700022,0.9669735742,0.9193430355,0.7953437331,0.7044120540
2024-03-22,0.9499086063,0.9205781981,0.8646371630,0.8914769584,0.8270579276,0.9144662586,0.8525212702,0.9481091296,0.9648908653,0.9220935666,0.7869827521,0.6973130336
2024-03-25,0.9522839303,0.9228801790,0.8667992588,0.8937061693,0.8291260534,0.9167529561,0.8546530692,0.9494910268,0.9601084889,0.9224200408,0.7771461209,0.6935284630
2024-03-26,0.9494037093,0.9200888909,0.8641775896,0.8910031191,0.8266183284,0.9139802000,0.8520681367,0.9483110161,0.9522858109,0.9199937502,0.7774970897,0.6970671545
2024-03-27,0.9450716072,0.9158905515,0.8602343719,0.8869374972,0.8228464925,0.9098097344,0.8481801741,0.9452466071,0.9402454873,0.9209682046,0.7606954136,0.6890101892
2024-03-28,0.9530573257,0.9236296942,0.8675032280,0.8944319908,0.8297994264,0.9174974951,0.8553471739,0.9502922108,0.9556553295,0.9240958759,0.7710105852,0.6925842873
2024-03-29,0.9696169721,0.9396780270,0.8825763472,0.9099730051,0.8442174312,0.9334392792,0.8702090782,0.9632573107,0.9704334698,0.9291502127,0.7791800482,0.6958338251
2024-04-01,0.9784285012,0.9482174818,0.8905968826,0.9182425114,0.8518893746,0.9419220385,0.8781172243,0.9677964944,0.9802460974,0.9355437454,0.7931560176,0.7072760533
2024-04-02,0.9862553904,0.9558026995,0.8977211672,0.9255879458,0.8587040204,0.9494568961,0.8851416785,0.9741932675,0.9822241128,0.9373563677,0.7916499643,0.7043314056
2024-04-03,0.9991988104,0.9683464644,0.9095026815,0.9377351783,0.8699734815,0.9619173799,0.8967581021,0.9802149545,0.9885851987,0.9432957117,0.7893667664,0.7017978677
2024-04-08,0.9938802476,0.9631921233,0.9046615558,0.9327437758,0.8653427629,0.9567972598,0.8919848136,0.9802111799,0.9877638493,0.9385093736,0.7780576309,0.6956233526
2024-04-09,0.9899601060,0.9593930242,0.9010933176,0.9290647735,0.8619296090,0.9530233838,0.8884665760,0.9745368034,0.9862947864,0.9357900581,0.7819465001,0.6950489791
2024-04-10,0.9929752966,0.9623151146,0.9038378405,0.9318944910,0.8645548483,0.9559260737,0.8911726408,0.9776995453,0.9848896356,0.9380181528,0.7719370618,0.6893878595
2024-04-11,0.9961623381,0.9654037495,0.9067387875,0.9348854883,0.8673297130,0.9589942024,0.8940329377,0.9826166777,0.9892616907,0.9416309148,0.7741051854,0.6892954089
2024-04-12,0.9983910792,0.9675636736,0.9087674588,0.9369771330,0.8692702134,0.9611397862,0.8960331819,0.9808370383,0.9927095206,0.9403089197,0.7687406069,0.6837090365
2024-04-15,1.0118252127,0.9805830002,0.9209956364,0.9495848938,0.8809669246,0.9740726745,0.9080900098,0.9974248050,1.0011410723,0.9577372085,0.7660234270,0.6981155828
2024-04-16,0.9991565580,0.9683055166,0.9094642221,0.9376955250,0.8699366936,0.9618767040,0.8967201816,0.9904010878,0.9796312582,0.9575283369,0.7412544802,0.6906467603
2024-04-17,1.0163587094,0.9849765158,0.9251221699,0.9538395219,0.8849141089,0.9784370204,0.9121587195,1.0057342311,1.0040520826,0.9707367002,0.7651928403,0.7013257799
2024-04-18,1.0215882555,0.9904407650,0.9302543716,0.9587473834,0.8898232526,0.9838649912,0.9168521176,1.0052366627,1.0052265652,0.9770886035,0.7649003071,0.7021912742
2024-04-19,1.0237744917,0.9946330106,0.9341918658,0.9607991378,0.8935896137,0.9880294035,0.9188142146,1.0094247906,1.0094146510,0.9832288854,0.7617564182,0.6966560447
2024-04-22,0.9964409175,0.9710913359,0.9120807546,0.9351469315,0.8724395053,0.9646440275,0.8942829563,0.9851204379,0.9851105425,0.9631569783,0.7564916523,0.6945395177
2024-04-23,0.9804294865,0.9528455499,0.8949437155,0.9201204102,0.8560472836,0.9465193797,0.8799130628,0.9661768757,0.9661671706,0.9460285811,0.7518717778,0.6896848814
2024-04-24,0.9906751250,0.9558624197,0.8977772584,0.9297358097,0.8587576738,0.9495162198,0.8891082893,0.9715944914,0.9715847318,0.9517646674,0.7594433645,0.6927141115
2024-04-25,0.9951512269,0.9619586754,0.9035030611,0.9339365735,0.8642346192,0.9555720010,0.8931254885,0.9769127183,0.9769029054,0.9578062492,0.7605405427,0.6944175617
2024-04-26,1.0054511492,0.9658608528,0.9071681138,0.9436029175,0.8677403798,0.9594482709,0.9023694334,0.9797248957,0.9797150545,0.9637924278,0.7716709887,0.7050375703
2024-04-29,1.0082045048,0.9678192796,0.9090075324,0.9461869062,0.8694998527,0.9613936953,0.9048405071,0.9798743240,0.9798644812,0.9631280345,0.7857824715,0.7128348873
2024-04-30,1.0076386271,0.9735304183,0.9143716207,0.9456558372,0.8746308047,0.9670669163,0.9043326448,0.9817413210,0.9817314595,0.9618799216,0.7807275017,0.7089952398
2024-05-06,1.0117770433,0.9840304530,0.9242335968,0.9495396874,0.8840641553,0.9774972387,0.9080467788,0.9888157465,0.9888058140,0.9673303391,0.7937537571,0.7195168968
2024-05-07,1.0132766059,0.9853735886,0.9254951137,0.9509470076,0.8852708436,0.9788314570,0.9093926020,0.9904832540,0.9904733047,0.9695436565,0.7955693662,0.7197391715
2024-05-08,1.0128340885,0.9862869761,0.9263529971,0.9505317108,0.8860914414,0.9797387803,0.9089954528,0.9922210252,0.9922110584,0.9656885532,0.7872334880,0.7140760848
2024-05-09,1.0187089815,0.9942522613,0.9338342536,0.9560452219,0.8932475442,0.9876511821,0.9142680349,0.9987953715,0.9987853387,0.9737464798,0.7968875043,0.7208308745
2024-05-10,1.0221195605,0.9998465071,0.9390885523,0.9592460063,0.8982734783,0.9932082863,0.9173289517,1.0062409630,1.0062308554,0.9798774386,0.7955882307,0.7211692041
2024-05-13,1.0165784119,0.9981469398,0.9374922631,0.9540457099,0.8967465677,0.9915200029,0.9123558974,1.0046122851,1.0046021938,0.9762726543,0.7907662230,0.7208564460
2024-05-14,1.0128505694,0.9916938754,0.9314313339,0.9505471778,0.8909490612,0.9851097819,0.9090102440,1.0008070087,1.0007969557,0.9757511782,0.7930478065,0.7193536331
2024-05-15,1.0088544114,0.9880898052,0.9280462732,0.9467968352,0.8877111235,0.9815296399,0.9054237835,0.9944348485,0.9944248595,0.9707913213,0.7877950528,0.7132577993
2024-05-16,1.0105715350,0.9861516929,0.9262259347,0.9484083335,0.8859699014,0.9796043953,0.9069648627,0.9926542815,0.9926443104,0.9730509533,0.7900564858,0.7160706558
2024-05-17,1.0212894684,0.9932790859,0.9329202154,0.9584669755,0.8923732324,0.9866844678,0.9165839630,1.0025032861,1.0024932160,0.9833052689,0.7997068111,0.7234686652
2024-05-20,1.0399706995,1.0064188094,0.9452614737,0.9759990696,0.9041781095,0.9997369535,0.9333499410,1.0214973716,1.0214871108,0.9975042079,0.8035796283,0.7260238404
2024-05-21,1.0317050007,1.0000277517,0.9392587831,0.9682418181,0.8984363105,0.9933883275,0.9259316653,1.0139285121,1.0139183273,0.9860780594,0.7979820795,0.7231126323
2024-05-22,1.0269391804,0.9943084290,0.9338870081,0.9637691573,0.8932980059,0.9875962993,0.9216544504,1.0080167227,1.0080797005,0.9791663191,0.7983668402,0.7247433023
2024-05-23,1.0081653841,0.9750861619,0.9158328259,0.9461501919,0.8760285024,0.9691182178,0.9048053972,0.9891565719,0.9902021155,0.9633201248,0.7840521869,0.7163519415
2024-05-24,1.0019904536,0.9683107611,0.9094691479,0.9403550994,0.8699414053,0.9658006274,0.8992635382,0.9857703840,0.9888345109,0.9583073408,0.7765960708,0.7084228333
2024-05-27,1.0137662007,0.9783793736,0.9189259182,0.9514064859,0.8789871613,0.9756837099,0.9098320021,0.9958578180,1.0006817198,0.9697002672,0.7827573852,0.7151559857
2024-05-28,1.0035375953,0.9670963720,0.9083285539,0.9418070719,0.8688503843,0.9655401229,0.9006520624,0.9855044931,0.9913485110,0.9625345159,0.7749181331,0.7099354813
2024-05-29,1.0101291130,0.9737718202,0.9145983532,0.9479931261,0.8748476829,0.9722186460,0.9065677990,0.9923211074,0.9952772499,0.9713187746,0.7762393192,0.7107911405
2024-05-30,1.0023758083,0.9643118401,0.9057132305,0.9407167498,0.8663487292,0.9630353871,0.8996093852,0.9829479671,0.9825872915,0.9617789118,0.7703268146,0.7070124710
2024-05-31,1.0008965729,0.9621715178,0.9037029697,0.9393285065,0.8644258392,0.9590838403,0.8982818053,0.9789147146,0.9773292854,0.9601511886,0.7703605849,0.7041819112
2024-06-03,0.9927404539,0.9531230522,0.8952043548,0.9316740942,0.8562965948,0.9539361433,0.8909618748,0.9736605792,0.9722957255,0.9567052856,0.7634932516,0.7059188009
2024-06-04,0.9944577771,0.9553086906,0.8972571778,0.9332857798,0.8582601972,0.9568172700,0.8925031331,0.9766012787,0.9774837382,0.9592886729,0.7668361919,0.7112140525
2024-06-05,0.9790032720,0.9401660633,0.8830347269,0.9187819264,0.8446558885,0.9424970675,0.8786330679,0.9619849789,0.9619682939,0.9468566316,0.7567176656,0.7071068885
2024-06-06,0.9720106587,0.9314425349,0.8748413036,0.9122194491,0.8368185714,0.9352381743,0.8723573573,0.9545759944,0.9571986806,0.9462791300,0.7448891292,0.7066072623
2024-06-07,0.9740747483,0.9335804697,0.8768493218,0.9141565705,0.8387393163,0.9374694941,0.8742098305,0.9568534509,0.9619496642,0.9448938756,0.7491546386,0.7030390653
2024-06-11,0.9703130714,0.9289023729,0.8724555003,0.9106262854,0.8345364610,0.9322908471,0.8708338115,0.9515677256,0.9508885992,0.9383459994,0.7462918779,0.6968960227
2024-06-12,0.9771676101,0.9342615520,0.8774890167,0.9170591814,0.8393512084,0.9363109249,0.8769856033,0.9556709261,0.9550453832,0.9435445665,0.7506408170,0.6971399347
2024-06-13,0.9691038356,0.9247619221,0.8685666535,0.9094914332,0.8308166329,0.9235847015,0.8697485499,0.9426815639,0.9387457528,0.9363701708,0.7437508698,0.6936012432
2024-06-14,0.9708330070,0.9287193467,0.8722835962,0.9111142382,0.8343720282,0.9277170030,0.8713004418,0.9468993086,0.9422261610,0.9417333121,0.7461361709,0.6966304733
2024-06-17,0.9667024205,0.9220228159,0.8659939953,0.9072377361,0.8283557887,0.9222647508,0.8675933348,0.9413343208,0.9342146648,0.9375355925,0.7410844014,0.6955820449
2024-06-18,0.9776271668,0.9301712142,0.8736472375,0.9174904694,0.8356764024,0.9287710339,0.8773980449,0.9479751336,0.9390882589,0.9456678119,0.7460928191,0.6974290885
2024-06-19,0.9683867248,0.9223995694,0.8661917558,0.9086546829,0.8284454111,0.9195087812,0.8688439669,0.9385213663,0.9310714631,0.9386135511,0.7405434397,0.6941166057
2024-06-20,0.9683867248,0.9223995694,0.8659255573,0.9081868713,0.8280210808,0.9195087812,0.8680984411,0.9385213663,0.9310714631,0.9386135511,0.7299185901,0.6891065738
2024-06-21,0.9683867248,0.9223995694,0.8650225546,0.9073600260,0.8265819554,0.9195087812,0.8667811954,0.9385213663,0.9310714631,0.9386135511,0.7289205171,0.6875998269
2024-06-24,0.9683867248,0.9223995694,0.8632526269,0.9051076216,0.8237631651,0.9195087812,0.8631950743,0.9385213663,0.9310714631,0.9386135511,0.7137168653,0.6838998387
2024-06-25,0.9683867248,0.9223995694,0.8633597759,0.9050540716,0.8239335774,0.9195087812,0.8631099572,0.9385213663,0.9310714631,0.9386135511,0.7125505157,0.6801801802
2024-06-26,0.9683867248,0.9223995694,0.8633615732,0.9052004278,0.8239364361,0.9195087812,0.8633425797,0.9385213663,0.9310714631,0.9386135511,0.7230207962,0.6845784649
2024-06-27,0.9683867248,0.9223995694,0.8613870063,0.9032829909,0.8207957714,0.9195087812,0.8602946268,0.9385213663,0.9310714631,0.9386135511,0.7119280588,0.6794366419
2024-06-28,0.9683867248,0.9223995694,0.8633485655,0.9046226135,0.8239109787,0.9195087812,0.8624210739,0.9385213663,0.9310714631,0.9386135511,0.7143653722,0.6809197844
2024-07-01,0.9683867248,0.9223995694,0.8672958097,0.9094448447,0.8301892035,0.9195087812,0.8700831895,0.9385213663,0.9310714631,0.9386135511,0.7227756156,0.6841693222
2024-07-02,0.9683867248,0.9223995694,0.8673788214,0.9091164833,0.8303216370,0.9195087812,0.8695596068,0.9385213663,0.9310714631,0.9386135511,0.7206717717,0.6829123884
2024-07-03,0.9683867248,0.9223995694,0.8650216355,0.9068672931,0.8265608380,0.9195087812,0.8659740652,0.9385213663,0.9310714631,0.9386135511,0.7176180456,0.6812640151
2024-07-04,0.9683867248,0.9223995694,0.8642375259,0.9055492663,0.8253120942,0.9195087812,0.8638764099,0.9385213663,0.9310714631,0.9386135511,0.7058270020,0.6778020378
2024-07-05,0.9683867248,0.9223995694,0.8623045911,0.9039787859,0.8222356357,0.9195087812,0.8613793970,0.9385213663,0.9310714631,0.9386135511,0.7087168187,0.6749006649
2024-07-08,0.9683867248,0.9223995694,0.8607498180,0.9027670110,0.8197647574,0.9195087812,0.8594549456,0.9385213663,0.9310714631,0.9386135511,0.6962198813,0.6691372595
2024-07-09,0.9683867248,0.9223995694,0.8630044574,0.9032812113,0.8233435633,0.9195087812,0.8602708298,0.9385213663,0.9310714631,0.9386135511,0.7040192374,0.6766218183
2024-07-10,0.9683867248,0.9223995694,0.8584992973,0.8995105284,0.8161800341,0.9195087812,0.8542855979,0.9385213663,0.9310714631,0.9386135511,0.6986690684,0.6744895551
2024-07-11,0.9683867248,0.9223995694,0.8598008136,0.9010183197,0.8182422986,0.9195087812,0.8566722373,0.9385213663,0.9310714631,0.9386135511,0.7129048953,0.6822003226
2024-07-12,0.9683867248,0.9223995694,0.8589641006,0.8999695020,0.8169151813,0.9195087812,0.8550102418,0.9385213663,0.9310714631,0.9386135511,0.7116978867,0.6830323774
2024-07-15,0.9683867248,0.9223995694,0.8598661030,0.9019797553,0.8183449258,0.9195087812,0.8581932888,0.9385213663,0.9310714631,0.9386135511,0.7076802422,0.6837896849
2024-07-16,0.9683867248,0.9223995694,0.8594802211,0.9017842310,0.8177328450,0.9195087812,0.8578832346,0.9385213663,0.9310714631,0.9386135511,0.7081119044,0.6881230576
2024-07-17,0.9683867248,0.9223995694,0.8568789008,0.8995157163,0.8136087728,0.9195087812,0.8542871779,0.9385213663,0.9310714631,0.9386135511,0.7055360860,0.6887721783
2024-07-18,0.9683867248,0.9223995694,0.8581046288,0.9000849612,0.8155484927,0.9195087812,0.8551882156,0.9385213663,0.9310714631,0.9386135511,0.7084522811,0.6925783862
2024-07-19,0.9683867248,0.9223995694,0.8592249202,0.9004279338,0.8173230471,0.9195087812,0.8557313239,0.9385213663,0.9310714631,0.9386135511,0.7084415561,0.6961367481
2024-07-22,0.9683867248,0.9223995694,0.8585527733,0.8992678447,0.8162574332,0.9195087812,0.8538938187,0.9385213663,0.9310714631,0.9386135511,0.7058637937,0.6913961997
2024-07-23,0.9683867248,0.9223995694,0.8542141077,0.8959872236,0.8093825538,0.9195087812,0.8487019987,0.9385213663,0.9310714631,0.9386135511,0.6905701191,0.6766355876
2024-07-24,0.9683867248,0.9223995694,0.8543635818,0.8954939544,0.8096186027,0.9195087812,0.8479232700,0.9385213663,0.9310714631,0.9386135511,0.6830217869,0.6723651599
2024-07-25,0.9683867248,0.9223995694,0.8518460184,0.8934176190,0.8056424146,0.9195087812,0.8446465439,0.9385213663,0.9310714631,0.9386135511,0.6830547740,0.6686474684
2024-07-26,0.9683867248,0.9223995694,0.8536740018,0.8934899995,0.8085238058,0.9195087812,0.8447605928,0.9385213663,0.9310714631,0.9386135511,0.6910403904,0.6706184350
2024-07-29,0.9683867248,0.9223995694,0.8554172758,0.8948186474,0.8112755950,0.9195087812,0.8468542356,0.9385213663,0.9310714631,0.9386135511,0.6894442748,0.6669695897
2024-07-30,0.9683867248,0.9223995694,0.8551419519,0.8944163455,0.8108404009,0.9195087812,0.8462196730,0.9385213663,0.9310714631,0.9386135511,0.6892820093,0.6627680082
2024-07-31,0.9683867248,0.9223995694,0.8581712231,0.8976606258,0.8156276284,0.9195087812,0.8513354371,0.9385213663,0.9310714631,0.9386135511,0.7099769835,0.6770683347
2024-08-01,0.9683867248,0.9223995694,0.8587760825,0.8981961651,0.8165857511,0.9195087812,0.8521819403,0.9385213663,0.9310714631,0.9386135511,0.7061028859,0.6725815335
2024-08-02,0.9683867248,0.9223995694,0.8545257331,0.8941239840,0.8098498573,0.9195087812,0.8457426655,0.9385213663,0.9310714631,0.9386135511,0.6994272746,0.6657205240
2024-08-05,0.9683867248,0.9223995694,0.8467599880,0.8874163392,0.7975836233,0.9195087812,0.8351681786,0.9385213663,0.9310714631,0.9386135511,0.6885175752,0.6576419214
2024-08-06,0.9683867248,0.9223995694,0.8487859669,0.8880064183,0.8007641537,0.9195087812,0.8360937405,0.9385213663,0.9310714631,0.9386135511,0.6954381999,0.6575750423
2024-08-07,0.9683867248,0.9223995694,0.8500949955,0.8887847107,0.8028224331,0.9195087812,0.8373150632,0.9385213663,0.9310714631,0.9386135511,0.6952019689,0.6572819544
2024-08-08,0.9683867248,0.9223995694,0.8477172243,0.8880021224,0.7990798552,0.9195087812,0.8360862823,0.9385213663,0.9310714631,0.9386135511,0.6957179083,0.6575671742
2024-08-09,0.9683867248,0.9223995694,0.8470862746,0.8874801806,0.7980886064,0.9195087812,0.8352672371,0.9385213663,0.9310714631,0.9386135511,0.6915014698,0.6553424604
2024-08-12,0.9683867248,0.9223995694,0.8453806581,0.8861054465,0.7954103411,0.9195087812,0.8331108127,0.9385213663,0.9310714631,0.9386135511,0.6878114242,0.6542074826
2024-08-13,0.9683867248,0.9223995694,0.8475189792,0.8875845209,0.7987635498,0.9195087812,0.8354285069,0.9385213663,0.9310714631,0.9386135511,0.6903592347,0.6558853613
2024-08-14,0.9683867248,0.9223995694,0.8467304553,0.8869623684,0.7975250323,0.9195087812,0.8344525820,0.9385213663,0.9310714631,0.9386135511,0.6845635909,0.6509382745
2024-08-15,0.9683867248,0.9223995694,0.8490063092,0.8891038766,0.8010976972,0.9195087812,0.8378104604,0.9385213663,0.9310714631,0.9386135511,0.6903998691,0.6573724379
2024-08-16,0.9683867248,0.9223995694,0.8483018159,0.8884487443,0.7999897980,0.9195087812,0.8367815654,0.9385213663,0.9310714631,0.9386135511,0.6868697998,0.6580963059
2024-08-19,0.9683867248,0.9223995694,0.8491402413,0.8893797345,0.8013075912,0.9195087812,0.8382429805,0.9385213663,0.9310714631,0.9386135511,0.6877532108,0.6603269208
2024-08-20,0.9683867248,0.9223995694,0.8468348419,0.8868481920,0.7976817000,0.9195087812,0.8342663370,0.9385213663,0.9310714631,0.9386135511,0.6777751696,0.6555529328
2024-08-21,0.9683867248,0.9223995694,0.8457137012,0.8857936570,0.7959215902,0.9195087812,0.8326129854,0.9385213663,0.9310714631,0.9386135511,0.6749295968,0.6533773949
2024-08-22,0.9683867248,0.9223995694,0.8449792848,0.8855312809,0.7947696285,0.9195087812,0.8322019460,0.9385213663,0.9310714631,0.9386135511,0.6681291563,0.6517054172
2024-08-23,0.9683867248,0.9223995694,0.8454757206,0.8849873345,0.7955478568,0.9195087812,0.8313499654,0.9385213663,0.9310714631,0.9386135511,0.6687716680,0.6544690979
2024-08-26,0.9683867248,0.9223995694,0.8452095130,0.8848002291,0.7951303782,0.9195087812,0.8310570232,0.9385213663,0.9310714631,0.9386135511,0.6710093633,0.6538848893
2024-08-27,0.9683867248,0.9223995694,0.8425885696,0.8820627813,0.7910209597,0.9195087812,0.8267717334,0.9385213663,0.9310714631,0.9386135511,0.6648832212,0.6501691648
2024-08-28,0.9683867248,0.9223995694,0.8430466815,0.8822387176,0.7917377510,0.9195087812,0.8270465800,0.9385213663,0.9310714631,0.9386135511,0.6645403847,0.6464652425
2024-08-29,0.9683867248,0.9223995694,0.8424943799,0.8815300403,0.7908732713,0.9195087812,0.8259393416,0.9385213663,0.9310714631,0.9386135511,0.6683547677,0.6447303198
2024-08-30,0.9683867248,0.9223995694,0.8453835537,0.8834152892,0.7953935199,0.9195087812,0.8288832785,0.9385213663,0.9310714631,0.9386135511,0.6794815726,0.6533360872
2024-09-02,0.9683867248,0.9223995694,0.8415858050,0.8801087008,0.7894382255,0.9195087812,0.8237124830,0.9385213663,0.9310714631,0.9386135511,0.6682654378,0.6422380896
2024-09-03,0.9683867248,0.9223995694,0.8410881713,0.8795380232,0.7886602279,0.9195087812,0.8228223008,0.9385213663,0.9310714631,0.9386135511,0.6720872911,0.6438943310
2024-09-04,0.9683867248,0.9223995694,0.8397172182,0.8783236268,0.7865177332,0.9195087812,0.8209288211,0.9385213663,0.9310714631,0.9386135511,0.6672267730,0.6397104528
2024-09-05,0.9683867248,0.9223995694,0.8406508814,0.8787047300,0.7879752530,0.9195087812,0.8215224873,0.9385213663,0.9310714631,0.9386135511,0.6710800029,0.6408119910
2024-09-06,0.9683867248,0.9223995694,0.8386145681,0.8761048507,0.7847940582,0.9195087812,0.8174713363,0.9385213663,0.9310714631,0.9386135511,0.6624747763,0.6356170581
2024-09-09,0.9683867248,0.9223995694,0.8366335603,0.8735681381,0.7817042734,0.9195087812,0.8135264321,0.9385213663,0.9310714631,0.9386135511,0.6569536250,0.6280636532
2024-09-10,0.9683867248,0.9223995694,0.8374429902,0.8742427676,0.7829647511,0.9195087812,0.8145735339,0.9385213663,0.9310714631,0.9386135511,0.6576679328,0.6286163893
2024-09-11,0.9683867248,0.9223995694,0.8338682565,0.8698062022,0.7773956651,0.9195087812,0.8076859331,0.9385213663,0.9310714631,0.9386135511,0.6551629185,0.6267221370
2024-09-12,0.9683867248,0.9223995694,0.8331864113,0.8699587704,0.7763362183,0.9195087812,0.8079220530,0.9385213663,0.9310714631,0.9386135511,0.6533175981,0.6240351705
2024-09-13,0.9683867248,0.9223995694,0.8323544603,0.8700108091,0.7750442432,0.9195087812,0.8080025994,0.9385213663,0.9310714631,0.9386135511,0.6490594653,0.6214347535
2024-09-18,0.9683867248,0.9223995694,0.8319845726,0.8720643442,0.7744702101,0.9195087812,0.8111812221,0.9385213663,0.9310714631,0.9386135511,0.6493965087,0.6237479838
2024-09-19,0.9683867248,0.9223995694,0.8363331138,0.8747860223,0.7812167608,0.9195087812,0.8154006626,0.9385213663,0.9310714631,0.9386135511,0.6600362498,0.6286714662
2024-09-20,0.9683867248,0.9223995694,0.8366851390,0.8754572026,0.7817648040,0.9195087812,0.8164433573,0.9385213663,0.9310714631,0.9386135511,0.6591777813,0.6296569495
2024-09-23,0.9683867248,0.9223995694,0.8378184977,0.8777419532,0.7835297450,0.9195087812,0.8199945865,0.9385213663,0.9310714631,0.9386135511,0.6612606138,0.6319603446
2024-09-24,0.9683867248,0.9223995694,0.8488363955,0.8881124561,0.8007030164,0.9195087812,0.8361416182,0.9385213663,0.9310714631,0.9386135511,0.6878137895,0.6593316023
2024-09-25,0.9683867248,0.9223995694,0.8544559238,0.8930501609,0.8095378033,0.9195087812,0.8438895492,0.9385213663,0.9310714631,0.9386135511,0.6970436538,0.6690920178
2024-09-26,0.9683867248,0.9223995694,0.8660520916,0.9036873801,0.8278487463,0.9195087812,0.8606423188,0.9385213663,0.9310714631,0.9386135511,0.7267268975,0.6973759786
2024-09-27,0.9683867248,0.9223995694,0.8766160358,0.9108333198,0.8446786576,0.9195087812,0.8719849178,0.9385213663,0.9310714631,0.9386135511,0.7599252260,0.7285259058
2024-09-30,0.9683867248,0.9223995694,0.8999231994,0.9320516595,0.8821086971,0.9195087812,0.9058404940,0.9385213663,0.9310714631,0.9386135511,0.8314825645,0.7903241670
2024-10-08,0.9683867248,0.9223995694,0.9172059260,0.9471417661,0.9103430387,0.9195087812,0.9302833982,0.9385213663,0.9310714631,0.9386135511,0.8797936109,0.8371887171
2024-10-09,0.9683867248,0.9223995694,0.8960889591,0.9282977395,0.8754114360,0.9195087812,0.8994357015,0.9385213663,0.9310714631,0.9386135511,0.8091658397,0.7781541367
2024-10-10,0.9683867248,0.9223995694,0.8957053874,0.9307319122,0.8747869016,0.9195087812,0.9033665199,0.9385213663,0.9310714631,0.9386135511,0.8158505198,0.7863782997
2024-10-11,0.9683867248,0.9223995694,0.8896083254,0.9260863936,0.8648624516,0.9195087812,0.8958516348,0.9385213663,0.9310714631,0.9386135511,0.7907614009,0.7646189858
2024-10-14,0.9683867248,0.9223995694,0.8957385405,0.9321142512,0.8747952739,0.9195087812,0.9055700695,0.9385213663,0.9310714631,0.9386135511,0.8103050220,0.7792084661
2024-10-15,0.9683867248,0.9223995694,0.8909611847,0.9245523061,0.8670191798,0.9195087812,0.8933257352,0.9385213663,0.9310714631,0.9386135511,0.7931542725,0.7584857784
2024-10-16,0.9683867248,0.9223995694,0.8922559836,0.9254791843,0.8691191880,0.9195087812,0.8948183569,0.9385213663,0.9310714631,0.9386135511,0.7943781205,0.7536862190
2024-10-17,0.9683867248,0.9223995694,0.8903228420,0.9221412859,0.8659808315,0.9195087812,0.8894394988,0.9385213663,0.9310714631,0.9386135511,0.7862050459,0.7451551989
2024-10-18,0.9674183381,0.9214771698,0.8958228978,0.9277528876,0.8754746978,0.9185892724,0.8990530312,0.9375828449,0.9301403916,0.9377687989,0.8093746569,0.7721055116
2024-10-21,0.9766133655,0.9339072111,0.9079068821,0.9365709065,0.8872842000,0.9376399123,0.9075982664,0.9544154075,0.9365596718,0.9486602268,0.8175924265,0.7740666431
2024-10-22,0.9846788809,0.9412718327,0.9150664699,0.9443057250,0.8942811611,0.9378215719,0.9150938097,0.9531204229,0.9445299930,0.9482064097,0.8264546181,0.7785082025
2024-10-23,0.9894470478,0.9392335713,0.9130849544,0.9488783906,0.8923446548,0.9393115567,0.9195250208,0.9625092340,0.9455362863,0.9542824912,0.8294516088,0.7815433337
2024-10-24,0.9812013557,0.9353379882,0.9092978258,0.9409707829,0.8886435491,0.9296376922,0.9118620335,0.9498318100,0.9419922444,0.9435827556,0.8236451120,0.7728136433
2024-10-25,1.0038119206,0.9525195104,0.9260010079,0.9626542843,0.9049673262,0.9421965821,0.9328747599,0.9672161838,0.9543370612,0.9621871847,0.8356101938,0.7782406861
2024-10-28,1.0246172076,0.9786207313,0.9513755610,0.9826065266,0.9297655081,0.9615203884,0.9522097834,0.9820437141,0.9769520495,0.9691339318,0.8517710609,0.7797631693
2024-10-29,1.0174399955,0.9701302975,0.9431215041,0.9757235898,0.9216989383,0.9487989306,0.9455397690,0.9694199883,0.9718995073,0.9614042033,0.8395641668,0.7719914237
2024-10-30,1.0198154285,0.9728984860,0.9458126252,0.9780016269,0.9243289318,0.9522388666,0.9477473355,0.9729069049,0.9739505833,0.9620086119,0.8399595633,0.7650674692
2024-10-31,1.0303758967,0.9904000261,0.9628269158,0.9881291018,0.9409567507,0.9685126188,0.9575615188,0.9905023974,0.9867308936,0.9777065653,0.8459372560,0.7653802274
2024-11-01,1.0039101594,0.9619628935,0.9351814837,0.9627484952,0.9139392717,0.9401484522,0.9329660564,0.9649968847,0.9636612457,0.9517617453,0.8356932345,0.7651795901
2024-11-04,1.0208218910,0.9769481686,0.9497495631,0.9789668231,0.9281764440,0.9590365528,0.9486826735,0.9849219282,0.9776188840,0.9738594433,0.8457905161,0.7759471262
2024-11-05,1.0564719507,1.0143107635,0.9860719692,1.0131551824,0.9636738036,1.0052033843,0.9818134225,1.0329088212,1.0106692924,1.0143091084,0.8678313690,0.7955800779
2024-11-06,1.0568054637,1.0233685066,0.9948775414,1.0134750210,0.9722793613,1.0155135510,0.9821233669,1.0385679313,1.0108735981,1.0131640940,0.8710650361,0.7915889689
2024-11-07,1.0984669441,1.0635859179,1.0339752848,1.0534283248,1.0104890177,1.0454712463,1.0208407230,1.0677985970,1.0512260278,1.0474467891,0.8938013075,0.8154726779
2024-11-08,1.0906939161,1.0501207929,1.0208850339,1.0459740014,0.9976961057,1.0397593446,1.0136169976,1.0650026530,1.0422450704,1.0444349294,0.8886627761,0.8072799874
2024-11-11,1.1088510636,1.0682826934,1.0385413003,1.0633866814,1.0149513182,1.0596128723,1.0304910198,1.0830687801,1.0508570661,1.0672712291,0.8959460230,0.8126067115
2024-11-12,1.0953568786,1.0495044547,1.0202858548,1.0504457761,0.9971105367,1.0351878741,1.0179504389,1.0627981253,1.0395105301,1.0510850809,0.8867933032,0.8036783508
2024-11-13,1.0963065702,1.0541904984,1.0248414373,1.0513565291,1.0015626412,1.0398917104,1.0188330179,1.0644789846,1.0395663323,1.0563638672,0.8884754960,0.8086254377
2024-11-14,1.0733392918,1.0299174405,1.0012441505,1.0293309399,0.9785013558,1.0087872045,0.9974887861,1.0334344697,1.0222722921,1.0325879686,0.8682156830,0.7946063968
2024-11-15,1.0401160913,1.0055893805,0.9775933929,0.9974699353,0.9553878142,0.9811332823,0.9666133954,0.9972057307,0.9923259492,1.0008895186,0.8527710713,0.7806817735
2024-11-18,1.0151271501,0.9767224065,0.9495300862,0.9735055742,0.9279619525,0.9460640214,0.9433903673,0.9777286649,0.9719865106,0.9839660188,0.8437003895,0.7770525984
2024-11-19,1.0299513418,0.9981327308,0.9703443391,0.9877219541,0.9483034192,0.9648610005,0.9571669662,0.9960282895,0.9937719345,0.9982269324,0.8545382151,0.7822672017
2024-11-20,1.0506968443,1.0183748123,0.9900228734,1.0076168632,0.9675349649,0.9829030062,0.9764464301,1.0095636990,1.0121315213,1.0074590544,0.8656920596,0.7840139266
2024-11-21,1.0562738331,1.0236111967,0.9951134749,1.0129651880,0.9725099357,0.9850048701,0.9816293055,1.0140380519,1.0184595641,1.0116250511,0.8664700890,0.7847082891
2024-11-22,1.0246564548,0.9911766272,0.9635818960,0.9826441646,0.9416945819,0.9500299097,0.9522462572,0.9797865206,0.9863418237,0.9782200044,0.8397921996,0.7603957669
2024-11-25,1.0252380853,0.9944005477,0.9667160613,0.9832019475,0.9447575561,0.9470380637,0.9527867851,0.9754493035,0.9861781489,0.9751287896,0.8426771337,0.7569318227
2024-11-26,1.0190682735,0.9841110093,0.9567129876,0.9772851063,0.9349816975,0.9406776909,0.9470529802,0.9697967823,0.9768421599,0.9702454729,0.8379059700,0.7553758999
2024-11-27,1.0459752540,1.0093418867,0.9812414279,1.0030888644,0.9589529858,0.9675199680,0.9720585041,0.9933467713,0.9990156537,0.9898757953,0.8519069854,0.7685274794
2024-11-28,1.0461755421,1.0062211337,0.9782075578,1.0032809404,0.9559880287,0.9581006065,0.9722446383,0.9954164150,1.0025251387,0.9893654621,0.8503489582,0.7617431842
2024-11-29,1.0684902843,1.0258756520,0.9973148869,1.0246807483,0.9746613436,0.9770795615,0.9929824472,1.0174890442,1.0262741608,1.0064442897,0.8611451746,0.7704040285
2024-12-02,1.0911341105,1.0489263029,1.0197237990,1.0463961472,0.9965612477,0.9939821217,1.0140260845,1.0379433259,1.0519239294,1.0217128362,0.8768477355,0.7765116645
2024-12-03,1.0903979753,1.0470431794,1.0178931024,1.0456901946,0.9947721345,0.9888052644,1.0133419703,1.0371597635,1.0515827697,1.0244304768,0.8782280768,0.7773496204
2024-12-04,1.0705149557,1.0315399647,1.0028215030,1.0266224054,0.9800428795,0.9732754322,0.9948640395,1.0233307423,1.0402442254,1.0099535255,0.8692755341,0.7731539400
2024-12-05,1.0887418045,1.0457266640,1.0166132392,1.0441019290,0.9935213429,0.9901000668,1.0118028374,1.0329430248,1.0475606926,1.0198560922,0.8739299473,0.7713895118
2024-12-06,1.1055964487,1.0613910440,1.0318415170,1.0602655102,1.0084037174,1.0049276153,1.0274664014,1.0452234902,1.0577444050,1.0324877509,0.8846632573,0.7815295645
2024-12-09,1.0912268276,1.0505600917,1.0213121025,1.0464850628,0.9981134736,0.9976796790,1.0141122495,1.0295604131,1.0426777936,1.0188813429,0.8808751181,0.7802372241
2024-12-10,1.1064953515,1.0593493433,1.0298566580,1.0611275567,1.0064639436,1.0075680665,1.0283017806,1.0441260019,1.0546536368,1.0294905463,0.8869857830,0.7859553877
2024-12-11,1.1198179299,1.0677514269,1.0380248244,1.0739038915,1.0144465738,1.0155416400,1.0406828820,1.0570797089,1.0675697916,1.0344065028,0.8969573125,0.7846158385
2024-12-12,1.1374558414,1.0786468936,1.0486169572,1.0908186250,1.0247981113,1.0239660569,1.0570743614,1.0730318582,1.0860284672,1.0445437555,0.9071844101,0.7924190566
2024-12-13,1.1153122526,1.0628987081,1.0333072071,1.0695829530,1.0098361151,1.0095086152,1.0364956109,1.0467011858,1.0630141290,1.0153595686,0.8897707008,0.7736693025
2024-12-16,1.1052626465,1.0601831395,1.0306672410,1.0599453943,1.0072561146,1.0063149662,1.0271561882,1.0439619099,1.0606935112,1.0100002293,0.8857349345,0.7694716551
2024-12-17,1.0780758498,1.0202570918,0.9918527496,1.0338732927,0.9693232762,0.9735734474,1.0018906221,1.0126154334,1.0198653987,0.9812862664,0.8689673033,0.7714760612
2024-12-18,1.0798302558,1.0239585922,0.9954511988,1.0355557657,0.9728399883,0.9770947599,1.0035210481,1.0140954743,1.0207862983,0.9829770690,0.8724987469,0.7753825878
2024-12-19,1.0816632968,1.0207664638,0.9923479404,1.0373136495,0.9698072190,0.9758765250,1.0052245521,1.0103978081,1.0159093894,0.9841571255,0.8703476110,0.7760848184
2024-12-20,1.0859726536,1.0247823973,0.9962520688,1.0414463169,0.9736226670,0.9796602601,1.0092293762,1.0145029216,1.0198325418,0.9873965796,0.8707791123,0.7725992368
2024-12-23,1.0525378491,0.9796638845,0.9523896724,1.0093823844,0.9307565845,0.9418277358,0.9781573352,0.9798007317,0.9772637584,0.9521826426,0.8527242359,0.7737460168
2024-12-24,1.0651979233,0.9875675950,0.9600733406,1.0215233785,0.9382657217,0.9518789368,0.9899227501,0.9902960292,0.9881830566,0.9606453679,0.8616644469,0.7836047838
2024-12-25,1.0515554050,0.9729937488,0.9459052359,1.0084402217,0.9244194389,0.9398544334,0.9772443182,0.9790739774,0.9735737116,0.9476245256,0.8538118088,0.7839863881
2024-12-26,1.0637299288,0.9861229149,0.9586688810,1.0201155737,0.9368931638,0.9523483580,0.9885584955,0.9911139399,0.9888087409,0.9600937009,0.8580893282,0.7843502892
2024-12-27,1.0683175548,0.9892037627,0.9616639568,1.0245151010,0.9398202078,0.9542303696,0.9928219242,0.9958432762,0.9925991035,0.9647080521,0.8616140562,0.7830815532
2024-12-30,1.0659944949,0.9844389724,0.9570318201,1.0222872896,0.9352932879,0.9544387383,0.9906630297,0.9935619528,0.9888079625,0.9597296246,0.8581843607,0.7866261458
2024-12-31,1.0355764372,0.9591566305,0.9324533481,0.9931164131,0.9112731045,0.9255689317,0.9623945486,0.9664145544,0.9665431226,0.9364550687,0.8418698903,0.7740095991
2025-01-02,1.0088339014,0.9482670365,0.9218669245,0.9674703572,0.9009271466,0.9090942247,0.9375418485,0.9500701519,0.9606401733,0.9208693840,0.8251386780,0.7514851096
2025-01-03,0.9719319273,0.9057711365,0.8805541264,0.9320814135,0.8605527495,0.8696056753,0.9032476550,0.9111067935,0.9199080294,0.8860376742,0.8043247888,0.7425862544
2025-01-06,0.9671750211,0.8944189559,0.8695179948,0.9275195469,0.8497672984,0.8596665910,0.8988269088,0.9015182274,0.9084841511,0.8820005900,0.8012128162,0.7413686612
2025-01-07,0.9881024525,0.9133429554,0.8879151430,0.9475889255,0.8677465639,0.8772232338,0.9182754451,0.9185352510,0.9286240908,0.9026871264,0.8109876536,0.7467071875
2025-01-08,0.9904615521,0.9163425833,0.8908312601,0.9498512989,0.8705964428,0.8799195814,0.9204678324,0.9201060811,0.9347481020,0.9053425833,0.8100275960,0.7453519021
2025-01-09,0.9896324008,0.9163800865,0.8908677193,0.9490561439,0.8706320739,0.8787178084,0.9196972754,0.9184557665,0.9335304832,0.9049707023,0.8082277628,0.7435146937
2025-01-10,0.9664341762,0.8865627878,0.8618805454,0.9268090776,0.8423033301,0.8516828149,0.8981384178,0.8910724279,0.9064488121,0.8809654153,0.7911698509,0.7341909595
2025-01-13,0.9690321118,0.8891666613,0.8643600094,0.9291330528,0.8446926494,0.8524239197,0.9002823267,0.8941911604,0.9039887390,0.8865309971,0.7918065040,0.7322298281
2025-01-14,0.9690321118,0.8891666613,0.8764937552,0.9402898514,0.8644554136,0.8524239197,0.9182996038,0.8941911604,0.9039887390,0.8865309971,0.8186857772,0.7515126480
2025-01-15,0.9690321118,0.8891666613,0.8738641900,0.9381461211,0.8601329985,0.8524239197,0.9148102779,0.8941911604,0.9039887390,0.8865309971,0.8143110869,0.7466914513
2025-01-16,0.9690321118,0.8891666613,0.8757793871,0.9406931840,0.8632748374,0.8524239197,0.9189497882,0.8941911604,0.9039887390,0.8865309971,0.8194697059,0.7475471104
2025-01-17,0.9690321118,0.8891666613,0.8761795617,0.9398886787,0.8639322721,0.8524239197,0.9176399385,0.8941911604,0.9039887390,0.8865309971,0.8201092292,0.7498996813
2025-01-20,0.9690321118,0.8891666613,0.8784660074,0.9429112855,0.8676897481,0.8524239197,0.9225583662,0.8941911604,0.9039887390,0.8865309971,0.8238375231,0.7533105158
2025-01-21,0.9690321118,0.8891666613,0.8801236562,0.9429281713,0.8704186051,0.8524239197,0.9225859017,0.8941911604,0.9039887390,0.8865309971,0.8224424094,0.7538868563
2025-01-22,0.9690321118,0.8891666613,0.8777990387,0.9401059492,0.8665869649,0.8524239197,0.9179836737,0.8941911604,0.9039887390,0.8865309971,0.8140680476,0.7468861875
2025-01-23,0.9690321118,0.8891666613,0.8762186858,0.9386047610,0.8639866863,0.8524239197,0.9155405691,0.8941911604,0.9039887390,0.8865309971,0.8138825061,0.7482080334
2025-01-24,0.9690321118,0.8891666613,0.8793281053,0.9413341178,0.8690967064,0.8524239197,0.9199777170,0.8941911604,0.9039887390,0.8865309971,0.8215864787,0.7539360321
2025-01-27,0.9690321118,0.8891666613,0.8739104244,0.9378927857,0.8601723004,0.8524239197,0.9143722881,0.8941911604,0.9039887390,0.8865309971,0.8177467992,0.7508320548
2025-02-05,0.9690321118,0.8891666613,0.8736393152,0.9359723617,0.8597275549,0.8524239197,0.9112518488,0.8941911604,0.9039887390,0.8865309971,0.8157850355,0.7465045832
2025-02-06,0.9690321118,0.8891666613,0.8806938771,0.9401675137,0.8712979309,0.8524239197,0.9180591012,0.8941911604,0.9039887390,0.8865309971,0.8279393490,0.7558971635
2025-02-07,0.9690321118,0.8891666613,0.8851786480,0.9443194602,0.8786928039,0.8524239197,0.9248162876,0.8941911604,0.9039887390,0.8865309971,0.8394402289,0.7657067548
2025-02-10,0.9690321118,0.8891666613,0.8886306456,0.9485143464,0.8844039776,0.8524239197,0.9316633685,0.8941911604,0.9039887390,0.8865309971,0.8478494988,0.7673511940
2025-02-11,0.9690321118,0.8891666613,0.8881469366,0.9491212751,0.8836016306,0.8524239197,0.9326569455,0.8941911604,0.9039887390,0.8865309971,0.8453679283,0.7638262717
2025-02-12,0.9690321118,0.8891666613,0.8919249412,0.9519936860,0.8898660801,0.8524239197,0.9373612512,0.8941911604,0.9039887390,0.8865309971,0.8527819298,0.7710492152
2025-02-13,0.9690321118,0.8891666613,0.8885788583,0.9500499677,0.8843021484,0.8524239197,0.9341715134,0.8941911604,0.9039887390,0.8865309971,0.8506286204,0.7681537433
2025-02-14,0.9690321118,0.8891666613,0.8884305865,0.9485991176,0.8840562182,0.8524239197,0.9317938440,0.8941911604,0.9039887390,0.8865309971,0.8522221619,0.7748160825
2025-02-17,0.9690321118,0.8891666613,0.8912740092,0.9513121260,0.8887719224,0.8524239197,0.9362354190,0.8941911604,0.9039887390,0.8865309971,0.8564437878,0.7764664228
2025-02-18,0.9690321118,0.8891666613,0.8850362189,0.9433507429,0.8784078823,0.8524239197,0.9231797386,0.8941911604,0.9039887390,0.8865309971,0.8404630889,0.7696565561
2025-02-19,0.9690321118,0.8891666613,0.8894218218,0.9479054783,0.8856624784,0.8524239197,0.9306086465,0.8941911604,0.9039887390,0.8865309971,0.8501068314,0.7750422912
2025-02-20,0.9690321118,0.8891666613,0.8889946748,0.9489119619,0.8849535758,0.8524239197,0.9322555096,0.8941911604,0.9039887390,0.8865309971,0.8524181645,0.7728274126
2025-02-21,0.9690321118,0.8891666613,0.8956404990,0.9501369894,0.8959795997,0.8524239197,0.9342613835,0.8941911604,0.9039887390,0.8865309971,0.8587581472,0.7825720917
2025-02-24,0.9690321118,0.8891666613,0.8939875260,0.9509555068,0.8932236016,0.8524239197,0.9356027851,0.8941911604,0.9039887390,0.8865309971,0.8612083885,0.7808568394
2025-02-25,0.9690321118,0.8891666613,0.8911099509,0.9501430067,0.8884317414,0.8524239197,0.9342704806,0.8941911604,0.9039887390,0.8865309971,0.8533766680,0.7721881270
2025-02-26,0.9690321118,0.8891666613,0.8925526410,0.9526500439,0.8908289981,0.8524239197,0.9383790741,0.8941911604,0.9039887390,0.8865309971,0.8629953025,0.7789330816
2025-02-27,0.9690321118,0.8891666613,0.8905264554,0.9548356757,0.8874585436,0.8524239197,0.9419672249,0.8941911604,0.9039887390,0.8865309971,0.8650499847,0.7805421142
2025-02-28,0.9690321118,0.8891666613,0.8800506220,0.9473039687,0.8700589710,0.8524239197,0.9295835563,0.8941911604,0.9039887390,0.8865309971,0.8455230486,0.7651854912
2025-03-03,0.9690321118,0.8891666613,0.8796979147,0.9472818286,0.8694777996,0.8524239197,0.9295473463,0.8941911604,0.9039887390,0.8865309971,0.8473483971,0.7648747000
2025-03-04,0.9690321118,0.8891666613,0.8816650389,0.9476527506,0.8727182506,0.8524239197,0.9301539761,0.8941911604,0.9039887390,0.8865309971,0.8508123241,0.7642354145
2025-03-05,0.9690321118,0.8891666613,0.8854395473,0.9500900519,0.8789452609,0.8524239197,0.9341411353,0.8941911604,0.9039887390,0.8865309971,0.8525496816,0.7676482159
2025-03-06,0.9690321118,0.8891666613,0.8922147048,0.9532503050,0.8901543690,0.8524239197,0.9393198067,0.8941911604,0.9039887390,0.8865309971,0.8650198462,0.7782052795
2025-03-07,0.9690321118,0.8891666613,0.8900348821,0.9529840490,0.8865297208,0.8524239197,0.9388825316,0.8941911604,0.9039887390,0.8865309971,0.8626006511,0.7757995987
2025-03-10,0.9690321118,0.8891666613,0.8876029044,0.9534862650,0.8824923873,0.8524239197,0.9397071726,0.8941911604,0.9039887390,0.8865309971,0.8637223712,0.7728077422
2025-03-11,0.9690321118,0.8891666613,0.8880236773,0.9551752914,0.8831896377,0.8524239197,0.9424815355,0.8941911604,0.9039887390,0.8865309971,0.8697501356,0.7752901373
2025-03-12,0.9690321118,0.8891666613,0.8901444300,0.9548732408,0.8867049848,0.8524239197,0.9419848080,0.8941911604,0.9039887390,0.8865309971,0.8694143240,0.7724989181
2025-03-13,0.9690321118,0.8891666613,0.8864827087,0.9514500696,0.8806256970,0.8524239197,0.9363565301,0.8941911604,0.9039887390,0.8865309971,0.8655919141,0.7694205122
2025-03-14,0.9690321118,0.8891666613,0.8918139459,0.9569855935,0.8894523862,0.8524239197,0.9454360465,0.8941911604,0.9039887390,0.8865309971,0.8808552485,0.7881033872
2025-03-17,0.9690321118,0.8891666613,0.8924540928,0.9590059444,0.8905164725,0.8524239197,0.9487626598,0.8941911604,0.9039887390,0.8865309971,0.8835949780,0.7861815964
2025-03-18,0.9690321118,0.8891666613,0.8931055012,0.9593556576,0.8915995657,0.8524239197,0.9493390143,0.8941911604,0.9039887390,0.8865309971,0.8850653363,0.7883315630
2025-03-19,0.9690321118,0.8891666613,0.8905754675,0.9566379471,0.8873899530,0.8524239197,0.9448567897,0.8941911604,0.9039887390,0.8865309971,0.8818251113,0.7888134860
2025-03-20,0.9690321118,0.8891666613,0.8896277192,0.9556198952,0.8858160224,0.8524239197,0.9431809323,0.8941911604,0.9039887390,0.8865309971,0.8782028249,0.7818934655
2025-03-21,0.9690321118,0.8891666613,0.8825955230,0.9480660539,0.8741459123,0.8524239197,0.9307550729,0.8941911604,0.9039887390,0.8865309971,0.8678310482,0.7700342264
2025-03-24,0.9690321118,0.8891666613,0.8805906033,0.9459124103,0.8708363701,0.8524239197,0.9272312067,0.8941911604,0.9039887390,0.8865309971,0.8637638605,0.7739977969
2025-03-25,0.9690321118,0.8891666613,0.8759086707,0.9408831740,0.8631195846,0.8524239197,0.9190146869,0.8941911604,0.9039887390,0.8865309971,0.8622999905,0.7734962036
2025-03-26,0.9690321118,0.8891666613,0.8772598835,0.9423346191,0.8653387243,0.8524239197,0.9213775367,0.8941911604,0.9039887390,0.8865309971,0.8648159764,0.7709508635
2025-03-27,0.9690321118,0.8891666613,0.8766590042,0.9416891669,0.8643508679,0.8524239197,0.9203257073,0.8941911604,0.9039887390,0.8865309971,0.8627887762,0.7735178410
2025-03-28,0.9690321118,0.8891666613,0.8744166672,0.9392804944,0.8606661095,0.8524239197,0.9164023262,0.8941911604,0.9039887390,0.8865309971,0.8550449164,0.7701266769
2025-03-31,0.9690321118,0.8891666613,0.8733307326,0.9381140057,0.8588846799,0.8524239197,0.9145055323,0.8941911604,0.9039887390,0.8865309971,0.8468823787,0.7646465243
2025-04-01,0.9690321118,0.8891666613,0.8722618862,0.9369658727,0.8571327361,0.8524239197,0.9126401336,0.8941911604,0.9039887390,0.8865309971,0.8513575262,0.7647193045
2025-04-02,0.9690321118,0.8891666613,0.8733559403,0.9381410833,0.8589245329,0.8524239197,0.9145479661,0.8941911604,0.9039887390,0.8865309971,0.8521582831,0.7640721508
2025-04-03,0.9690321118,0.8891666613,0.8684165359,0.9328352761,0.8508282241,0.8524239197,0.9059273452,0.8941911604,0.9039887390,0.8865309971,0.8492210166,0.7595696133
2025-04-07,0.9690321118,0.8891666613,0.8384319789,0.9006264784,0.8018661067,0.8524239197,0.8537944707,0.8941911604,0.9039887390,0.8865309971,0.7723587845,0.7060545261
2025-04-08,0.9690321118,0.8891666613,0.8363528161,0.8983930843,0.7985519636,0.8524239197,0.8502657058,0.8941911604,0.9039887390,0.8865309971,0.7838099824,0.7181163696
2025-04-09,0.9690321118,0.8891666613,0.8429690285,0.9055000842,0.8090805931,0.8524239197,0.8614761629,0.8941911604,0.9039887390,0.8865309971,0.7990685638,0.7252035879
2025-04-10,0.9690321118,0.8891666613,0.8495802341,0.9126017061,0.8196563043,0.8524239197,0.8727367508,0.8941911604,0.9039887390,0.8865309971,0.8148447593,0.7347102561
2025-04-11,0.9690321118,0.8891666613,0.8541365357,0.9174959921,0.8269826700,0.8524239197,0.8805375675,0.8941911604,0.9039887390,0.8865309971,0.8159699487,0.7377394862
2025-04-14,0.9690321118,0.8891666613,0.8569993720,0.9205711923,0.8316023764,0.8524239197,0.8854564434,0.8941911604,0.9039887390,0.8865309971,0.8253990610,0.7394350683
2025-04-15,0.9690321118,0.8891666613,0.8556758973,0.9191495428,0.8294619533,0.8524239197,0.8831774078,0.8941911604,0.9039887390,0.8865309971,0.8249866854,0.7398461781
2025-04-16,0.9690321118,0.8891666613,0.8519408592,0.9151374413,0.8234293165,0.8524239197,0.8767541010,0.8941911604,0.9039887390,0.8865309971,0.8206881947,0.7421259688
2025-04-17,0.9690321118,0.8891666613,0.8523601567,0.9160581811,0.8241047582,0.8524239197,0.8782243034,0.8941911604,0.9039887390,0.8865309971,0.8227936441,0.7420079468
2025-04-18,0.9690321118,0.8891666613,0.8489505452,0.9120243683,0.8186104512,0.8524239197,0.8717789479,0.8941911604,0.9039887390,0.8865309971,0.8210497304,0.7420669578
2025-04-21,0.9690321118,0.8891666613,0.8526757411,0.9153640266,0.8245972236,0.8524239197,0.8770994267,0.8941911604,0.9039887390,0.8865309971,0.8299179567,0.7444982100
2025-04-22,0.9690321118,0.8891666613,0.8525380281,0.9149097997,0.8243752602,0.8524239197,0.8763740284,0.8941911604,0.9039887390,0.8865309971,0.8304412816,0.7443152760
2025-04-23,0.9690321118,0.8891666613,0.8515256636,0.9135668344,0.8227437235,0.8524239197,0.8742300284,0.8941911604,0.9039887390,0.8865309971,0.8305695901,0.7448916165
2025-04-24,0.9690321118,0.8891666613,0.8507892111,0.9129607194,0.8215577900,0.8524239197,0.8732633341,0.8941911604,0.9039887390,0.8865309971,0.8278615708,0.7443959243
2025-04-25,0.9690321118,0.8891666613,0.8516280491,0.9135968966,0.8229078187,0.8524239197,0.8742775256,0.8941911604,0.9039887390,0.8865309971,0.8298503725,0.7449132539
2025-04-28,0.9690321118,0.8891666613,0.8488249609,0.9110066310,0.8183935568,0.8524239197,0.8701462160,0.8941911604,0.9039887390,0.8865309971,0.8226602692,0.7438569574
2025-04-29,0.9690321118,0.8891666613,0.8507588269,0.9127145629,0.8215011144,0.8524239197,0.8728650957,0.8941911604,0.9039887390,0.8865309971,0.8244049513,0.7425705181
2025-04-30,0.9690321118,0.8891666613,0.8525002003,0.9142464227,0.8243035933,0.8524239197,0.8753067260,0.8941911604,0.9039887390,0.8865309971,0.8264469675,0.7416833864
2025-05-06,0.9690321118,0.8891666613,0.8569738279,0.9182872715,0.8315130291,0.8524239197,0.8817546268,0.8941911604,0.9039887390,0.8865309971,0.8412901358,0.7491522090
2025-05-07,0.9690321118,0.8891666613,0.8576875433,0.9189957474,0.8326672139,0.8524239197,0.8828884439,0.8941911604,0.9039887390,0.8865309971,0.8463437853,0.7536940871
2025-05-08,0.9690321118,0.8891666613,0.8581524770,0.9193774206,0.8334194983,0.8524239197,0.8834995728,0.8941911604,0.9039887390,0.8865309971,0.8505046247,0.7578779653
2025-05-09,0.9690321118,0.8891666613,0.8569759171,0.9184109581,0.8315150817,0.8524239197,0.8819516608,0.8941911604,0.9039887390,0.8865309971,0.8455431731,0.7565521854
2025-05-12,0.9690321118,0.8891666613,0.8583461279,0.9197782776,0.8337309179,0.8524239197,0.8841400597,0.8941911604,0.9039887390,0.8865309971,0.8538974532,0.7652956450
2025-05-13,0.9690321118,0.8891666613,0.8585738107,0.9198700180,0.8340995069,0.8524239197,0.8842870359,0.8941911604,0.9039887390,0.8865309971,0.8537675420,0.7664070184
2025-05-14,0.9690321118,0.8891666613,0.8594063642,0.9215777508,0.8354475417,0.8524239197,0.8870231580,0.8941911604,0.9039887390,0.8865309971,0.8587470096,0.7756422361
2025-05-15,0.9690321118,0.8891666613,0.8587816489,0.9212174809,0.8344353764,0.8524239197,0.8864452219,0.8941911604,0.9039887390,0.8865309971,0.8517662136,0.7685589520
2025-05-16,0.9690321118,0.8891666613,0.8577155401,0.9194734518,0.8327089016,0.8524239197,0.8836482237,0.8941911604,0.9039887390,0.8865309971,0.8511708192,0.7649966560
2025-05-19,0.9690321118,0.8891666613,0.8598955159,0.9203917693,0.8362352993,0.8524239197,0.8851188273,0.8941911604,0.9039887390,0.8865309971,0.8555257045,0.7626480192
2025-05-20,0.9690321118,0.8891666613,0.8620737482,0.9232014913,0.8397657956,0.8524239197,0.8896222316,0.8941911604,0.9039887390,0.8865309971,0.8622429513,0.7667827216
2025-05-21,0.9690321118,0.8891666613,0.8616016952,0.9224495211,0.8389993994,0.8524239197,0.8884145332,0.8941911604,0.9039887390,0.8865309971,0.8624039517,0.7703646878
2025-05-22,0.9690321118,0.8891666613,0.8602995580,0.9201521913,0.8368861022,0.8524239197,0.8847269219,0.8941911604,0.9039887390,0.8865309971,0.8556369443,0.7698709627
2025-05-23,0.9690321118,0.8891666613,0.8573772133,0.9168304393,0.8321480827,0.8524239197,0.8794038107,0.8941911604,0.9039887390,0.8865309971,0.8467888172,0.7636551399
2025-05-26,0.9690321118,0.8891666613,0.8574950013,0.9177003235,0.8323386193,0.8524239197,0.8807944341,0.8941911604,0.9039887390,0.8865309971,0.8489475282,0.7592961958
2025-05-27,0.9690321118,0.8891666613,0.8584305430,0.9183823512,0.8338521120,0.8524239197,0.8818854334,0.8941911604,0.9039887390,0.8865309971,0.8480165609,0.7552224714
2025-05-28,0.9690321118,0.8891666613,0.8579182154,0.9177645634,0.8330226809,0.8524239197,0.8808967055,0.8941911604,0.9039887390,0.8865309971,0.8472556948,0.7546008891
2025-05-29,0.9690321118,0.8891666613,0.8585612911,0.9186407433,0.8340633718,0.8524239197,0.8822983432,0.8941911604,0.9039887390,0.8865309971,0.8549176577,0.7590188442
2025-05-30,0.9690321118,0.8891666613,0.8585088569,0.9179176705,0.8339784751,0.8524239197,0.8811408977,0.8941911604,0.9039887390,0.8865309971,0.8482125064,0.7553857351
2025-06-03,0.9690321118,0.8891666613,0.8626253906,0.9211018834,0.8406433267,0.8524239197,0.8862352911,0.8941911604,0.9039887390,0.8865309971,0.8527417579,0.7577028994
2025-06-04,0.9690321118,0.8891666613,0.8645141585,0.9230327589,0.8437110548,0.8524239197,0.8893316008,0.8941911604,0.9039887390,0.8865309971,0.8606998458,0.7609937448
2025-06-05,0.9690321118,0.8891666613,0.8615403854,0.9202113834,0.8388740313,0.8524239197,0.8848009952,0.8941911604,0.9039887390,0.8865309971,0.8601280007,0.7627286675
2025-06-06,0.9690321118,0.8891666613,0.8603362195,0.9189361879,0.8369198889,0.8524239197,0.8827574534,0.8941911604,0.9039887390,0.8865309971,0.8594839634,0.7620244699
2025-06-09,0.9690321118,0.8891666613,0.8622706555,0.9209424341,0.8400561977,0.8524239197,0.8859695531,0.8941911604,0.9039887390,0.8865309971,0.8657965607,0.7642413156
2025-06-10,0.9690321118,0.8891666613,0.8616563338,0.9199985804,0.8390587058,0.8524239197,0.8844562019,0.8941911604,0.9039887390,0.8865309971,0.8609267727,0.7603505252
2025-06-11,0.9690321118,0.8891666613,0.8630910300,0.9214081692,0.8413871561,0.8524239197,0.8867147552,0.8941911604,0.9039887390,0.8865309971,0.8665895830,0.7660863921
2025-06-12,0.9690321118,0.8891666613,0.8624863048,0.9203723255,0.8404046254,0.8524239197,0.8850533528,0.8941911604,0.9039887390,0.8865309971,0.8665056953,0.7656084032
2025-06-13,0.9690321118,0.8891666613,0.8590873681,0.9175148389,0.8348847656,0.8524239197,0.8804736336,0.8941911604,0.9039887390,0.8865309971,0.8564847825,0.7600967780
2025-06-16,0.9690321118,0.8891666613,0.8590439263,0.9166596027,0.8348144023,0.8524239197,0.8791057848,0.8941911604,0.9039887390,0.8865309971,0.8601963347,0.7619890633
2025-06-17,0.9690321118,0.8891666613,0.8579704103,0.9161690949,0.8330759708,0.8524239197,0.8783218330,0.8941911604,0.9039887390,0.8865309971,0.8597370075,0.7613163382
2025-06-18,0.9690321118,0.8891666613,0.8570452149,0.9146633236,0.8315787201,0.8524239197,0.8759158873,0.8941911604,0.9039887390,0.8865309971,0.8562658371,0.7622192061
2025-06-19,0.9690321118,0.8891666613,0.8553688225,0.9111507030,0.8288677542,0.8524239197,0.8703095254,0.8941911604,0.9039887390,0.8865309971,0.8448610766,0.7559483064
2025-06-20,0.9690321118,0.8891666613,0.8543664862,0.9108840491,0.8272489510,0.8524239197,0.8698850229,0.8941911604,0.9039887390,0.8865309971,0.8413209228,0.7566466029
2025-06-23,0.9690321118,0.8891666613,0.8561583331,0.9125621803,0.8301405740,0.8524239197,0.8725560200,0.8941911604,0.9039887390,0.8865309971,0.8477220296,0.7588614816
2025-06-24,0.9690321118,0.8891666613,0.8564367658,0.9146278185,0.8305905264,0.8524239197,0.8758478232,0.8941911604,0.9039887390,0.8865309971,0.8592147449,0.7679354027
2025-06-25,0.9690321118,0.8891666613,0.8574441183,0.9161142825,0.8322187794,0.8524239197,0.8782202204,0.8941911604,0.9039887390,0.8865309971,0.8678454365,0.7789586530
2025-06-26,0.9690321118,0.8891666613,0.8573036599,0.9152436638,0.8319915690,0.8524239197,0.8768292096,0.8941911604,0.9039887390,0.8865309971,0.8656715043,0.7761949723
2025-06-27,0.9690321118,0.8891666613,0.8549673551,0.9132250797,0.8282126943,0.8524239197,0.8736061088,0.8941911604,0.9039887390,0.8865309971,0.8666533455,0.7714229513
2025-06-30,0.9690321118,0.8891666613,0.8557807771,0.9145847563,0.8295259733,0.8524239197,0.8757739238,0.8941911604,0.9039887390,0.8865309971,0.8739015613,0.7742397419
2025-07-01,0.9690321118,0.8891666613,0.8584735897,0.9176419207,0.8338763046,0.8524239197,0.8806529774,0.8941911604,0.9039887390,0.8865309971,0.8767768415,0.7755537197
2025-07-02,0.9690321118,0.8891666613,0.8590926700,0.9174225648,0.8348785418,0.8524239197,0.8803021208,0.8941911604,0.9039887390,0.8865309971,0.8761298551,0.7757346867
2025-07-03,0.9690321118,0.8891666613,0.8600494074,0.9189299147,0.8364281602,0.8524239197,0.8827127208,0.8941911604,0.9039887390,0.8865309971,0.8796156864,0.7805322790
2025-07-04,0.9690321118,0.8891666613,0.8614582884,0.9195908415,0.8387118036,0.8524239197,0.8837708511,0.8941911604,0.9039887390,0.8865309971,0.8775941885,0.7833116960
2025-07-07,0.9690321118,0.8891666613,0.8617361091,0.9203887240,0.8391626118,0.8524239197,0.8850488566,0.8941911604,0.9039887390,0.8865309971,0.8797235773,0.7799618396
2025-07-08,0.9690321118,0.8891666613,0.8622432276,0.9210071282,0.8399856691,0.8524239197,0.8860399558,0.8941911604,0.9039887390,0.8865309971,0.8883743559,0.7865081238
2025-07-09,0.9690321118,0.8891666613,0.8629473665,0.9217596602,0.8411289401,0.8524239197,0.8872465578,0.8941911604,0.9039887390,0.8865309971,0.8878112513,0.7851213659
2025-07-10,0.9690321118,0.8891666613,0.8644223126,0.9223394320,0.8435250304,0.8524239197,0.8881766639,0.8941911604,0.9039887390,0.8865309971,0.8916078113,0.7887839805
2025-07-11,0.9690321118,0.8891666613,0.8638414659,0.9221235694,0.8425803556,0.8524239197,0.8878302186,0.8941911604,0.9039887390,0.8865309971,0.8941703364,0.7897261891
2025-07-14,0.9690321118,0.8891666613,0.8653389003,0.9234896091,0.8450146542,0.8524239197,0.8900222807,0.8941911604,0.9039887390,0.8865309971,0.8956510521,0.7902887604
2025-07-15,0.9680630797,0.8882774946,0.8615584055,0.9191669886,0.8394257000,0.8515714958,0.8836729721,0.8932969692,0.9030847502,0.8857331192,0.8906450569,0.7905621779
2025-07-16,0.9676755641,0.8874012542,0.8607085221,0.9187990462,0.8385976493,0.8512306118,0.8833192379,0.8929393825,0.9028262937,0.8848264059,0.8917163666,0.7882292773
2025-07-17,0.9798803896,0.8945723335,0.8676638978,0.9303874157,0.8453743473,0.8619667732,0.8944601177,0.9042015966,0.9158190350,0.8947628511,0.8981044449,0.7935973091
2025-07-18,0.9805603330,0.8944336486,0.8675293844,0.9310330157,0.8452432894,0.8625648959,0.8950807876,0.9048290261,0.9177099973,0.8991640255,0.9015154960,0.7983299894
2025-07-21,0.9818969836,0.8955839268,0.8686450626,0.9323021532,0.8463303068,0.8637407010,0.8963009168,0.9060624436,0.9286364835,0.8985224230,0.9127213653,0.8036527794
2025-07-22,0.9790798068,0.8925121381,0.8656656723,0.9296272697,0.8434274545,0.8612625283,0.8937293250,0.9034628449,0.9346532108,0.8963137790,0.9222156419,0.8102128329
2025-07-23,0.9767071871,0.8955132393,0.8685765015,0.9273744891,0.8462635069,0.8591754171,0.8915635365,0.9012734690,0.9281613425,0.8936344004,0.9187755439,0.8103721626
2025-07-24,0.9820196167,0.9009502447,0.8738499635,0.9324185922,0.8514014982,0.8638485771,0.8964128594,0.9061756054,0.9339650543,0.8980988262,0.9299684046,0.8161296668
2025-07-25,0.9800754410,0.8979021192,0.8708935246,0.9305726152,0.8485210077,0.8621383532,0.8946381657,0.9043815836,0.9283323917,0.8948172165,0.9264092765,0.8118257996
2025-07-28,0.9885753304,0.9050633965,0.8778393931,0.9386431820,0.8552884427,0.8696154109,0.9023970841,0.9122250037,0.9364956829,0.9033037621,0.9261428859,0.8135292498
2025-07-29,0.9968327930,0.9101623288,0.8827849512,0.9464835668,0.8601069537,0.8768792142,0.9099347092,0.9198447203,0.9437941323,0.9045446962,0.9284138579,0.8167158425
2025-07-30,0.9941624632,0.9089839043,0.8816419734,0.9439481132,0.8589933379,0.8745302177,0.9074971632,0.9173806273,0.9389867114,0.9007983211,0.9272993256,0.8165624139
2025-07-31,0.9898521471,0.9010938437,0.8739892432,0.9398555078,0.8515371999,0.8707385823,0.9035625954,0.9134032085,0.9335839313,0.8975866811,0.9126530576,0.8016818128
2025-08-01,0.9850114881,0.8979307239,0.8709212689,0.9352593465,0.8485480393,0.8664804225,0.8991439169,0.9089364065,0.9265596883,0.8916523875,0.9114946305,0.7976179236
2025-08-04,0.9951725112,0.9020109995,0.8748788112,0.9449071445,0.8524039157,0.8754187219,0.9084191611,0.9183126665,0.9336451817,0.9015161546,0.9169137244,0.8007199339
2025-08-05,1.0086455767,0.9152353858,0.8877054124,0.9576996962,0.8649010124,0.8872705101,0.9207177231,0.9307451710,0.9444700034,0.9129915430,0.9245224417,0.8071619655
2025-08-06,1.0175953326,0.9180734186,0.8904580782,0.9661974071,0.8675829645,0.8951432997,0.9288872913,0.9390037132,0.9515080628,0.9224688209,0.9297006096,0.8091368661
2025-08-07,1.0178285304,0.9186354907,0.8910032433,0.9664188263,0.8681141247,0.8953484357,0.9291001603,0.9392189005,0.9513143152,0.9234739315,0.9306170996,0.8093689760
2025-08-08,1.0169269026,0.9173872435,0.8897925429,0.9655627390,0.8669345262,0.8945553050,0.9282771312,0.9383869079,0.9545067445,0.9253602791,0.9312013160,0.8074609544
2025-08-11,1.0241729912,0.9241198548,0.8963226395,0.9724428335,0.8732968702,0.9009294378,0.9348915480,0.9450733617,0.9625336645,0.9278142941,0.9385627478,0.8109111295
2025-08-12,1.0272268479,0.9296010349,0.9016389475,0.9753424423,0.8784766068,0.9036158094,0.9376791871,0.9475119006,0.9644154934,0.9250204173,0.9404728794,0.8151048428
2025-08-13,1.0475602880,0.9494296014,0.9208710774,0.9946488566,0.8972146795,0.9228901062,0.9562400763,0.9675459576,0.9857037352,0.9457139156,0.9466754690,0.8215468744
2025-08-14,1.0329415050,0.9325048855,0.9044554513,0.9807684567,0.8812207569,0.9064384884,0.9428956737,0.9516427490,0.9715627426,0.9336553328,0.9362803778,0.8209036547
2025-08-15,1.0450415634,0.9495900628,0.9210267123,0.9922573508,0.8973663163,0.9230460822,0.9539409195,0.9628506238,0.9861803075,0.9399840631,0.9482182954,0.8266159172
2025-08-18,1.0732636481,0.9714359640,0.9422154961,1.0190539605,0.9180107781,0.9442813229,0.9797027669,0.9798723594,1.0041909938,0.9618961391,0.9594760360,0.8339057398
2025-08-19,1.0721543571,0.9770619809,0.9476722842,1.0180006990,0.9233273860,0.9497500752,0.9786901775,0.9785821460,1.0021810619,0.9644553194,0.9612064867,0.8307506196
2025-08-20,1.0773822363,0.9828392962,0.9532758198,1.0229645222,0.9287869716,0.9553658966,0.9834623206,0.9847572695,1.0076735756,0.9679499744,0.9698362536,0.8401982769
2025-08-21,1.0780015124,0.9789685882,0.9495215414,1.0235525191,0.9251291374,0.9516033869,0.9840276118,0.9833807113,1.0055092681,0.9702378056,0.9711329160,0.8434773201
2025-08-22,1.1033431281,0.9958750977,0.9659195088,1.0476141501,0.9411058549,0.9680373072,1.0071600929,0.9976830056,1.0237309365,0.9875971946,0.9811781999,0.8611668437
2025-08-25,1.1287337959,1.0294016576,0.9984376011,1.0717223556,0.9727885849,1.0006266960,1.0303373499,1.0301339164,1.0559270418,1.0115831321,0.9981057662,0.8791101145
2025-08-26,1.1269234851,1.0254151923,0.9945710472,1.0700034822,0.9690213596,0.9967516647,1.0286848516,1.0218778407,1.0486344603,1.0095994377,1.0003643079,0.8758389394
2025-08-27,1.1116941496,1.0102476007,0.9798596918,1.0555433682,0.9546879263,0.9820080542,1.0147831209,1.0088121180,1.0333068995,0.9996181569,0.9794605104,0.8627660412
2025-08-28,1.1384149245,1.0331307362,1.0020545102,1.0809144982,0.9763125787,1.0042515353,1.0391745341,1.0299510364,1.0577565436,1.0226431042,0.9883455404,0.8780400488
2025-08-29,1.1384663578,1.0489940137,1.0174406256,1.0809633336,0.9913034379,1.0196713851,1.0392214838,1.0382213415,1.0662464310,1.0248942835,0.9911969039,0.8845273221
2025-09-01,1.1590922329,1.0814478170,1.0489182294,1.1005474123,1.0219724086,1.0512180041,1.0580493150,1.0615300323,1.0906940404,1.0519206498,0.9986177554,0.8898284748
2025-09-02,1.1234561647,1.0591706494,1.0273111516,1.0667112934,1.0009203983,1.0295635523,1.0255197920,1.0371540570,1.0627674492,1.0244329062,0.9875592810,0.8832861246
2025-09-03,1.1074080402,1.0518700396,1.0202301417,1.0514737468,0.9940212936,1.0224670172,1.0108706496,1.0229973680,1.0486747960,1.0287419417,0.9746594928,0.8772630709
2025-09-04,1.0645950604,1.0045150212,0.9742995463,1.0108232163,0.9492706163,0.9764357180,0.9717898563,0.9831236602,1.0091698241,0.9890469672,0.9623669035,0.8586510091
2025-09-05,1.0942519581,1.0400977684,1.0088119764,1.0389821678,0.9828964513,1.0110238173,0.9988614382,1.0121981283,1.0403233346,1.0199541878,0.9813868720,0.8773594555
2025-09-08,1.0980634524,1.0342210659,1.0031120432,1.0426011467,0.9773429446,1.0053113869,1.0023406686,1.0131355958,1.0408313179,1.0207783633,0.9899644324,0.8787855541
2025-09-09,1.0797117660,1.0250822724,0.9942481414,1.0251763892,0.9687067489,0.9964280509,0.9855887754,1.0020569085,1.0288850727,1.0079361200,0.9854262022,0.8726267752
2025-09-10,1.0885179779,1.0294657239,0.9984997402,1.0335378064,0.9728491278,1.0006889714,0.9936273131,1.0063418991,1.0332847858,1.0206002953,0.9865422883,0.8744167749
2025-09-11,1.1346197103,1.0704275865,1.0382294837,1.0773109772,1.0115582478,1.0405058232,1.0357101646,1.0463836777,1.0743986066,1.0683062904,1.0021588715,0.8946122979
2025-09-12,1.1329395933,1.0677763492,1.0356579948,1.0757157216,1.0090528182,1.0379286962,1.0341765105,1.0437919924,1.0717375339,1.0589503592,0.9992165201,0.8894921122
2025-09-15,1.1229468113,1.0636204293,1.0316270836,1.0662276670,1.0051254577,1.0338889471,1.0250548410,1.0397294226,1.0675661966,1.0482814124,0.9997689641,0.8916676502
2025-09-16,1.1381120082,1.0742085877,1.0418967537,1.0806268820,1.0151313087,1.0441811337,1.0388980243,1.0500797502,1.0781936345,1.0661429546,1.0051643803,0.8897556946
2025-09-17,1.1466862208,1.0865682516,1.0538846431,1.0887680179,1.0268112394,1.0561953068,1.0467247869,1.0621617917,1.0905991497,1.0758971661,1.0091154345,0.8952004406
2025-09-18,1.1316997565,1.0719443669,1.0397006399,1.0745385080,1.0129916112,1.0419802049,1.0330447554,1.0478663882,1.0759210140,1.0703120451,0.9949687043,0.8847928715
2025-09-19,1.1306061117,1.0724735203,1.0402138766,1.0735001022,1.0134916633,1.0424945668,1.0320464482,1.0483836558,1.0764521304,1.0689931801,0.9949960417,0.8855423109
2025-09-22,1.1465029740,1.0844854648,1.0518645058,1.0885940268,1.0248429977,1.0541707403,1.0465575145,1.0601257884,1.0885086362,1.0829510720,0.9929152047,0.8896121012
2025-09-23,1.1342204558,1.0789853989,1.0465298800,1.0769318888,1.0196454139,1.0488244183,1.0353457148,1.0547492648,1.0829881664,1.0757709920,0.9842478185,0.8890554310
2025-09-24,1.1499203905,1.0947038499,1.0617755252,1.0918388323,1.0344994115,1.0641034899,1.0496770205,1.0701146484,1.0987649289,1.0855316182,0.9943049332,0.8981608246
2025-09-25,1.1592237042,1.1036634295,1.0704656038,1.1006722431,1.0429662492,1.0728126216,1.0581693254,1.0788729783,1.1077577464,1.0875726868,0.9927849653,0.9035544278
2025-09-26,1.1353007800,1.0851450601,1.0525042607,1.0779576467,1.0254663178,1.0548118979,1.0363318626,1.0607705679,1.0891706785,1.0644265379,0.9859355312,0.8950096385
2025-09-29,1.1574163998,1.1101002182,1.0767087760,1.0989562241,1.0490490396,1.0790694821,1.0565195713,1.0851651840,1.1142184140,1.0792572979,0.9954158386,0.9087788662
2025-09-30,1.1635380050,1.1172547438,1.0836480959,1.1047686320,1.0558100943,1.0860240166,1.0621075306,1.0921590050,1.1213994811,1.0737033122,0.9988989557,0.9128388214
2025-10-09,1.1926083746,1.1453665537,1.1109143119,1.1323706805,1.0823758643,1.1133500143,1.0886437145,1.1196393683,1.1496155788,1.0832124382,1.0084931456,0.9263700382
2025-10-10,1.1583596021,1.1107276286,1.0773173141,1.0998517860,1.0496419450,1.0796793545,1.0573805507,1.0857785016,1.1148481520,1.0581134449,1.0041539380,0.9081454817
2025-10-13,1.1637844605,1.1139272498,1.0804206917,1.1050026392,1.0526655994,1.0827895363,1.0623325015,1.0889062530,1.1180596429,1.0542094933,1.0002598031,0.9036508124
2025-10-14,1.1251516300,1.0783270266,1.0458913113,1.0683211220,1.0190232496,1.0481844495,1.0270674564,1.0541056808,1.0823273517,1.0227284787,0.9928872039,0.8928478697
2025-10-15,1.1415861618,1.0970930251,1.0640928349,1.0839255588,1.0367571914,1.0664258803,1.0420693214,1.0724501581,1.1007225022,1.0358995796,1.0040506639,0.9060722294
2025-10-16,1.1340366801,1.0898377832,1.0570558283,1.0767573954,1.0299009595,1.0593734449,1.0351779596,1.0653578832,1.0949113658,1.0365353715,0.9977112235,0.9084582399
2025-10-17,1.0960396083,1.0533216412,1.0216380795,1.0406795252,0.9953930627,1.0238780420,1.0004932514,1.0296619655,1.0618273912,0.9996778408,0.9780285384,0.8879637279
2025-10-20,1.1075053430,1.0643405008,1.0323254955,1.0515661349,1.0058059280,1.0345888903,1.0109594701,1.0404333199,1.0731543215,1.0180524057,0.9849284776,0.8926826390
2025-10-21,1.1383545103,1.0939873267,1.0610805549,1.0808571355,1.0338222943,1.0634069958,1.0391193865,1.0694142198,1.1029569714,1.0492519198,0.9983643311,0.9063830206
2025-10-22,1.1299728371,1.0859323279,1.0532678477,1.0728988139,1.0262102890,1.0555771591,1.0314683788,1.0615401521,1.0971804795,1.0429113195,0.9959190659,0.9033734608
2025-10-23,1.1289852396,1.0849832218,1.0523472904,1.0719610991,1.0253133800,1.0546545835,1.0305668743,1.0606123648,1.0937183414,1.0379333883,0.9983081663,0.9060820646
2025-10-24,1.1601497535,1.1149331038,1.0813962900,1.1015515184,1.0536161354,1.0837672736,1.0590146472,1.0898895136,1.1201359425,1.0742253595,1.0020244182,0.9167709194
2025-10-27,1.1879286810,1.1416293521,1.1072895241,1.1279273545,1.0788441943,1.1097172791,1.0843719694,1.1159861116,1.1407047813,1.0964792243,1.0112823826,0.9276564774
2025-10-28,1.1853005622,1.1391036638,1.1048398077,1.1254319799,1.0764574089,1.1072621916,1.0819729547,1.1135171552,1.1329623232,1.0950282873,1.0085856727,0.9229257642
2025-10-29,1.2085021759,1.1614009983,1.1264664458,1.1474616986,1.0975284771,1.1289362467,1.1031519866,1.1353136478,1.1576715143,1.1149544345,1.0157936815,0.9339155750
2025-10-30,1.1929983270,1.1465014094,1.1120150316,1.1327409367,1.0834483075,1.1144531474,1.0889996731,1.1207487329,1.1437218190,1.0968246821,1.0066144880,0.9264546206
2025-10-31,1.1692956677,1.1237225575,1.0899213599,1.1102354798,1.0619222035,1.0923110349,1.0673632738,1.0984815388,1.1223109817,1.0710950745,1.0069574077,0.9128348873
2025-11-03,1.1688013049,1.1232474624,1.0894605555,1.1097660868,1.0614732367,1.0918492201,1.0669120066,1.0980171153,1.1227336920,1.0755562918,1.0128071721,0.9153389197
2025-11-04,1.1501311661,1.1053049893,1.0720577859,1.0920389618,1.0445175296,1.0744082946,1.0498694219,1.0804776654,1.1051931302,1.0611026632,1.0053119111,0.9085133168
2025-11-05,1.1599708556,1.1147611784,1.0812295361,1.1013816565,1.0534536652,1.0836001540,1.0588513445,1.0897214499,1.1139277428,1.0699255133,1.0094611301,0.9101970967
2025-11-06,1.1858576388,1.1396390284,1.1053590687,1.1259609189,1.0769633306,1.1077825911,1.0824814685,1.1140404945,1.1358511923,1.0925312484,1.0163016707,0.9232070498
2025-11-07,1.1888440270,1.1425090226,1.1081427344,1.1287964671,1.0796754863,1.1105723601,1.0852075208,1.1168460230,1.1348360173,1.0897726247,1.0163242989,0.9203332153
2025-11-10,1.1869321725,1.1406716824,1.1063606608,1.1269811788,1.0779391926,1.1087863792,1.0834623307,1.1150499530,1.1332554053,1.0828819318,1.0248631764,0.9235316102
2025-11-11,1.1748080836,1.1290201279,1.0950595811,1.1154694680,1.0669284282,1.0974605218,1.0723951493,1.1036601154,1.1236344974,1.0702263450,1.0232275792,0.9150969747
2025-11-12,1.1720271825,1.1267983312,1.0929046154,1.1128290279,1.0648288216,1.0953008312,1.0698566710,1.1014882246,1.1163721069,1.0638209549,1.0209501146,0.9138656123
2025-11-13,1.1957837811,1.1547015962,1.1199685595,1.1353856998,1.0911975160,1.1224241136,1.0915423075,1.1287647274,1.1350184187,1.0799965471,1.0325107051,0.9249124671
2025-11-14,1.1689975504,1.1367060384,1.1025143021,1.1099524202,1.0741916436,1.1049315873,1.0670911446,1.1111733852,1.1279434739,1.0560985669,1.0246178602,0.9103701955
2025-11-17,1.1726334231,1.1366333009,1.1024437524,1.1134046479,1.0741229063,1.1048608830,1.0704100631,1.1111022815,1.1342274430,1.0579170143,1.0247541713,0.9044513946
2025-11-18,1.1615633186,1.1197458188,1.0860642402,1.1028936854,1.0581641699,1.0884454583,1.0603049859,1.0945941255,1.1129405977,1.0488890356,1.0138910922,0.8985778355
2025-11-19,1.1625568210,1.1169484321,1.0833509979,1.1038370068,1.0555206285,1.0857262672,1.0612118805,1.0918595736,1.1111003904,1.0471411921,1.0095786813,0.9025315709
2025-11-20,1.1543850658,1.1130256481,1.0795462100,1.0960780005,1.0518135824,1.0819131372,1.0537524914,1.0880249031,1.1017739793,1.0401750468,1.0038181274,0.8979405169
2025-11-21,1.1023537098,1.0573159628,1.0255122532,1.0466747066,0.9991677122,1.0277607099,1.0062569263,1.0335665668,1.0575619106,0.9956566139,0.9741829429,0.8760395767
2025-11-24,1.1102459556,1.0641852146,1.0321748803,1.0541683214,1.0056591820,1.0344379449,1.0134611721,1.0402815217,1.0592405529,1.0005950540,0.9803900925,0.8749459066
2025-11-25,1.1342181909,1.0895261164,1.0567535362,1.0769297382,1.0296064331,1.0590704901,1.0353436473,1.0650532170,1.0758860121,1.0224534374,0.9909673427,0.8832762894
2025-11-26,1.1465708486,1.1062117248,1.0729372472,1.0886584731,1.0453743982,1.0752896841,1.0466194722,1.0813640339,1.0866234832,1.0413145457,0.9913140481,0.8886325190
2025-11-27,1.1456155047,1.1019418885,1.0687958462,1.0877513828,1.0413393863,1.0711392030,1.0457474096,1.0771901065,1.0849839821,1.0417670961,0.9904124101,0.8881938707
2025-11-28,1.1570777717,1.1126876528,1.0792183814,1.0986346999,1.0514941754,1.0815845899,1.0562104628,1.0876944998,1.0901442512,1.0503540395,0.9978270816,0.8904087494
2025-12-01,1.1766392976,1.1316574476,1.0976175711,1.1172081888,1.0694207055,1.1000241202,1.0740667288,1.1062381957,1.1035347676,1.0659851862,1.0059398480,0.9002104725
2025-12-02,1.1663823731,1.1246445907,1.0908156586,1.1074693333,1.0627935284,1.0932072944,1.0647039432,1.0993828613,1.1033707382,1.0606611833,1.0020087669,0.8958515284
2025-12-03,1.1553923961,1.1163051772,1.0827270919,1.0970344513,1.0549127501,1.0851009933,1.0546720085,1.0912307675,1.0968253753,1.0508546261,0.9952973136,0.8912722766
2025-12-04,1.1593845388,1.1157800389,1.0822177496,1.1008249541,1.0544164924,1.0845905342,1.0583161395,1.0907174248,1.0912689348,1.0557146783,0.9907450271,0.8943251111
2025-12-05,1.1767975520,1.1333369314,1.0992465367,1.1173584499,1.0710078244,1.1016566573,1.0742111874,1.1078799550,1.1030262866,1.0660587220,1.0011049946,0.9017939337
2025-12-08,1.2025269943,1.1616050684,1.1266643775,1.1417883186,1.0977213241,1.1291346123,1.0976976866,1.1355131340,1.1182346104,1.0939942312,1.0077459518,0.9091132617
2025-12-09,1.1991245488,1.1685954002,1.1334444425,1.1385577279,1.1043272150,1.1359295427,1.0945918465,1.1423464492,1.1237113638,1.1024687187,1.0010822048,0.9044848342
2025-12-10,1.1990227566,1.1712959944,1.1360638037,1.1384610772,1.1068792870,1.1390102510,1.0944989279,1.1449863827,1.1235909895,1.1009745754,1.0054515702,0.9032279004
2025-12-11,1.1838591071,1.1559763188,1.1212049388,1.1240633315,1.0924021337,1.1159869561,1.0806571572,1.1300108172,1.0979976988,1.0860999656,0.9919183332,0.8954286164
2025-12-12,1.1957682062,1.1688901743,1.1337303499,1.1353709116,1.1046057776,1.1257765973,1.0915280904,1.1426346021,1.1042331114,1.0949316269,0.9954034558,0.9010877690
2025-12-15,1.1897568914,1.1552211104,1.1204724469,1.1296632234,1.0916884589,1.1097385631,1.0860408070,1.1292725723,1.0909430219,1.0874601696,0.9934790384,0.8954050120
2025-12-16,1.1625503262,1.1293894106,1.0954177559,1.1038308400,1.0672774017,1.0814756022,1.0612059519,1.1040211032,1.0660371605,1.0645655256,0.9812407225,0.8846827177
2025-12-17,1.1889244817,1.1577337703,1.1229095268,1.1288728581,1.0940629323,1.1119402782,1.0852809619,1.1317287929,1.0919904200,1.0900551445,0.9916344126,0.9008772965
2025-12-18,1.1837443732,1.1496698079,1.1150881257,1.1239543927,1.0864424564,1.0974608247,1.0805524251,1.1238459630,1.0844863157,1.0908633016,0.9910403509,0.8955486054
2025-12-19,1.1956983731,1.1562495297,1.1214699317,1.1353046057,1.0926603191,1.1092490511,1.0914643449,1.1302778912,1.0989782824,1.0983662181,1.0025509749,0.8985758684
2025-12-22,1.2171406163,1.1809550101,1.1454322795,1.1556638183,1.1160070946,1.1380085311,1.1110373781,1.1544284380,1.1241690090,1.1214841494,1.0097368322,0.9071206578
2025-12-23,1.2179960883,1.1838089295,1.1482003540,1.1564760811,1.1187040596,1.1415111958,1.1118182750,1.1572182528,1.1239510543,1.1198229927,1.0062193309,0.9089126244
2025-12-24,1.2248461271,1.1937200336,1.1578133354,1.1629801299,1.1280700916,1.1555311612,1.1180711672,1.1669067340,1.1392261367,1.1232846064,1.0137668670,0.9115346788
2025-12-25,1.2247070556,1.1931439197,1.1572545508,1.1628480829,1.1275256617,1.1529440905,1.1179442192,1.1663435607,1.1388062000,1.1192891831,1.0195270099,0.9132027224
2025-12-26,1.2396857171,1.2028401562,1.1666591277,1.1770701841,1.1366886430,1.1605723048,1.1316171281,1.1758220006,1.1417725127,1.1306105133,1.0227407810,0.9160942602
2025-12-29,1.2304254212,1.1954856612,1.1595258535,1.1682776183,1.1297386166,1.1516923391,1.1231640909,1.1686327021,1.1352587274,1.1228653683,1.0198576813,0.9125791731
2025-12-30,1.2324100895,1.1995460461,1.1634641034,1.1701620426,1.1335756962,1.1586727958,1.1249757474,1.1726018828,1.1417465063,1.1274289624,1.0196922997,0.9149219088
2025-12-31,1.2284095496,1.1930761356,1.1571888056,1.1663635668,1.1274616055,1.1514784189,1.1213239513,1.1662772992,1.1365307136,1.1247894310,1.0205084808,0.9107242614
2026-01-05,1.2447000009,1.2175898142,1.1809651210,1.1818312004,1.1506271274,1.1790809716,1.1361942958,1.1902403523,1.1608663370,1.1399676061,1.0348439860,0.9279967741
2026-01-06,1.2668569349,1.2381488790,1.2009057760,1.2028690055,1.1700555240,1.2006575046,1.1564197173,1.2103376201,1.1811871483,1.1593661093,1.0499132431,0.9423443094
2026-01-07,1.2800749996,1.2526792370,1.2149990657,1.2154194363,1.1837867690,1.2180908972,1.1684855080,1.2245415977,1.1965802276,1.1733013477,1.0514816990,0.9395865298
2026-01-08,1.2750711321,1.2479474452,1.2104096047,1.2106683102,1.1793152073,1.2160315620,1.1639178485,1.2199160913,1.1954567607,1.1649758895,1.0555731048,0.9319111688
2026-01-09,1.2882075038,1.2613546926,1.2234135665,1.2231411742,1.1919851084,1.2368776446,1.1759090677,1.2330221855,1.2151047332,1.1788817598,1.0688692864,0.9360950470
2026-01-12,1.3115361842,1.2857695750,1.2470940575,1.2452915417,1.2150572676,1.2669067119,1.1972040895,1.2568886616,1.2446077217,1.2050856135,1.0858606445,0.9421928479
2026-01-13,1.2949562027,1.2708912200,1.2326632384,1.2295490018,1.2009971640,1.2397695062,1.1820694544,1.2423445037,1.2204084057,1.1806491672,1.0757940260,0.9365100909
2026-01-14,1.3013139730,1.2840394559,1.2454159797,1.2355856462,1.2134222982,1.2544332236,1.1878729912,1.2551974044,1.2257953498,1.1872147730,1.0785654889,0.9327530587
2026-01-15,1.3031647712,1.2736744464,1.2353627463,1.2373429621,1.2036273239,1.2476730029,1.1895624476,1.2450652134,1.2267864004,1.1798652142,1.0729635439,0.9346217396
2026-01-16,1.2891451219,1.2575518274,1.2197250902,1.2240314340,1.1883913859,1.2429548206,1.1767649498,1.2293047401,1.2210382819,1.1662728124,1.0652218306,0.9307742240
2026-01-19,1.3041281451,1.2681311945,1.2299862335,1.2382576767,1.1983889291,1.2470231286,1.1904418402,1.2396464738,1.2325093550,1.1753731406,1.0735709912,0.9312836854
2026-01-20,1.2964670616,1.2530191178,1.2153287230,1.2309835483,1.1841079576,1.2247622003,1.1834486053,1.2248738440,1.2176423599,1.1600055598,1.0730716941,0.9282190487
2026-01-21,1.3101364550,1.2648936833,1.2268461056,1.2439625117,1.1953294684,1.2406802449,1.1959263806,1.2364816835,1.2320418275,1.1656934251,1.0755276312,0.9290432354
2026-01-22,1.3362181091,1.2900982209,1.2512924992,1.2687268023,1.2191478549,1.2583239963,1.2197343878,1.2611200776,1.2493867920,1.1976051711,1.0840924524,0.9291691255
2026-01-23,1.3491126417,1.3021160399,1.2629488262,1.2809700424,1.2305047407,1.2714172729,1.2315048500,1.2728679528,1.2652862174,1.2008159005,1.0928762722,0.9249970495
2026-01-26,1.3575662218,1.3104050016,1.2709884587,1.2889966389,1.2383378419,1.2657210688,1.2392214962,1.2809707281,1.2612414587,1.1972433383,1.0868887178,0.9258743460
2026-01-27,1.3633402227,1.3182277367,1.2785758885,1.2944789997,1.2457303571,1.2805756808,1.2444921533,1.2886177491,1.2697584892,1.2086829000,1.0831974564,0.9256245328
2026-01-28,1.3908342043,1.3343327297,1.2941964488,1.3205842823,1.2609496384,1.2882302178,1.2695893696,1.3043609924,1.2837100008,1.2185414896,1.0846355925,0.9280439828
2026-01-29,1.3914215727,1.3328756782,1.2927832249,1.3211419832,1.2595727190,1.2719077864,1.2701255346,1.3029366691,1.2740064005,1.2165380407,1.0887417733,0.9351016956
2026-01-30,1.3725967528,1.3146414236,1.2750974505,1.3032679898,1.2423412772,1.2576330002,1.2529417529,1.2851119917,1.2586948294,1.2214456360,1.0796869936,0.9257523899
2026-02-02,1.3082455960,1.2588699460,1.2210035603,1.2421671585,1.1896370132,1.2079691167,1.1942003557,1.2305932512,1.2087216446,1.1843020238,1.0507233246,0.9060112514
2026-02-03,1.3436514167,1.2990405101,1.2599658073,1.2757846595,1.2275983530,1.2506157235,1.2265197029,1.2698615054,1.2499908412,1.2094427528,1.0724317275,0.9166587985
2026-02-04,1.3440854129,1.3019190683,1.2627577794,1.2761967349,1.2303186018,1.2447334142,1.2269158658,1.2726754055,1.2463181031,1.2082188319,1.0835187850,0.9242456430
2026-02-05,1.3138970782,1.2745273932,1.2361900367,1.2475331888,1.2044333619,1.2189396763,1.1993591745,1.2458990014,1.2172064538,1.1902783630,1.0764691289,0.9186868091
2026-02-06,1.3185568548,1.2732256836,1.2349274821,1.2519576038,1.2032032412,1.2101336237,1.2036127389,1.2446265306,1.2143357120,1.1882167955,1.0733750591,0.9134112278
2026-02-09,1.3518179007,1.3005871143,1.2614658901,1.2835386609,1.2290599000,1.2435650667,1.2339742803,1.2760226589,1.2450085549,1.2022577407,1.0912320033,0.9282544553
2026-02-10,1.3627643681,1.3002655394,1.2611539881,1.2939322310,1.2287560105,1.2483692950,1.2439664984,1.2863553675,1.2556893123,1.2009890971,1.0923177329,0.9292851804
2026-02-11,1.3614154120,1.3127142953,1.2732282896,1.2926514096,1.2405201334,1.2528225483,1.2427351364,1.2850820462,1.2649995596,1.2141928601,1.0930905229,0.9272237303
2026-02-12,1.3684736058,1.3240768659,1.2842490779,1.2993530997,1.2512578070,1.2744159103,1.2491780379,1.2917444932,1.2717046161,1.2206051184,1.0943145299,0.9283567410
2026-02-13,1.3439489236,1.2959294576,1.2569483342,1.2760671396,1.2246583962,1.2604628065,1.2267912749,1.2685948885,1.2393758856,1.1993752391,1.0826415844,0.9167178095
2026-02-24,1.3706777684,1.3396021985,1.2993074137,1.3014459318,1.2659293069,1.2952300810,1.2511900544,1.2938250704,1.2701503816,1.2356080734,1.0948894071,0.9259884338
2026-02-25,1.3835691780,1.3626588561,1.3216705348,1.3136862067,1.2877179384,1.3118528662,1.2629576660,1.3059936700,1.2840716908,1.2565102200,1.1063316628,0.9315649711
2026-02-26,1.3876373819,1.3690671313,1.3278860512,1.3175489288,1.2937737834,1.3183782703,1.2666712275,1.3098337733,1.2824846156,1.2568187430,1.1051565146,0.9297907077
2026-02-27,1.3966957463,1.3722861918,1.3310082835,1.3261497625,1.2968158082,1.3251999702,1.2749399364,1.3183842432,1.2872060451,1.2719186258,1.1131868705,0.9266001810
2026-03-02,1.4287761733,1.4169561546,1.3743345887,1.3566098328,1.3390290974,1.3658518242,1.3042237784,1.3486659488,1.3125052178,1.3237688779,1.1096452915,0.9301447736
2026-03-03,1.3925715012,1.3811618749,1.3396169889,1.3222338297,1.3052033633,1.3406761340,1.2711752190,1.3144912408,1.2857700474,1.3015331173,1.0847029181,0.9158306778
2026-03-04,1.3815211446,1.3699826219,1.3287740042,1.3117416178,1.2946389256,1.3299866110,1.2610881682,1.3040604681,1.2697831468,1.2947634941,1.0762115505,0.9053503285
2026-03-05,1.3877120158,1.3723777202,1.3310970587,1.3176197930,1.2969023029,1.3324870655,1.2667393552,1.3099042225,1.2746970610,1.2867612648,1.0836348417,0.9142157441
2026-03-06,1.3775838812,1.3605414192,1.3196167896,1.3080032224,1.2857169522,1.3256744517,1.2574941325,1.3003439635,1.2637823843,1.2744087314,1.0937355574,0.9167237106
2026-03-09,1.3643221868,1.3426310064,1.3022451161,1.2954113655,1.2687915422,1.3203868188,1.2453885155,1.2878258407,1.2520847249,1.2652893542,1.0866745916,0.9078759983
2026-03-10,1.3723131650,1.3533750829,1.3126660144,1.3029987259,1.2789447365,1.3206558584,1.2526828867,1.2953687718,1.2604975720,1.2562222468,1.0969793793,0.9195405012
2026-03-11,1.3690234000,1.3530237649,1.3123252639,1.2998751242,1.2786127396,1.3153322460,1.2496799043,1.2922634610,1.2606786723,1.2544750915,1.0995997331,0.9253904560
2026-03-12,1.3541476039,1.3398664997,1.2995637648,1.2857506927,1.2661790726,1.3071188747,1.2361008935,1.2782217377,1.2510273034,1.2446961519,1.0973131595,0.9220583028
2026-03-13,1.3285424947,1.3173525091,1.2777269875,1.2614388770,1.2449032636,1.2759536666,1.2127278888,1.2540522845,1.2324231240,1.2189135557,1.0872362742,0.9184350289
2026-03-16,1.3214283652,1.3045918089,1.2653501249,1.2546840766,1.2328443521,1.2682855397,1.2062339278,1.2473370380,1.2213378900,1.2058220110,1.0848252811,0.9189110508
2026-03-17,1.2948918244,1.2815143221,1.2429668011,1.2294878752,1.2110360369,1.2445813023,1.1820106882,1.2222883777,1.2018775601,1.1858725424,1.0709851586,0.9121995358
2026-03-18,1.2998316090,1.2760994689,1.2377148249,1.2341781552,1.2059189796,1.2435299070,1.1865198511,1.2269511929,1.1954062251,1.1849586970,1.0761076653,0.9163086667
2026-03-19,1.2628183196,1.2497900021,1.2121967381,1.1990343774,1.1810564307,1.2191691278,1.1527331649,1.1920132061,1.1802233304,1.1586983284,1.0547969697,0.9015401865
2026-03-20,1.2262400217,1.2299689260,1.1929718733,1.1643036200,1.1623254364,1.1914248739,1.1193435502,1.1574858212,1.1663692890,1.1359269829,1.0376051152,0.8983476927
2026-03-23,1.1821767016,1.2023855792,1.1662182243,1.1224659029,1.1362590660,1.1606642432,1.0791214140,1.1158930928,1.1444645467,1.1033655829,0.9946121025,0.8690349738
2026-03-24,1.2019764997,1.2204624391,1.1837513383,1.1412656291,1.1533417692,1.1733229506,1.0971951809,1.1345827336,1.1609209522,1.1204915139,1.0172282610,0.8801919824
2026-03-25,1.2257487842,1.2331344959,1.1960422239,1.1638371945,1.1653169123,1.1892793218,1.1188951359,1.1570221270,1.1730477932,1.1350695443,1.0350959644,0.8925351115
2026-03-26,1.2133696753,1.2269015419,1.1899967551,1.1520833446,1.1594267465,1.1836250764,1.1075951658,1.1453371039,1.1696799750,1.1239016197,1.0213856817,0.8807447185
2026-03-27,1.2312791924,1.2426924413,1.2053126695,1.1690882662,1.1743492081,1.1993227978,1.1239434353,1.1622424500,1.1815986598,1.1376339462,1.0310075423,0.8856701680
2026-03-30,1.2438964703,1.2539287115,1.2162109565,1.1810682556,1.1849675273,1.2084450408,1.1354608124,1.1741522883,1.1813199005,1.1499921477,1.0326824933,0.8835811794
2026-03-31,1.2239591609,1.2258175183,1.1889453385,1.1621379637,1.1584023399,1.1817817117,1.1172615216,1.1553328463,1.1525672321,1.1348093471,1.0200175218,0.8753393131
2026-04-01,1.2371752177,1.2389349340,1.2016681868,1.1746864881,1.1707983490,1.1926102416,1.1293254795,1.1678078904,1.1589152501,1.1444127643,1.0352130598,0.8902926944
2026-04-02,1.2231680960,1.2343064393,1.1971789156,1.1613868548,1.1664244035,1.1858304632,1.1165394171,1.1545861357,1.1563536808,1.1382287901,1.0231711559,0.8810161690
2026-04-03,1.2075834552,1.2142150621,1.1776918803,1.1465893818,1.1474379735,1.1691398363,1.1023133547,1.1398753121,1.1358707243,1.1245759279,1.0073237731,0.8735178410
2026-04-07,1.2276388572,1.2402020522,1.2028971905,1.1656318015,1.1719957806,1.1932122261,1.1206204434,1.1588062252,1.1581485451,1.1383539188,1.0149536880,0.8734844014
2026-04-08,1.2616761045,1.2581603052,1.2203152653,1.1979498546,1.1889663999,1.2111264439,1.1516905215,1.1909350340,1.1700779145,1.1661802890,1.0488302558,0.9039616035
2026-04-09,1.2547478012,1.2550430314,1.2172917580,1.1913714944,1.1860205639,1.2050125265,1.1453661873,1.1843951946,1.1665747811,1.1642552898,1.0387043205,0.8981903301
2026-04-10,1.2572476428,1.2588073864,1.2209428825,1.1937450710,1.1895778941,1.2049944923,1.1476481073,1.1867548723,1.1670493820,1.1666083381,1.0461460988,0.9120284039
2026-04-13,1.2663519963,1.2710449737,1.2328123673,1.2023895709,1.2011424619,1.2127524124,1.1559587963,1.1953487527,1.1736206529,1.1722560122,1.0479034790,0.9139128211
2026-04-14,1.2810809541,1.2716539125,1.2336252241,1.2161554143,1.2020787877,1.2192209829,1.1690525969,1.2092518708,1.1728263723,1.1820062601,1.0576703758,0.9247570715
2026-04-15,1.2810809541,1.2716539125,1.2295641621,1.2134480203,1.1954834343,1.2192209829,1.1647150401,1.2092518708,1.1728263723,1.1820062601,1.0536199195,0.9216039183
2026-04-16,1.2810809541,1.2716539125,1.2345732055,1.2176638936,1.2036004412,1.2192209829,1.1714593079,1.2092518708,1.1728263723,1.1820062601,1.0666855879,0.9317065974
2026-04-17,1.2810809541,1.2716539125,1.2360928910,1.2191476021,1.2060697077,1.2192209829,1.1738383225,1.2092518708,1.1728263723,1.1820062601,1.0654859431,0.9301447736
2026-04-20,1.2810809541,1.2716539125,1.2355391460,1.2196510194,1.2051692156,1.2192209829,1.1746461690,1.2092518708,1.1728263723,1.1820062601,1.0710932110,0.9358039262
2026-04-21,1.2810809541,1.2716539125,1.2378230039,1.2223605743,1.2088820823,1.2192209829,1.1789954573,1.2092518708,1.1728263723,1.1820062601,1.0710886140,0.9378811126
2026-04-22,1.2810809541,1.2716539125,1.2415021698,1.2257271042,1.2148706575,1.2192209829,1.1844072857,1.2092518708,1.1728263723,1.1820062601,1.0755975710,0.9441028365
2026-04-23,1.2810809541,1.2716539125,1.2436070902,1.2295329907,1.2183036036,1.2192209829,1.1905365996,1.2092518708,1.1728263723,1.1820062601,1.0703463881,0.9414866832
2026-04-24,1.2810809541,1.2716539125,1.2414425037,1.2252404961,1.2147693637,1.2192209829,1.1836093463,1.2092518708,1.1728263723,1.1820062601,1.0640806964,0.9381505960
2026-04-27,1.2810809541,1.2716539125,1.2419584886,1.2253535903,1.2156108613,1.2192209829,1.1837914320,1.2092518708,1.1728263723,1.1820062601,1.0659828757,0.9384613872
2026-04-28,1.2810809541,1.2716539125,1.2441322697,1.2282519955,1.2191569702,1.2192209829,1.1884582581,1.2092518708,1.1728263723,1.1820062601,1.0624974650,0.9359553877
2026-04-29,1.2810809541,1.2716539125,1.2502673409,1.2330308693,1.2291768250,1.2192209829,1.1961649992,1.2092518708,1.1728263723,1.1820062601,1.0774422201,0.9462114953
2026-04-30,1.2810809541,1.2716539125,1.2487294908,1.2312412172,1.2266569776,1.2192209829,1.1932714258,1.2092518708,1.1728263723,1.1820062601,1.0785501743,0.9456135174
2026-05-06,1.2810809541,1.2716539125,1.2531114566,1.2359887504,1.2338311613,1.2192209829,1.2009399687,1.2092518708,1.1728263723,1.1820062601,1.0934209054,0.9593394705
2026-05-07,1.2810809541,1.2716539125,1.2500759947,1.2345991485,1.2288498973,1.2192209829,1.1986896402,1.2092518708,1.1728263723,1.1820062601,1.1007228453,0.9639462607
2026-05-08,1.2810809541,1.2716539125,1.2500690280,1.2347031947,1.2288384833,1.2192209829,1.1988580067,1.2092518708,1.1728263723,1.1820062601,1.1027548559,0.9583205476
2026-05-11,1.2810809541,1.2716539125,1.2542025438,1.2392045401,1.2356106736,1.2192209829,1.2061424482,1.2092518708,1.1728263723,1.1820062601,1.1102396512,0.9740430387
2026-05-12,1.2810809541,1.2716539125,1.2551758535,1.2412634415,1.2372088098,1.2192209829,1.2094823978,1.2092518708,1.1728263723,1.1820062601,1.1016162107,0.9732975333
2026-05-13,1.2810809541,1.2716539125,1.2569782077,1.2438484258,1.2401697342,1.2192209829,1.2136803960,1.2092518708,1.1728263723,1.1820062601,1.1088046528,0.9831897400
2026-05-14,1.2810809541,1.2716539125,1.2531453155,1.2403270691,1.2338670037,1.2192209829,1.2079538118,1.2092518708,1.1728263723,1.1820062601,1.0886735466,0.9667178095
2026-05-15,1.2797998732,1.2703822586,1.2479341614,1.2347003555,1.2261386742,1.2180017619,1.1996263061,1.2080426189,1.1716535459,1.1809424544,1.0772955619,0.9558971635
2026-05-18,1.2894641014,1.2762484853,1.2536967298,1.2440240211,1.2318005979,1.2225279288,1.2086851150,1.2125777105,1.1774275010,1.1885855357,1.0723628151,0.9507691097
2026-05-19,1.2994696249,1.2928527506,1.2700075919,1.2536769549,1.2478265866,1.2330001936,1.2180638385,1.2217018468,1.1892305813,1.1990694413,1.0778590661,0.9545772847
2026-05-20,1.3039769114,1.2917761178,1.2689499836,1.2580254068,1.2467874498,1.2399831846,1.2222887643,1.2301198115,1.1861282374,1.2071079038,1.0713988999,0.9541484716
2026-05-21,1.2523137714,1.2431787122,1.2212113111,1.2081828504,1.1998825453,1.1959456880,1.1738620820,1.1852248128,1.1499252733,1.1566151847,1.0468746261,0.9408513317
2026-05-22,1.2877915274,1.2800473544,1.2574284715,1.2424103877,1.2354671638,1.2434332285,1.2071173200,1.2288013649,1.1825523346,1.2018548053,1.0580742700,0.9530469334
2026-05-25,1.3103401947,1.3015540753,1.2785551612,1.2641644511,1.2562248705,1.2690225732,1.2282534172,1.2495749669,1.2117891600,1.2281318054,1.0617658129,0.9680947323
2026-05-26,1.2963671094,1.2902777268,1.2674780697,1.2506837705,1.2453412432,1.2565308620,1.2151556813,1.2398325709,1.2113576980,1.2122457950,1.0565933998,0.9732581927
2026-05-27,1.3032642227,1.2952703709,1.2723824921,1.2573378328,1.2501600086,1.2452087490,1.2216207222,1.2362688730,1.1968229808,1.2143104661,1.0425754175,0.9654530076
2026-05-28,1.3246535913,1.3166845637,1.2934182886,1.2779734506,1.2708284096,1.2752415867,1.2416701454,1.2635841347,1.2232376220,1.2382831662,1.0440226553,0.9666410952
2026-05-29,1.2944256547,1.2864535231,1.2637214410,1.2488107317,1.2416502250,1.2315872549,1.2133358498,1.2237290880,1.2053462428,1.1960068875,1.0358145777,0.9622959204
2026-06-01,1.2918451912,1.2724974600,1.2500119864,1.2463212025,1.2281802095,1.2066338498,1.2109170405,1.2008609423,1.1851766041,1.1738025190,1.0412685769,0.9528817027
2026-06-02,1.3079335098,1.2890890149,1.2663103627,1.2618425766,1.2441939305,1.2275723151,1.2259975000,1.2183549153,1.2012968623,1.2002723113,1.0374609450,0.9667099414
